scope_type,scope_value,benchmark_family,jobs,machines,model_type,distribution,params,n_params,loglik,aic,bic,gof_test,gof_stat,gof_pvalue
file,abz5,abz,10,10,discrete,discrete_uniform_minmax,"{""low"": 50, ""high"": 99}",2,-391.2023005428146,786.4046010856292,791.6149414576054,chi2_uniform_minmax_bins10,16.200000000000003,0.06282072061787963
file,abz5,abz,10,10,discrete,poisson,"{""mu"": 77.73}",1,-443.8643577740213,889.7287155480426,892.3338857340307,,,
file,abz5,abz,10,10,discrete,discrete_uniform_1_99,"{""low"": 1, ""high"": 99, ""fixed_support"": true}",0,-459.51198501345897,919.0239700269179,919.0239700269179,chi2_uniform_1_99_bins10,114.148,2.098656549314854e-20
file,abz5,abz,10,10,discrete,discrete_uniform_0_99,"{""low"": 0, ""high"": 99, ""fixed_support"": true}",0,-460.51701859880916,921.0340371976183,921.0340371976183,chi2_uniform_0_99_bins10,117.80000000000001,3.7665417269577704e-21
file,abz5,abz,10,10,discrete,discrete_uniform_1_100,"{""low"": 1, ""high"": 100, ""fixed_support"": true}",0,-460.51701859880916,921.0340371976183,921.0340371976183,chi2_uniform_1_100_bins10,108.79999999999998,2.5801800487439307e-19
file,abz5,abz,10,10,discrete,discrete_uniform_0_100,"{""low"": 0, ""high"": 100, ""fixed_support"": true}",0,-461.512051684126,923.024103368252,923.024103368252,chi2_uniform_0_100_bins10,110.88799999999999,9.696195544276909e-20
file,abz5,abz,10,10,continuous_exploratory,uniform,"[50.0, 49.0]",2,-389.18202981106265,782.3640596221253,787.5743999941014,KS_continuous,0.12795918367346937,0.06911923670358233
file,abz5,abz,10,10,continuous_exploratory,weibull_min,"[3.6552644915299553, 32.12472261549331, 50.73312181190614]",3,-406.5410586474075,819.082117294815,826.8976278527794,KS_continuous,0.1033367613137317,0.2202085781811839
file,abz5,abz,10,10,continuous_exploratory,norm,"[77.73, 14.345629996622666]",2,-408.2383899179592,820.4767798359184,825.6871202078945,KS_continuous,0.10163277627808598,0.23637945829152684
file,abz5,abz,10,10,continuous_exploratory,lognorm,"[1.910932372178783e-06, -7507059.72651707, 7507137.456503363]",3,-408.2384037937425,822.476807587485,830.2923181454494,KS_continuous,0.10163268589310526,0.23638033903230893
file,abz5,abz,10,10,continuous_exploratory,gamma,"[494.90682688750144, -242.64805171946455, 0.6472616349468909]",3,-408.4662984105487,822.9325968210974,830.7481073790617,KS_continuous,0.10059356600807079,0.24666876004282234
file,abz5,abz,10,10,continuous_exploratory,expon,"[50.0, 27.730000000000004]",2,-432.25148596276864,868.5029719255373,873.7133122975134,KS_continuous,0.22841516339057585,4.5548489928807665e-05
file,abz6,abz,10,10,discrete,discrete_uniform_minmax,"{""low"": 20, ""high"": 98}",2,-436.94478524670217,877.8895704934043,883.0999108653805,chi2_uniform_minmax_bins10,4.6326785714285705,0.8650819231790224
file,abz6,abz,10,10,discrete,discrete_uniform_1_99,"{""low"": 1, ""high"": 99, ""fixed_support"": true}",0,-459.51198501345897,919.0239700269179,919.0239700269179,chi2_uniform_1_99_bins10,24.443,0.003653238148849592
file,abz6,abz,10,10,discrete,discrete_uniform_1_100,"{""low"": 1, ""high"": 100, ""fixed_support"": true}",0,-460.51701859880916,921.0340371976183,921.0340371976183,chi2_uniform_1_100_bins10,24.8,0.0032005689647184804
file,abz6,abz,10,10,discrete,discrete_uniform_0_99,"{""low"": 0, ""high"": 99, ""fixed_support"": true}",0,-460.51701859880916,921.0340371976183,921.0340371976183,chi2_uniform_0_99_bins10,30.800000000000004,0.0003203461605300475
file,abz6,abz,10,10,discrete,discrete_uniform_0_100,"{""low"": 0, ""high"": 100, ""fixed_support"": true}",0,-461.512051684126,923.024103368252,923.024103368252,chi2_uniform_0_100_bins10,26.048,0.00200636810509302
file,abz6,abz,10,10,discrete,poisson,"{""mu"": 59.46}",1,-774.7145231176671,1551.4290462353342,1554.0342164213223,,,
file,abz6,abz,10,10,continuous_exploratory,uniform,"[20.0, 78.0]",2,-435.6708826689592,875.3417653379184,880.5521057098946,KS_continuous,0.055128205128205154,0.9049225380976892
file,abz6,abz,10,10,continuous_exploratory,weibull_min,"[2.9019117310424507, -0.29573361763608624, 67.22723662264963]",3,-454.09097597984714,914.1819519596943,921.9974625176586,KS_continuous,0.1007908543008823,0.24469025950211631
file,abz6,abz,10,10,continuous_exploratory,norm,"[59.46, 23.153150973463635]",2,-456.10694156393674,916.2138831278735,921.4242234998496,KS_continuous,0.09894800316548669,0.26363426127600875
file,abz6,abz,10,10,continuous_exploratory,lognorm,"[1.3800322085764892e-06, -16777195.999999985, 16777255.459984012]",3,-456.10694990271344,918.2138998054269,926.0294103633912,KS_continuous,0.09894810605764592,0.26363317447925816
file,abz6,abz,10,10,continuous_exploratory,gamma,"[616.002269788627, -517.0471062825814, 0.9359345714033007]",3,-456.2738892264019,918.5477784528038,926.3632890107681,KS_continuous,0.10021487937379614,0.2504995775037536
file,abz6,abz,10,10,continuous_exploratory,expon,"[20.0, 39.46]",2,-467.52875005944696,939.0575001188939,944.2678404908701,KS_continuous,0.18257727239477223,0.0021726949483276137
file,abz7,abz,20,15,discrete,discrete_uniform_minmax,"{""low"": 11, ""high"": 40}",2,-1020.3592144986467,2044.7184289972934,2052.125993946606,chi2_uniform_minmax_bins10,10.799999999999999,0.2896674903884789
file,abz7,abz,20,15,discrete,poisson,"{""mu"": 24.553333333333335}",1,-1161.1001426313132,2324.2002852626265,2327.9040677372827,,,
file,abz7,abz,20,15,discrete,discrete_uniform_1_99,"{""low"": 1, ""high"": 99, ""fixed_support"": true}",0,-1378.5359550403768,2757.0719100807537,2757.0719100807537,chi2_uniform_1_99_bins10,712.2419999999998,1.6137615313628928e-147
file,abz7,abz,20,15,discrete,discrete_uniform_0_99,"{""low"": 0, ""high"": 99, ""fixed_support"": true}",0,-1381.5510557964276,2763.102111592855,2763.102111592855,chi2_uniform_0_99_bins10,678.4666666666666,2.9405358253415675e-140
file,abz7,abz,20,15,discrete,discrete_uniform_1_100,"{""low"": 1, ""high"": 100, ""fixed_support"": true}",0,-1381.5510557964276,2763.102111592855,2763.102111592855,chi2_uniform_1_100_bins10,722.4666666666667,1.0213776836501113e-149
file,abz7,abz,20,15,discrete,discrete_uniform_0_100,"{""low"": 0, ""high"": 100, ""fixed_support"": true}",0,-1384.5361550523778,2769.0723101047556,2769.0723101047556,chi2_uniform_0_100_bins10,732.6913333333331,6.459971279461682e-152
file,abz7,abz,20,15,continuous_exploratory,uniform,"[11.0, 29.0]",2,-1010.1887489959422,2024.3774979918844,2031.7850629411969,KS_continuous,0.08931034482758615,0.01565005381703675
file,abz7,abz,20,15,continuous_exploratory,weibull_min,"[1.9608617295797366, 9.161778948734678, 17.34292112608499]",3,-1043.6793084365656,2093.3586168731313,2104.4699642971,KS_continuous,0.08575621804107048,0.022809706257860607
file,abz7,abz,20,15,continuous_exploratory,gamma,"[47.27201419128835, -31.15000131228082, 1.1777214682553514]",3,-1052.9465610572506,2111.8931221145012,2123.00446953847,KS_continuous,0.07008001427651533,0.10010773173419651
file,abz7,abz,20,15,continuous_exploratory,lognorm,"[0.14367555553060438, -32.377679109093755, 56.34890921142296]",3,-1053.09114243047,2112.18228486094,2123.2936322849087,KS_continuous,0.07555399772509441,0.061779940467303396
file,abz7,abz,20,15,continuous_exploratory,norm,"[24.553333333333335, 8.139645091908013]",2,-1054.7055335297673,2113.4110670595346,2120.818632008847,KS_continuous,0.07211318785260978,0.08403315705113801
file,abz7,abz,20,15,continuous_exploratory,expon,"[11.0, 13.553333333333335]",2,-1081.9897558596274,2167.979511719255,2175.3870766685673,KS_continuous,0.1752342240658919,1.580532164401037e-08
file,abz8,abz,20,15,discrete,discrete_uniform_minmax,"{""low"": 11, ""high"": 40}",2,-1020.3592144986467,2044.7184289972934,2052.125993946606,chi2_uniform_minmax_bins10,6.666666666666665,0.6717790228951865
file,abz8,abz,20,15,discrete,poisson,"{""mu"": 25.286666666666665}",1,-1229.3047716400758,2460.6095432801517,2464.313325754808,,,
file,abz8,abz,20,15,discrete,discrete_uniform_1_99,"{""low"": 1, ""high"": 99, ""fixed_support"": true}",0,-1378.5359550403768,2757.0719100807537,2757.0719100807537,chi2_uniform_1_99_bins10,693.762,1.5166130876992013e-143
file,abz8,abz,20,15,discrete,discrete_uniform_0_99,"{""low"": 0, ""high"": 99, ""fixed_support"": true}",0,-1381.5510557964276,2763.102111592855,2763.102111592855,chi2_uniform_0_99_bins10,638.2,1.3167551709356496e-131
file,abz8,abz,20,15,discrete,discrete_uniform_1_100,"{""low"": 1, ""high"": 100, ""fixed_support"": true}",0,-1381.5510557964276,2763.102111592855,2763.102111592855,chi2_uniform_1_100_bins10,703.8,1.0542015961100349e-145
file,abz8,abz,20,15,discrete,discrete_uniform_0_100,"{""low"": 0, ""high"": 100, ""fixed_support"": true}",0,-1384.5361550523778,2769.0723101047556,2769.0723101047556,chi2_uniform_0_100_bins10,713.8379999999999,7.322595942226164e-148
file,abz8,abz,20,15,continuous_exploratory,uniform,"[11.0, 29.0]",2,-1010.1887489959422,2024.3774979918844,2031.7850629411969,KS_continuous,0.048850574712643674,0.45689631081295135
file,abz8,abz,20,15,continuous_exploratory,weibull_min,"[2.028001946168238, 8.163428544103246, 19.317663881535637]",3,-1069.541255587146,2145.082511174292,2156.1938585982607,KS_continuous,0.09107044831994349,0.012913175508966018
file,abz8,abz,20,15,continuous_exploratory,norm,"[25.286666666666665, 8.831637573079085]",2,-1079.183695872186,2162.367391744372,2169.7749566936845,KS_continuous,0.0850497826636224,0.024538506354885525
file,abz8,abz,20,15,continuous_exploratory,lognorm,"[0.06971158583219922, -101.5926233924682, 126.57172093850846]",3,-1078.9076681695906,2163.815336339181,2174.92668376315,KS_continuous,0.08416470609871696,0.02686750635486701
file,abz8,abz,20,15,continuous_exploratory,gamma,"[1086.2613540947866, -265.6739493146233, 0.2678476895317252]",3,-1079.031518873224,2164.063037746448,2175.174385170417,KS_continuous,0.08332644352384413,0.029251213937645848
file,abz8,abz,20,15,continuous_exploratory,expon,"[11.0, 14.286666666666665]",2,-1097.7980104131966,2199.596020826393,2207.0035857757057,KS_continuous,0.15543627870302812,8.521930061934808e-07
file,abz9,abz,20,15,discrete,discrete_uniform_minmax,"{""low"": 11, ""high"": 40}",2,-1020.3592144986467,2044.7184289972934,2052.125993946606,chi2_uniform_minmax_bins10,6.466666666666667,0.6924550289792661
file,abz9,abz,20,15,discrete,poisson,"{""mu"": 24.80666666666667}",1,-1231.3697760645975,2464.739552129195,2468.4433346038513,,,
file,abz9,abz,20,15,discrete,discrete_uniform_1_99,"{""low"": 1, ""high"": 99, ""fixed_support"": true}",0,-1378.5359550403768,2757.0719100807537,2757.0719100807537,chi2_uniform_1_99_bins10,698.7779999999999,1.2664357225266478e-144
file,abz9,abz,20,15,discrete,discrete_uniform_0_99,"{""low"": 0, ""high"": 99, ""fixed_support"": true}",0,-1381.5510557964276,2763.102111592855,2763.102111592855,chi2_uniform_0_99_bins10,618.3333333333333,2.4298595348921264e-127
file,abz9,abz,20,15,discrete,discrete_uniform_1_100,"{""low"": 1, ""high"": 100, ""fixed_support"": true}",0,-1381.5510557964276,2763.102111592855,2763.102111592855,chi2_uniform_1_100_bins10,708.8666666666667,8.581901010180508e-147
file,abz9,abz,20,15,discrete,discrete_uniform_0_100,"{""low"": 0, ""high"": 100, ""fixed_support"": true}",0,-1384.5361550523778,2769.0723101047556,2769.0723101047556,chi2_uniform_0_100_bins10,718.9553333333331,5.8113586667936705e-149
file,abz9,abz,20,15,continuous_exploratory,uniform,"[11.0, 29.0]",2,-1010.1887489959422,2024.3774979918844,2031.7850629411969,KS_continuous,0.0731034482758621,0.07702613962542282
file,abz9,abz,20,15,continuous_exploratory,weibull_min,"[1.8529460325941263, 8.833693452447452, 17.949165283678106]",3,-1066.8280032398347,2139.6560064796695,2150.767353903638,KS_continuous,0.09753379878604729,0.006172645210178548
file,abz9,abz,20,15,continuous_exploratory,norm,"[24.80666666666667, 8.79484444938561]",2,-1077.9312674947803,2159.8625349895606,2167.270099938873,KS_continuous,0.09263311965496862,0.010852939279713732
file,abz9,abz,20,15,continuous_exploratory,lognorm,"[0.07574569897316483, -91.51953049206507, 115.99343471304519]",3,-1077.6295529913623,2161.2591059827246,2172.3704534066933,KS_continuous,0.09038153286176037,0.013928457130238735
file,abz9,abz,20,15,continuous_exploratory,gamma,"[1006.9581187161816, -254.1092997762081, 0.27699112306872287]",3,-1077.7693542209988,2161.5387084419976,2172.6500558659664,KS_continuous,0.09228549282175208,0.011283684136570282
file,abz9,abz,20,15,continuous_exploratory,expon,"[11.0, 13.806666666666668]",2,-1087.5454701897986,2179.090940379597,2186.4985053289097,KS_continuous,0.15919326735577133,4.151314829574186e-07
file,ft06,ft,6,6,discrete,discrete_uniform_minmax,"{""low"": 1, ""high"": 10}",2,-82.89306334778566,169.7861266955713,172.95316457248353,chi2_uniform_minmax_bins10,10.11111111111111,0.34156529600304
file,ft06,ft,6,6,discrete,poisson,"{""mu"": 5.472222222222222}",1,-89.78917244416508,181.57834488833015,183.16186382678626,,,
file,ft06,ft,6,6,discrete,discrete_uniform_1_99,"{""low"": 1, ""high"": 99, ""fixed_support"": true}",0,-165.42431460484522,330.84862920969044,330.84862920969044,chi2_uniform_1_99_bins10,320.40000000000003,1.2196379961839127e-63
file,ft06,ft,6,6,discrete,discrete_uniform_0_99,"{""low"": 0, ""high"": 99, ""fixed_support"": true}",0,-165.7861266955713,331.5722533911426,331.5722533911426,chi2_uniform_0_99_bins10,252.88888888888886,2.4489071863354265e-49
file,ft06,ft,6,6,discrete,discrete_uniform_1_100,"{""low"": 1, ""high"": 100, ""fixed_support"": true}",0,-165.7861266955713,331.5722533911426,331.5722533911426,chi2_uniform_1_100_bins10,324.0,2.095937084683318e-64
file,ft06,ft,6,6,discrete,discrete_uniform_0_100,"{""low"": 0, ""high"": 100, ""fixed_support"": true}",0,-166.14433860628534,332.2886772125707,332.2886772125707,chi2_uniform_0_100_bins10,294.54545454545456,3.744763756916522e-58
file,ft06,ft,6,6,continuous_exploratory,lognorm,"[11.803064275830508, 0.9999999999999998, 0.067836495147008]",3,-43.07913946823311,92.15827893646622,96.90883575183454,KS_continuous,0.5017134455812584,6.574959348088973e-09
file,ft06,ft,6,6,continuous_exploratory,uniform,"[1.0, 9.0]",2,-79.10008478410388,162.20016956820777,165.36720744512,KS_continuous,0.13888888888888895,0.45065901211572934
file,ft06,ft,6,6,continuous_exploratory,weibull_min,"[2.0619429803233205, -0.09843385644483285, 6.2861276149714085]",3,-87.36413779966118,180.72827559932236,185.4788324146907,KS_continuous,0.12029140858632492,0.6313425550823083
file,ft06,ft,6,6,continuous_exploratory,norm,"[5.472222222222222, 2.8331971644838814]",2,-88.57239650222436,181.14479300444873,184.31183088136095,KS_continuous,0.149520317519095,0.360580421290027
file,ft06,ft,6,6,continuous_exploratory,gamma,"[30.577372896880462, -10.074596082733976, 0.5075052507677298]",3,-88.30544947255875,182.6108989451175,187.36145576048582,KS_continuous,0.12801556591643692,0.5537377695066907
file,ft06,ft,6,6,continuous_exploratory,expon,"[1.0, 4.472222222222222]",2,-89.92387535502071,183.84775071004142,187.01478858695364,KS_continuous,0.24947605382024507,0.01845294144839249
file,ft10,ft,10,10,discrete,discrete_uniform_1_99,"{""low"": 1, ""high"": 99, ""fixed_support"": true}",0,-459.51198501345897,919.0239700269179,919.0239700269179,chi2_uniform_1_99_bins10,9.373000000000001,0.4035793829315888
file,ft10,ft,10,10,discrete,discrete_uniform_minmax,"{""low"": 2, ""high"": 99}",2,-458.49674786705725,920.9934957341145,926.2038361060906,chi2_uniform_minmax_bins10,9.54222222222222,0.38879825572497195
file,ft10,ft,10,10,discrete,discrete_uniform_1_100,"{""low"": 1, ""high"": 100, ""fixed_support"": true}",0,-460.51701859880916,921.0340371976183,921.0340371976183,chi2_uniform_1_100_bins10,10.200000000000001,0.334538151634006
file,ft10,ft,10,10,discrete,discrete_uniform_0_99,"{""low"": 0, ""high"": 99, ""fixed_support"": true}",0,-460.51701859880916,921.0340371976183,921.0340371976183,chi2_uniform_0_99_bins10,7.800000000000001,0.5544204358728566
file,ft10,ft,10,10,discrete,discrete_uniform_0_100,"{""low"": 0, ""high"": 100, ""fixed_support"": true}",0,-461.512051684126,923.024103368252,923.024103368252,chi2_uniform_0_100_bins10,10.852090909090911,0.28598381517985494
file,ft10,ft,10,10,discrete,poisson,"{""mu"": 51.09}",1,-1092.6695563744343,2187.3391127488685,2189.944282934857,,,
file,ft10,ft,10,10,continuous_exploratory,uniform,"[2.0, 97.0]",2,-457.4710978503383,918.9421957006766,924.1525360726528,KS_continuous,0.05268041237113402,0.9303420196187301
file,ft10,ft,10,10,continuous_exploratory,weibull_min,"[2.455925300848957, -10.110731037363003, 69.12568095869523]",3,-469.74900568359203,945.4980113671841,953.3135219251484,KS_continuous,0.10163593053342768,0.23634872373463522
file,ft10,ft,10,10,continuous_exploratory,norm,"[51.09, 27.146305457649294]",2,-472.01794914170983,948.0358982834197,953.2462386553958,KS_continuous,0.09529552234242977,0.3042868477401329
file,ft10,ft,10,10,continuous_exploratory,lognorm,"[6.472108133077611e-06, -4194302.0, 4194353.089912153]",3,-472.01795388854435,950.0359077770887,957.851418335053,KS_continuous,0.09529609874859035,0.3042801033035072
file,ft10,ft,10,10,continuous_exploratory,gamma,"[19691.237992513386, -3758.096776375285, 0.19344571801353727]",3,-472.0216446215954,950.0432892431908,957.8587998011551,KS_continuous,0.09574676760049872,0.29903878479800516
file,ft10,ft,10,10,continuous_exploratory,expon,"[2.0, 49.09]",2,-489.36553480699604,982.7310696139921,987.9414099859682,KS_continuous,0.19621256755685434,0.0007550356672979541
file,ft20,ft,20,5,discrete,discrete_uniform_1_99,"{""low"": 1, ""high"": 99, ""fixed_support"": true}",0,-459.51198501345897,919.0239700269179,919.0239700269179,chi2_uniform_1_99_bins10,9.373000000000001,0.4035793829315888
file,ft20,ft,20,5,discrete,discrete_uniform_minmax,"{""low"": 2, ""high"": 99}",2,-458.49674786705725,920.9934957341145,926.2038361060906,chi2_uniform_minmax_bins10,9.54222222222222,0.38879825572497195
file,ft20,ft,20,5,discrete,discrete_uniform_1_100,"{""low"": 1, ""high"": 100, ""fixed_support"": true}",0,-460.51701859880916,921.0340371976183,921.0340371976183,chi2_uniform_1_100_bins10,10.200000000000001,0.334538151634006
file,ft20,ft,20,5,discrete,discrete_uniform_0_99,"{""low"": 0, ""high"": 99, ""fixed_support"": true}",0,-460.51701859880916,921.0340371976183,921.0340371976183,chi2_uniform_0_99_bins10,7.800000000000001,0.5544204358728566
file,ft20,ft,20,5,discrete,discrete_uniform_0_100,"{""low"": 0, ""high"": 100, ""fixed_support"": true}",0,-461.512051684126,923.024103368252,923.024103368252,chi2_uniform_0_100_bins10,10.852090909090911,0.28598381517985494
file,ft20,ft,20,5,discrete,poisson,"{""mu"": 51.09}",1,-1092.6695563744343,2187.3391127488685,2189.944282934857,,,
file,ft20,ft,20,5,continuous_exploratory,uniform,"[2.0, 97.0]",2,-457.4710978503383,918.9421957006766,924.1525360726528,KS_continuous,0.05268041237113402,0.9303420196187301
file,ft20,ft,20,5,continuous_exploratory,weibull_min,"[2.455925300848957, -10.110731037363003, 69.12568095869523]",3,-469.7490056835921,945.4980113671842,953.3135219251485,KS_continuous,0.10163593053342768,0.23634872373463522
file,ft20,ft,20,5,continuous_exploratory,norm,"[51.09, 27.146305457649298]",2,-472.01794914170983,948.0358982834197,953.2462386553958,KS_continuous,0.09529552234242977,0.3042868477401329
file,ft20,ft,20,5,continuous_exploratory,lognorm,"[2.588752727997691e-05, -1048573.9999999983, 1048625.0896486228]",3,-472.0179681387834,950.0359362775667,957.8514468355311,KS_continuous,0.09529782782133434,0.30425987232404184
file,ft20,ft,20,5,continuous_exploratory,gamma,"[19615.62357044751, -3751.3824930492265, 0.19384919435094972]",3,-472.0216511707079,950.0433023414158,957.8588128993802,KS_continuous,0.09569696653681414,0.29961484602274424
file,ft20,ft,20,5,continuous_exploratory,expon,"[2.0, 49.09]",2,-489.3655348069961,982.7310696139922,987.9414099859683,KS_continuous,0.19621256755685434,0.0007550356672979541
file,la01,la,10,5,discrete,discrete_uniform_minmax,"{""low"": 12, ""high"": 98}",2,-223.29540593272918,450.59081186545836,454.41485787631467,chi2_uniform_minmax_bins10,4.544166666666666,0.8720991789506132
file,la01,la,10,5,discrete,discrete_uniform_1_99,"{""low"": 1, ""high"": 99, ""fixed_support"": true}",0,-229.75599250672948,459.51198501345897,459.51198501345897,chi2_uniform_1_99_bins10,9.796000000000001,0.3672513430949404
file,la01,la,10,5,discrete,discrete_uniform_1_100,"{""low"": 1, ""high"": 100, ""fixed_support"": true}",0,-230.25850929940458,460.51701859880916,460.51701859880916,chi2_uniform_1_100_bins10,9.6,0.3838265173713841
file,la01,la,10,5,discrete,discrete_uniform_0_99,"{""low"": 0, ""high"": 99, ""fixed_support"": true}",0,-230.25850929940458,460.51701859880916,460.51701859880916,chi2_uniform_0_99_bins10,9.2,0.41902116661019306
file,la01,la,10,5,discrete,discrete_uniform_0_100,"{""low"": 0, ""high"": 100, ""fixed_support"": true}",0,-230.756025842063,461.512051684126,461.512051684126,chi2_uniform_0_100_bins10,10.196,0.3348522861942462
file,la01,la,10,5,discrete,poisson,"{""mu"": 56.98}",1,-450.7141167389652,903.4282334779303,905.3402564833585,,,
file,la01,la,10,5,continuous_exploratory,uniform,"[12.0, 86.0]",2,-222.71736481267538,449.43472962535077,453.2587756362071,KS_continuous,0.09581395348837207,0.7121730627586307
file,la01,la,10,5,continuous_exploratory,weibull_min,"[2.5308846841999744, -1.621612391454894, 66.17312767519763]",3,-231.5855955346175,469.171191069235,474.90726008551945,KS_continuous,0.1270934210904494,0.3636973713287367
file,la01,la,10,5,continuous_exploratory,norm,"[56.98, 25.40825849994446]",2,-232.70063960882072,469.40127921764145,473.22532522849775,KS_continuous,0.12463198986743207,0.3871664482023617
file,la01,la,10,5,continuous_exploratory,lognorm,"[2.65007772534108e-05, -958717.7435285444, 958774.7231918745]",3,-232.70067281781655,471.4013456356331,477.13741465191754,KS_continuous,0.12463330619707291,0.3871536521462169
file,la01,la,10,5,continuous_exploratory,gamma,"[2019.0796404210814, -1085.5439599477163, 0.5658563185841723]",3,-232.71990202509392,471.43980405018783,477.17587306647226,KS_continuous,0.12547310891651564,0.3790430943303019
file,la01,la,10,5,continuous_exploratory,expon,"[12.0, 44.98]",2,-240.3108973265585,484.621794653117,488.4458406639733,KS_continuous,0.1868258381513721,0.05314895342114179
file,la02,la,10,5,discrete,discrete_uniform_minmax,"{""low"": 12, ""high"": 99}",2,-223.86684072391034,451.7336814478207,455.557727458677,chi2_uniform_minmax_bins10,6.637777777777776,0.6747735092598124
file,la02,la,10,5,discrete,discrete_uniform_1_99,"{""low"": 1, ""high"": 99, ""fixed_support"": true}",0,-229.75599250672948,459.51198501345897,459.51198501345897,chi2_uniform_1_99_bins10,15.494000000000002,0.07823007397933579
file,la02,la,10,5,discrete,discrete_uniform_1_100,"{""low"": 1, ""high"": 100, ""fixed_support"": true}",0,-230.25850929940458,460.51701859880916,460.51701859880916,chi2_uniform_1_100_bins10,15.6,0.07571926316863387
file,la02,la,10,5,discrete,discrete_uniform_0_99,"{""low"": 0, ""high"": 99, ""fixed_support"": true}",0,-230.25850929940458,460.51701859880916,460.51701859880916,chi2_uniform_0_99_bins10,9.2,0.41902116661019306
file,la02,la,10,5,discrete,discrete_uniform_0_100,"{""low"": 0, ""high"": 100, ""fixed_support"": true}",0,-230.756025842063,461.512051684126,461.512051684126,chi2_uniform_0_100_bins10,16.256000000000004,0.061724306302049524
file,la02,la,10,5,discrete,poisson,"{""mu"": 52.86}",1,-503.71602177678017,1009.4320435535603,1011.3440665589885,,,
file,la02,la,10,5,continuous_exploratory,uniform,"[12.0, 87.0]",2,-223.29540593272918,450.59081186545836,454.41485787631467,KS_continuous,0.1160919540229885,0.4753983641588231
file,la02,la,10,5,continuous_exploratory,weibull_min,"[1.515071473190539, 10.236124748979616, 47.03400011453508]",3,-232.3876603609364,470.7753207218728,476.5113897381572,KS_continuous,0.1193129436499657,0.44093992737981125
file,la02,la,10,5,continuous_exploratory,expon,"[12.0, 40.86]",2,-235.5075794694738,475.0151589389476,478.8392049498039,KS_continuous,0.15408896932917826,0.16747001421184515
file,la02,la,10,5,continuous_exploratory,norm,"[52.86, 26.944394593310125]",2,-235.6356908049544,475.2713816099088,479.0954276207651,KS_continuous,0.12190280837769657,0.41424899482685607
file,la02,la,10,5,continuous_exploratory,gamma,"[22.053365808840077, -72.99844320956105, 5.691675401023275]",3,-235.0751578302285,476.150315660457,481.88638467674144,KS_continuous,0.11932783179496273,0.4407838304121562
file,la02,la,10,5,continuous_exploratory,lognorm,"[0.27773922532946016, -46.78852794340084, 95.94987473923588]",3,-235.08459031349497,476.16918062698994,481.9052496432744,KS_continuous,0.11898649626532909,0.4443701685859438
file,la03,la,10,5,discrete,discrete_uniform_minmax,"{""low"": 7, ""high"": 91}",2,-222.13256282451584,448.2651256490317,452.089171659888,chi2_uniform_minmax_bins10,11.719444444444441,0.22959172033975708
file,la03,la,10,5,discrete,discrete_uniform_1_99,"{""low"": 1, ""high"": 99, ""fixed_support"": true}",0,-229.75599250672948,459.51198501345897,459.51198501345897,chi2_uniform_1_99_bins10,11.402000000000001,0.24915673255374135
file,la03,la,10,5,discrete,discrete_uniform_1_100,"{""low"": 1, ""high"": 100, ""fixed_support"": true}",0,-230.25850929940458,460.51701859880916,460.51701859880916,chi2_uniform_1_100_bins10,12.0,0.21330930508341653
file,la03,la,10,5,discrete,discrete_uniform_0_99,"{""low"": 0, ""high"": 99, ""fixed_support"": true}",0,-230.25850929940458,460.51701859880916,460.51701859880916,chi2_uniform_0_99_bins10,14.0,0.12232522803866251
file,la03,la,10,5,discrete,discrete_uniform_0_100,"{""low"": 0, ""high"": 100, ""fixed_support"": true}",0,-230.756025842063,461.512051684126,461.512051684126,chi2_uniform_0_100_bins10,12.32618181818182,0.19553904111390844
file,la03,la,10,5,discrete,poisson,"{""mu"": 47.66}",1,-504.26217087133097,1010.5243417426619,1012.4363647480901,,,
file,la03,la,10,5,continuous_exploratory,uniform,"[7.0, 84.0]",2,-221.5408399421657,447.0816798843314,450.9057258951877,KS_continuous,0.08476190476190482,0.8353689309745024
file,la03,la,10,5,continuous_exploratory,weibull_min,"[2.1192489539234813, -2.8253742928971626, 57.00445383669423]",3,-230.73762556414295,467.4752511282859,473.2113201445703,KS_continuous,0.10176737272245484,0.6411487073754409
file,la03,la,10,5,continuous_exploratory,norm,"[47.66, 25.156001272062298]",2,-232.20175102264415,468.4035020452883,472.2275480561446,KS_continuous,0.09358585574095346,0.7383048176050824
file,la03,la,10,5,continuous_exploratory,lognorm,"[0.06913084209118346, -316.6909596637504, 363.48227519769097]",3,-232.14573798340672,470.29147596681344,476.02754498309787,KS_continuous,0.09030446068144471,0.7758552737243417
file,la03,la,10,5,continuous_exploratory,gamma,"[658.1711742898065, -597.2089249086926, 0.9797563025840832]",3,-232.16362401715406,470.3272480343081,476.06331705059256,KS_continuous,0.09269160437644786,0.7486650785824716
file,la03,la,10,5,continuous_exploratory,expon,"[7.0, 40.66]",2,-235.26224041001,474.52448082002,478.3485268308763,KS_continuous,0.1818476498426807,0.06420238019675895
file,la04,la,10,5,discrete,discrete_uniform_minmax,"{""low"": 5, ""high"": 98}",2,-227.1647391135002,458.3294782270004,462.1535242378567,chi2_uniform_minmax_bins10,17.763555555555552,0.03801794280081313
file,la04,la,10,5,discrete,discrete_uniform_1_99,"{""low"": 1, ""high"": 99, ""fixed_support"": true}",0,-229.75599250672948,459.51198501345897,459.51198501345897,chi2_uniform_1_99_bins10,15.098,0.08827901971383131
file,la04,la,10,5,discrete,discrete_uniform_1_100,"{""low"": 1, ""high"": 100, ""fixed_support"": true}",0,-230.25850929940458,460.51701859880916,460.51701859880916,chi2_uniform_1_100_bins10,15.200000000000003,0.08558679062301319
file,la04,la,10,5,discrete,discrete_uniform_0_99,"{""low"": 0, ""high"": 99, ""fixed_support"": true}",0,-230.25850929940458,460.51701859880916,460.51701859880916,chi2_uniform_0_99_bins10,10.0,0.35048521232336116
file,la04,la,10,5,discrete,discrete_uniform_0_100,"{""low"": 0, ""high"": 100, ""fixed_support"": true}",0,-230.756025842063,461.512051684126,461.512051684126,chi2_uniform_0_100_bins10,14.952181818181819,0.0922578623574054
file,la04,la,10,5,discrete,poisson,"{""mu"": 50.14}",1,-727.8728504432686,1457.7457008865372,1459.6577238919654,,,
file,la04,la,10,5,continuous_exploratory,uniform,"[5.0, 93.0]",2,-226.62997465766284,457.2599493153257,461.083995326182,KS_continuous,0.1879569892473118,0.05087869841610626
file,la04,la,10,5,continuous_exploratory,expon,"[5.0, 45.14]",2,-240.48843856946948,484.97687713893896,488.80092314979527,KS_continuous,0.22697102369427785,0.009571764234187041
file,la04,la,10,5,continuous_exploratory,weibull_min,"[1.1047843491007339, 4.842523939274925, 46.69963125060267]",3,-240.34709398930912,486.69418797861823,492.43025699490266,KS_continuous,0.21608570471379046,0.015758300088193233
file,la04,la,10,5,continuous_exploratory,norm,"[50.14, 32.00875505232904]",2,-244.24739969846448,492.49479939692895,496.31884540778526,KS_continuous,0.178687855171501,0.07218858101328052
file,la04,la,10,5,continuous_exploratory,lognorm,"[1.920854187871019e-05, -1666332.1872667556, 1666382.3269593343]",3,-244.2474304103787,494.4948608207574,500.23092983704186,KS_continuous,0.17868727428352604,0.07219012311134065
file,la04,la,10,5,continuous_exploratory,gamma,"[1366.5336128391923, -1134.2088586086668, 0.8666492388635583]",3,-244.27430025271082,494.54860050542163,500.28466952170606,KS_continuous,0.17772280935068008,0.07478922801270549
file,la05,la,10,5,discrete,discrete_uniform_minmax,"{""low"": 5, ""high"": 97}",2,-226.6299746576628,457.2599493153256,461.08399532618193,chi2_uniform_minmax_bins10,5.531333333333333,0.7857521839515926
file,la05,la,10,5,discrete,discrete_uniform_1_99,"{""low"": 1, ""high"": 99, ""fixed_support"": true}",0,-229.75599250672948,459.51198501345897,459.51198501345897,chi2_uniform_1_99_bins10,9.488000000000001,0.39349898620149737
file,la05,la,10,5,discrete,discrete_uniform_1_100,"{""low"": 1, ""high"": 100, ""fixed_support"": true}",0,-230.25850929940458,460.51701859880916,460.51701859880916,chi2_uniform_1_100_bins10,10.0,0.35048521232336116
file,la05,la,10,5,discrete,discrete_uniform_0_99,"{""low"": 0, ""high"": 99, ""fixed_support"": true}",0,-230.25850929940458,460.51701859880916,460.51701859880916,chi2_uniform_0_99_bins10,9.6,0.3838265173713841
file,la05,la,10,5,discrete,discrete_uniform_0_100,"{""low"": 0, ""high"": 100, ""fixed_support"": true}",0,-230.756025842063,461.512051684126,461.512051684126,chi2_uniform_0_100_bins10,10.434727272727272,0.31645055620997714
file,la05,la,10,5,discrete,poisson,"{""mu"": 45.66}",1,-501.9710858098033,1005.9421716196066,1007.8541946250348,,,
file,la05,la,10,5,continuous_exploratory,uniform,"[5.0, 92.0]",2,-226.08942885245204,456.1788577049041,460.0029037157604,KS_continuous,0.15652173913043477,0.15496712799313184
file,la05,la,10,5,continuous_exploratory,weibull_min,"[1.8614794240161614, 0.13774449238281267, 51.196171213201715]",3,-229.59208520159748,465.18417040319497,470.9202394194794,KS_continuous,0.05982151392765145,0.9892802732138273
file,la05,la,10,5,continuous_exploratory,gamma,"[4.657735826756621, -10.962707994818478, 12.156703064809495]",3,-230.5293544623604,467.0587089247208,472.79477794100524,KS_continuous,0.06153575688730517,0.9854757097778101
file,la05,la,10,5,continuous_exploratory,lognorm,"[0.2704418856839018, -48.308333707828325, 90.63384993339328]",3,-230.9034125958357,467.8068251916714,473.54289420795584,KS_continuous,0.06528605935121701,0.9740197512628663
file,la05,la,10,5,continuous_exploratory,norm,"[45.66, 25.13850433100585]",2,-232.1669620500665,468.333924100133,472.1579701109893,KS_continuous,0.08906972482238923,0.789601574694864
file,la05,la,10,5,continuous_exploratory,expon,"[5.0, 40.66]",2,-235.26224041001004,474.5244808200201,478.3485268308764,KS_continuous,0.17769725681946652,0.07485914906958713
file,la06,la,15,5,discrete,discrete_uniform_minmax,"{""low"": 7, ""high"": 98}",2,-339.13414327867804,682.2682865573561,686.9032627844286,chi2_uniform_minmax_bins10,6.5051851851851845,0.6884841269165619
file,la06,la,15,5,discrete,discrete_uniform_1_99,"{""low"": 1, ""high"": 99, ""fixed_support"": true}",0,-344.6339887600942,689.2679775201884,689.2679775201884,chi2_uniform_1_99_bins10,7.896000000000001,0.5446600285317429
file,la06,la,15,5,discrete,discrete_uniform_1_100,"{""low"": 1, ""high"": 100, ""fixed_support"": true}",0,-345.3877639491069,690.7755278982138,690.7755278982138,chi2_uniform_1_100_bins10,7.533333333333333,0.5817695222593386
file,la06,la,15,5,discrete,discrete_uniform_0_99,"{""low"": 0, ""high"": 99, ""fixed_support"": true}",0,-345.3877639491069,690.7755278982138,690.7755278982138,chi2_uniform_0_99_bins10,6.7333333333333325,0.664860735926295
file,la06,la,15,5,discrete,discrete_uniform_0_100,"{""low"": 0, ""high"": 100, ""fixed_support"": true}",0,-346.13403876309445,692.2680775261889,692.2680775261889,chi2_uniform_0_100_bins10,8.162787878787876,0.5178281446300099
file,la06,la,15,5,discrete,poisson,"{""mu"": 53.22666666666667}",1,-745.562679660717,1493.125359321434,1495.4428474349702,,,
file,la06,la,15,5,continuous_exploratory,uniform,"[7.0, 91.0]",2,-338.3144629887638,680.6289259775276,685.2639022046002,KS_continuous,0.05670329670329671,0.9581544788279965
file,la06,la,15,5,continuous_exploratory,weibull_min,"[2.278750813066317, -2.881455611338172, 63.394173019153556]",3,-349.8882001143764,705.7764002287528,712.7288645693617,KS_continuous,0.10444687835178035,0.3613693718732617
file,la06,la,15,5,continuous_exploratory,norm,"[53.22666666666667, 26.382607065177535]",2,-351.87326272115877,707.7465254423175,712.3815016693901,KS_continuous,0.10206352214018144,0.389149528904134
file,la06,la,15,5,continuous_exploratory,lognorm,"[0.07809119631902549, -285.1483968074862, 337.34623561454737]",3,-351.7627792382721,709.5255584765442,716.4780228171531,KS_continuous,0.10552877390751414,0.3491893283842099
file,la06,la,15,5,continuous_exploratory,gamma,"[441.5831650707637, -500.30143783715494, 1.2534248283607425]",3,-351.79337899632134,709.5867579926427,716.5392223332516,KS_continuous,0.10430739762385022,0.3629593623587517
file,la06,la,15,5,continuous_exploratory,expon,"[7.0, 46.22666666666667]",2,-362.5167624111534,729.0335248223068,733.6685010493794,KS_continuous,0.20238050287346843,0.0036046553425860273
file,la07,la,15,5,discrete,discrete_uniform_minmax,"{""low"": 8, ""high"": 97}",2,-337.4857252747699,678.9714505495398,683.6064267766124,chi2_uniform_minmax_bins10,12.600000000000001,0.18155663198089633
file,la07,la,15,5,discrete,discrete_uniform_1_99,"{""low"": 1, ""high"": 99, ""fixed_support"": true}",0,-344.6339887600942,689.2679775201884,689.2679775201884,chi2_uniform_1_99_bins10,21.286666666666665,0.011436632192083712
file,la07,la,15,5,discrete,discrete_uniform_1_100,"{""low"": 1, ""high"": 100, ""fixed_support"": true}",0,-345.3877639491069,690.7755278982138,690.7755278982138,chi2_uniform_1_100_bins10,22.200000000000003,0.008266275900149146
file,la07,la,15,5,discrete,discrete_uniform_0_99,"{""low"": 0, ""high"": 99, ""fixed_support"": true}",0,-345.3877639491069,690.7755278982138,690.7755278982138,chi2_uniform_0_99_bins10,23.8,0.004628961012799771
file,la07,la,15,5,discrete,discrete_uniform_0_100,"{""low"": 0, ""high"": 100, ""fixed_support"": true}",0,-346.13403876309445,692.2680775261889,692.2680775261889,chi2_uniform_0_100_bins10,23.159757575757574,0.0058473212936730485
file,la07,la,15,5,discrete,poisson,"{""mu"": 49.93333333333333}",1,-601.4655594537185,1204.931118907437,1207.2486070209732,,,
file,la07,la,15,5,continuous_exploratory,uniform,"[8.0, 89.0]",2,-336.64772772991057,677.2954554598211,681.9304316868937,KS_continuous,0.13213483146067417,0.13306539311542365
file,la07,la,15,5,continuous_exploratory,weibull_min,"[2.429252403777575, 0.3037817215972515, 56.020008322193256]",3,-336.81103860503487,679.6220772100697,686.5745415506786,KS_continuous,0.0828418364620862,0.651312237114789
file,la07,la,15,5,continuous_exploratory,norm,"[49.93333333333333, 22.058911023791623]",2,-338.4491386142166,680.8982772284332,685.5332534555058,KS_continuous,0.06565011190027792,0.8817958408370307
file,la07,la,15,5,continuous_exploratory,gamma,"[170.33927803884347, -237.9159598069129, 1.6899750452376647]",3,-338.30502777888444,682.6100555577689,689.5625198983778,KS_continuous,0.07397910880671477,0.7783925674884917
file,la07,la,15,5,continuous_exploratory,lognorm,"[0.07074418345744758, -262.08728100395285, 311.24143604390616]",3,-338.31168805744994,682.6233761148999,689.5758404555088,KS_continuous,0.07754794317277647,0.7282959243186409
file,la07,la,15,5,continuous_exploratory,expon,"[8.0, 41.93333333333333]",2,-355.20607916986734,714.4121583397347,719.0471345668072,KS_continuous,0.22061795421488917,0.0010964828693955653
file,la08,la,15,5,discrete,discrete_uniform_minmax,"{""low"": 5, ""high"": 98}",2,-340.74710867025027,685.4942173405005,690.1291935675731,chi2_uniform_minmax_bins10,12.329481481481483,0.19536552524453699
file,la08,la,15,5,discrete,discrete_uniform_1_99,"{""low"": 1, ""high"": 99, ""fixed_support"": true}",0,-344.6339887600942,689.2679775201884,689.2679775201884,chi2_uniform_1_99_bins10,7.6466666666666665,0.5701077833049102
file,la08,la,15,5,discrete,discrete_uniform_1_100,"{""low"": 1, ""high"": 100, ""fixed_support"": true}",0,-345.3877639491069,690.7755278982138,690.7755278982138,chi2_uniform_1_100_bins10,7.533333333333333,0.5817695222593386
file,la08,la,15,5,discrete,discrete_uniform_0_99,"{""low"": 0, ""high"": 99, ""fixed_support"": true}",0,-345.3877639491069,690.7755278982138,690.7755278982138,chi2_uniform_0_99_bins10,6.466666666666666,0.6924550289792663
file,la08,la,15,5,discrete,discrete_uniform_0_100,"{""low"": 0, ""high"": 100, ""fixed_support"": true}",0,-346.13403876309445,692.2680775261889,692.2680775261889,chi2_uniform_0_100_bins10,7.367030303030303,0.5989639391454551
file,la08,la,15,5,discrete,poisson,"{""mu"": 51.0}",1,-993.1422766263609,1988.2845532527217,1990.602041366258,,,
file,la08,la,15,5,continuous_exploratory,uniform,"[5.0, 93.0]",2,-339.94496198649426,683.8899239729885,688.5249002000611,KS_continuous,0.11311827956989245,0.2714576634691813
file,la08,la,15,5,continuous_exploratory,weibull_min,"[1.5158499629087974, 1.641428746121668, 54.34576733596959]",3,-359.8577539598082,725.7155079196164,732.6679722602253,KS_continuous,0.14972043909571758,0.06225372860302625
file,la08,la,15,5,continuous_exploratory,expon,"[5.0, 46.0]",2,-362.14810473668206,728.2962094733641,732.9311857004367,KS_continuous,0.2000316364548364,0.0041696344070555336
file,la08,la,15,5,continuous_exploratory,norm,"[51.0, 30.433753191700387]",2,-362.5868121034215,729.173624206843,733.8086004339156,KS_continuous,0.1278884178671375,0.15757780778055075
file,la08,la,15,5,continuous_exploratory,lognorm,"[7.255894740337518e-06, -4194298.9999999767, 4194349.999889565]",3,-362.5868340668202,731.1736681336404,738.1261324742493,KS_continuous,0.12788820192913658,0.15757914014360885
file,la08,la,15,5,continuous_exploratory,gamma,"[928.6018188244866, -877.6193175627795, 0.9999576661305127]",3,-362.6511600360892,731.3023200721784,738.2547844127873,KS_continuous,0.12668071210359444,0.1651708657962394
file,la09,la,15,5,discrete,discrete_uniform_minmax,"{""low"": 7, ""high"": 99}",2,-339.9449619864942,683.8899239729884,688.524900200061,chi2_uniform_minmax_bins10,5.131555555555556,0.8226926918396038
file,la09,la,15,5,discrete,discrete_uniform_1_99,"{""low"": 1, ""high"": 99, ""fixed_support"": true}",0,-344.6339887600942,689.2679775201884,689.2679775201884,chi2_uniform_1_99_bins10,12.442666666666666,0.18948816831100354
file,la09,la,15,5,discrete,discrete_uniform_1_100,"{""low"": 1, ""high"": 100, ""fixed_support"": true}",0,-345.3877639491069,690.7755278982138,690.7755278982138,chi2_uniform_1_100_bins10,12.600000000000001,0.18155663198089633
file,la09,la,15,5,discrete,discrete_uniform_0_99,"{""low"": 0, ""high"": 99, ""fixed_support"": true}",0,-345.3877639491069,690.7755278982138,690.7755278982138,chi2_uniform_0_99_bins10,16.6,0.05536105194182698
file,la09,la,15,5,discrete,discrete_uniform_0_100,"{""low"": 0, ""high"": 100, ""fixed_support"": true}",0,-346.13403876309445,692.2680775261889,692.2680775261889,chi2_uniform_0_100_bins10,13.36581818181818,0.1467398955693419
file,la09,la,15,5,discrete,poisson,"{""mu"": 56.84}",1,-736.6863813399475,1475.372762679895,1477.6902507934312,,,
file,la09,la,15,5,continuous_exploratory,uniform,"[7.0, 92.0]",2,-339.13414327867804,682.2682865573561,686.9032627844286,KS_continuous,0.11869565217391304,0.22287309072905892
file,la09,la,15,5,continuous_exploratory,weibull_min,"[5.183034377124638, -57.78077607168514, 124.91610188609846]",3,-349.7015123440156,705.4030246880312,712.3554890286401,KS_continuous,0.08119836976975281,0.6753694060146072
file,la09,la,15,5,continuous_exploratory,norm,"[56.84, 26.176854916764416]",2,-351.2860615065289,706.5721230130578,711.2070992401303,KS_continuous,0.07954832671666884,0.6994236205315121
file,la09,la,15,5,continuous_exploratory,lognorm,"[1.2481821701326513e-05, -2097144.9999981294, 2097201.8398347613]",3,-351.286189061031,708.572378122062,715.5248424626709,KS_continuous,0.07955073533369789,0.69938863189587
file,la09,la,15,5,continuous_exploratory,gamma,"[304.6198829083943, -404.5557591364309, 1.5146189154512708]",3,-351.6944740085517,709.3889480171034,716.3414123577123,KS_continuous,0.08695272105943203,0.5913386948260198
file,la09,la,15,5,continuous_exploratory,expon,"[7.0, 49.84]",2,-368.16134058593985,740.3226811718797,744.9576573989523,KS_continuous,0.24424260051546842,0.00020028321737146145
file,la10,la,15,5,discrete,discrete_uniform_minmax,"{""low"": 5, ""high"": 97}",2,-339.9449619864942,683.8899239729884,688.524900200061,chi2_uniform_minmax_bins10,3.6848888888888895,0.9309025511673681
file,la10,la,15,5,discrete,discrete_uniform_1_99,"{""low"": 1, ""high"": 99, ""fixed_support"": true}",0,-344.6339887600942,689.2679775201884,689.2679775201884,chi2_uniform_1_99_bins10,3.2026666666666666,0.9557147240275056
file,la10,la,15,5,discrete,discrete_uniform_1_100,"{""low"": 1, ""high"": 100, ""fixed_support"": true}",0,-345.3877639491069,690.7755278982138,690.7755278982138,chi2_uniform_1_100_bins10,3.2666666666666666,0.9527777136594193
file,la10,la,15,5,discrete,discrete_uniform_0_99,"{""low"": 0, ""high"": 99, ""fixed_support"": true}",0,-345.3877639491069,690.7755278982138,690.7755278982138,chi2_uniform_0_99_bins10,5.133333333333334,0.82253375045806
file,la10,la,15,5,discrete,discrete_uniform_0_100,"{""low"": 0, ""high"": 100, ""fixed_support"": true}",0,-346.13403876309445,692.2680775261889,692.2680775261889,chi2_uniform_0_100_bins10,3.449454545454545,0.943787405750492
file,la10,la,15,5,discrete,poisson,"{""mu"": 53.6}",1,-860.1206592896424,1722.2413185792848,1724.558806692821,,,
file,la10,la,15,5,continuous_exploratory,uniform,"[5.0, 92.0]",2,-339.13414327867804,682.2682865573561,686.9032627844286,KS_continuous,0.09318840579710153,0.5032313429900861
file,la10,la,15,5,continuous_exploratory,weibull_min,"[4.493885174939691, -53.55715988216354, 117.86972211564515]",3,-355.0503669943222,716.1007339886444,723.0531983292533,KS_continuous,0.09608277283406508,0.46432157381843187
file,la10,la,15,5,continuous_exploratory,norm,"[53.6, 28.127329533154523]",2,-356.6760163608536,717.3520327217072,721.9870089487798,KS_continuous,0.10674115997502098,0.33586396491938175
file,la10,la,15,5,continuous_exploratory,lognorm,"[9.58294477714877e-06, -2935094.2932597897, 2935147.8931250186]",3,-356.6760980602674,719.3521961205348,726.3046604611437,KS_continuous,0.10674201064141009,0.33585473591557025
file,la10,la,15,5,continuous_exploratory,gamma,"[298.8885761247416, -437.7050305333961, 1.6430225489836872]",3,-357.0120041352026,720.0240082704051,726.9764726110141,KS_continuous,0.11174968824607157,0.2844748472056595
file,la10,la,15,5,continuous_exploratory,expon,"[5.0, 48.6]",2,-366.27176481798364,736.5435296359673,741.1785058630398,KS_continuous,0.20527709755802254,0.0030049654202662923
file,la11,la,20,5,discrete,discrete_uniform_minmax,"{""low"": 7, ""high"": 98}",2,-452.17885770490403,908.3577154098081,913.5680557817842,chi2_uniform_minmax_bins10,6.096444444444445,0.730228259442123
file,la11,la,20,5,discrete,discrete_uniform_1_99,"{""low"": 1, ""high"": 99, ""fixed_support"": true}",0,-459.51198501345897,919.0239700269179,919.0239700269179,chi2_uniform_1_99_bins10,8.251,0.5090629013616099
file,la11,la,20,5,discrete,discrete_uniform_1_100,"{""low"": 1, ""high"": 100, ""fixed_support"": true}",0,-460.51701859880916,921.0340371976183,921.0340371976183,chi2_uniform_1_100_bins10,8.0,0.5341462169096916
file,la11,la,20,5,discrete,discrete_uniform_0_99,"{""low"": 0, ""high"": 99, ""fixed_support"": true}",0,-460.51701859880916,921.0340371976183,921.0340371976183,chi2_uniform_0_99_bins10,8.4,0.4943916864821225
file,la11,la,20,5,discrete,discrete_uniform_0_100,"{""low"": 0, ""high"": 100, ""fixed_support"": true}",0,-461.512051684126,923.024103368252,923.024103368252,chi2_uniform_0_100_bins10,8.850454545454548,0.4511916471318791
file,la11,la,20,5,discrete,poisson,"{""mu"": 53.51}",1,-991.4728727512123,1984.9457455024246,1987.5509156884127,,,
file,la11,la,20,5,continuous_exploratory,uniform,"[7.0, 91.0]",2,-451.0859506516851,906.1719013033702,911.3822416753463,KS_continuous,0.0492307692307693,0.9588000727528403
file,la11,la,20,5,continuous_exploratory,weibull_min,"[2.34428247096497, -3.7742930433760424, 64.72748136797023]",3,-466.53974036682536,939.0794807336507,946.894991291615,KS_continuous,0.09518515170088271,0.30558019746200604
file,la11,la,20,5,continuous_exploratory,norm,"[53.51, 26.354314637265755]",2,-469.0570538137309,942.1141076274617,947.3244479994379,KS_continuous,0.09361993933103518,0.3243330689640226
file,la11,la,20,5,continuous_exploratory,lognorm,"[0.04671585947100397, -510.9804929339789, 563.8751686142589]",3,-469.0099859234993,944.0199718469986,951.8354824049629,KS_continuous,0.09500548118028651,0.3076937932376247
file,la11,la,20,5,continuous_exploratory,gamma,"[2070.1959491513317, -1144.90747440822, 0.5788947441410848]",3,-469.02964091478344,944.0592818295669,951.8747923875312,KS_continuous,0.09409053233888609,0.3186141015202213
file,la11,la,20,5,continuous_exploratory,expon,"[7.0, 46.51]",2,-483.96673432360046,971.9334686472009,977.1438090191771,KS_continuous,0.18823062855632045,0.0014150993993082839
file,la12,la,20,5,discrete,discrete_uniform_minmax,"{""low"": 5, ""high"": 98}",2,-454.3294782270004,912.6589564540008,917.8692968259769,chi2_uniform_minmax_bins10,12.246444444444442,0.19976983513638702
file,la12,la,20,5,discrete,discrete_uniform_1_99,"{""low"": 1, ""high"": 99, ""fixed_support"": true}",0,-459.51198501345897,919.0239700269179,919.0239700269179,chi2_uniform_1_99_bins10,6.128,0.7270423033444042
file,la12,la,20,5,discrete,discrete_uniform_1_100,"{""low"": 1, ""high"": 100, ""fixed_support"": true}",0,-460.51701859880916,921.0340371976183,921.0340371976183,chi2_uniform_1_100_bins10,6.800000000000001,0.6579333062136289
file,la12,la,20,5,discrete,discrete_uniform_0_99,"{""low"": 0, ""high"": 99, ""fixed_support"": true}",0,-460.51701859880916,921.0340371976183,921.0340371976183,chi2_uniform_0_99_bins10,6.800000000000001,0.6579333062136289
file,la12,la,20,5,discrete,discrete_uniform_0_100,"{""low"": 0, ""high"": 100, ""fixed_support"": true}",0,-461.512051684126,923.024103368252,923.024103368252,chi2_uniform_0_100_bins10,6.949818181818182,0.6423441695817862
file,la12,la,20,5,discrete,poisson,"{""mu"": 46.76}",1,-1144.0548152345268,2290.1096304690536,2292.714800655042,,,
file,la12,la,20,5,continuous_exploratory,uniform,"[5.0, 93.0]",2,-453.2599493153257,910.5198986306514,915.7302390026275,KS_continuous,0.10569892473118278,0.19919898740402509
file,la12,la,20,5,continuous_exploratory,weibull_min,"[1.5621691208865967, 2.5686869823421628, 48.93111253802538]",3,-466.8852418977891,939.7704837955782,947.5859943535426,KS_continuous,0.10270854267054319,0.22607000053899384
file,la12,la,20,5,continuous_exploratory,gamma,"[9.35137673991683, -37.11062898715855, 8.909812522055212]",3,-471.02196623016954,948.0439324603391,955.8594430183034,KS_continuous,0.10285891007950043,0.22465642081551163
file,la12,la,20,5,continuous_exploratory,lognorm,"[0.25638779062206646, -62.16801480584371, 105.45964812276085]",3,-471.62027571589914,949.2405514317983,957.0560619897626,KS_continuous,0.09754833786186567,0.2787214037682705
file,la12,la,20,5,continuous_exploratory,norm,"[46.76, 27.363523164972744]",2,-472.8149388318382,949.6298776636764,954.8402180356526,KS_continuous,0.10722898334088177,0.1864386864180283
file,la12,la,20,5,continuous_exploratory,expon,"[5.0, 41.76]",2,-473.1938943574383,950.3877887148766,955.5981290868527,KS_continuous,0.14625952486320992,0.02486669986884804
file,la13,la,20,5,discrete,discrete_uniform_minmax,"{""low"": 5, ""high"": 97}",2,-453.2599493153256,910.5198986306513,915.7302390026274,chi2_uniform_minmax_bins10,3.508999999999999,0.9406667026699812
file,la13,la,20,5,discrete,discrete_uniform_1_99,"{""low"": 1, ""high"": 99, ""fixed_support"": true}",0,-459.51198501345897,919.0239700269179,919.0239700269179,chi2_uniform_1_99_bins10,7.316000000000001,0.6042557713863822
file,la13,la,20,5,discrete,discrete_uniform_1_100,"{""low"": 1, ""high"": 100, ""fixed_support"": true}",0,-460.51701859880916,921.0340371976183,921.0340371976183,chi2_uniform_1_100_bins10,8.0,0.5341462169096916
file,la13,la,20,5,discrete,discrete_uniform_0_99,"{""low"": 0, ""high"": 99, ""fixed_support"": true}",0,-460.51701859880916,921.0340371976183,921.0340371976183,chi2_uniform_0_99_bins10,10.600000000000001,0.30412581641191044
file,la13,la,20,5,discrete,discrete_uniform_0_100,"{""low"": 0, ""high"": 100, ""fixed_support"": true}",0,-461.512051684126,923.024103368252,923.024103368252,chi2_uniform_0_100_bins10,8.93309090909091,0.4434733193945817
file,la13,la,20,5,discrete,poisson,"{""mu"": 51.86}",1,-986.514207398275,1975.02841479655,1977.633584982538,,,
file,la13,la,20,5,continuous_exploratory,uniform,"[5.0, 92.0]",2,-452.178857704904,908.357715409808,913.5680557817841,KS_continuous,0.04782608695652174,0.9678792105093679
file,la13,la,20,5,continuous_exploratory,weibull_min,"[2.584480201445395, -8.676943304386477, 68.2972390772319]",3,-464.42866140497244,934.8573228099449,942.6728333679092,KS_continuous,0.07236257901496912,0.6447802317100657
file,la13,la,20,5,continuous_exploratory,norm,"[51.86, 25.685022873262152]",2,-466.4846587653473,936.9693175306946,942.1796579026708,KS_continuous,0.0773164636099628,0.5618304661772265
file,la13,la,20,5,continuous_exploratory,lognorm,"[4.8985918506998534e-05, -524282.99999999977, 524334.8593708974]",3,-466.48466584437404,938.9693316887481,946.7848422467124,KS_continuous,0.07731424552858224,0.5618670140171658
file,la13,la,20,5,continuous_exploratory,gamma,"[486601.01268896705, -17865.4243129476, 0.036821304491493984]",3,-466.4848084215269,938.9696168430538,946.7851274010181,KS_continuous,0.07727250255242002,0.5625549592299289
file,la13,la,20,5,continuous_exploratory,expon,"[5.0, 46.86]",2,-484.71644330796494,973.4328866159299,978.643226987906,KS_continuous,0.19484258728310427,0.0008425957987100441
file,la14,la,20,5,discrete,discrete_uniform_minmax,"{""low"": 5, ""high"": 97}",2,-453.2599493153256,910.5198986306513,915.7302390026274,chi2_uniform_minmax_bins10,8.355333333333332,0.4987714062111551
file,la14,la,20,5,discrete,discrete_uniform_1_99,"{""low"": 1, ""high"": 99, ""fixed_support"": true}",0,-459.51198501345897,919.0239700269179,919.0239700269179,chi2_uniform_1_99_bins10,7.657,0.5690471485494502
file,la14,la,20,5,discrete,discrete_uniform_1_100,"{""low"": 1, ""high"": 100, ""fixed_support"": true}",0,-460.51701859880916,921.0340371976183,921.0340371976183,chi2_uniform_1_100_bins10,8.200000000000001,0.5141236202310752
file,la14,la,20,5,discrete,discrete_uniform_0_99,"{""low"": 0, ""high"": 99, ""fixed_support"": true}",0,-460.51701859880916,921.0340371976183,921.0340371976183,chi2_uniform_0_99_bins10,10.4,0.31908350214261383
file,la14,la,20,5,discrete,discrete_uniform_0_100,"{""low"": 0, ""high"": 100, ""fixed_support"": true}",0,-461.512051684126,923.024103368252,923.024103368252,chi2_uniform_0_100_bins10,8.538272727272728,0.4809383389734819
file,la14,la,20,5,discrete,poisson,"{""mu"": 53.46}",1,-1137.0336196603482,2276.0672393206964,2278.6724095066847,,,
file,la14,la,20,5,continuous_exploratory,uniform,"[5.0, 92.0]",2,-452.178857704904,908.357715409808,913.5680557817841,KS_continuous,0.09652173913043482,0.29017460847831433
file,la14,la,20,5,continuous_exploratory,weibull_min,"[5.144962370474266, -67.13318724736871, 131.58196105024052]",3,-472.44604885515446,950.8920977103089,958.7076082682732,KS_continuous,0.10398182580035964,0.2143107315935786
file,la14,la,20,5,continuous_exploratory,norm,"[53.46, 27.894952948517407]",2,-474.7384307765392,953.4768615530784,958.6872019250545,KS_continuous,0.11338894569614089,0.1414172190917412
file,la14,la,20,5,continuous_exploratory,lognorm,"[6.650603635482476e-06, -4194298.999999998, 4194352.459907238]",3,-474.7385124067024,955.4770248134048,963.2925353713691,KS_continuous,0.11338950526791203,0.14141356767984936
file,la14,la,20,5,continuous_exploratory,gamma,"[292.81517377844546, -427.0828762899835, 1.6410329859227397]",3,-475.2214327085619,956.4428654171238,964.2583759750881,KS_continuous,0.11662172795648817,0.12155811388547433
file,la14,la,20,5,continuous_exploratory,expon,"[5.0, 48.46]",2,-488.07387153883803,980.1477430776761,985.3580834496522,KS_continuous,0.19966118089513651,0.0005708152552584833
file,la15,la,20,5,discrete,discrete_uniform_minmax,"{""low"": 6, ""high"": 99}",2,-454.3294782270004,912.6589564540008,917.8692968259769,chi2_uniform_minmax_bins10,2.6897777777777776,0.9753367284778477
file,la15,la,20,5,discrete,discrete_uniform_1_99,"{""low"": 1, ""high"": 99, ""fixed_support"": true}",0,-459.51198501345897,919.0239700269179,919.0239700269179,chi2_uniform_1_99_bins10,8.251,0.5090629013616099
file,la15,la,20,5,discrete,discrete_uniform_1_100,"{""low"": 1, ""high"": 100, ""fixed_support"": true}",0,-460.51701859880916,921.0340371976183,921.0340371976183,chi2_uniform_1_100_bins10,8.0,0.5341462169096916
file,la15,la,20,5,discrete,discrete_uniform_0_99,"{""low"": 0, ""high"": 99, ""fixed_support"": true}",0,-460.51701859880916,921.0340371976183,921.0340371976183,chi2_uniform_0_99_bins10,10.6,0.3041258164119104
file,la15,la,20,5,discrete,discrete_uniform_0_100,"{""low"": 0, ""high"": 100, ""fixed_support"": true}",0,-461.512051684126,923.024103368252,923.024103368252,chi2_uniform_0_100_bins10,8.492363636363637,0.485387141748852
file,la15,la,20,5,discrete,poisson,"{""mu"": 54.45}",1,-1063.816664129538,2129.633328259076,2132.238498445064,,,
file,la15,la,20,5,continuous_exploratory,uniform,"[6.0, 93.0]",2,-453.2599493153257,910.5198986306514,915.7302390026275,KS_continuous,0.07569892473118278,0.5886614283450207
file,la15,la,20,5,continuous_exploratory,weibull_min,"[2.830619754875736, -15.198647525175941, 78.40248008330776]",3,-471.23866433628194,948.4773286725639,956.2928392305282,KS_continuous,0.10447709110389691,0.20986484309624476
file,la15,la,20,5,continuous_exploratory,norm,"[54.45, 27.46356677491108]",2,-473.1798814946073,950.3597629892146,955.5701033611907,KS_continuous,0.10420187456317187,0.21232660965189665
file,la15,la,20,5,continuous_exploratory,lognorm,"[1.1935615234431495e-05, -2300922.8046236495, 2300977.2544597522]",3,-473.1799266358959,952.3598532717918,960.1753638297562,KS_continuous,0.10420232272612429,0.21232258305014706
file,la15,la,20,5,continuous_exploratory,gamma,"[1089.007817976591, -853.7470969876745, 0.833927987357745]",3,-473.259719636304,952.519439272608,960.3349498305723,KS_continuous,0.10512802531737864,0.20412936340501675
file,la15,la,20,5,continuous_exploratory,expon,"[6.0, 48.45]",2,-488.05323383367744,980.1064676673549,985.316808039331,KS_continuous,0.1826205029399271,0.0021656927450435237
file,la16,la,10,10,discrete,discrete_uniform_minmax,"{""low"": 7, ""high"": 98}",2,-452.17885770490403,908.3577154098081,913.5680557817842,chi2_uniform_minmax_bins10,6.096444444444445,0.730228259442123
file,la16,la,10,10,discrete,discrete_uniform_1_99,"{""low"": 1, ""high"": 99, ""fixed_support"": true}",0,-459.51198501345897,919.0239700269179,919.0239700269179,chi2_uniform_1_99_bins10,8.251,0.5090629013616099
file,la16,la,10,10,discrete,discrete_uniform_1_100,"{""low"": 1, ""high"": 100, ""fixed_support"": true}",0,-460.51701859880916,921.0340371976183,921.0340371976183,chi2_uniform_1_100_bins10,8.0,0.5341462169096916
file,la16,la,10,10,discrete,discrete_uniform_0_99,"{""low"": 0, ""high"": 99, ""fixed_support"": true}",0,-460.51701859880916,921.0340371976183,921.0340371976183,chi2_uniform_0_99_bins10,8.4,0.4943916864821225
file,la16,la,10,10,discrete,discrete_uniform_0_100,"{""low"": 0, ""high"": 100, ""fixed_support"": true}",0,-461.512051684126,923.024103368252,923.024103368252,chi2_uniform_0_100_bins10,8.850454545454548,0.4511916471318791
file,la16,la,10,10,discrete,poisson,"{""mu"": 53.51}",1,-991.4728727512123,1984.9457455024246,1987.5509156884127,,,
file,la16,la,10,10,continuous_exploratory,uniform,"[7.0, 91.0]",2,-451.0859506516851,906.1719013033702,911.3822416753463,KS_continuous,0.0492307692307693,0.9588000727528403
file,la16,la,10,10,continuous_exploratory,weibull_min,"[2.34428247096497, -3.7742930433760424, 64.72748136797023]",3,-466.5397403668253,939.0794807336506,946.8949912916149,KS_continuous,0.09518515170088271,0.30558019746200604
file,la16,la,10,10,continuous_exploratory,norm,"[53.51, 26.354314637265755]",2,-469.05705381373093,942.1141076274619,947.324447999438,KS_continuous,0.09361993933103518,0.3243330689640226
file,la16,la,10,10,continuous_exploratory,lognorm,"[0.04671585949012632, -510.9804927034187, 563.8751683834462]",3,-469.0099859234993,944.0199718469986,951.8354824049629,KS_continuous,0.09500548118090346,0.30769379323035895
file,la16,la,10,10,continuous_exploratory,gamma,"[2070.195949151337, -1144.907474404817, 0.5788947441422025]",3,-469.0296409148272,944.0592818296544,951.8747923876188,KS_continuous,0.09409053228103259,0.3186141022190262
file,la16,la,10,10,continuous_exploratory,expon,"[7.0, 46.51]",2,-483.9667343236005,971.933468647201,977.1438090191772,KS_continuous,0.18823062855632045,0.0014150993993082839
file,la17,la,10,10,discrete,discrete_uniform_minmax,"{""low"": 5, ""high"": 98}",2,-454.3294782270004,912.6589564540008,917.8692968259769,chi2_uniform_minmax_bins10,12.246444444444442,0.19976983513638702
file,la17,la,10,10,discrete,discrete_uniform_1_99,"{""low"": 1, ""high"": 99, ""fixed_support"": true}",0,-459.51198501345897,919.0239700269179,919.0239700269179,chi2_uniform_1_99_bins10,6.128,0.7270423033444042
file,la17,la,10,10,discrete,discrete_uniform_1_100,"{""low"": 1, ""high"": 100, ""fixed_support"": true}",0,-460.51701859880916,921.0340371976183,921.0340371976183,chi2_uniform_1_100_bins10,6.800000000000001,0.6579333062136289
file,la17,la,10,10,discrete,discrete_uniform_0_99,"{""low"": 0, ""high"": 99, ""fixed_support"": true}",0,-460.51701859880916,921.0340371976183,921.0340371976183,chi2_uniform_0_99_bins10,6.800000000000001,0.6579333062136289
file,la17,la,10,10,discrete,discrete_uniform_0_100,"{""low"": 0, ""high"": 100, ""fixed_support"": true}",0,-461.512051684126,923.024103368252,923.024103368252,chi2_uniform_0_100_bins10,6.949818181818182,0.6423441695817862
file,la17,la,10,10,discrete,poisson,"{""mu"": 46.76}",1,-1144.0548152345266,2290.109630469053,2292.7148006550415,,,
file,la17,la,10,10,continuous_exploratory,uniform,"[5.0, 93.0]",2,-453.2599493153257,910.5198986306514,915.7302390026275,KS_continuous,0.10569892473118278,0.19919898740402509
file,la17,la,10,10,continuous_exploratory,weibull_min,"[1.5621691208865967, 2.5686869823421628, 48.93111253802538]",3,-466.8852418977892,939.7704837955783,947.5859943535427,KS_continuous,0.10270854267054319,0.22607000053899384
file,la17,la,10,10,continuous_exploratory,gamma,"[9.351376740211062, -37.11062898649166, 8.909812522030055]",3,-471.02196623001737,948.0439324600347,955.8594430179991,KS_continuous,0.10285891004404546,0.2246564211480273
file,la17,la,10,10,continuous_exploratory,lognorm,"[0.25638779062205563, -62.16801480584802, 105.45964812276534]",3,-471.62027571589914,949.2405514317983,957.0560619897626,KS_continuous,0.09754833786186434,0.27872140376828547
file,la17,la,10,10,continuous_exploratory,norm,"[46.76, 27.363523164972747]",2,-472.81493883183816,949.6298776636763,954.8402180356525,KS_continuous,0.10722898334088177,0.1864386864180283
file,la17,la,10,10,continuous_exploratory,expon,"[5.0, 41.76]",2,-473.1938943574383,950.3877887148766,955.5981290868527,KS_continuous,0.14625952486320992,0.02486669986884804
file,la18,la,10,10,discrete,discrete_uniform_minmax,"{""low"": 5, ""high"": 97}",2,-453.2599493153256,910.5198986306513,915.7302390026274,chi2_uniform_minmax_bins10,3.508999999999999,0.9406667026699812
file,la18,la,10,10,discrete,discrete_uniform_1_99,"{""low"": 1, ""high"": 99, ""fixed_support"": true}",0,-459.51198501345897,919.0239700269179,919.0239700269179,chi2_uniform_1_99_bins10,7.316000000000001,0.6042557713863822
file,la18,la,10,10,discrete,discrete_uniform_1_100,"{""low"": 1, ""high"": 100, ""fixed_support"": true}",0,-460.51701859880916,921.0340371976183,921.0340371976183,chi2_uniform_1_100_bins10,8.0,0.5341462169096916
file,la18,la,10,10,discrete,discrete_uniform_0_99,"{""low"": 0, ""high"": 99, ""fixed_support"": true}",0,-460.51701859880916,921.0340371976183,921.0340371976183,chi2_uniform_0_99_bins10,10.600000000000001,0.30412581641191044
file,la18,la,10,10,discrete,discrete_uniform_0_100,"{""low"": 0, ""high"": 100, ""fixed_support"": true}",0,-461.512051684126,923.024103368252,923.024103368252,chi2_uniform_0_100_bins10,8.93309090909091,0.4434733193945817
file,la18,la,10,10,discrete,poisson,"{""mu"": 51.86}",1,-986.5142073982751,1975.0284147965501,1977.6335849825382,,,
file,la18,la,10,10,continuous_exploratory,uniform,"[5.0, 92.0]",2,-452.178857704904,908.357715409808,913.5680557817841,KS_continuous,0.04782608695652174,0.9678792105093679
file,la18,la,10,10,continuous_exploratory,weibull_min,"[2.584480201445395, -8.676943304386256, 68.29723907723206]",3,-464.42866140497244,934.8573228099449,942.6728333679092,KS_continuous,0.07236257901496601,0.6447802317101178
file,la18,la,10,10,continuous_exploratory,norm,"[51.86, 25.68502287326216]",2,-466.48465876534726,936.9693175306945,942.1796579026707,KS_continuous,0.0773164636099627,0.5618304661772286
file,la18,la,10,10,continuous_exploratory,lognorm,"[4.898591850699854e-05, -524282.99999999977, 524334.8593708974]",3,-466.4846658443739,938.9693316887478,946.7848422467122,KS_continuous,0.07731424552858224,0.5618670140171658
file,la18,la,10,10,continuous_exploratory,gamma,"[486552.45717755577, -17864.410560748365, 0.036822895633268266]",3,-466.48480842429643,938.9696168485929,946.7851274065572,KS_continuous,0.07727368552670044,0.5625354596572674
file,la18,la,10,10,continuous_exploratory,expon,"[5.0, 46.86]",2,-484.71644330796494,973.4328866159299,978.643226987906,KS_continuous,0.19484258728310427,0.0008425957987100441
file,la19,la,10,10,discrete,discrete_uniform_minmax,"{""low"": 5, ""high"": 97}",2,-453.2599493153256,910.5198986306513,915.7302390026274,chi2_uniform_minmax_bins10,8.355333333333332,0.4987714062111551
file,la19,la,10,10,discrete,discrete_uniform_1_99,"{""low"": 1, ""high"": 99, ""fixed_support"": true}",0,-459.51198501345897,919.0239700269179,919.0239700269179,chi2_uniform_1_99_bins10,7.657,0.5690471485494502
file,la19,la,10,10,discrete,discrete_uniform_1_100,"{""low"": 1, ""high"": 100, ""fixed_support"": true}",0,-460.51701859880916,921.0340371976183,921.0340371976183,chi2_uniform_1_100_bins10,8.200000000000001,0.5141236202310752
file,la19,la,10,10,discrete,discrete_uniform_0_99,"{""low"": 0, ""high"": 99, ""fixed_support"": true}",0,-460.51701859880916,921.0340371976183,921.0340371976183,chi2_uniform_0_99_bins10,10.4,0.31908350214261383
file,la19,la,10,10,discrete,discrete_uniform_0_100,"{""low"": 0, ""high"": 100, ""fixed_support"": true}",0,-461.512051684126,923.024103368252,923.024103368252,chi2_uniform_0_100_bins10,8.538272727272728,0.4809383389734819
file,la19,la,10,10,discrete,poisson,"{""mu"": 53.46}",1,-1137.0336196603478,2276.0672393206955,2278.672409506684,,,
file,la19,la,10,10,continuous_exploratory,uniform,"[5.0, 92.0]",2,-452.178857704904,908.357715409808,913.5680557817841,KS_continuous,0.09652173913043482,0.29017460847831433
file,la19,la,10,10,continuous_exploratory,weibull_min,"[5.144962370474266, -67.13318724736871, 131.58196105024052]",3,-472.4460488551544,950.8920977103088,958.7076082682731,KS_continuous,0.10398182580035964,0.2143107315935786
file,la19,la,10,10,continuous_exploratory,norm,"[53.46, 27.894952948517407]",2,-474.73843077653913,953.4768615530783,958.6872019250544,KS_continuous,0.11338894569614089,0.1414172190917412
file,la19,la,10,10,continuous_exploratory,lognorm,"[6.735350471405648e-06, -4141524.04631392, 4141577.5062199794]",3,-474.73851344701563,955.4770268940313,963.2925374519956,KS_continuous,0.11338951238502182,0.14141352123857998
file,la19,la,10,10,continuous_exploratory,gamma,"[292.81517377838196, -427.0828762896004, 1.6410329859227397]",3,-475.22143270853076,956.4428654170615,964.2583759750258,KS_continuous,0.11662172795327896,0.12155811390399807
file,la19,la,10,10,continuous_exploratory,expon,"[5.0, 48.46]",2,-488.07387153883803,980.1477430776761,985.3580834496522,KS_continuous,0.19966118089513651,0.0005708152552584833
file,la20,la,10,10,discrete,discrete_uniform_minmax,"{""low"": 6, ""high"": 99}",2,-454.3294782270004,912.6589564540008,917.8692968259769,chi2_uniform_minmax_bins10,2.6897777777777776,0.9753367284778477
file,la20,la,10,10,discrete,discrete_uniform_1_99,"{""low"": 1, ""high"": 99, ""fixed_support"": true}",0,-459.51198501345897,919.0239700269179,919.0239700269179,chi2_uniform_1_99_bins10,8.251,0.5090629013616099
file,la20,la,10,10,discrete,discrete_uniform_1_100,"{""low"": 1, ""high"": 100, ""fixed_support"": true}",0,-460.51701859880916,921.0340371976183,921.0340371976183,chi2_uniform_1_100_bins10,8.0,0.5341462169096916
file,la20,la,10,10,discrete,discrete_uniform_0_99,"{""low"": 0, ""high"": 99, ""fixed_support"": true}",0,-460.51701859880916,921.0340371976183,921.0340371976183,chi2_uniform_0_99_bins10,10.6,0.3041258164119104
file,la20,la,10,10,discrete,discrete_uniform_0_100,"{""low"": 0, ""high"": 100, ""fixed_support"": true}",0,-461.512051684126,923.024103368252,923.024103368252,chi2_uniform_0_100_bins10,8.492363636363637,0.485387141748852
file,la20,la,10,10,discrete,poisson,"{""mu"": 54.45}",1,-1063.8166641295377,2129.6333282590754,2132.2384984450637,,,
file,la20,la,10,10,continuous_exploratory,uniform,"[6.0, 93.0]",2,-453.2599493153257,910.5198986306514,915.7302390026275,KS_continuous,0.07569892473118278,0.5886614283450207
file,la20,la,10,10,continuous_exploratory,weibull_min,"[2.830619754875736, -15.198647525175225, 78.40248008330967]",3,-471.23866433628183,948.4773286725637,956.292839230528,KS_continuous,0.10447709110386749,0.2098648430965071
file,la20,la,10,10,continuous_exploratory,norm,"[54.45, 27.463566774911083]",2,-473.17988149460723,950.3597629892145,955.5701033611906,KS_continuous,0.10420187456317187,0.21232660965189665
file,la20,la,10,10,continuous_exploratory,lognorm,"[2.6190114096489853e-05, -1048569.9999999987, 1048624.449640361]",3,-473.1799805546599,952.3599611093198,960.1754716672841,KS_continuous,0.10420285793315875,0.2123177744614294
file,la20,la,10,10,continuous_exploratory,gamma,"[1089.007817976591, -853.7470969901926, 0.8339279873567333]",3,-473.25971963633464,952.5194392726693,960.3349498306336,KS_continuous,0.10512802535441013,0.20412936308218754
file,la20,la,10,10,continuous_exploratory,expon,"[6.0, 48.45]",2,-488.0532338336775,980.106467667355,985.3168080393311,KS_continuous,0.1826205029399271,0.0021656927450435237
file,la21,la,15,10,discrete,discrete_uniform_minmax,"{""low"": 7, ""high"": 99}",2,-679.8899239729884,1363.7798479459768,1369.8011185341693,chi2_uniform_minmax_bins10,7.989777777777779,0.5351767013483877
file,la21,la,15,10,discrete,discrete_uniform_1_99,"{""low"": 1, ""high"": 99, ""fixed_support"": true}",0,-689.2679775201884,1378.5359550403768,1378.5359550403768,chi2_uniform_1_99_bins10,16.877333333333336,0.050671936230632
file,la21,la,15,10,discrete,discrete_uniform_1_100,"{""low"": 1, ""high"": 100, ""fixed_support"": true}",0,-690.7755278982138,1381.5510557964276,1381.5510557964276,chi2_uniform_1_100_bins10,16.666666666666668,0.05419912101503975
file,la21,la,15,10,discrete,discrete_uniform_0_99,"{""low"": 0, ""high"": 99, ""fixed_support"": true}",0,-690.7755278982138,1381.5510557964276,1381.5510557964276,chi2_uniform_0_99_bins10,13.333333333333334,0.1480941956319111
file,la21,la,15,10,discrete,discrete_uniform_0_100,"{""low"": 0, ""high"": 100, ""fixed_support"": true}",0,-692.2680775261889,1384.5361550523778,1384.5361550523778,chi2_uniform_0_100_bins10,18.18030303030303,0.033138400844137016
file,la21,la,15,10,discrete,poisson,"{""mu"": 53.29333333333334}",1,-1495.3212050329998,2992.6424100659997,2995.653045360096,,,
file,la21,la,15,10,continuous_exploratory,uniform,"[7.0, 92.0]",2,-678.2682865573561,1360.5365731147122,1366.5578437029046,KS_continuous,0.0392753623188406,0.9677986691657535
file,la21,la,15,10,continuous_exploratory,weibull_min,"[2.0970193729480684, 0.5149414401711063, 59.60373679527706]",3,-699.8456174511152,1405.6912349022305,1414.7231407845193,KS_continuous,0.09725667279829042,0.10954568427216593
file,la21,la,15,10,continuous_exploratory,norm,"[53.29333333333334, 26.55423297496821]",2,-704.7191553404684,1413.4383106809369,1419.4595812691293,KS_continuous,0.09316336435036088,0.1388454276423653
file,la21,la,15,10,continuous_exploratory,lognorm,"[0.10382591555780117, -203.2954141104737, 255.21293194043122]",3,-704.399562887078,1414.799125774156,1423.8310316564448,KS_continuous,0.09784363962508469,0.10579599825251162
file,la21,la,15,10,continuous_exploratory,gamma,"[357.1098294058871, -447.397062952502, 1.4019065342948327]",3,-704.5166692853062,1415.0333385706124,1424.0652444529012,KS_continuous,0.09600342181148092,0.11791932912632608
file,la21,la,15,10,continuous_exploratory,expon,"[7.0, 46.29333333333334]",2,-725.2496943365896,1454.4993886731793,1460.5206592613717,KS_continuous,0.16689597005182505,0.0004035469173570251
file,la22,la,15,10,discrete,discrete_uniform_minmax,"{""low"": 5, ""high"": 98}",2,-681.4942173405005,1366.988434681001,1373.0097052691935,chi2_uniform_minmax_bins10,2.7674074074074078,0.9728071805832968
file,la22,la,15,10,discrete,discrete_uniform_1_99,"{""low"": 1, ""high"": 99, ""fixed_support"": true}",0,-689.2679775201884,1378.5359550403768,1378.5359550403768,chi2_uniform_1_99_bins10,5.833333333333333,0.756476201109072
file,la22,la,15,10,discrete,discrete_uniform_1_100,"{""low"": 1, ""high"": 100, ""fixed_support"": true}",0,-690.7755278982138,1381.5510557964276,1381.5510557964276,chi2_uniform_1_100_bins10,6.666666666666667,0.6717790228951863
file,la22,la,15,10,discrete,discrete_uniform_0_99,"{""low"": 0, ""high"": 99, ""fixed_support"": true}",0,-690.7755278982138,1381.5510557964276,1381.5510557964276,chi2_uniform_0_99_bins10,5.333333333333333,0.8043367675488301
file,la22,la,15,10,discrete,discrete_uniform_0_100,"{""low"": 0, ""high"": 100, ""fixed_support"": true}",0,-692.2680775261889,1384.5361550523778,1384.5361550523778,chi2_uniform_0_100_bins10,7.198848484848483,0.6164249534698625
file,la22,la,15,10,discrete,poisson,"{""mu"": 48.81333333333333}",1,-1731.2366200790784,3464.473240158157,3467.483875452253,,,
file,la22,la,15,10,continuous_exploratory,uniform,"[5.0, 93.0]",2,-679.8899239729885,1363.779847945977,1369.8011185341695,KS_continuous,0.07935483870967741,0.28601996747981284
file,la22,la,15,10,continuous_exploratory,weibull_min,"[1.7627150798044566, -0.01904634254844252, 54.69949852941089]",3,-705.4709808934863,1416.9419617869726,1425.9738676692614,KS_continuous,0.08901328167745803,0.17471275801925212
file,la22,la,15,10,continuous_exploratory,norm,"[48.81333333333333, 27.86739711961313]",2,-711.9593965064981,1427.9187930129963,1433.9400636011887,KS_continuous,0.09909576162435407,0.09815144491291528
file,la22,la,15,10,continuous_exploratory,lognorm,"[0.1479360639672449, -140.88152794875032, 187.6412398118394]",3,-711.3742912891605,1428.748582578321,1437.7804884606098,KS_continuous,0.08844246664032807,0.1801722708797069
file,la22,la,15,10,continuous_exploratory,gamma,"[150.08173652829691, -291.4283440429068, 2.2660092702266317]",3,-711.5531580062536,1429.1063160125072,1438.138221894796,KS_continuous,0.09471505232624675,0.12706785316334968
file,la22,la,15,10,continuous_exploratory,expon,"[5.0, 43.81333333333333]",2,-716.9907277591356,1437.981455518271,1444.0027261064636,KS_continuous,0.1520004608498562,0.0017195076099272262
file,la23,la,15,10,discrete,discrete_uniform_minmax,"{""low"": 5, ""high"": 97}",2,-679.8899239729884,1363.7798479459768,1369.8011185341693,chi2_uniform_minmax_bins10,9.33311111111111,0.40711055678518665
file,la23,la,15,10,discrete,discrete_uniform_1_99,"{""low"": 1, ""high"": 99, ""fixed_support"": true}",0,-689.2679775201884,1378.5359550403768,1378.5359550403768,chi2_uniform_1_99_bins10,9.397333333333334,0.4014339940036726
file,la23,la,15,10,discrete,discrete_uniform_1_100,"{""low"": 1, ""high"": 100, ""fixed_support"": true}",0,-690.7755278982138,1381.5510557964276,1381.5510557964276,chi2_uniform_1_100_bins10,10.266666666666666,0.3293316183327745
file,la23,la,15,10,discrete,discrete_uniform_0_99,"{""low"": 0, ""high"": 99, ""fixed_support"": true}",0,-690.7755278982138,1381.5510557964276,1381.5510557964276,chi2_uniform_0_99_bins10,9.066666666666666,0.4311431821755689
file,la23,la,15,10,discrete,discrete_uniform_0_100,"{""low"": 0, ""high"": 100, ""fixed_support"": true}",0,-692.2680775261889,1384.5361550523778,1384.5361550523778,chi2_uniform_0_100_bins10,10.987878787878786,0.2765407003654697
file,la23,la,15,10,discrete,poisson,"{""mu"": 53.9}",1,-1622.9893453728655,3247.978690745731,3250.989326039827,,,
file,la23,la,15,10,continuous_exploratory,uniform,"[5.0, 92.0]",2,-678.2682865573561,1360.5365731147122,1366.5578437029046,KS_continuous,0.09652173913043477,0.11439455811403454
file,la23,la,15,10,continuous_exploratory,weibull_min,"[6.127560162130823, -84.17508313208424, 149.06405348973715]",3,-703.5149668027527,1413.0299336055054,1422.0618394877943,KS_continuous,0.0722439622084465,0.39530804913099193
file,la23,la,15,10,continuous_exploratory,norm,"[53.9, 26.99228284775731]",2,-707.1734306851677,1418.3468613703353,1424.3681319585278,KS_continuous,0.08461080031595425,0.22034272784996956
file,la23,la,15,10,continuous_exploratory,lognorm,"[2.0898505421829574e-05, -1291539.161482602, 1291593.0612005508]",3,-707.1738849502542,1420.3477699005084,1429.3796757827972,KS_continuous,0.08461407996259085,0.22030564311017498
file,la23,la,15,10,continuous_exploratory,gamma,"[305.29117363826686, -423.34990139686533, 1.5626286693560951]",3,-708.0274672705511,1422.0549345411023,1431.086840423391,KS_continuous,0.09258144111142741,0.14348378209126578
file,la23,la,15,10,continuous_exploratory,expon,"[5.0, 48.9]",2,-733.466609472124,1470.933218944248,1476.9544895324404,KS_continuous,0.21637036402027565,1.208091900283123e-06
file,la24,la,15,10,discrete,discrete_uniform_minmax,"{""low"": 5, ""high"": 99}",2,-683.0815337400811,1370.1630674801622,1376.1843380683547,chi2_uniform_minmax_bins10,10.507777777777777,0.31096102597854003
file,la24,la,15,10,discrete,discrete_uniform_1_99,"{""low"": 1, ""high"": 99, ""fixed_support"": true}",0,-689.2679775201884,1378.5359550403768,1378.5359550403768,chi2_uniform_1_99_bins10,9.126000000000001,0.4257255905821858
file,la24,la,15,10,discrete,discrete_uniform_1_100,"{""low"": 1, ""high"": 100, ""fixed_support"": true}",0,-690.7755278982138,1381.5510557964276,1381.5510557964276,chi2_uniform_1_100_bins10,9.066666666666666,0.4311431821755689
file,la24,la,15,10,discrete,discrete_uniform_0_99,"{""low"": 0, ""high"": 99, ""fixed_support"": true}",0,-690.7755278982138,1381.5510557964276,1381.5510557964276,chi2_uniform_0_99_bins10,8.4,0.4943916864821225
file,la24,la,15,10,discrete,discrete_uniform_0_100,"{""low"": 0, ""high"": 100, ""fixed_support"": true}",0,-692.2680775261889,1384.5361550523778,1384.5361550523778,chi2_uniform_0_100_bins10,9.622848484848483,0.3818710937892854
file,la24,la,15,10,discrete,poisson,"{""mu"": 51.513333333333335}",1,-1618.7671053887057,3239.5342107774113,3242.5448460715074,,,
file,la24,la,15,10,continuous_exploratory,uniform,"[5.0, 94.0]",2,-681.4942173405004,1366.9884346810009,1373.0097052691933,KS_continuous,0.05531914893617029,0.7268819640469892
file,la24,la,15,10,continuous_exploratory,weibull_min,"[2.3805285967802714, -8.050500037346783, 67.29221141824456]",3,-704.2465199003582,1414.4930398007164,1423.5249456830052,KS_continuous,0.09099471891159416,0.15676732984717956
file,la24,la,15,10,continuous_exploratory,norm,"[51.513333333333335, 27.091877421511825]",2,-707.7258735029993,1419.4517470059986,1425.473017594191,KS_continuous,0.0819207893754258,0.25237882434923253
file,la24,la,15,10,continuous_exploratory,lognorm,"[2.5835684240709552e-05, -1048571.0, 1048622.5129833645]",3,-707.7258885158963,1421.4517770317925,1430.4836829140813,KS_continuous,0.08192346561236197,0.2523453246866606
file,la24,la,15,10,continuous_exploratory,gamma,"[68240.24530239149, -7025.776292865154, 0.10371135114239764]",3,-707.7274771974609,1421.4549543949217,1430.4868602772106,KS_continuous,0.08220308330358994,0.24886327583131929
file,la24,la,15,10,continuous_exploratory,expon,"[5.0, 46.513333333333335]",2,-725.9608514764471,1455.9217029528943,1461.9429735410868,KS_continuous,0.18143045609015984,8.586819309070964e-05
file,la25,la,15,10,discrete,discrete_uniform_minmax,"{""low"": 5, ""high"": 99}",2,-683.0815337400811,1370.1630674801622,1376.1843380683547,chi2_uniform_minmax_bins10,2.5770370370370372,0.978739397404132
file,la25,la,15,10,discrete,discrete_uniform_1_99,"{""low"": 1, ""high"": 99, ""fixed_support"": true}",0,-689.2679775201884,1378.5359550403768,1378.5359550403768,chi2_uniform_1_99_bins10,8.055333333333333,0.5285797221015283
file,la25,la,15,10,discrete,discrete_uniform_1_100,"{""low"": 1, ""high"": 100, ""fixed_support"": true}",0,-690.7755278982138,1381.5510557964276,1381.5510557964276,chi2_uniform_1_100_bins10,8.400000000000002,0.4943916864821225
file,la25,la,15,10,discrete,discrete_uniform_0_99,"{""low"": 0, ""high"": 99, ""fixed_support"": true}",0,-690.7755278982138,1381.5510557964276,1381.5510557964276,chi2_uniform_0_99_bins10,11.066666666666666,0.27116695301192245
file,la25,la,15,10,discrete,discrete_uniform_0_100,"{""low"": 0, ""high"": 100, ""fixed_support"": true}",0,-692.2680775261889,1384.5361550523778,1384.5361550523778,chi2_uniform_0_100_bins10,9.102545454545453,0.4278627425042418
file,la25,la,15,10,discrete,poisson,"{""mu"": 50.06}",1,-1707.9157110149308,3417.8314220298616,3420.8420573239578,,,
file,la25,la,15,10,continuous_exploratory,uniform,"[5.0, 94.0]",2,-681.4942173405004,1366.9884346810009,1373.0097052691933,KS_continuous,0.0719148936170213,0.4009271382993971
file,la25,la,15,10,continuous_exploratory,weibull_min,"[1.8942220756520192, -1.3840787568867228, 57.87431334524791]",3,-706.6331748478904,1419.2663496957807,1428.2982555780695,KS_continuous,0.08167041608716141,0.2555273784241774
file,la25,la,15,10,continuous_exploratory,norm,"[50.06, 27.886252287940497]",2,-712.0608526582294,1428.1217053164587,1434.1429759046512,KS_continuous,0.07464009271600225,0.35586092243143785
file,la25,la,15,10,continuous_exploratory,lognorm,"[0.0982177630439843, -234.70166467359817, 283.3945651327085]",3,-711.781573398059,1429.563146796118,1438.5950526784068,KS_continuous,0.07893906315889687,0.2917596590854685
file,la25,la,15,10,continuous_exploratory,gamma,"[419.9239938355753, -519.4615704447206, 1.3561860174446485]",3,-711.8875849839552,1429.7751699679104,1438.8070758501992,KS_continuous,0.07722757412361003,0.316240817258968
file,la25,la,15,10,continuous_exploratory,expon,"[5.0, 45.06]",2,-721.1992402506148,1446.3984805012296,1452.419751089422,KS_continuous,0.16627035069757848,0.00043006836967036016
file,la26,la,20,10,discrete,discrete_uniform_minmax,"{""low"": 7, ""high"": 99}",2,-906.5198986306513,1817.0397972613025,1823.6364319943987,chi2_uniform_minmax_bins10,6.966333333333331,0.6406247255085248
file,la26,la,20,10,discrete,discrete_uniform_1_99,"{""low"": 1, ""high"": 99, ""fixed_support"": true}",0,-919.0239700269179,1838.0479400538359,1838.0479400538359,chi2_uniform_1_99_bins10,15.622,0.07520726790604489
file,la26,la,20,10,discrete,discrete_uniform_1_100,"{""low"": 1, ""high"": 100, ""fixed_support"": true}",0,-921.0340371976183,1842.0680743952366,1842.0680743952366,chi2_uniform_1_100_bins10,16.000000000000004,0.0668815877741266
file,la26,la,20,10,discrete,discrete_uniform_0_99,"{""low"": 0, ""high"": 99, ""fixed_support"": true}",0,-921.0340371976183,1842.0680743952366,1842.0680743952366,chi2_uniform_0_99_bins10,16.4,0.058984030544419454
file,la26,la,20,10,discrete,discrete_uniform_0_100,"{""low"": 0, ""high"": 100, ""fixed_support"": true}",0,-923.024103368252,1846.048206736504,1846.048206736504,chi2_uniform_0_100_bins10,17.99472727272728,0.035234761730092025
file,la26,la,20,10,discrete,poisson,"{""mu"": 52.575}",1,-1925.9638488567427,3853.9276977134855,3857.2260150800334,,,
file,la26,la,20,10,continuous_exploratory,uniform,"[7.0, 92.0]",2,-904.3577154098078,1812.7154308196157,1819.3120655527118,KS_continuous,0.037391304347826004,0.9325195478872181
file,la26,la,20,10,continuous_exploratory,weibull_min,"[2.1386795168536388, 0.48745580296976476, 58.834707258965025]",3,-927.524635824506,1861.049271649012,1870.9442237486562,KS_continuous,0.07436033478565751,0.20812272392749953
file,la26,la,20,10,continuous_exploratory,norm,"[52.575, 25.78438238546737]",2,-933.7415015894194,1871.4830031788388,1878.079637911935,KS_continuous,0.07277123384457751,0.22871380658826101
file,la26,la,20,10,continuous_exploratory,lognorm,"[0.10685858682453317, -189.45355464031346, 240.6540839974838]",3,-933.2100324826432,1872.4200649652864,1882.3150170649305,KS_continuous,0.07625275399783582,0.1854924121601863
file,la26,la,20,10,continuous_exploratory,gamma,"[194.16248884764116, -305.4993066618023, 1.8438392080850337]",3,-933.3200458139604,1872.6400916279208,1882.535043727565,KS_continuous,0.07601770619022485,0.18819413316931133
file,la26,la,20,10,continuous_exploratory,expon,"[7.0, 45.575]",2,-963.8718641129453,1931.7437282258907,1938.3403629589868,KS_continuous,0.16724629491268866,2.3329976934171302e-05
file,la27,la,20,10,discrete,discrete_uniform_minmax,"{""low"": 5, ""high"": 99}",2,-910.7753783201082,1825.5507566402164,1832.1473913733125,chi2_uniform_minmax_bins10,3.6694444444444456,0.9317923725266992
file,la27,la,20,10,discrete,discrete_uniform_1_99,"{""low"": 1, ""high"": 99, ""fixed_support"": true}",0,-919.0239700269179,1838.0479400538359,1838.0479400538359,chi2_uniform_1_99_bins10,10.672,0.29886323052047736
file,la27,la,20,10,discrete,discrete_uniform_1_100,"{""low"": 1, ""high"": 100, ""fixed_support"": true}",0,-921.0340371976183,1842.0680743952366,1842.0680743952366,chi2_uniform_1_100_bins10,11.0,0.27570893677222197
file,la27,la,20,10,discrete,discrete_uniform_0_99,"{""low"": 0, ""high"": 99, ""fixed_support"": true}",0,-921.0340371976183,1842.0680743952366,1842.0680743952366,chi2_uniform_0_99_bins10,14.5,0.1056178125797962
file,la27,la,20,10,discrete,discrete_uniform_0_100,"{""low"": 0, ""high"": 100, ""fixed_support"": true}",0,-923.024103368252,1846.048206736504,1846.048206736504,chi2_uniform_0_100_bins10,12.81618181818182,0.17110176595885385
file,la27,la,20,10,discrete,poisson,"{""mu"": 54.16}",1,-1997.0619658512983,3996.1239317025966,3999.4222490691445,,,
file,la27,la,20,10,continuous_exploratory,uniform,"[5.0, 94.0]",2,-908.6589564540006,1821.3179129080013,1827.9145476410974,KS_continuous,0.07042553191489359,0.26186054110037693
file,la27,la,20,10,continuous_exploratory,weibull_min,"[2.9282847741997786, -14.606548187150683, 77.30060365843299]",3,-934.058168756944,1874.116337513888,1884.0112896135322,KS_continuous,0.07370090423168141,0.21648822089899344
file,la27,la,20,10,continuous_exploratory,norm,"[54.16, 26.30179461557709]",2,-937.7151412788257,1879.4302825576515,1886.0269172907476,KS_continuous,0.07309722432160126,0.22436888048682602
file,la27,la,20,10,continuous_exploratory,lognorm,"[3.13540025841195e-06, -8388602.999999996, 8388657.159958763]",3,-937.7151657066199,1881.4303314132399,1891.325283512884,KS_continuous,0.07309743293891513,0.2243661200894328
file,la27,la,20,10,continuous_exploratory,gamma,"[1105.454530149313, -821.447601308293, 0.7920308586595365]",3,-937.8810904509301,1881.7621809018601,1891.6571330015042,KS_continuous,0.07496796094174896,0.2006360544009551
file,la27,la,20,10,continuous_exploratory,expon,"[5.0, 49.16]",2,-979.0160569395669,1962.0321138791337,1968.6287486122299,KS_continuous,0.2084424834910965,4.227989639341443e-08
file,la28,la,20,10,discrete,discrete_uniform_minmax,"{""low"": 5, ""high"": 99}",2,-910.7753783201082,1825.5507566402164,1832.1473913733125,chi2_uniform_minmax_bins10,3.6799999999999997,0.931184892832221
file,la28,la,20,10,discrete,discrete_uniform_1_99,"{""low"": 1, ""high"": 99, ""fixed_support"": true}",0,-919.0239700269179,1838.0479400538359,1838.0479400538359,chi2_uniform_1_99_bins10,6.1675,0.7230441897645288
file,la28,la,20,10,discrete,discrete_uniform_1_100,"{""low"": 1, ""high"": 100, ""fixed_support"": true}",0,-921.0340371976183,1842.0680743952366,1842.0680743952366,chi2_uniform_1_100_bins10,5.8,0.7597562788720694
file,la28,la,20,10,discrete,discrete_uniform_0_99,"{""low"": 0, ""high"": 99, ""fixed_support"": true}",0,-921.0340371976183,1842.0680743952366,1842.0680743952366,chi2_uniform_0_99_bins10,6.300000000000001,0.7095579631645259
file,la28,la,20,10,discrete,discrete_uniform_0_100,"{""low"": 0, ""high"": 100, ""fixed_support"": true}",0,-923.024103368252,1846.048206736504,1846.048206736504,chi2_uniform_0_100_bins10,6.6827272727272735,0.6701133077330637
file,la28,la,20,10,discrete,poisson,"{""mu"": 53.41}",1,-2118.9129688547955,4239.825937709591,4243.124255076139,,,
file,la28,la,20,10,continuous_exploratory,uniform,"[5.0, 94.0]",2,-908.6589564540006,1821.3179129080013,1827.9145476410974,KS_continuous,0.05042553191489363,0.6701210342671111
file,la28,la,20,10,continuous_exploratory,weibull_min,"[2.836700723818939, -15.51734933383054, 77.56634474288941]",3,-939.9001161289592,1885.8002322579184,1895.6951843575625,KS_continuous,0.07866952017308237,0.15944224214068536
file,la28,la,20,10,continuous_exploratory,norm,"[53.41, 27.089147273400837]",2,-943.6143422529501,1891.2286845059002,1897.8253192389964,KS_continuous,0.07491582095482929,0.20127021675106205
file,la28,la,20,10,continuous_exploratory,lognorm,"[3.229259728930529e-06, -8388602.999999974, 8388656.409956235]",3,-943.6143647870131,1893.2287295740261,1903.1236816736703,KS_continuous,0.07491619556806683,0.2012656549378652
file,la28,la,20,10,continuous_exploratory,gamma,"[1289.1178951162437, -920.7160928623439, 0.7556467706123629]",3,-943.7528859498369,1893.5057718996738,1903.400723999318,KS_continuous,0.07701202229066362,0.17697185472822874
file,la28,la,20,10,continuous_exploratory,expon,"[5.0, 48.41]",2,-975.9412807903205,1955.882561580641,1962.4791963137372,KS_continuous,0.1936758176060614,4.787178101245978e-07
file,la29,la,20,10,discrete,discrete_uniform_minmax,"{""low"": 5, ""high"": 99}",2,-910.7753783201082,1825.5507566402164,1832.1473913733125,chi2_uniform_minmax_bins10,4.851666666666665,0.8470423415620776
file,la29,la,20,10,discrete,discrete_uniform_1_99,"{""low"": 1, ""high"": 99, ""fixed_support"": true}",0,-919.0239700269179,1838.0479400538359,1838.0479400538359,chi2_uniform_1_99_bins10,9.3355,0.40689858158036873
file,la29,la,20,10,discrete,discrete_uniform_1_100,"{""low"": 1, ""high"": 100, ""fixed_support"": true}",0,-921.0340371976183,1842.0680743952366,1842.0680743952366,chi2_uniform_1_100_bins10,10.2,0.3345381516340064
file,la29,la,20,10,discrete,discrete_uniform_0_99,"{""low"": 0, ""high"": 99, ""fixed_support"": true}",0,-921.0340371976183,1842.0680743952366,1842.0680743952366,chi2_uniform_0_99_bins10,12.2,0.2022676854058257
file,la29,la,20,10,discrete,discrete_uniform_0_100,"{""low"": 0, ""high"": 100, ""fixed_support"": true}",0,-923.024103368252,1846.048206736504,1846.048206736504,chi2_uniform_0_100_bins10,11.269045454545457,0.25771714891080627
file,la29,la,20,10,discrete,poisson,"{""mu"": 49.645}",1,-2220.937813025646,4443.875626051292,4447.17394341784,,,
file,la29,la,20,10,continuous_exploratory,uniform,"[5.0, 94.0]",2,-908.6589564540006,1821.3179129080013,1827.9145476410974,KS_continuous,0.07691489361702131,0.17804436616673336
file,la29,la,20,10,continuous_exploratory,weibull_min,"[1.9538912712296306, -1.957911227378329, 58.13840316715532]",3,-938.5754372653976,1883.1508745307951,1893.0458266304393,KS_continuous,0.07818063800641495,0.16446265147446726
file,la29,la,20,10,continuous_exploratory,norm,"[49.645, 27.35980582898936]",2,-945.602705808035,1895.20541161607,1901.8020463491662,KS_continuous,0.07334345465425174,0.22112865171515284
file,la29,la,20,10,continuous_exploratory,lognorm,"[0.10655245835398042, -207.98502829083606, 256.17547573392164]",3,-945.1366693110218,1896.2733386220436,1906.1682907216878,KS_continuous,0.0778825637034748,0.1675846860214678
file,la29,la,20,10,continuous_exploratory,gamma,"[250.0696477002645, -382.2278327554311, 1.7265505705536666]",3,-945.2650591011982,1896.5301182023964,1906.4250703020405,KS_continuous,0.07676392511765295,0.17972151567872452
file,la29,la,20,10,continuous_exploratory,expon,"[5.0, 44.645]",2,-959.748463793836,1923.496927587672,1930.0935623207681,KS_continuous,0.16642816427662988,2.6069100767056155e-05
file,la30,la,20,10,discrete,discrete_uniform_minmax,"{""low"": 5, ""high"": 99}",2,-910.7753783201082,1825.5507566402164,1832.1473913733125,chi2_uniform_minmax_bins10,6.308333333333331,0.7087062292943911
file,la30,la,20,10,discrete,discrete_uniform_1_99,"{""low"": 1, ""high"": 99, ""fixed_support"": true}",0,-919.0239700269179,1838.0479400538359,1838.0479400538359,chi2_uniform_1_99_bins10,10.100000000000001,0.34245050415591677
file,la30,la,20,10,discrete,discrete_uniform_1_100,"{""low"": 1, ""high"": 100, ""fixed_support"": true}",0,-921.0340371976183,1842.0680743952366,1842.0680743952366,chi2_uniform_1_100_bins10,10.8,0.2896674903884788
file,la30,la,20,10,discrete,discrete_uniform_0_99,"{""low"": 0, ""high"": 99, ""fixed_support"": true}",0,-921.0340371976183,1842.0680743952366,1842.0680743952366,chi2_uniform_0_99_bins10,11.8,0.2248206415577542
file,la30,la,20,10,discrete,discrete_uniform_0_100,"{""low"": 0, ""high"": 100, ""fixed_support"": true}",0,-923.024103368252,1846.048206736504,1846.048206736504,chi2_uniform_0_100_bins10,11.581227272727276,0.23795995586380425
file,la30,la,20,10,discrete,poisson,"{""mu"": 53.4}",1,-2225.904183078259,4453.808366156518,4457.106683523066,,,
file,la30,la,20,10,continuous_exploratory,uniform,"[5.0, 94.0]",2,-908.6589564540006,1821.3179129080013,1827.9145476410974,KS_continuous,0.05585106382978722,0.5419821103268258
file,la30,la,20,10,continuous_exploratory,weibull_min,"[3.322484123015128, -27.133375140583105, 90.08707209746086]",3,-944.6136694862053,1895.2273389724105,1905.1222910720546,KS_continuous,0.0858729718747544,0.09871257181484738
file,la30,la,20,10,continuous_exploratory,norm,"[53.4, 27.77264841530242]",2,-948.5980399260749,1901.1960798521498,1907.792714585246,KS_continuous,0.08784105117532415,0.08595897224711102
file,la30,la,20,10,continuous_exploratory,lognorm,"[1.655374284628105e-06, -16777210.999999948, 16777264.39997696]",3,-948.5980661415856,1903.1961322831712,1913.0910843828153,KS_continuous,0.08784121910804632,0.0859579460280927
file,la30,la,20,10,continuous_exploratory,gamma,"[419.12607195147325, -518.3972293653692, 1.3640033447378879]",3,-949.1240708799686,1904.2481417599372,1914.1430938595813,KS_continuous,0.09190916428935336,0.0639408126572365
file,la30,la,20,10,continuous_exploratory,expon,"[5.0, 48.4]",2,-975.8999627445171,1955.7999254890342,1962.3965602221303,KS_continuous,0.18739836036108937,1.270425771722694e-06
file,la31,la,30,10,discrete,discrete_uniform_minmax,"{""low"": 5, ""high"": 99}",2,-1366.1630674801622,2736.3261349603245,2743.733699909637,chi2_uniform_minmax_bins10,8.464999999999998,0.4880473818675095
file,la31,la,30,10,discrete,discrete_uniform_1_99,"{""low"": 1, ""high"": 99, ""fixed_support"": true}",0,-1378.5359550403768,2757.0719100807537,2757.0719100807537,chi2_uniform_1_99_bins10,10.661999999999997,0.29959027198157506
file,la31,la,30,10,discrete,discrete_uniform_1_100,"{""low"": 1, ""high"": 100, ""fixed_support"": true}",0,-1381.5510557964276,2763.102111592855,2763.102111592855,chi2_uniform_1_100_bins10,11.666666666666666,0.2327598715399485
file,la31,la,30,10,discrete,discrete_uniform_0_99,"{""low"": 0, ""high"": 99, ""fixed_support"": true}",0,-1381.5510557964276,2763.102111592855,2763.102111592855,chi2_uniform_0_99_bins10,13.666666666666666,0.13468638580484982
file,la31,la,30,10,discrete,discrete_uniform_0_100,"{""low"": 0, ""high"": 100, ""fixed_support"": true}",0,-1384.5361550523778,2769.0723101047556,2769.0723101047556,chi2_uniform_0_100_bins10,13.999818181818178,0.12233169581062181
file,la31,la,30,10,discrete,poisson,"{""mu"": 50.63666666666666}",1,-3092.5790383385497,6187.158076677099,6190.861859151755,,,
file,la31,la,30,10,continuous_exploratory,uniform,"[5.0, 94.0]",2,-1362.988434681001,2729.976869362002,2737.3844343113146,KS_continuous,0.05234042553191498,0.3709406065833972
file,la31,la,30,10,continuous_exploratory,weibull_min,"[2.0257460646880405, -0.611129234218588, 57.81937880628424]",3,-1398.0119440386693,2802.0238880773386,2813.1352355013073,KS_continuous,0.072905923059576,0.07838297214641199
file,la31,la,30,10,continuous_exploratory,lognorm,"[0.12575232436308437, -160.72678754373487, 209.70466332772176]",3,-1407.3593168352077,2820.7186336704153,2831.829981094384,KS_continuous,0.07497547502802115,0.06512479448080888
file,la31,la,30,10,continuous_exploratory,norm,"[50.63666666666666, 26.463647812717646]",2,-1408.4131631376767,2820.8263262753535,2828.233891224666,KS_continuous,0.07137922159669319,0.08956609849771913
file,la31,la,30,10,continuous_exploratory,gamma,"[140.16746072837333, -262.7653627292747, 2.2350361244663586]",3,-1407.5707562806467,2821.1415125612934,2832.252859985262,KS_continuous,0.07441869609619944,0.06848862122861732
file,la31,la,30,10,continuous_exploratory,expon,"[5.0, 45.63666666666666]",2,-1446.2134460932666,2896.426892186533,2903.8344571358457,KS_continuous,0.1640055605685154,1.610571864405629e-07
file,la32,la,30,10,discrete,discrete_uniform_minmax,"{""low"": 5, ""high"": 99}",2,-1366.1630674801622,2736.3261349603245,2743.733699909637,chi2_uniform_minmax_bins10,8.450925925925928,0.48941809746821496
file,la32,la,30,10,discrete,discrete_uniform_1_99,"{""low"": 1, ""high"": 99, ""fixed_support"": true}",0,-1378.5359550403768,2757.0719100807537,2757.0719100807537,chi2_uniform_1_99_bins10,13.104000000000001,0.15795656635652996
file,la32,la,30,10,discrete,discrete_uniform_1_100,"{""low"": 1, ""high"": 100, ""fixed_support"": true}",0,-1381.5510557964276,2763.102111592855,2763.102111592855,chi2_uniform_1_100_bins10,12.933333333333334,0.16564613500075548
file,la32,la,30,10,discrete,discrete_uniform_0_99,"{""low"": 0, ""high"": 99, ""fixed_support"": true}",0,-1381.5510557964276,2763.102111592855,2763.102111592855,chi2_uniform_0_99_bins10,15.066666666666666,0.0891209597647302
file,la32,la,30,10,discrete,discrete_uniform_0_100,"{""low"": 0, ""high"": 100, ""fixed_support"": true}",0,-1384.5361550523778,2769.0723101047556,2769.0723101047556,chi2_uniform_0_100_bins10,14.712939393939392,0.09912888738957369
file,la32,la,30,10,discrete,poisson,"{""mu"": 55.23}",1,-3218.8895966616847,6439.779193323369,6443.482975798025,,,
file,la32,la,30,10,continuous_exploratory,uniform,"[5.0, 94.0]",2,-1362.988434681001,2729.976869362002,2737.3844343113146,KS_continuous,0.08127659574468088,0.03588075514951827
file,la32,la,30,10,continuous_exploratory,weibull_min,"[4.182184226663279, -42.93449780556095, 108.410285027273]",3,-1413.515726293212,2833.031452586424,2844.142800010393,KS_continuous,0.07749001693698543,0.05163416942783017
file,la32,la,30,10,continuous_exploratory,norm,"[55.23, 27.456822467284884]",2,-1419.4659635676464,2842.931927135293,2850.3394920846054,KS_continuous,0.08199553147557892,0.0334193073159047
file,la32,la,30,10,continuous_exploratory,lognorm,"[6.546142650798998e-06, -4194299.0, 4194354.229910132]",3,-1419.4661673397206,2844.9323346794413,2856.04368210341,KS_continuous,0.08199627349169825,0.03341684534013778
file,la32,la,30,10,continuous_exploratory,gamma,"[316.0586035105421, -436.3871606029561, 1.5550993194265978]",3,-1420.6692687489663,2847.3385374979325,2858.4498849219012,KS_continuous,0.08716821068214331,0.01967516927127143
file,la32,la,30,10,continuous_exploratory,expon,"[5.0, 50.23]",2,-1474.983737328586,2953.967474657172,2961.3750396064843,KS_continuous,0.18300096146691652,2.893480329037158e-09
file,la33,la,30,10,discrete,discrete_uniform_minmax,"{""low"": 5, ""high"": 99}",2,-1366.1630674801622,2736.3261349603245,2743.733699909637,chi2_uniform_minmax_bins10,6.061851851851854,0.7337122843389259
file,la33,la,30,10,discrete,discrete_uniform_1_99,"{""low"": 1, ""high"": 99, ""fixed_support"": true}",0,-1378.5359550403768,2757.0719100807537,2757.0719100807537,chi2_uniform_1_99_bins10,7.428,0.5926502809563277
file,la33,la,30,10,discrete,discrete_uniform_1_100,"{""low"": 1, ""high"": 100, ""fixed_support"": true}",0,-1381.5510557964276,2763.102111592855,2763.102111592855,chi2_uniform_1_100_bins10,9.333333333333332,0.4070908354905882
file,la33,la,30,10,discrete,discrete_uniform_0_99,"{""low"": 0, ""high"": 99, ""fixed_support"": true}",0,-1381.5510557964276,2763.102111592855,2763.102111592855,chi2_uniform_0_99_bins10,12.466666666666667,0.1882604516491762
file,la33,la,30,10,discrete,discrete_uniform_0_100,"{""low"": 0, ""high"": 100, ""fixed_support"": true}",0,-1384.5361550523778,2769.0723101047556,2769.0723101047556,chi2_uniform_0_100_bins10,10.513787878787877,0.31051234489080687
file,la33,la,30,10,discrete,poisson,"{""mu"": 49.89666666666667}",1,-3317.1598917472284,6636.319783494457,6640.0235659691125,,,
file,la33,la,30,10,continuous_exploratory,uniform,"[5.0, 94.0]",2,-1362.988434681001,2729.976869362002,2737.3844343113146,KS_continuous,0.05510638297872339,0.3105954517389443
file,la33,la,30,10,continuous_exploratory,weibull_min,"[2.134196964550303, -4.863183459159882, 61.849725066096994]",3,-1407.7931375210874,2821.5862750421747,2832.6976224661435,KS_continuous,0.08725248854919465,0.019500839922006876
file,la33,la,30,10,continuous_exploratory,norm,"[49.89666666666667, 27.173136039519292]",2,-1416.3502118572276,2836.700423714455,2844.1079886637676,KS_continuous,0.06887901122370843,0.1107508091595264
file,la33,la,30,10,continuous_exploratory,lognorm,"[0.02033712268306429, -1286.408675896602, 1336.029051237932]",3,-1416.326481787656,2838.652963575312,2849.7643109992805,KS_continuous,0.07069464282136317,0.09499865001563679
file,la33,la,30,10,continuous_exploratory,gamma,"[15606.486151560457, -3344.543620296401, 0.21750167807571397]",3,-1416.33830879497,2838.67661758994,2849.787965013909,KS_continuous,0.06902848439598797,0.1093773312743126
file,la33,la,30,10,continuous_exploratory,expon,"[5.0, 44.89666666666667]",2,-1441.3090658827841,2886.6181317655683,2894.0256967148807,KS_continuous,0.1571713537761134,6.126751802951732e-07
file,la34,la,30,10,discrete,discrete_uniform_minmax,"{""low"": 5, ""high"": 99}",2,-1366.1630674801622,2736.3261349603245,2743.733699909637,chi2_uniform_minmax_bins10,6.593148148148147,0.679394898147112
file,la34,la,30,10,discrete,discrete_uniform_1_99,"{""low"": 1, ""high"": 99, ""fixed_support"": true}",0,-1378.5359550403768,2757.0719100807537,2757.0719100807537,chi2_uniform_1_99_bins10,13.954666666666666,0.12394698522154173
file,la34,la,30,10,discrete,discrete_uniform_1_100,"{""low"": 1, ""high"": 100, ""fixed_support"": true}",0,-1381.5510557964276,2763.102111592855,2763.102111592855,chi2_uniform_1_100_bins10,13.333333333333332,0.1480941956319112
file,la34,la,30,10,discrete,discrete_uniform_0_99,"{""low"": 0, ""high"": 99, ""fixed_support"": true}",0,-1381.5510557964276,2763.102111592855,2763.102111592855,chi2_uniform_0_99_bins10,15.866666666666665,0.06971868502750082
file,la34,la,30,10,discrete,discrete_uniform_0_100,"{""low"": 0, ""high"": 100, ""fixed_support"": true}",0,-1384.5361550523778,2769.0723101047556,2769.0723101047556,chi2_uniform_0_100_bins10,15.361787878787874,0.0814657098376618
file,la34,la,30,10,discrete,poisson,"{""mu"": 51.13666666666666}",1,-3313.744978050383,6629.489956100766,6633.193738575422,,,
file,la34,la,30,10,continuous_exploratory,uniform,"[5.0, 94.0]",2,-1362.988434681001,2729.976869362002,2737.3844343113146,KS_continuous,0.044751773049645394,0.5695089847624324
file,la34,la,30,10,continuous_exploratory,weibull_min,"[2.0233382253979713, -2.401927477001676, 60.40175445528054]",3,-1411.7793014741355,2829.558602948271,2840.66995037224,KS_continuous,0.09375962961226836,0.009557245292078112
file,la34,la,30,10,continuous_exploratory,norm,"[51.13666666666666, 27.67353709874391]",2,-1421.8245451124737,2847.6490902249475,2855.05665517426,KS_continuous,0.08226604668363569,0.032532226932144526
file,la34,la,30,10,continuous_exploratory,lognorm,"[0.09357160390999143, -245.40851993825845, 295.2524732981244]",3,-1421.3223139957977,2848.6446279915954,2859.755975415564,KS_continuous,0.08982717853788447,0.014796917548119364
file,la34,la,30,10,continuous_exploratory,gamma,"[500.8253589960982, -567.0642734343655, 1.234318417236719]",3,-1421.5229225031514,2849.045845006303,2860.1571924302716,KS_continuous,0.08544785762996554,0.02355062667073793
file,la34,la,30,10,continuous_exploratory,expon,"[5.0, 46.13666666666666]",2,-1449.4824018721501,2902.9648037443003,2910.3723686936128,KS_continuous,0.14495807766742647,5.775461333687042e-06
file,la35,la,30,10,discrete,discrete_uniform_minmax,"{""low"": 5, ""high"": 99}",2,-1366.1630674801622,2736.3261349603245,2743.733699909637,chi2_uniform_minmax_bins10,9.330555555555557,0.4073373910388978
file,la35,la,30,10,discrete,discrete_uniform_1_99,"{""low"": 1, ""high"": 99, ""fixed_support"": true}",0,-1378.5359550403768,2757.0719100807537,2757.0719100807537,chi2_uniform_1_99_bins10,15.974999999999998,0.06740549205916209
file,la35,la,30,10,discrete,discrete_uniform_1_100,"{""low"": 1, ""high"": 100, ""fixed_support"": true}",0,-1381.5510557964276,2763.102111592855,2763.102111592855,chi2_uniform_1_100_bins10,15.133333333333333,0.08733804723999777
file,la35,la,30,10,discrete,discrete_uniform_0_99,"{""low"": 0, ""high"": 99, ""fixed_support"": true}",0,-1381.5510557964276,2763.102111592855,2763.102111592855,chi2_uniform_0_99_bins10,9.133333333333333,0.4250585804021004
file,la35,la,30,10,discrete,discrete_uniform_0_100,"{""low"": 0, ""high"": 100, ""fixed_support"": true}",0,-1384.5361550523778,2769.0723101047556,2769.0723101047556,chi2_uniform_0_100_bins10,16.93493939393939,0.04974462016723812
file,la35,la,30,10,discrete,poisson,"{""mu"": 51.61666666666667}",1,-3345.8755926371223,6693.751185274245,6697.4549677489,,,
file,la35,la,30,10,continuous_exploratory,uniform,"[5.0, 94.0]",2,-1362.988434681001,2729.976869362002,2737.3844343113146,KS_continuous,0.04794326241134744,0.4808760841264691
file,la35,la,30,10,continuous_exploratory,weibull_min,"[2.152259339006209, -4.904585986280683, 63.84565819832693]",3,-1415.0620466028263,2836.1240932056526,2847.2354406296213,KS_continuous,0.07926793853538727,0.043616819688075625
file,la35,la,30,10,continuous_exploratory,norm,"[51.61666666666667, 27.851326519375856]",2,-1423.7457387902864,2851.491477580573,2858.8990425298853,KS_continuous,0.07601079996869509,0.059243702462707826
file,la35,la,30,10,continuous_exploratory,lognorm,"[0.05541009529407599, -451.4756735864246, 502.32116072710977]",3,-1423.5554203305487,2853.1108406610974,2864.222188085066,KS_continuous,0.07773612977608313,0.05045356574792004
file,la35,la,30,10,continuous_exploratory,gamma,"[1519.6721127265573, -1033.2703807757198, 0.7138788094902546]",3,-1423.6358880909206,2853.2717761818412,2864.38312360581,KS_continuous,0.07700201353551683,0.054045729220131844
file,la35,la,30,10,continuous_exploratory,expon,"[5.0, 46.61666666666667]",2,-1452.5874392939577,2909.1748785879154,2916.582443537228,KS_continuous,0.1645014054428972,1.4584791174577889e-07
file,la36,la,15,15,discrete,discrete_uniform_minmax,"{""low"": 7, ""high"": 99}",2,-1019.8348859594827,2043.6697719189654,2050.5019727233744,chi2_uniform_minmax_bins10,10.462222222222223,0.31437659177641486
file,la36,la,15,15,discrete,discrete_uniform_1_99,"{""low"": 1, ""high"": 99, ""fixed_support"": true}",0,-1033.9019662802827,2067.8039325605655,2067.8039325605655,chi2_uniform_1_99_bins10,18.451999999999998,0.030277273990476694
file,la36,la,15,15,discrete,discrete_uniform_1_100,"{""low"": 1, ""high"": 100, ""fixed_support"": true}",0,-1036.1632918473206,2072.326583694641,2072.326583694641,chi2_uniform_1_100_bins10,19.31111111111111,0.02267375988819008
file,la36,la,15,15,discrete,discrete_uniform_0_99,"{""low"": 0, ""high"": 99, ""fixed_support"": true}",0,-1036.1632918473206,2072.326583694641,2072.326583694641,chi2_uniform_0_99_bins10,21.08888888888889,0.012261536419827456
file,la36,la,15,15,discrete,discrete_uniform_0_100,"{""low"": 0, ""high"": 100, ""fixed_support"": true}",0,-1038.4021162892834,2076.804232578567,2076.804232578567,chi2_uniform_0_100_bins10,21.607313131313134,0.01021040308448951
file,la36,la,15,15,discrete,poisson,"{""mu"": 52.17333333333333}",1,-2102.2364082346976,4206.472816469395,4209.8889168716,,,
file,la36,la,15,15,continuous_exploratory,uniform,"[7.0, 92.0]",2,-1017.4024298360338,2038.8048596720676,2045.6370604764763,KS_continuous,0.05550724637681159,0.47527235113158783
file,la36,la,15,15,continuous_exploratory,weibull_min,"[2.1608826193095947, 0.8307989106198422, 57.99726975587477]",3,-1038.3520036938962,2082.7040073877924,2092.9523085944056,KS_continuous,0.06646846184985478,0.2614474102376172
file,la36,la,15,15,continuous_exploratory,norm,"[52.17333333333333, 25.195082412601426]",2,-1045.257157422499,2094.514314844998,2101.3465156494067,KS_continuous,0.06642014336962676,0.26220802097763873
file,la36,la,15,15,continuous_exploratory,lognorm,"[0.11591611350182751, -165.89867393652236, 216.61594137041294]",3,-1044.4895897210977,2094.9791794421953,2105.2274806488085,KS_continuous,0.06921673824713725,0.22080857381850583
file,la36,la,15,15,continuous_exploratory,gamma,"[99.49588310825587, -199.0897116973174, 2.524820914952997]",3,-1044.5137768254053,2095.0275536508107,2105.275854857424,KS_continuous,0.06892106961659938,0.22493645548308183
file,la36,la,15,15,continuous_exploratory,expon,"[7.0, 45.17333333333333]",2,-1082.3640620030178,2168.7281240060356,2175.5603248104444,KS_continuous,0.1786011874259118,9.465782106942975e-07
file,la37,la,15,15,discrete,discrete_uniform_minmax,"{""low"": 5, ""high"": 99}",2,-1024.6223006101218,2053.2446012202436,2060.0768020246524,chi2_uniform_minmax_bins10,7.250370370370373,0.6110700011442183
file,la37,la,15,15,discrete,discrete_uniform_1_99,"{""low"": 1, ""high"": 99, ""fixed_support"": true}",0,-1033.9019662802827,2067.8039325605655,2067.8039325605655,chi2_uniform_1_99_bins10,12.766222222222224,0.1734729024745312
file,la37,la,15,15,discrete,discrete_uniform_1_100,"{""low"": 1, ""high"": 100, ""fixed_support"": true}",0,-1036.1632918473206,2072.326583694641,2072.326583694641,chi2_uniform_1_100_bins10,12.555555555555555,0.183769335285174
file,la37,la,15,15,discrete,discrete_uniform_0_99,"{""low"": 0, ""high"": 99, ""fixed_support"": true}",0,-1036.1632918473206,2072.326583694641,2072.326583694641,chi2_uniform_0_99_bins10,16.466666666666665,0.05775313294793642
file,la37,la,15,15,discrete,discrete_uniform_0_100,"{""low"": 0, ""high"": 100, ""fixed_support"": true}",0,-1038.4021162892834,2076.804232578567,2076.804232578567,chi2_uniform_0_100_bins10,14.343474747474747,0.11062101564696035
file,la37,la,15,15,discrete,poisson,"{""mu"": 55.86222222222222}",1,-2314.226489319446,4630.452978638892,4633.8690790410965,,,
file,la37,la,15,15,continuous_exploratory,uniform,"[5.0, 94.0]",2,-1022.2413260107508,2048.4826520215015,2055.3148528259103,KS_continuous,0.08345153664302601,0.08222653442867955
file,la37,la,15,15,continuous_exploratory,weibull_min,"[4.782291069879799, -52.80274280504972, 119.03834622226273]",3,-1054.6562610035303,2115.3125220070606,2125.5608232136738,KS_continuous,0.07038124391548206,0.20510902671315068
file,la37,la,15,15,continuous_exploratory,norm,"[55.86222222222222, 26.820782065728135]",2,-1059.3260033465351,2122.6520066930702,2129.484207497479,KS_continuous,0.08080224312861084,0.10022478680423741
file,la37,la,15,15,continuous_exploratory,lognorm,"[3.817806803757419e-06, -7025127.89108939, 7025183.753260414]",3,-1059.3261062460683,2124.6522124921366,2134.90051369875,KS_continuous,0.0808025154942984,0.10022278029088583
file,la37,la,15,15,continuous_exploratory,gamma,"[276.45610600466796, -395.36798673310295, 1.6314683423165954]",3,-1060.4521553659706,2126.904310731941,2137.1526119385544,KS_continuous,0.08474842346361011,0.0744592297165172
file,la37,la,15,15,continuous_exploratory,expon,"[5.0, 50.86222222222222]",2,-1109.0521016922557,2222.1042033845115,2228.9364041889203,KS_continuous,0.20859798599116774,4.574825188270956e-09
file,la38,la,15,15,discrete,discrete_uniform_minmax,"{""low"": 5, ""high"": 99}",2,-1024.6223006101218,2053.2446012202436,2060.0768020246524,chi2_uniform_minmax_bins10,7.062716049382719,0.6305897306222041
file,la38,la,15,15,discrete,discrete_uniform_1_99,"{""low"": 1, ""high"": 99, ""fixed_support"": true}",0,-1033.9019662802827,2067.8039325605655,2067.8039325605655,chi2_uniform_1_99_bins10,7.056,0.6312889165860724
file,la38,la,15,15,discrete,discrete_uniform_1_100,"{""low"": 1, ""high"": 100, ""fixed_support"": true}",0,-1036.1632918473206,2072.326583694641,2072.326583694641,chi2_uniform_1_100_bins10,7.222222222222221,0.6139950630292512
file,la38,la,15,15,discrete,discrete_uniform_0_99,"{""low"": 0, ""high"": 99, ""fixed_support"": true}",0,-1036.1632918473206,2072.326583694641,2072.326583694641,chi2_uniform_0_99_bins10,5.088888888888889,0.8264917399056829
file,la38,la,15,15,discrete,discrete_uniform_0_100,"{""low"": 0, ""high"": 100, ""fixed_support"": true}",0,-1038.4021162892834,2076.804232578567,2076.804232578567,chi2_uniform_0_100_bins10,7.569333333333333,0.5780596974129057
file,la38,la,15,15,discrete,poisson,"{""mu"": 49.85333333333333}",1,-2546.2123944616133,5094.4247889232265,5097.840889325431,,,
file,la38,la,15,15,continuous_exploratory,uniform,"[5.0, 94.0]",2,-1022.2413260107508,2048.4826520215015,2055.3148528259103,KS_continuous,0.05531914893617029,0.47961814207198306
file,la38,la,15,15,continuous_exploratory,weibull_min,"[1.9072485492965838, -1.5232030465779152, 57.81541130541237]",3,-1058.6744759496532,2123.3489518993065,2133.5972531059197,KS_continuous,0.08309062148827706,0.08450575359484469
file,la38,la,15,15,continuous_exploratory,norm,"[49.85333333333333, 27.706570420108736]",2,-1066.6368264493276,2137.273652898655,2144.105853703064,KS_continuous,0.08091641845118253,0.09938658067960315
file,la38,la,15,15,continuous_exploratory,lognorm,"[0.09050329358382005, -257.01760175920043, 305.6190938760989]",3,-1066.254532370823,2138.509064741646,2148.757365948259,KS_continuous,0.07759383943749165,0.12628563583015096
file,la38,la,15,15,continuous_exploratory,gamma,"[386.1798356788304, -494.5417242239454, 1.4095363493521882]",3,-1066.3721100583348,2138.7442201166696,2148.9925213232827,KS_continuous,0.07921934762158728,0.11246280262659913
file,la38,la,15,15,continuous_exploratory,expon,"[5.0, 44.85333333333333]",2,-1080.7645292002187,2165.5290584004374,2172.361259204846,KS_continuous,0.15448682632676697,3.72711098720371e-05
file,la39,la,15,15,discrete,discrete_uniform_minmax,"{""low"": 5, ""high"": 99}",2,-1024.6223006101218,2053.2446012202436,2060.0768020246524,chi2_uniform_minmax_bins10,4.862469135802466,0.8461285349237436
file,la39,la,15,15,discrete,discrete_uniform_1_99,"{""low"": 1, ""high"": 99, ""fixed_support"": true}",0,-1033.9019662802827,2067.8039325605655,2067.8039325605655,chi2_uniform_1_99_bins10,10.463555555555553,0.3142762567209063
file,la39,la,15,15,discrete,discrete_uniform_1_100,"{""low"": 1, ""high"": 100, ""fixed_support"": true}",0,-1036.1632918473206,2072.326583694641,2072.326583694641,chi2_uniform_1_100_bins10,11.577777777777778,0.23817175974508428
file,la39,la,15,15,discrete,discrete_uniform_0_99,"{""low"": 0, ""high"": 99, ""fixed_support"": true}",0,-1036.1632918473206,2072.326583694641,2072.326583694641,chi2_uniform_0_99_bins10,15.666666666666668,0.07417727924659442
file,la39,la,15,15,discrete,discrete_uniform_0_100,"{""low"": 0, ""high"": 100, ""fixed_support"": true}",0,-1038.4021162892834,2076.804232578567,2076.804232578567,chi2_uniform_0_100_bins10,13.143717171717173,0.15621031896769186
file,la39,la,15,15,discrete,poisson,"{""mu"": 51.35111111111111}",1,-2337.997879396372,4677.995758792744,4681.411859194948,,,
file,la39,la,15,15,continuous_exploratory,uniform,"[5.0, 94.0]",2,-1022.2413260107508,2048.4826520215015,2055.3148528259103,KS_continuous,0.05115839243498821,0.5799986928237484
file,la39,la,15,15,continuous_exploratory,weibull_min,"[2.5941652626214893, -10.7504794884383, 70.0797428440874]",3,-1050.5673294789162,2107.1346589578325,2117.3829601644456,KS_continuous,0.08450881402644117,0.07584561279036284
file,la39,la,15,15,continuous_exploratory,norm,"[51.35111111111111, 26.350565013737558]",2,-1055.3463563869668,2114.6927127739336,2121.5249135783424,KS_continuous,0.07550574856846781,0.14604328648842524
file,la39,la,15,15,continuous_exploratory,lognorm,"[1.2564654385313559e-05, -2097146.999999999, 2097198.350945567]",3,-1055.346419945146,2116.692839890292,2126.941141096905,KS_continuous,0.0755074192444748,0.1460265367698803
file,la39,la,15,15,continuous_exploratory,gamma,"[2470.440401432277, -1259.3947435983596, 0.5305684922400586]",3,-1055.4178463495666,2116.8356926991332,2127.0839939057464,KS_continuous,0.07731481298601928,0.12879239296988343
file,la39,la,15,15,continuous_exploratory,expon,"[5.0, 46.35111111111111]",2,-1088.1551843812786,2180.310368762557,2187.142569566966,KS_continuous,0.17892807128327953,8.972411957394445e-07
file,la40,la,15,15,discrete,discrete_uniform_minmax,"{""low"": 5, ""high"": 99}",2,-1024.6223006101218,2053.2446012202436,2060.0768020246524,chi2_uniform_minmax_bins10,4.196296296296297,0.8980240797575485
file,la40,la,15,15,discrete,discrete_uniform_1_99,"{""low"": 1, ""high"": 99, ""fixed_support"": true}",0,-1033.9019662802827,2067.8039325605655,2067.8039325605655,chi2_uniform_1_99_bins10,9.906222222222222,0.3581303260487945
file,la40,la,15,15,discrete,discrete_uniform_1_100,"{""low"": 1, ""high"": 100, ""fixed_support"": true}",0,-1036.1632918473206,2072.326583694641,2072.326583694641,chi2_uniform_1_100_bins10,9.88888888888889,0.35955502700369274
file,la40,la,15,15,discrete,discrete_uniform_0_99,"{""low"": 0, ""high"": 99, ""fixed_support"": true}",0,-1036.1632918473206,2072.326583694641,2072.326583694641,chi2_uniform_0_99_bins10,11.666666666666668,0.23275987153994832
file,la40,la,15,15,discrete,discrete_uniform_0_100,"{""low"": 0, ""high"": 100, ""fixed_support"": true}",0,-1038.4021162892834,2076.804232578567,2076.804232578567,chi2_uniform_0_100_bins10,11.548121212121215,0.239998679394201
file,la40,la,15,15,discrete,poisson,"{""mu"": 50.986666666666665}",1,-2432.633225989503,4867.266451979006,4870.68255238121,,,
file,la40,la,15,15,continuous_exploratory,uniform,"[5.0, 94.0]",2,-1022.2413260107508,2048.4826520215015,2055.3148528259103,KS_continuous,0.045862884160756456,0.713422273601108
file,la40,la,15,15,continuous_exploratory,weibull_min,"[2.0346103488017935, -2.009019181096503, 59.79800891365481]",3,-1055.653701752704,2117.307403505408,2127.555704712021,KS_continuous,0.09208367184225874,0.041273090114732125
file,la40,la,15,15,continuous_exploratory,norm,"[50.986666666666665, 27.27578983478042]",2,-1063.1110551074908,2130.2221102149815,2137.0543110193903,KS_continuous,0.0816916004073921,0.093848547146959
file,la40,la,15,15,continuous_exploratory,lognorm,"[0.09308433952810907, -242.79721188615127, 292.51641306916304]",3,-1062.7222480228222,2131.4444960456444,2141.6927972522576,KS_continuous,0.08872689817796886,0.05439663122301985
file,la40,la,15,15,continuous_exploratory,gamma,"[435.7706740597255, -518.1136806609425, 1.3058134230216694]",3,-1062.8621862335212,2131.7243724670425,2141.9726736736557,KS_continuous,0.0850179598815689,0.07292539703867795
file,la40,la,15,15,continuous_exploratory,expon,"[5.0, 45.986666666666665]",2,-1086.3790873651192,2176.7581747302384,2183.590375534647,KS_continuous,0.14828027689230777,8.788040854144462e-05
file,orb01,orb,10,10,discrete,discrete_uniform_minmax,"{""low"": 5, ""high"": 99}",2,-455.3876891600541,914.7753783201082,919.9857186920843,chi2_uniform_minmax_bins10,13.66222222222222,0.13485814254166145
file,orb01,orb,10,10,discrete,discrete_uniform_1_99,"{""low"": 1, ""high"": 99, ""fixed_support"": true}",0,-459.51198501345897,919.0239700269179,919.0239700269179,chi2_uniform_1_99_bins10,8.679999999999998,0.4673217429821279
file,orb01,orb,10,10,discrete,discrete_uniform_1_100,"{""low"": 1, ""high"": 100, ""fixed_support"": true}",0,-460.51701859880916,921.0340371976183,921.0340371976183,chi2_uniform_1_100_bins10,7.6,0.5749034238644555
file,orb01,orb,10,10,discrete,discrete_uniform_0_99,"{""low"": 0, ""high"": 99, ""fixed_support"": true}",0,-460.51701859880916,921.0340371976183,921.0340371976183,chi2_uniform_0_99_bins10,7.800000000000001,0.5544204358728566
file,orb01,orb,10,10,discrete,discrete_uniform_0_100,"{""low"": 0, ""high"": 100, ""fixed_support"": true}",0,-461.512051684126,923.024103368252,923.024103368252,chi2_uniform_0_100_bins10,8.088363636363637,0.525266441423719
file,orb01,orb,10,10,discrete,poisson,"{""mu"": 54.09}",1,-1135.7801828848676,2273.560365769735,2276.1655359557235,,,
file,orb01,orb,10,10,continuous_exploratory,uniform,"[5.0, 94.0]",2,-454.32947822700027,912.6589564540005,917.8692968259767,KS_continuous,0.08042553191489366,0.5114287981915538
file,orb01,orb,10,10,continuous_exploratory,weibull_min,"[2.597435706446437, -13.344848472960727, 76.08426959600797]",3,-474.9716160581064,955.9432321162128,963.7587426741771,KS_continuous,0.09596199016477158,0.2965581900269113
file,orb01,orb,10,10,continuous_exploratory,norm,"[54.09, 28.545435712211503]",2,-477.0435586551046,958.0871173102092,963.2974576821854,KS_continuous,0.09708476478714323,0.283852509202719
file,orb01,orb,10,10,continuous_exploratory,lognorm,"[7.208175355948667e-06, -3960093.5884624575, 3960147.6783595774]",3,-477.0435698251679,960.0871396503358,967.9026502083001,KS_continuous,0.09708484046044841,0.28385166613661794
file,orb01,orb,10,10,continuous_exploratory,gamma,"[4729.09242440991, -1909.3735041037194, 0.41518419124906536]",3,-477.05948870201627,960.1189774040325,967.9344879619969,KS_continuous,0.09734829059536643,0.2809274314474671
file,orb01,orb,10,10,continuous_exploratory,expon,"[5.0, 49.09]",2,-489.3655348069961,982.7310696139922,987.9414099859683,KS_continuous,0.201195263089013,0.0005032227808679914
file,orb02,orb,10,10,discrete,discrete_uniform_minmax,"{""low"": 6, ""high"": 99}",2,-454.3294782270004,912.6589564540008,917.8692968259769,chi2_uniform_minmax_bins10,15.285777777777776,0.08337935771265906
file,orb02,orb,10,10,discrete,discrete_uniform_1_99,"{""low"": 1, ""high"": 99, ""fixed_support"": true}",0,-459.51198501345897,919.0239700269179,919.0239700269179,chi2_uniform_1_99_bins10,11.188000000000002,0.263042359558194
file,orb02,orb,10,10,discrete,discrete_uniform_1_100,"{""low"": 1, ""high"": 100, ""fixed_support"": true}",0,-460.51701859880916,921.0340371976183,921.0340371976183,chi2_uniform_1_100_bins10,11.6,0.23680981521773165
file,orb02,orb,10,10,discrete,discrete_uniform_0_99,"{""low"": 0, ""high"": 99, ""fixed_support"": true}",0,-460.51701859880916,921.0340371976183,921.0340371976183,chi2_uniform_0_99_bins10,20.4,0.015598100190125006
file,orb02,orb,10,10,discrete,discrete_uniform_0_100,"{""low"": 0, ""high"": 100, ""fixed_support"": true}",0,-461.512051684126,923.024103368252,923.024103368252,chi2_uniform_0_100_bins10,12.385454545454547,0.1924409394888601
file,orb02,orb,10,10,discrete,poisson,"{""mu"": 52.55}",1,-1160.352152317509,2322.704304635018,2325.3094748210065,,,
file,orb02,orb,10,10,continuous_exploratory,uniform,"[6.0, 93.0]",2,-453.2599493153257,910.5198986306514,915.7302390026275,KS_continuous,0.08268817204301077,0.4759914583942271
file,orb02,orb,10,10,continuous_exploratory,weibull_min,"[1.8636453452176047, 0.07818133244005693, 58.982441473297044]",3,-474.45023807375713,954.9004761475143,962.7159867054786,KS_continuous,0.13022707277572565,0.06134958897926057
file,orb02,orb,10,10,continuous_exploratory,norm,"[52.55, 28.74173794327685]",2,-477.72888832616474,959.4577766523295,964.6681170243056,KS_continuous,0.1237111580975474,0.08592985405383335
file,orb02,orb,10,10,continuous_exploratory,lognorm,"[6.852489426530187e-06, -4194298.0, 4194350.549901524]",3,-477.7289052051211,961.4578104102422,969.2733209682066,KS_continuous,0.12371079753362763,0.08593141493880885
file,orb02,orb,10,10,continuous_exploratory,gamma,"[2062.3741459825897, -1253.4153965867276, 0.6332208175293377]",3,-477.76458429475275,961.5291685895055,969.3446791474698,KS_continuous,0.12363302247738117,0.08626866024481739
file,orb02,orb,10,10,continuous_exploratory,expon,"[6.0, 46.55]",2,-484.05270037230764,972.1054007446153,977.3157411165914,KS_continuous,0.2065378253158604,0.0003219370047672723
file,orb03,orb,10,10,discrete,discrete_uniform_minmax,"{""low"": 5, ""high"": 99}",2,-455.3876891600541,914.7753783201082,919.9857186920843,chi2_uniform_minmax_bins10,11.899444444444445,0.2190377049254366
file,orb03,orb,10,10,discrete,discrete_uniform_1_99,"{""low"": 1, ""high"": 99, ""fixed_support"": true}",0,-459.51198501345897,919.0239700269179,919.0239700269179,chi2_uniform_1_99_bins10,16.897000000000002,0.050353590410365974
file,orb03,orb,10,10,discrete,discrete_uniform_1_100,"{""low"": 1, ""high"": 100, ""fixed_support"": true}",0,-460.51701859880916,921.0340371976183,921.0340371976183,chi2_uniform_1_100_bins10,16.2,0.06282072061787972
file,orb03,orb,10,10,discrete,discrete_uniform_0_99,"{""low"": 0, ""high"": 99, ""fixed_support"": true}",0,-460.51701859880916,921.0340371976183,921.0340371976183,chi2_uniform_0_99_bins10,14.600000000000001,0.10252568021404766
file,orb03,orb,10,10,discrete,discrete_uniform_0_100,"{""low"": 0, ""high"": 100, ""fixed_support"": true}",0,-461.512051684126,923.024103368252,923.024103368252,chi2_uniform_0_100_bins10,17.32527272727273,0.04385930903236416
file,orb03,orb,10,10,discrete,poisson,"{""mu"": 52.92}",1,-1089.401301928922,2180.802603857844,2183.4077740438324,,,
file,orb03,orb,10,10,continuous_exploratory,uniform,"[5.0, 94.0]",2,-454.32947822700027,912.6589564540005,917.8692968259767,KS_continuous,0.0785106382978723,0.5422665704072629
file,orb03,orb,10,10,continuous_exploratory,weibull_min,"[1.912130058921424, 1.0283501148922196, 58.457325390837305]",3,-471.2617799839553,948.5235599679106,956.339070525875,KS_continuous,0.10808558564542414,0.17957837061590953
file,orb03,orb,10,10,continuous_exploratory,norm,"[52.92, 28.060890933824606]",2,-475.33153584021835,954.6630716804367,959.8734120524128,KS_continuous,0.11150946857203337,0.15411677266671697
file,orb03,orb,10,10,continuous_exploratory,lognorm,"[0.12518947391056084, -172.53395088373952, 223.70136325526605]",3,-475.1323597757598,956.2647195515196,964.080230109484,KS_continuous,0.11133760623746003,0.15532215162206287
file,orb03,orb,10,10,continuous_exploratory,gamma,"[672.2129387555062, -674.1981830338361, 1.0816261843871204]",3,-475.24925428271644,956.4985085654329,964.3140191233972,KS_continuous,0.11200521319270551,0.15068164442961385
file,orb03,orb,10,10,continuous_exploratory,expon,"[5.0, 47.92]",2,-486.9532953807194,977.9065907614388,983.1169311334149,KS_continuous,0.14708154436407572,0.023674190089979064
file,orb04,orb,10,10,discrete,discrete_uniform_minmax,"{""low"": 5, ""high"": 98}",2,-454.3294782270004,912.6589564540008,917.8692968259769,chi2_uniform_minmax_bins10,6.930222222222222,0.6443842304694127
file,orb04,orb,10,10,discrete,discrete_uniform_1_99,"{""low"": 1, ""high"": 99, ""fixed_support"": true}",0,-459.51198501345897,919.0239700269179,919.0239700269179,chi2_uniform_1_99_bins10,8.603,0.4746972438498275
file,orb04,orb,10,10,discrete,discrete_uniform_1_100,"{""low"": 1, ""high"": 100, ""fixed_support"": true}",0,-460.51701859880916,921.0340371976183,921.0340371976183,chi2_uniform_1_100_bins10,8.8,0.4559371952206619
file,orb04,orb,10,10,discrete,discrete_uniform_0_99,"{""low"": 0, ""high"": 99, ""fixed_support"": true}",0,-460.51701859880916,921.0340371976183,921.0340371976183,chi2_uniform_0_99_bins10,8.0,0.5341462169096916
file,orb04,orb,10,10,discrete,discrete_uniform_0_100,"{""low"": 0, ""high"": 100, ""fixed_support"": true}",0,-461.512051684126,923.024103368252,923.024103368252,chi2_uniform_0_100_bins10,9.658454545454548,0.37883597475625896
file,orb04,orb,10,10,discrete,poisson,"{""mu"": 56.28}",1,-996.1998042318769,1994.3996084637538,1997.0047786497419,,,
file,orb04,orb,10,10,continuous_exploratory,uniform,"[5.0, 93.0]",2,-453.2599493153257,910.5198986306514,915.7302390026275,KS_continuous,0.1010752688172043,0.2418587883026928
file,orb04,orb,10,10,continuous_exploratory,weibull_min,"[4.261099044076525, -40.1465398204889, 106.33161767560661]",3,-467.4222686625679,940.8445373251358,948.6600478831001,KS_continuous,0.07862747712454521,0.540365236585733
file,orb04,orb,10,10,continuous_exploratory,norm,"[56.28, 26.40154540931269]",2,-469.2361079875189,942.4722159750378,947.6825563470139,KS_continuous,0.09144740486271519,0.35163247856684876
file,orb04,orb,10,10,continuous_exploratory,lognorm,"[3.1472912391179286e-06, -8388602.999999996, 8388659.279958451]",3,-469.2361399989357,944.4722799978714,952.2877905558357,KS_continuous,0.0914478102573878,0.351627247525537
file,orb04,orb,10,10,continuous_exploratory,gamma,"[379.4087133957016, -461.50067570391593, 1.364294074320724]",3,-469.6021554900364,945.2043109800728,953.0198215380371,KS_continuous,0.09745458963194686,0.2797536633250929
file,orb04,orb,10,10,continuous_exploratory,expon,"[5.0, 51.28]",2,-493.73008126124137,991.4601625224827,996.6705028944589,KS_continuous,0.2207504200742551,9.249402516512283e-05
file,orb05,orb,10,10,discrete,discrete_uniform_minmax,"{""low"": 5, ""high"": 99}",2,-455.3876891600541,914.7753783201082,919.9857186920843,chi2_uniform_minmax_bins10,10.88611111111111,0.2835963332740599
file,orb05,orb,10,10,discrete,discrete_uniform_1_99,"{""low"": 1, ""high"": 99, ""fixed_support"": true}",0,-459.51198501345897,919.0239700269179,919.0239700269179,chi2_uniform_1_99_bins10,14.983000000000002,0.09140399713483763
file,orb05,orb,10,10,discrete,discrete_uniform_1_100,"{""low"": 1, ""high"": 100, ""fixed_support"": true}",0,-460.51701859880916,921.0340371976183,921.0340371976183,chi2_uniform_1_100_bins10,15.600000000000001,0.07571926316863382
file,orb05,orb,10,10,discrete,discrete_uniform_0_99,"{""low"": 0, ""high"": 99, ""fixed_support"": true}",0,-460.51701859880916,921.0340371976183,921.0340371976183,chi2_uniform_0_99_bins10,16.599999999999998,0.055361051941826986
file,orb05,orb,10,10,discrete,discrete_uniform_0_100,"{""low"": 0, ""high"": 100, ""fixed_support"": true}",0,-461.512051684126,923.024103368252,923.024103368252,chi2_uniform_0_100_bins10,16.526454545454545,0.056669124310773984
file,orb05,orb,10,10,discrete,poisson,"{""mu"": 49.08}",1,-1100.6008813319288,2203.2017626638576,2205.806932849846,,,
file,orb05,orb,10,10,continuous_exploratory,uniform,"[5.0, 94.0]",2,-454.32947822700027,912.6589564540005,917.8692968259767,KS_continuous,0.11340425531914894,0.14131734557384956
file,orb05,orb,10,10,continuous_exploratory,weibull_min,"[1.7654381880334187, 1.4690736537853697, 53.36829703036656]",3,-467.6597021698561,941.3194043397122,949.1349148976765,KS_continuous,0.1161139191107512,0.12451756761705335
file,orb05,orb,10,10,continuous_exploratory,norm,"[49.08, 27.218993368602003]",2,-472.28535484290313,948.5707096858063,953.7810500577824,KS_continuous,0.1367322984700558,0.04307183558807148
file,orb05,orb,10,10,continuous_exploratory,lognorm,"[0.161247828008984, -121.29773368059885, 168.19168970110923]",3,-471.92300791675666,949.8460158335133,957.6615263914777,KS_continuous,0.12092644985569906,0.09871458179132375
file,orb05,orb,10,10,continuous_exploratory,gamma,"[228.58822295443144, -360.79305841532596, 1.7927466812054673]",3,-472.087269004068,950.174538008136,957.9900485661003,KS_continuous,0.13287420630460522,0.053236372636560225
file,orb05,orb,10,10,continuous_exploratory,expon,"[5.0, 44.08]",2,-478.6006164844659,961.2012329689318,966.4115733409079,KS_continuous,0.1555679539010637,0.014024034902681448
file,orb06,orb,10,10,discrete,discrete_uniform_minmax,"{""low"": 6, ""high"": 99}",2,-454.3294782270004,912.6589564540008,917.8692968259769,chi2_uniform_minmax_bins10,6.76311111111111,0.6617674732476704
file,orb06,orb,10,10,discrete,discrete_uniform_1_99,"{""low"": 1, ""high"": 99, ""fixed_support"": true}",0,-459.51198501345897,919.0239700269179,919.0239700269179,chi2_uniform_1_99_bins10,13.057999999999998,0.1599993394780451
file,orb06,orb,10,10,discrete,discrete_uniform_1_100,"{""low"": 1, ""high"": 100, ""fixed_support"": true}",0,-460.51701859880916,921.0340371976183,921.0340371976183,chi2_uniform_1_100_bins10,12.600000000000001,0.18155663198089633
file,orb06,orb,10,10,discrete,discrete_uniform_0_99,"{""low"": 0, ""high"": 99, ""fixed_support"": true}",0,-460.51701859880916,921.0340371976183,921.0340371976183,chi2_uniform_0_99_bins10,12.600000000000001,0.18155663198089633
file,orb06,orb,10,10,discrete,discrete_uniform_0_100,"{""low"": 0, ""high"": 100, ""fixed_support"": true}",0,-461.512051684126,923.024103368252,923.024103368252,chi2_uniform_0_100_bins10,13.496454545454547,0.1413984721208577
file,orb06,orb,10,10,discrete,poisson,"{""mu"": 56.14}",1,-998.8752969494122,1999.7505938988245,2002.3557640848126,,,
file,orb06,orb,10,10,continuous_exploratory,uniform,"[6.0, 93.0]",2,-453.2599493153257,910.5198986306514,915.7302390026275,KS_continuous,0.10634408602150536,0.19373851387982466
file,orb06,orb,10,10,continuous_exploratory,weibull_min,"[3.7924908093501455, -31.036682998932676, 96.74840906417745]",3,-467.90491773632544,941.8098354726509,949.6253460306152,KS_continuous,0.07475477885223725,0.6044622408709839
file,orb06,orb,10,10,continuous_exploratory,norm,"[56.14, 26.480188821079054]",2,-469.53353949534585,943.0670789906917,948.2774193626678,KS_continuous,0.07621939177973847,0.5799916708732662
file,orb06,orb,10,10,continuous_exploratory,lognorm,"[3.156666462244151e-06, -8388602.0, 8388658.139958205]",3,-469.5335659061509,945.0671318123018,952.8826423702661,KS_continuous,0.07621940746697853,0.5799914100462122
file,orb06,orb,10,10,continuous_exploratory,gamma,"[454.7259129656102, -512.319726244734, 1.2499243801305404]",3,-469.8134146813318,945.6268293626636,953.4423399206279,KS_continuous,0.07639149940479317,0.5771319348767625
file,orb06,orb,10,10,continuous_exploratory,expon,"[6.0, 50.14]",2,-491.4819092730147,986.9638185460294,992.1741589180056,KS_continuous,0.23244315752371925,3.107542276839296e-05
file,orb07,orb,10,10,discrete,discrete_uniform_minmax,"{""low"": 0, ""high"": 59}",2,-409.43445622221003,822.8689124444201,828.0792528163962,chi2_uniform_minmax_bins10,73.99999999999999,2.4891516534586347e-12
file,orb07,orb,10,10,discrete,discrete_uniform_0_99,"{""low"": 0, ""high"": 99, ""fixed_support"": true}",0,-460.51701859880916,921.0340371976183,921.0340371976183,chi2_uniform_0_99_bins10,176.8,2.3585506323274667e-33
file,orb07,orb,10,10,discrete,discrete_uniform_0_100,"{""low"": 0, ""high"": 100, ""fixed_support"": true}",0,-461.512051684126,923.024103368252,923.024103368252,chi2_uniform_0_100_bins10,173.6640909090909,1.0634377892457026e-32
file,orb07,orb,10,10,discrete,poisson,"{""mu"": 24.07}",1,-513.9127843469934,1029.8255686939867,1032.4307388799748,,,
file,orb07,orb,10,10,discrete,discrete_uniform_1_100,"{""low"": 1, ""high"": 100, ""fixed_support"": true}",0,-inf,inf,inf,chi2_uniform_1_100_bins10,,
file,orb07,orb,10,10,discrete,discrete_uniform_1_99,"{""low"": 1, ""high"": 99, ""fixed_support"": true}",0,-inf,inf,inf,chi2_uniform_1_99_bins10,,
file,orb07,orb,10,10,continuous_exploratory,lognorm,"[74.37920932742291, -5e-324, 0.012387316026422084]",3,-133.70621089911822,273.41242179823644,281.2279323562007,KS_continuous,0.5221496697886983,6.65838637302444e-26
file,orb07,orb,10,10,continuous_exploratory,gamma,"[7.768408866625487, -7.412805115081962, 4.052671714210796]",3,-379.9037481128407,765.8074962256813,773.6230067836457,KS_continuous,0.05828931199713794,0.8662357692198218
file,orb07,orb,10,10,continuous_exploratory,norm,"[24.07, 11.454479473114437]",2,-385.731940705753,775.463881411506,780.6742217834822,KS_continuous,0.09764505074097418,0.27765936788752443
file,orb07,orb,10,10,continuous_exploratory,uniform,"[0.0, 59.0]",2,-407.75374439057197,819.5074887811439,824.7178291531201,KS_continuous,0.29067796610169494,5.6031304507233695e-08
file,orb07,orb,10,10,continuous_exploratory,expon,"[0.0, 24.07]",2,-418.09662517949806,840.1932503589961,845.4035907309723,KS_continuous,0.31258674723688223,3.517200279888231e-09
file,orb07,orb,10,10,continuous_exploratory,weibull_min,"{""error"": ""logpdf no finita""}",3,-inf,inf,inf,KS_continuous,,
file,orb08,orb,10,10,discrete,discrete_uniform_minmax,"{""low"": 5, ""high"": 97}",2,-453.2599493153256,910.5198986306513,915.7302390026274,chi2_uniform_minmax_bins10,10.969666666666665,0.27779386865453953
file,orb08,orb,10,10,discrete,discrete_uniform_1_99,"{""low"": 1, ""high"": 99, ""fixed_support"": true}",0,-459.51198501345897,919.0239700269179,919.0239700269179,chi2_uniform_1_99_bins10,7.217,0.6145378829346255
file,orb08,orb,10,10,discrete,discrete_uniform_1_100,"{""low"": 1, ""high"": 100, ""fixed_support"": true}",0,-460.51701859880916,921.0340371976183,921.0340371976183,chi2_uniform_1_100_bins10,7.4,0.5955485072842059
file,orb08,orb,10,10,discrete,discrete_uniform_0_99,"{""low"": 0, ""high"": 99, ""fixed_support"": true}",0,-460.51701859880916,921.0340371976183,921.0340371976183,chi2_uniform_0_99_bins10,6.4,0.6993125708664081
file,orb08,orb,10,10,discrete,discrete_uniform_0_100,"{""low"": 0, ""high"": 100, ""fixed_support"": true}",0,-461.512051684126,923.024103368252,923.024103368252,chi2_uniform_0_100_bins10,6.922272727272728,0.6452117680183869
file,orb08,orb,10,10,discrete,poisson,"{""mu"": 45.6}",1,-1195.9823546015105,2393.964709203021,2396.569879389009,,,
file,orb08,orb,10,10,continuous_exploratory,uniform,"[5.0, 92.0]",2,-452.178857704904,908.357715409808,913.5680557817841,KS_continuous,0.11652173913043484,0.12213624577669724
file,orb08,orb,10,10,continuous_exploratory,weibull_min,"[1.416702727462904, 3.0948624763440895, 46.392856264051886]",3,-467.4549558309582,940.9099116619165,948.7254222198808,KS_continuous,0.08883263569127231,0.3864210965036643
file,orb08,orb,10,10,continuous_exploratory,expon,"[5.0, 40.6]",2,-470.3768066607687,944.7536133215374,949.9639536935135,KS_continuous,0.1453272456035536,0.026283185741788118
file,orb08,orb,10,10,continuous_exploratory,gamma,"[1.403823392968345, 3.870670908598055, 29.72547697098632]",3,-469.91963723580807,945.8392744716161,953.6547850295805,KS_continuous,0.11027573284464365,0.16293746682575705
file,orb08,orb,10,10,continuous_exploratory,lognorm,"[0.3027806763518096, -48.82860383061666, 90.28190320429198]",3,-472.7128990065623,951.4257980131246,959.2413085710889,KS_continuous,0.07512751259006945,0.598214017007171
file,orb08,orb,10,10,continuous_exploratory,norm,"[45.6, 27.872925931807018]",2,-474.65943541828597,953.3188708365719,958.5292112085481,KS_continuous,0.084265400197373,0.4520183927740433
file,orb09,orb,10,10,discrete,discrete_uniform_minmax,"{""low"": 5, ""high"": 99}",2,-455.3876891600541,914.7753783201082,919.9857186920843,chi2_uniform_minmax_bins10,6.885555555555554,0.649033463912374
file,orb09,orb,10,10,discrete,discrete_uniform_1_99,"{""low"": 1, ""high"": 99, ""fixed_support"": true}",0,-459.51198501345897,919.0239700269179,919.0239700269179,chi2_uniform_1_99_bins10,4.258,0.8936258440574286
file,orb09,orb,10,10,discrete,discrete_uniform_1_100,"{""low"": 1, ""high"": 100, ""fixed_support"": true}",0,-460.51701859880916,921.0340371976183,921.0340371976183,chi2_uniform_1_100_bins10,4.6000000000000005,0.8676916714977052
file,orb09,orb,10,10,discrete,discrete_uniform_0_99,"{""low"": 0, ""high"": 99, ""fixed_support"": true}",0,-460.51701859880916,921.0340371976183,921.0340371976183,chi2_uniform_0_99_bins10,4.4,0.8831713784241684
file,orb09,orb,10,10,discrete,discrete_uniform_0_100,"{""low"": 0, ""high"": 100, ""fixed_support"": true}",0,-461.512051684126,923.024103368252,923.024103368252,chi2_uniform_0_100_bins10,4.727818181818182,0.857360379068392
file,orb09,orb,10,10,discrete,poisson,"{""mu"": 51.81}",1,-1155.7576984492412,2313.5153968984823,2316.1205670844706,,,
file,orb09,orb,10,10,continuous_exploratory,uniform,"[5.0, 94.0]",2,-454.32947822700027,912.6589564540005,917.8692968259767,KS_continuous,0.05617021276595745,0.892861536948808
file,orb09,orb,10,10,continuous_exploratory,weibull_min,"[2.494155670931761, -12.381187058894898, 72.50322497690227]",3,-473.5606535112693,953.1213070225386,960.936817580503,KS_continuous,0.10159207664105885,0.2367762972404721
file,orb09,orb,10,10,continuous_exploratory,norm,"[51.81, 28.1906704425418]",2,-475.7929621039787,955.5859242079574,960.7962645799336,KS_continuous,0.09006668807978058,0.3697425195548971
file,orb09,orb,10,10,continuous_exploratory,lognorm,"[8.059893264998011e-06, -3497597.233012859, 3497649.0428992524]",3,-475.79298878549287,957.5859775709857,965.4014881289501,KS_continuous,0.09006776898705926,0.3697281132522531
file,orb09,orb,10,10,continuous_exploratory,gamma,"[1288.3426043849367, -960.6286487167365, 0.7858320391594258]",3,-475.8568694316407,957.7137388632814,965.5292494212457,KS_continuous,0.09278900985165683,0.33460040453220785
file,orb09,orb,10,10,continuous_exploratory,expon,"[5.0, 46.81]",2,-484.60968553119795,973.2193710623959,978.429711434372,KS_continuous,0.17521092602899163,0.003723351312651224
file,orb10,orb,10,10,discrete,discrete_uniform_minmax,"{""low"": 5, ""high"": 99}",2,-455.3876891600541,914.7753783201082,919.9857186920843,chi2_uniform_minmax_bins10,8.194444444444445,0.5146760505769881
file,orb10,orb,10,10,discrete,discrete_uniform_1_99,"{""low"": 1, ""high"": 99, ""fixed_support"": true}",0,-459.51198501345897,919.0239700269179,919.0239700269179,chi2_uniform_1_99_bins10,8.504,0.4842578080654132
file,orb10,orb,10,10,discrete,discrete_uniform_1_100,"{""low"": 1, ""high"": 100, ""fixed_support"": true}",0,-460.51701859880916,921.0340371976183,921.0340371976183,chi2_uniform_1_100_bins10,8.0,0.5341462169096916
file,orb10,orb,10,10,discrete,discrete_uniform_0_99,"{""low"": 0, ""high"": 99, ""fixed_support"": true}",0,-460.51701859880916,921.0340371976183,921.0340371976183,chi2_uniform_0_99_bins10,9.200000000000001,0.41902116661019284
file,orb10,orb,10,10,discrete,discrete_uniform_0_100,"{""low"": 0, ""high"": 100, ""fixed_support"": true}",0,-461.512051684126,923.024103368252,923.024103368252,chi2_uniform_0_100_bins10,8.749454545454547,0.46071591012699564
file,orb10,orb,10,10,discrete,poisson,"{""mu"": 55.49}",1,-1101.9712969052005,2205.942593810401,2208.547763996389,,,
file,orb10,orb,10,10,continuous_exploratory,uniform,"[5.0, 94.0]",2,-454.32947822700027,912.6589564540005,917.8692968259767,KS_continuous,0.10999999999999999,0.16496264039322728
file,orb10,orb,10,10,continuous_exploratory,weibull_min,"[5.020314328260431, -62.56597163003187, 128.98412834767865]",3,-472.5855264742199,951.1710529484398,958.9865635064041,KS_continuous,0.10037269180179954,0.2488978291500925
file,orb10,orb,10,10,continuous_exploratory,norm,"[55.49, 27.922211588625995]",2,-474.8361019588774,953.6722039177548,958.882544289731,KS_continuous,0.09770485217551819,0.277004125028101
file,orb10,orb,10,10,continuous_exploratory,lognorm,"[7.519466133593083e-06, -3713271.6605235334, 3713327.150418553]",3,-474.83619565666334,955.6723913133267,963.487901871291,KS_continuous,0.09770490092685183,0.2770035913147849
file,orb10,orb,10,10,continuous_exploratory,gamma,"[315.99269555480737, -445.057136810228, 1.5838362695565769]",3,-475.3112618158014,956.6225236316028,964.4380341895671,KS_continuous,0.09920927188510975,0.26088513204509756
file,orb10,orb,10,10,continuous_exploratory,expon,"[5.0, 50.49]",2,-492.1775296870824,988.3550593741649,993.565399746141,KS_continuous,0.21790684940469507,0.0001195287610002519
file,swv01,swv,20,10,discrete,discrete_uniform_1_100,"{""low"": 1, ""high"": 100, ""fixed_support"": true}",0,-921.0340371976183,1842.0680743952366,1842.0680743952366,chi2_uniform_1_100_bins10,7.8,0.554420435872857
file,swv01,swv,20,10,discrete,discrete_uniform_0_100,"{""low"": 0, ""high"": 100, ""fixed_support"": true}",0,-923.024103368252,1846.048206736504,1846.048206736504,chi2_uniform_0_100_bins10,7.008681818181818,0.6362154590260005
file,swv01,swv,20,10,discrete,discrete_uniform_minmax,"{""low"": 1, ""high"": 100}",2,-921.0340371976183,1846.0680743952366,1852.6647091283328,chi2_uniform_minmax_bins10,7.8,0.554420435872857
file,swv01,swv,20,10,discrete,poisson,"{""mu"": 48.695}",1,-2530.2796167279766,5062.559233455953,5065.857550822501,,,
file,swv01,swv,20,10,discrete,discrete_uniform_1_99,"{""low"": 1, ""high"": 99, ""fixed_support"": true}",0,-inf,inf,inf,chi2_uniform_1_99_bins10,,
file,swv01,swv,20,10,discrete,discrete_uniform_0_99,"{""low"": 0, ""high"": 99, ""fixed_support"": true}",0,-inf,inf,inf,chi2_uniform_0_99_bins10,,
file,swv01,swv,20,10,continuous_exploratory,uniform,"[1.0, 99.0]",2,-919.0239700269178,1842.0479400538356,1848.6445747869318,KS_continuous,0.052575757575757553,0.6188207518728738
file,swv01,swv,20,10,continuous_exploratory,weibull_min,"[2.0604209249039656, -7.917167130094105, 63.903735333428806]",3,-950.5100484528848,1907.0200969057696,1916.9150490054137,KS_continuous,0.10475424257973909,0.023003249339735965
file,swv01,swv,20,10,continuous_exploratory,norm,"[48.695, 28.879611752930476]",2,-956.4148807361696,1916.8297614723392,1923.4263962054354,KS_continuous,0.09400053251659657,0.05463181628502067
file,swv01,swv,20,10,continuous_exploratory,lognorm,"[5.797120335575718e-06, -4981668.47465277, 4981717.16956906]",3,-956.4148956728274,1918.8297913456547,1928.7247434452988,KS_continuous,0.09400097283410624,0.05462998617099313
file,swv01,swv,20,10,continuous_exploratory,gamma,"[6613.246033240259, -2300.030918146277, 0.3551535951641549]",3,-956.4361890594005,1918.872378118801,1928.767330218445,KS_continuous,0.09471566799615128,0.051728122548981736
file,swv01,swv,20,10,continuous_exploratory,expon,"[1.0, 47.695]",2,-972.9653141194343,1949.9306282388686,1956.5272629719648,KS_continuous,0.16419897221203295,3.517762460941085e-05
file,swv02,swv,20,10,discrete,discrete_uniform_1_100,"{""low"": 1, ""high"": 100, ""fixed_support"": true}",0,-921.0340371976183,1842.0680743952366,1842.0680743952366,chi2_uniform_1_100_bins10,17.8,0.03756608354257083
file,swv02,swv,20,10,discrete,discrete_uniform_0_100,"{""low"": 0, ""high"": 100, ""fixed_support"": true}",0,-923.024103368252,1846.048206736504,1846.048206736504,chi2_uniform_0_100_bins10,18.490545454545458,0.02989050716350315
file,swv02,swv,20,10,discrete,discrete_uniform_minmax,"{""low"": 1, ""high"": 100}",2,-921.0340371976183,1846.0680743952366,1852.6647091283328,chi2_uniform_minmax_bins10,17.8,0.03756608354257083
file,swv02,swv,20,10,discrete,poisson,"{""mu"": 50.005}",1,-2308.903231390077,4619.806462780154,4623.104780146702,,,
file,swv02,swv,20,10,discrete,discrete_uniform_1_99,"{""low"": 1, ""high"": 99, ""fixed_support"": true}",0,-inf,inf,inf,chi2_uniform_1_99_bins10,,
file,swv02,swv,20,10,discrete,discrete_uniform_0_99,"{""low"": 0, ""high"": 99, ""fixed_support"": true}",0,-inf,inf,inf,chi2_uniform_0_99_bins10,,
file,swv02,swv,20,10,continuous_exploratory,uniform,"[1.0, 99.0]",2,-919.0239700269178,1842.0479400538356,1848.6445747869318,KS_continuous,0.0684343434343434,0.2926465867791296
file,swv02,swv,20,10,continuous_exploratory,weibull_min,"[2.1533017810101294, -6.8198257822976895, 64.16882301620927]",3,-944.0716867348821,1894.1433734697641,1904.0383255694082,KS_continuous,0.07269042720925602,0.22980057844540536
file,swv02,swv,20,10,continuous_exploratory,norm,"[50.005, 27.93698220996677]",2,-949.7779743070541,1903.5559486141083,1910.1525833472044,KS_continuous,0.06983174584801399,0.2707838668773487
file,swv02,swv,20,10,continuous_exploratory,lognorm,"[0.08374241768603811, -284.1071139475215, 332.94425501255756]",3,-949.3807918678986,1904.761583735797,1914.6565358354412,KS_continuous,0.06750130079102729,0.307922881787414
file,swv02,swv,20,10,continuous_exploratory,gamma,"[227.31251532567552, -370.8006333912971, 1.8507580354198265]",3,-949.4287236759574,1904.8574473519147,1914.7523994515589,KS_continuous,0.06870823880514587,0.288265583392863
file,swv02,swv,20,10,continuous_exploratory,expon,"[1.0, 49.005]",2,-978.3844667442286,1960.7689334884572,1967.3655682215533,KS_continuous,0.192910637830638,5.401520972066519e-07
file,swv03,swv,20,10,discrete,discrete_uniform_1_100,"{""low"": 1, ""high"": 100, ""fixed_support"": true}",0,-921.0340371976183,1842.0680743952366,1842.0680743952366,chi2_uniform_1_100_bins10,11.299999999999999,0.2557046597269989
file,swv03,swv,20,10,discrete,discrete_uniform_0_100,"{""low"": 0, ""high"": 100, ""fixed_support"": true}",0,-923.024103368252,1846.048206736504,1846.048206736504,chi2_uniform_0_100_bins10,11.75568181818182,0.2274358571827769
file,swv03,swv,20,10,discrete,discrete_uniform_minmax,"{""low"": 1, ""high"": 100}",2,-921.0340371976183,1846.0680743952366,1852.6647091283328,chi2_uniform_minmax_bins10,11.299999999999999,0.2557046597269989
file,swv03,swv,20,10,discrete,poisson,"{""mu"": 49.475}",1,-2317.33333720581,4636.66667441162,4639.964991778168,,,
file,swv03,swv,20,10,discrete,discrete_uniform_1_99,"{""low"": 1, ""high"": 99, ""fixed_support"": true}",0,-inf,inf,inf,chi2_uniform_1_99_bins10,,
file,swv03,swv,20,10,discrete,discrete_uniform_0_99,"{""low"": 0, ""high"": 99, ""fixed_support"": true}",0,-inf,inf,inf,chi2_uniform_0_99_bins10,,
file,swv03,swv,20,10,continuous_exploratory,uniform,"[1.0, 99.0]",2,-919.0239700269178,1842.0479400538356,1848.6445747869318,KS_continuous,0.0732323232323232,0.22258664545871532
file,swv03,swv,20,10,continuous_exploratory,weibull_min,"[2.3129476523267467, -9.900000149798775, 67.09472012559769]",3,-942.7696437296985,1891.539287459397,1901.434239559041,KS_continuous,0.09071670513387675,0.06983152607379317
file,swv03,swv,20,10,continuous_exploratory,norm,"[49.475, 27.65048598126261]",2,-947.716367438884,1899.432734877768,1906.0293696108643,KS_continuous,0.07798485917743175,0.16650799330171062
file,swv03,swv,20,10,continuous_exploratory,lognorm,"[0.000996917687354836, -27686.50927191244, 27735.970489285948]",3,-947.716320969223,1901.432641938446,1911.3275940380902,KS_continuous,0.0778967698576184,0.16743483283139216
file,swv03,swv,20,10,continuous_exploratory,gamma,"[4546649.743433993, -58905.65683638061, 0.01296671906594282]",3,-947.7163387757751,1901.4326775515501,1911.3276296511942,KS_continuous,0.07794827430520734,0.16689242940263327
file,swv03,swv,20,10,continuous_exploratory,expon,"[1.0, 48.475]",2,-976.2096402257432,1956.4192804514864,1963.0159151845826,KS_continuous,0.17313315889880238,1.0324876677250481e-05
file,swv04,swv,20,10,discrete,discrete_uniform_1_100,"{""low"": 1, ""high"": 100, ""fixed_support"": true}",0,-921.0340371976183,1842.0680743952366,1842.0680743952366,chi2_uniform_1_100_bins10,3.8000000000000003,0.9240759301265984
file,swv04,swv,20,10,discrete,discrete_uniform_0_100,"{""low"": 0, ""high"": 100, ""fixed_support"": true}",0,-923.024103368252,1846.048206736504,1846.048206736504,chi2_uniform_0_100_bins10,4.5112272727272735,0.8746685587878527
file,swv04,swv,20,10,discrete,discrete_uniform_minmax,"{""low"": 1, ""high"": 100}",2,-921.0340371976183,1846.0680743952366,1852.6647091283328,chi2_uniform_minmax_bins10,3.8000000000000003,0.9240759301265984
file,swv04,swv,20,10,discrete,poisson,"{""mu"": 51.2}",1,-2453.7539663123102,4909.5079326246205,4912.806249991168,,,
file,swv04,swv,20,10,discrete,discrete_uniform_1_99,"{""low"": 1, ""high"": 99, ""fixed_support"": true}",0,-inf,inf,inf,chi2_uniform_1_99_bins10,,
file,swv04,swv,20,10,discrete,discrete_uniform_0_99,"{""low"": 0, ""high"": 99, ""fixed_support"": true}",0,-inf,inf,inf,chi2_uniform_0_99_bins10,,
file,swv04,swv,20,10,continuous_exploratory,uniform,"[1.0, 99.0]",2,-919.0239700269178,1842.0479400538356,1848.6445747869318,KS_continuous,0.03782828282828282,0.9266110912405737
file,swv04,swv,20,10,continuous_exploratory,weibull_min,"[2.3688113027581963, -12.394634695516551, 71.85615634218165]",3,-952.7540868160311,1911.5081736320622,1921.4031257317063,KS_continuous,0.07863031880963733,0.15984025233957722
file,swv04,swv,20,10,continuous_exploratory,norm,"[51.2, 29.046342282635177]",2,-957.5662194956459,1919.1324389912918,1925.729073724388,KS_continuous,0.07353065103416823,0.21868912455804002
file,swv04,swv,20,10,continuous_exploratory,lognorm,"[0.0007546088729488845, -38440.723580902915, 38491.912621590294]",3,-957.5661955228719,1921.1323910457438,1931.027343145388,KS_continuous,0.07358023483508835,0.21804639355493027
file,swv04,swv,20,10,continuous_exploratory,gamma,"[9683624.107790846, -90338.79374014706, 0.009334314664523896]",3,-957.5662009819134,1921.1324019638269,1931.027354063471,KS_continuous,0.07353153089774878,0.21867770676539855
file,swv04,swv,20,10,continuous_exploratory,expon,"[1.0, 50.2]",2,-983.2030053395367,1970.4060106790735,1977.0026454121696,KS_continuous,0.1825151027796169,2.6530955971372368e-06
file,swv05,swv,20,10,discrete,discrete_uniform_1_100,"{""low"": 1, ""high"": 100, ""fixed_support"": true}",0,-921.0340371976183,1842.0680743952366,1842.0680743952366,chi2_uniform_1_100_bins10,15.7,0.07341687854273769
file,swv05,swv,20,10,discrete,discrete_uniform_0_100,"{""low"": 0, ""high"": 100, ""fixed_support"": true}",0,-923.024103368252,1846.048206736504,1846.048206736504,chi2_uniform_0_100_bins10,14.987681818181818,0.09127489212494322
file,swv05,swv,20,10,discrete,discrete_uniform_minmax,"{""low"": 1, ""high"": 100}",2,-921.0340371976183,1846.0680743952366,1852.6647091283328,chi2_uniform_minmax_bins10,15.7,0.07341687854273769
file,swv05,swv,20,10,discrete,poisson,"{""mu"": 50.485}",1,-2530.767651556109,5063.535303112218,5066.833620478766,,,
file,swv05,swv,20,10,discrete,discrete_uniform_1_99,"{""low"": 1, ""high"": 99, ""fixed_support"": true}",0,-inf,inf,inf,chi2_uniform_1_99_bins10,,
file,swv05,swv,20,10,discrete,discrete_uniform_0_99,"{""low"": 0, ""high"": 99, ""fixed_support"": true}",0,-inf,inf,inf,chi2_uniform_0_99_bins10,,
file,swv05,swv,20,10,continuous_exploratory,uniform,"[1.0, 99.0]",2,-919.0239700269178,1842.0479400538356,1848.6445747869318,KS_continuous,0.05606060606060603,0.537170258926052
file,swv05,swv,20,10,continuous_exploratory,weibull_min,"[2.874789305498382, -23.71349522196568, 83.50853244749324]",3,-953.069447435557,1912.138894871114,1922.033846970758,KS_continuous,0.09726717764123716,0.042426303049773906
file,swv05,swv,20,10,continuous_exploratory,norm,"[50.485, 28.986717216683918]",2,-957.155246250767,1918.310492501534,1924.9071272346303,KS_continuous,0.09160505780386119,0.06540128999242789
file,swv05,swv,20,10,continuous_exploratory,lognorm,"[3.4554662857510656e-06, -8388607.0, 8388657.484949918]",3,-957.15528700316,1920.31057400632,1930.205526105964,KS_continuous,0.09160559066034202,0.06539870626757871
file,swv05,swv,20,10,continuous_exploratory,gamma,"[567.6648822110819, -643.1926396380193, 1.2218200774631143]",3,-957.4947196271503,1920.9894392543006,1930.8843913539447,KS_continuous,0.09674350849191804,0.04420702144468136
file,swv05,swv,20,10,continuous_exploratory,expon,"[1.0, 49.485]",2,-980.3339186697309,1964.6678373394618,1971.264472072558,KS_continuous,0.178497264038393,4.790533722639108e-06
file,swv06,swv,20,15,discrete,discrete_uniform_1_100,"{""low"": 1, ""high"": 100, ""fixed_support"": true}",0,-1381.5510557964276,2763.102111592855,2763.102111592855,chi2_uniform_1_100_bins10,4.3999999999999995,0.8831713784241684
file,swv06,swv,20,15,discrete,discrete_uniform_minmax,"{""low"": 1, ""high"": 100}",2,-1381.5510557964276,2767.102111592855,2774.5096765421677,chi2_uniform_minmax_bins10,4.3999999999999995,0.8831713784241684
file,swv06,swv,20,15,discrete,discrete_uniform_0_100,"{""low"": 0, ""high"": 100, ""fixed_support"": true}",0,-1384.5361550523778,2769.0723101047556,2769.0723101047556,chi2_uniform_0_100_bins10,4.502757575757575,0.8753254772129857
file,swv06,swv,20,15,discrete,poisson,"{""mu"": 50.79666666666667}",1,-3699.3592765877065,7400.718553175413,7404.422335650069,,,
file,swv06,swv,20,15,discrete,discrete_uniform_1_99,"{""low"": 1, ""high"": 99, ""fixed_support"": true}",0,-inf,inf,inf,chi2_uniform_1_99_bins10,,
file,swv06,swv,20,15,discrete,discrete_uniform_0_99,"{""low"": 0, ""high"": 99, ""fixed_support"": true}",0,-inf,inf,inf,chi2_uniform_0_99_bins10,,
file,swv06,swv,20,15,continuous_exploratory,uniform,"[1.0, 99.0]",2,-1378.5359550403768,2761.0719100807537,2768.479475030066,KS_continuous,0.04191919191919191,0.6517236583413173
file,swv06,swv,20,15,continuous_exploratory,weibull_min,"[2.171034110722913, -8.739638144193687, 67.26295680094697]",3,-1429.0419570927163,2864.0839141854326,2875.1952616094013,KS_continuous,0.07469924152185214,0.06677564248331525
file,swv06,swv,20,15,continuous_exploratory,norm,"[50.79666666666667, 29.155708227073173]",2,-1437.4767748114639,2878.9535496229278,2886.3611145722402,KS_continuous,0.07377232034127884,0.072578109956149
file,swv06,swv,20,15,continuous_exploratory,lognorm,"[0.025927091740471177, -1073.9600529825475, 1124.3788042303659]",3,-1437.4373032499802,2880.8746064999605,2891.985953923929,KS_continuous,0.07128809184406454,0.09027390609540187
file,swv06,swv,20,15,continuous_exploratory,gamma,"[8944.268616109446, -2706.3867307864366, 0.30826234444108813]",3,-1437.456359308063,2880.912718616126,2892.0240660400946,KS_continuous,0.07309606368363586,0.07707650595908855
file,swv06,swv,20,15,continuous_exploratory,expon,"[1.0, 49.79666666666667]",2,-1472.3844142158348,2948.7688284316696,2956.176393380982,KS_continuous,0.1646766726452884,1.4081240303262115e-07
file,swv07,swv,20,15,discrete,discrete_uniform_1_100,"{""low"": 1, ""high"": 100, ""fixed_support"": true}",0,-1381.5510557964276,2763.102111592855,2763.102111592855,chi2_uniform_1_100_bins10,17.666666666666668,0.03924375648645629
file,swv07,swv,20,15,discrete,discrete_uniform_minmax,"{""low"": 1, ""high"": 100}",2,-1381.5510557964276,2767.102111592855,2774.5096765421677,chi2_uniform_minmax_bins10,17.666666666666668,0.03924375648645629
file,swv07,swv,20,15,discrete,discrete_uniform_0_100,"{""low"": 0, ""high"": 100, ""fixed_support"": true}",0,-1384.5361550523778,2769.0723101047556,2769.0723101047556,chi2_uniform_0_100_bins10,16.876787878787876,0.05068079168850253
file,swv07,swv,20,15,discrete,poisson,"{""mu"": 48.54666666666667}",1,-3783.0050546123625,7568.010109224725,7571.713891699381,,,
file,swv07,swv,20,15,discrete,discrete_uniform_1_99,"{""low"": 1, ""high"": 99, ""fixed_support"": true}",0,-inf,inf,inf,chi2_uniform_1_99_bins10,,
file,swv07,swv,20,15,discrete,discrete_uniform_0_99,"{""low"": 0, ""high"": 99, ""fixed_support"": true}",0,-inf,inf,inf,chi2_uniform_0_99_bins10,,
file,swv07,swv,20,15,continuous_exploratory,uniform,"[1.0, 99.0]",2,-1378.5359550403768,2761.0719100807537,2768.479475030066,KS_continuous,0.07818181818181824,0.04837485184109047
file,swv07,swv,20,15,continuous_exploratory,weibull_min,"[1.9149724128816537, -5.466243556680553, 60.79976603555484]",3,-1425.4183244523656,2856.836648904731,2867.9479963287,KS_continuous,0.0810936280244241,0.03653196765512856
file,swv07,swv,20,15,continuous_exploratory,lognorm,"[0.12667424167297983, -181.92137836040393, 228.63292132759022]",3,-1435.475931889991,2876.951863779982,2888.0632112039507,KS_continuous,0.07862908325958151,0.04636367418381704
file,swv07,swv,20,15,continuous_exploratory,norm,"[48.54666666666667, 29.06477516781362]",2,-1436.5396496496705,2877.079299299341,2884.4868642486535,KS_continuous,0.07081903594950095,0.09399155761437927
file,swv07,swv,20,15,continuous_exploratory,gamma,"[126.96796401099982, -277.68132301918627, 2.5691280217680195]",3,-1435.65261259139,2877.30522518278,2888.4165726067486,KS_continuous,0.07508244069146996,0.06449495553821172
file,swv07,swv,20,15,continuous_exploratory,expon,"[1.0, 47.54666666666667]",2,-1458.5135054660327,2921.0270109320654,2928.434575881378,KS_continuous,0.1730103529825136,2.534555254671638e-08
file,swv08,swv,20,15,discrete,discrete_uniform_1_100,"{""low"": 1, ""high"": 100, ""fixed_support"": true}",0,-1381.5510557964276,2763.102111592855,2763.102111592855,chi2_uniform_1_100_bins10,7.066666666666666,0.6301784543581157
file,swv08,swv,20,15,discrete,discrete_uniform_minmax,"{""low"": 1, ""high"": 100}",2,-1381.5510557964276,2767.102111592855,2774.5096765421677,chi2_uniform_minmax_bins10,7.066666666666666,0.6301784543581157
file,swv08,swv,20,15,discrete,discrete_uniform_0_100,"{""low"": 0, ""high"": 100, ""fixed_support"": true}",0,-1384.5361550523778,2769.0723101047556,2769.0723101047556,chi2_uniform_0_100_bins10,7.3827878787878785,0.5973311989964005
file,swv08,swv,20,15,discrete,poisson,"{""mu"": 52.69}",1,-3675.7729366322355,7353.545873264471,7357.249655739127,,,
file,swv08,swv,20,15,discrete,discrete_uniform_1_99,"{""low"": 1, ""high"": 99, ""fixed_support"": true}",0,-inf,inf,inf,chi2_uniform_1_99_bins10,,
file,swv08,swv,20,15,discrete,discrete_uniform_0_99,"{""low"": 0, ""high"": 99, ""fixed_support"": true}",0,-inf,inf,inf,chi2_uniform_0_99_bins10,,
file,swv08,swv,20,15,continuous_exploratory,uniform,"[1.0, 99.0]",2,-1378.5359550403768,2761.0719100807537,2768.479475030066,KS_continuous,0.054444444444444406,0.32438695024234565
file,swv08,swv,20,15,continuous_exploratory,weibull_min,"[3.1360348419783675, -27.636605112758076, 90.05266917178386]",3,-1430.464776409183,2866.929552818366,2878.040900242335,KS_continuous,0.07249399490014585,0.08127759570081206
file,swv08,swv,20,15,continuous_exploratory,norm,"[52.69, 29.004147404581065]",2,-1435.9132100750094,2875.8264201500187,2883.233985099331,KS_continuous,0.07246047090926755,0.08151708303633631
file,swv08,swv,20,15,continuous_exploratory,lognorm,"[2.765919192791024e-05, -1048574.9999999995, 1048627.6895988826]",3,-1435.913697484914,2877.827394969828,2888.938742393797,KS_continuous,0.0724638835743685,0.08149267662542647
file,swv08,swv,20,15,continuous_exploratory,gamma,"[622.4067158730109, -674.1379889545033, 1.1676876225725796]",3,-1436.4077086595296,2878.815417319059,2889.926764743028,KS_continuous,0.07589079138777655,0.059901212033064644
file,swv08,swv,20,15,continuous_exploratory,expon,"[1.0, 51.69]",2,-1483.5793017623841,2971.1586035247683,2978.5661684740808,KS_continuous,0.1854300366308888,1.6751604468082243e-09
file,swv09,swv,20,15,discrete,discrete_uniform_1_100,"{""low"": 1, ""high"": 100, ""fixed_support"": true}",0,-1381.5510557964276,2763.102111592855,2763.102111592855,chi2_uniform_1_100_bins10,9.599999999999998,0.3838265173713845
file,swv09,swv,20,15,discrete,discrete_uniform_minmax,"{""low"": 1, ""high"": 100}",2,-1381.5510557964276,2767.102111592855,2774.5096765421677,chi2_uniform_minmax_bins10,9.599999999999998,0.3838265173713845
file,swv09,swv,20,15,discrete,discrete_uniform_0_100,"{""low"": 0, ""high"": 100, ""fixed_support"": true}",0,-1384.5361550523778,2769.0723101047556,2769.0723101047556,chi2_uniform_0_100_bins10,10.627030303030299,0.30214253895052534
file,swv09,swv,20,15,discrete,poisson,"{""mu"": 50.08}",1,-3528.5191033831043,7059.0382067662085,7062.741989240864,,,
file,swv09,swv,20,15,discrete,discrete_uniform_1_99,"{""low"": 1, ""high"": 99, ""fixed_support"": true}",0,-inf,inf,inf,chi2_uniform_1_99_bins10,,
file,swv09,swv,20,15,discrete,discrete_uniform_0_99,"{""low"": 0, ""high"": 99, ""fixed_support"": true}",0,-inf,inf,inf,chi2_uniform_0_99_bins10,,
file,swv09,swv,20,15,continuous_exploratory,uniform,"[1.0, 99.0]",2,-1378.5359550403768,2761.0719100807537,2768.479475030066,KS_continuous,0.045454545454545525,0.5495072048559029
file,swv09,swv,20,15,continuous_exploratory,weibull_min,"[2.324435232510672, -10.37146578200802, 68.31976938896722]",3,-1418.558353251317,2843.116706502634,2854.2280539266026,KS_continuous,0.09088734584847968,0.013176307968864752
file,swv09,swv,20,15,continuous_exploratory,norm,"[50.08, 28.06481070664828]",2,-1426.0365110270573,2856.0730220541145,2863.480587003427,KS_continuous,0.08322657790714749,0.029547264505168647
file,swv09,swv,20,15,continuous_exploratory,lognorm,"[2.944660135628743e-05, -953024.8055982811, 953074.8851850743]",3,-1426.0365698219334,2858.073139643867,2869.1844870678356,KS_continuous,0.08322908874102097,0.02953978894199527
file,swv09,swv,20,15,continuous_exploratory,gamma,"[23664.354446308054, -4267.23969248492, 0.18243970773905738]",3,-1426.0456085282299,2858.0912170564598,2869.2025644804285,KS_continuous,0.08362056218526703,0.028394431502367423
file,swv09,swv,20,15,continuous_exploratory,expon,"[1.0, 49.08]",2,-1468.0354859528134,2940.0709719056267,2947.478536854939,KS_continuous,0.16295304610648886,1.9860231794693345e-07
file,swv10,swv,20,15,discrete,discrete_uniform_minmax,"{""low"": 2, ""high"": 100}",2,-1378.5359550403768,2761.0719100807537,2768.479475030066,chi2_uniform_minmax_bins10,4.953,0.8383859615204794
file,swv10,swv,20,15,discrete,discrete_uniform_1_100,"{""low"": 1, ""high"": 100, ""fixed_support"": true}",0,-1381.5510557964276,2763.102111592855,2763.102111592855,chi2_uniform_1_100_bins10,6.0,0.7399182920946537
file,swv10,swv,20,15,discrete,discrete_uniform_0_100,"{""low"": 0, ""high"": 100, ""fixed_support"": true}",0,-1384.5361550523778,2769.0723101047556,2769.0723101047556,chi2_uniform_0_100_bins10,7.578666666666663,0.5770986987149688
file,swv10,swv,20,15,discrete,poisson,"{""mu"": 52.45666666666666}",1,-3379.209909697426,6760.419819394852,6764.123601869508,,,
file,swv10,swv,20,15,discrete,discrete_uniform_1_99,"{""low"": 1, ""high"": 99, ""fixed_support"": true}",0,-inf,inf,inf,chi2_uniform_1_99_bins10,,
file,swv10,swv,20,15,discrete,discrete_uniform_0_99,"{""low"": 0, ""high"": 99, ""fixed_support"": true}",0,-inf,inf,inf,chi2_uniform_0_99_bins10,,
file,swv10,swv,20,15,continuous_exploratory,uniform,"[2.0, 98.0]",2,-1375.4902436011714,2754.980487202343,2762.3880521516553,KS_continuous,0.04326530612244897,0.6124345787873468
file,swv10,swv,20,15,continuous_exploratory,weibull_min,"[2.686398271379936, -15.328106030868957, 76.4118424168955]",3,-1418.0952075888983,2842.1904151777967,2853.3017626017654,KS_continuous,0.07039965975297735,0.09742287767212332
file,swv10,swv,20,15,continuous_exploratory,norm,"[52.45666666666666, 27.879887414087996]",2,-1424.0532242570112,2852.1064485140223,2859.514013463335,KS_continuous,0.07036764984538313,0.09768901342004233
file,swv10,swv,20,15,continuous_exploratory,lognorm,"[1.329384950396842e-05, -2097149.9999999981, 2097202.4564813497]",3,-1424.0532933577047,2854.1065867154093,2865.217934139378,KS_continuous,0.07036751851808076,0.0976901065430903
file,swv10,swv,20,15,continuous_exploratory,gamma,"[3951.813898648583, -1701.1362138189297, 0.44374409752941923]",3,-1424.1119949965837,2854.2239899931674,2865.335337417136,KS_continuous,0.07017567498188426,0.0992978568334878
file,swv10,swv,20,15,continuous_exploratory,expon,"[2.0, 50.45666666666666]",2,-1476.3344646319092,2956.6689292638184,2964.076494213131,KS_continuous,0.18382144800312855,2.4077105870855305e-09
file,swv11,swv,50,10,discrete,discrete_uniform_1_100,"{""low"": 1, ""high"": 100, ""fixed_support"": true}",0,-2302.5850929940457,4605.170185988091,4605.170185988091,chi2_uniform_1_100_bins10,12.32,0.1958644508951414
file,swv11,swv,50,10,discrete,discrete_uniform_minmax,"{""low"": 1, ""high"": 100}",2,-2302.5850929940457,4609.170185988091,4617.599402184936,chi2_uniform_minmax_bins10,12.32,0.1958644508951414
file,swv11,swv,50,10,discrete,discrete_uniform_0_100,"{""low"": 0, ""high"": 100, ""fixed_support"": true}",0,-2307.56025842063,4615.12051684126,4615.12051684126,chi2_uniform_0_100_bins10,13.724563636363637,0.132465892577973
file,swv11,swv,50,10,discrete,poisson,"{""mu"": 50.798}",1,-5983.042032472016,11968.084064944032,11972.298673042455,,,
file,swv11,swv,50,10,discrete,discrete_uniform_1_99,"{""low"": 1, ""high"": 99, ""fixed_support"": true}",0,-inf,inf,inf,chi2_uniform_1_99_bins10,,
file,swv11,swv,50,10,discrete,discrete_uniform_0_99,"{""low"": 0, ""high"": 99, ""fixed_support"": true}",0,-inf,inf,inf,chi2_uniform_0_99_bins10,,
file,swv11,swv,50,10,continuous_exploratory,uniform,"[1.0, 99.0]",2,-2297.559925067295,4599.11985013459,4607.549066331434,KS_continuous,0.032282828282828246,0.662293348122607
file,swv11,swv,50,10,continuous_exploratory,weibull_min,"[2.229872054969983, -9.07107675093014, 67.64789499758089]",3,-2373.918782931374,4753.837565862748,4766.481390158015,KS_continuous,0.06708997614622514,0.021169261563440834
file,swv11,swv,50,10,continuous_exploratory,norm,"[50.798, 28.679909274612427]",2,-2387.567692781661,4779.135385563322,4787.564601760167,KS_continuous,0.07324024268680795,0.008880426360480871
file,swv11,swv,50,10,continuous_exploratory,lognorm,"[0.055191122147847854, -469.2953009633888, 519.3023288819845]",3,-2387.235799706237,4780.471599412474,4793.11542370774,KS_continuous,0.07180188797475562,0.010955390099358572
file,swv11,swv,50,10,continuous_exploratory,gamma,"[1388.297940154721, -1017.7868538192638, 0.7696977855265947]",3,-2387.368482423286,4780.736964846572,4793.380789141838,KS_continuous,0.07289878518058712,0.00933784214019516
file,swv11,swv,50,10,continuous_exploratory,expon,"[1.0, 49.798]",2,-2453.9874112907887,4911.974822581577,4920.404038778422,KS_continuous,0.1631120367757402,4.312134823222132e-12
file,swv12,swv,50,10,discrete,discrete_uniform_1_100,"{""low"": 1, ""high"": 100, ""fixed_support"": true}",0,-2302.5850929940457,4605.170185988091,4605.170185988091,chi2_uniform_1_100_bins10,14.720000000000002,0.09891984481485114
file,swv12,swv,50,10,discrete,discrete_uniform_minmax,"{""low"": 1, ""high"": 100}",2,-2302.5850929940457,4609.170185988091,4617.599402184936,chi2_uniform_minmax_bins10,14.720000000000002,0.09891984481485114
file,swv12,swv,50,10,discrete,discrete_uniform_0_100,"{""low"": 0, ""high"": 100, ""fixed_support"": true}",0,-2307.56025842063,4615.12051684126,4615.12051684126,chi2_uniform_0_100_bins10,14.512363636363634,0.10523115575659034
file,swv12,swv,50,10,discrete,poisson,"{""mu"": 51.052}",1,-6143.907851392069,12289.815702784137,12294.03031088256,,,
file,swv12,swv,50,10,discrete,discrete_uniform_1_99,"{""low"": 1, ""high"": 99, ""fixed_support"": true}",0,-inf,inf,inf,chi2_uniform_1_99_bins10,,
file,swv12,swv,50,10,discrete,discrete_uniform_0_99,"{""low"": 0, ""high"": 99, ""fixed_support"": true}",0,-inf,inf,inf,chi2_uniform_0_99_bins10,,
file,swv12,swv,50,10,continuous_exploratory,uniform,"[1.0, 99.0]",2,-2297.559925067295,4599.11985013459,4607.549066331434,KS_continuous,0.027717171717171724,0.8265989323641835
file,swv12,swv,50,10,continuous_exploratory,weibull_min,"[2.4490277374514564, -14.125268986982984, 73.61132407882778]",3,-2381.0092883835205,4768.018576767041,4780.662401062307,KS_continuous,0.07008535059248311,0.013998835527866465
file,swv12,swv,50,10,continuous_exploratory,norm,"[51.052, 28.95025554291361]",2,-2392.2587821141833,4788.517564228367,4796.946780425211,KS_continuous,0.06601495277179614,0.024448760901302324
file,swv12,swv,50,10,continuous_exploratory,lognorm,"[1.3804228239223977e-05, -2097150.999999999, 2097202.0518001807]",3,-2392.2587863300087,4790.517572660017,4803.161396955284,KS_continuous,0.0660156983237582,0.02444633860401002
file,swv12,swv,50,10,continuous_exploratory,gamma,"[2689137.816642751, -47423.94331206154, 0.017654355452497]",3,-2392.25890974086,4790.51781948172,4803.161643776986,KS_continuous,0.06603817713412286,0.02437340477808636
file,swv12,swv,50,10,continuous_exploratory,expon,"[1.0, 50.052]",2,-2456.5312325014042,4917.0624650028085,4925.491681199653,KS_continuous,0.1702974273378942,3.7971304543493954e-13
file,swv13,swv,50,10,discrete,discrete_uniform_1_100,"{""low"": 1, ""high"": 100, ""fixed_support"": true}",0,-2302.5850929940457,4605.170185988091,4605.170185988091,chi2_uniform_1_100_bins10,7.48,0.5872741678279128
file,swv13,swv,50,10,discrete,discrete_uniform_minmax,"{""low"": 1, ""high"": 100}",2,-2302.5850929940457,4609.170185988091,4617.599402184936,chi2_uniform_minmax_bins10,7.48,0.5872741678279128
file,swv13,swv,50,10,discrete,discrete_uniform_0_100,"{""low"": 0, ""high"": 100, ""fixed_support"": true}",0,-2307.56025842063,4615.12051684126,4615.12051684126,chi2_uniform_0_100_bins10,6.588454545454545,0.679880562812617
file,swv13,swv,50,10,discrete,poisson,"{""mu"": 51.72}",1,-6458.928355303242,12919.856710606484,12924.071318704906,,,
file,swv13,swv,50,10,discrete,discrete_uniform_1_99,"{""low"": 1, ""high"": 99, ""fixed_support"": true}",0,-inf,inf,inf,chi2_uniform_1_99_bins10,,
file,swv13,swv,50,10,discrete,discrete_uniform_0_99,"{""low"": 0, ""high"": 99, ""fixed_support"": true}",0,-inf,inf,inf,chi2_uniform_0_99_bins10,,
file,swv13,swv,50,10,continuous_exploratory,uniform,"[1.0, 99.0]",2,-2297.559925067295,4599.11985013459,4607.549066331434,KS_continuous,0.05145454545454542,0.13677160118115284
file,swv13,swv,50,10,continuous_exploratory,weibull_min,"[2.4561007804886605, -15.498677582168249, 75.95737024362782]",3,-2397.3340917201267,4800.668183440253,4813.31200773552,KS_continuous,0.08520534513213551,0.0013172050818841465
file,swv13,swv,50,10,continuous_exploratory,norm,"[51.72, 29.938964577954263]",2,-2409.0496641817404,4822.099328363481,4830.528544560325,KS_continuous,0.0789472455202031,0.0037048032412065226
file,swv13,swv,50,10,continuous_exploratory,lognorm,"[3.56898162454776e-06, -8388606.999999976, 8388658.71994655]",3,-2409.049735121725,4824.09947024345,4836.743294538716,KS_continuous,0.07894689105976055,0.0037050119595555264
file,swv13,swv,50,10,continuous_exploratory,gamma,"[977.2489901988588, -886.4789654556516, 0.9600659949736805]",3,-2409.479282014982,4824.958564029964,4837.60238832523,KS_continuous,0.07700731651952669,0.005023654956087071
file,swv13,swv,50,10,continuous_exploratory,expon,"[1.0, 50.72]",2,-2463.1601550644855,4930.320310128971,4938.749526325815,KS_continuous,0.16229153865945856,5.6523636342481e-12
file,swv14,swv,50,10,discrete,discrete_uniform_1_100,"{""low"": 1, ""high"": 100, ""fixed_support"": true}",0,-2302.5850929940457,4605.170185988091,4605.170185988091,chi2_uniform_1_100_bins10,7.0,0.6371194071693982
file,swv14,swv,50,10,discrete,discrete_uniform_minmax,"{""low"": 1, ""high"": 100}",2,-2302.5850929940457,4609.170185988091,4617.599402184936,chi2_uniform_minmax_bins10,7.0,0.6371194071693982
file,swv14,swv,50,10,discrete,discrete_uniform_0_100,"{""low"": 0, ""high"": 100, ""fixed_support"": true}",0,-2307.56025842063,4615.12051684126,4615.12051684126,chi2_uniform_0_100_bins10,8.013472727272726,0.5327890609463416
file,swv14,swv,50,10,discrete,poisson,"{""mu"": 50.034}",1,-6133.66329012003,12269.32658024006,12273.541188338482,,,
file,swv14,swv,50,10,discrete,discrete_uniform_1_99,"{""low"": 1, ""high"": 99, ""fixed_support"": true}",0,-inf,inf,inf,chi2_uniform_1_99_bins10,,
file,swv14,swv,50,10,discrete,discrete_uniform_0_99,"{""low"": 0, ""high"": 99, ""fixed_support"": true}",0,-inf,inf,inf,chi2_uniform_0_99_bins10,,
file,swv14,swv,50,10,continuous_exploratory,uniform,"[1.0, 99.0]",2,-2297.559925067295,4599.11985013459,4607.549066331434,KS_continuous,0.031777777777777794,0.6813218237910617
file,swv14,swv,50,10,continuous_exploratory,weibull_min,"[2.408247371705433, -13.359842015621096, 71.63501462928633]",3,-2374.7272378877797,4755.454475775559,4768.098300070826,KS_continuous,0.07671086225436441,0.005259451192834696
file,swv14,swv,50,10,continuous_exploratory,norm,"[50.034, 28.625108628614843]",2,-2386.6113949789924,4777.222789957985,4785.652006154829,KS_continuous,0.0815213512962169,0.0024444923369269156
file,swv14,swv,50,10,continuous_exploratory,lognorm,"[4.093875788020348e-06, -6992128.594135027, 6992178.628076433]",3,-2386.6114327473424,4779.222865494685,4791.866689789951,KS_continuous,0.08152127656562025,0.002444522319107243
file,swv14,swv,50,10,continuous_exploratory,gamma,"[3471.7931692720285, -1637.0921054579112, 0.48595206149314185]",3,-2386.7197573970534,4779.439514794107,4792.083339089373,KS_continuous,0.08129663285179367,0.002536203705991869
file,swv14,swv,50,10,continuous_exploratory,expon,"[1.0, 49.034]",2,-2446.2569675199607,4896.513935039921,4904.9431512367655,KS_continuous,0.15969716865679606,1.3179318165876918e-11
file,swv15,swv,50,10,discrete,discrete_uniform_1_100,"{""low"": 1, ""high"": 100, ""fixed_support"": true}",0,-2302.5850929940457,4605.170185988091,4605.170185988091,chi2_uniform_1_100_bins10,15.2,0.08558679062301312
file,swv15,swv,50,10,discrete,discrete_uniform_minmax,"{""low"": 1, ""high"": 100}",2,-2302.5850929940457,4609.170185988091,4617.599402184936,chi2_uniform_minmax_bins10,15.2,0.08558679062301312
file,swv15,swv,50,10,discrete,discrete_uniform_0_100,"{""low"": 0, ""high"": 100, ""fixed_support"": true}",0,-2307.56025842063,4615.12051684126,4615.12051684126,chi2_uniform_0_100_bins10,17.972072727272728,0.03549893112852045
file,swv15,swv,50,10,discrete,poisson,"{""mu"": 49.978}",1,-5624.006589029763,11250.013178059526,11254.227786157948,,,
file,swv15,swv,50,10,discrete,discrete_uniform_1_99,"{""low"": 1, ""high"": 99, ""fixed_support"": true}",0,-inf,inf,inf,chi2_uniform_1_99_bins10,,
file,swv15,swv,50,10,discrete,discrete_uniform_0_99,"{""low"": 0, ""high"": 99, ""fixed_support"": true}",0,-inf,inf,inf,chi2_uniform_0_99_bins10,,
file,swv15,swv,50,10,continuous_exploratory,uniform,"[1.0, 99.0]",2,-2297.559925067295,4599.11985013459,4607.549066331434,KS_continuous,0.05155555555555558,0.13534701606522304
file,swv15,swv,50,10,continuous_exploratory,weibull_min,"[1.9936036403287591, -3.1100383883130007, 59.88560851884803]",3,-2352.6324232135557,4711.2648464271115,4723.908670722378,KS_continuous,0.07747660225250019,0.004670122756201426
file,swv15,swv,50,10,continuous_exploratory,lognorm,"[0.1674102558319139, -117.40672425183108, 165.070284091274]",3,-2369.0010116090048,4744.0020232180095,4756.645847513276,KS_continuous,0.07815488055974984,0.004199355092499856
file,swv15,swv,50,10,continuous_exploratory,gamma,"[58.17712259116563, -161.23185978486617, 3.6304560805728165]",3,-2369.1858037250113,4744.371607450023,4757.015431745289,KS_continuous,0.07267536352143189,0.009648588580657909
file,swv15,swv,50,10,continuous_exploratory,norm,"[49.978, 27.79347973896036]",2,-2371.8699923140134,4747.739984628027,4756.169200824871,KS_continuous,0.07696135170095458,0.005059568802390196
file,swv15,swv,50,10,continuous_exploratory,expon,"[1.0, 48.978]",2,-2445.6856088486365,4895.371217697273,4903.800433894117,KS_continuous,0.1606863364932628,9.559305424294178e-12
file,swv16,swv,50,10,discrete,discrete_uniform_1_100,"{""low"": 1, ""high"": 100, ""fixed_support"": true}",0,-2302.5850929940457,4605.170185988091,4605.170185988091,chi2_uniform_1_100_bins10,6.56,0.6828233064694742
file,swv16,swv,50,10,discrete,discrete_uniform_minmax,"{""low"": 1, ""high"": 100}",2,-2302.5850929940457,4609.170185988091,4617.599402184936,chi2_uniform_minmax_bins10,6.56,0.6828233064694742
file,swv16,swv,50,10,discrete,discrete_uniform_0_100,"{""low"": 0, ""high"": 100, ""fixed_support"": true}",0,-2307.56025842063,4615.12051684126,4615.12051684126,chi2_uniform_0_100_bins10,6.660072727272727,0.6724627172505402
file,swv16,swv,50,10,discrete,poisson,"{""mu"": 50.666}",1,-6392.968323467507,12787.936646935013,12792.151255033436,,,
file,swv16,swv,50,10,discrete,discrete_uniform_1_99,"{""low"": 1, ""high"": 99, ""fixed_support"": true}",0,-inf,inf,inf,chi2_uniform_1_99_bins10,,
file,swv16,swv,50,10,discrete,discrete_uniform_0_99,"{""low"": 0, ""high"": 99, ""fixed_support"": true}",0,-inf,inf,inf,chi2_uniform_0_99_bins10,,
file,swv16,swv,50,10,continuous_exploratory,uniform,"[1.0, 99.0]",2,-2297.559925067295,4599.11985013459,4607.549066331434,KS_continuous,0.03468686868686868,0.5721259003342204
file,swv16,swv,50,10,continuous_exploratory,weibull_min,"[2.2344727225454735, -11.104489995685121, 69.80680160161936]",3,-2390.128712305077,4786.257424610154,4798.90124890542,KS_continuous,0.07573381256524492,0.006110125505900346
file,swv16,swv,50,10,continuous_exploratory,norm,"[50.666, 29.593216182091464]",2,-2403.241842615396,4810.483685230792,4818.912901427636,KS_continuous,0.07254208875944035,0.009838385564502042
file,swv16,swv,50,10,continuous_exploratory,lognorm,"[6.31359037546096e-06, -4687174.130780604, 4687224.796687184]",3,-2403.2418625832906,4812.483725166581,4825.127549461848,KS_continuous,0.07254237026586163,0.009837981132092423
file,swv16,swv,50,10,continuous_exploratory,gamma,"[26014.66334915071, -4722.6308129552, 0.1834847622868402]",3,-2403.2554373124713,4812.5108746249425,4825.154698920209,KS_continuous,0.07274815524025557,0.009546332100758516
file,swv16,swv,50,10,continuous_exploratory,expon,"[1.0, 49.666]",2,-2452.660297184236,4909.320594368472,4917.749810565316,KS_continuous,0.16366449635540675,3.5909566306717973e-12
file,swv17,swv,50,10,discrete,discrete_uniform_1_100,"{""low"": 1, ""high"": 100, ""fixed_support"": true}",0,-2302.5850929940457,4605.170185988091,4605.170185988091,chi2_uniform_1_100_bins10,14.280000000000001,0.11270788004322972
file,swv17,swv,50,10,discrete,discrete_uniform_minmax,"{""low"": 1, ""high"": 100}",2,-2302.5850929940457,4609.170185988091,4617.599402184936,chi2_uniform_minmax_bins10,14.280000000000001,0.11270788004322972
file,swv17,swv,50,10,discrete,discrete_uniform_0_100,"{""low"": 0, ""high"": 100, ""fixed_support"": true}",0,-2307.56025842063,4615.12051684126,4615.12051684126,chi2_uniform_0_100_bins10,15.013690909090908,0.09056059661307918
file,swv17,swv,50,10,discrete,poisson,"{""mu"": 48.918}",1,-6042.255152221417,12086.510304442834,12090.724912541256,,,
file,swv17,swv,50,10,discrete,discrete_uniform_1_99,"{""low"": 1, ""high"": 99, ""fixed_support"": true}",0,-inf,inf,inf,chi2_uniform_1_99_bins10,,
file,swv17,swv,50,10,discrete,discrete_uniform_0_99,"{""low"": 0, ""high"": 99, ""fixed_support"": true}",0,-inf,inf,inf,chi2_uniform_0_99_bins10,,
file,swv17,swv,50,10,continuous_exploratory,uniform,"[1.0, 99.0]",2,-2297.559925067295,4599.11985013459,4607.549066331434,KS_continuous,0.05765656565656563,0.06920922054503842
file,swv17,swv,50,10,continuous_exploratory,weibull_min,"[2.047004814931741, -6.656578481515464, 62.7169807272026]",3,-2366.8168287071085,4739.633657414217,4752.277481709483,KS_continuous,0.0718905747481755,0.01081576614847416
file,swv17,swv,50,10,continuous_exploratory,lognorm,"[0.12817467735888693, -174.17016721495744, 221.26978554368776]",3,-2381.979980386412,4769.959960772824,4782.6037850680905,KS_continuous,0.07490430605988752,0.006929024851232584
file,swv17,swv,50,10,continuous_exploratory,gamma,"[131.74453734542737, -278.1467891695138, 2.4817596991877178]",3,-2382.3304127783076,4770.660825556615,4783.304649851882,KS_continuous,0.07523617762336587,0.006590085118588379
file,swv17,swv,50,10,continuous_exploratory,norm,"[48.918, 28.464210440481217]",2,-2383.7930286580777,4771.586057316155,4780.015273513,KS_continuous,0.0745395107542064,0.007319861711564412
file,swv17,swv,50,10,continuous_exploratory,expon,"[1.0, 47.918]",2,-2434.745608354584,4873.491216709168,4881.920432906012,KS_continuous,0.15883467346371516,1.740931684385853e-11
file,swv18,swv,50,10,discrete,discrete_uniform_1_100,"{""low"": 1, ""high"": 100, ""fixed_support"": true}",0,-2302.5850929940457,4605.170185988091,4605.170185988091,chi2_uniform_1_100_bins10,13.479999999999999,0.14206208922461447
file,swv18,swv,50,10,discrete,discrete_uniform_minmax,"{""low"": 1, ""high"": 100}",2,-2302.5850929940457,4609.170185988091,4617.599402184936,chi2_uniform_minmax_bins10,13.479999999999999,0.14206208922461447
file,swv18,swv,50,10,discrete,discrete_uniform_0_100,"{""low"": 0, ""high"": 100, ""fixed_support"": true}",0,-2307.56025842063,4615.12051684126,4615.12051684126,chi2_uniform_0_100_bins10,14.558272727272726,0.10380619451633215
file,swv18,swv,50,10,discrete,poisson,"{""mu"": 49.342}",1,-6132.993352339665,12267.98670467933,12272.201312777752,,,
file,swv18,swv,50,10,discrete,discrete_uniform_1_99,"{""low"": 1, ""high"": 99, ""fixed_support"": true}",0,-inf,inf,inf,chi2_uniform_1_99_bins10,,
file,swv18,swv,50,10,discrete,discrete_uniform_0_99,"{""low"": 0, ""high"": 99, ""fixed_support"": true}",0,-inf,inf,inf,chi2_uniform_0_99_bins10,,
file,swv18,swv,50,10,continuous_exploratory,uniform,"[1.0, 99.0]",2,-2297.559925067295,4599.11985013459,4607.549066331434,KS_continuous,0.059555555555555584,0.05531577798123377
file,swv18,swv,50,10,continuous_exploratory,weibull_min,"[1.9964403250897813, -6.037171835138012, 62.452376228796254]",3,-2373.4354505867905,4752.870901173581,4765.514725468847,KS_continuous,0.06907799050184205,0.01612025362829059
file,swv18,swv,50,10,continuous_exploratory,lognorm,"[0.15359399421448106, -140.14877494070944, 187.28025684184618]",3,-2389.0510843097895,4784.102168619579,4796.745992914845,KS_continuous,0.07287375900190507,0.00937219291891258
file,swv18,swv,50,10,continuous_exploratory,gamma,"[63.01599292773011, -178.4716231510008, 3.6125343858931735]",3,-2389.194947393582,4784.389894787164,4797.03371908243,KS_continuous,0.07667386064209747,0.005289582578083211
file,swv18,swv,50,10,continuous_exploratory,norm,"[49.342, 28.916656722380615]",2,-2391.678159734427,4787.356319468854,4795.785535665698,KS_continuous,0.08201120603076584,0.002255108873072954
file,swv18,swv,50,10,continuous_exploratory,expon,"[1.0, 48.342]",2,-2439.150374011557,4882.300748023114,4890.729964219958,KS_continuous,0.16532006227355814,2.0671805827385917e-12
file,swv19,swv,50,10,discrete,discrete_uniform_1_100,"{""low"": 1, ""high"": 100, ""fixed_support"": true}",0,-2302.5850929940457,4605.170185988091,4605.170185988091,chi2_uniform_1_100_bins10,8.48,0.4865883244581801
file,swv19,swv,50,10,discrete,discrete_uniform_minmax,"{""low"": 1, ""high"": 100}",2,-2302.5850929940457,4609.170185988091,4617.599402184936,chi2_uniform_minmax_bins10,8.48,0.4865883244581801
file,swv19,swv,50,10,discrete,discrete_uniform_0_100,"{""low"": 0, ""high"": 100, ""fixed_support"": true}",0,-2307.56025842063,4615.12051684126,4615.12051684126,chi2_uniform_0_100_bins10,10.626618181818182,0.302172708749282
file,swv19,swv,50,10,discrete,poisson,"{""mu"": 51.19}",1,-5993.080238248184,11988.160476496369,11992.37508459479,,,
file,swv19,swv,50,10,discrete,discrete_uniform_1_99,"{""low"": 1, ""high"": 99, ""fixed_support"": true}",0,-inf,inf,inf,chi2_uniform_1_99_bins10,,
file,swv19,swv,50,10,discrete,discrete_uniform_0_99,"{""low"": 0, ""high"": 99, ""fixed_support"": true}",0,-inf,inf,inf,chi2_uniform_0_99_bins10,,
file,swv19,swv,50,10,continuous_exploratory,uniform,"[1.0, 99.0]",2,-2297.559925067295,4599.11985013459,4607.549066331434,KS_continuous,0.039696969696969675,0.3996425989966489
file,swv19,swv,50,10,continuous_exploratory,weibull_min,"[2.1704499152620853, -7.828247275726524, 66.67505932651079]",3,-2376.6733341991776,4759.346668398355,4771.9904926936215,KS_continuous,0.07072078792412295,0.0127932442269904
file,swv19,swv,50,10,continuous_exploratory,norm,"[51.19, 28.888992713488644]",2,-2391.199590402988,4786.399180805976,4794.828397002821,KS_continuous,0.06880014285773944,0.01675397804741228
file,swv19,swv,50,10,continuous_exploratory,lognorm,"[0.06738537694557334, -378.07800739840906, 428.2955057510339]",3,-2390.7123403384403,4787.424680676881,4800.068504972147,KS_continuous,0.07116106716489268,0.012013636408216004
file,swv19,swv,50,10,continuous_exploratory,gamma,"[848.5634510437837, -789.277364533898, 0.9904635645192854]",3,-2390.8936017001242,4787.7872034002485,4800.431027695515,KS_continuous,0.06989376791492874,0.014381844950789625
file,swv19,swv,50,10,continuous_exploratory,expon,"[1.0, 50.19]",2,-2457.9079018334214,4919.815803666843,4928.245019863687,KS_continuous,0.1760771850530088,4.975246736223205e-14
file,swv20,swv,50,10,discrete,discrete_uniform_1_100,"{""low"": 1, ""high"": 100, ""fixed_support"": true}",0,-2302.5850929940457,4605.170185988091,4605.170185988091,chi2_uniform_1_100_bins10,7.32,0.60384074983639
file,swv20,swv,50,10,discrete,discrete_uniform_minmax,"{""low"": 1, ""high"": 100}",2,-2302.5850929940457,4609.170185988091,4617.599402184936,chi2_uniform_minmax_bins10,7.32,0.60384074983639
file,swv20,swv,50,10,discrete,discrete_uniform_0_100,"{""low"": 0, ""high"": 100, ""fixed_support"": true}",0,-2307.56025842063,4615.12051684126,4615.12051684126,chi2_uniform_0_100_bins10,7.427672727272727,0.5926841431084364
file,swv20,swv,50,10,discrete,poisson,"{""mu"": 49.234}",1,-6069.589699341466,12141.179398682933,12145.394006781355,,,
file,swv20,swv,50,10,discrete,discrete_uniform_1_99,"{""low"": 1, ""high"": 99, ""fixed_support"": true}",0,-inf,inf,inf,chi2_uniform_1_99_bins10,,
file,swv20,swv,50,10,discrete,discrete_uniform_0_99,"{""low"": 0, ""high"": 99, ""fixed_support"": true}",0,-inf,inf,inf,chi2_uniform_0_99_bins10,,
file,swv20,swv,50,10,continuous_exploratory,uniform,"[1.0, 99.0]",2,-2297.559925067295,4599.11985013459,4607.549066331434,KS_continuous,0.04222222222222216,0.32563144275445877
file,swv20,swv,50,10,continuous_exploratory,weibull_min,"[2.274784196868805, -10.781659885191168, 67.82035041718547]",3,-2368.374105589319,4742.748211178638,4755.392035473904,KS_continuous,0.07851263765241423,0.003968998022328396
file,swv20,swv,50,10,continuous_exploratory,norm,"[49.234, 28.318955559836592]",2,-2381.234960700418,4766.469921400836,4774.89913759768,KS_continuous,0.07549180200864225,0.006339403923658852
file,swv20,swv,50,10,continuous_exploratory,lognorm,"[0.014901979702122157, -1851.2333393241706, 1900.2563441646992]",3,-2381.210699148817,4768.421398297634,4781.065222592901,KS_continuous,0.07421253942646705,0.007687122544462574
file,swv20,swv,50,10,continuous_exploratory,gamma,"[22585.982970076082, -4206.441894693749, 0.18842104792564135]",3,-2381.2214751165957,4768.442950233191,4781.086774528458,KS_continuous,0.07511307488547614,0.0067140045806192185
file,swv20,swv,50,10,continuous_exploratory,expon,"[1.0, 48.234]",2,-2438.0320832869393,4880.0641665738785,4888.493382770723,KS_continuous,0.16563934329394525,1.8571290890647907e-12
file,ta01,ta,15,15,discrete,discrete_uniform_1_99,"{""low"": 1, ""high"": 99, ""fixed_support"": true}",0,-1033.9019662802827,2067.8039325605655,2067.8039325605655,chi2_uniform_1_99_bins10,4.846222222222222,0.8475020734257089
file,ta01,ta,15,15,discrete,discrete_uniform_minmax,"{""low"": 1, ""high"": 99}",2,-1033.9019662802827,2071.8039325605655,2078.6361333649743,chi2_uniform_minmax_bins10,4.846222222222222,0.8475020734257089
file,ta01,ta,15,15,discrete,discrete_uniform_1_100,"{""low"": 1, ""high"": 100, ""fixed_support"": true}",0,-1036.1632918473206,2072.326583694641,2072.326583694641,chi2_uniform_1_100_bins10,4.555555555555555,0.8712054504705125
file,ta01,ta,15,15,discrete,discrete_uniform_0_99,"{""low"": 0, ""high"": 99, ""fixed_support"": true}",0,-1036.1632918473206,2072.326583694641,2072.326583694641,chi2_uniform_0_99_bins10,7.311111111111112,0.604763068594113
file,ta01,ta,15,15,discrete,discrete_uniform_0_100,"{""low"": 0, ""high"": 100, ""fixed_support"": true}",0,-1038.4021162892834,2076.804232578567,2076.804232578567,chi2_uniform_0_100_bins10,4.500565656565657,0.8754952338883056
file,ta01,ta,15,15,discrete,poisson,"{""mu"": 51.87111111111111}",1,-2747.4575675726082,5496.9151351452165,5500.331235547421,,,
file,ta01,ta,15,15,continuous_exploratory,uniform,"[1.0, 98.0]",2,-1031.6176827008785,2067.235365401757,2074.067566206166,KS_continuous,0.06126984126984125,0.3526537604711395
file,ta01,ta,15,15,continuous_exploratory,weibull_min,"[2.3778997699613686, -11.937473944534673, 72.12677168688194]",3,-1072.6494773349839,2151.2989546699678,2161.547255876581,KS_continuous,0.09570117328236039,0.03030143356398729
file,ta01,ta,15,15,continuous_exploratory,norm,"[51.87111111111111, 29.16125757250322]",2,-1078.1504023599582,2160.3008047199164,2167.133005524325,KS_continuous,0.09188535205672294,0.04196379823256857
file,ta01,ta,15,15,continuous_exploratory,lognorm,"[5.663398253480846e-06, -5149023.238028162, 5149075.109056697]",3,-1078.1504440798135,2162.300888159627,2172.54918936624,KS_continuous,0.09188468010904488,0.04196615547898874
file,ta01,ta,15,15,continuous_exploratory,gamma,"[1330.4166112873895, -1011.9454756588568, 0.7995992893161714]",3,-1078.2861648773996,2162.5723297547993,2172.8206309614125,KS_continuous,0.09156319498514642,0.04310724317622172
file,ta01,ta,15,15,continuous_exploratory,expon,"[1.0, 50.87111111111111]",2,-1109.0914201720411,2222.1828403440823,2229.015041148491,KS_continuous,0.16631629913592283,6.581050760914356e-06
file,ta02,ta,15,15,discrete,discrete_uniform_1_99,"{""low"": 1, ""high"": 99, ""fixed_support"": true}",0,-1033.9019662802827,2067.8039325605655,2067.8039325605655,chi2_uniform_1_99_bins10,9.036,0.4339577306116711
file,ta02,ta,15,15,discrete,discrete_uniform_minmax,"{""low"": 1, ""high"": 99}",2,-1033.9019662802827,2071.8039325605655,2078.6361333649743,chi2_uniform_minmax_bins10,9.036,0.4339577306116711
file,ta02,ta,15,15,discrete,discrete_uniform_1_100,"{""low"": 1, ""high"": 100, ""fixed_support"": true}",0,-1036.1632918473206,2072.326583694641,2072.326583694641,chi2_uniform_1_100_bins10,8.555555555555557,0.4792682898844143
file,ta02,ta,15,15,discrete,discrete_uniform_0_99,"{""low"": 0, ""high"": 99, ""fixed_support"": true}",0,-1036.1632918473206,2072.326583694641,2072.326583694641,chi2_uniform_0_99_bins10,16.555555555555554,0.05614821402901397
file,ta02,ta,15,15,discrete,discrete_uniform_0_100,"{""low"": 0, ""high"": 100, ""fixed_support"": true}",0,-1038.4021162892834,2076.804232578567,2076.804232578567,chi2_uniform_0_100_bins10,9.25878787878788,0.41373701083710857
file,ta02,ta,15,15,discrete,poisson,"{""mu"": 50.471111111111114}",1,-2610.5801414106604,5223.160282821321,5226.576383223525,,,
file,ta02,ta,15,15,continuous_exploratory,uniform,"[1.0, 98.0]",2,-1031.6176827008785,2067.235365401757,2074.067566206166,KS_continuous,0.05718820861677998,0.4373322010557147
file,ta02,ta,15,15,continuous_exploratory,weibull_min,"[2.3054625473881156, -9.523902598403915, 67.80050937149278]",3,-1063.3600331748225,2132.720066349645,2142.9683675562583,KS_continuous,0.10420894996499452,0.013977437323219903
file,ta02,ta,15,15,continuous_exploratory,norm,"[50.471111111111114, 28.011748505243073]",2,-1069.1015725912043,2142.2031451824087,2149.0353459868174,KS_continuous,0.08183936401461422,0.09282268294040796
file,ta02,ta,15,15,continuous_exploratory,lognorm,"[0.014666222755387074, -1859.5973275751205, 1909.863033796915]",3,-1069.0913566691784,2144.1827133383567,2154.43101454497,KS_continuous,0.08436430578666476,0.0766922492981601
file,ta02,ta,15,15,continuous_exploratory,gamma,"[25095.61980436952, -4386.971647998882, 0.1768213889763507]",3,-1069.0960626850592,2144.1921253701184,2154.4404265767316,KS_continuous,0.0825734898682331,0.08786387170081422
file,ta02,ta,15,15,continuous_exploratory,expon,"[1.0, 49.471111111111114]",2,-1102.8124991899813,2209.6249983799626,2216.4571991843713,KS_continuous,0.1681637614893493,4.960991509900947e-06
file,ta03,ta,15,15,discrete,discrete_uniform_1_99,"{""low"": 1, ""high"": 99, ""fixed_support"": true}",0,-1033.9019662802827,2067.8039325605655,2067.8039325605655,chi2_uniform_1_99_bins10,5.168888888888888,0.8193441990837168
file,ta03,ta,15,15,discrete,discrete_uniform_minmax,"{""low"": 1, ""high"": 99}",2,-1033.9019662802827,2071.8039325605655,2078.6361333649743,chi2_uniform_minmax_bins10,5.168888888888888,0.8193441990837168
file,ta03,ta,15,15,discrete,discrete_uniform_1_100,"{""low"": 1, ""high"": 100, ""fixed_support"": true}",0,-1036.1632918473206,2072.326583694641,2072.326583694641,chi2_uniform_1_100_bins10,6.066666666666666,0.7332279053338215
file,ta03,ta,15,15,discrete,discrete_uniform_0_99,"{""low"": 0, ""high"": 99, ""fixed_support"": true}",0,-1036.1632918473206,2072.326583694641,2072.326583694641,chi2_uniform_0_99_bins10,7.7555555555555555,0.5589557528092169
file,ta03,ta,15,15,discrete,discrete_uniform_0_100,"{""low"": 0, ""high"": 100, ""fixed_support"": true}",0,-1038.4021162892834,2076.804232578567,2076.804232578567,chi2_uniform_0_100_bins10,6.904161616161618,0.6470969795707087
file,ta03,ta,15,15,discrete,poisson,"{""mu"": 49.693333333333335}",1,-2703.6049734348944,5409.209946869789,5412.626047271993,,,
file,ta03,ta,15,15,continuous_exploratory,uniform,"[1.0, 98.0]",2,-1031.6176827008785,2067.235365401757,2074.067566206166,KS_continuous,0.03578231292517009,0.9254785366695172
file,ta03,ta,15,15,continuous_exploratory,weibull_min,"[2.083387641751604, -6.600358143584208, 63.56119079716094]",3,-1065.8931943298298,2137.7863886596597,2148.034689866273,KS_continuous,0.09142415640063362,0.04360904215480321
file,ta03,ta,15,15,continuous_exploratory,norm,"[49.693333333333335, 28.470791270274795]",2,-1072.7588761275622,2149.5177522551244,2156.349953059533,KS_continuous,0.08399239937422287,0.07890796693717839
file,ta03,ta,15,15,continuous_exploratory,lognorm,"[0.028959050639323483, -933.7154660142292, 982.9966139074949]",3,-1072.7261358527362,2151.4522717054724,2161.7005729120856,KS_continuous,0.0858820075537916,0.06818780155184123
file,ta03,ta,15,15,continuous_exploratory,gamma,"[9095.717995376588, -2665.1813700364564, 0.29847779298289856]",3,-1072.7435422971523,2151.4870845943046,2161.735385800918,KS_continuous,0.08454462591521517,0.0756370269326665
file,ta03,ta,15,15,continuous_exploratory,expon,"[1.0, 48.693333333333335]",2,-1099.2469788401734,2202.4939576803467,2209.3261584847555,KS_continuous,0.15710004875273637,2.5696822312509416e-05
file,ta04,ta,15,15,discrete,discrete_uniform_minmax,"{""low"": 1, ""high"": 98}",2,-1031.6176827008787,2067.2353654017575,2074.0675662061662,chi2_uniform_minmax_bins10,7.189827160493829,0.6173630083585797
file,ta04,ta,15,15,discrete,discrete_uniform_1_99,"{""low"": 1, ""high"": 99, ""fixed_support"": true}",0,-1033.9019662802827,2067.8039325605655,2067.8039325605655,chi2_uniform_1_99_bins10,5.535555555555555,0.7853502320684527
file,ta04,ta,15,15,discrete,discrete_uniform_1_100,"{""low"": 1, ""high"": 100, ""fixed_support"": true}",0,-1036.1632918473206,2072.326583694641,2072.326583694641,chi2_uniform_1_100_bins10,5.888888888888888,0.7509852341211124
file,ta04,ta,15,15,discrete,discrete_uniform_0_99,"{""low"": 0, ""high"": 99, ""fixed_support"": true}",0,-1036.1632918473206,2072.326583694641,2072.326583694641,chi2_uniform_0_99_bins10,7.577777777777777,0.5771902077284813
file,ta04,ta,15,15,discrete,discrete_uniform_0_100,"{""low"": 0, ""high"": 100, ""fixed_support"": true}",0,-1038.4021162892834,2076.804232578567,2076.804232578567,chi2_uniform_0_100_bins10,6.222666666666667,0.7174425845028194
file,ta04,ta,15,15,discrete,poisson,"{""mu"": 48.66222222222222}",1,-2584.122334196456,5170.244668392912,5173.660768795116,,,
file,ta04,ta,15,15,continuous_exploratory,uniform,"[1.0, 97.0]",2,-1029.3099701632611,2062.6199403265223,2069.452141130931,KS_continuous,0.0458190148911799,0.7145173180608131
file,ta04,ta,15,15,continuous_exploratory,weibull_min,"[2.2278207240463463, -8.43700815742532, 64.51112612863228]",3,-1057.8019601441483,2121.6039202882966,2131.85222149491,KS_continuous,0.08039335738334208,0.10327490953397311
file,ta04,ta,15,15,continuous_exploratory,norm,"[48.66222222222222, 27.36196296474269]",2,-1063.820783063879,2131.641566127758,2138.4737669321667,KS_continuous,0.06205641874741158,0.33763538414402083
file,ta04,ta,15,15,continuous_exploratory,lognorm,"[0.05007787811824411, -498.08112137055025, 546.058584166684]",3,-1063.6849973859648,2133.3699947719297,2143.618295978543,KS_continuous,0.06817665419766672,0.23558745449044072
file,ta04,ta,15,15,continuous_exploratory,gamma,"[1340.9806620817726, -952.9943127918641, 0.7469401494244425]",3,-1063.731433482178,2133.462866964356,2143.7111681709694,KS_continuous,0.06382540995283859,0.30544530349869436
file,ta04,ta,15,15,continuous_exploratory,expon,"[1.0, 47.66222222222222]",2,-1094.4312968590716,2192.862593718143,2199.694794522552,KS_continuous,0.17213382793667448,2.6739240214718394e-06
file,ta05,ta,15,15,discrete,discrete_uniform_1_99,"{""low"": 1, ""high"": 99, ""fixed_support"": true}",0,-1033.9019662802827,2067.8039325605655,2067.8039325605655,chi2_uniform_1_99_bins10,3.511555555555555,0.9405306665767589
file,ta05,ta,15,15,discrete,discrete_uniform_minmax,"{""low"": 1, ""high"": 99}",2,-1033.9019662802827,2071.8039325605655,2078.6361333649743,chi2_uniform_minmax_bins10,3.511555555555555,0.9405306665767589
file,ta05,ta,15,15,discrete,discrete_uniform_1_100,"{""low"": 1, ""high"": 100, ""fixed_support"": true}",0,-1036.1632918473206,2072.326583694641,2072.326583694641,chi2_uniform_1_100_bins10,3.844444444444444,0.9213491092002668
file,ta05,ta,15,15,discrete,discrete_uniform_0_99,"{""low"": 0, ""high"": 99, ""fixed_support"": true}",0,-1036.1632918473206,2072.326583694641,2072.326583694641,chi2_uniform_0_99_bins10,4.7333333333333325,0.8569072251985923
file,ta05,ta,15,15,discrete,discrete_uniform_0_100,"{""low"": 0, ""high"": 100, ""fixed_support"": true}",0,-1038.4021162892834,2076.804232578567,2076.804232578567,chi2_uniform_0_100_bins10,4.157777777777778,0.9007242745493342
file,ta05,ta,15,15,discrete,poisson,"{""mu"": 50.00888888888889}",1,-2807.8720022642583,5617.744004528517,5621.160104930721,,,
file,ta05,ta,15,15,continuous_exploratory,uniform,"[1.0, 98.0]",2,-1031.6176827008785,2067.235365401757,2074.067566206166,KS_continuous,0.04367346938775507,0.7671263047841006
file,ta05,ta,15,15,continuous_exploratory,weibull_min,"[2.392057769075764, -13.671076989352974, 71.95627492960932]",3,-1070.6444123413785,2147.288824682757,2157.53712588937,KS_continuous,0.1017492100476125,0.017600502694730638
file,ta05,ta,15,15,continuous_exploratory,norm,"[50.00888888888889, 28.88690454723364]",2,-1076.0235515494192,2156.0471030988383,2162.879303903247,KS_continuous,0.09329596775560622,0.03726223913684501
file,ta05,ta,15,15,continuous_exploratory,lognorm,"[5.999756264384513e-06, -4814629.955072984, 4814679.9638752155]",3,-1076.023565001449,2158.047130002898,2168.295431209511,KS_continuous,0.09329655892733013,0.03726036942088995
file,ta05,ta,15,15,continuous_exploratory,gamma,"[10857.234541634836, -2960.130092207055, 0.2772475963495611]",3,-1076.038558909001,2158.077117818002,2168.3254190246153,KS_continuous,0.09389136422414546,0.03542019755801806
file,ta05,ta,15,15,continuous_exploratory,expon,"[1.0, 49.00888888888889]",2,-1100.700379699708,2205.400759399416,2212.232960203825,KS_continuous,0.16917270039521276,4.245804849382554e-06
file,ta06,ta,15,15,discrete,discrete_uniform_1_99,"{""low"": 1, ""high"": 99, ""fixed_support"": true}",0,-1033.9019662802827,2067.8039325605655,2067.8039325605655,chi2_uniform_1_99_bins10,9.212000000000002,0.4179395014555162
file,ta06,ta,15,15,discrete,discrete_uniform_minmax,"{""low"": 1, ""high"": 99}",2,-1033.9019662802827,2071.8039325605655,2078.6361333649743,chi2_uniform_minmax_bins10,9.212000000000002,0.4179395014555162
file,ta06,ta,15,15,discrete,discrete_uniform_1_100,"{""low"": 1, ""high"": 100, ""fixed_support"": true}",0,-1036.1632918473206,2072.326583694641,2072.326583694641,chi2_uniform_1_100_bins10,8.733333333333333,0.4622451694556705
file,ta06,ta,15,15,discrete,discrete_uniform_0_99,"{""low"": 0, ""high"": 99, ""fixed_support"": true}",0,-1036.1632918473206,2072.326583694641,2072.326583694641,chi2_uniform_0_99_bins10,8.2,0.5141236202310755
file,ta06,ta,15,15,discrete,discrete_uniform_0_100,"{""low"": 0, ""high"": 100, ""fixed_support"": true}",0,-1038.4021162892834,2076.804232578567,2076.804232578567,chi2_uniform_0_100_bins10,8.312040404040404,0.5030315990686236
file,ta06,ta,15,15,discrete,poisson,"{""mu"": 50.44888888888889}",1,-2758.236584352695,5518.47316870539,5521.889269107594,,,
file,ta06,ta,15,15,continuous_exploratory,uniform,"[1.0, 98.0]",2,-1031.6176827008785,2067.235365401757,2074.067566206166,KS_continuous,0.03709750566893433,0.9046544026827755
file,ta06,ta,15,15,continuous_exploratory,weibull_min,"[2.4622585460465554, -14.318174026114512, 73.16135239044317]",3,-1069.5497812958001,2145.0995625916003,2155.3478637982134,KS_continuous,0.08646246475577446,0.0651543612931923
file,ta06,ta,15,15,continuous_exploratory,norm,"[50.44888888888889, 28.711721355743833]",2,-1074.6548959953475,2153.309791990695,2160.1419927951038,KS_continuous,0.07470340313462759,0.1542676321872669
file,ta06,ta,15,15,continuous_exploratory,lognorm,"[4.4949441640397695e-06, -6387509.227343813, 6387559.676168173]",3,-1074.6549174163292,2155.3098348326585,2165.5581360392716,KS_continuous,0.07470308191328595,0.15427099753199325
file,ta06,ta,15,15,continuous_exploratory,gamma,"[2751.0537120415693, -1456.6219065690689, 0.5478115173313622]",3,-1074.7182046650157,2155.4364093300314,2165.6847105366446,KS_continuous,0.07533531583571396,0.1477601335387756
file,ta06,ta,15,15,continuous_exploratory,expon,"[1.0, 49.44888888888889]",2,-1102.7114073969342,2209.4228147938684,2216.255015598277,KS_continuous,0.1680029810978233,5.08515415846451e-06
file,ta07,ta,15,15,discrete,discrete_uniform_1_99,"{""low"": 1, ""high"": 99, ""fixed_support"": true}",0,-1033.9019662802827,2067.8039325605655,2067.8039325605655,chi2_uniform_1_99_bins10,6.6208888888888895,0.6765230517465826
file,ta07,ta,15,15,discrete,discrete_uniform_minmax,"{""low"": 1, ""high"": 99}",2,-1033.9019662802827,2071.8039325605655,2078.6361333649743,chi2_uniform_minmax_bins10,6.6208888888888895,0.6765230517465826
file,ta07,ta,15,15,discrete,discrete_uniform_1_100,"{""low"": 1, ""high"": 100, ""fixed_support"": true}",0,-1036.1632918473206,2072.326583694641,2072.326583694641,chi2_uniform_1_100_bins10,5.622222222222222,0.777051028019971
file,ta07,ta,15,15,discrete,discrete_uniform_0_99,"{""low"": 0, ""high"": 99, ""fixed_support"": true}",0,-1036.1632918473206,2072.326583694641,2072.326583694641,chi2_uniform_0_99_bins10,13.88888888888889,0.12633292344775532
file,ta07,ta,15,15,discrete,discrete_uniform_0_100,"{""low"": 0, ""high"": 100, ""fixed_support"": true}",0,-1038.4021162892834,2076.804232578567,2076.804232578567,chi2_uniform_0_100_bins10,6.128808080808081,0.726960621526446
file,ta07,ta,15,15,discrete,poisson,"{""mu"": 51.346666666666664}",1,-2749.339861840519,5500.679723681038,5504.095824083242,,,
file,ta07,ta,15,15,continuous_exploratory,uniform,"[1.0, 98.0]",2,-1031.6176827008785,2067.235365401757,2074.067566206166,KS_continuous,0.05238095238095242,0.5497729605134575
file,ta07,ta,15,15,continuous_exploratory,weibull_min,"[2.258766277964744, -9.988382038766343, 69.32425744179423]",3,-1071.8893573035093,2149.7787146070186,2160.027015813632,KS_continuous,0.08726775885478033,0.061137069711666325
file,ta07,ta,15,15,continuous_exploratory,norm,"[51.346666666666664, 29.133482837145]",2,-1077.9359982513004,2159.8719965026007,2166.7041973070095,KS_continuous,0.09086810251349431,0.04566692222394797
file,ta07,ta,15,15,continuous_exploratory,lognorm,"[0.008673468105234524, -3307.6543916988285, 3358.8747158202996]",3,-1077.9329853060954,2161.8659706121907,2172.114271818804,KS_continuous,0.09017050481132999,0.048367270000907125
file,ta07,ta,15,15,continuous_exploratory,gamma,"[104977.21561654274, -9387.972817549919, 0.08991779167108471]",3,-1077.9346148348613,2161.8692296697227,2172.117530876336,KS_continuous,0.0907022298518192,0.04629687350921918
file,ta07,ta,15,15,continuous_exploratory,expon,"[1.0, 50.346666666666664]",2,-1106.7597930890431,2217.5195861780862,2224.351786982495,KS_continuous,0.17041131133530485,3.5026454713063244e-06
file,ta08,ta,15,15,discrete,discrete_uniform_1_99,"{""low"": 1, ""high"": 99, ""fixed_support"": true}",0,-1033.9019662802827,2067.8039325605655,2067.8039325605655,chi2_uniform_1_99_bins10,11.270222222222223,0.25764042584955993
file,ta08,ta,15,15,discrete,discrete_uniform_minmax,"{""low"": 1, ""high"": 99}",2,-1033.9019662802827,2071.8039325605655,2078.6361333649743,chi2_uniform_minmax_bins10,11.270222222222223,0.25764042584955993
file,ta08,ta,15,15,discrete,discrete_uniform_1_100,"{""low"": 1, ""high"": 100, ""fixed_support"": true}",0,-1036.1632918473206,2072.326583694641,2072.326583694641,chi2_uniform_1_100_bins10,11.044444444444443,0.27267479874446565
file,ta08,ta,15,15,discrete,discrete_uniform_0_99,"{""low"": 0, ""high"": 99, ""fixed_support"": true}",0,-1036.1632918473206,2072.326583694641,2072.326583694641,chi2_uniform_0_99_bins10,13.88888888888889,0.12633292344775532
file,ta08,ta,15,15,discrete,discrete_uniform_0_100,"{""low"": 0, ""high"": 100, ""fixed_support"": true}",0,-1038.4021162892834,2076.804232578567,2076.804232578567,chi2_uniform_0_100_bins10,9.226141414141413,0.4166668110982749
file,ta08,ta,15,15,discrete,poisson,"{""mu"": 50.675555555555555}",1,-3137.274602987244,6276.549205974488,6279.965306376693,,,
file,ta08,ta,15,15,continuous_exploratory,uniform,"[1.0, 98.0]",2,-1031.6176827008785,2067.235365401757,2074.067566206166,KS_continuous,0.07510204081632643,0.15013626755115994
file,ta08,ta,15,15,continuous_exploratory,weibull_min,"[2.171968187688389, -12.339856415582831, 71.21121643850981]",3,-1085.3813812520468,2176.7627625040936,2187.011063710707,KS_continuous,0.10944934250798821,0.008398004063779737
file,ta08,ta,15,15,continuous_exploratory,norm,"[50.675555555555555, 30.92250640664718]",2,-1091.3451332975274,2186.6902665950547,2193.5224673994635,KS_continuous,0.10424955359263421,0.013923714344996948
file,ta08,ta,15,15,continuous_exploratory,lognorm,"[4.422450111838201e-06, -6992116.762385268, 6992167.437872446]",3,-1091.345171576507,2188.690343153014,2198.9386443596272,KS_continuous,0.10424976121325324,0.013923440118001278
file,ta08,ta,15,15,continuous_exploratory,gamma,"[1012.8329504374005, -935.6720053880825, 0.9738257091280822]",3,-1091.5255174446552,2189.0510348893104,2199.2993360959235,KS_continuous,0.1051602623443908,0.01276649475371173
file,ta08,ta,15,15,continuous_exploratory,expon,"[1.0, 49.675555555555555]",2,-1103.740418740768,2211.480837481536,2218.313038285945,KS_continuous,0.1520384960651831,5.250198285409238e-05
file,ta09,ta,15,15,discrete,discrete_uniform_1_99,"{""low"": 1, ""high"": 99, ""fixed_support"": true}",0,-1033.9019662802827,2067.8039325605655,2067.8039325605655,chi2_uniform_1_99_bins10,8.596000000000002,0.4753704022611579
file,ta09,ta,15,15,discrete,discrete_uniform_minmax,"{""low"": 1, ""high"": 99}",2,-1033.9019662802827,2071.8039325605655,2078.6361333649743,chi2_uniform_minmax_bins10,8.596000000000002,0.4753704022611579
file,ta09,ta,15,15,discrete,discrete_uniform_1_100,"{""low"": 1, ""high"": 100, ""fixed_support"": true}",0,-1036.1632918473206,2072.326583694641,2072.326583694641,chi2_uniform_1_100_bins10,9.355555555555556,0.4051214764170719
file,ta09,ta,15,15,discrete,discrete_uniform_0_99,"{""low"": 0, ""high"": 99, ""fixed_support"": true}",0,-1036.1632918473206,2072.326583694641,2072.326583694641,chi2_uniform_0_99_bins10,4.288888888888889,0.8913908413715089
file,ta09,ta,15,15,discrete,discrete_uniform_0_100,"{""low"": 0, ""high"": 100, ""fixed_support"": true}",0,-1038.4021162892834,2076.804232578567,2076.804232578567,chi2_uniform_0_100_bins10,10.225939393939395,0.3325058206221901
file,ta09,ta,15,15,discrete,poisson,"{""mu"": 52.6}",1,-2631.640013882722,5265.280027765444,5268.696128167649,,,
file,ta09,ta,15,15,continuous_exploratory,uniform,"[1.0, 98.0]",2,-1031.6176827008785,2067.235365401757,2074.067566206166,KS_continuous,0.06689342403628118,0.25482725653785065
file,ta09,ta,15,15,continuous_exploratory,weibull_min,"[3.1361396762009264, -25.657404872927927, 87.75135229885899]",3,-1067.1760242597181,2140.3520485194363,2150.6003497260494,KS_continuous,0.08220446478122656,0.09032804834290087
file,ta09,ta,15,15,continuous_exploratory,norm,"[52.6, 28.303749260870408]",2,-1071.4348826538912,2146.8697653077825,2153.7019661121913,KS_continuous,0.08234991774580058,0.08934996010747998
file,ta09,ta,15,15,continuous_exploratory,lognorm,"[8.61248641134494e-06, -3286311.3086102074, 3286363.9084883244]",3,-1071.4350038327034,2148.870007665407,2159.11830887202,KS_continuous,0.08235052146323851,0.08934591901160849
file,ta09,ta,15,15,continuous_exploratory,gamma,"[540.9944935435963, -609.1397933357175, 1.2232170337011774]",3,-1071.8525247781067,2149.7050495562135,2159.9533507628266,KS_continuous,0.0849786799515142,0.07314724339271927
file,ta09,ta,15,15,continuous_exploratory,expon,"[1.0, 51.6]",2,-1112.2923763096915,2228.584752619383,2235.4169534237917,KS_continuous,0.18925410375859542,1.5706054772586902e-07
file,ta10,ta,15,15,discrete,discrete_uniform_1_99,"{""low"": 1, ""high"": 99, ""fixed_support"": true}",0,-1033.9019662802827,2067.8039325605655,2067.8039325605655,chi2_uniform_1_99_bins10,4.24488888888889,0.8945678384884111
file,ta10,ta,15,15,discrete,discrete_uniform_minmax,"{""low"": 1, ""high"": 99}",2,-1033.9019662802827,2071.8039325605655,2078.6361333649743,chi2_uniform_minmax_bins10,4.24488888888889,0.8945678384884111
file,ta10,ta,15,15,discrete,discrete_uniform_1_100,"{""low"": 1, ""high"": 100, ""fixed_support"": true}",0,-1036.1632918473206,2072.326583694641,2072.326583694641,chi2_uniform_1_100_bins10,3.2222222222222223,0.9548289106688244
file,ta10,ta,15,15,discrete,discrete_uniform_0_99,"{""low"": 0, ""high"": 99, ""fixed_support"": true}",0,-1036.1632918473206,2072.326583694641,2072.326583694641,chi2_uniform_0_99_bins10,5.533333333333333,0.785561813726458
file,ta10,ta,15,15,discrete,discrete_uniform_0_100,"{""low"": 0, ""high"": 100, ""fixed_support"": true}",0,-1038.4021162892834,2076.804232578567,2076.804232578567,chi2_uniform_0_100_bins10,3.15389898989899,0.9578792959795428
file,ta10,ta,15,15,discrete,poisson,"{""mu"": 50.471111111111114}",1,-2873.1705579569953,5748.3411159139905,5751.757216316195,,,
file,ta10,ta,15,15,continuous_exploratory,uniform,"[1.0, 98.0]",2,-1031.6176827008785,2067.235365401757,2074.067566206166,KS_continuous,0.03655328798185942,0.9135980479671444
file,ta10,ta,15,15,continuous_exploratory,weibull_min,"[2.3815658848709127, -14.047428779436753, 72.90799379800602]",3,-1074.5619867293653,2155.1239734587307,2165.372274665344,KS_continuous,0.06931216542946061,0.21948864567010695
file,ta10,ta,15,15,continuous_exploratory,norm,"[50.471111111111114, 29.389647627256796]",2,-1079.9057304040705,2163.811460808141,2170.6436616125497,KS_continuous,0.06998454697724132,0.21035794372468886
file,ta10,ta,15,15,continuous_exploratory,lognorm,"[2.802684400201162e-05, -1048574.9999999987, 1048625.4706992598]",3,-1079.9058441419877,2165.8116882839754,2176.0599894905886,KS_continuous,0.06998486719233998,0.21035366566294844
file,ta10,ta,15,15,continuous_exploratory,gamma,"[3695.134115236864, -1737.0021132441839, 0.4837344048329103]",3,-1079.9520759616516,2165.9041519233033,2176.1524531299165,KS_continuous,0.07012587711151308,0.20847624716981006
file,ta10,ta,15,15,continuous_exploratory,expon,"[1.0, 49.471111111111114]",2,-1102.8124991899813,2209.6249983799626,2216.4571991843713,KS_continuous,0.1634125184892089,1.0195213664474824e-05
file,ta11,ta,20,15,discrete,discrete_uniform_minmax,"{""low"": 2, ""high"": 99}",2,-1375.4902436011716,2754.9804872023433,2762.3880521516558,chi2_uniform_minmax_bins10,8.242666666666667,0.5098884974375631
file,ta11,ta,20,15,discrete,discrete_uniform_1_99,"{""low"": 1, ""high"": 99, ""fixed_support"": true}",0,-1378.5359550403768,2757.0719100807537,2757.0719100807537,chi2_uniform_1_99_bins10,11.156999999999996,0.26510076680165745
file,ta11,ta,20,15,discrete,discrete_uniform_1_100,"{""low"": 1, ""high"": 100, ""fixed_support"": true}",0,-1381.5510557964276,2763.102111592855,2763.102111592855,chi2_uniform_1_100_bins10,11.6,0.23680981521773165
file,ta11,ta,20,15,discrete,discrete_uniform_0_99,"{""low"": 0, ""high"": 99, ""fixed_support"": true}",0,-1381.5510557964276,2763.102111592855,2763.102111592855,chi2_uniform_0_99_bins10,10.666666666666666,0.29925083045118206
file,ta11,ta,20,15,discrete,discrete_uniform_0_100,"{""low"": 0, ""high"": 100, ""fixed_support"": true}",0,-1384.5361550523778,2769.0723101047556,2769.0723101047556,chi2_uniform_0_100_bins10,13.234666666666666,0.15227215940215774
file,ta11,ta,20,15,discrete,poisson,"{""mu"": 48.156666666666666}",1,-3490.754392914647,6983.508785829294,6987.212568303949,,,
file,ta11,ta,20,15,continuous_exploratory,uniform,"[2.0, 97.0]",2,-1372.4132935510147,2748.8265871020294,2756.234152051342,KS_continuous,0.06237113402061856,0.18569716488877486
file,ta11,ta,20,15,continuous_exploratory,weibull_min,"[1.9106703957980893, -3.3453489321827403, 57.981712300359064]",3,-1411.1517332965625,2828.303466593125,2839.4148140170937,KS_continuous,0.06133003821355398,0.20072783784729054
file,ta11,ta,20,15,continuous_exploratory,gamma,"[28.377781410791414, -98.9068247226702, 5.182894022686217]",3,-1420.8607645569396,2847.721529113879,2858.832876537848,KS_continuous,0.07157261685460256,0.08807938414864469
file,ta11,ta,20,15,continuous_exploratory,lognorm,"[0.16744956937858288, -119.12941692628854, 164.97136871384262]",3,-1421.291225314494,2848.582450628988,2859.693798052957,KS_continuous,0.06771385637776428,0.12195176104021488
file,ta11,ta,20,15,continuous_exploratory,norm,"[48.156666666666666, 27.8010573340096]",2,-1423.2037760326416,2850.407552065283,2857.8151170145957,KS_continuous,0.07648506346086009,0.056705469401412856
file,ta11,ta,20,15,continuous_exploratory,expon,"[2.0, 46.156666666666666]",2,-1449.612422099554,2903.224844199108,2910.6324091484203,KS_continuous,0.15806398493843465,5.162645484903963e-07
file,ta12,ta,20,15,discrete,discrete_uniform_1_99,"{""low"": 1, ""high"": 99, ""fixed_support"": true}",0,-1378.5359550403768,2757.0719100807537,2757.0719100807537,chi2_uniform_1_99_bins10,5.484666666666667,0.7901796524679499
file,ta12,ta,20,15,discrete,discrete_uniform_minmax,"{""low"": 1, ""high"": 99}",2,-1378.5359550403768,2761.0719100807537,2768.479475030066,chi2_uniform_minmax_bins10,5.484666666666667,0.7901796524679499
file,ta12,ta,20,15,discrete,discrete_uniform_1_100,"{""low"": 1, ""high"": 100, ""fixed_support"": true}",0,-1381.5510557964276,2763.102111592855,2763.102111592855,chi2_uniform_1_100_bins10,5.666666666666667,0.7727602750730934
file,ta12,ta,20,15,discrete,discrete_uniform_0_99,"{""low"": 0, ""high"": 99, ""fixed_support"": true}",0,-1381.5510557964276,2763.102111592855,2763.102111592855,chi2_uniform_0_99_bins10,6.333333333333334,0.7061487125533161
file,ta12,ta,20,15,discrete,discrete_uniform_0_100,"{""low"": 0, ""high"": 100, ""fixed_support"": true}",0,-1384.5361550523778,2769.0723101047556,2769.0723101047556,chi2_uniform_0_100_bins10,7.104272727272725,0.6262639490426297
file,ta12,ta,20,15,discrete,poisson,"{""mu"": 51.86333333333334}",1,-3499.6052766627936,7001.210553325587,7004.914335800243,,,
file,ta12,ta,20,15,continuous_exploratory,uniform,"[1.0, 98.0]",2,-1375.4902436011714,2754.980487202343,2762.3880521516553,KS_continuous,0.046530612244897906,0.5193672501175692
file,ta12,ta,20,15,continuous_exploratory,weibull_min,"[2.582232159230209, -14.529567431468031, 74.94205257933095]",3,-1422.2114984124814,2850.422996824963,2861.5343442489316,KS_continuous,0.08386662986372495,0.027694707035647803
file,ta12,ta,20,15,continuous_exploratory,norm,"[51.86333333333334, 28.31933360013183]",2,-1428.7449812053621,2861.4899624107243,2868.8975273600367,KS_continuous,0.08297716333616889,0.03029820627405244
file,ta12,ta,20,15,continuous_exploratory,lognorm,"[2.7006133056370336e-05, -1048574.9999999988, 1048626.8629509336]",3,-1428.7452247189349,2863.4904494378698,2874.6017968618385,KS_continuous,0.08297799626462887,0.030295670780614126
file,ta12,ta,20,15,continuous_exploratory,gamma,"[1478.9521240849463, -1037.8275021818695, 0.7367977389001714]",3,-1428.906795389078,2863.813590778156,2874.924938202125,KS_continuous,0.08354420087351233,0.02861472175654023
file,ta12,ta,20,15,continuous_exploratory,expon,"[1.0, 50.86333333333334]",2,-1478.7426891706605,2961.485378341321,2968.8929432906334,KS_continuous,0.18694832207632317,1.1859251287097025e-09
file,ta13,ta,20,15,discrete,discrete_uniform_1_99,"{""low"": 1, ""high"": 99, ""fixed_support"": true}",0,-1378.5359550403768,2757.0719100807537,2757.0719100807537,chi2_uniform_1_99_bins10,5.877000000000001,0.7521627811462637
file,ta13,ta,20,15,discrete,discrete_uniform_minmax,"{""low"": 1, ""high"": 99}",2,-1378.5359550403768,2761.0719100807537,2768.479475030066,chi2_uniform_minmax_bins10,5.877000000000001,0.7521627811462637
file,ta13,ta,20,15,discrete,discrete_uniform_1_100,"{""low"": 1, ""high"": 100, ""fixed_support"": true}",0,-1381.5510557964276,2763.102111592855,2763.102111592855,chi2_uniform_1_100_bins10,6.266666666666666,0.7129609059482678
file,ta13,ta,20,15,discrete,discrete_uniform_0_99,"{""low"": 0, ""high"": 99, ""fixed_support"": true}",0,-1381.5510557964276,2763.102111592855,2763.102111592855,chi2_uniform_0_99_bins10,3.1999999999999997,0.9558347256002608
file,ta13,ta,20,15,discrete,discrete_uniform_0_100,"{""low"": 0, ""high"": 100, ""fixed_support"": true}",0,-1384.5361550523778,2769.0723101047556,2769.0723101047556,chi2_uniform_0_100_bins10,5.580090909090909,0.7810969637388135
file,ta13,ta,20,15,discrete,poisson,"{""mu"": 48.47}",1,-3905.7120373091466,7813.424074618293,7817.127857092949,,,
file,ta13,ta,20,15,continuous_exploratory,uniform,"[1.0, 98.0]",2,-1375.4902436011714,2754.980487202343,2762.3880521516553,KS_continuous,0.05408163265306121,0.33212049293501666
file,ta13,ta,20,15,continuous_exploratory,weibull_min,"[1.7931272683416388, -4.03000020477657, 58.88378316759213]",3,-1429.6651647895055,2865.330329579011,2876.4416770029798,KS_continuous,0.0937904210582936,0.009523884833982437
file,ta13,ta,20,15,continuous_exploratory,norm,"[48.47, 29.61186305069867]",2,-1442.134077895248,2888.268155790496,2895.6757207398086,KS_continuous,0.08359967794182177,0.028454530147967727
file,ta13,ta,20,15,continuous_exploratory,lognorm,"[0.1257052089263112, -188.33489743722853, 234.9485204629815]",3,-1441.3467709791696,2888.693541958339,2899.804889382308,KS_continuous,0.08080251460870769,0.03758939855262822
file,ta13,ta,20,15,continuous_exploratory,gamma,"[289.46751840898696, -454.4246918228588, 1.737097864778892]",3,-1441.6593942750956,2889.318788550191,2900.43013597416,KS_continuous,0.07939568502413669,0.04308484280751046
file,ta13,ta,20,15,continuous_exploratory,expon,"[1.0, 47.47]",2,-1458.0293797689678,2920.0587595379357,2927.466324487248,KS_continuous,0.13579587324442027,2.754477735920453e-05
file,ta14,ta,20,15,discrete,discrete_uniform_1_99,"{""low"": 1, ""high"": 99, ""fixed_support"": true}",0,-1378.5359550403768,2757.0719100807537,2757.0719100807537,chi2_uniform_1_99_bins10,9.506999999999998,0.3918479717906209
file,ta14,ta,20,15,discrete,discrete_uniform_minmax,"{""low"": 1, ""high"": 99}",2,-1378.5359550403768,2761.0719100807537,2768.479475030066,chi2_uniform_minmax_bins10,9.506999999999998,0.3918479717906209
file,ta14,ta,20,15,discrete,discrete_uniform_1_100,"{""low"": 1, ""high"": 100, ""fixed_support"": true}",0,-1381.5510557964276,2763.102111592855,2763.102111592855,chi2_uniform_1_100_bins10,11.0,0.27570893677222197
file,ta14,ta,20,15,discrete,discrete_uniform_0_99,"{""low"": 0, ""high"": 99, ""fixed_support"": true}",0,-1381.5510557964276,2763.102111592855,2763.102111592855,chi2_uniform_0_99_bins10,16.066666666666666,0.06550239785477338
file,ta14,ta,20,15,discrete,discrete_uniform_0_100,"{""low"": 0, ""high"": 100, ""fixed_support"": true}",0,-1384.5361550523778,2769.0723101047556,2769.0723101047556,chi2_uniform_0_100_bins10,12.197121212121209,0.2024233273743737
file,ta14,ta,20,15,discrete,poisson,"{""mu"": 47.7}",1,-3402.723226607853,6807.446453215706,6811.150235690362,,,
file,ta14,ta,20,15,continuous_exploratory,uniform,"[1.0, 98.0]",2,-1375.4902436011714,2754.980487202343,2762.3880521516553,KS_continuous,0.06775510204081636,0.12153998875249661
file,ta14,ta,20,15,continuous_exploratory,weibull_min,"[1.9135922520282205, -2.86649394080849, 56.94722376137082]",3,-1405.210785490301,2816.421570980602,2827.532918404571,KS_continuous,0.06672522052875052,0.13216810563406378
file,ta14,ta,20,15,continuous_exploratory,gamma,"[23.184926063112876, -82.93649560200225, 5.6363523220718825]",3,-1415.0158095635272,2836.0316191270545,2847.142966551023,KS_continuous,0.07088500415837257,0.09346110325490486
file,ta14,ta,20,15,continuous_exploratory,lognorm,"[0.18199421267337265, -103.69683811929276, 148.92839694207956]",3,-1415.587132590245,2837.17426518049,2848.2856126044585,KS_continuous,0.0661481285581188,0.13844635063619493
file,ta14,ta,20,15,continuous_exploratory,norm,"[47.7, 27.300732590903124]",2,-1417.7556209601466,2839.5112419202933,2846.9188068696058,KS_continuous,0.07576860251586787,0.060577080061386845
file,ta14,ta,20,15,continuous_exploratory,expon,"[1.0, 46.7]",2,-1453.1232494024553,2910.2464988049105,2917.654063754223,KS_continuous,0.1592518492190198,4.1044504877790787e-07
file,ta15,ta,20,15,discrete,discrete_uniform_1_99,"{""low"": 1, ""high"": 99, ""fixed_support"": true}",0,-1378.5359550403768,2757.0719100807537,2757.0719100807537,chi2_uniform_1_99_bins10,15.347999999999999,0.0818099087126626
file,ta15,ta,20,15,discrete,discrete_uniform_minmax,"{""low"": 1, ""high"": 99}",2,-1378.5359550403768,2761.0719100807537,2768.479475030066,chi2_uniform_minmax_bins10,15.347999999999999,0.0818099087126626
file,ta15,ta,20,15,discrete,discrete_uniform_1_100,"{""low"": 1, ""high"": 100, ""fixed_support"": true}",0,-1381.5510557964276,2763.102111592855,2763.102111592855,chi2_uniform_1_100_bins10,17.333333333333336,0.043744807301960835
file,ta15,ta,20,15,discrete,discrete_uniform_0_99,"{""low"": 0, ""high"": 99, ""fixed_support"": true}",0,-1381.5510557964276,2763.102111592855,2763.102111592855,chi2_uniform_0_99_bins10,17.466666666666665,0.041890230207125914
file,ta15,ta,20,15,discrete,discrete_uniform_0_100,"{""low"": 0, ""high"": 100, ""fixed_support"": true}",0,-1384.5361550523778,2769.0723101047556,2769.0723101047556,chi2_uniform_0_100_bins10,16.968606060606064,0.049209877731105175
file,ta15,ta,20,15,discrete,poisson,"{""mu"": 48.63666666666666}",1,-3860.323604416948,7722.647208833896,7726.350991308552,,,
file,ta15,ta,20,15,continuous_exploratory,uniform,"[1.0, 98.0]",2,-1375.4902436011714,2754.980487202343,2762.3880521516553,KS_continuous,0.05380952380952381,0.33800148714639533
file,ta15,ta,20,15,continuous_exploratory,weibull_min,"[2.0229772274801165, -7.753585252475222, 63.61920129198031]",3,-1428.2766181058635,2862.553236211727,2873.6645836356956,KS_continuous,0.10105883941436222,0.004039766175539421
file,ta15,ta,20,15,continuous_exploratory,norm,"[48.63666666666666, 29.15712586811137]",2,-1437.4913613880944,2878.982722776189,2886.3902877255014,KS_continuous,0.10038374496022717,0.004386565089620544
file,ta15,ta,20,15,continuous_exploratory,lognorm,"[2.7805143672889814e-05, -1048574.9999999991, 1048623.6362613067]",3,-1437.4914128037155,2880.982825607431,2892.0941730314,KS_continuous,0.100384376252315,0.0043862284025105724
file,ta15,ta,20,15,continuous_exploratory,gamma,"[27605.501874364978, -4796.3126952379225, 0.1755066176048185]",3,-1437.4988430301019,2880.9976860602037,2892.1090334841724,KS_continuous,0.10046624237387403,0.0043427671543504786
file,ta15,ta,20,15,continuous_exploratory,expon,"[1.0, 47.63666666666666]",2,-1459.080831847678,2922.161663695356,2929.5692286446683,KS_continuous,0.15963857377904278,3.807669300483099e-07
file,ta16,ta,20,15,discrete,discrete_uniform_minmax,"{""low"": 1, ""high"": 98}",2,-1375.4902436011716,2754.9804872023433,2762.3880521516558,chi2_uniform_minmax_bins10,15.578148148148149,0.07623089345353198
file,ta16,ta,20,15,discrete,discrete_uniform_1_99,"{""low"": 1, ""high"": 99, ""fixed_support"": true}",0,-1378.5359550403768,2757.0719100807537,2757.0719100807537,chi2_uniform_1_99_bins10,14.325,0.11122492332614194
file,ta16,ta,20,15,discrete,discrete_uniform_1_100,"{""low"": 1, ""high"": 100, ""fixed_support"": true}",0,-1381.5510557964276,2763.102111592855,2763.102111592855,chi2_uniform_1_100_bins10,15.866666666666667,0.0697186850275009
file,ta16,ta,20,15,discrete,discrete_uniform_0_99,"{""low"": 0, ""high"": 99, ""fixed_support"": true}",0,-1381.5510557964276,2763.102111592855,2763.102111592855,chi2_uniform_0_99_bins10,19.200000000000003,0.02354503277084383
file,ta16,ta,20,15,discrete,discrete_uniform_0_100,"{""low"": 0, ""high"": 100, ""fixed_support"": true}",0,-1384.5361550523778,2769.0723101047556,2769.0723101047556,chi2_uniform_0_100_bins10,16.956363636363633,0.04940371833892592
file,ta16,ta,20,15,discrete,poisson,"{""mu"": 51.8}",1,-3534.7341328585408,7071.4682657170815,7075.172048191737,,,
file,ta16,ta,20,15,continuous_exploratory,uniform,"[1.0, 97.0]",2,-1372.4132935510147,2748.8265871020294,2756.234152051342,KS_continuous,0.08460481099656358,0.02568606068323953
file,ta16,ta,20,15,continuous_exploratory,weibull_min,"[3.1831906218657124, -27.020694885000317, 88.34526095182464]",3,-1421.5875975466151,2849.1751950932303,2860.286542517199,KS_continuous,0.08777034437620879,0.018459559204593794
file,ta16,ta,20,15,continuous_exploratory,norm,"[51.8, 28.2050822843449]",2,-1427.5322153278994,2859.064430655799,2866.4719956051113,KS_continuous,0.0877035586070305,0.018591000708959332
file,ta16,ta,20,15,continuous_exploratory,lognorm,"[1.6811490225207906e-06, -16777214.999999993, 16777266.799976286]",3,-1427.5322514495579,2861.0645028991157,2872.1758503230844,KS_continuous,0.08770383948677463,0.01859044616291727
file,ta16,ta,20,15,continuous_exploratory,gamma,"[490.77132117896826, -569.6034055856353, 1.2657738076408718]",3,-1428.2260275802537,2862.4520551605074,2873.563402584476,KS_continuous,0.09626031360616227,0.007167606868016759
file,ta16,ta,20,15,continuous_exploratory,expon,"[1.0, 50.8]",2,-1478.3689063753309,2960.7378127506618,2968.1453776999742,KS_continuous,0.17276223452963763,2.6706580433429013e-08
file,ta17,ta,20,15,discrete,discrete_uniform_1_99,"{""low"": 1, ""high"": 99, ""fixed_support"": true}",0,-1378.5359550403768,2757.0719100807537,2757.0719100807537,chi2_uniform_1_99_bins10,9.639,0.3804924781460066
file,ta17,ta,20,15,discrete,discrete_uniform_minmax,"{""low"": 1, ""high"": 99}",2,-1378.5359550403768,2761.0719100807537,2768.479475030066,chi2_uniform_minmax_bins10,9.639,0.3804924781460066
file,ta17,ta,20,15,discrete,discrete_uniform_1_100,"{""low"": 1, ""high"": 100, ""fixed_support"": true}",0,-1381.5510557964276,2763.102111592855,2763.102111592855,chi2_uniform_1_100_bins10,10.066666666666666,0.34511518814171116
file,ta17,ta,20,15,discrete,discrete_uniform_0_99,"{""low"": 0, ""high"": 99, ""fixed_support"": true}",0,-1381.5510557964276,2763.102111592855,2763.102111592855,chi2_uniform_0_99_bins10,9.133333333333333,0.4250585804021004
file,ta17,ta,20,15,discrete,discrete_uniform_0_100,"{""low"": 0, ""high"": 100, ""fixed_support"": true}",0,-1384.5361550523778,2769.0723101047556,2769.0723101047556,chi2_uniform_0_100_bins10,10.412787878787878,0.31811220872097934
file,ta17,ta,20,15,discrete,poisson,"{""mu"": 51.81333333333333}",1,-3531.149377089028,7064.298754178056,7068.002536652712,,,
file,ta17,ta,20,15,continuous_exploratory,uniform,"[1.0, 98.0]",2,-1375.4902436011714,2754.980487202343,2762.3880521516553,KS_continuous,0.062448979591836706,0.1846095719774269
file,ta17,ta,20,15,continuous_exploratory,weibull_min,"[3.0546592199260765, -24.405759317721575, 85.55749044008277]",3,-1421.8121152620117,2849.6242305240235,2860.735577947992,KS_continuous,0.08320550171935615,0.02961008084772543
file,ta17,ta,20,15,continuous_exploratory,norm,"[51.81333333333333, 28.202100788574047]",2,-1427.500501326832,2859.001002653664,2866.4085676029763,KS_continuous,0.08102592827287958,0.03677552896166514
file,ta17,ta,20,15,continuous_exploratory,lognorm,"[6.733466672381776e-06, -4188297.7682506726, 4188349.5814890577]",3,-1427.5006239871182,2861.0012479742363,2872.112595398205,KS_continuous,0.08102696721317426,0.03677178049816354
file,ta17,ta,20,15,continuous_exploratory,gamma,"[534.1325603358925, -600.2468183800424, 1.2207054368748311]",3,-1428.0521022413786,2862.1042044827573,2873.215551906726,KS_continuous,0.08619812490070289,0.02178409866746881
file,ta17,ta,20,15,continuous_exploratory,expon,"[1.0, 50.81333333333333]",2,-1478.447636201265,2960.89527240253,2968.3028373518423,KS_continuous,0.1815461955874001,3.999786362809351e-09
file,ta18,ta,20,15,discrete,discrete_uniform_1_99,"{""low"": 1, ""high"": 99, ""fixed_support"": true}",0,-1378.5359550403768,2757.0719100807537,2757.0719100807537,chi2_uniform_1_99_bins10,11.853666666666664,0.2216851784512593
file,ta18,ta,20,15,discrete,discrete_uniform_minmax,"{""low"": 1, ""high"": 99}",2,-1378.5359550403768,2761.0719100807537,2768.479475030066,chi2_uniform_minmax_bins10,11.853666666666664,0.2216851784512593
file,ta18,ta,20,15,discrete,discrete_uniform_1_100,"{""low"": 1, ""high"": 100, ""fixed_support"": true}",0,-1381.5510557964276,2763.102111592855,2763.102111592855,chi2_uniform_1_100_bins10,13.666666666666666,0.13468638580484982
file,ta18,ta,20,15,discrete,discrete_uniform_0_99,"{""low"": 0, ""high"": 99, ""fixed_support"": true}",0,-1381.5510557964276,2763.102111592855,2763.102111592855,chi2_uniform_0_99_bins10,9.266666666666666,0.4130316837792894
file,ta18,ta,20,15,discrete,discrete_uniform_0_100,"{""low"": 0, ""high"": 100, ""fixed_support"": true}",0,-1384.5361550523778,2769.0723101047556,2769.0723101047556,chi2_uniform_0_100_bins10,14.048787878787877,0.12060030172937078
file,ta18,ta,20,15,discrete,poisson,"{""mu"": 49.73}",1,-3709.323370903297,7420.646741806594,7424.35052428125,,,
file,ta18,ta,20,15,continuous_exploratory,uniform,"[1.0, 98.0]",2,-1375.4902436011714,2754.980487202343,2762.3880521516553,KS_continuous,0.04435374149659854,0.5809308543704961
file,ta18,ta,20,15,continuous_exploratory,weibull_min,"[2.6799791190899205, -19.028317613721637, 77.54938451762904]",3,-1423.9984599988293,2853.9969199976586,2865.1082674216273,KS_continuous,0.08192140946811044,0.03366604397181927
file,ta18,ta,20,15,continuous_exploratory,norm,"[49.73, 28.470986986755484]",2,-1430.347230450047,2864.694460900094,2872.1020258494063,KS_continuous,0.08433487234394205,0.026405125339602153
file,ta18,ta,20,15,continuous_exploratory,lognorm,"[2.7150819853197053e-05, -1048574.9999999995, 1048624.729613493]",3,-1430.3475901919678,2866.6951803839356,2877.8065278079043,KS_continuous,0.08433316660982837,0.026409725094576064
file,ta18,ta,20,15,continuous_exploratory,gamma,"[846.1509905626795, -781.1702819591028, 0.981944940101819]",3,-1430.6611886340831,2867.3223772681663,2878.433724692135,KS_continuous,0.08211052980887551,0.03303964136996107
file,ta18,ta,20,15,continuous_exploratory,expon,"[1.0, 48.73]",2,-1465.8884570566242,2935.7769141132485,2943.184479062561,KS_continuous,0.17219787669914288,3.007210258092716e-08
file,ta19,ta,20,15,discrete,discrete_uniform_1_99,"{""low"": 1, ""high"": 99, ""fixed_support"": true}",0,-1378.5359550403768,2757.0719100807537,2757.0719100807537,chi2_uniform_1_99_bins10,2.6576666666666666,0.97633832953415
file,ta19,ta,20,15,discrete,discrete_uniform_minmax,"{""low"": 1, ""high"": 99}",2,-1378.5359550403768,2761.0719100807537,2768.479475030066,chi2_uniform_minmax_bins10,2.6576666666666666,0.97633832953415
file,ta19,ta,20,15,discrete,discrete_uniform_1_100,"{""low"": 1, ""high"": 100, ""fixed_support"": true}",0,-1381.5510557964276,2763.102111592855,2763.102111592855,chi2_uniform_1_100_bins10,3.4,0.946307673764427
file,ta19,ta,20,15,discrete,discrete_uniform_0_99,"{""low"": 0, ""high"": 99, ""fixed_support"": true}",0,-1381.5510557964276,2763.102111592855,2763.102111592855,chi2_uniform_0_99_bins10,7.866666666666667,0.5476369714206939
file,ta19,ta,20,15,discrete,discrete_uniform_0_100,"{""low"": 0, ""high"": 100, ""fixed_support"": true}",0,-1384.5361550523778,2769.0723101047556,2769.0723101047556,chi2_uniform_0_100_bins10,4.034484848484847,0.9091281780158501
file,ta19,ta,20,15,discrete,poisson,"{""mu"": 49.24333333333333}",1,-3646.821122615791,7295.642245231582,7299.346027706238,,,
file,ta19,ta,20,15,continuous_exploratory,uniform,"[1.0, 98.0]",2,-1375.4902436011714,2754.980487202343,2762.3880521516553,KS_continuous,0.032585034013605435,0.8971430255811397
file,ta19,ta,20,15,continuous_exploratory,weibull_min,"[2.0408375416917437, -6.362532516788349, 62.75225208219334]",3,-1421.655001972555,2849.31000394511,2860.421351369079,KS_continuous,0.08062014578851684,0.03826536703858119
file,ta19,ta,20,15,continuous_exploratory,norm,"[49.24333333333333, 28.563568676822502]",2,-1431.3211849620757,2866.6423699241514,2874.049934873464,KS_continuous,0.0786565009130164,0.04624277951496658
file,ta19,ta,20,15,continuous_exploratory,lognorm,"[0.05713166391856083, -451.2343717887185, 499.66222474106615]",3,-1431.142221384,2868.284442768,2879.395790191969,KS_continuous,0.07636755264419531,0.0573255158757463
file,ta19,ta,20,15,continuous_exploratory,gamma,"[1790.929544922491, -1158.0928977521685, 0.6741365130177415]",3,-1431.226715173072,2868.453430346144,2879.564777770113,KS_continuous,0.07829646090225093,0.047852284479840135
file,ta19,ta,20,15,continuous_exploratory,expon,"[1.0, 48.24333333333333]",2,-1462.8772946944212,2929.7545893888423,2937.162154338155,KS_continuous,0.15776374955491063,5.469283349757288e-07
file,ta20,ta,20,15,discrete,discrete_uniform_1_99,"{""low"": 1, ""high"": 99, ""fixed_support"": true}",0,-1378.5359550403768,2757.0719100807537,2757.0719100807537,chi2_uniform_1_99_bins10,8.22,0.5121367357045595
file,ta20,ta,20,15,discrete,discrete_uniform_minmax,"{""low"": 1, ""high"": 99}",2,-1378.5359550403768,2761.0719100807537,2768.479475030066,chi2_uniform_minmax_bins10,8.22,0.5121367357045595
file,ta20,ta,20,15,discrete,discrete_uniform_1_100,"{""low"": 1, ""high"": 100, ""fixed_support"": true}",0,-1381.5510557964276,2763.102111592855,2763.102111592855,chi2_uniform_1_100_bins10,8.0,0.5341462169096916
file,ta20,ta,20,15,discrete,discrete_uniform_0_99,"{""low"": 0, ""high"": 99, ""fixed_support"": true}",0,-1381.5510557964276,2763.102111592855,2763.102111592855,chi2_uniform_0_99_bins10,9.866666666666667,0.3613868491752659
file,ta20,ta,20,15,discrete,discrete_uniform_0_100,"{""low"": 0, ""high"": 100, ""fixed_support"": true}",0,-1384.5361550523778,2769.0723101047556,2769.0723101047556,chi2_uniform_0_100_bins10,9.317090909090906,0.4085337245270967
file,ta20,ta,20,15,discrete,poisson,"{""mu"": 50.443333333333335}",1,-3626.948157768371,7255.896315536742,7259.600098011398,,,
file,ta20,ta,20,15,continuous_exploratory,uniform,"[1.0, 98.0]",2,-1375.4902436011714,2754.980487202343,2762.3880521516553,KS_continuous,0.033469387755102,0.8785393666959987
file,ta20,ta,20,15,continuous_exploratory,weibull_min,"[2.1033010124943363, -6.866715656866011, 64.7249538873743]",3,-1424.6062975618947,2855.2125951237895,2866.323942547758,KS_continuous,0.09295177814766109,0.010471201073117919
file,ta20,ta,20,15,continuous_exploratory,norm,"[50.443333333333335, 28.783562245760262]",2,-1433.6229006144554,2871.2458012289108,2878.653366178223,KS_continuous,0.07823670479094336,0.04812405356497296
file,ta20,ta,20,15,continuous_exploratory,lognorm,"[0.016725505467897975, -1670.652390086314, 1720.8550249014654]",3,-1433.6083907602003,2873.2167815204007,2884.3281289443694,KS_continuous,0.07964999759101943,0.042042570459954964
file,ta20,ta,20,15,continuous_exploratory,gamma,"[28870.60526856582, -4840.295616384748, 0.16940199251159005]",3,-1433.616283560588,2873.232567121176,2884.343914545145,KS_continuous,0.07858037988704192,0.046579100948997865
file,ta20,ta,20,15,continuous_exploratory,expon,"[1.0, 49.443333333333335]",2,-1470.2481698002234,2944.496339600447,2951.9039045497593,KS_continuous,0.15597298332958975,7.698076661183487e-07
file,ta21,ta,20,20,discrete,discrete_uniform_1_99,"{""low"": 1, ""high"": 99, ""fixed_support"": true}",0,-1838.0479400538359,3676.0958801076717,3676.0958801076717,chi2_uniform_1_99_bins10,6.174999999999997,0.7222838319368247
file,ta21,ta,20,20,discrete,discrete_uniform_minmax,"{""low"": 1, ""high"": 99}",2,-1838.0479400538359,3680.0958801076717,3688.078809201888,chi2_uniform_minmax_bins10,6.174999999999997,0.7222838319368247
file,ta21,ta,20,20,discrete,discrete_uniform_1_100,"{""low"": 1, ""high"": 100, ""fixed_support"": true}",0,-1842.0680743952366,3684.1361487904733,3684.1361487904733,chi2_uniform_1_100_bins10,4.9,0.8429368938700617
file,ta21,ta,20,20,discrete,discrete_uniform_0_99,"{""low"": 0, ""high"": 99, ""fixed_support"": true}",0,-1842.0680743952366,3684.1361487904733,3684.1361487904733,chi2_uniform_0_99_bins10,7.6,0.5749034238644555
file,ta21,ta,20,20,discrete,discrete_uniform_0_100,"{""low"": 0, ""high"": 100, ""fixed_support"": true}",0,-1846.048206736504,3692.096413473008,3692.096413473008,chi2_uniform_0_100_bins10,3.8783409090909085,0.9192356841600413
file,ta21,ta,20,20,discrete,poisson,"{""mu"": 50.4225}",1,-5085.649667440557,10173.299334881114,10177.290799428221,,,
file,ta21,ta,20,20,continuous_exploratory,uniform,"[1.0, 98.0]",2,-1833.9869914682286,3671.973982936457,3679.9569120306733,KS_continuous,0.05071428571428571,0.2465658755862441
file,ta21,ta,20,20,continuous_exploratory,weibull_min,"[1.928198122672895, -4.990362398576992, 62.40037489257692]",3,-1910.0921562223784,3826.184312444757,3838.1587060860807,KS_continuous,0.09003515688286212,0.002850701310929488
file,ta21,ta,20,20,continuous_exploratory,norm,"[50.4225, 29.66384994821137]",2,-1923.5470656780715,3851.094131356143,3859.077060450359,KS_continuous,0.08872821632152872,0.0034415170186162104
file,ta21,ta,20,20,continuous_exploratory,lognorm,"[0.015231546393151375, -1897.2650775079014, 1947.4616722995725]",3,-1923.5336196222472,3853.0672392444944,3865.041632885818,KS_continuous,0.0889920052744263,0.003313878646196551
file,ta21,ta,20,20,continuous_exploratory,gamma,"[50071.48089344229, -6587.319520543562, 0.13256529502750236]",3,-1923.5418333766454,3853.083666753291,3865.0580603946146,KS_continuous,0.08879463708826385,0.0034089586117538474
file,ta21,ta,20,20,continuous_exploratory,expon,"[1.0, 49.4225]",2,-1960.162314435182,3924.324628870364,3932.30755796458,KS_continuous,0.14376826226555178,1.1183381192895849e-07
file,ta22,ta,20,20,discrete,discrete_uniform_1_99,"{""low"": 1, ""high"": 99, ""fixed_support"": true}",0,-1838.0479400538359,3676.0958801076717,3676.0958801076717,chi2_uniform_1_99_bins10,5.7515,0.7645085334135642
file,ta22,ta,20,20,discrete,discrete_uniform_minmax,"{""low"": 1, ""high"": 99}",2,-1838.0479400538359,3680.0958801076717,3688.078809201888,chi2_uniform_minmax_bins10,5.7515,0.7645085334135642
file,ta22,ta,20,20,discrete,discrete_uniform_1_100,"{""low"": 1, ""high"": 100, ""fixed_support"": true}",0,-1842.0680743952366,3684.1361487904733,3684.1361487904733,chi2_uniform_1_100_bins10,6.25,0.71465991106539
file,ta22,ta,20,20,discrete,discrete_uniform_0_99,"{""low"": 0, ""high"": 99, ""fixed_support"": true}",0,-1842.0680743952366,3684.1361487904733,3684.1361487904733,chi2_uniform_0_99_bins10,11.25,0.25896125611352744
file,ta22,ta,20,20,discrete,discrete_uniform_0_100,"{""low"": 0, ""high"": 100, ""fixed_support"": true}",0,-1846.048206736504,3692.096413473008,3692.096413473008,chi2_uniform_0_100_bins10,6.453840909090909,0.6937758707390338
file,ta22,ta,20,20,discrete,poisson,"{""mu"": 50.3575}",1,-5066.072758710105,10134.14551742021,10138.136981967316,,,
file,ta22,ta,20,20,continuous_exploratory,uniform,"[1.0, 98.0]",2,-1833.9869914682286,3671.973982936457,3679.9569120306733,KS_continuous,0.04760204081632646,0.3149970250108647
file,ta22,ta,20,20,continuous_exploratory,weibull_min,"[2.264323955425917, -11.455860618169961, 69.8714373669064]",3,-1908.5418935229945,3823.083787045989,3835.058180687313,KS_continuous,0.09454452152197401,0.0014571750128132244
file,ta22,ta,20,20,continuous_exploratory,norm,"[50.3575, 29.3339341676155]",2,-1919.0734167167552,3842.1468334335104,3850.1297625277266,KS_continuous,0.09206487522857965,0.002116113439929288
file,ta22,ta,20,20,continuous_exploratory,lognorm,"[2.9976139156488936e-05, -978526.1672652564, 978576.524325597]",3,-1919.0735789974308,3844.1471579948616,3856.1215516361854,KS_continuous,0.09206601609656628,0.002115755074993482
file,ta22,ta,20,20,continuous_exploratory,gamma,"[6144.118219286793, -2249.4356899018985, 0.37430847956126445]",3,-1919.120047931725,3844.24009586345,3856.2144895047736,KS_continuous,0.09234937301644675,0.002028469312315693
file,ta22,ta,20,20,continuous_exploratory,expon,"[1.0, 49.3575]",2,-1959.6358920064986,3923.271784012997,3931.2547131072133,KS_continuous,0.14637968237958238,6.056138337134461e-08
file,ta23,ta,20,20,discrete,discrete_uniform_1_99,"{""low"": 1, ""high"": 99, ""fixed_support"": true}",0,-1838.0479400538359,3676.0958801076717,3676.0958801076717,chi2_uniform_1_99_bins10,8.37775,0.4965713646188592
file,ta23,ta,20,20,discrete,discrete_uniform_minmax,"{""low"": 1, ""high"": 99}",2,-1838.0479400538359,3680.0958801076717,3688.078809201888,chi2_uniform_minmax_bins10,8.37775,0.4965713646188592
file,ta23,ta,20,20,discrete,discrete_uniform_1_100,"{""low"": 1, ""high"": 100, ""fixed_support"": true}",0,-1842.0680743952366,3684.1361487904733,3684.1361487904733,chi2_uniform_1_100_bins10,8.7,0.46541492082795943
file,ta23,ta,20,20,discrete,discrete_uniform_0_99,"{""low"": 0, ""high"": 99, ""fixed_support"": true}",0,-1842.0680743952366,3684.1361487904733,3684.1361487904733,chi2_uniform_0_99_bins10,6.45,0.6941712824817483
file,ta23,ta,20,20,discrete,discrete_uniform_0_100,"{""low"": 0, ""high"": 100, ""fixed_support"": true}",0,-1846.048206736504,3692.096413473008,3692.096413473008,chi2_uniform_0_100_bins10,8.928340909090908,0.44391512986545323
file,ta23,ta,20,20,discrete,poisson,"{""mu"": 50.215}",1,-4762.379920559102,9526.759841118204,9530.751305665312,,,
file,ta23,ta,20,20,continuous_exploratory,uniform,"[1.0, 98.0]",2,-1833.9869914682286,3671.973982936457,3679.9569120306733,KS_continuous,0.030000000000000027,0.8534115453673419
file,ta23,ta,20,20,continuous_exploratory,weibull_min,"[2.2863078701413144, -10.106342309962074, 68.16747217222938]",3,-1895.0545564128436,3796.109112825687,3808.083506467011,KS_continuous,0.08099571422240437,0.00991266041412616
file,ta23,ta,20,20,continuous_exploratory,norm,"[50.215, 28.34631854403672]",2,-1905.3742790372141,3814.7485580744283,3822.7314871686444,KS_continuous,0.07765011008651923,0.015205013532812438
file,ta23,ta,20,20,continuous_exploratory,lognorm,"[0.021660990718538525, -1258.600434004085, 1308.5084561598444]",3,-1905.3357674908125,3816.671534981625,3828.6459286229488,KS_continuous,0.07794632570896676,0.014650515607958771
file,ta23,ta,20,20,continuous_exploratory,gamma,"[11888.38373704269, -3039.8843430985485, 0.259925716713717]",3,-1905.3537801856985,3816.707560371397,3828.681954012721,KS_continuous,0.07780811200301896,0.014906943509910908
file,ta23,ta,20,20,continuous_exploratory,expon,"[1.0, 49.215]",2,-1958.4793820324699,3920.9587640649397,3928.941693159156,KS_continuous,0.17275750425765807,6.565330531354421e-11
file,ta24,ta,20,20,discrete,discrete_uniform_1_99,"{""low"": 1, ""high"": 99, ""fixed_support"": true}",0,-1838.0479400538359,3676.0958801076717,3676.0958801076717,chi2_uniform_1_99_bins10,2.775999999999999,0.9725177188544434
file,ta24,ta,20,20,discrete,discrete_uniform_minmax,"{""low"": 1, ""high"": 99}",2,-1838.0479400538359,3680.0958801076717,3688.078809201888,chi2_uniform_minmax_bins10,2.775999999999999,0.9725177188544434
file,ta24,ta,20,20,discrete,discrete_uniform_1_100,"{""low"": 1, ""high"": 100, ""fixed_support"": true}",0,-1842.0680743952366,3684.1361487904733,3684.1361487904733,chi2_uniform_1_100_bins10,2.4,0.9834529512295069
file,ta24,ta,20,20,discrete,discrete_uniform_0_99,"{""low"": 0, ""high"": 99, ""fixed_support"": true}",0,-1842.0680743952366,3684.1361487904733,3684.1361487904733,chi2_uniform_0_99_bins10,4.25,0.8942010951959319
file,ta24,ta,20,20,discrete,discrete_uniform_0_100,"{""low"": 0, ""high"": 100, ""fixed_support"": true}",0,-1846.048206736504,3692.096413473008,3692.096413473008,chi2_uniform_0_100_bins10,2.7512727272727275,0.9733455953416383
file,ta24,ta,20,20,discrete,poisson,"{""mu"": 51.0}",1,-4854.61136417612,9711.22272835224,9715.214192899348,,,
file,ta24,ta,20,20,continuous_exploratory,uniform,"[1.0, 98.0]",2,-1833.9869914682286,3671.973982936457,3679.9569120306733,KS_continuous,0.04035714285714287,0.5194168272511483
file,ta24,ta,20,20,continuous_exploratory,weibull_min,"[2.3862082070886803, -12.310937553715492, 71.54663856866429]",3,-1902.0379727419947,3810.0759454839895,3822.0503391253133,KS_continuous,0.08719792233626733,0.004275663844085725
file,ta24,ta,20,20,continuous_exploratory,norm,"[51.0, 28.79661438433345]",2,-1911.678542934712,3827.357085869424,3835.34001496364,KS_continuous,0.07752104153467743,0.015452456834584221
file,ta24,ta,20,20,continuous_exploratory,lognorm,"[3.229473922941252e-05, -891630.7339908151, 891681.7335258248]",3,-1911.6787467840604,3829.357493568121,3841.3318872094446,KS_continuous,0.07752446629313692,0.015445844708711213
file,ta24,ta,20,20,continuous_exploratory,gamma,"[4566.354527271156, -1895.9562402602596, 0.4263684831628811]",3,-1911.7428410154544,3829.4856820309087,3841.4600756722325,KS_continuous,0.07857155761560097,0.013539320182979885
file,ta24,ta,20,20,continuous_exploratory,expon,"[1.0, 50.0]",2,-1964.8092021712582,3933.6184043425164,3941.6013334367326,KS_continuous,0.16455556240532554,6.205965823482442e-10
file,ta25,ta,20,20,discrete,discrete_uniform_1_99,"{""low"": 1, ""high"": 99, ""fixed_support"": true}",0,-1838.0479400538359,3676.0958801076717,3676.0958801076717,chi2_uniform_1_99_bins10,11.245999999999999,0.25922311792691644
file,ta25,ta,20,20,discrete,discrete_uniform_minmax,"{""low"": 1, ""high"": 99}",2,-1838.0479400538359,3680.0958801076717,3688.078809201888,chi2_uniform_minmax_bins10,11.245999999999999,0.25922311792691644
file,ta25,ta,20,20,discrete,discrete_uniform_1_100,"{""low"": 1, ""high"": 100, ""fixed_support"": true}",0,-1842.0680743952366,3684.1361487904733,3684.1361487904733,chi2_uniform_1_100_bins10,10.5,0.3115423405622115
file,ta25,ta,20,20,discrete,discrete_uniform_0_99,"{""low"": 0, ""high"": 99, ""fixed_support"": true}",0,-1842.0680743952366,3684.1361487904733,3684.1361487904733,chi2_uniform_0_99_bins10,10.4,0.31908350214261383
file,ta25,ta,20,20,discrete,discrete_uniform_0_100,"{""low"": 0, ""high"": 100, ""fixed_support"": true}",0,-1846.048206736504,3692.096413473008,3692.096413473008,chi2_uniform_0_100_bins10,9.093613636363635,0.42867812574559133
file,ta25,ta,20,20,discrete,poisson,"{""mu"": 49.135}",1,-5004.878037971845,10011.75607594369,10015.747540490796,,,
file,ta25,ta,20,20,continuous_exploratory,uniform,"[1.0, 98.0]",2,-1833.9869914682286,3671.973982936457,3679.9569120306733,KS_continuous,0.038622448979591884,0.575976941019767
file,ta25,ta,20,20,continuous_exploratory,weibull_min,"[2.155932723195664, -9.504468385406932, 66.23342424101511]",3,-1901.1271940888096,3808.254388177619,3820.228781818943,KS_continuous,0.06597185609131961,0.058767281957854633
file,ta25,ta,20,20,continuous_exploratory,norm,"[49.135, 28.846781016258987]",2,-1912.3747773496693,3828.7495546993387,3836.732483793555,KS_continuous,0.0678398787337543,0.04804260000711702
file,ta25,ta,20,20,continuous_exploratory,lognorm,"[0.04520669812069093, -589.3367775496756, 637.8200042212916]",3,-1912.193854835114,3830.387709670228,3842.362103311552,KS_continuous,0.06742888747185327,0.05024457368134627
file,ta25,ta,20,20,continuous_exploratory,gamma,"[2037.1019500129205, -1252.218133917157, 0.6388130390245368]",3,-1912.2655836031859,3830.5311672063717,3842.5055608476955,KS_continuous,0.06782063001093497,0.04814383379861675
file,ta25,ta,20,20,continuous_exploratory,expon,"[1.0, 48.135]",2,-1949.603825291972,3903.207650583944,3911.1905796781602,KS_continuous,0.16840386343567032,2.1934786313870336e-10
file,ta26,ta,20,20,discrete,discrete_uniform_1_99,"{""low"": 1, ""high"": 99, ""fixed_support"": true}",0,-1838.0479400538359,3676.0958801076717,3676.0958801076717,chi2_uniform_1_99_bins10,4.360000000000001,0.8861624894742233
file,ta26,ta,20,20,discrete,discrete_uniform_minmax,"{""low"": 1, ""high"": 99}",2,-1838.0479400538359,3680.0958801076717,3688.078809201888,chi2_uniform_minmax_bins10,4.360000000000001,0.8861624894742233
file,ta26,ta,20,20,discrete,discrete_uniform_1_100,"{""low"": 1, ""high"": 100, ""fixed_support"": true}",0,-1842.0680743952366,3684.1361487904733,3684.1361487904733,chi2_uniform_1_100_bins10,5.6,0.7791877161648363
file,ta26,ta,20,20,discrete,discrete_uniform_0_99,"{""low"": 0, ""high"": 99, ""fixed_support"": true}",0,-1842.0680743952366,3684.1361487904733,3684.1361487904733,chi2_uniform_0_99_bins10,10.25,0.3306281093734922
file,ta26,ta,20,20,discrete,discrete_uniform_0_100,"{""low"": 0, ""high"": 100, ""fixed_support"": true}",0,-1846.048206736504,3692.096413473008,3692.096413473008,chi2_uniform_0_100_bins10,7.0024545454545475,0.6368638404677418
file,ta26,ta,20,20,discrete,poisson,"{""mu"": 51.4825}",1,-4558.9767275231425,9119.953455046285,9123.944919593392,,,
file,ta26,ta,20,20,continuous_exploratory,uniform,"[1.0, 98.0]",2,-1833.9869914682286,3671.973982936457,3679.9569120306733,KS_continuous,0.0429591836734694,0.43928252232776566
file,ta26,ta,20,20,continuous_exploratory,weibull_min,"[2.717274012901674, -16.46328730896461, 76.58782673550019]",3,-1888.88997909801,3783.77995819602,3795.7543518373436,KS_continuous,0.0797352070154409,0.01167111544956749
file,ta26,ta,20,20,continuous_exploratory,norm,"[51.4825, 27.759407301849947]",2,-1897.005327126973,3798.010654253946,3805.9935833481622,KS_continuous,0.07441903318703713,0.022593529104789005
file,ta26,ta,20,20,continuous_exploratory,lognorm,"[2.6472185279105877e-05, -1048575.0, 1048626.482132573]",3,-1897.0057193789235,3800.011438757847,3811.9858323991707,KS_continuous,0.07442195135843954,0.022585620611239126
file,ta26,ta,20,20,continuous_exploratory,gamma,"[1124.0946400008079, -880.5925466794447, 0.8292030341916212]",3,-1897.314192874031,3800.628385748062,3812.602779389386,KS_continuous,0.0761360513829632,0.018343965985480097
file,ta26,ta,20,20,continuous_exploratory,expon,"[1.0, 50.4825]",2,-1968.6506966283364,3941.301393256673,3949.284322350889,KS_continuous,0.18316377464300038,3.2318924834996723e-12
file,ta27,ta,20,20,discrete,discrete_uniform_1_99,"{""low"": 1, ""high"": 99, ""fixed_support"": true}",0,-1838.0479400538359,3676.0958801076717,3676.0958801076717,chi2_uniform_1_99_bins10,6.273999999999997,0.7122128161594412
file,ta27,ta,20,20,discrete,discrete_uniform_minmax,"{""low"": 1, ""high"": 99}",2,-1838.0479400538359,3680.0958801076717,3688.078809201888,chi2_uniform_minmax_bins10,6.273999999999997,0.7122128161594412
file,ta27,ta,20,20,discrete,discrete_uniform_1_100,"{""low"": 1, ""high"": 100, ""fixed_support"": true}",0,-1842.0680743952366,3684.1361487904733,3684.1361487904733,chi2_uniform_1_100_bins10,5.000000000000001,0.8343082601934075
file,ta27,ta,20,20,discrete,discrete_uniform_0_99,"{""low"": 0, ""high"": 99, ""fixed_support"": true}",0,-1842.0680743952366,3684.1361487904733,3684.1361487904733,chi2_uniform_0_99_bins10,7.700000000000001,0.5646386614738719
file,ta27,ta,20,20,discrete,discrete_uniform_0_100,"{""low"": 0, ""high"": 100, ""fixed_support"": true}",0,-1846.048206736504,3692.096413473008,3692.096413473008,chi2_uniform_0_100_bins10,5.735363636363638,0.7660841689487333
file,ta27,ta,20,20,discrete,poisson,"{""mu"": 52.7275}",1,-4774.352329473347,9550.704658946694,9554.6961234938,,,
file,ta27,ta,20,20,continuous_exploratory,uniform,"[1.0, 98.0]",2,-1833.9869914682286,3671.973982936457,3679.9569120306733,KS_continuous,0.05663265306122445,0.14789662106965762
file,ta27,ta,20,20,continuous_exploratory,weibull_min,"[2.9688638597642365, -23.054283061285453, 85.16934525267652]",3,-1903.1052061049156,3812.2104122098312,3824.184805851155,KS_continuous,0.07298451885291724,0.02679198015338613
file,ta27,ta,20,20,continuous_exploratory,norm,"[52.7275, 28.735400532270294]",2,-1910.8273455587573,3825.6546911175146,3833.637620211731,KS_continuous,0.07224691519886228,0.02920816159373052
file,ta27,ta,20,20,continuous_exploratory,lognorm,"[6.4770217866918845e-06, -4436463.231382569, 4436515.958789508]",3,-1910.8274846213549,3827.6549692427097,3839.6293628840335,KS_continuous,0.07224734490012041,0.029206699858290164
file,ta27,ta,20,20,continuous_exploratory,gamma,"[667.4618982198217, -693.0465436747663, 1.1173249358358683]",3,-1911.4023064617363,3828.8046129234726,3840.7790065647964,KS_continuous,0.0733290087104641,0.025725316265413967
file,ta27,ta,20,20,continuous_exploratory,expon,"[1.0, 51.7275]",2,-1978.3958219965675,3960.791643993135,3968.774573087351,KS_continuous,0.1712174829707115,1.0095646669016345e-10
file,ta28,ta,20,20,discrete,discrete_uniform_1_99,"{""low"": 1, ""high"": 99, ""fixed_support"": true}",0,-1838.0479400538359,3676.0958801076717,3676.0958801076717,chi2_uniform_1_99_bins10,11.809749999999998,0.22424844630659377
file,ta28,ta,20,20,discrete,discrete_uniform_minmax,"{""low"": 1, ""high"": 99}",2,-1838.0479400538359,3680.0958801076717,3688.078809201888,chi2_uniform_minmax_bins10,11.809749999999998,0.22424844630659377
file,ta28,ta,20,20,discrete,discrete_uniform_1_100,"{""low"": 1, ""high"": 100, ""fixed_support"": true}",0,-1842.0680743952366,3684.1361487904733,3684.1361487904733,chi2_uniform_1_100_bins10,11.3,0.2557046597269988
file,ta28,ta,20,20,discrete,discrete_uniform_0_99,"{""low"": 0, ""high"": 99, ""fixed_support"": true}",0,-1842.0680743952366,3684.1361487904733,3684.1361487904733,chi2_uniform_0_99_bins10,13.3,0.14949477321860244
file,ta28,ta,20,20,discrete,discrete_uniform_0_100,"{""low"": 0, ""high"": 100, ""fixed_support"": true}",0,-1846.048206736504,3692.096413473008,3692.096413473008,chi2_uniform_0_100_bins10,10.764704545454544,0.29218272686217117
file,ta28,ta,20,20,discrete,poisson,"{""mu"": 50.505}",1,-5085.668166231282,10173.336332462564,10177.327797009671,,,
file,ta28,ta,20,20,continuous_exploratory,uniform,"[1.0, 98.0]",2,-1833.9869914682286,3671.973982936457,3679.9569120306733,KS_continuous,0.049285714285714266,0.27648555535841124
file,ta28,ta,20,20,continuous_exploratory,weibull_min,"[2.218621870694765, -10.54238710942306, 69.00261171854046]",3,-1909.9978347156853,3825.9956694313705,3837.9700630726943,KS_continuous,0.1012680116962914,0.0005039930201961925
file,ta28,ta,20,20,continuous_exploratory,norm,"[50.505, 29.45581394224237]",2,-1920.7319364846594,3845.463872969319,3853.446802063535,KS_continuous,0.09171917741724522,0.002227330785900761
file,ta28,ta,20,20,continuous_exploratory,lognorm,"[1.4045299424550775e-05, -2097150.999999999, 2097201.504793141]",3,-1920.7320606886997,3847.4641213773994,3859.438515018723,KS_continuous,0.0917202443198043,0.0022269793677810253
file,ta28,ta,20,20,continuous_exploratory,gamma,"[2479.0650790239324, -1417.4549342602586, 0.5921412523511289]",3,-1920.8507580192286,3847.701516038457,3859.675909679781,KS_continuous,0.0926417598433752,0.0019419108203088083
file,ta28,ta,20,20,continuous_exploratory,expon,"[1.0, 49.505]",2,-1960.8294698297914,3925.6589396595828,3933.641868753799,KS_continuous,0.14834861834773294,3.785569447670298e-08
file,ta29,ta,20,20,discrete,discrete_uniform_1_99,"{""low"": 1, ""high"": 99, ""fixed_support"": true}",0,-1838.0479400538359,3676.0958801076717,3676.0958801076717,chi2_uniform_1_99_bins10,18.401499999999995,0.03079104404380131
file,ta29,ta,20,20,discrete,discrete_uniform_minmax,"{""low"": 1, ""high"": 99}",2,-1838.0479400538359,3680.0958801076717,3688.078809201888,chi2_uniform_minmax_bins10,18.401499999999995,0.03079104404380131
file,ta29,ta,20,20,discrete,discrete_uniform_1_100,"{""low"": 1, ""high"": 100, ""fixed_support"": true}",0,-1842.0680743952366,3684.1361487904733,3684.1361487904733,chi2_uniform_1_100_bins10,17.25,0.04494193495473368
file,ta29,ta,20,20,discrete,discrete_uniform_0_99,"{""low"": 0, ""high"": 99, ""fixed_support"": true}",0,-1842.0680743952366,3684.1361487904733,3684.1361487904733,chi2_uniform_0_99_bins10,12.5,0.18656597485845106
file,ta29,ta,20,20,discrete,discrete_uniform_0_100,"{""low"": 0, ""high"": 100, ""fixed_support"": true}",0,-1846.048206736504,3692.096413473008,3692.096413473008,chi2_uniform_0_100_bins10,18.28002272727273,0.03206031276773495
file,ta29,ta,20,20,discrete,poisson,"{""mu"": 52.455}",1,-4648.9876356355035,9299.975271271007,9303.966735818114,,,
file,ta29,ta,20,20,continuous_exploratory,uniform,"[1.0, 98.0]",2,-1833.9869914682286,3671.973982936457,3679.9569120306733,KS_continuous,0.07556122448979585,0.01967966421139996
file,ta29,ta,20,20,continuous_exploratory,weibull_min,"[2.963877564247232, -21.897035011646985, 83.57425670590152]",3,-1896.1486672266988,3798.2973344533975,3810.2717280947213,KS_continuous,0.09703431075692082,0.0009919121950555693
file,ta29,ta,20,20,continuous_exploratory,norm,"[52.455, 28.247884434059838]",2,-1903.982840281205,3811.96568056241,3819.948609656626,KS_continuous,0.0940163222716569,0.0015790211416845778
file,ta29,ta,20,20,continuous_exploratory,lognorm,"[4.0050957124168365e-06, -7052935.190689619, 7052987.645633051]",3,-1903.9829272985417,3813.9658545970833,3825.940248238407,KS_continuous,0.09401686846140533,0.0015788903923185332
file,ta29,ta,20,20,continuous_exploratory,gamma,"[679.9160985644787, -685.2225188414293, 1.084883502377584]",3,-1904.5553065304375,3815.110613060875,3827.085006702199,KS_continuous,0.09809339450652121,0.0008396499835616857
file,ta29,ta,20,20,continuous_exploratory,expon,"[1.0, 51.455]",2,-1976.283055715222,3956.566111430444,3964.54904052466,KS_continuous,0.1792976337313114,1.0104182384688557e-11
file,ta30,ta,20,20,discrete,discrete_uniform_1_99,"{""low"": 1, ""high"": 99, ""fixed_support"": true}",0,-1838.0479400538359,3676.0958801076717,3676.0958801076717,chi2_uniform_1_99_bins10,10.399000000000001,0.3191595420609474
file,ta30,ta,20,20,discrete,discrete_uniform_minmax,"{""low"": 1, ""high"": 99}",2,-1838.0479400538359,3680.0958801076717,3688.078809201888,chi2_uniform_minmax_bins10,10.399000000000001,0.3191595420609474
file,ta30,ta,20,20,discrete,discrete_uniform_1_100,"{""low"": 1, ""high"": 100, ""fixed_support"": true}",0,-1842.0680743952366,3684.1361487904733,3684.1361487904733,chi2_uniform_1_100_bins10,11.7,0.23075503073849796
file,ta30,ta,20,20,discrete,discrete_uniform_0_99,"{""low"": 0, ""high"": 99, ""fixed_support"": true}",0,-1842.0680743952366,3684.1361487904733,3684.1361487904733,chi2_uniform_0_99_bins10,7.799999999999999,0.554420435872857
file,ta30,ta,20,20,discrete,discrete_uniform_0_100,"{""low"": 0, ""high"": 100, ""fixed_support"": true}",0,-1846.048206736504,3692.096413473008,3692.096413473008,chi2_uniform_0_100_bins10,11.958340909090907,0.21566804979151638
file,ta30,ta,20,20,discrete,poisson,"{""mu"": 50.13}",1,-5021.166802736032,10044.333605472064,10048.325070019171,,,
file,ta30,ta,20,20,continuous_exploratory,uniform,"[1.0, 98.0]",2,-1833.9869914682286,3671.973982936457,3679.9569120306733,KS_continuous,0.041632653061224434,0.47932126758231997
file,ta30,ta,20,20,continuous_exploratory,weibull_min,"[2.3146175130520605, -12.162960796787203, 70.41339023267153]",3,-1905.3593466603857,3816.7186933207713,3828.693086962095,KS_continuous,0.09050792200735769,0.0026611364943908166
file,ta30,ta,20,20,continuous_exploratory,norm,"[50.13, 29.06308827361607]",2,-1915.3629832080796,3834.7259664161593,3842.7088955103754,KS_continuous,0.07690119213297658,0.01669182926563313
file,ta30,ta,20,20,continuous_exploratory,lognorm,"[1.7830060352016716e-05, -1629955.602467772, 1630005.7322086734]",3,-1915.3631525759067,3836.7263051518134,3848.7006987931372,KS_continuous,0.07690109958383506,0.016692020774583167
file,ta30,ta,20,20,continuous_exploratory,gamma,"[2234.9098740083828, -1325.5024392636424, 0.6155107748023951]",3,-1915.500441453578,3837.000882907156,3848.97527654848,KS_continuous,0.07645160817735042,0.017645672645780437
file,ta30,ta,20,20,continuous_exploratory,expon,"[1.0, 49.13]",2,-1957.7879384722228,3919.5758769444456,3927.5588060386617,KS_continuous,0.1623586059377653,1.1114258181098004e-09
file,ta31,ta,30,15,discrete,discrete_uniform_1_99,"{""low"": 1, ""high"": 99, ""fixed_support"": true}",0,-2067.8039325605655,4135.607865121131,4135.607865121131,chi2_uniform_1_99_bins10,14.319777777777778,0.11139614668966187
file,ta31,ta,30,15,discrete,discrete_uniform_minmax,"{""low"": 1, ""high"": 99}",2,-2067.8039325605655,4139.607865121131,4147.82636028666,chi2_uniform_minmax_bins10,14.319777777777778,0.11139614668966187
file,ta31,ta,30,15,discrete,discrete_uniform_1_100,"{""low"": 1, ""high"": 100, ""fixed_support"": true}",0,-2072.326583694641,4144.653167389282,4144.653167389282,chi2_uniform_1_100_bins10,14.444444444444443,0.10737056753415168
file,ta31,ta,30,15,discrete,discrete_uniform_0_99,"{""low"": 0, ""high"": 99, ""fixed_support"": true}",0,-2072.326583694641,4144.653167389282,4144.653167389282,chi2_uniform_0_99_bins10,8.844444444444443,0.45175563088217396
file,ta31,ta,30,15,discrete,discrete_uniform_0_100,"{""low"": 0, ""high"": 100, ""fixed_support"": true}",0,-2076.804232578567,4153.608465157134,4153.608465157134,chi2_uniform_0_100_bins10,13.781797979797979,0.13030155143525932
file,ta31,ta,30,15,discrete,poisson,"{""mu"": 50.22222222222222}",1,-5490.70595961929,10983.41191923858,10987.521166821345,,,
file,ta31,ta,30,15,continuous_exploratory,uniform,"[1.0, 98.0]",2,-2063.235365401757,4130.470730803514,4138.689225969043,KS_continuous,0.029070294784580453,0.8305518771003604
file,ta31,ta,30,15,continuous_exploratory,weibull_min,"[2.348692107563185, -12.039393761469874, 70.35647567747878]",3,-2137.4116178600652,4280.8232357201305,4293.150978468424,KS_continuous,0.06519531047441096,0.04169040208482866
file,ta31,ta,30,15,continuous_exploratory,norm,"[50.22222222222222, 28.649676274214407]",2,-2148.3363046375093,4300.672609275019,4308.891104440548,KS_continuous,0.06887071708985354,0.02667364923893656
file,ta31,ta,30,15,continuous_exploratory,lognorm,"[3.7823819595156477e-06, -7574456.289821678, 7574506.511989716]",3,-2148.336312634588,4302.672625269176,4315.00036801747,KS_continuous,0.06887038204097135,0.026674764920467497
file,ta31,ta,30,15,continuous_exploratory,gamma,"[46624.169042487396, -6136.399380988267, 0.132691257300725]",3,-2148.34321634928,4302.68643269856,4315.014175446853,KS_continuous,0.06856444338441159,0.027710886828497427
file,ta31,ta,30,15,continuous_exploratory,expon,"[1.0, 49.22222222222222]",2,-2203.355336719012,4410.710673438024,4418.929168603553,KS_continuous,0.17094480947073515,5.7486888214307136e-12
file,ta32,ta,30,15,discrete,discrete_uniform_1_99,"{""low"": 1, ""high"": 99, ""fixed_support"": true}",0,-2067.8039325605655,4135.607865121131,4135.607865121131,chi2_uniform_1_99_bins10,7.602444444444445,0.5746519988399983
file,ta32,ta,30,15,discrete,discrete_uniform_minmax,"{""low"": 1, ""high"": 99}",2,-2067.8039325605655,4139.607865121131,4147.82636028666,chi2_uniform_minmax_bins10,7.602444444444445,0.5746519988399983
file,ta32,ta,30,15,discrete,discrete_uniform_1_100,"{""low"": 1, ""high"": 100, ""fixed_support"": true}",0,-2072.326583694641,4144.653167389282,4144.653167389282,chi2_uniform_1_100_bins10,9.2,0.41902116661019306
file,ta32,ta,30,15,discrete,discrete_uniform_0_99,"{""low"": 0, ""high"": 99, ""fixed_support"": true}",0,-2072.326583694641,4144.653167389282,4144.653167389282,chi2_uniform_0_99_bins10,12.31111111111111,0.1963331222335649
file,ta32,ta,30,15,discrete,discrete_uniform_0_100,"{""low"": 0, ""high"": 100, ""fixed_support"": true}",0,-2076.804232578567,4153.608465157134,4153.608465157134,chi2_uniform_0_100_bins10,10.527353535353535,0.30950126326331107
file,ta32,ta,30,15,discrete,poisson,"{""mu"": 51.568888888888885}",1,-5062.075766112359,10126.151532224718,10130.260779807482,,,
file,ta32,ta,30,15,continuous_exploratory,uniform,"[1.0, 98.0]",2,-2063.235365401757,4130.470730803514,4138.689225969043,KS_continuous,0.05641723356009071,0.10971381753520237
file,ta32,ta,30,15,continuous_exploratory,weibull_min,"[3.2555136104296514, -26.641707146393877, 87.5197111181053]",3,-2118.8573544296373,4243.714708859275,4256.042451607568,KS_continuous,0.06796438820325457,0.02984673143391492
file,ta32,ta,30,15,continuous_exploratory,norm,"[51.568888888888885, 27.309516633683433]",2,-2126.7781961809546,4257.556392361909,4265.774887527438,KS_continuous,0.06953404303936417,0.02454407407904191
file,ta32,ta,30,15,continuous_exploratory,lognorm,"[5.39299996566756e-06, -5063832.402067144, 5063883.970882393]",3,-2126.77835185134,4259.55670370268,4271.884446450974,KS_continuous,0.0695346007991483,0.024542348713347817
file,ta32,ta,30,15,continuous_exploratory,gamma,"[539.2444335680532, -584.9752347321287, 1.1803115975467615]",3,-2127.65570875572,4261.31141751144,4273.639160259733,KS_continuous,0.07300059536295977,0.015684410145879363
file,ta32,ta,30,15,continuous_exploratory,expon,"[1.0, 50.568888888888885]",2,-2215.5014443977775,4435.002888795555,4443.221383961084,KS_continuous,0.1964364234350554,1.0879627403147191e-15
file,ta33,ta,30,15,discrete,discrete_uniform_1_99,"{""low"": 1, ""high"": 99, ""fixed_support"": true}",0,-2067.8039325605655,4135.607865121131,4135.607865121131,chi2_uniform_1_99_bins10,12.024444444444445,0.21193475051387908
file,ta33,ta,30,15,discrete,discrete_uniform_minmax,"{""low"": 1, ""high"": 99}",2,-2067.8039325605655,4139.607865121131,4147.82636028666,chi2_uniform_minmax_bins10,12.024444444444445,0.21193475051387908
file,ta33,ta,30,15,discrete,discrete_uniform_1_100,"{""low"": 1, ""high"": 100, ""fixed_support"": true}",0,-2072.326583694641,4144.653167389282,4144.653167389282,chi2_uniform_1_100_bins10,11.911111111111111,0.21836695946320306
file,ta33,ta,30,15,discrete,discrete_uniform_0_99,"{""low"": 0, ""high"": 99, ""fixed_support"": true}",0,-2072.326583694641,4144.653167389282,4144.653167389282,chi2_uniform_0_99_bins10,12.444444444444445,0.18939700497616213
file,ta33,ta,30,15,discrete,discrete_uniform_0_100,"{""low"": 0, ""high"": 100, ""fixed_support"": true}",0,-2076.804232578567,4153.608465157134,4153.608465157134,chi2_uniform_0_100_bins10,14.030727272727274,0.12123638996402457
file,ta33,ta,30,15,discrete,poisson,"{""mu"": 52.65111111111111}",1,-5205.350432815198,10412.700865630395,10416.81011321316,,,
file,ta33,ta,30,15,continuous_exploratory,uniform,"[1.0, 98.0]",2,-2063.235365401757,4130.470730803514,4138.689225969043,KS_continuous,0.06557823129251705,0.03984049990616467
file,ta33,ta,30,15,continuous_exploratory,weibull_min,"[3.231254924873924, -27.12375664549407, 89.330249927876]",3,-2131.3972615349358,4268.7945230698715,4281.122265818165,KS_continuous,0.07712677287649186,0.0089465586422292
file,ta33,ta,30,15,continuous_exploratory,norm,"[52.65111111111111, 28.116117340788495]",2,-2139.876682182923,4283.753364365846,4291.971859531375,KS_continuous,0.07635839442361037,0.00995576278898838
file,ta33,ta,30,15,continuous_exploratory,lognorm,"[7.347731189142502e-06, -3826452.5520968083, 3826505.2031046236]",3,-2139.8769108244696,4285.753821648939,4298.081564397233,KS_continuous,0.0763580425880841,0.009956247602886022
file,ta33,ta,30,15,continuous_exploratory,gamma,"[511.8871935680372, -587.1865714617384, 1.2498300396066426]",3,-2140.8288561525437,4287.657712305087,4299.985455053381,KS_continuous,0.07842507210381566,0.0074501964123878045
file,ta33,ta,30,15,continuous_exploratory,expon,"[1.0, 51.65111111111111]",2,-2225.030268442528,4454.060536885056,4462.279032050585,KS_continuous,0.18449443374695468,7.029217935979291e-14
file,ta34,ta,30,15,discrete,discrete_uniform_1_99,"{""low"": 1, ""high"": 99, ""fixed_support"": true}",0,-2067.8039325605655,4135.607865121131,4135.607865121131,chi2_uniform_1_99_bins10,12.110000000000001,0.20717884505385434
file,ta34,ta,30,15,discrete,discrete_uniform_minmax,"{""low"": 1, ""high"": 99}",2,-2067.8039325605655,4139.607865121131,4147.82636028666,chi2_uniform_minmax_bins10,12.110000000000001,0.20717884505385434
file,ta34,ta,30,15,discrete,discrete_uniform_1_100,"{""low"": 1, ""high"": 100, ""fixed_support"": true}",0,-2072.326583694641,4144.653167389282,4144.653167389282,chi2_uniform_1_100_bins10,11.777777777777777,0.2261290362121297
file,ta34,ta,30,15,discrete,discrete_uniform_0_99,"{""low"": 0, ""high"": 99, ""fixed_support"": true}",0,-2072.326583694641,4144.653167389282,4144.653167389282,chi2_uniform_0_99_bins10,9.422222222222222,0.39924650177326876
file,ta34,ta,30,15,discrete,discrete_uniform_0_100,"{""low"": 0, ""high"": 100, ""fixed_support"": true}",0,-2076.804232578567,4153.608465157134,4153.608465157134,chi2_uniform_0_100_bins10,12.263737373737374,0.19884611979432645
file,ta34,ta,30,15,discrete,poisson,"{""mu"": 52.095555555555556}",1,-5327.246050816679,10656.492101633357,10660.601349216122,,,
file,ta34,ta,30,15,continuous_exploratory,uniform,"[1.0, 98.0]",2,-2063.235365401757,4130.470730803514,4138.689225969043,KS_continuous,0.05723356009070296,0.10086555849499046
file,ta34,ta,30,15,continuous_exploratory,weibull_min,"[2.996574733897134, -23.46155054038352, 84.8675152331385]",3,-2135.6739581385655,4277.347916277131,4289.6756590254245,KS_continuous,0.08114857387813568,0.00502465541555755
file,ta34,ta,30,15,continuous_exploratory,norm,"[52.095555555555556, 28.37357499548993]",2,-2143.9785542948503,4291.9571085897005,4300.1756037552295,KS_continuous,0.0813486205814864,0.00487877735576109
file,ta34,ta,30,15,continuous_exploratory,lognorm,"[3.986243236638726e-06, -7117822.804250382, 7117874.899749385]",3,-2143.9786444238675,4293.957288847735,4306.285031596029,KS_continuous,0.08134877399381546,0.004878666989569685
file,ta34,ta,30,15,continuous_exploratory,gamma,"[742.7644662441894, -722.9915628988749, 1.043447608917628]",3,-2144.560700277293,4295.121400554586,4307.44914330288,KS_continuous,0.08259848209400988,0.004051852596016412
file,ta34,ta,30,15,continuous_exploratory,expon,"[1.0, 51.095555555555556]",2,-2220.163883098936,4444.327766197872,4452.546261363401,KS_continuous,0.1951935210687809,1.700163274053474e-15
file,ta35,ta,30,15,discrete,discrete_uniform_1_99,"{""low"": 1, ""high"": 99, ""fixed_support"": true}",0,-2067.8039325605655,4135.607865121131,4135.607865121131,chi2_uniform_1_99_bins10,3.407777777777778,0.945915620562905
file,ta35,ta,30,15,discrete,discrete_uniform_minmax,"{""low"": 1, ""high"": 99}",2,-2067.8039325605655,4139.607865121131,4147.82636028666,chi2_uniform_minmax_bins10,3.407777777777778,0.945915620562905
file,ta35,ta,30,15,discrete,discrete_uniform_1_100,"{""low"": 1, ""high"": 100, ""fixed_support"": true}",0,-2072.326583694641,4144.653167389282,4144.653167389282,chi2_uniform_1_100_bins10,3.4222222222222225,0.945183249515846
file,ta35,ta,30,15,discrete,discrete_uniform_0_99,"{""low"": 0, ""high"": 99, ""fixed_support"": true}",0,-2072.326583694641,4144.653167389282,4144.653167389282,chi2_uniform_0_99_bins10,2.4444444444444446,0.9823404028255235
file,ta35,ta,30,15,discrete,discrete_uniform_0_100,"{""low"": 0, ""high"": 100, ""fixed_support"": true}",0,-2076.804232578567,4153.608465157134,4153.608465157134,chi2_uniform_0_100_bins10,2.855434343434343,0.9697515537660647
file,ta35,ta,30,15,discrete,poisson,"{""mu"": 49.85111111111111}",1,-5596.54312035886,11195.08624071772,11199.195488300484,,,
file,ta35,ta,30,15,continuous_exploratory,uniform,"[1.0, 98.0]",2,-2063.235365401757,4130.470730803514,4138.689225969043,KS_continuous,0.03129251700680269,0.7580455733287674
file,ta35,ta,30,15,continuous_exploratory,weibull_min,"[2.1536345368961394, -9.002212801176228, 66.48318309358368]",3,-2140.9332304618183,4287.866460923637,4300.19420367193,KS_continuous,0.07984329444119964,0.006078823021939642
file,ta35,ta,30,15,continuous_exploratory,norm,"[49.85111111111111, 28.998123481220276]",2,-2153.7763440990275,4311.552688198055,4319.771183363584,KS_continuous,0.0713242622732127,0.019529592945553228
file,ta35,ta,30,15,continuous_exploratory,lognorm,"[0.033315609251721556, -820.8482881135398, 870.2164514122219]",3,-2153.678068399814,4313.356136799628,4325.683879547922,KS_continuous,0.06944871359785143,0.024809300066192752
file,ta35,ta,30,15,continuous_exploratory,gamma,"[5215.7220459962755, -2043.938465593124, 0.4014368811445883]",3,-2153.724637812453,4313.449275624906,4325.777018373199,KS_continuous,0.0708025218927705,0.020887178990590546
file,ta35,ta,30,15,continuous_exploratory,expon,"[1.0, 48.85111111111111]",2,-2199.949705618088,4403.899411236176,4412.117906401705,KS_continuous,0.1622203978818888,8.166547553875842e-11
file,ta36,ta,30,15,discrete,discrete_uniform_1_99,"{""low"": 1, ""high"": 99, ""fixed_support"": true}",0,-2067.8039325605655,4135.607865121131,4135.607865121131,chi2_uniform_1_99_bins10,6.258,0.7138445980440371
file,ta36,ta,30,15,discrete,discrete_uniform_minmax,"{""low"": 1, ""high"": 99}",2,-2067.8039325605655,4139.607865121131,4147.82636028666,chi2_uniform_minmax_bins10,6.258,0.7138445980440371
file,ta36,ta,30,15,discrete,discrete_uniform_1_100,"{""low"": 1, ""high"": 100, ""fixed_support"": true}",0,-2072.326583694641,4144.653167389282,4144.653167389282,chi2_uniform_1_100_bins10,5.866666666666666,0.7531851712568853
file,ta36,ta,30,15,discrete,discrete_uniform_0_99,"{""low"": 0, ""high"": 99, ""fixed_support"": true}",0,-2072.326583694641,4144.653167389282,4144.653167389282,chi2_uniform_0_99_bins10,8.133333333333333,0.5207673730597098
file,ta36,ta,30,15,discrete,discrete_uniform_0_100,"{""low"": 0, ""high"": 100, ""fixed_support"": true}",0,-2076.804232578567,4153.608465157134,4153.608465157134,chi2_uniform_0_100_bins10,6.6526262626262636,0.6732346674806853
file,ta36,ta,30,15,discrete,poisson,"{""mu"": 51.02}",1,-5514.670526885575,11031.34105377115,11035.450301353914,,,
file,ta36,ta,30,15,continuous_exploratory,uniform,"[1.0, 98.0]",2,-2063.235365401757,4130.470730803514,4138.689225969043,KS_continuous,0.03392290249433111,0.665441484157431
file,ta36,ta,30,15,continuous_exploratory,weibull_min,"[2.4561249094781403, -14.014657825261466, 73.46871892952979]",3,-2141.8556416992433,4289.711283398487,4302.03902614678,KS_continuous,0.07734532082095558,0.008676975466364225
file,ta36,ta,30,15,continuous_exploratory,norm,"[51.02, 28.894398534433392]",2,-2152.163829239612,4308.327658479224,4316.546153644753,KS_continuous,0.06833112460789836,0.028524785253784324
file,ta36,ta,30,15,continuous_exploratory,lognorm,"[5.8930357159805425e-06, -4903092.888363659, 4903143.908278521]",3,-2152.1638858938986,4310.327771787797,4322.655514536091,KS_continuous,0.06833152356483696,0.028523375744955115
file,ta36,ta,30,15,continuous_exploratory,gamma,"[2743.4295656191716, -1462.569453022109, 0.5517154618697311]",3,-2152.2912276027128,4310.5824552054255,4322.910197953719,KS_continuous,0.06920173887732517,0.025591322666327798
file,ta36,ta,30,15,continuous_exploratory,expon,"[1.0, 50.02]",2,-2210.5903164522624,4425.180632904525,4433.399128070054,KS_continuous,0.17532981749158777,1.4353815690170618e-12
file,ta37,ta,30,15,discrete,discrete_uniform_1_99,"{""low"": 1, ""high"": 99, ""fixed_support"": true}",0,-2067.8039325605655,4135.607865121131,4135.607865121131,chi2_uniform_1_99_bins10,13.857777777777779,0.12747504903924892
file,ta37,ta,30,15,discrete,discrete_uniform_minmax,"{""low"": 1, ""high"": 99}",2,-2067.8039325605655,4139.607865121131,4147.82636028666,chi2_uniform_minmax_bins10,13.857777777777779,0.12747504903924892
file,ta37,ta,30,15,discrete,discrete_uniform_1_100,"{""low"": 1, ""high"": 100, ""fixed_support"": true}",0,-2072.326583694641,4144.653167389282,4144.653167389282,chi2_uniform_1_100_bins10,11.866666666666667,0.22093081702204942
file,ta37,ta,30,15,discrete,discrete_uniform_0_99,"{""low"": 0, ""high"": 99, ""fixed_support"": true}",0,-2072.326583694641,4144.653167389282,4144.653167389282,chi2_uniform_0_99_bins10,12.088888888888889,0.20834444642524275
file,ta37,ta,30,15,discrete,discrete_uniform_0_100,"{""low"": 0, ""high"": 100, ""fixed_support"": true}",0,-2076.804232578567,4153.608465157134,4153.608465157134,chi2_uniform_0_100_bins10,13.538989898989898,0.13969514399711994
file,ta37,ta,30,15,discrete,poisson,"{""mu"": 52.904444444444444}",1,-5223.039552016532,10448.079104033064,10452.188351615829,,,
file,ta37,ta,30,15,continuous_exploratory,uniform,"[1.0, 98.0]",2,-2063.235365401757,4130.470730803514,4138.689225969043,KS_continuous,0.06716553287981863,0.03291448303959854
file,ta37,ta,30,15,continuous_exploratory,weibull_min,"[3.139431786002091, -25.421181113243946, 87.79753699356868]",3,-2133.789816063139,4273.579632126278,4285.907374874571,KS_continuous,0.058751544965249924,0.08598779376956334
file,ta37,ta,30,15,continuous_exploratory,norm,"[52.904444444444444, 28.238700438744267]",2,-2141.834366840746,4287.668733681492,4295.887228847021,KS_continuous,0.06023511691931277,0.07327345574714683
file,ta37,ta,30,15,continuous_exploratory,lognorm,"[3.3662952479417715e-06, -8388606.999999996, 8388659.904396912]",3,-2141.834455048288,4289.668910096576,4301.9966528448695,KS_continuous,0.06023490596989667,0.07327514363201593
file,ta37,ta,30,15,continuous_exploratory,gamma,"[624.6493935325108, -656.3001313340153, 1.1354408851565672]",3,-2142.5744739681504,4291.148947936301,4303.476690684594,KS_continuous,0.0582841502826289,0.0903587395055343
file,ta37,ta,30,15,continuous_exploratory,expon,"[1.0, 51.904444444444444]",2,-2227.2319895729,4458.4639791458,4466.682474311329,KS_continuous,0.19495188038423888,1.8536842116353377e-15
file,ta38,ta,30,15,discrete,discrete_uniform_1_99,"{""low"": 1, ""high"": 99, ""fixed_support"": true}",0,-2067.8039325605655,4135.607865121131,4135.607865121131,chi2_uniform_1_99_bins10,11.274,0.2573942373493135
file,ta38,ta,30,15,discrete,discrete_uniform_minmax,"{""low"": 1, ""high"": 99}",2,-2067.8039325605655,4139.607865121131,4147.82636028666,chi2_uniform_minmax_bins10,11.274,0.2573942373493135
file,ta38,ta,30,15,discrete,discrete_uniform_1_100,"{""low"": 1, ""high"": 100, ""fixed_support"": true}",0,-2072.326583694641,4144.653167389282,4144.653167389282,chi2_uniform_1_100_bins10,14.133333333333333,0.11766072435368612
file,ta38,ta,30,15,discrete,discrete_uniform_0_99,"{""low"": 0, ""high"": 99, ""fixed_support"": true}",0,-2072.326583694641,4144.653167389282,4144.653167389282,chi2_uniform_0_99_bins10,8.71111111111111,0.46435718180859353
file,ta38,ta,30,15,discrete,discrete_uniform_0_100,"{""low"": 0, ""high"": 100, ""fixed_support"": true}",0,-2076.804232578567,4153.608465157134,4153.608465157134,chi2_uniform_0_100_bins10,14.073575757575757,0.11973196097984087
file,ta38,ta,30,15,discrete,poisson,"{""mu"": 49.60666666666667}",1,-5323.506391165474,10649.012782330949,10653.122029913713,,,
file,ta38,ta,30,15,continuous_exploratory,uniform,"[1.0, 98.0]",2,-2063.235365401757,4130.470730803514,4138.689225969043,KS_continuous,0.03356009070294785,0.6784105961496332
file,ta38,ta,30,15,continuous_exploratory,weibull_min,"[2.535565551010815, -14.707612606786157, 72.62152363155357]",3,-2125.7585235375427,4257.517047075085,4269.844789823379,KS_continuous,0.08301142546456874,0.0038083287796545373
file,ta38,ta,30,15,continuous_exploratory,norm,"[49.60666666666667, 27.85587430567085]",2,-2135.692081768987,4275.384163537974,4283.602658703503,KS_continuous,0.07180729468660851,0.01834345082881337
file,ta38,ta,30,15,continuous_exploratory,lognorm,"[5.627943374730524e-06, -4949516.741220322, 4949566.347808603]",3,-2135.6921597829205,4277.384319565841,4289.7120623141345,KS_continuous,0.07180808237322445,0.01834157030304843
file,ta38,ta,30,15,continuous_exploratory,gamma,"[1377.1543188147007, -985.0402006807117, 0.751295376075237]",3,-2135.951189351267,4277.902378702534,4290.230121450828,KS_continuous,0.07423073460266205,0.013310140992724278
file,ta38,ta,30,15,continuous_exploratory,expon,"[1.0, 48.60666666666667]",2,-2197.6923130695786,4399.384626139157,4407.603121304686,KS_continuous,0.1697468566533052,8.345931206642806e-12
file,ta39,ta,30,15,discrete,discrete_uniform_1_99,"{""low"": 1, ""high"": 99, ""fixed_support"": true}",0,-2067.8039325605655,4135.607865121131,4135.607865121131,chi2_uniform_1_99_bins10,15.145999999999997,0.08700288620326792
file,ta39,ta,30,15,discrete,discrete_uniform_minmax,"{""low"": 1, ""high"": 99}",2,-2067.8039325605655,4139.607865121131,4147.82636028666,chi2_uniform_minmax_bins10,15.145999999999997,0.08700288620326792
file,ta39,ta,30,15,discrete,discrete_uniform_1_100,"{""low"": 1, ""high"": 100, ""fixed_support"": true}",0,-2072.326583694641,4144.653167389282,4144.653167389282,chi2_uniform_1_100_bins10,18.044444444444444,0.03466139254599846
file,ta39,ta,30,15,discrete,discrete_uniform_0_99,"{""low"": 0, ""high"": 99, ""fixed_support"": true}",0,-2072.326583694641,4144.653167389282,4144.653167389282,chi2_uniform_0_99_bins10,14.177777777777777,0.11614037186407777
file,ta39,ta,30,15,discrete,discrete_uniform_0_100,"{""low"": 0, ""high"": 100, ""fixed_support"": true}",0,-2076.804232578567,4153.608465157134,4153.608465157134,chi2_uniform_0_100_bins10,18.593070707070705,0.028884043913699493
file,ta39,ta,30,15,discrete,poisson,"{""mu"": 47.96222222222222}",1,-5415.519977099071,10833.039954198142,10837.149201780907,,,
file,ta39,ta,30,15,continuous_exploratory,uniform,"[1.0, 98.0]",2,-2063.235365401757,4130.470730803514,4138.689225969043,KS_continuous,0.046122448979591835,0.28506943508236005
file,ta39,ta,30,15,continuous_exploratory,weibull_min,"[2.088415135480605, -7.436170446825805, 62.549731006584125]",3,-2123.4392210118704,4252.878442023741,4265.206184772034,KS_continuous,0.07857379899423611,0.0072941914495319475
file,ta39,ta,30,15,continuous_exploratory,norm,"[47.96222222222222, 27.95442154562704]",2,-2137.2812618080034,4278.562523616007,4286.781018781536,KS_continuous,0.07777837471713034,0.008164464439032891
file,ta39,ta,30,15,continuous_exploratory,lognorm,"[0.055455663585955196, -456.597055596485, 503.7845916460577]",3,-2137.0121462686598,4280.0242925373195,4292.352035285613,KS_continuous,0.07402539097717642,0.013682484408807039
file,ta39,ta,30,15,continuous_exploratory,gamma,"[1730.481451807515, -1114.506891874925, 0.6717592219444152]",3,-2137.1335301066892,4280.2670602133785,4292.594802961672,KS_continuous,0.0767879825687203,0.009379506593521247
file,ta39,ta,30,15,continuous_exploratory,expon,"[1.0, 46.96222222222222]",2,-2182.204573199004,4368.409146398008,4376.627641563537,KS_continuous,0.14919438406683433,3.2967609773468876e-09
file,ta40,ta,30,15,discrete,discrete_uniform_1_99,"{""low"": 1, ""high"": 99, ""fixed_support"": true}",0,-2067.8039325605655,4135.607865121131,4135.607865121131,chi2_uniform_1_99_bins10,11.503777777777778,0.2427503147889522
file,ta40,ta,30,15,discrete,discrete_uniform_minmax,"{""low"": 1, ""high"": 99}",2,-2067.8039325605655,4139.607865121131,4147.82636028666,chi2_uniform_minmax_bins10,11.503777777777778,0.2427503147889522
file,ta40,ta,30,15,discrete,discrete_uniform_1_100,"{""low"": 1, ""high"": 100, ""fixed_support"": true}",0,-2072.326583694641,4144.653167389282,4144.653167389282,chi2_uniform_1_100_bins10,10.711111111111112,0.2960316934791957
file,ta40,ta,30,15,discrete,discrete_uniform_0_99,"{""low"": 0, ""high"": 99, ""fixed_support"": true}",0,-2072.326583694641,4144.653167389282,4144.653167389282,chi2_uniform_0_99_bins10,17.111111111111114,0.04700415377831911
file,ta40,ta,30,15,discrete,discrete_uniform_0_100,"{""low"": 0, ""high"": 100, ""fixed_support"": true}",0,-2076.804232578567,4153.608465157134,4153.608465157134,chi2_uniform_0_100_bins10,10.617131313131312,0.3028677922400438
file,ta40,ta,30,15,discrete,poisson,"{""mu"": 49.577777777777776}",1,-5672.1690853646105,11346.338170729221,11350.447418311986,,,
file,ta40,ta,30,15,continuous_exploratory,uniform,"[1.0, 98.0]",2,-2063.235365401757,4130.470730803514,4138.689225969043,KS_continuous,0.036507936507936545,0.5734215381095309
file,ta40,ta,30,15,continuous_exploratory,weibull_min,"[2.169578930939581, -9.796178757246969, 67.07705627135462]",3,-2142.58783861617,4291.17567723234,4303.503419980633,KS_continuous,0.06937148322601105,0.0250515373238539
file,ta40,ta,30,15,continuous_exploratory,norm,"[49.577777777777776, 29.08813342538224]",2,-2155.170977165444,4314.341954330888,4322.560449496417,KS_continuous,0.08257214065476381,0.004067862239215865
file,ta40,ta,30,15,continuous_exploratory,lognorm,"[0.02459217367237698, -1133.4567213357964, 1182.6768687004849]",3,-2155.116232873919,4316.232465747838,4328.560208496132,KS_continuous,0.08064251838780412,0.005411697425405225
file,ta40,ta,30,15,continuous_exploratory,gamma,"[9520.620245780865, -2788.339476066185, 0.29808044018271107]",3,-2155.1421699103785,4316.284339820757,4328.6120825690505,KS_continuous,0.08199795801841833,0.004431604617279129
file,ta40,ta,30,15,continuous_exploratory,expon,"[1.0, 48.577777777777776]",2,-2197.424780534774,4398.849561069548,4407.068056235077,KS_continuous,0.15571038831066786,5.392877903976412e-10
file,ta41,ta,30,20,discrete,discrete_uniform_1_99,"{""low"": 1, ""high"": 99, ""fixed_support"": true}",0,-2757.0719100807537,5514.143820161507,5514.143820161507,chi2_uniform_1_99_bins10,7.728,0.5617726171788106
file,ta41,ta,30,20,discrete,discrete_uniform_minmax,"{""low"": 1, ""high"": 99}",2,-2757.0719100807537,5518.143820161507,5526.93767947194,chi2_uniform_minmax_bins10,7.728,0.5617726171788106
file,ta41,ta,30,20,discrete,discrete_uniform_1_100,"{""low"": 1, ""high"": 100, ""fixed_support"": true}",0,-2763.102111592855,5526.20422318571,5526.20422318571,chi2_uniform_1_100_bins10,5.8,0.7597562788720694
file,ta41,ta,30,20,discrete,discrete_uniform_0_99,"{""low"": 0, ""high"": 99, ""fixed_support"": true}",0,-2763.102111592855,5526.20422318571,5526.20422318571,chi2_uniform_0_99_bins10,10.566666666666668,0.30658412551169717
file,ta41,ta,30,20,discrete,discrete_uniform_0_100,"{""low"": 0, ""high"": 100, ""fixed_support"": true}",0,-2769.0723101047556,5538.144620209511,5538.144620209511,chi2_uniform_0_100_bins10,7.559378787878784,0.5790850303695507
file,ta41,ta,30,20,discrete,poisson,"{""mu"": 52.13166666666667}",1,-7130.04245832581,14262.08491665162,14266.481846306837,,,
file,ta41,ta,30,20,continuous_exploratory,uniform,"[1.0, 98.0]",2,-2750.9804872023424,5505.960974404685,5514.7548337151175,KS_continuous,0.04591836734693877,0.15437377199227087
file,ta41,ta,30,20,continuous_exploratory,weibull_min,"[2.867107731240856, -20.943872002897475, 82.22296349138466]",3,-2850.1123924410413,5706.2247848820825,5719.415573847731,KS_continuous,0.07616357683343833,0.0017906163550957704
file,ta41,ta,30,20,continuous_exploratory,norm,"[52.13166666666667, 28.51591948173667]",2,-2861.6406257034205,5727.281251406841,5736.075110717274,KS_continuous,0.0742442686625866,0.0025370617787895925
file,ta41,ta,30,20,continuous_exploratory,lognorm,"[1.699676199206326e-06, -16777214.999999957, 16777267.13164239]",3,-2861.64067093458,5729.28134186916,5742.472130834809,KS_continuous,0.07424440579214853,0.0025369994248489666
file,ta41,ta,30,20,continuous_exploratory,gamma,"[902.6447198717431, -806.1813457113999, 0.9508385950102911]",3,-2862.260009770639,5730.520019541278,5743.710808506927,KS_continuous,0.07635986565620678,0.0017270626108205186
file,ta41,ta,30,20,continuous_exploratory,expon,"[1.0, 51.13166666666667]",2,-2960.642403125828,5925.284806251656,5934.078665562089,KS_continuous,0.1828680045288965,4.948839571342045e-18
file,ta42,ta,30,20,discrete,discrete_uniform_1_99,"{""low"": 1, ""high"": 99, ""fixed_support"": true}",0,-2757.0719100807537,5514.143820161507,5514.143820161507,chi2_uniform_1_99_bins10,8.972833333333334,0.4397856939281576
file,ta42,ta,30,20,discrete,discrete_uniform_minmax,"{""low"": 1, ""high"": 99}",2,-2757.0719100807537,5518.143820161507,5526.93767947194,chi2_uniform_minmax_bins10,8.972833333333334,0.4397856939281576
file,ta42,ta,30,20,discrete,discrete_uniform_1_100,"{""low"": 1, ""high"": 100, ""fixed_support"": true}",0,-2763.102111592855,5526.20422318571,5526.20422318571,chi2_uniform_1_100_bins10,8.233333333333334,0.5108137808075008
file,ta42,ta,30,20,discrete,discrete_uniform_0_99,"{""low"": 0, ""high"": 99, ""fixed_support"": true}",0,-2763.102111592855,5526.20422318571,5526.20422318571,chi2_uniform_0_99_bins10,7.7333333333333325,0.5612271283700911
file,ta42,ta,30,20,discrete,discrete_uniform_0_100,"{""low"": 0, ""high"": 100, ""fixed_support"": true}",0,-2769.0723101047556,5538.144620209511,5538.144620209511,chi2_uniform_0_100_bins10,10.641409090909086,0.3010912520101117
file,ta42,ta,30,20,discrete,poisson,"{""mu"": 50.985}",1,-7172.016143043438,14346.032286086876,14350.429215742093,,,
file,ta42,ta,30,20,continuous_exploratory,uniform,"[1.0, 98.0]",2,-2750.9804872023424,5505.960974404685,5514.7548337151175,KS_continuous,0.03952380952380952,0.29788626681680874
file,ta42,ta,30,20,continuous_exploratory,weibull_min,"[2.3462489156768815, -10.989276266286687, 70.04521907033305]",3,-2848.1212713516925,5702.242542703385,5715.433331669034,KS_continuous,0.0873961095357868,0.0001948745394452706
file,ta42,ta,30,20,continuous_exploratory,norm,"[50.985, 28.579096819178872]",2,-2862.968462015316,5729.936924030632,5738.730783341065,KS_continuous,0.07792909343003726,0.001289389484923433
file,ta42,ta,30,20,continuous_exploratory,lognorm,"[2.725386232237482e-05, -1048574.9999999991, 1048625.9846105534]",3,-2862.968701207061,5731.937402414122,5745.12819137977,KS_continuous,0.07792885849121131,0.0012894464782243755
file,ta42,ta,30,20,continuous_exploratory,gamma,"[5267.612061293493, -2024.2095658871121, 0.39395092275667654]",3,-2863.052047499643,5732.104094999286,5745.294883964934,KS_continuous,0.07765550621238079,0.0013573718973626933
file,ta42,ta,30,20,continuous_exploratory,expon,"[1.0, 49.985]",2,-2947.0337762514864,5898.067552502973,5906.8614118134055,KS_continuous,0.1641068874381409,1.3739032163695547e-14
file,ta43,ta,30,20,discrete,discrete_uniform_1_99,"{""low"": 1, ""high"": 99, ""fixed_support"": true}",0,-2757.0719100807537,5514.143820161507,5514.143820161507,chi2_uniform_1_99_bins10,10.985833333333332,0.27668124107495623
file,ta43,ta,30,20,discrete,discrete_uniform_minmax,"{""low"": 1, ""high"": 99}",2,-2757.0719100807537,5518.143820161507,5526.93767947194,chi2_uniform_minmax_bins10,10.985833333333332,0.27668124107495623
file,ta43,ta,30,20,discrete,discrete_uniform_1_100,"{""low"": 1, ""high"": 100, ""fixed_support"": true}",0,-2763.102111592855,5526.20422318571,5526.20422318571,chi2_uniform_1_100_bins10,13.733333333333333,0.13213228754756023
file,ta43,ta,30,20,discrete,discrete_uniform_0_99,"{""low"": 0, ""high"": 99, ""fixed_support"": true}",0,-2763.102111592855,5526.20422318571,5526.20422318571,chi2_uniform_0_99_bins10,4.966666666666666,0.8372042711473261
file,ta43,ta,30,20,discrete,discrete_uniform_0_100,"{""low"": 0, ""high"": 100, ""fixed_support"": true}",0,-2769.0723101047556,5538.144620209511,5538.144620209511,chi2_uniform_0_100_bins10,11.715681818181821,0.22981647355105136
file,ta43,ta,30,20,discrete,poisson,"{""mu"": 49.29666666666667}",1,-7618.088677081803,15238.177354163607,15242.574283818823,,,
file,ta43,ta,30,20,continuous_exploratory,uniform,"[1.0, 98.0]",2,-2750.9804872023424,5505.960974404685,5514.7548337151175,KS_continuous,0.042755102040816326,0.21646949468080878
file,ta43,ta,30,20,continuous_exploratory,weibull_min,"[2.267790364729034, -11.865736243478407, 69.131239030416]",3,-2856.174095907243,5718.348191814486,5731.538980780135,KS_continuous,0.0880330965734768,0.00017027616756792307
file,ta43,ta,30,20,continuous_exploratory,norm,"[49.29666666666667, 28.989687630067504]",2,-2871.5272205925917,5747.054441185183,5755.848300495616,KS_continuous,0.07963469100768039,0.0009321727999645241
file,ta43,ta,30,20,continuous_exploratory,lognorm,"[1.8342873465361605e-05, -1580384.5389424628, 1580433.8353432522]",3,-2871.5274323639483,5749.0548647278965,5762.245653693545,KS_continuous,0.07963582642859768,0.0009319693269051236
file,ta43,ta,30,20,continuous_exploratory,gamma,"[3221.3086330985743, -1596.421081105937, 0.5108849206518351]",3,-2871.6662552842536,5749.332510568507,5762.523299534156,KS_continuous,0.08036581237486673,0.0008094080490780509
file,ta43,ta,30,20,continuous_exploratory,expon,"[1.0, 48.29666666666667]",2,-2926.417527098713,5856.835054197426,5865.628913507859,KS_continuous,0.1530356305610731,9.801511930959652e-13
file,ta44,ta,30,20,discrete,discrete_uniform_1_99,"{""low"": 1, ""high"": 99, ""fixed_support"": true}",0,-2757.0719100807537,5514.143820161507,5514.143820161507,chi2_uniform_1_99_bins10,8.505333333333333,0.48412847929819747
file,ta44,ta,30,20,discrete,discrete_uniform_minmax,"{""low"": 1, ""high"": 99}",2,-2757.0719100807537,5518.143820161507,5526.93767947194,chi2_uniform_minmax_bins10,8.505333333333333,0.48412847929819747
file,ta44,ta,30,20,discrete,discrete_uniform_1_100,"{""low"": 1, ""high"": 100, ""fixed_support"": true}",0,-2763.102111592855,5526.20422318571,5526.20422318571,chi2_uniform_1_100_bins10,7.533333333333332,0.5817695222593389
file,ta44,ta,30,20,discrete,discrete_uniform_0_99,"{""low"": 0, ""high"": 99, ""fixed_support"": true}",0,-2763.102111592855,5526.20422318571,5526.20422318571,chi2_uniform_0_99_bins10,7.733333333333334,0.5612271283700905
file,ta44,ta,30,20,discrete,discrete_uniform_0_100,"{""low"": 0, ""high"": 100, ""fixed_support"": true}",0,-2769.0723101047556,5538.144620209511,5538.144620209511,chi2_uniform_0_100_bins10,9.782909090909087,0.3683442727450995
file,ta44,ta,30,20,discrete,poisson,"{""mu"": 50.81}",1,-7236.218205201947,14474.436410403894,14478.833340059111,,,
file,ta44,ta,30,20,continuous_exploratory,uniform,"[1.0, 98.0]",2,-2750.9804872023424,5505.960974404685,5514.7548337151175,KS_continuous,0.03673469387755102,0.38374965467813515
file,ta44,ta,30,20,continuous_exploratory,weibull_min,"[2.2305421981491618, -9.186768912697165, 67.80339627212149]",3,-2850.774992499226,5707.549984998452,5720.7407739641,KS_continuous,0.07525776681333929,0.002113018769376874
file,ta44,ta,30,20,continuous_exploratory,norm,"[50.81, 28.7737247038567]",2,-2867.0407003455157,5738.081400691031,5746.875260001464,KS_continuous,0.0724361473439123,0.003494264197088763
file,ta44,ta,30,20,continuous_exploratory,lognorm,"[0.014512296812548214, -1932.0333672627733, 1982.6345886185386]",3,-2867.0168638964374,5740.033727792875,5753.224516758523,KS_continuous,0.07225675041646895,0.00360547350491195
file,ta44,ta,30,20,continuous_exploratory,gamma,"[32364.898798634735, -5125.538009286962, 0.15993704123461017]",3,-2867.029034758994,5740.058069517988,5753.2488584836365,KS_continuous,0.07218651934552212,0.003649890778884754
file,ta44,ta,30,20,continuous_exploratory,expon,"[1.0, 49.81]",2,-2944.9294602511154,5893.858920502231,5902.6527798126635,KS_continuous,0.16624941076317862,5.8078751495432804e-15
file,ta45,ta,30,20,discrete,discrete_uniform_1_99,"{""low"": 1, ""high"": 99, ""fixed_support"": true}",0,-2757.0719100807537,5514.143820161507,5514.143820161507,chi2_uniform_1_99_bins10,6.882833333333333,0.6493167638322855
file,ta45,ta,30,20,discrete,discrete_uniform_minmax,"{""low"": 1, ""high"": 99}",2,-2757.0719100807537,5518.143820161507,5526.93767947194,chi2_uniform_minmax_bins10,6.882833333333333,0.6493167638322855
file,ta45,ta,30,20,discrete,discrete_uniform_1_100,"{""low"": 1, ""high"": 100, ""fixed_support"": true}",0,-2763.102111592855,5526.20422318571,5526.20422318571,chi2_uniform_1_100_bins10,6.566666666666666,0.6821340904972767
file,ta45,ta,30,20,discrete,discrete_uniform_0_99,"{""low"": 0, ""high"": 99, ""fixed_support"": true}",0,-2763.102111592855,5526.20422318571,5526.20422318571,chi2_uniform_0_99_bins10,7.266666666666667,0.6093771839804288
file,ta45,ta,30,20,discrete,discrete_uniform_0_100,"{""low"": 0, ""high"": 100, ""fixed_support"": true}",0,-2769.0723101047556,5538.144620209511,5538.144620209511,chi2_uniform_0_100_bins10,7.305348484848483,0.6053610971560937
file,ta45,ta,30,20,discrete,poisson,"{""mu"": 51.07666666666667}",1,-7178.976368012419,14359.952736024838,14364.349665680054,,,
file,ta45,ta,30,20,continuous_exploratory,uniform,"[1.0, 98.0]",2,-2750.9804872023424,5505.960974404685,5514.7548337151175,KS_continuous,0.0354421768707483,0.4283332516030274
file,ta45,ta,30,20,continuous_exploratory,weibull_min,"[2.7134503349286723, -18.35623616577505, 78.25566063367802]",3,-2846.5149682990623,5699.029936598125,5712.220725563773,KS_continuous,0.06273596427923367,0.017008047825958997
file,ta45,ta,30,20,continuous_exploratory,norm,"[51.07666666666667, 28.363311787510913]",2,-2858.4210028567622,5720.8420057135245,5729.635865023957,KS_continuous,0.06374841766576922,0.014572276852608083
file,ta45,ta,30,20,continuous_exploratory,lognorm,"[3.3811504117105396e-06, -8388606.999999996, 8388658.076618712]",3,-2858.421064692844,5722.842129385688,5736.032918351337,KS_continuous,0.06374843534584851,0.014572237205711956
file,ta45,ta,30,20,continuous_exploratory,gamma,"[1519.6458226721888, -1056.378156191467, 0.7287387394378293]",3,-2858.753217366507,5723.506434733014,5736.697223698663,KS_continuous,0.06387622438767326,0.014288193354833771
file,ta45,ta,30,20,continuous_exploratory,expon,"[1.0, 50.07666666666667]",2,-2948.1330986437333,5900.266197287467,5909.060056597899,KS_continuous,0.1795219757290596,2.1710218442963943e-17
file,ta46,ta,30,20,discrete,discrete_uniform_1_99,"{""low"": 1, ""high"": 99, ""fixed_support"": true}",0,-2757.0719100807537,5514.143820161507,5514.143820161507,chi2_uniform_1_99_bins10,13.317833333333333,0.1487440870059649
file,ta46,ta,30,20,discrete,discrete_uniform_minmax,"{""low"": 1, ""high"": 99}",2,-2757.0719100807537,5518.143820161507,5526.93767947194,chi2_uniform_minmax_bins10,13.317833333333333,0.1487440870059649
file,ta46,ta,30,20,discrete,discrete_uniform_1_100,"{""low"": 1, ""high"": 100, ""fixed_support"": true}",0,-2763.102111592855,5526.20422318571,5526.20422318571,chi2_uniform_1_100_bins10,15.066666666666666,0.0891209597647302
file,ta46,ta,30,20,discrete,discrete_uniform_0_99,"{""low"": 0, ""high"": 99, ""fixed_support"": true}",0,-2763.102111592855,5526.20422318571,5526.20422318571,chi2_uniform_0_99_bins10,14.6,0.10252568021404776
file,ta46,ta,30,20,discrete,discrete_uniform_0_100,"{""low"": 0, ""high"": 100, ""fixed_support"": true}",0,-2769.0723101047556,5538.144620209511,5538.144620209511,chi2_uniform_0_100_bins10,16.754969696969695,0.05269428057247892
file,ta46,ta,30,20,discrete,poisson,"{""mu"": 51.37166666666667}",1,-6734.201406163401,13470.402812326802,13474.799741982019,,,
file,ta46,ta,30,20,continuous_exploratory,uniform,"[1.0, 98.0]",2,-2750.9804872023424,5505.960974404685,5514.7548337151175,KS_continuous,0.049047619047619034,0.10785137422604074
file,ta46,ta,30,20,continuous_exploratory,weibull_min,"[3.1056004294091517, -23.64661109059346, 84.1151463082243]",3,-2824.071280111639,5654.142560223278,5667.333349188927,KS_continuous,0.06698676895846944,0.008741957884305502
file,ta46,ta,30,20,continuous_exploratory,norm,"[51.37166666666667, 27.25026355631976]",2,-2834.4010356352233,5672.8020712704465,5681.595930580879,KS_continuous,0.06766282510160904,0.007832365630861737
file,ta46,ta,30,20,continuous_exploratory,lognorm,"[2.7756228680014595e-05, -981721.0875680256, 981772.4588565087]",3,-2834.401857428006,5674.803714856012,5687.994503821661,KS_continuous,0.0676645767126055,0.007830125136475716
file,ta46,ta,30,20,continuous_exploratory,gamma,"[723.6665253831939, -683.751721230874, 1.0158527182247958]",3,-2835.1872143261403,5676.374428652281,5689.565217617929,KS_continuous,0.06873447181639414,0.006565605978080149
file,ta46,ta,30,20,continuous_exploratory,expon,"[1.0, 50.37166666666667]",2,-2951.657308613243,5907.314617226486,5916.108476536919,KS_continuous,0.1897591779147704,2.1551374205798742e-19
file,ta47,ta,30,20,discrete,discrete_uniform_1_99,"{""low"": 1, ""high"": 99, ""fixed_support"": true}",0,-2757.0719100807537,5514.143820161507,5514.143820161507,chi2_uniform_1_99_bins10,15.061333333333334,0.08926497371410785
file,ta47,ta,30,20,discrete,discrete_uniform_minmax,"{""low"": 1, ""high"": 99}",2,-2757.0719100807537,5518.143820161507,5526.93767947194,chi2_uniform_minmax_bins10,15.061333333333334,0.08926497371410785
file,ta47,ta,30,20,discrete,discrete_uniform_1_100,"{""low"": 1, ""high"": 100, ""fixed_support"": true}",0,-2763.102111592855,5526.20422318571,5526.20422318571,chi2_uniform_1_100_bins10,16.26666666666667,0.06151743869270065
file,ta47,ta,30,20,discrete,discrete_uniform_0_99,"{""low"": 0, ""high"": 99, ""fixed_support"": true}",0,-2763.102111592855,5526.20422318571,5526.20422318571,chi2_uniform_0_99_bins10,18.733333333333334,0.02755822980205828
file,ta47,ta,30,20,discrete,discrete_uniform_0_100,"{""low"": 0, ""high"": 100, ""fixed_support"": true}",0,-2769.0723101047556,5538.144620209511,5538.144620209511,chi2_uniform_0_100_bins10,19.466666666666658,0.02150469556437561
file,ta47,ta,30,20,discrete,poisson,"{""mu"": 50.37166666666667}",1,-7056.189078615825,14114.37815723165,14118.775086886866,,,
file,ta47,ta,30,20,continuous_exploratory,uniform,"[1.0, 98.0]",2,-2750.9804872023424,5505.960974404685,5514.7548337151175,KS_continuous,0.03367346938775506,0.49378162599707787
file,ta47,ta,30,20,continuous_exploratory,weibull_min,"[2.230381721389222, -8.538197480462724, 66.57821887056303]",3,-2839.6903481940453,5685.380696388091,5698.571485353739,KS_continuous,0.09454561108707726,4.0503839152358476e-05
file,ta47,ta,30,20,continuous_exploratory,norm,"[50.37166666666667, 28.25762782958887]",2,-2856.181179610437,5716.362359220874,5725.156218531307,KS_continuous,0.08363476787632462,0.00042372469360161093
file,ta47,ta,30,20,continuous_exploratory,lognorm,"[0.02024894473773776, -1345.320675772308, 1395.406269238706]",3,-2856.136091391171,5718.272182782342,5731.46297174799,KS_continuous,0.08564599079366686,0.0002809072777567554
file,ta47,ta,30,20,continuous_exploratory,gamma,"[17208.467042324606, -3656.025568428214, 0.2153821593171938]",3,-2856.1594037689756,5718.318807537951,5731.5095965036,KS_continuous,0.08417573091254416,0.0003797388182425509
file,ta47,ta,30,20,continuous_exploratory,expon,"[1.0, 49.37166666666667]",2,-2939.626026236294,5883.252052472588,5892.0459117830205,KS_continuous,0.16284741076467946,2.2670408509970017e-14
file,ta48,ta,30,20,discrete,discrete_uniform_1_99,"{""low"": 1, ""high"": 99, ""fixed_support"": true}",0,-2757.0719100807537,5514.143820161507,5514.143820161507,chi2_uniform_1_99_bins10,17.892,0.036447407075609034
file,ta48,ta,30,20,discrete,discrete_uniform_minmax,"{""low"": 1, ""high"": 99}",2,-2757.0719100807537,5518.143820161507,5526.93767947194,chi2_uniform_minmax_bins10,17.892,0.036447407075609034
file,ta48,ta,30,20,discrete,discrete_uniform_1_100,"{""low"": 1, ""high"": 100, ""fixed_support"": true}",0,-2763.102111592855,5526.20422318571,5526.20422318571,chi2_uniform_1_100_bins10,21.733333333333334,0.009763647814807961
file,ta48,ta,30,20,discrete,discrete_uniform_0_99,"{""low"": 0, ""high"": 99, ""fixed_support"": true}",0,-2763.102111592855,5526.20422318571,5526.20422318571,chi2_uniform_0_99_bins10,17.53333333333333,0.0409903342918732
file,ta48,ta,30,20,discrete,discrete_uniform_0_100,"{""low"": 0, ""high"": 100, ""fixed_support"": true}",0,-2769.0723101047556,5538.144620209511,5538.144620209511,chi2_uniform_0_100_bins10,21.08113636363636,0.012294995984080749
file,ta48,ta,30,20,discrete,poisson,"{""mu"": 49.95333333333333}",1,-7134.1274157611315,14270.254831522263,14274.65176117748,,,
file,ta48,ta,30,20,continuous_exploratory,uniform,"[1.0, 98.0]",2,-2750.9804872023424,5505.960974404685,5514.7548337151175,KS_continuous,0.0418027210884353,0.23849172584118528
file,ta48,ta,30,20,continuous_exploratory,weibull_min,"[2.741116265098154, -18.803293385752358, 77.49563639614308]",3,-2836.9170306655737,5679.8340613311475,5693.024850296796,KS_continuous,0.09034921700457998,0.00010338926212883609
file,ta48,ta,30,20,continuous_exploratory,norm,"[49.95333333333333, 27.93595930377588]",2,-2849.3119536566855,5702.623907313371,5711.417766623804,KS_continuous,0.08548780395799771,0.00029024063461109776
file,ta48,ta,30,20,continuous_exploratory,lognorm,"[6.6603761236877625e-06, -4194302.9999999925, 4194352.953240294]",3,-2849.312146106299,5704.624292212598,5717.815081178247,KS_continuous,0.0854884964492234,0.0002901991461001208
file,ta48,ta,30,20,continuous_exploratory,gamma,"[743.6894806845439, -714.3768811817713, 1.0277579629312537]",3,-2850.043385760635,5706.08677152127,5719.277560486918,KS_continuous,0.08760642128845886,0.00018640354783450736
file,ta48,ta,30,20,continuous_exploratory,expon,"[1.0, 48.95333333333333]",2,-2934.5204780132126,5873.040956026425,5881.834815336858,KS_continuous,0.17153817063587212,6.602211797738421e-16
file,ta49,ta,30,20,discrete,discrete_uniform_1_99,"{""low"": 1, ""high"": 99, ""fixed_support"": true}",0,-2757.0719100807537,5514.143820161507,5514.143820161507,chi2_uniform_1_99_bins10,10.467,0.31401716029885973
file,ta49,ta,30,20,discrete,discrete_uniform_minmax,"{""low"": 1, ""high"": 99}",2,-2757.0719100807537,5518.143820161507,5526.93767947194,chi2_uniform_minmax_bins10,10.467,0.31401716029885973
file,ta49,ta,30,20,discrete,discrete_uniform_1_100,"{""low"": 1, ""high"": 100, ""fixed_support"": true}",0,-2763.102111592855,5526.20422318571,5526.20422318571,chi2_uniform_1_100_bins10,11.233333333333333,0.260053652156679
file,ta49,ta,30,20,discrete,discrete_uniform_0_99,"{""low"": 0, ""high"": 99, ""fixed_support"": true}",0,-2763.102111592855,5526.20422318571,5526.20422318571,chi2_uniform_0_99_bins10,8.233333333333333,0.5108137808075006
file,ta49,ta,30,20,discrete,discrete_uniform_0_100,"{""low"": 0, ""high"": 100, ""fixed_support"": true}",0,-2769.0723101047556,5538.144620209511,5538.144620209511,chi2_uniform_0_100_bins10,12.54663636363636,0.18421601500039134
file,ta49,ta,30,20,discrete,poisson,"{""mu"": 49.586666666666666}",1,-7084.89395375512,14171.78790751024,14176.184837165456,,,
file,ta49,ta,30,20,continuous_exploratory,uniform,"[1.0, 98.0]",2,-2750.9804872023424,5505.960974404685,5514.7548337151175,KS_continuous,0.03173469387755101,0.5703263817950672
file,ta49,ta,30,20,continuous_exploratory,weibull_min,"[2.2744323832954327, -9.79705665276797, 67.10322383790434]",3,-2835.642585323406,5677.285170646812,5690.47595961246,KS_continuous,0.0673550402240625,0.008235229196623286
file,ta49,ta,30,20,continuous_exploratory,norm,"[49.586666666666666, 28.01587327847475]",2,-2851.025871332314,5706.051742664628,5714.845601975061,KS_continuous,0.06825230130264126,0.0071104475529453716
file,ta49,ta,30,20,continuous_exploratory,lognorm,"[0.020438583654772968, -1321.3032192252508, 1370.6036074160384]",3,-2850.9685412902845,5707.937082580569,5721.127871546218,KS_continuous,0.0681440297145294,0.0072383209349328615
file,ta49,ta,30,20,continuous_exploratory,gamma,"[10663.098448706136, -2843.080116427467, 0.2712780645429822]",3,-2850.9924012373945,5707.984802474789,5721.1755914404375,KS_continuous,0.06805975800479133,0.007339295110826054
file,ta49,ta,30,20,continuous_exploratory,expon,"[1.0, 48.586666666666666]",2,-2930.009486906123,5864.018973812246,5872.812833122679,KS_continuous,0.1706259555116197,9.654542063205801e-16
file,ta50,ta,30,20,discrete,discrete_uniform_1_99,"{""low"": 1, ""high"": 99, ""fixed_support"": true}",0,-2757.0719100807537,5514.143820161507,5514.143820161507,chi2_uniform_1_99_bins10,9.506333333333334,0.3919058322667117
file,ta50,ta,30,20,discrete,discrete_uniform_minmax,"{""low"": 1, ""high"": 99}",2,-2757.0719100807537,5518.143820161507,5526.93767947194,chi2_uniform_minmax_bins10,9.506333333333334,0.3919058322667117
file,ta50,ta,30,20,discrete,discrete_uniform_1_100,"{""low"": 1, ""high"": 100, ""fixed_support"": true}",0,-2763.102111592855,5526.20422318571,5526.20422318571,chi2_uniform_1_100_bins10,9.433333333333332,0.3982721967226062
file,ta50,ta,30,20,discrete,discrete_uniform_0_99,"{""low"": 0, ""high"": 99, ""fixed_support"": true}",0,-2763.102111592855,5526.20422318571,5526.20422318571,chi2_uniform_0_99_bins10,11.200000000000001,0.26224875459496494
file,ta50,ta,30,20,discrete,discrete_uniform_0_100,"{""low"": 0, ""high"": 100, ""fixed_support"": true}",0,-2769.0723101047556,5538.144620209511,5538.144620209511,chi2_uniform_0_100_bins10,10.55571212121212,0.30739504342130514
file,ta50,ta,30,20,discrete,poisson,"{""mu"": 51.095}",1,-7162.896453722569,14327.792907445139,14332.189837100355,,,
file,ta50,ta,30,20,continuous_exploratory,uniform,"[1.0, 98.0]",2,-2750.9804872023424,5505.960974404685,5514.7548337151175,KS_continuous,0.035272108843537486,0.43441243958967823
file,ta50,ta,30,20,continuous_exploratory,weibull_min,"[2.3942113688802458, -11.978141257863237, 71.26695921036847]",3,-2848.544374985314,5703.088749970628,5716.279538936276,KS_continuous,0.07162807612238209,0.004021409829911675
file,ta50,ta,30,20,continuous_exploratory,norm,"[51.095, 28.575735190309047]",2,-2862.897882599602,5729.795765199204,5738.589624509636,KS_continuous,0.071338112988173,0.004227740024400576
file,ta50,ta,30,20,continuous_exploratory,lognorm,"[2.7250646280649048e-05, -1048575.0, 1048626.0946106461]",3,-2862.897958073576,5731.795916147152,5744.9867051128,KS_continuous,0.07133567955242964,0.004229512012483172
file,ta50,ta,30,20,continuous_exploratory,gamma,"[48476.0638652904, -6240.8213294137495, 0.12979426117089155]",3,-2862.9066696253058,5731.8133392506115,5745.00412821626,KS_continuous,0.07104411693488544,0.004446828564682496
file,ta50,ta,30,20,continuous_exploratory,expon,"[1.0, 50.095]",2,-2948.3527216267357,5900.7054432534715,5909.499302563904,KS_continuous,0.1623197581642924,2.793007317266548e-14
file,ta51,ta,50,15,discrete,discrete_uniform_1_99,"{""low"": 1, ""high"": 99, ""fixed_support"": true}",0,-3446.3398876009423,6892.679775201885,6892.679775201885,chi2_uniform_1_99_bins10,5.899466666666669,0.7499364360379459
file,ta51,ta,50,15,discrete,discrete_uniform_minmax,"{""low"": 1, ""high"": 99}",2,-3446.3398876009423,6896.679775201885,6905.919921614945,chi2_uniform_minmax_bins10,5.899466666666669,0.7499364360379459
file,ta51,ta,50,15,discrete,discrete_uniform_1_100,"{""low"": 1, ""high"": 100, ""fixed_support"": true}",0,-3453.8776394910687,6907.7552789821375,6907.7552789821375,chi2_uniform_1_100_bins10,7.466666666666667,0.5886518398167906
file,ta51,ta,50,15,discrete,discrete_uniform_0_99,"{""low"": 0, ""high"": 99, ""fixed_support"": true}",0,-3453.8776394910687,6907.7552789821375,6907.7552789821375,chi2_uniform_0_99_bins10,6.56,0.6828233064694742
file,ta51,ta,50,15,discrete,discrete_uniform_0_100,"{""low"": 0, ""high"": 100, ""fixed_support"": true}",0,-3461.340387630945,6922.68077526189,6922.68077526189,chi2_uniform_0_100_bins10,9.212715151515152,0.4178750877100662
file,ta51,ta,50,15,discrete,poisson,"{""mu"": 50.55733333333333}",1,-8708.874957664048,17419.749915328095,17424.369988534625,,,
file,ta51,ta,50,15,continuous_exploratory,uniform,"[1.0, 98.0]",2,-3438.725609002928,6881.451218005856,6890.691364418917,KS_continuous,0.025904761904761875,0.6854520015308376
file,ta51,ta,50,15,continuous_exploratory,weibull_min,"[2.4626119437231706, -12.555794915519552, 71.27926652628196]",3,-3544.4305042887727,7094.861008577545,7108.721228197136,KS_continuous,0.06847096765163319,0.0016778753008583878
file,ta51,ta,50,15,continuous_exploratory,norm,"[50.55733333333333, 27.922011261527864]",2,-3561.2653838190063,7126.530767638013,7135.770914051073,KS_continuous,0.06557289103470276,0.003013695104690427
file,ta51,ta,50,15,continuous_exploratory,lognorm,"[6.657047842180599e-06, -4194302.999999998, 4194353.557240393]",3,-3561.265411672818,7128.530823345636,7142.391042965227,KS_continuous,0.06557303090426825,0.003013611767616098
file,ta51,ta,50,15,continuous_exploratory,gamma,"[33242.77096887323, -5040.555104749499, 0.15314946553968434]",3,-3561.281753189257,7128.563506378514,7142.423725998105,KS_continuous,0.06564439690862156,0.0029713667662210337
file,ta51,ta,50,15,continuous_exploratory,expon,"[1.0, 49.55733333333333]",2,-3677.3476863598758,7358.6953727197515,7367.935519132812,KS_continuous,0.17438003938836855,2.0448470887496454e-20
file,ta52,ta,50,15,discrete,discrete_uniform_1_99,"{""low"": 1, ""high"": 99, ""fixed_support"": true}",0,-3446.3398876009423,6892.679775201885,6892.679775201885,chi2_uniform_1_99_bins10,13.555466666666662,0.13904001577933087
file,ta52,ta,50,15,discrete,discrete_uniform_minmax,"{""low"": 1, ""high"": 99}",2,-3446.3398876009423,6896.679775201885,6905.919921614945,chi2_uniform_minmax_bins10,13.555466666666662,0.13904001577933087
file,ta52,ta,50,15,discrete,discrete_uniform_1_100,"{""low"": 1, ""high"": 100, ""fixed_support"": true}",0,-3453.8776394910687,6907.7552789821375,6907.7552789821375,chi2_uniform_1_100_bins10,11.786666666666665,0.22560496964711216
file,ta52,ta,50,15,discrete,discrete_uniform_0_99,"{""low"": 0, ""high"": 99, ""fixed_support"": true}",0,-3453.8776394910687,6907.7552789821375,6907.7552789821375,chi2_uniform_0_99_bins10,13.653333333333334,0.13520221482373804
file,ta52,ta,50,15,discrete,discrete_uniform_0_100,"{""low"": 0, ""high"": 100, ""fixed_support"": true}",0,-3461.340387630945,6922.68077526189,6922.68077526189,chi2_uniform_0_100_bins10,10.55938181818182,0.3071232247085609
file,ta52,ta,50,15,discrete,poisson,"{""mu"": 49.525333333333336}",1,-9541.11506262481,19084.23012524962,19088.85019845615,,,
file,ta52,ta,50,15,continuous_exploratory,uniform,"[1.0, 98.0]",2,-3438.725609002928,6881.451218005856,6890.691364418917,KS_continuous,0.03453061224489795,0.3253943971011066
file,ta52,ta,50,15,continuous_exploratory,weibull_min,"[2.0523066715704923, -7.817108000819749, 64.71102094096352]",3,-3574.6322641925635,7155.264528385127,7169.124748004718,KS_continuous,0.06990061251989388,0.0012451951712531923
file,ta52,ta,50,15,continuous_exploratory,norm,"[49.525333333333336, 29.309816755179863]",2,-3597.6457769642093,7199.291553928419,7208.531700341479,KS_continuous,0.0733685238410996,0.0005887325647248141
file,ta52,ta,50,15,continuous_exploratory,lognorm,"[0.042959740812654815, -633.1226624880537, 682.0186334473267]",3,-3597.3777378153504,7200.755475630701,7214.6156952502915,KS_continuous,0.0733227767539485,0.0005947195208820782
file,ta52,ta,50,15,continuous_exploratory,gamma,"[3082.6483460970467, -1577.7062299771706, 0.5278664051691755]",3,-3597.5032495155538,7201.0064990311075,7214.866718650698,KS_continuous,0.0734212881553371,0.0005818974977778381
file,ta52,ta,50,15,continuous_exploratory,expon,"[1.0, 48.525333333333336]",2,-3661.564498757124,7327.128997514248,7336.369143927309,KS_continuous,0.1694958311303315,2.634169311732724e-19
file,ta53,ta,50,15,discrete,discrete_uniform_1_99,"{""low"": 1, ""high"": 99, ""fixed_support"": true}",0,-3446.3398876009423,6892.679775201885,6892.679775201885,chi2_uniform_1_99_bins10,6.009466666666668,0.7389704533250696
file,ta53,ta,50,15,discrete,discrete_uniform_minmax,"{""low"": 1, ""high"": 99}",2,-3446.3398876009423,6896.679775201885,6905.919921614945,chi2_uniform_minmax_bins10,6.009466666666668,0.7389704533250696
file,ta53,ta,50,15,discrete,discrete_uniform_1_100,"{""low"": 1, ""high"": 100, ""fixed_support"": true}",0,-3453.8776394910687,6907.7552789821375,6907.7552789821375,chi2_uniform_1_100_bins10,8.133333333333333,0.5207673730597098
file,ta53,ta,50,15,discrete,discrete_uniform_0_99,"{""low"": 0, ""high"": 99, ""fixed_support"": true}",0,-3453.8776394910687,6907.7552789821375,6907.7552789821375,chi2_uniform_0_99_bins10,7.4399999999999995,0.5914088910512127
file,ta53,ta,50,15,discrete,discrete_uniform_0_100,"{""low"": 0, ""high"": 100, ""fixed_support"": true}",0,-3461.340387630945,6922.68077526189,6922.68077526189,chi2_uniform_0_100_bins10,7.682412121212121,0.5664408088323976
file,ta53,ta,50,15,discrete,poisson,"{""mu"": 49.84133333333333}",1,-9026.746254613685,18055.49250922737,18060.1125824339,,,
file,ta53,ta,50,15,continuous_exploratory,uniform,"[1.0, 98.0]",2,-3438.725609002928,6881.451218005856,6890.691364418917,KS_continuous,0.0260136054421769,0.6804400505958517
file,ta53,ta,50,15,continuous_exploratory,weibull_min,"[2.528059762862049, -15.173349182213432, 73.40055386731791]",3,-3552.0438436124787,7110.087687224957,7123.947906844548,KS_continuous,0.06429317477147933,0.0038717458006044406
file,ta53,ta,50,15,continuous_exploratory,norm,"[49.84133333333333, 28.181367808457342]",2,-3568.1996825756796,7140.399365151359,7149.63951156442,KS_continuous,0.06175289308501464,0.006273923650272445
file,ta53,ta,50,15,continuous_exploratory,lognorm,"[6.4435766293780285e-06, -4373510.56427095, 4373560.40551349]",3,-3568.199783914621,7142.399567829242,7156.259787448833,KS_continuous,0.06175272626053663,0.0062741185250665
file,ta53,ta,50,15,continuous_exploratory,gamma,"[2777.832793032565, -1436.107410441924, 0.53492365760694]",3,-3568.411830482951,7142.823660965902,7156.683880585492,KS_continuous,0.06121349202266446,0.006933696972559946
file,ta53,ta,50,15,continuous_exploratory,expon,"[1.0, 48.84133333333333]",2,-3666.4327116728737,7336.865423345747,7346.105569758808,KS_continuous,0.1801578366766971,9.031893199805646e-22
file,ta54,ta,50,15,discrete,discrete_uniform_1_99,"{""low"": 1, ""high"": 99, ""fixed_support"": true}",0,-3446.3398876009423,6892.679775201885,6892.679775201885,chi2_uniform_1_99_bins10,3.0204,0.9634806839289434
file,ta54,ta,50,15,discrete,discrete_uniform_minmax,"{""low"": 1, ""high"": 99}",2,-3446.3398876009423,6896.679775201885,6905.919921614945,chi2_uniform_minmax_bins10,3.0204,0.9634806839289434
file,ta54,ta,50,15,discrete,discrete_uniform_1_100,"{""low"": 1, ""high"": 100, ""fixed_support"": true}",0,-3453.8776394910687,6907.7552789821375,6907.7552789821375,chi2_uniform_1_100_bins10,3.5733333333333333,0.9371896481897701
file,ta54,ta,50,15,discrete,discrete_uniform_0_99,"{""low"": 0, ""high"": 99, ""fixed_support"": true}",0,-3453.8776394910687,6907.7552789821375,6907.7552789821375,chi2_uniform_0_99_bins10,6.426666666666667,0.6965719804307772
file,ta54,ta,50,15,discrete,discrete_uniform_0_100,"{""low"": 0, ""high"": 100, ""fixed_support"": true}",0,-3461.340387630945,6922.68077526189,6922.68077526189,chi2_uniform_0_100_bins10,4.037842424242425,0.9089042051268663
file,ta54,ta,50,15,discrete,poisson,"{""mu"": 49.321333333333335}",1,-9025.58441991754,18053.16883983508,18057.78891304161,,,
file,ta54,ta,50,15,continuous_exploratory,uniform,"[1.0, 98.0]",2,-3438.725609002928,6881.451218005856,6890.691364418917,KS_continuous,0.030476190476190435,0.47964981494852377
file,ta54,ta,50,15,continuous_exploratory,weibull_min,"[2.154232208060244, -8.221878084890882, 64.99909610113983]",3,-3550.7785156969376,7107.557031393875,7121.417251013466,KS_continuous,0.06774277775544923,0.00194850732224444
file,ta54,ta,50,15,continuous_exploratory,norm,"[49.321333333333335, 28.333103340242996]",2,-3572.2270376930587,7148.454075386117,7157.694221799178,KS_continuous,0.06605037100783795,0.0027412721634277274
file,ta54,ta,50,15,continuous_exploratory,lognorm,"[0.04841354758437012, -536.2998577975145, 584.9356468784389]",3,-3571.848580043079,7149.697160086158,7163.557379705749,KS_continuous,0.06235134329048625,0.0056093686112020065
file,ta54,ta,50,15,continuous_exploratory,gamma,"[1861.5927466064059, -1171.9800762134628, 0.6560498292467998]",3,-3572.00259199261,7150.00518398522,7163.865403604811,KS_continuous,0.0650726866719584,0.0033257103870585948
file,ta54,ta,50,15,continuous_exploratory,expon,"[1.0, 48.321333333333335]",2,-3658.4048602986313,7320.809720597263,7330.049867010323,KS_continuous,0.15784860523268118,8.656164158417161e-17
file,ta55,ta,50,15,discrete,discrete_uniform_1_99,"{""low"": 1, ""high"": 99, ""fixed_support"": true}",0,-3446.3398876009423,6892.679775201885,6892.679775201885,chi2_uniform_1_99_bins10,4.896266666666669,0.843255539877205
file,ta55,ta,50,15,discrete,discrete_uniform_minmax,"{""low"": 1, ""high"": 99}",2,-3446.3398876009423,6896.679775201885,6905.919921614945,chi2_uniform_minmax_bins10,4.896266666666669,0.843255539877205
file,ta55,ta,50,15,discrete,discrete_uniform_1_100,"{""low"": 1, ""high"": 100, ""fixed_support"": true}",0,-3453.8776394910687,6907.7552789821375,6907.7552789821375,chi2_uniform_1_100_bins10,6.826666666666666,0.6551603007528074
file,ta55,ta,50,15,discrete,discrete_uniform_0_99,"{""low"": 0, ""high"": 99, ""fixed_support"": true}",0,-3453.8776394910687,6907.7552789821375,6907.7552789821375,chi2_uniform_0_99_bins10,3.5466666666666664,0.9386441684140397
file,ta55,ta,50,15,discrete,discrete_uniform_0_100,"{""low"": 0, ""high"": 100, ""fixed_support"": true}",0,-3461.340387630945,6922.68077526189,6922.68077526189,chi2_uniform_0_100_bins10,8.396145454545454,0.4947690016936762
file,ta55,ta,50,15,discrete,poisson,"{""mu"": 49.15866666666667}",1,-9033.14674335024,18068.29348670048,18072.91355990701,,,
file,ta55,ta,50,15,continuous_exploratory,uniform,"[1.0, 98.0]",2,-3438.725609002928,6881.451218005856,6890.691364418917,KS_continuous,0.029387755102040836,0.5266390815984361
file,ta55,ta,50,15,continuous_exploratory,weibull_min,"[2.1229142009256705, -7.697459912410995, 64.21539643012919]",3,-3549.7495211226887,7105.4990422453775,7119.359261864968,KS_continuous,0.0773676158050729,0.00023723594899177698
file,ta55,ta,50,15,continuous_exploratory,norm,"[49.15866666666667, 28.329351531975142]",2,-3572.127717739084,7148.255435478168,7157.4955818912285,KS_continuous,0.0719029289807891,0.0008115730757646585
file,ta55,ta,50,15,continuous_exploratory,lognorm,"[0.051283635207762614, -503.6920627784323, 552.1246558951141]",3,-3571.7466002914307,7149.493200582861,7163.353420202452,KS_continuous,0.0709397495697418,0.000998648220930215
file,ta55,ta,50,15,continuous_exploratory,gamma,"[2133.383818857429, -1258.9517668144763, 0.6131644322816889]",3,-3571.923773925063,7149.847547850126,7163.707767469717,KS_continuous,0.07077990489253055,0.0010333439250917646
file,ta55,ta,50,15,continuous_exploratory,expon,"[1.0, 48.15866666666667]",2,-3655.8758363433853,7315.751672686771,7324.991819099831,KS_continuous,0.15051634555806898,2.6781737679853554e-15
file,ta56,ta,50,15,discrete,discrete_uniform_1_99,"{""low"": 1, ""high"": 99, ""fixed_support"": true}",0,-3446.3398876009423,6892.679775201885,6892.679775201885,chi2_uniform_1_99_bins10,3.2843999999999998,0.9519445598523985
file,ta56,ta,50,15,discrete,discrete_uniform_minmax,"{""low"": 1, ""high"": 99}",2,-3446.3398876009423,6896.679775201885,6905.919921614945,chi2_uniform_minmax_bins10,3.2843999999999998,0.9519445598523985
file,ta56,ta,50,15,discrete,discrete_uniform_1_100,"{""low"": 1, ""high"": 100, ""fixed_support"": true}",0,-3453.8776394910687,6907.7552789821375,6907.7552789821375,chi2_uniform_1_100_bins10,3.8400000000000003,0.9216240561764935
file,ta56,ta,50,15,discrete,discrete_uniform_0_99,"{""low"": 0, ""high"": 99, ""fixed_support"": true}",0,-3453.8776394910687,6907.7552789821375,6907.7552789821375,chi2_uniform_0_99_bins10,2.5066666666666664,0.9807036651193117
file,ta56,ta,50,15,discrete,discrete_uniform_0_100,"{""low"": 0, ""high"": 100, ""fixed_support"": true}",0,-3461.340387630945,6922.68077526189,6922.68077526189,chi2_uniform_0_100_bins10,3.9301090909090908,0.9159520072974401
file,ta56,ta,50,15,discrete,poisson,"{""mu"": 50.59733333333333}",1,-9191.41086806645,18384.8217361329,18389.44180933943,,,
file,ta56,ta,50,15,continuous_exploratory,uniform,"[1.0, 98.0]",2,-3438.725609002928,6881.451218005856,6890.691364418917,KS_continuous,0.026312925170068002,0.6666329925544743
file,ta56,ta,50,15,continuous_exploratory,weibull_min,"[2.5333666555908314, -15.701050353208965, 74.85161361367597]",3,-3565.523642797989,7137.047285595978,7150.907505215569,KS_continuous,0.06967992778555143,0.001304384988117955
file,ta56,ta,50,15,continuous_exploratory,norm,"[50.59733333333333, 28.697465501716735]",2,-3581.81050651948,7167.62101303896,7176.861159452021,KS_continuous,0.06544458777199347,0.003091042813821671
file,ta56,ta,50,15,continuous_exploratory,lognorm,"[2.7366758045999997e-05, -1048574.9999999995, 1048625.596940654]",3,-3581.810963634133,7169.621927268266,7183.482146887856,KS_continuous,0.06544655020156831,0.003089846095886453
file,ta56,ta,50,15,continuous_exploratory,gamma,"[2570.098359935747, -1405.9941967535137, 0.5667489810887001]",3,-3582.0423042166303,7170.084608433261,7183.944828052851,KS_continuous,0.06609820794220667,0.002715271835090709
file,ta56,ta,50,15,continuous_exploratory,expon,"[1.0, 49.59733333333333]",2,-3677.952801633537,7359.905603267074,7369.145749680135,KS_continuous,0.17374391994199778,2.864558795583328e-20
file,ta57,ta,50,15,discrete,discrete_uniform_1_99,"{""low"": 1, ""high"": 99, ""fixed_support"": true}",0,-3446.3398876009423,6892.679775201885,6892.679775201885,chi2_uniform_1_99_bins10,3.0614666666666652,0.961808032426269
file,ta57,ta,50,15,discrete,discrete_uniform_minmax,"{""low"": 1, ""high"": 99}",2,-3446.3398876009423,6896.679775201885,6905.919921614945,chi2_uniform_minmax_bins10,3.0614666666666652,0.961808032426269
file,ta57,ta,50,15,discrete,discrete_uniform_1_100,"{""low"": 1, ""high"": 100, ""fixed_support"": true}",0,-3453.8776394910687,6907.7552789821375,6907.7552789821375,chi2_uniform_1_100_bins10,2.773333333333333,0.9726077548482799
file,ta57,ta,50,15,discrete,discrete_uniform_0_99,"{""low"": 0, ""high"": 99, ""fixed_support"": true}",0,-3453.8776394910687,6907.7552789821375,6907.7552789821375,chi2_uniform_0_99_bins10,3.7066666666666666,0.9296373010940606
file,ta57,ta,50,15,discrete,discrete_uniform_0_100,"{""low"": 0, ""high"": 100, ""fixed_support"": true}",0,-3461.340387630945,6922.68077526189,6922.68077526189,chi2_uniform_0_100_bins10,3.2298424242424244,0.954480971164439
file,ta57,ta,50,15,discrete,poisson,"{""mu"": 51.242666666666665}",1,-9243.893495608672,18489.786991217345,18494.407064423875,,,
file,ta57,ta,50,15,continuous_exploratory,uniform,"[1.0, 98.0]",2,-3438.725609002928,6881.451218005856,6890.691364418917,KS_continuous,0.03967346938775507,0.18356586238955586
file,ta57,ta,50,15,continuous_exploratory,weibull_min,"[2.515299364200396, -15.287617380083848, 75.13889787192531]",3,-3573.245335703403,7152.490671406806,7166.350891026396,KS_continuous,0.08226824249980247,7.291558819186246e-05
file,ta57,ta,50,15,continuous_exploratory,norm,"[51.242666666666665, 29.01631344988922]",2,-3590.0975533377814,7184.195106675563,7193.4352530886235,KS_continuous,0.07420392886415084,0.0004888686397224829
file,ta57,ta,50,15,continuous_exploratory,lognorm,"[2.767081094379942e-05, -1048574.9999999987, 1048626.2422652121]",3,-3590.0982008312785,7186.196401662557,7200.056621282148,KS_continuous,0.07420687405807114,0.0004885465630652041
file,ta57,ta,50,15,continuous_exploratory,gamma,"[1407.6984542680748, -1038.9230815518567, 0.7744146604172713]",3,-3590.5263489214003,7187.052697842801,7200.912917462391,KS_continuous,0.07621410160524489,0.0003098805794626321
file,ta57,ta,50,15,continuous_exploratory,expon,"[1.0, 50.242666666666665]",2,-3687.6484494806923,7379.296898961385,7388.537045374445,KS_continuous,0.17317777092207376,3.8626887060961474e-20
file,ta58,ta,50,15,discrete,discrete_uniform_1_99,"{""low"": 1, ""high"": 99, ""fixed_support"": true}",0,-3446.3398876009423,6892.679775201885,6892.679775201885,chi2_uniform_1_99_bins10,7.259066666666666,0.6101665911777703
file,ta58,ta,50,15,discrete,discrete_uniform_minmax,"{""low"": 1, ""high"": 99}",2,-3446.3398876009423,6896.679775201885,6905.919921614945,chi2_uniform_minmax_bins10,7.259066666666666,0.6101665911777703
file,ta58,ta,50,15,discrete,discrete_uniform_1_100,"{""low"": 1, ""high"": 100, ""fixed_support"": true}",0,-3453.8776394910687,6907.7552789821375,6907.7552789821375,chi2_uniform_1_100_bins10,7.013333333333334,0.6357311464406135
file,ta58,ta,50,15,discrete,discrete_uniform_0_99,"{""low"": 0, ""high"": 99, ""fixed_support"": true}",0,-3453.8776394910687,6907.7552789821375,6907.7552789821375,chi2_uniform_0_99_bins10,10.639999999999999,0.30119416175267527
file,ta58,ta,50,15,discrete,discrete_uniform_0_100,"{""low"": 0, ""high"": 100, ""fixed_support"": true}",0,-3461.340387630945,6922.68077526189,6922.68077526189,chi2_uniform_0_100_bins10,9.724448484848487,0.3732498279927488
file,ta58,ta,50,15,discrete,poisson,"{""mu"": 52.11333333333334}",1,-8693.578437014825,17389.15687402965,17393.77694723618,,,
file,ta58,ta,50,15,continuous_exploratory,uniform,"[1.0, 98.0]",2,-3438.725609002928,6881.451218005856,6890.691364418917,KS_continuous,0.043945578231292526,0.10715050484045563
file,ta58,ta,50,15,continuous_exploratory,weibull_min,"[2.730383590644208, -17.166848942779474, 78.0873650149797]",3,-3553.611803048964,7113.223606097928,7127.083825717518,KS_continuous,0.0743431499702446,0.00047386006421740396
file,ta58,ta,50,15,continuous_exploratory,norm,"[52.11333333333334, 28.20972330401149]",2,-3568.9539373006173,7141.907874601235,7151.148021014295,KS_continuous,0.07108128011214554,0.000968839014149256
file,ta58,ta,50,15,continuous_exploratory,lognorm,"[1.6814255299053455e-06, -16777215.0, 16777267.113309614]",3,-3568.953988948233,7143.907977896466,7157.768197516057,KS_continuous,0.07108141333419626,0.0009688113506777168
file,ta58,ta,50,15,continuous_exploratory,gamma,"[958.2055401756052, -822.5577671167061, 0.9127840950443735]",3,-3569.6424400600117,7145.284880120023,7159.145099739614,KS_continuous,0.0730505097134645,0.000631549514282429
file,ta58,ta,50,15,continuous_exploratory,expon,"[1.0, 51.11333333333334]",2,-3700.5340420969796,7405.068084193959,7414.30823060702,KS_continuous,0.18046677839772807,7.621731303853706e-22
file,ta59,ta,50,15,discrete,discrete_uniform_1_99,"{""low"": 1, ""high"": 99, ""fixed_support"": true}",0,-3446.3398876009423,6892.679775201885,6892.679775201885,chi2_uniform_1_99_bins10,7.759200000000005,0.5585834800979822
file,ta59,ta,50,15,discrete,discrete_uniform_minmax,"{""low"": 1, ""high"": 99}",2,-3446.3398876009423,6896.679775201885,6905.919921614945,chi2_uniform_minmax_bins10,7.759200000000005,0.5585834800979822
file,ta59,ta,50,15,discrete,discrete_uniform_1_100,"{""low"": 1, ""high"": 100, ""fixed_support"": true}",0,-3453.8776394910687,6907.7552789821375,6907.7552789821375,chi2_uniform_1_100_bins10,11.093333333333334,0.2693656478232917
file,ta59,ta,50,15,discrete,discrete_uniform_0_99,"{""low"": 0, ""high"": 99, ""fixed_support"": true}",0,-3453.8776394910687,6907.7552789821375,6907.7552789821375,chi2_uniform_0_99_bins10,9.440000000000001,0.39768828323052896
file,ta59,ta,50,15,discrete,discrete_uniform_0_100,"{""low"": 0, ""high"": 100, ""fixed_support"": true}",0,-3461.340387630945,6922.68077526189,6922.68077526189,chi2_uniform_0_100_bins10,10.672012121212122,0.2988623500164076
file,ta59,ta,50,15,discrete,poisson,"{""mu"": 49.152}",1,-8989.817462632473,17981.634925264945,17986.254998471475,,,
file,ta59,ta,50,15,continuous_exploratory,uniform,"[1.0, 98.0]",2,-3438.725609002928,6881.451218005856,6890.691364418917,KS_continuous,0.02647619047619043,0.6590921352149173
file,ta59,ta,50,15,continuous_exploratory,weibull_min,"[2.28054570876289, -10.51380798360276, 67.42523235220978]",3,-3546.8017953983567,7099.603590796713,7113.463810416304,KS_continuous,0.0645769501550657,0.003664072105314409
file,ta59,ta,50,15,continuous_exploratory,norm,"[49.152, 28.098129759825653]",2,-3565.981163054663,7135.962326109326,7145.202472522386,KS_continuous,0.06394504801375911,0.004141284658325958
file,ta59,ta,50,15,continuous_exploratory,lognorm,"[0.012189389463732497, -2256.076339087601, 2305.0570944259007]",3,-3565.95737729383,7137.91475458766,7151.774974207251,KS_continuous,0.06380760110204942,0.004252371845447983
file,ta59,ta,50,15,continuous_exploratory,gamma,"[35920.55707062669, -5276.248889282826, 0.14825494945153922]",3,-3565.9682847953877,7137.936569590775,7151.796789210366,KS_continuous,0.06389738666623435,0.004179499834084858
file,ta59,ta,50,15,continuous_exploratory,expon,"[1.0, 48.152]",2,-3655.772005684102,7315.544011368204,7324.784157781265,KS_continuous,0.16683461748760298,1.0276055401346363e-18
file,ta60,ta,50,15,discrete,discrete_uniform_1_99,"{""low"": 1, ""high"": 99, ""fixed_support"": true}",0,-3446.3398876009423,6892.679775201885,6892.679775201885,chi2_uniform_1_99_bins10,7.553866666666666,0.579652949904178
file,ta60,ta,50,15,discrete,discrete_uniform_minmax,"{""low"": 1, ""high"": 99}",2,-3446.3398876009423,6896.679775201885,6905.919921614945,chi2_uniform_minmax_bins10,7.553866666666666,0.579652949904178
file,ta60,ta,50,15,discrete,discrete_uniform_1_100,"{""low"": 1, ""high"": 100, ""fixed_support"": true}",0,-3453.8776394910687,6907.7552789821375,6907.7552789821375,chi2_uniform_1_100_bins10,7.946666666666665,0.5395297729754917
file,ta60,ta,50,15,discrete,discrete_uniform_0_99,"{""low"": 0, ""high"": 99, ""fixed_support"": true}",0,-3453.8776394910687,6907.7552789821375,6907.7552789821375,chi2_uniform_0_99_bins10,5.040000000000001,0.83080750514815
file,ta60,ta,50,15,discrete,discrete_uniform_0_100,"{""low"": 0, ""high"": 100, ""fixed_support"": true}",0,-3461.340387630945,6922.68077526189,6922.68077526189,chi2_uniform_0_100_bins10,8.82218181818182,0.45384781534514707
file,ta60,ta,50,15,discrete,poisson,"{""mu"": 50.394666666666666}",1,-9160.476645231147,18322.953290462294,18327.573363668824,,,
file,ta60,ta,50,15,continuous_exploratory,uniform,"[1.0, 98.0]",2,-3438.725609002928,6881.451218005856,6890.691364418917,KS_continuous,0.031564625850340144,0.43478803722813975
file,ta60,ta,50,15,continuous_exploratory,weibull_min,"[2.2179115195803707, -9.401953517136867, 67.57898469699877]",3,-3564.870469752494,7135.740939504988,7149.601159124579,KS_continuous,0.08730980271221078,2.008092067815294e-05
file,ta60,ta,50,15,continuous_exploratory,norm,"[50.394666666666666, 28.825386465559983]",2,-3585.1462549310163,7174.292509862033,7183.532656275093,KS_continuous,0.08024715221835788,0.00011965973900025941
file,ta60,ta,50,15,continuous_exploratory,lognorm,"[2.7488740035041017e-05, -1048574.9999999991, 1048625.394270479]",3,-3585.146369201214,7176.292738402428,7190.1529580220185,KS_continuous,0.08024840816186196,0.00011962337012565535
file,ta60,ta,50,15,continuous_exploratory,gamma,"[33689.907240802626, -5240.9695113909875, 0.15706079551285435]",3,-3585.1617308120804,7176.323461624161,7190.183681243751,KS_continuous,0.0804010472527924,0.00011528055081631867
file,ta60,ta,50,15,continuous_exploratory,expon,"[1.0, 49.394666666666666]",2,-3674.8818421142346,7353.763684228469,7363.00383064153,KS_continuous,0.15787565384334623,8.544625682702457e-17
file,ta61,ta,50,20,discrete,discrete_uniform_1_99,"{""low"": 1, ""high"": 99, ""fixed_support"": true}",0,-4595.11985013459,9190.23970026918,9190.23970026918,chi2_uniform_1_99_bins10,7.2656,0.6094879714016237
file,ta61,ta,50,20,discrete,discrete_uniform_minmax,"{""low"": 1, ""high"": 99}",2,-4595.11985013459,9194.23970026918,9204.055210827144,chi2_uniform_minmax_bins10,7.2656,0.6094879714016237
file,ta61,ta,50,20,discrete,discrete_uniform_1_100,"{""low"": 1, ""high"": 100, ""fixed_support"": true}",0,-4605.170185988091,9210.340371976183,9210.340371976183,chi2_uniform_1_100_bins10,9.6,0.3838265173713841
file,ta61,ta,50,20,discrete,discrete_uniform_0_99,"{""low"": 0, ""high"": 99, ""fixed_support"": true}",0,-4605.170185988091,9210.340371976183,9210.340371976183,chi2_uniform_0_99_bins10,8.620000000000001,0.47306426017757475
file,ta61,ta,50,20,discrete,discrete_uniform_0_100,"{""low"": 0, ""high"": 100, ""fixed_support"": true}",0,-4615.12051684126,9230.24103368252,9230.24103368252,chi2_uniform_0_100_bins10,10.87778181818182,0.2841795329875701
file,ta61,ta,50,20,discrete,poisson,"{""mu"": 50.964}",1,-11790.094471698932,23582.188943397865,23587.096698676847,,,
file,ta61,ta,50,20,continuous_exploratory,uniform,"[1.0, 98.0]",2,-4584.967478670572,9173.934957341144,9183.750467899108,KS_continuous,0.034734693877551015,0.17485657357811746
file,ta61,ta,50,20,continuous_exploratory,weibull_min,"[2.7925514296640914, -19.40549511834537, 79.24274062854332]",3,-4734.042738264754,9474.085476529508,9488.808742366455,KS_continuous,0.06950859937903331,0.00012043542930565576
file,ta61,ta,50,20,continuous_exploratory,norm,"[50.964, 28.063119997605398]",2,-4753.394791918961,9510.789583837923,9520.605094395887,KS_continuous,0.06737464723121978,0.00021655353739997028
file,ta61,ta,50,20,continuous_exploratory,lognorm,"[6.255518474553981e-06, -4486088.215556739, 4486139.179468963]",3,-4753.395024219871,9512.790048439741,9527.513314276688,KS_continuous,0.06737507007087762,0.0002165287556903496
file,ta61,ta,50,20,continuous_exploratory,gamma,"[1080.563663865737, -873.0808362564936, 0.855111386102291]",3,-4754.193678691156,9514.387357382311,9529.110623219258,KS_continuous,0.06902783145121427,0.0001376754139466854
file,ta61,ta,50,20,continuous_exploratory,expon,"[1.0, 49.964]",2,-4911.302746103663,9826.605492207325,9836.42100276529,KS_continuous,0.18139439179618516,2.895527978630455e-29
file,ta62,ta,50,20,discrete,discrete_uniform_1_99,"{""low"": 1, ""high"": 99, ""fixed_support"": true}",0,-4595.11985013459,9190.23970026918,9190.23970026918,chi2_uniform_1_99_bins10,9.0278,0.4347119702255228
file,ta62,ta,50,20,discrete,discrete_uniform_minmax,"{""low"": 1, ""high"": 99}",2,-4595.11985013459,9194.23970026918,9204.055210827144,chi2_uniform_minmax_bins10,9.0278,0.4347119702255228
file,ta62,ta,50,20,discrete,discrete_uniform_1_100,"{""low"": 1, ""high"": 100, ""fixed_support"": true}",0,-4605.170185988091,9210.340371976183,9210.340371976183,chi2_uniform_1_100_bins10,7.66,0.568739310090938
file,ta62,ta,50,20,discrete,discrete_uniform_0_99,"{""low"": 0, ""high"": 99, ""fixed_support"": true}",0,-4605.170185988091,9210.340371976183,9210.340371976183,chi2_uniform_0_99_bins10,11.58,0.23803529559295056
file,ta62,ta,50,20,discrete,discrete_uniform_0_100,"{""low"": 0, ""high"": 100, ""fixed_support"": true}",0,-4615.12051684126,9230.24103368252,9230.24103368252,chi2_uniform_0_100_bins10,9.965109090909092,0.35331722057431325
file,ta62,ta,50,20,discrete,poisson,"{""mu"": 51.598}",1,-11832.881228319824,23667.762456639648,23672.67021191863,,,
file,ta62,ta,50,20,continuous_exploratory,uniform,"[1.0, 98.0]",2,-4584.967478670572,9173.934957341144,9183.750467899108,KS_continuous,0.04938775510204085,0.014703607187213046
file,ta62,ta,50,20,continuous_exploratory,weibull_min,"[2.6743942510585064, -16.970183723378767, 77.3237105519398]",3,-4744.515745676782,9495.031491353564,9509.75475719051,KS_continuous,0.06637149116202895,0.00028353092621605165
file,ta62,ta,50,20,continuous_exploratory,norm,"[51.598, 28.393633018689243]",2,-4765.103463754841,9534.206927509682,9544.022438067646,KS_continuous,0.07034940019579505,9.509768318368341e-05
file,ta62,ta,50,20,continuous_exploratory,lognorm,"[3.3847648117612053e-06, -8388606.999999996, 8388658.597951945]",3,-4765.103584298577,9536.207168597153,9550.9304344341,KS_continuous,0.07034928714912642,9.510072159253579e-05
file,ta62,ta,50,20,continuous_exploratory,gamma,"[1079.0251821357351, -882.75573650757, 0.8659329382693155]",3,-4765.864006686981,9537.728013373962,9552.451279210909,KS_continuous,0.06952793558825968,0.00011978680438183764
file,ta62,ta,50,20,continuous_exploratory,expon,"[1.0, 50.598]",2,-4923.912049820559,9851.824099641119,9861.639610199083,KS_continuous,0.17951494996523687,1.1483648766861085e-28
file,ta63,ta,50,20,discrete,discrete_uniform_1_99,"{""low"": 1, ""high"": 99, ""fixed_support"": true}",0,-4595.11985013459,9190.23970026918,9190.23970026918,chi2_uniform_1_99_bins10,6.6023,0.6784477202193233
file,ta63,ta,50,20,discrete,discrete_uniform_minmax,"{""low"": 1, ""high"": 99}",2,-4595.11985013459,9194.23970026918,9204.055210827144,chi2_uniform_minmax_bins10,6.6023,0.6784477202193233
file,ta63,ta,50,20,discrete,discrete_uniform_1_100,"{""low"": 1, ""high"": 100, ""fixed_support"": true}",0,-4605.170185988091,9210.340371976183,9210.340371976183,chi2_uniform_1_100_bins10,8.36,0.49831307341553677
file,ta63,ta,50,20,discrete,discrete_uniform_0_99,"{""low"": 0, ""high"": 99, ""fixed_support"": true}",0,-4605.170185988091,9210.340371976183,9210.340371976183,chi2_uniform_0_99_bins10,3.96,0.9140254296761074
file,ta63,ta,50,20,discrete,discrete_uniform_0_100,"{""low"": 0, ""high"": 100, ""fixed_support"": true}",0,-4615.12051684126,9230.24103368252,9230.24103368252,chi2_uniform_0_100_bins10,6.719336363636364,0.6663140991092387
file,ta63,ta,50,20,discrete,poisson,"{""mu"": 49.121}",1,-12240.263873572294,24482.527747144588,24487.43550242357,,,
file,ta63,ta,50,20,continuous_exploratory,uniform,"[1.0, 98.0]",2,-4584.967478670572,9173.934957341144,9183.750467899108,KS_continuous,0.029918367346938785,0.3258391670016342
file,ta63,ta,50,20,continuous_exploratory,weibull_min,"[2.0645335228557333, -7.051394419952119, 63.40156724971155]",3,-4741.179192090302,9488.358384180605,9503.081650017552,KS_continuous,0.07109202879057053,7.700792993735184e-05
file,ta63,ta,50,20,continuous_exploratory,norm,"[49.121, 28.58517726025151]",2,-4771.826839064631,9547.653678129262,9557.469188687226,KS_continuous,0.07138363038736431,7.084194123277054e-05
file,ta63,ta,50,20,continuous_exploratory,lognorm,"[0.047508249970946125, -552.9753614214366, 601.4176261917577]",3,-4771.376212505217,9548.752425010434,9563.475690847381,KS_continuous,0.07120921928975668,7.447096404357076e-05
file,ta63,ta,50,20,continuous_exploratory,gamma,"[2325.0921063403366, -1328.5542941831368, 0.5925264957855809]",3,-4771.578765196258,9549.157530392516,9563.880796229463,KS_continuous,0.07149564305417944,6.860063973379453e-05
file,ta63,ta,50,20,continuous_exploratory,expon,"[1.0, 48.121]",2,-4873.718672270432,9751.437344540864,9761.252855098828,KS_continuous,0.16174178434364217,2.525414154474663e-23
file,ta64,ta,50,20,discrete,discrete_uniform_1_99,"{""low"": 1, ""high"": 99, ""fixed_support"": true}",0,-4595.11985013459,9190.23970026918,9190.23970026918,chi2_uniform_1_99_bins10,11.6909,0.23130102334277008
file,ta64,ta,50,20,discrete,discrete_uniform_minmax,"{""low"": 1, ""high"": 99}",2,-4595.11985013459,9194.23970026918,9204.055210827144,chi2_uniform_minmax_bins10,11.6909,0.23130102334277008
file,ta64,ta,50,20,discrete,discrete_uniform_1_100,"{""low"": 1, ""high"": 100, ""fixed_support"": true}",0,-4605.170185988091,9210.340371976183,9210.340371976183,chi2_uniform_1_100_bins10,14.62,0.10191683667721776
file,ta64,ta,50,20,discrete,discrete_uniform_0_99,"{""low"": 0, ""high"": 99, ""fixed_support"": true}",0,-4605.170185988091,9210.340371976183,9210.340371976183,chi2_uniform_0_99_bins10,11.66,0.23316244790358873
file,ta64,ta,50,20,discrete,discrete_uniform_0_100,"{""low"": 0, ""high"": 100, ""fixed_support"": true}",0,-4615.12051684126,9230.24103368252,9230.24103368252,chi2_uniform_0_100_bins10,12.197209090909091,0.20241857478568903
file,ta64,ta,50,20,discrete,poisson,"{""mu"": 48.462}",1,-12467.138770329326,24936.27754065865,24941.185295937634,,,
file,ta64,ta,50,20,continuous_exploratory,uniform,"[1.0, 98.0]",2,-4584.967478670572,9173.934957341144,9183.750467899108,KS_continuous,0.03693877551020408,0.12733806522465485
file,ta64,ta,50,20,continuous_exploratory,weibull_min,"[2.1449954611984605, -9.312852020079113, 65.25664090743709]",3,-4742.629020643052,9491.258041286104,9505.981307123051,KS_continuous,0.07197116493479794,5.9815048347523375e-05
file,ta64,ta,50,20,continuous_exploratory,norm,"[48.462, 28.55091164919257]",2,-4770.62740046738,9545.25480093476,9555.070311492724,KS_continuous,0.06721821081322271,0.00022590818259054477
file,ta64,ta,50,20,continuous_exploratory,lognorm,"[0.02027029730156013, -1360.2153604810976, 1408.3880152610354]",3,-4770.540959425095,9547.08191885019,9561.805184687137,KS_continuous,0.06710364708340924,0.0002329997114663528
file,ta64,ta,50,20,continuous_exploratory,gamma,"[12934.421088349678, -3198.5466385835716, 0.2510360073201322]",3,-4770.580400618507,9547.160801237014,9561.884067073961,KS_continuous,0.06697931793987566,0.00024093343283487087
file,ta64,ta,50,20,continuous_exploratory,expon,"[1.0, 47.462]",2,-4859.929390869826,9723.858781739653,9733.674292297617,KS_continuous,0.1606322673457976,5.211118208793558e-23
file,ta65,ta,50,20,discrete,discrete_uniform_1_99,"{""low"": 1, ""high"": 99, ""fixed_support"": true}",0,-4595.11985013459,9190.23970026918,9190.23970026918,chi2_uniform_1_99_bins10,15.5024,0.07802842632515182
file,ta65,ta,50,20,discrete,discrete_uniform_minmax,"{""low"": 1, ""high"": 99}",2,-4595.11985013459,9194.23970026918,9204.055210827144,chi2_uniform_minmax_bins10,15.5024,0.07802842632515182
file,ta65,ta,50,20,discrete,discrete_uniform_1_100,"{""low"": 1, ""high"": 100, ""fixed_support"": true}",0,-4605.170185988091,9210.340371976183,9210.340371976183,chi2_uniform_1_100_bins10,15.519999999999998,0.07760742992449599
file,ta65,ta,50,20,discrete,discrete_uniform_0_99,"{""low"": 0, ""high"": 99, ""fixed_support"": true}",0,-4605.170185988091,9210.340371976183,9210.340371976183,chi2_uniform_0_99_bins10,16.2,0.06282072061787972
file,ta65,ta,50,20,discrete,discrete_uniform_0_100,"{""low"": 0, ""high"": 100, ""fixed_support"": true}",0,-4615.12051684126,9230.24103368252,9230.24103368252,chi2_uniform_0_100_bins10,17.388609090909092,0.04296698245616943
file,ta65,ta,50,20,discrete,poisson,"{""mu"": 49.199}",1,-12492.598423961339,24987.196847922678,24992.10460320166,,,
file,ta65,ta,50,20,continuous_exploratory,uniform,"[1.0, 98.0]",2,-4584.967478670572,9173.934957341144,9183.750467899108,KS_continuous,0.038510204081632665,0.10035408237804744
file,ta65,ta,50,20,continuous_exploratory,weibull_min,"[1.9099638483762116, -4.744085772251844, 60.729040052234126]",3,-4752.840622111209,9511.681244222418,9526.404510059365,KS_continuous,0.08219530238652828,2.520023629015218e-06
file,ta65,ta,50,20,continuous_exploratory,lognorm,"[0.09513092938710092, -257.71087013058997, 305.52733271893123]",3,-4788.476644457589,9582.953288915178,9597.676554752125,KS_continuous,0.0764936111090403,1.552377525284298e-05
file,ta65,ta,50,20,continuous_exploratory,norm,"[49.199, 29.109438314745958]",2,-4790.00099550796,9584.00199101592,9593.817501573885,KS_continuous,0.07894449547389837,7.220487977486085e-06
file,ta65,ta,50,20,continuous_exploratory,gamma,"[668.7577878511422, -702.8015456303192, 1.1245034059120416]",3,-4789.199511652861,9584.399023305721,9599.122289142668,KS_continuous,0.07877441223730608,7.6203651757655944e-06
file,ta65,ta,50,20,continuous_exploratory,expon,"[1.0, 48.199]",2,-4875.338273953368,9754.676547906736,9764.4920584647,KS_continuous,0.1459039389378926,4.827245676520027e-19
file,ta66,ta,50,20,discrete,discrete_uniform_1_99,"{""low"": 1, ""high"": 99, ""fixed_support"": true}",0,-4595.11985013459,9190.23970026918,9190.23970026918,chi2_uniform_1_99_bins10,8.9827,0.43887266822282134
file,ta66,ta,50,20,discrete,discrete_uniform_minmax,"{""low"": 1, ""high"": 99}",2,-4595.11985013459,9194.23970026918,9204.055210827144,chi2_uniform_minmax_bins10,8.9827,0.43887266822282134
file,ta66,ta,50,20,discrete,discrete_uniform_1_100,"{""low"": 1, ""high"": 100, ""fixed_support"": true}",0,-4605.170185988091,9210.340371976183,9210.340371976183,chi2_uniform_1_100_bins10,8.72,0.4635118209909471
file,ta66,ta,50,20,discrete,discrete_uniform_0_99,"{""low"": 0, ""high"": 99, ""fixed_support"": true}",0,-4605.170185988091,9210.340371976183,9210.340371976183,chi2_uniform_0_99_bins10,13.04,0.16080464268407357
file,ta66,ta,50,20,discrete,discrete_uniform_0_100,"{""low"": 0, ""high"": 100, ""fixed_support"": true}",0,-4615.12051684126,9230.24103368252,9230.24103368252,chi2_uniform_0_100_bins10,10.345236363636364,0.32326600903292596
file,ta66,ta,50,20,discrete,poisson,"{""mu"": 50.39}",1,-12344.615734944291,24691.231469888582,24696.139225167564,,,
file,ta66,ta,50,20,continuous_exploratory,uniform,"[1.0, 98.0]",2,-4584.967478670572,9173.934957341144,9183.750467899108,KS_continuous,0.036673469387755064,0.13243141515917545
file,ta66,ta,50,20,continuous_exploratory,weibull_min,"[2.2118780640226383, -9.649688253716374, 67.85282931005082]",3,-4758.9174938897395,9523.834987779479,9538.558253616426,KS_continuous,0.09313083059258176,5.339635821034287e-08
file,ta66,ta,50,20,continuous_exploratory,norm,"[50.39, 29.00203268738245]",2,-4786.3044534031305,9576.608906806261,9586.424417364226,KS_continuous,0.08114051208378026,3.5626181391471146e-06
file,ta66,ta,50,20,continuous_exploratory,lognorm,"[5.5311782775431916e-05, -524286.99999999953, 524337.3891979223]",3,-4786.304559774522,9578.609119549044,9593.332385385991,KS_continuous,0.08114628307932648,3.5559193310770635e-06
file,ta66,ta,50,20,continuous_exploratory,gamma,"[272890.6788230681, -15100.029978485969, 0.05551827570474868]",3,-4786.306963296637,9578.613926593274,9593.337192430221,KS_continuous,0.08127370056284211,3.4110670961684235e-06
file,ta66,ta,50,20,continuous_exploratory,expon,"[1.0, 49.39]",2,-4899.747974552533,9803.495949105067,9813.311459663031,KS_continuous,0.1486199938153141,9.58114563273116e-20
file,ta67,ta,50,20,discrete,discrete_uniform_1_99,"{""low"": 1, ""high"": 99, ""fixed_support"": true}",0,-4595.11985013459,9190.23970026918,9190.23970026918,chi2_uniform_1_99_bins10,4.7608999999999995,0.8546332535708125
file,ta67,ta,50,20,discrete,discrete_uniform_minmax,"{""low"": 1, ""high"": 99}",2,-4595.11985013459,9194.23970026918,9204.055210827144,chi2_uniform_minmax_bins10,4.7608999999999995,0.8546332535708125
file,ta67,ta,50,20,discrete,discrete_uniform_1_100,"{""low"": 1, ""high"": 100, ""fixed_support"": true}",0,-4605.170185988091,9210.340371976183,9210.340371976183,chi2_uniform_1_100_bins10,7.619999999999999,0.5728470307944133
file,ta67,ta,50,20,discrete,discrete_uniform_0_99,"{""low"": 0, ""high"": 99, ""fixed_support"": true}",0,-4605.170185988091,9210.340371976183,9210.340371976183,chi2_uniform_0_99_bins10,6.540000000000001,0.6848900200925157
file,ta67,ta,50,20,discrete,discrete_uniform_0_100,"{""low"": 0, ""high"": 100, ""fixed_support"": true}",0,-4615.12051684126,9230.24103368252,9230.24103368252,chi2_uniform_0_100_bins10,9.057027272727273,0.43202681921539543
file,ta67,ta,50,20,discrete,poisson,"{""mu"": 49.553}",1,-11950.11891613852,23902.23783227704,23907.14558755602,,,
file,ta67,ta,50,20,continuous_exploratory,uniform,"[1.0, 98.0]",2,-4584.967478670572,9173.934957341144,9183.750467899108,KS_continuous,0.02477551020408164,0.5626718812759375
file,ta67,ta,50,20,continuous_exploratory,weibull_min,"[2.187309997456329, -8.523583784665576, 65.61787087875588]",3,-4732.787817065178,9471.575634130357,9486.298899967303,KS_continuous,0.06835468400560685,0.00016577890297378239
file,ta67,ta,50,20,continuous_exploratory,norm,"[49.553, 28.26929767433213]",2,-4760.714861104295,9525.42972220859,9535.245232766554,KS_continuous,0.06867419160757177,0.0001518227475945311
file,ta67,ta,50,20,continuous_exploratory,lognorm,"[0.03434164883176849, -773.9101275647413, 822.9778274846822]",3,-4760.471382668452,9526.942765336904,9541.66603117385,KS_continuous,0.06515224072125608,0.0003912728169909791
file,ta67,ta,50,20,continuous_exploratory,gamma,"[4342.120551108339, -1812.9638520356677, 0.4289411273970622]",3,-4760.5798749838705,9527.159749967741,9541.883015804688,KS_continuous,0.06765184041117384,0.0002008703953643335
file,ta67,ta,50,20,continuous_exploratory,expon,"[1.0, 48.553]",2,-4882.655984795333,9769.311969590666,9779.12748014863,KS_continuous,0.15980710514828034,8.901556280395607e-23
file,ta68,ta,50,20,discrete,discrete_uniform_1_99,"{""low"": 1, ""high"": 99, ""fixed_support"": true}",0,-4595.11985013459,9190.23970026918,9190.23970026918,chi2_uniform_1_99_bins10,11.7976,0.2249616637890499
file,ta68,ta,50,20,discrete,discrete_uniform_minmax,"{""low"": 1, ""high"": 99}",2,-4595.11985013459,9194.23970026918,9204.055210827144,chi2_uniform_minmax_bins10,11.7976,0.2249616637890499
file,ta68,ta,50,20,discrete,discrete_uniform_1_100,"{""low"": 1, ""high"": 100, ""fixed_support"": true}",0,-4605.170185988091,9210.340371976183,9210.340371976183,chi2_uniform_1_100_bins10,13.8,0.12961959133276194
file,ta68,ta,50,20,discrete,discrete_uniform_0_99,"{""low"": 0, ""high"": 99, ""fixed_support"": true}",0,-4605.170185988091,9210.340371976183,9210.340371976183,chi2_uniform_0_99_bins10,18.02,0.03494221181702045
file,ta68,ta,50,20,discrete,discrete_uniform_0_100,"{""low"": 0, ""high"": 100, ""fixed_support"": true}",0,-4615.12051684126,9230.24103368252,9230.24103368252,chi2_uniform_0_100_bins10,15.651409090909091,0.07452768195442144
file,ta68,ta,50,20,discrete,poisson,"{""mu"": 49.903}",1,-11762.818910322414,23527.637820644828,23532.54557592381,,,
file,ta68,ta,50,20,continuous_exploratory,uniform,"[1.0, 98.0]",2,-4584.967478670572,9173.934957341144,9183.750467899108,KS_continuous,0.02869387755102043,0.3755537157965525
file,ta68,ta,50,20,continuous_exploratory,weibull_min,"[2.34321411865747, -10.978519598609516, 68.78853630969797]",3,-4727.407352127875,9460.81470425575,9475.537970092697,KS_continuous,0.06492175717616633,0.0004155566158470767
file,ta68,ta,50,20,continuous_exploratory,norm,"[49.903, 28.023982425772395]",2,-4751.999191986202,9507.998383972405,9517.813894530369,KS_continuous,0.06220844030715467,0.0008308198777878777
file,ta68,ta,50,20,continuous_exploratory,lognorm,"[0.02995290869017734, -885.9272635378102, 935.4106385400949]",3,-4751.79531075054,9509.59062150108,9524.313887338027,KS_continuous,0.062459838241771815,0.0007801354241825373
file,ta68,ta,50,20,continuous_exploratory,gamma,"[4783.908904665734, -1888.4261454690718, 0.40517439743557826]",3,-4751.8782392308185,9509.756478461637,9524.479744298584,KS_continuous,0.06239620930544432,0.0007926827464095572
file,ta68,ta,50,20,continuous_exploratory,expon,"[1.0, 48.903]",2,-4889.838744292262,9783.677488584524,9793.492999142489,KS_continuous,0.1712682089554235,4.072604452413352e-26
file,ta69,ta,50,20,discrete,discrete_uniform_1_99,"{""low"": 1, ""high"": 99, ""fixed_support"": true}",0,-4595.11985013459,9190.23970026918,9190.23970026918,chi2_uniform_1_99_bins10,9.382,0.40278511003293394
file,ta69,ta,50,20,discrete,discrete_uniform_minmax,"{""low"": 1, ""high"": 99}",2,-4595.11985013459,9194.23970026918,9204.055210827144,chi2_uniform_minmax_bins10,9.382,0.40278511003293394
file,ta69,ta,50,20,discrete,discrete_uniform_1_100,"{""low"": 1, ""high"": 100, ""fixed_support"": true}",0,-4605.170185988091,9210.340371976183,9210.340371976183,chi2_uniform_1_100_bins10,7.56,0.579021033486107
file,ta69,ta,50,20,discrete,discrete_uniform_0_99,"{""low"": 0, ""high"": 99, ""fixed_support"": true}",0,-4605.170185988091,9210.340371976183,9210.340371976183,chi2_uniform_0_99_bins10,11.14,0.2662346315145898
file,ta69,ta,50,20,discrete,discrete_uniform_0_100,"{""low"": 0, ""high"": 100, ""fixed_support"": true}",0,-4615.12051684126,9230.24103368252,9230.24103368252,chi2_uniform_0_100_bins10,10.362681818181818,0.32192959222819073
file,ta69,ta,50,20,discrete,poisson,"{""mu"": 50.871}",1,-12024.841302231996,24051.682604463993,24056.590359742975,,,
file,ta69,ta,50,20,continuous_exploratory,uniform,"[1.0, 98.0]",2,-4584.967478670572,9173.934957341144,9183.750467899108,KS_continuous,0.030387755102040837,0.3080171436411965
file,ta69,ta,50,20,continuous_exploratory,weibull_min,"[2.333117850155852, -11.031677422422838, 69.95801368650694]",3,-4749.311705566955,9504.62341113391,9519.346676970858,KS_continuous,0.06813656995648842,0.00017599450281934888
file,ta69,ta,50,20,continuous_exploratory,norm,"[50.871, 28.649473974228567]",2,-4774.0736157859965,9552.147231571993,9561.962742129957,KS_continuous,0.07074191533141327,8.50857478213467e-05
file,ta69,ta,50,20,continuous_exploratory,lognorm,"[7.145841435301143e-06, -4009200.598393853, 4009251.469291491]",3,-4774.0736611532175,9554.147322306435,9568.870588143382,KS_continuous,0.0707417294789599,8.509024219749203e-05
file,ta69,ta,50,20,continuous_exploratory,gamma,"[25831.99548156782, -4553.8946295150035, 0.17825818353820416]",3,-4774.101208336564,9554.202416673128,9568.925682510075,KS_continuous,0.07062535385869206,8.79492266329705e-05
file,ta69,ta,50,20,continuous_exploratory,expon,"[1.0, 49.871]",2,-4909.439671492542,9822.879342985085,9832.69485354305,KS_continuous,0.16479847308506046,3.343186843109256e-24
file,ta70,ta,50,20,discrete,discrete_uniform_1_99,"{""low"": 1, ""high"": 99, ""fixed_support"": true}",0,-4595.11985013459,9190.23970026918,9190.23970026918,chi2_uniform_1_99_bins10,9.7208,0.37355732049884494
file,ta70,ta,50,20,discrete,discrete_uniform_minmax,"{""low"": 1, ""high"": 99}",2,-4595.11985013459,9194.23970026918,9204.055210827144,chi2_uniform_minmax_bins10,9.7208,0.37355732049884494
file,ta70,ta,50,20,discrete,discrete_uniform_1_100,"{""low"": 1, ""high"": 100, ""fixed_support"": true}",0,-4605.170185988091,9210.340371976183,9210.340371976183,chi2_uniform_1_100_bins10,10.92,0.2812324365094107
file,ta70,ta,50,20,discrete,discrete_uniform_0_99,"{""low"": 0, ""high"": 99, ""fixed_support"": true}",0,-4605.170185988091,9210.340371976183,9210.340371976183,chi2_uniform_0_99_bins10,9.66,0.3787045731128882
file,ta70,ta,50,20,discrete,discrete_uniform_0_100,"{""low"": 0, ""high"": 100, ""fixed_support"": true}",0,-4615.12051684126,9230.24103368252,9230.24103368252,chi2_uniform_0_100_bins10,10.906245454545452,0.2821901468265799
file,ta70,ta,50,20,discrete,poisson,"{""mu"": 50.878}",1,-12210.499705201804,24422.99941040361,24427.90716568259,,,
file,ta70,ta,50,20,continuous_exploratory,uniform,"[1.0, 98.0]",2,-4584.967478670572,9173.934957341144,9183.750467899108,KS_continuous,0.03683673469387749,0.12927781075409261
file,ta70,ta,50,20,continuous_exploratory,weibull_min,"[2.726227378168498, -19.34634664683726, 79.1515722327805]",3,-4752.703331495091,9511.406662990183,9526.12992882713,KS_continuous,0.07551550493764836,2.0928062319764194e-05
file,ta70,ta,50,20,continuous_exploratory,norm,"[50.878, 28.61969804173342]",2,-4773.0337566740145,9550.067513348029,9559.883023905993,KS_continuous,0.07122819529802593,7.406771777716178e-05
file,ta70,ta,50,20,continuous_exploratory,lognorm,"[6.696504956585622e-06, -4273776.393352836, 4273827.27125701]",3,-4773.034017469585,9552.06803493917,9566.791300776116,KS_continuous,0.07122853447380095,7.406052910426894e-05
file,ta70,ta,50,20,continuous_exploratory,gamma,"[1016.3654956344269, -862.7776894045282, 0.8989473399881114]",3,-4773.883144406853,9553.766288813706,9568.489554650652,KS_continuous,0.07252462350123967,5.093777438466838e-05
file,ta70,ta,50,20,continuous_exploratory,expon,"[1.0, 49.878]",2,-4909.580023777005,9823.16004755401,9832.975558111975,KS_continuous,0.17287073702265937,1.330540791882311e-26
file,ta71,ta,100,20,discrete,discrete_uniform_1_99,"{""low"": 1, ""high"": 99, ""fixed_support"": true}",0,-9190.23970026918,18380.47940053836,18380.47940053836,chi2_uniform_1_99_bins10,6.9566,0.6416381037563277
file,ta71,ta,100,20,discrete,discrete_uniform_minmax,"{""low"": 1, ""high"": 99}",2,-9190.23970026918,18384.47940053836,18395.681205457444,chi2_uniform_minmax_bins10,6.9566,0.6416381037563277
file,ta71,ta,100,20,discrete,discrete_uniform_1_100,"{""low"": 1, ""high"": 100, ""fixed_support"": true}",0,-9210.340371976183,18420.680743952365,18420.680743952365,chi2_uniform_1_100_bins10,10.02,0.348868524890257
file,ta71,ta,100,20,discrete,discrete_uniform_0_99,"{""low"": 0, ""high"": 99, ""fixed_support"": true}",0,-9210.340371976183,18420.680743952365,18420.680743952365,chi2_uniform_0_99_bins10,8.48,0.4865883244581801
file,ta71,ta,100,20,discrete,discrete_uniform_0_100,"{""low"": 0, ""high"": 100, ""fixed_support"": true}",0,-9230.24103368252,18460.48206736504,18460.48206736504,chi2_uniform_0_100_bins10,11.387454545454545,0.2500826628349352
file,ta71,ta,100,20,discrete,poisson,"{""mu"": 50.4455}",1,-24023.735827486365,48049.47165497273,48055.07255743227,,,
file,ta71,ta,100,20,continuous_exploratory,uniform,"[1.0, 98.0]",2,-9169.934957341144,18343.869914682287,18355.071719601372,KS_continuous,0.024795918367346903,0.16806723101280552
file,ta71,ta,100,20,continuous_exploratory,weibull_min,"[2.5441087717667283, -15.254990138767475, 74.17122829841945]",3,-9483.207889469795,18972.41577893959,18989.218486318216,KS_continuous,0.06738487618772437,2.434174062512663e-08
file,ta71,ta,100,20,continuous_exploratory,norm,"[50.4455, 28.34078385913135]",2,-9526.480852386154,19056.961704772308,19068.163509691392,KS_continuous,0.061622338914515074,4.80525973310148e-07
file,ta71,ta,100,20,continuous_exploratory,lognorm,"[2.702662007617695e-05, -1048574.9999999995, 1048625.4451170212]",3,-9526.482097824832,19058.964195649663,19075.76690302829,KS_continuous,0.06162173793921377,4.806687766362415e-07
file,ta71,ta,100,20,continuous_exploratory,gamma,"[2380.3485240582686, -1333.927262956241, 0.5815798793319378]",3,-9527.145319824756,19060.290639649513,19077.093347028138,KS_continuous,0.06193881530231227,4.107579396969137e-07
file,ta71,ta,100,20,continuous_exploratory,expon,"[1.0, 49.4455]",2,-9801.74210583351,19607.48421166702,19618.686016586104,KS_continuous,0.16666212513401985,5.0483964246409146e-49
file,ta72,ta,100,20,discrete,discrete_uniform_1_99,"{""low"": 1, ""high"": 99, ""fixed_support"": true}",0,-9190.23970026918,18380.47940053836,18380.47940053836,chi2_uniform_1_99_bins10,8.6396,0.47118476216267235
file,ta72,ta,100,20,discrete,discrete_uniform_minmax,"{""low"": 1, ""high"": 99}",2,-9190.23970026918,18384.47940053836,18395.681205457444,chi2_uniform_minmax_bins10,8.6396,0.47118476216267235
file,ta72,ta,100,20,discrete,discrete_uniform_1_100,"{""low"": 1, ""high"": 100, ""fixed_support"": true}",0,-9210.340371976183,18420.680743952365,18420.680743952365,chi2_uniform_1_100_bins10,11.719999999999999,0.22955854972424009
file,ta72,ta,100,20,discrete,discrete_uniform_0_99,"{""low"": 0, ""high"": 99, ""fixed_support"": true}",0,-9210.340371976183,18420.680743952365,18420.680743952365,chi2_uniform_0_99_bins10,11.219999999999999,0.26093004280489723
file,ta72,ta,100,20,discrete,discrete_uniform_0_100,"{""low"": 0, ""high"": 100, ""fixed_support"": true}",0,-9230.24103368252,18460.48206736504,18460.48206736504,chi2_uniform_0_100_bins10,11.591290909090908,0.23734285968428362
file,ta72,ta,100,20,discrete,poisson,"{""mu"": 48.6825}",1,-24451.173706734233,48904.347413468466,48909.948315928006,,,
file,ta72,ta,100,20,continuous_exploratory,uniform,"[1.0, 98.0]",2,-9169.934957341144,18343.869914682287,18355.071719601372,KS_continuous,0.03168367346938772,0.03530055480043026
file,ta72,ta,100,20,continuous_exploratory,weibull_min,"[2.0185423982782194, -6.389339910281257, 62.12354690934155]",3,-9472.162045275054,18950.324090550108,18967.126797928733,KS_continuous,0.07189999603456276,1.951208303147381e-09
file,ta72,ta,100,20,continuous_exploratory,lognorm,"[0.08488344979727529, -287.91116812197737, 335.3852614419079]",3,-9535.484592257255,19076.96918451451,19093.771891893135,KS_continuous,0.06817568823952447,1.5831798085217335e-08
file,ta72,ta,100,20,continuous_exploratory,gamma,"[606.1220037932653, -652.4379185057278, 1.1566703477492506]",3,-9536.643173122491,19079.286346244982,19096.089053623607,KS_continuous,0.06832531071052994,1.458604372642086e-08
file,ta72,ta,100,20,continuous_exploratory,norm,"[48.6825, 28.50979995983837]",2,-9538.37283922705,19080.7456784541,19091.947483373184,KS_continuous,0.07041270156275903,4.562666533280399e-09
file,ta72,ta,100,20,continuous_exploratory,expon,"[1.0, 47.6825]",2,-9729.128908536888,19462.257817073776,19473.45962199286,KS_continuous,0.15014694021115849,7.942240775684296e-40
file,ta73,ta,100,20,discrete,discrete_uniform_1_99,"{""low"": 1, ""high"": 99, ""fixed_support"": true}",0,-9190.23970026918,18380.47940053836,18380.47940053836,chi2_uniform_1_99_bins10,9.9167,0.35727086663549446
file,ta73,ta,100,20,discrete,discrete_uniform_minmax,"{""low"": 1, ""high"": 99}",2,-9190.23970026918,18384.47940053836,18395.681205457444,chi2_uniform_minmax_bins10,9.9167,0.35727086663549446
file,ta73,ta,100,20,discrete,discrete_uniform_1_100,"{""low"": 1, ""high"": 100, ""fixed_support"": true}",0,-9210.340371976183,18420.680743952365,18420.680743952365,chi2_uniform_1_100_bins10,13.010000000000002,0.162154294692089
file,ta73,ta,100,20,discrete,discrete_uniform_0_99,"{""low"": 0, ""high"": 99, ""fixed_support"": true}",0,-9210.340371976183,18420.680743952365,18420.680743952365,chi2_uniform_0_99_bins10,7.25,0.6111084799107036
file,ta73,ta,100,20,discrete,discrete_uniform_0_100,"{""low"": 0, ""high"": 100, ""fixed_support"": true}",0,-9230.24103368252,18460.48206736504,18460.48206736504,chi2_uniform_0_100_bins10,14.592368181818182,0.10275884630668539
file,ta73,ta,100,20,discrete,poisson,"{""mu"": 50.311}",1,-24154.868500452132,48311.737000904264,48317.337903363805,,,
file,ta73,ta,100,20,continuous_exploratory,uniform,"[1.0, 98.0]",2,-9169.934957341144,18343.869914682287,18355.071719601372,KS_continuous,0.022367346938775512,0.26571851262263824
file,ta73,ta,100,20,continuous_exploratory,weibull_min,"[2.4876465071458043, -14.345039677439605, 73.02444097591116]",3,-9487.28263595753,18980.56527191506,18997.367979293685,KS_continuous,0.0711603753418607,2.983523777632869e-09
file,ta73,ta,100,20,continuous_exploratory,norm,"[50.311, 28.4204201059731]",2,-9532.092875636637,19068.185751273275,19079.38755619236,KS_continuous,0.06781257062695478,1.9301210585370093e-08
file,ta73,ta,100,20,continuous_exploratory,lognorm,"[3.9343400796613896e-06, -7223631.920798465, 7223682.231742558]",3,-9532.093045975329,19070.186091950658,19086.988799329283,KS_continuous,0.06781279615935987,1.929884170037507e-08
file,ta73,ta,100,20,continuous_exploratory,gamma,"[2617.092891916227, -1404.252644706883, 0.5557990846121854]",3,-9532.684637922815,19071.36927584563,19088.171983224256,KS_continuous,0.06838135707757198,1.4144410508472018e-08
file,ta73,ta,100,20,continuous_exploratory,expon,"[1.0, 49.311]",2,-9796.294359784995,19596.58871956999,19607.790524489075,KS_continuous,0.16916568283485006,1.6722155761306556e-50
file,ta74,ta,100,20,discrete,discrete_uniform_1_99,"{""low"": 1, ""high"": 99, ""fixed_support"": true}",0,-9190.23970026918,18380.47940053836,18380.47940053836,chi2_uniform_1_99_bins10,4.5839,0.868969306909583
file,ta74,ta,100,20,discrete,discrete_uniform_minmax,"{""low"": 1, ""high"": 99}",2,-9190.23970026918,18384.47940053836,18395.681205457444,chi2_uniform_minmax_bins10,4.5839,0.868969306909583
file,ta74,ta,100,20,discrete,discrete_uniform_1_100,"{""low"": 1, ""high"": 100, ""fixed_support"": true}",0,-9210.340371976183,18420.680743952365,18420.680743952365,chi2_uniform_1_100_bins10,7.2299999999999995,0.6131866889921822
file,ta74,ta,100,20,discrete,discrete_uniform_0_99,"{""low"": 0, ""high"": 99, ""fixed_support"": true}",0,-9210.340371976183,18420.680743952365,18420.680743952365,chi2_uniform_0_99_bins10,13.16,0.15549907937193194
file,ta74,ta,100,20,discrete,discrete_uniform_0_100,"{""low"": 0, ""high"": 100, ""fixed_support"": true}",0,-9230.24103368252,18460.48206736504,18460.48206736504,chi2_uniform_0_100_bins10,11.076190909090908,0.27052258518178
file,ta74,ta,100,20,discrete,poisson,"{""mu"": 50.0245}",1,-23901.473452271348,47804.946904542696,47810.54780700224,,,
file,ta74,ta,100,20,continuous_exploratory,uniform,"[1.0, 98.0]",2,-9169.934957341144,18343.869914682287,18355.071719601372,KS_continuous,0.0161734693877551,0.6659655436945227
file,ta74,ta,100,20,continuous_exploratory,weibull_min,"[2.218332750187961, -8.956611119371068, 66.65066643602627]",3,-9475.7986153457,18957.5972306914,18974.399938070026,KS_continuous,0.06931841953333584,8.427708732930653e-09
file,ta74,ta,100,20,continuous_exploratory,norm,"[50.0245, 28.39978696663058]",2,-9530.640354337438,19065.280708674876,19076.48251359396,KS_continuous,0.06973902983790198,6.664592282543722e-09
file,ta74,ta,100,20,continuous_exploratory,lognorm,"[0.02778825411068989, -972.2206847401957, 1021.8506499847658]",3,-9530.334593343196,19066.66918668639,19083.471894065016,KS_continuous,0.068354010358057,1.4358246027052746e-08
file,ta74,ta,100,20,continuous_exploratory,gamma,"[7533.672996559133, -2415.242925834318, 0.327232199713932]",3,-9530.480053333366,19066.96010666673,19083.762814045356,KS_continuous,0.06926828163788898,8.666012202017042e-09
file,ta74,ta,100,20,continuous_exploratory,expon,"[1.0, 49.0245]",2,-9784.640346304555,19573.28069260911,19584.482497528195,KS_continuous,0.15585996341573616,6.751607450651662e-43
file,ta75,ta,100,20,discrete,discrete_uniform_1_99,"{""low"": 1, ""high"": 99, ""fixed_support"": true}",0,-9190.23970026918,18380.47940053836,18380.47940053836,chi2_uniform_1_99_bins10,13.252999999999997,0.151488461789529
file,ta75,ta,100,20,discrete,discrete_uniform_minmax,"{""low"": 1, ""high"": 99}",2,-9190.23970026918,18384.47940053836,18395.681205457444,chi2_uniform_minmax_bins10,13.252999999999997,0.151488461789529
file,ta75,ta,100,20,discrete,discrete_uniform_1_100,"{""low"": 1, ""high"": 100, ""fixed_support"": true}",0,-9210.340371976183,18420.680743952365,18420.680743952365,chi2_uniform_1_100_bins10,19.72,0.019721235799335136
file,ta75,ta,100,20,discrete,discrete_uniform_0_99,"{""low"": 0, ""high"": 99, ""fixed_support"": true}",0,-9210.340371976183,18420.680743952365,18420.680743952365,chi2_uniform_0_99_bins10,18.3,0.03184829073853761
file,ta75,ta,100,20,discrete,discrete_uniform_0_100,"{""low"": 0, ""high"": 100, ""fixed_support"": true}",0,-9230.24103368252,18460.48206736504,18460.48206736504,chi2_uniform_0_100_bins10,22.10034090909091,0.008566350184348927
file,ta75,ta,100,20,discrete,poisson,"{""mu"": 49.36}",1,-24187.94244754039,48377.88489508078,48383.48579754032,,,
file,ta75,ta,100,20,continuous_exploratory,uniform,"[1.0, 98.0]",2,-9169.934957341144,18343.869914682287,18355.071719601372,KS_continuous,0.020581632653061233,0.3602642711285313
file,ta75,ta,100,20,continuous_exploratory,weibull_min,"[2.1799054328988183, -8.801836225732442, 65.71249162097683]",3,-9473.925952712048,18953.851905424097,18970.654612802722,KS_continuous,0.0657622270072783,5.792187696042919e-08
file,ta75,ta,100,20,continuous_exploratory,norm,"[49.36, 28.389300801534368]",2,-9529.901750100076,19063.803500200152,19075.005305119237,KS_continuous,0.06936588665304855,8.207987960228882e-09
file,ta75,ta,100,20,continuous_exploratory,lognorm,"[0.029470971621455722, -914.1859880330948, 963.1277250096115]",3,-9529.550111379598,19065.100222759196,19081.90293013782,KS_continuous,0.06712849125248876,2.795443863346034e-08
file,ta75,ta,100,20,continuous_exploratory,gamma,"[6407.385109419112, -2222.9385664677975, 0.3546378667690855]",3,-9529.713807328557,19065.427614657114,19082.23032203574,KS_continuous,0.06878991776998128,1.1295781994955478e-08
file,ta75,ta,100,20,continuous_exploratory,expon,"[1.0, 48.36]",2,-9757.346051493185,19518.69210298637,19529.893907905454,KS_continuous,0.15491251243249737,2.2218991297759893e-42
file,ta76,ta,100,20,discrete,discrete_uniform_1_99,"{""low"": 1, ""high"": 99, ""fixed_support"": true}",0,-9190.23970026918,18380.47940053836,18380.47940053836,chi2_uniform_1_99_bins10,9.4525,0.3965948012902594
file,ta76,ta,100,20,discrete,discrete_uniform_minmax,"{""low"": 1, ""high"": 99}",2,-9190.23970026918,18384.47940053836,18395.681205457444,chi2_uniform_minmax_bins10,9.4525,0.3965948012902594
file,ta76,ta,100,20,discrete,discrete_uniform_1_100,"{""low"": 1, ""high"": 100, ""fixed_support"": true}",0,-9210.340371976183,18420.680743952365,18420.680743952365,chi2_uniform_1_100_bins10,9.27,0.4127334806121152
file,ta76,ta,100,20,discrete,discrete_uniform_0_99,"{""low"": 0, ""high"": 99, ""fixed_support"": true}",0,-9210.340371976183,18420.680743952365,18420.680743952365,chi2_uniform_0_99_bins10,7.82,0.5523828823144025
file,ta76,ta,100,20,discrete,discrete_uniform_0_100,"{""low"": 0, ""high"": 100, ""fixed_support"": true}",0,-9230.24103368252,18460.48206736504,18460.48206736504,chi2_uniform_0_100_bins10,8.923513636363635,0.44436435992907586
file,ta76,ta,100,20,discrete,poisson,"{""mu"": 50.1855}",1,-24084.144158545834,48170.28831709167,48175.88921955121,,,
file,ta76,ta,100,20,continuous_exploratory,uniform,"[1.0, 98.0]",2,-9169.934957341144,18343.869914682287,18355.071719601372,KS_continuous,0.017326530612244928,0.5793867969474835
file,ta76,ta,100,20,continuous_exploratory,weibull_min,"[2.4218591931560383, -13.059621499676519, 71.44713196497163]",3,-9483.346814161878,18972.693628323756,18989.49633570238,KS_continuous,0.06360332334680296,1.776208683232042e-07
file,ta76,ta,100,20,continuous_exploratory,norm,"[50.1855, 28.382038153557613]",2,-9529.390037806512,19062.780075613024,19073.98188053211,KS_continuous,0.05992870880977583,1.0974323976723476e-06
file,ta76,ta,100,20,continuous_exploratory,lognorm,"[4.525564727070342e-06, -6271440.987779925, 6271491.173215702]",3,-9529.390114364156,19064.780228728312,19081.582936106937,KS_continuous,0.059928652470609106,1.0974621259462036e-06
file,ta76,ta,100,20,continuous_exploratory,gamma,"[14865.706033362228, -3410.432795584409, 0.2327921438713919]",3,-9529.488445346691,19064.976890693382,19081.779598072008,KS_continuous,0.05987592253089288,1.125629434088758e-06
file,ta76,ta,100,20,continuous_exploratory,expon,"[1.0, 49.1855]",2,-9791.197729227952,19586.395458455903,19597.597263374988,KS_continuous,0.16855583727565016,3.8535285187033317e-50
file,ta77,ta,100,20,discrete,discrete_uniform_1_99,"{""low"": 1, ""high"": 99, ""fixed_support"": true}",0,-9190.23970026918,18380.47940053836,18380.47940053836,chi2_uniform_1_99_bins10,6.97255,0.6399774692998906
file,ta77,ta,100,20,discrete,discrete_uniform_minmax,"{""low"": 1, ""high"": 99}",2,-9190.23970026918,18384.47940053836,18395.681205457444,chi2_uniform_minmax_bins10,6.97255,0.6399774692998906
file,ta77,ta,100,20,discrete,discrete_uniform_1_100,"{""low"": 1, ""high"": 100, ""fixed_support"": true}",0,-9210.340371976183,18420.680743952365,18420.680743952365,chi2_uniform_1_100_bins10,6.119999999999999,0.7278506992125442
file,ta77,ta,100,20,discrete,discrete_uniform_0_99,"{""low"": 0, ""high"": 99, ""fixed_support"": true}",0,-9210.340371976183,18420.680743952365,18420.680743952365,chi2_uniform_0_99_bins10,9.44,0.3976882832305291
file,ta77,ta,100,20,discrete,discrete_uniform_0_100,"{""low"": 0, ""high"": 100, ""fixed_support"": true}",0,-9230.24103368252,18460.48206736504,18460.48206736504,chi2_uniform_0_100_bins10,7.817563636363636,0.5526309800501301
file,ta77,ta,100,20,discrete,poisson,"{""mu"": 50.858}",1,-24387.11129589026,48776.22259178052,48781.82349424006,,,
file,ta77,ta,100,20,continuous_exploratory,uniform,"[1.0, 98.0]",2,-9169.934957341144,18343.869914682287,18355.071719601372,KS_continuous,0.026540816326530603,0.11735654929285466
file,ta77,ta,100,20,continuous_exploratory,weibull_min,"[2.48649837820079, -14.478379864489286, 73.79676596378141]",3,-9509.606321491425,19025.21264298285,19042.015350361475,KS_continuous,0.0745015659163315,4.230501353725156e-10
file,ta77,ta,100,20,continuous_exploratory,norm,"[50.858, 28.742404840235622]",2,-9554.624172152848,19113.248344305695,19124.45014922478,KS_continuous,0.06754277691985455,2.234723675414267e-08
file,ta77,ta,100,20,continuous_exploratory,lognorm,"[1.079177556564019e-05, -2663311.8390351087, 2663362.6968800174]",3,-9554.624703383022,19115.249406766045,19132.05211414467,KS_continuous,0.06754378323165666,2.2335050188115642e-08
file,ta77,ta,100,20,continuous_exploratory,gamma,"[2131.379710520196, -1276.7137966996247, 0.6228604749901714]",3,-9555.365987191984,19116.73197438397,19133.534681762594,KS_continuous,0.06909286325499586,9.552539297306902e-09
file,ta77,ta,100,20,continuous_exploratory,expon,"[1.0, 49.858]",2,-9818.357929952821,19640.715859905642,19651.917664824727,KS_continuous,0.1678905839635333,9.546288258117231e-50
file,ta78,ta,100,20,discrete,discrete_uniform_1_99,"{""low"": 1, ""high"": 99, ""fixed_support"": true}",0,-9190.23970026918,18380.47940053836,18380.47940053836,chi2_uniform_1_99_bins10,7.321249999999999,0.6037110630229237
file,ta78,ta,100,20,discrete,discrete_uniform_minmax,"{""low"": 1, ""high"": 99}",2,-9190.23970026918,18384.47940053836,18395.681205457444,chi2_uniform_minmax_bins10,7.321249999999999,0.6037110630229237
file,ta78,ta,100,20,discrete,discrete_uniform_1_100,"{""low"": 1, ""high"": 100, ""fixed_support"": true}",0,-9210.340371976183,18420.680743952365,18420.680743952365,chi2_uniform_1_100_bins10,11.73,0.22896211300337566
file,ta78,ta,100,20,discrete,discrete_uniform_0_99,"{""low"": 0, ""high"": 99, ""fixed_support"": true}",0,-9210.340371976183,18420.680743952365,18420.680743952365,chi2_uniform_0_99_bins10,7.84,0.5503474641773244
file,ta78,ta,100,20,discrete,discrete_uniform_0_100,"{""low"": 0, ""high"": 100, ""fixed_support"": true}",0,-9230.24103368252,18460.48206736504,18460.48206736504,chi2_uniform_0_100_bins10,11.408113636363636,0.24876832752643896
file,ta78,ta,100,20,discrete,poisson,"{""mu"": 49.55}",1,-24331.99498415144,48665.98996830288,48671.59087076242,,,
file,ta78,ta,100,20,continuous_exploratory,uniform,"[1.0, 98.0]",2,-9169.934957341144,18343.869914682287,18355.071719601372,KS_continuous,0.01686734693877552,0.6136798588443659
file,ta78,ta,100,20,continuous_exploratory,weibull_min,"[2.326950289952812, -11.703829781292317, 69.22281879121029]",3,-9481.615724615644,18969.231449231287,18986.034156609912,KS_continuous,0.07323585704045499,8.960959811093955e-10
file,ta78,ta,100,20,continuous_exploratory,norm,"[49.55, 28.404761924719594]",2,-9530.990675443676,19065.981350887352,19077.183155806437,KS_continuous,0.06842202839495914,1.3832106268341791e-08
file,ta78,ta,100,20,continuous_exploratory,lognorm,"[2.708764195522285e-05, -1048574.9999999991, 1048624.54961529]",3,-9530.99098672016,19067.98197344032,19084.784680818946,KS_continuous,0.06842373901987142,1.381911899131824e-08
file,ta78,ta,100,20,continuous_exploratory,gamma,"[31694.73013585734, -5007.884351615778, 0.15956702446302973]",3,-9531.035934358184,19068.071868716368,19084.874576094993,KS_continuous,0.06864627519271471,1.2227039656915698e-08
file,ta78,ta,100,20,continuous_exploratory,expon,"[1.0, 48.55]",2,-9765.188389474668,19534.376778949336,19545.57858386842,KS_continuous,0.16231507456469774,1.655795556967977e-46
file,ta79,ta,100,20,discrete,discrete_uniform_1_99,"{""low"": 1, ""high"": 99, ""fixed_support"": true}",0,-9190.23970026918,18380.47940053836,18380.47940053836,chi2_uniform_1_99_bins10,4.788500000000001,0.8523417166276275
file,ta79,ta,100,20,discrete,discrete_uniform_minmax,"{""low"": 1, ""high"": 99}",2,-9190.23970026918,18384.47940053836,18395.681205457444,chi2_uniform_minmax_bins10,4.788500000000001,0.8523417166276275
file,ta79,ta,100,20,discrete,discrete_uniform_1_100,"{""low"": 1, ""high"": 100, ""fixed_support"": true}",0,-9210.340371976183,18420.680743952365,18420.680743952365,chi2_uniform_1_100_bins10,4.13,0.9026496321176075
file,ta79,ta,100,20,discrete,discrete_uniform_0_99,"{""low"": 0, ""high"": 99, ""fixed_support"": true}",0,-9210.340371976183,18420.680743952365,18420.680743952365,chi2_uniform_0_99_bins10,5.3100000000000005,0.8064909286733866
file,ta79,ta,100,20,discrete,discrete_uniform_0_100,"{""low"": 0, ""high"": 100, ""fixed_support"": true}",0,-9230.24103368252,18460.48206736504,18460.48206736504,chi2_uniform_0_100_bins10,5.438554545454546,0.7945265660660463
file,ta79,ta,100,20,discrete,poisson,"{""mu"": 49.8665}",1,-24613.69495669206,49229.38991338412,49234.99081584366,,,
file,ta79,ta,100,20,continuous_exploratory,uniform,"[1.0, 98.0]",2,-9169.934957341144,18343.869914682287,18355.071719601372,KS_continuous,0.021479591836734757,0.31023552697243517
file,ta79,ta,100,20,continuous_exploratory,weibull_min,"[2.2212310528595753, -9.922369319195067, 67.56281398859966]",3,-9502.90432205857,19011.80864411714,19028.611351495765,KS_continuous,0.07088974074790011,3.481245193011905e-09
file,ta79,ta,100,20,continuous_exploratory,norm,"[49.8665, 28.766815564987375]",2,-9556.322037367907,19116.644074735814,19127.8458796549,KS_continuous,0.06567527506539728,6.06397909250304e-08
file,ta79,ta,100,20,continuous_exploratory,lognorm,"[0.00357458103271409, -7997.769234877504, 8047.584320341074]",3,-9556.31694160597,19118.63388321194,19135.436590590565,KS_continuous,0.06589129590128984,5.410439885218538e-08
file,ta79,ta,100,20,continuous_exploratory,gamma,"[491331.7336201768, -20114.199078362853, 0.041039614945292194]",3,-9556.3194583166,19118.6389166332,19135.441624011826,KS_continuous,0.06573779471973062,5.867338615692522e-08
file,ta79,ta,100,20,continuous_exploratory,expon,"[1.0, 48.8665]",2,-9778.18418027485,19560.3683605497,19571.570165468784,KS_continuous,0.15711972729158574,1.3695328649908552e-43
file,ta80,ta,100,20,discrete,discrete_uniform_1_99,"{""low"": 1, ""high"": 99, ""fixed_support"": true}",0,-9190.23970026918,18380.47940053836,18380.47940053836,chi2_uniform_1_99_bins10,13.081399999999999,0.15895746037687827
file,ta80,ta,100,20,discrete,discrete_uniform_minmax,"{""low"": 1, ""high"": 99}",2,-9190.23970026918,18384.47940053836,18395.681205457444,chi2_uniform_minmax_bins10,13.081399999999999,0.15895746037687827
file,ta80,ta,100,20,discrete,discrete_uniform_1_100,"{""low"": 1, ""high"": 100, ""fixed_support"": true}",0,-9210.340371976183,18420.680743952365,18420.680743952365,chi2_uniform_1_100_bins10,20.24,0.016487685517940238
file,ta80,ta,100,20,discrete,discrete_uniform_0_99,"{""low"": 0, ""high"": 99, ""fixed_support"": true}",0,-9210.340371976183,18420.680743952365,18420.680743952365,chi2_uniform_0_99_bins10,11.360000000000001,0.25183743807926934
file,ta80,ta,100,20,discrete,discrete_uniform_0_100,"{""low"": 0, ""high"": 100, ""fixed_support"": true}",0,-9230.24103368252,18460.48206736504,18460.48206736504,chi2_uniform_0_100_bins10,19.023054545454546,0.024997579438505235
file,ta80,ta,100,20,discrete,poisson,"{""mu"": 48.3485}",1,-24409.01947328539,48820.03894657078,48825.63984903032,,,
file,ta80,ta,100,20,continuous_exploratory,uniform,"[1.0, 98.0]",2,-9169.934957341144,18343.869914682287,18355.071719601372,KS_continuous,0.03965306122448975,0.0036092294414937012
file,ta80,ta,100,20,continuous_exploratory,weibull_min,"[1.9872999401279081, -5.922061241058577, 61.18857214244279]",3,-9463.22692672093,18932.45385344186,18949.256560820486,KS_continuous,0.07289913977993634,1.0917583905652895e-09
file,ta80,ta,100,20,continuous_exploratory,lognorm,"[0.10623366210538152, -220.13083363444557, 266.9725554918356]",3,-9527.94029296123,19061.88058592246,19078.683293301085,KS_continuous,0.069601118292833,7.198880188397254e-09
file,ta80,ta,100,20,continuous_exploratory,gamma,"[290.73248380244763, -435.95139801879986, 1.6655427507408707]",3,-9529.394724798403,19064.789449596807,19081.592156975432,KS_continuous,0.0668962985038315,3.167238662890379e-08
file,ta80,ta,100,20,continuous_exploratory,norm,"[48.3485, 28.426344255813127]",2,-9532.509726089113,19069.019452178225,19080.22125709731,KS_continuous,0.07089422560230685,3.4723725697047227e-09
file,ta80,ta,100,20,continuous_exploratory,expon,"[1.0, 47.3485]",2,-9715.07028028805,19434.1405605761,19445.342365495184,KS_continuous,0.15211016794943621,7.210733964475102e-41
file,yn1,yn,20,20,discrete,discrete_uniform_minmax,"{""low"": 10, ""high"": 49}",2,-1475.5517816455745,2955.103563291149,2963.086492385365,chi2_uniform_minmax_bins10,3.2,0.9558347256002608
file,yn1,yn,20,20,discrete,discrete_uniform_1_99,"{""low"": 1, ""high"": 99, ""fixed_support"": true}",0,-1838.0479400538359,3676.0958801076717,3676.0958801076717,chi2_uniform_1_99_bins10,543.2225,3.1587664659399283e-111
file,yn1,yn,20,20,discrete,discrete_uniform_1_100,"{""low"": 1, ""high"": 100, ""fixed_support"": true}",0,-1842.0680743952366,3684.1361487904733,3684.1361487904733,chi2_uniform_1_100_bins10,552.75,2.864037493890119e-113
file,yn1,yn,20,20,discrete,discrete_uniform_0_99,"{""low"": 0, ""high"": 99, ""fixed_support"": true}",0,-1842.0680743952366,3684.1361487904733,3684.1361487904733,chi2_uniform_0_99_bins10,603.4499999999999,3.806650491582149e-124
file,yn1,yn,20,20,discrete,discrete_uniform_0_100,"{""low"": 0, ""high"": 100, ""fixed_support"": true}",0,-1846.048206736504,3692.096413473008,3692.096413473008,chi2_uniform_0_100_bins10,561.8895681818182,3.1418432197828515e-115
file,yn1,yn,20,20,discrete,poisson,"{""mu"": 29.4}",1,-1951.0477262582328,3904.0954525164657,3908.0869170635738,,,
file,yn1,yn,20,20,continuous_exploratory,uniform,"[10.0, 39.0]",2,-1465.4246584518582,2934.8493169037165,2942.8322459979327,KS_continuous,0.0325,0.7793546568050254
file,yn1,yn,20,20,continuous_exploratory,weibull_min,"[2.4884924961481634, 3.587476385478519, 29.14905963306883]",3,-1529.7102687577112,3065.4205375154224,3077.394931156746,KS_continuous,0.07236705601052715,0.028801975067924035
file,yn1,yn,20,20,continuous_exploratory,norm,"[29.4, 11.329386567683176]",2,-1538.5353857894947,3081.0707715789895,3089.0537006732056,KS_continuous,0.0706762169891097,0.035001741636447314
file,yn1,yn,20,20,continuous_exploratory,lognorm,"[4.8235982774884766e-06, -2348712.483989742, 2348741.883962418]",3,-1538.5354118534779,3083.0708237069557,3095.0452173482795,KS_continuous,0.0706757575675917,0.035003573872011806
file,yn1,yn,20,20,continuous_exploratory,gamma,"[6167.753939323391, -860.9246894382663, 0.14435096022076407]",3,-1538.58443233816,3083.16886467632,3095.143258317644,KS_continuous,0.06965815375913204,0.03927388551250355
file,yn1,yn,20,20,continuous_exploratory,expon,"[10.0, 19.4]",2,-1586.1092264277129,3176.2184528554258,3184.201381949642,KS_continuous,0.176652045815747,2.172733936035323e-11
file,yn2,yn,20,20,discrete,discrete_uniform_minmax,"{""low"": 10, ""high"": 49}",2,-1475.5517816455745,2955.103563291149,2963.086492385365,chi2_uniform_minmax_bins10,3.3,0.9512046906840971
file,yn2,yn,20,20,discrete,discrete_uniform_1_99,"{""low"": 1, ""high"": 99, ""fixed_support"": true}",0,-1838.0479400538359,3676.0958801076717,3676.0958801076717,chi2_uniform_1_99_bins10,539.906,1.623350590013568e-110
file,yn2,yn,20,20,discrete,discrete_uniform_1_100,"{""low"": 1, ""high"": 100, ""fixed_support"": true}",0,-1842.0680743952366,3684.1361487904733,3684.1361487904733,chi2_uniform_1_100_bins10,549.4,1.4969777211065132e-112
file,yn2,yn,20,20,discrete,discrete_uniform_0_99,"{""low"": 0, ""high"": 99, ""fixed_support"": true}",0,-1842.0680743952366,3684.1361487904733,3684.1361487904733,chi2_uniform_0_99_bins10,602.9,4.995656602327841e-124
file,yn2,yn,20,20,discrete,discrete_uniform_0_100,"{""low"": 0, ""high"": 100, ""fixed_support"": true}",0,-1846.048206736504,3692.096413473008,3692.096413473008,chi2_uniform_0_100_bins10,558.5060681818181,1.6701458349707657e-114
file,yn2,yn,20,20,discrete,poisson,"{""mu"": 29.41}",1,-1957.6255383476778,3917.2510766953556,3921.2425412424636,,,
file,yn2,yn,20,20,continuous_exploratory,uniform,"[10.0, 39.0]",2,-1465.4246584518582,2934.8493169037165,2942.8322459979327,KS_continuous,0.033653846153846145,0.7422721729209952
file,yn2,yn,20,20,continuous_exploratory,weibull_min,"[2.4820442514677357, 3.5847200122508402, 29.166801322149034]",3,-1530.9338133020262,3067.8676266040525,3079.8420202453763,KS_continuous,0.07438406165494207,0.02268849644691314
file,yn2,yn,20,20,continuous_exploratory,norm,"[29.41, 11.366701368470977]",2,-1539.850672706414,3083.701345412828,3091.684274507044,KS_continuous,0.07026850206240232,0.03666117814902958
file,yn2,yn,20,20,continuous_exploratory,lognorm,"[3.2630269015103996e-06, -3483454.598557343, 3483484.0085387984]",3,-1539.850696009241,3085.701392018482,3097.6757856598056,KS_continuous,0.0702681872046762,0.03666248578814635
file,yn2,yn,20,20,continuous_exploratory,gamma,"[3745.101586751767, -666.5520679685549, 0.18583131172864253]",3,-1539.9330498515124,3085.8660997030247,3097.8404933443485,KS_continuous,0.06901350107491472,0.04220838950484018
file,yn2,yn,20,20,continuous_exploratory,expon,"[10.0, 19.41]",2,-1586.3153588723676,3176.630717744735,3184.6136468389514,KS_continuous,0.17896574962633144,1.1129914570491894e-11
file,yn3,yn,20,20,discrete,discrete_uniform_minmax,"{""low"": 10, ""high"": 49}",2,-1475.5517816455745,2955.103563291149,2963.086492385365,chi2_uniform_minmax_bins10,9.45,0.396813356060816
file,yn3,yn,20,20,discrete,discrete_uniform_1_99,"{""low"": 1, ""high"": 99, ""fixed_support"": true}",0,-1838.0479400538359,3676.0958801076717,3676.0958801076717,chi2_uniform_1_99_bins10,570.0515,5.5806732236149994e-117
file,yn3,yn,20,20,discrete,discrete_uniform_1_100,"{""low"": 1, ""high"": 100, ""fixed_support"": true}",0,-1842.0680743952366,3684.1361487904733,3684.1361487904733,chi2_uniform_1_100_bins10,579.85,4.4135114519445345e-119
file,yn3,yn,20,20,discrete,discrete_uniform_0_99,"{""low"": 0, ""high"": 99, ""fixed_support"": true}",0,-1842.0680743952366,3684.1361487904733,3684.1361487904733,chi2_uniform_0_99_bins10,615.2,1.1436123992765948e-126
file,yn3,yn,20,20,discrete,discrete_uniform_0_100,"{""low"": 0, ""high"": 100, ""fixed_support"": true}",0,-1846.048206736504,3692.096413473008,3692.096413473008,chi2_uniform_0_100_bins10,589.5015909090909,3.749507832560442e-121
file,yn3,yn,20,20,discrete,poisson,"{""mu"": 29.0575}",1,-1886.5689569358894,3775.137913871779,3779.129378418887,,,
file,yn3,yn,20,20,continuous_exploratory,uniform,"[10.0, 39.0]",2,-1465.4246584518582,2934.8493169037165,2942.8322459979327,KS_continuous,0.060192307692307656,0.10578199079773687
file,yn3,yn,20,20,continuous_exploratory,weibull_min,"[2.491054094850989, 4.134454330946236, 28.135996458274256]",3,-1514.5824826423218,3035.1649652846436,3047.1393589259674,KS_continuous,0.059683572738254864,0.11111173536645802
file,yn3,yn,20,20,continuous_exploratory,norm,"[29.0575, 10.90179773019111]",2,-1523.1464952862993,3050.2929905725987,3058.275919666815,KS_continuous,0.06224646637637199,0.0863701144091169
file,yn3,yn,20,20,continuous_exploratory,lognorm,"[0.008368227701754948, -1273.7244971514249, 1302.7363834954726]",3,-1523.1390455193516,3052.278091038703,3064.252484680027,KS_continuous,0.062240628333198655,0.08642072956523705
file,yn3,yn,20,20,continuous_exploratory,gamma,"[49301.93663607896, -2391.4779766539787, 0.04909615284903093]",3,-1523.1417120080835,3052.283424016167,3064.2578176574907,KS_continuous,0.062256269945520804,0.08628517460265861
file,yn3,yn,20,20,continuous_exploratory,expon,"[10.0, 19.0575]",2,-1578.9842899521166,3161.968579904233,3169.9515089984493,KS_continuous,0.18828359084013044,6.873147384348061e-13
file,yn4,yn,20,20,discrete,discrete_uniform_minmax,"{""low"": 10, ""high"": 49}",2,-1475.5517816455745,2955.103563291149,2963.086492385365,chi2_uniform_minmax_bins10,4.3999999999999995,0.8831713784241684
file,yn4,yn,20,20,discrete,discrete_uniform_1_99,"{""low"": 1, ""high"": 99, ""fixed_support"": true}",0,-1838.0479400538359,3676.0958801076717,3676.0958801076717,chi2_uniform_1_99_bins10,539.9060000000001,1.6233505900134752e-110
file,yn4,yn,20,20,discrete,discrete_uniform_1_100,"{""low"": 1, ""high"": 100, ""fixed_support"": true}",0,-1842.0680743952366,3684.1361487904733,3684.1361487904733,chi2_uniform_1_100_bins10,549.4,1.4969777211065132e-112
file,yn4,yn,20,20,discrete,discrete_uniform_0_99,"{""low"": 0, ""high"": 99, ""fixed_support"": true}",0,-1842.0680743952366,3684.1361487904733,3684.1361487904733,chi2_uniform_0_99_bins10,603.35,3.99950879405353e-124
file,yn4,yn,20,20,discrete,discrete_uniform_0_100,"{""low"": 0, ""high"": 100, ""fixed_support"": true}",0,-1846.048206736504,3692.096413473008,3692.096413473008,chi2_uniform_0_100_bins10,558.61625,1.5817122532448166e-114
file,yn4,yn,20,20,discrete,poisson,"{""mu"": 30.205}",1,-1992.3444921276764,3986.688984255353,3990.680448802461,,,
file,yn4,yn,20,20,continuous_exploratory,uniform,"[10.0, 39.0]",2,-1465.4246584518582,2934.8493169037165,2942.8322459979327,KS_continuous,0.051153846153846105,0.23786055128827566
file,yn4,yn,20,20,continuous_exploratory,weibull_min,"[2.4765417766835034, 3.69569046911346, 29.945141688695458]",3,-1542.270898391883,3090.541796783766,3102.51619042509,KS_continuous,0.07828656747539076,0.01403606056123113
file,yn4,yn,20,20,continuous_exploratory,norm,"[30.205, 11.700554474040963]",2,-1551.4299059316559,3106.8598118633117,3114.842740957528,KS_continuous,0.07587958548583446,0.01892956598396311
file,yn4,yn,20,20,continuous_exploratory,lognorm,"[3.017713267767891e-06, -3877261.710747515, 3877291.9157298603]",3,-1551.4299327046115,3108.859865409223,3120.8342590505467,KS_continuous,0.0758795377668276,0.018929676477455307
file,yn4,yn,20,20,continuous_exploratory,gamma,"[2517.483634915635, -557.1710777166236, 0.23331907031279742]",3,-1551.5520087684667,3109.1040175369335,3121.0784111782573,KS_continuous,0.07564613053502003,0.019477067132484958
file,yn4,yn,20,20,continuous_exploratory,expon,"[10.0, 20.205]",2,-1602.3720394121747,3208.7440788243493,3216.7270079185655,KS_continuous,0.17487529295819532,3.60966238120039e-11
