file,n_jobs,n_machines,seed,num_nodes,node_x_cols,node_x_col0_min,node_x_col0_max,node_x_col0_mean,node_x_col0_median,node_x_col0_std,node_x_col0_range,node_x_col0_q1,node_x_col0_q3,node_x_col0_gini,node_x_col1_min,node_x_col1_max,node_x_col1_mean,node_x_col1_median,node_x_col1_std,node_x_col1_range,node_x_col1_q1,node_x_col1_q3,node_x_col1_gini,node_x_overall_mean,node_x_overall_std,num_conjunctive_edges,num_disjunctive_edges,num_nodes_total,num_edges_total,disj_graph_density,deg_d_min,deg_d_max,deg_d_mean,deg_d_median,deg_d_std,deg_d_range,deg_d_q1,deg_d_q3,deg_d_gini,clustering_d_min,clustering_d_max,clustering_d_mean,clustering_d_median,clustering_d_std,clustering_d_range,clustering_d_q1,clustering_d_q3,clustering_d_gini,conj_graph_density,deg_c_min,deg_c_max,deg_c_mean,deg_c_median,deg_c_std,deg_c_range,deg_c_q1,deg_c_q3,deg_c_gini,betweenness_c_min,betweenness_c_max,betweenness_c_mean,betweenness_c_median,betweenness_c_std,betweenness_c_range,betweenness_c_q1,betweenness_c_q3,betweenness_c_gini,graph_density,deg_min,deg_max,deg_mean,deg_median,deg_std,deg_range,deg_q1,deg_q3,deg_gini,clustering_min,clustering_max,clustering_mean,clustering_median,clustering_std,clustering_range,clustering_q1,clustering_q3,clustering_gini,betweenness_min,betweenness_max,betweenness_mean,betweenness_median,betweenness_std,betweenness_range,betweenness_q1,betweenness_q3,betweenness_gini,speed,rddd,makespan_min,makespan_range,energy_sum_min,energy_sum_range,operation_cost_mean,operation_cost_std,makespan_lb_job_sum,makespan_lb_machine_sum,makespan_lb_meanload,energy_min_mean,energy_avg_mean,energy_max_mean,num_op_nodes
abz5.pt,10,10,0,102,2,0.0,99.0,76.20588235294117,78.5,17.829991386674987,99.0,66.0,91.5,0.12351831250961731,-1.0,9.0,4.392156862745098,4.0,2.9444426309178833,10.0,2.0,7.0,0.3790849673202614,40.29901885986328,38.112884521484375,110,900,102,1010,0.08736167734420501,0.0,9.0,8.823529411764707,9.0,1.2478354962115543,9.0,9.0,9.0,0.019607843137254832,1.0,1.0,1.0,1.0,0.0,0.0,1.0,1.0,0.0,0.021355076684139003,2.0,10.0,2.156862745098039,2.0,1.1091871077436042,8.0,2.0,2.0,0.071301247771836,0.04229702970297031,0.07398019801980199,0.054970297029702984,0.05180198019801981,0.011511066692806306,0.031683168316831684,0.04546534653465347,0.06130693069306931,0.11527377521613791,0.108716754028344,10.0,11.0,10.980392156862745,11.0,0.1386483884679505,1.0,11.0,11.0,0.0017507002801120386,0.6545454545454545,0.7090909090909091,0.6581818181818181,0.6545454545454545,0.011499191491521382,0.054545454545454564,0.6545454545454545,0.6545454545454545,0.005038674033149393,0.005311833362130632,0.0258032951000336,0.01417709735022544,0.013411113871760472,0.004369407119857217,0.020491461737902967,0.011084369855437367,0.01705949431995315,0.17141124397129381,1,0,859,6914,7773,0,77.7300033569336,14.345629692077637,859.0,868.0,777.3,77.73,77.73,77.73,100
abz6.pt,10,10,0,102,2,0.0,98.0,58.294117647058826,59.0,24.362293363863415,98.0,38.0,80.0,0.23943596947692636,-1.0,9.0,4.392156862745098,4.0,2.9444426309178837,10.0,2.0,7.0,0.3790849673202614,31.343137741088867,32.05387496948242,110,900,102,1010,0.08736167734420501,0.0,9.0,8.823529411764707,9.0,1.2478354962115543,9.0,9.0,9.0,0.019607843137254832,1.0,1.0,1.0,1.0,0.0,0.0,1.0,1.0,0.0,0.021355076684139003,2.0,10.0,2.156862745098039,2.0,1.1091871077436042,8.0,2.0,2.0,0.071301247771836,0.04229702970297031,0.07398019801980199,0.054970297029702984,0.05180198019801981,0.011511066692806306,0.031683168316831684,0.04546534653465347,0.06130693069306931,0.11527377521613791,0.108716754028344,10.0,11.0,10.980392156862745,11.0,0.1386483884679505,1.0,11.0,11.0,0.0017507002801120386,0.6545454545454545,0.6727272727272727,0.6567272727272727,0.6545454545454545,0.005908391567007973,0.018181818181818188,0.6545454545454545,0.6545454545454545,0.002923588039867031,0.007541932215199541,0.02895912931629296,0.014014317851953263,0.013615115357689615,0.0034841853775384687,0.02141719710109342,0.011744188429831994,0.01605295267325699,0.13329769998645258,1,0,742,5204,5946,0,59.459999084472656,23.15315055847168,742.0,688.0,594.6,59.46,59.46,59.46,100
abz7.pt,20,15,0,302,2,0.0,40.0,24.39072847682119,24.0,8.353508609670435,40.0,18.0,31.0,0.19611226091600398,-1.0,14.0,6.947019867549669,7.0,4.354776747754595,15.0,3.0,11.0,0.35982339955849896,15.66887378692627,10.974668502807617,320,5700,302,6020,0.06270489098149655,0.0,19.0,18.874172185430464,19.0,1.541069705724516,19.0,19.0,19.0,0.0066225165562914245,1.0,1.0,1.0,1.0,0.0,0.0,1.0,1.0,0.0,0.007040549162834701,2.0,20.0,2.119205298013245,2.0,1.4599607738442781,18.0,2.0,2.0,0.0558774834437088,0.022016611295681065,0.0415514950166113,0.029458471760797345,0.02839534883720931,0.006611479320977486,0.01953488372093024,0.023611295681063127,0.03636877076411961,0.12462689372579994,0.06974544014433126,20.0,21.0,20.99337748344371,21.0,0.0811089318802377,1.0,21.0,21.0,0.00031336829130723665,0.8142857142857143,0.8333333333333334,0.8152380952380952,0.8142857142857143,0.003299144395369294,0.01904761904761909,0.8142857142857143,0.8142857142857143,0.0010843717549327003,0.001878887332632846,0.014387515830505106,0.005250642028671839,0.004987321135233973,0.0017652780605758968,0.01250862849787226,0.004101792400111596,0.005911115826162026,0.1797272721898706,1,0,410,6956,7366,0,24.553333282470703,8.139644622802734,410.0,556.0,491.06666666666666,24.553333333333335,24.553333333333335,24.553333333333335,300
abz8.pt,20,15,0,302,2,0.0,40.0,25.119205298013245,25.0,9.038129057050051,40.0,17.0,33.0,0.20669305430184237,-1.0,14.0,6.947019867549669,7.0,4.354776747754595,15.0,3.0,11.0,0.35982339955849896,16.033113479614258,11.52748966217041,320,5700,302,6020,0.06270489098149655,0.0,19.0,18.874172185430464,19.0,1.541069705724516,19.0,19.0,19.0,0.0066225165562914245,1.0,1.0,1.0,1.0,0.0,0.0,1.0,1.0,0.0,0.007040549162834701,2.0,20.0,2.119205298013245,2.0,1.4599607738442781,18.0,2.0,2.0,0.0558774834437088,0.022016611295681065,0.0415514950166113,0.029458471760797345,0.02839534883720931,0.006611479320977486,0.01953488372093024,0.023611295681063127,0.03636877076411961,0.12462689372579994,0.06974544014433126,20.0,21.0,20.99337748344371,21.0,0.0811089318802377,1.0,21.0,21.0,0.00031336829130723665,0.8142857142857143,0.8285714285714286,0.8151111111111111,0.8142857142857143,0.0028701643307417705,0.014285714285714346,0.8142857142857143,0.8142857142857143,0.0009423845874227954,0.0019696006795165773,0.012761500452214077,0.0052753954542414105,0.004788033085916561,0.001814314578289114,0.0107918997726975,0.004018972108209387,0.005954592176592116,0.1840517677120561,1,0,443,7143,7586,0,25.286666870117188,8.831637382507324,443.0,566.0,505.73333333333335,25.286666666666665,25.286666666666665,25.286666666666665,300
abz9.pt,20,15,0,302,2,0.0,40.0,24.642384105960264,25.0,8.993628628392589,40.0,17.0,32.0,0.20963263809664512,-1.0,14.0,6.947019867549669,7.0,4.354776747754595,15.0,3.0,11.0,0.35982339955849896,15.79470157623291,11.3228178024292,320,5700,302,6020,0.06270489098149655,0.0,19.0,18.874172185430464,19.0,1.541069705724516,19.0,19.0,19.0,0.0066225165562914245,1.0,1.0,1.0,1.0,0.0,0.0,1.0,1.0,0.0,0.007040549162834701,2.0,20.0,2.119205298013245,2.0,1.4599607738442781,18.0,2.0,2.0,0.0558774834437088,0.022016611295681065,0.0415514950166113,0.029458471760797345,0.02839534883720931,0.006611479320977486,0.01953488372093024,0.023611295681063127,0.03636877076411961,0.12462689372579994,0.06974544014433126,20.0,21.0,20.99337748344371,21.0,0.0811089318802377,1.0,21.0,21.0,0.00031336829130723665,0.8142857142857143,0.8285714285714286,0.815206349206349,0.8142857142857143,0.002760079674305795,0.014285714285714346,0.8142857142857143,0.8142857142857143,0.00102535145449556,0.002785339972325383,0.011394599234305716,0.005281151407364238,0.004838003095961168,0.0017952310328080664,0.008609259261980333,0.003971432741369215,0.006066158038631775,0.18216412165035778,1,0,467,6975,7442,0,24.80666732788086,8.794843673706055,467.0,563.0,496.1333333333333,24.80666666666667,24.80666666666667,24.80666666666667,300
ft06.pt,6,6,0,38,2,0.0,10.0,5.184210526315789,5.0,3.016230334268734,10.0,3.0,8.0,0.33141864814320066,-1.0,5.0,2.3157894736842106,2.0,1.8368345649068578,6.0,1.0,4.0,0.42105263157894735,3.75,2.87971568107605,42,180,38,222,0.12802275960170698,0.0,5.0,4.7368421052631575,5.0,1.1164843913471805,5.0,5.0,5.0,0.05263157894736836,1.0,1.0,1.0,1.0,0.0,0.0,1.0,1.0,0.0,0.059743954480796585,2.0,6.0,2.210526315789474,2.0,0.8931875130777441,4.0,2.0,2.0,0.09022556390977443,0.06556556556556557,0.1016016016016016,0.08158158158158157,0.07757757757757758,0.014981611158254015,0.03603603603603603,0.06556556556556557,0.10160160160160159,0.09815950920245431,0.18776671408250356,6.0,7.0,6.947368421052632,7.0,0.22329687826943606,1.0,7.0,7.0,0.0071770334928229484,0.47619047619047616,0.5714285714285714,0.49735449735449716,0.47619047619047616,0.03627330476402669,0.09523809523809523,0.47619047619047616,0.5238095238095238,0.032505910165484986,0.01780941780941781,0.04563127016687388,0.03303485607407175,0.033434270702072555,0.008550922243890367,0.027821852357456066,0.026454472981175765,0.04075813404373776,0.147429670464456,1,0,47,150,197,0,5.472222328186035,2.8331971168518066,47.0,43.0,32.833333333333336,5.472222222222222,5.472222222222222,5.472222222222222,36
ft10.pt,10,10,0,102,2,0.0,99.0,50.088235294117645,48.0,27.796565925991107,99.0,28.25,74.0,0.3196953473109738,-1.0,9.0,4.392156862745098,4.0,2.9444426309178833,10.0,2.0,7.0,0.3790849673202614,27.240196228027344,30.210798263549805,110,900,102,1010,0.08736167734420501,0.0,9.0,8.823529411764707,9.0,1.2478354962115543,9.0,9.0,9.0,0.019607843137254832,1.0,1.0,1.0,1.0,0.0,0.0,1.0,1.0,0.0,0.021355076684139003,2.0,10.0,2.156862745098039,2.0,1.1091871077436042,8.0,2.0,2.0,0.071301247771836,0.04229702970297031,0.07398019801980199,0.054970297029702984,0.05180198019801981,0.011511066692806306,0.031683168316831684,0.04546534653465347,0.06130693069306931,0.11527377521613791,0.108716754028344,10.0,11.0,10.980392156862745,11.0,0.1386483884679505,1.0,11.0,11.0,0.0017507002801120386,0.6545454545454545,0.7090909090909091,0.6599999999999998,0.6545454545454545,0.013726971700492276,0.054545454545454564,0.6545454545454545,0.6545454545454545,0.007239669421488015,0.0038074220513258095,0.05557889814085567,0.016014099197697775,0.013665337264846866,0.009712243658506719,0.05177147608952986,0.009398432860607125,0.019974950141656105,0.31757393318125615,1,0,655,4454,5109,0,51.09000015258789,27.146305084228516,655.0,631.0,510.9,51.09,51.09,51.09,100
ft20.pt,20,5,0,102,2,0.0,99.0,50.088235294117645,48.0,27.796565925991114,99.0,28.25,74.0,0.3196953473109738,-1.0,4.0,1.9411764705882353,2.0,1.460751414289347,5.0,1.0,3.0,0.41176470588235303,26.014705657958984,31.095439910888672,120,1900,102,2020,0.18443020772665503,0.0,19.0,18.627450980392158,19.0,2.63431938089106,19.0,19.0,19.0,0.019607843137254832,1.0,1.0,1.0,1.0,0.0,0.0,1.0,1.0,0.0,0.023296447291788,2.0,20.0,2.3529411764705883,2.0,2.4956709924231086,18.0,2.0,2.0,0.1470588235294119,0.016643564356435648,0.030900990099009904,0.023772277227722773,0.020207920792079212,0.005964309100044894,0.014257425742574256,0.020207920792079212,0.030900990099009904,0.13194502290712218,0.207726655018443,20.0,21.0,20.980392156862745,21.0,0.1386483884679505,1.0,21.0,21.0,0.0009162543522081013,0.8142857142857143,0.8714285714285714,0.8283809523809523,0.8142857142857143,0.02021337425731324,0.05714285714285716,0.8142857142857143,0.8428571428571429,0.011964819498735402,0.0035446724087340987,0.031689055246878775,0.01062991612911647,0.009888947706204139,0.005777013323900732,0.028144382838144678,0.006651436472496304,0.013243783485160154,0.2929267864245071,1,0,387,4722,5109,0,51.09000015258789,27.146305084228516,387.0,1119.0,1021.8,51.09,51.09,51.09,100
la01.pt,10,5,0,52,2,0.0,98.0,54.78846153846154,54.5,27.21802042938969,98.0,34.0,77.5,0.28530253530253535,-1.0,4.0,1.8846153846153846,2.0,1.5019710915205104,5.0,1.0,3.0,0.42307692307692313,28.336538314819336,32.72983932495117,60,450,52,510,0.16968325791855204,0.0,9.0,8.653846153846153,9.0,1.7307692307692304,9.0,9.0,9.0,0.03846153846153855,1.0,1.0,1.0,1.0,0.0,0.0,1.0,1.0,0.0,0.04524886877828054,2.0,10.0,2.3076923076923075,2.0,1.538461538461538,8.0,2.0,2.0,0.1282051282051282,0.03458823529411764,0.05968627450980391,0.04713725490196077,0.04086274509803921,0.010499263078074672,0.02509803921568627,0.04086274509803921,0.05968627450980391,0.11713810316139761,0.2149321266968326,10.0,11.0,10.961538461538462,11.0,0.1923076923076923,1.0,11.0,11.0,0.003373819163292824,0.6545454545454545,0.6909090909090909,0.6639999999999999,0.6545454545454545,0.014195797306140467,0.036363636363636376,0.6545454545454545,0.6727272727272727,0.01018619934282583,0.01217112150548683,0.026796480208244922,0.01901440285204991,0.019220779220779218,0.0032543505098758326,0.014625358702758093,0.017258903720978026,0.020962665874430575,0.09481713097401956,1,0,413,2436,2849,0,56.97999954223633,25.40825843811035,413.0,666.0,569.8,56.98,56.98,56.98,50
la02.pt,10,5,0,52,2,0.0,99.0,50.82692307692308,49.0,28.30922733087228,99.0,26.5,76.0,0.32001076864868017,-1.0,4.0,1.8846153846153846,2.0,1.5019710915205104,5.0,1.0,3.0,0.42307692307692313,26.355770111083984,31.633390426635742,60,450,52,510,0.16968325791855204,0.0,9.0,8.653846153846153,9.0,1.7307692307692304,9.0,9.0,9.0,0.03846153846153855,1.0,1.0,1.0,1.0,0.0,0.0,1.0,1.0,0.0,0.04524886877828054,2.0,10.0,2.3076923076923075,2.0,1.538461538461538,8.0,2.0,2.0,0.1282051282051282,0.03458823529411764,0.05968627450980391,0.04713725490196077,0.04086274509803921,0.010499263078074672,0.02509803921568627,0.04086274509803921,0.05968627450980391,0.11713810316139761,0.2149321266968326,10.0,11.0,10.961538461538462,11.0,0.1923076923076923,1.0,11.0,11.0,0.003373819163292824,0.6545454545454545,0.7272727272727273,0.6705454545454547,0.6545454545454545,0.02587701363586502,0.07272727272727275,0.6545454545454545,0.6909090909090909,0.01783080260303671,0.010361372831961068,0.03378898225957049,0.01958260306142659,0.019945279121749704,0.005110109065433247,0.023427609427609422,0.017018249724132073,0.0220300271623801,0.1429884806696482,1,0,394,2249,2643,0,52.86000061035156,26.944393157958984,394.0,635.0,528.6,52.86,52.86,52.86,50
la03.pt,10,5,0,52,2,0.0,91.0,45.82692307692308,47.5,26.315190957846557,91.0,22.5,64.5,0.33018335001129806,-1.0,4.0,1.8846153846153846,2.0,1.5019710915205104,5.0,1.0,3.0,0.42307692307692313,23.855770111083984,28.811527252197266,60,450,52,510,0.16968325791855204,0.0,9.0,8.653846153846153,9.0,1.7307692307692304,9.0,9.0,9.0,0.03846153846153855,1.0,1.0,1.0,1.0,0.0,0.0,1.0,1.0,0.0,0.04524886877828054,2.0,10.0,2.3076923076923075,2.0,1.538461538461538,8.0,2.0,2.0,0.1282051282051282,0.03458823529411764,0.05968627450980391,0.04713725490196077,0.04086274509803921,0.010499263078074672,0.02509803921568627,0.04086274509803921,0.05968627450980391,0.11713810316139761,0.2149321266968326,10.0,11.0,10.961538461538462,11.0,0.1923076923076923,1.0,11.0,11.0,0.003373819163292824,0.6545454545454545,0.7454545454545455,0.6792727272727273,0.6545454545454545,0.0382700279765029,0.09090909090909094,0.6545454545454545,0.6909090909090909,0.026274089935760303,0.008760270230858463,0.03614415867357044,0.02015070141187788,0.021045693957458665,0.006048725962720178,0.027383888442711973,0.016383071721307013,0.02327017318193789,0.16460959710590495,1,0,349,2034,2383,0,47.65999984741211,25.156002044677734,349.0,588.0,476.6,47.66,47.66,47.66,50
la04.pt,10,5,0,52,2,0.0,98.0,48.21153846153846,52.5,32.834864525415156,98.0,14.75,77.0,0.38727716240679944,-1.0,4.0,1.8846153846153846,2.0,1.5019710915205104,5.0,1.0,3.0,0.42307692307692313,25.048076629638672,32.81368637084961,60,450,52,510,0.16968325791855204,0.0,9.0,8.653846153846153,9.0,1.7307692307692304,9.0,9.0,9.0,0.03846153846153855,1.0,1.0,1.0,1.0,0.0,0.0,1.0,1.0,0.0,0.04524886877828054,2.0,10.0,2.3076923076923075,2.0,1.538461538461538,8.0,2.0,2.0,0.1282051282051282,0.03458823529411764,0.05968627450980391,0.04713725490196077,0.04086274509803921,0.010499263078074672,0.02509803921568627,0.04086274509803921,0.05968627450980391,0.11713810316139761,0.2149321266968326,10.0,11.0,10.961538461538462,11.0,0.1923076923076923,1.0,11.0,11.0,0.003373819163292824,0.6545454545454545,0.7090909090909091,0.6683636363636363,0.6545454545454545,0.021377365027925924,0.054545454545454564,0.6545454545454545,0.6909090909090909,0.015059847660500614,0.011420213773154948,0.030694498674890824,0.01918782019723196,0.01898339568927804,0.004462705588151712,0.019274284901735876,0.017044591574003336,0.020984388160858746,0.12974450430977802,1,0,369,2138,2507,0,50.13999938964844,32.00875473022461,369.0,537.0,501.4,50.14,50.14,50.14,50
la05.pt,10,5,0,52,2,0.0,97.0,43.90384615384615,39.5,26.167551556037296,97.0,23.75,61.25,0.34026584453654096,-1.0,4.0,1.8846153846153846,2.0,1.5019710915205104,5.0,1.0,3.0,0.42307692307692313,22.894229888916016,28.016109466552734,60,450,52,510,0.16968325791855204,0.0,9.0,8.653846153846153,9.0,1.7307692307692304,9.0,9.0,9.0,0.03846153846153855,1.0,1.0,1.0,1.0,0.0,0.0,1.0,1.0,0.0,0.04524886877828054,2.0,10.0,2.3076923076923075,2.0,1.538461538461538,8.0,2.0,2.0,0.1282051282051282,0.03458823529411764,0.05968627450980391,0.04713725490196077,0.04086274509803921,0.010499263078074672,0.02509803921568627,0.04086274509803921,0.05968627450980391,0.11713810316139761,0.2149321266968326,10.0,11.0,10.961538461538462,11.0,0.1923076923076923,1.0,11.0,11.0,0.003373819163292824,0.6545454545454545,0.6909090909090909,0.6632727272727272,0.6545454545454545,0.01272207686148066,0.036363636363636376,0.6545454545454545,0.6727272727272727,0.009210526315789336,0.013704014939309055,0.027423902894491127,0.018915944317120785,0.01895461618991031,0.003323057242435796,0.013719887955182072,0.016343703137820784,0.020598371671901084,0.09817596216459057,1,0,380,1903,2283,0,45.65999984741211,25.138504028320312,380.0,593.0,456.6,45.66,45.66,45.66,50
la06.pt,15,5,0,77,2,0.0,98.0,51.84415584415584,50.0,27.379518809895597,98.0,31.0,77.0,0.303847955651563,-1.0,4.0,1.922077922077922,2.0,1.475041128779292,5.0,1.0,3.0,0.4155844155844157,26.88311767578125,31.606332778930664,90,1050,77,1140,0.17942583732057416,0.0,14.0,13.636363636363637,14.0,2.2268088570756164,14.0,14.0,14.0,0.025974025974025983,1.0,1.0,1.0,1.0,0.0,0.0,1.0,1.0,0.0,0.030758714969241284,2.0,15.0,2.3376623376623376,2.0,2.067751081570216,13.0,2.0,2.0,0.14069264069264076,0.022479532163742686,0.04072514619883041,0.03160233918128654,0.027040935672514615,0.007632687961363497,0.01824561403508772,0.027040935672514615,0.04072514619883041,0.12701702442635088,0.21018455228981545,15.0,16.0,15.974025974025974,16.0,0.1590577755054012,1.0,16.0,16.0,0.0015837820715871587,0.7583333333333333,0.7916666666666666,0.7667777777777778,0.7583333333333333,0.012209083847490844,0.033333333333333326,0.7583333333333333,0.775,0.0077940395111819605,0.007516099884520938,0.01819150780992886,0.012627198101749186,0.01250265280528438,0.0026500044863572462,0.010675407925407922,0.010431427877248309,0.014711353948196053,0.12015657655949008,1,0,413,3579,3992,0,53.22666549682617,26.382606506347656,413.0,926.0,798.4,53.22666666666667,53.22666666666667,53.22666666666667,75
la07.pt,15,5,0,77,2,0.0,97.0,48.63636363636363,51.0,23.174050137252067,97.0,31.0,63.0,0.27223137343297577,-1.0,4.0,1.922077922077922,2.0,1.4750411287792917,5.0,1.0,3.0,0.4155844155844157,25.279220581054688,28.55104637145996,90,1050,77,1140,0.17942583732057416,0.0,14.0,13.636363636363637,14.0,2.2268088570756164,14.0,14.0,14.0,0.025974025974025983,1.0,1.0,1.0,1.0,0.0,0.0,1.0,1.0,0.0,0.030758714969241284,2.0,15.0,2.3376623376623376,2.0,2.067751081570216,13.0,2.0,2.0,0.14069264069264076,0.022479532163742686,0.04072514619883041,0.03160233918128654,0.027040935672514615,0.007632687961363497,0.01824561403508772,0.027040935672514615,0.04072514619883041,0.12701702442635088,0.21018455228981545,15.0,16.0,15.974025974025974,16.0,0.1590577755054012,1.0,16.0,16.0,0.0015837820715871587,0.7583333333333333,0.8,0.7687777777777778,0.7583333333333333,0.015461621143821323,0.04166666666666674,0.7583333333333333,0.775,0.009712386182974209,0.006389199153750037,0.026569612755427904,0.012933569928845036,0.013216748736872575,0.0043622138439166,0.02018041360167787,0.010594903329838767,0.014619268001233948,0.18008357163306576,1,0,376,3369,3745,0,49.93333435058594,22.05891227722168,376.0,869.0,749.0,49.93333333333333,49.93333333333333,49.93333333333333,75
la08.pt,15,5,0,77,2,0.0,98.0,49.675324675324674,52.0,31.11204784321473,98.0,19.0,76.0,0.3591749427043547,-1.0,4.0,1.922077922077922,2.0,1.4750411287792917,5.0,1.0,3.0,0.4155844155844157,25.798702239990234,32.483238220214844,90,1050,77,1140,0.17942583732057416,0.0,14.0,13.636363636363637,14.0,2.2268088570756164,14.0,14.0,14.0,0.025974025974025983,1.0,1.0,1.0,1.0,0.0,0.0,1.0,1.0,0.0,0.030758714969241284,2.0,15.0,2.3376623376623376,2.0,2.067751081570216,13.0,2.0,2.0,0.14069264069264076,0.022479532163742686,0.04072514619883041,0.03160233918128654,0.027040935672514615,0.007632687961363497,0.01824561403508772,0.027040935672514615,0.04072514619883041,0.12701702442635088,0.21018455228981545,15.0,16.0,15.974025974025974,16.0,0.1590577755054012,1.0,16.0,16.0,0.0015837820715871587,0.7583333333333333,0.7916666666666666,0.7667777777777777,0.7583333333333333,0.011745238068423765,0.033333333333333326,0.7583333333333333,0.775,0.007585374100372189,0.006914594664594663,0.01783033890773829,0.012757991241644492,0.0131852703826388,0.002600755069133216,0.010915744243143625,0.010606080810028177,0.014190001590543387,0.11564863008112858,1,0,369,3456,3825,0,51.0,30.433752059936523,369.0,863.0,765.0,51.0,51.0,51.0,75
la09.pt,15,5,0,77,2,0.0,99.0,55.36363636363637,60.0,27.370905536604788,99.0,38.0,78.0,0.28266783650316385,-1.0,4.0,1.922077922077922,2.0,1.475041128779292,5.0,1.0,3.0,0.4155844155844157,28.64285659790039,33.01016616821289,90,1050,77,1140,0.17942583732057416,0.0,14.0,13.636363636363637,14.0,2.2268088570756164,14.0,14.0,14.0,0.025974025974025983,1.0,1.0,1.0,1.0,0.0,0.0,1.0,1.0,0.0,0.030758714969241284,2.0,15.0,2.3376623376623376,2.0,2.067751081570216,13.0,2.0,2.0,0.14069264069264076,0.022479532163742686,0.04072514619883041,0.03160233918128654,0.027040935672514615,0.007632687961363497,0.01824561403508772,0.027040935672514615,0.04072514619883041,0.12701702442635088,0.21018455228981545,15.0,16.0,15.974025974025974,16.0,0.1590577755054012,1.0,16.0,16.0,0.0015837820715871587,0.7583333333333333,0.7916666666666666,0.7661111111111111,0.7583333333333333,0.010999438818457413,0.033333333333333326,0.7583333333333333,0.775,0.00710079767947791,0.007375388056502608,0.025076830720019577,0.012611563731532771,0.011978464517938202,0.0031817684516622486,0.01770144266351697,0.010704823341433245,0.013846942531153058,0.13109873623002044,1,0,382,3881,4263,0,56.84000015258789,26.176855087280273,382.0,951.0,852.6,56.84,56.84,56.84,75
la10.pt,15,5,0,77,2,0.0,97.0,52.20779220779221,57.0,29.039309525590586,97.0,27.0,77.0,0.3194805194805197,-1.0,4.0,1.922077922077922,2.0,1.4750411287792917,5.0,1.0,3.0,0.4155844155844157,27.0649356842041,32.47909927368164,90,1050,77,1140,0.17942583732057416,0.0,14.0,13.636363636363637,14.0,2.2268088570756164,14.0,14.0,14.0,0.025974025974025983,1.0,1.0,1.0,1.0,0.0,0.0,1.0,1.0,0.0,0.030758714969241284,2.0,15.0,2.3376623376623376,2.0,2.067751081570216,13.0,2.0,2.0,0.14069264069264076,0.022479532163742686,0.04072514619883041,0.03160233918128654,0.027040935672514615,0.007632687961363497,0.01824561403508772,0.027040935672514615,0.04072514619883041,0.12701702442635088,0.21018455228981545,15.0,16.0,15.974025974025974,16.0,0.1590577755054012,1.0,16.0,16.0,0.0015837820715871587,0.7583333333333333,0.7833333333333333,0.7667777777777777,0.7583333333333333,0.011012899282990115,0.025000000000000022,0.7583333333333333,0.7833333333333333,0.007195092498671896,0.00783711512658881,0.017894204723152094,0.01268950670932095,0.012950256027655406,0.002669843869946415,0.010057089596563285,0.010157755732698524,0.014408756691651429,0.12048526150565486,1,0,443,3577,4020,0,53.599998474121094,28.127328872680664,443.0,958.0,804.0,53.6,53.6,53.6,75
la11.pt,20,5,0,102,2,0.0,98.0,52.46078431372549,51.0,27.128839863253063,98.0,31.5,77.0,0.2977508327195577,-1.0,4.0,1.9411764705882353,2.0,1.460751414289347,5.0,1.0,3.0,0.41176470588235303,27.20098114013672,31.73501968383789,120,1900,102,2020,0.18443020772665503,0.0,19.0,18.627450980392158,19.0,2.63431938089106,19.0,19.0,19.0,0.019607843137254832,1.0,1.0,1.0,1.0,0.0,0.0,1.0,1.0,0.0,0.023296447291788,2.0,20.0,2.3529411764705883,2.0,2.4956709924231086,18.0,2.0,2.0,0.1470588235294119,0.016643564356435648,0.030900990099009904,0.023772277227722773,0.020207920792079212,0.005964309100044894,0.014257425742574256,0.020207920792079212,0.030900990099009904,0.13194502290712218,0.207726655018443,20.0,21.0,20.980392156862745,21.0,0.1386483884679505,1.0,21.0,21.0,0.0009162543522081013,0.8142857142857143,0.8476190476190476,0.8230476190476191,0.8142857142857143,0.01273700484874709,0.033333333333333326,0.8142857142857143,0.8333333333333334,0.0075503355704693575,0.005562628259559876,0.014122991879189962,0.009644652519123952,0.009888328830375787,0.0022037203193599696,0.008560363619630085,0.007599281262287423,0.011192804824809435,0.13046936922128416,1,0,413,4938,5351,0,53.5099983215332,26.35431480407715,413.0,1222.0,1070.2,53.51,53.51,53.51,100
la12.pt,20,5,0,102,2,0.0,98.0,45.84313725490196,41.5,27.858798412371648,98.0,21.25,65.5,0.34941461614585956,-1.0,4.0,1.9411764705882353,2.0,1.460751414289347,5.0,1.0,3.0,0.41176470588235303,23.89215660095215,29.51218032836914,120,1900,102,2020,0.18443020772665503,0.0,19.0,18.627450980392158,19.0,2.63431938089106,19.0,19.0,19.0,0.019607843137254832,1.0,1.0,1.0,1.0,0.0,0.0,1.0,1.0,0.0,0.023296447291788,2.0,20.0,2.3529411764705883,2.0,2.4956709924231086,18.0,2.0,2.0,0.1470588235294119,0.016643564356435648,0.030900990099009904,0.023772277227722773,0.020207920792079212,0.005964309100044894,0.014257425742574256,0.020207920792079212,0.030900990099009904,0.13194502290712218,0.207726655018443,20.0,21.0,20.980392156862745,21.0,0.1386483884679505,1.0,21.0,21.0,0.0009162543522081013,0.8142857142857143,0.8476190476190476,0.8214285714285715,0.8142857142857143,0.0103345401972432,0.033333333333333326,0.8142857142857143,0.8285714285714286,0.006111304347825808,0.005581239987080879,0.016377176982148932,0.009476715170648034,0.00925882260299313,0.0024550561610185346,0.010795936995068053,0.007504947486437965,0.01133247940608825,0.14668838503603054,1,0,408,4268,4676,0,46.7599983215332,27.363521575927734,408.0,1039.0,935.2,46.76,46.76,46.76,100
la13.pt,20,5,0,102,2,0.0,97.0,50.84313725490196,50.5,26.428870539634666,97.0,28.0,72.75,0.29946008484381026,-1.0,4.0,1.9411764705882353,2.0,1.460751414289347,5.0,1.0,3.0,0.41176470588235303,26.39215660095215,30.792205810546875,120,1900,102,2020,0.18443020772665503,0.0,19.0,18.627450980392158,19.0,2.63431938089106,19.0,19.0,19.0,0.019607843137254832,1.0,1.0,1.0,1.0,0.0,0.0,1.0,1.0,0.0,0.023296447291788,2.0,20.0,2.3529411764705883,2.0,2.4956709924231086,18.0,2.0,2.0,0.1470588235294119,0.016643564356435648,0.030900990099009904,0.023772277227722773,0.020207920792079212,0.005964309100044894,0.014257425742574256,0.020207920792079212,0.030900990099009904,0.13194502290712218,0.207726655018443,20.0,21.0,20.980392156862745,21.0,0.1386483884679505,1.0,21.0,21.0,0.0009162543522081013,0.8142857142857143,0.8476190476190476,0.8214285714285715,0.8142857142857143,0.010465362369445676,0.033333333333333326,0.8142857142857143,0.8285714285714286,0.006176231884057692,0.005293592313003199,0.015910591263515447,0.009518726823189614,0.009610361674925025,0.002357266485571556,0.010616998950512248,0.007836355980865892,0.010875838775469302,0.13806956611713161,1,0,382,4804,5186,0,51.86000061035156,25.68502426147461,382.0,1150.0,1037.2,51.86,51.86,51.86,100
la14.pt,20,5,0,102,2,0.0,97.0,52.411764705882355,55.5,28.597392223485205,97.0,29.0,77.0,0.31313131313131315,-1.0,4.0,1.9411764705882353,2.0,1.460751414289347,5.0,1.0,3.0,0.41176470588235303,27.176469802856445,32.35417175292969,120,1900,102,2020,0.18443020772665503,0.0,19.0,18.627450980392158,19.0,2.63431938089106,19.0,19.0,19.0,0.019607843137254832,1.0,1.0,1.0,1.0,0.0,0.0,1.0,1.0,0.0,0.023296447291788,2.0,20.0,2.3529411764705883,2.0,2.4956709924231086,18.0,2.0,2.0,0.1470588235294119,0.016643564356435648,0.030900990099009904,0.023772277227722773,0.020207920792079212,0.005964309100044894,0.014257425742574256,0.020207920792079212,0.030900990099009904,0.13194502290712218,0.207726655018443,20.0,21.0,20.980392156862745,21.0,0.1386483884679505,1.0,21.0,21.0,0.0009162543522081013,0.8142857142857143,0.8333333333333334,0.8205714285714286,0.8142857142857143,0.00824456118393493,0.01904761904761909,0.8142857142857143,0.8297619047619048,0.005042943361188268,0.006780408364382861,0.011654882359599892,0.009413705303252404,0.009796503429814283,0.0016435341980542886,0.004874473995217031,0.007683004801517818,0.010937073593301563,0.09889788049914072,1,0,443,4903,5346,0,53.459999084472656,27.89495277404785,443.0,1292.0,1069.2,53.46,53.46,53.46,100
la15.pt,20,5,0,102,2,0.0,99.0,53.38235294117647,55.0,28.22147844185453,99.0,30.25,80.0,0.3045121446190966,-1.0,4.0,1.9411764705882353,2.0,1.460751414289347,5.0,1.0,3.0,0.41176470588235303,27.66176414489746,32.570560455322266,120,1900,102,2020,0.18443020772665503,0.0,19.0,18.627450980392158,19.0,2.63431938089106,19.0,19.0,19.0,0.019607843137254832,1.0,1.0,1.0,1.0,0.0,0.0,1.0,1.0,0.0,0.023296447291788,2.0,20.0,2.3529411764705883,2.0,2.4956709924231086,18.0,2.0,2.0,0.1470588235294119,0.016643564356435648,0.030900990099009904,0.023772277227722773,0.020207920792079212,0.005964309100044894,0.014257425742574256,0.020207920792079212,0.030900990099009904,0.13194502290712218,0.207726655018443,20.0,21.0,20.980392156862745,21.0,0.1386483884679505,1.0,21.0,21.0,0.0009162543522081013,0.8142857142857143,0.8428571428571429,0.8220000000000002,0.8142857142857143,0.01083330716898987,0.02857142857142858,0.8142857142857143,0.830952380952381,0.0064893986791794145,0.005933017367628302,0.013705418537124698,0.009576683433882804,0.010129868833194517,0.0019454732389132521,0.007772401169496395,0.007769414759578909,0.011097329909138295,0.11290770608324951,1,0,378,5067,5445,0,54.45000076293945,27.46356773376465,378.0,1207.0,1089.0,54.45,54.45,54.45,100
la16.pt,10,10,0,102,2,0.0,98.0,52.46078431372549,51.0,27.128839863253063,98.0,31.5,77.0,0.2977508327195577,-1.0,9.0,4.392156862745098,4.0,2.9444426309178837,10.0,2.0,7.0,0.3790849673202614,28.426469802856445,30.82158660888672,110,900,102,1010,0.08736167734420501,0.0,9.0,8.823529411764707,9.0,1.2478354962115543,9.0,9.0,9.0,0.019607843137254832,1.0,1.0,1.0,1.0,0.0,0.0,1.0,1.0,0.0,0.021355076684139003,2.0,10.0,2.156862745098039,2.0,1.1091871077436042,8.0,2.0,2.0,0.071301247771836,0.04229702970297031,0.07398019801980199,0.054970297029702984,0.05180198019801981,0.011511066692806306,0.031683168316831684,0.04546534653465347,0.06130693069306931,0.11527377521613791,0.108716754028344,10.0,11.0,10.980392156862745,11.0,0.1386483884679505,1.0,11.0,11.0,0.0017507002801120386,0.6545454545454545,0.6909090909090909,0.6589090909090908,0.6545454545454545,0.010945394140576303,0.036363636363636376,0.6545454545454545,0.6545454545454545,0.0057781456953642785,0.007264173300619186,0.02618738585235382,0.014282488965506782,0.01417026323526899,0.0038747749725223267,0.018923212551734632,0.011599133043960506,0.01574691116677308,0.15067518442106675,1,0,717,4634,5351,0,53.5099983215332,26.35431480407715,717.0,660.0,535.1,53.51,53.51,53.51,100
la17.pt,10,10,0,102,2,0.0,98.0,45.84313725490196,41.5,27.858798412371645,98.0,21.25,65.5,0.34941461614585956,-1.0,9.0,4.392156862745098,4.0,2.9444426309178833,10.0,2.0,7.0,0.3790849673202614,25.117647171020508,28.66944694519043,110,900,102,1010,0.08736167734420501,0.0,9.0,8.823529411764707,9.0,1.2478354962115543,9.0,9.0,9.0,0.019607843137254832,1.0,1.0,1.0,1.0,0.0,0.0,1.0,1.0,0.0,0.021355076684139003,2.0,10.0,2.156862745098039,2.0,1.1091871077436042,8.0,2.0,2.0,0.071301247771836,0.04229702970297031,0.07398019801980199,0.054970297029702984,0.05180198019801981,0.011511066692806306,0.031683168316831684,0.04546534653465347,0.06130693069306931,0.11527377521613791,0.108716754028344,10.0,11.0,10.980392156862745,11.0,0.1386483884679505,1.0,11.0,11.0,0.0017507002801120386,0.6545454545454545,0.6909090909090909,0.6581818181818181,0.6545454545454545,0.009620913858416694,0.036363636363636376,0.6545454545454545,0.6545454545454545,0.004883977900552505,0.00801380493016416,0.01986332711896593,0.014163172159889468,0.014033901948517311,0.0026402395116965583,0.01184952218880177,0.012068826165278402,0.016159017259146646,0.10667466246582169,1,0,646,4030,4676,0,46.7599983215332,27.363521575927734,646.0,683.0,467.6,46.76,46.76,46.76,100
la18.pt,10,10,0,102,2,0.0,97.0,50.84313725490196,50.5,26.428870539634666,97.0,28.0,72.75,0.29946008484381026,-1.0,9.0,4.392156862745098,4.0,2.9444426309178833,10.0,2.0,7.0,0.3790849673202614,27.617647171020508,29.883121490478516,110,900,102,1010,0.08736167734420501,0.0,9.0,8.823529411764707,9.0,1.2478354962115543,9.0,9.0,9.0,0.019607843137254832,1.0,1.0,1.0,1.0,0.0,0.0,1.0,1.0,0.0,0.021355076684139003,2.0,10.0,2.156862745098039,2.0,1.1091871077436042,8.0,2.0,2.0,0.071301247771836,0.04229702970297031,0.07398019801980199,0.054970297029702984,0.05180198019801981,0.011511066692806306,0.031683168316831684,0.04546534653465347,0.06130693069306931,0.11527377521613791,0.108716754028344,10.0,11.0,10.980392156862745,11.0,0.1386483884679505,1.0,11.0,11.0,0.0017507002801120386,0.6545454545454545,0.6909090909090909,0.6570909090909091,0.6545454545454545,0.007722458393307384,0.036363636363636376,0.6545454545454545,0.6545454545454545,0.003514111787493057,0.006753631649525652,0.026645617082716677,0.014062417040508186,0.013333557967949352,0.004026996262284753,0.019891985433191026,0.011127946775770014,0.016041653745206455,0.15730737872824418,1,0,663,4523,5186,0,51.86000061035156,25.685022354125977,663.0,623.0,518.6,51.86,51.86,51.86,100
la19.pt,10,10,0,102,2,0.0,97.0,52.411764705882355,55.5,28.597392223485205,97.0,29.0,77.0,0.31313131313131315,-1.0,9.0,4.392156862745098,4.0,2.9444426309178837,10.0,2.0,7.0,0.3790849673202614,28.401960372924805,31.459671020507812,110,900,102,1010,0.08736167734420501,0.0,9.0,8.823529411764707,9.0,1.2478354962115543,9.0,9.0,9.0,0.019607843137254832,1.0,1.0,1.0,1.0,0.0,0.0,1.0,1.0,0.0,0.021355076684139003,2.0,10.0,2.156862745098039,2.0,1.1091871077436042,8.0,2.0,2.0,0.071301247771836,0.04229702970297031,0.07398019801980199,0.054970297029702984,0.05180198019801981,0.011511066692806306,0.031683168316831684,0.04546534653465347,0.06130693069306931,0.11527377521613791,0.108716754028344,10.0,11.0,10.980392156862745,11.0,0.1386483884679505,1.0,11.0,11.0,0.0017507002801120386,0.6545454545454545,0.7090909090909091,0.6585454545454544,0.6545454545454545,0.011664738132614868,0.054545454545454564,0.6545454545454545,0.6545454545454545,0.005444505797901789,0.0077633460375979655,0.028524747141811784,0.014255898033113168,0.013318367589535425,0.004290537855169974,0.020761401104213817,0.011250151920929964,0.016433450558040193,0.16303107392139005,1,0,617,4729,5346,0,53.459999084472656,27.89495277404785,617.0,685.0,534.6,53.46,53.46,53.46,100
la20.pt,10,10,0,102,2,0.0,99.0,53.38235294117647,55.0,28.22147844185453,99.0,30.25,80.0,0.3045121446190966,-1.0,9.0,4.392156862745098,4.0,2.9444426309178837,10.0,2.0,7.0,0.3790849673202614,28.88725471496582,31.663394927978516,110,900,102,1010,0.08736167734420501,0.0,9.0,8.823529411764707,9.0,1.2478354962115543,9.0,9.0,9.0,0.019607843137254832,1.0,1.0,1.0,1.0,0.0,0.0,1.0,1.0,0.0,0.021355076684139003,2.0,10.0,2.156862745098039,2.0,1.1091871077436042,8.0,2.0,2.0,0.071301247771836,0.04229702970297031,0.07398019801980199,0.054970297029702984,0.05180198019801981,0.011511066692806306,0.031683168316831684,0.04546534653465347,0.06130693069306931,0.11527377521613791,0.108716754028344,10.0,11.0,10.980392156862745,11.0,0.1386483884679505,1.0,11.0,11.0,0.0017507002801120386,0.6545454545454545,0.6909090909090909,0.6570909090909091,0.6545454545454545,0.007722458393307384,0.036363636363636376,0.6545454545454545,0.6545454545454545,0.003514111787493057,0.006709806694955209,0.025269736912282056,0.014053964861341715,0.013174400162518207,0.004053743594493397,0.018559930217326846,0.011350376993904948,0.016489639667748295,0.1590924276758563,1,0,756,4689,5445,0,54.45000076293945,27.463565826416016,756.0,744.0,544.5,54.45,54.45,54.45,100
la21.pt,15,10,0,152,2,0.0,99.0,52.5921052631579,50.0,27.068955626801742,99.0,28.0,77.0,0.29654477700380544,-1.0,9.0,4.427631578947368,4.0,2.921341557545929,10.0,2.0,7.0,0.375,28.509868621826172,30.83156394958496,165,2100,152,2265,0.09149529452771,0.0,14.0,13.81578947368421,14.0,1.5953099543397553,14.0,14.0,14.0,0.013157894736842035,1.0,1.0,1.0,1.0,0.0,0.0,1.0,1.0,0.0,0.014377831997211573,2.0,15.0,2.1710526315789473,2.0,1.4813592433154874,13.0,2.0,2.0,0.0777511961722488,0.027908756438557763,0.050866813833701244,0.03709197939661515,0.03479617365710081,0.008341076472215605,0.02295805739514348,0.03020456217807211,0.041683590875643856,0.12378987462307589,0.10587312652492158,15.0,16.0,15.986842105263158,16.0,0.11395071102426825,1.0,16.0,16.0,0.0008122157244965234,0.7583333333333333,0.7916666666666666,0.761222222222222,0.7583333333333333,0.007757115411425368,0.033333333333333326,0.7583333333333333,0.7583333333333333,0.003376636014207124,0.005022006631544943,0.021261249297280637,0.009314118277428896,0.008728465520322838,0.0026250420766346446,0.016239242665735693,0.007807574863775998,0.009993362373275642,0.14011522412471678,1,0,717,7277,7994,0,53.2933349609375,26.55423355102539,717.0,935.0,799.4,53.29333333333334,53.29333333333334,53.29333333333334,150
la22.pt,15,10,0,152,2,0.0,98.0,48.171052631578945,48.0,28.236728674908285,98.0,23.0,72.25,0.3378337095127877,-1.0,9.0,4.427631578947368,4.0,2.921341557545929,10.0,2.0,7.0,0.375,26.299341201782227,29.686616897583008,165,2100,152,2265,0.09149529452771,0.0,14.0,13.81578947368421,14.0,1.5953099543397553,14.0,14.0,14.0,0.013157894736842035,1.0,1.0,1.0,1.0,0.0,0.0,1.0,1.0,0.0,0.014377831997211573,2.0,15.0,2.1710526315789473,2.0,1.4813592433154874,13.0,2.0,2.0,0.0777511961722488,0.027908756438557763,0.050866813833701244,0.03709197939661515,0.03479617365710081,0.008341076472215605,0.02295805739514348,0.03020456217807211,0.041683590875643856,0.12378987462307589,0.10587312652492158,15.0,16.0,15.986842105263158,16.0,0.11395071102426825,1.0,16.0,16.0,0.0008122157244965234,0.7583333333333333,0.7833333333333333,0.7604444444444444,0.7583333333333333,0.005459163776239237,0.025000000000000022,0.7583333333333333,0.7583333333333333,0.0024391194233392977,0.004401303285571186,0.01930204281859911,0.009247270514568206,0.008726696985784222,0.0026085977138858327,0.014900739533027924,0.0076932630629039395,0.010584244367356952,0.15018142627027853,1,0,619,6703,7322,0,48.813331604003906,27.86739730834961,619.0,830.0,732.2,48.81333333333333,48.81333333333333,48.81333333333333,150
la23.pt,15,10,0,152,2,0.0,97.0,53.19078947368421,57.0,27.508547368483487,97.0,31.0,76.25,0.29646437522377367,-1.0,9.0,4.427631578947368,4.0,2.921341557545929,10.0,2.0,7.0,0.375,28.8092098236084,31.2584171295166,165,2100,152,2265,0.09149529452771,0.0,14.0,13.81578947368421,14.0,1.5953099543397553,14.0,14.0,14.0,0.013157894736842035,1.0,1.0,1.0,1.0,0.0,0.0,1.0,1.0,0.0,0.014377831997211573,2.0,15.0,2.1710526315789473,2.0,1.4813592433154874,13.0,2.0,2.0,0.0777511961722488,0.027908756438557763,0.050866813833701244,0.03709197939661515,0.03479617365710081,0.008341076472215605,0.02295805739514348,0.03020456217807211,0.041683590875643856,0.12378987462307589,0.10587312652492158,15.0,16.0,15.986842105263158,16.0,0.11395071102426825,1.0,16.0,16.0,0.0008122157244965234,0.7583333333333333,0.7916666666666666,0.7605555555555554,0.7583333333333333,0.0068493488921877585,0.033333333333333326,0.7583333333333333,0.7583333333333333,0.002662770878987475,0.005589286969242248,0.017372403965686123,0.009215344698900238,0.008796160990835508,0.0024862487535416682,0.011783116996443875,0.007392534803249292,0.01045790431896887,0.14822504682346604,1,0,640,7445,8085,0,53.900001525878906,26.99228286743164,640.0,1032.0,808.5,53.9,53.9,53.9,150
la24.pt,15,10,0,152,2,0.0,99.0,50.83552631578947,50.0,27.545761943333154,99.0,26.75,72.0,0.31227735282297897,-1.0,9.0,4.427631578947368,4.0,2.921341557545929,10.0,2.0,7.0,0.375,27.63157844543457,30.365684509277344,165,2100,152,2265,0.09149529452771,0.0,14.0,13.81578947368421,14.0,1.5953099543397553,14.0,14.0,14.0,0.013157894736842035,1.0,1.0,1.0,1.0,0.0,0.0,1.0,1.0,0.0,0.014377831997211573,2.0,15.0,2.1710526315789473,2.0,1.4813592433154874,13.0,2.0,2.0,0.0777511961722488,0.027908756438557763,0.050866813833701244,0.03709197939661515,0.03479617365710081,0.008341076472215605,0.02295805739514348,0.03020456217807211,0.041683590875643856,0.12378987462307589,0.10587312652492158,15.0,16.0,15.986842105263158,16.0,0.11395071102426825,1.0,16.0,16.0,0.0008122157244965234,0.7583333333333333,0.7833333333333333,0.7604444444444444,0.7583333333333333,0.005459163776239237,0.025000000000000022,0.7583333333333333,0.7583333333333333,0.0024391194233395197,0.004601627544232401,0.018906131800100815,0.009233813847324577,0.008552502401351407,0.002521720577541133,0.014304504255868414,0.007478904306831291,0.0105008729953762,0.14431552558212757,1,0,704,7023,7727,0,51.51333236694336,27.091876983642578,704.0,857.0,772.7,51.513333333333335,51.513333333333335,51.513333333333335,150
la25.pt,15,10,0,152,2,0.0,99.0,49.401315789473685,46.0,28.283401276055578,99.0,27.75,74.25,0.33000487134736556,-1.0,9.0,4.427631578947368,4.0,2.9213415575459294,10.0,2.0,7.0,0.375,26.914474487304688,30.1645565032959,165,2100,152,2265,0.09149529452771,0.0,14.0,13.81578947368421,14.0,1.5953099543397553,14.0,14.0,14.0,0.013157894736842035,1.0,1.0,1.0,1.0,0.0,0.0,1.0,1.0,0.0,0.014377831997211573,2.0,15.0,2.1710526315789473,2.0,1.4813592433154874,13.0,2.0,2.0,0.0777511961722488,0.027908756438557763,0.050866813833701244,0.03709197939661515,0.03479617365710081,0.008341076472215605,0.02295805739514348,0.03020456217807211,0.041683590875643856,0.12378987462307589,0.10587312652492158,15.0,16.0,15.986842105263158,16.0,0.11395071102426825,1.0,16.0,16.0,0.0008122157244965234,0.7583333333333333,0.7833333333333333,0.7604444444444444,0.7583333333333333,0.005946261404559858,0.025000000000000022,0.7583333333333333,0.7583333333333333,0.002485875706214946,0.003909495459164334,0.01882763937068573,0.009225385726464792,0.008618480611858093,0.002806399051213372,0.014918143911521395,0.007208821854389921,0.011265171610718456,0.16772889574318484,1,0,723,6786,7509,0,50.060001373291016,27.88625144958496,723.0,864.0,750.9,50.06,50.06,50.06,150
la26.pt,20,10,0,202,2,0.0,99.0,52.054455445544555,50.0,26.179161937559524,99.0,30.25,75.0,0.2898796156363139,-1.0,9.0,4.445544554455446,4.0,2.909442624735666,10.0,2.0,7.0,0.3729372937293729,28.25,30.225135803222656,220,3800,202,4020,0.09359144869710852,0.0,19.0,18.81188118811881,19.0,1.8811881188118815,19.0,19.0,19.0,0.00990099009900991,1.0,1.0,1.0,1.0,0.0,0.0,1.0,1.0,0.0,0.010836904585980986,2.0,20.0,2.1782178217821784,2.0,1.7821782178217827,18.0,2.0,2.0,0.08100810081008092,0.02082338308457711,0.03873383084577114,0.027987562189054724,0.02619651741293532,0.006507188820746847,0.017910447761194027,0.022614427860696514,0.03156965174129353,0.1279886232334908,0.1044283532830895,20.0,21.0,20.99009900990099,21.0,0.099009900990099,1.0,21.0,21.0,0.00046702783485885746,0.8142857142857143,0.8380952380952381,0.8161904761904762,0.8142857142857143,0.005016977977548926,0.023809523809523836,0.8142857142857143,0.8142857142857143,0.0020586347724620424,0.003372415726893338,0.01599542152154092,0.006907282174707548,0.006599735509561378,0.0016261741121960268,0.012623005794647583,0.006041248483412661,0.007730238298646261,0.12308226759024055,1,0,717,9798,10515,0,52.57500076293945,25.784381866455078,717.0,1218.0,1051.5,52.575,52.575,52.575,200
la27.pt,20,10,0,202,2,0.0,99.0,53.62376237623762,53.5,26.71497947629349,99.0,33.0,77.0,0.2871570484227153,-1.0,9.0,4.445544554455446,4.0,2.909442624735666,10.0,2.0,7.0,0.3729372937293729,29.034652709960938,31.075742721557617,220,3800,202,4020,0.09359144869710852,0.0,19.0,18.81188118811881,19.0,1.8811881188118815,19.0,19.0,19.0,0.00990099009900991,1.0,1.0,1.0,1.0,0.0,0.0,1.0,1.0,0.0,0.010836904585980986,2.0,20.0,2.1782178217821784,2.0,1.7821782178217827,18.0,2.0,2.0,0.08100810081008092,0.02082338308457711,0.03873383084577114,0.027987562189054724,0.02619651741293532,0.006507188820746847,0.017910447761194027,0.022614427860696514,0.03156965174129353,0.1279886232334908,0.1044283532830895,20.0,21.0,20.99009900990099,21.0,0.099009900990099,1.0,21.0,21.0,0.00046702783485885746,0.8142857142857143,0.8285714285714286,0.8159047619047619,0.8142857142857143,0.0037325557985267493,0.014285714285714346,0.8142857142857143,0.8142857142857143,0.001698085677600103,0.004004174515368545,0.013924713945392311,0.006912798955858699,0.00647756943584034,0.0018949049048525594,0.009920539430023766,0.005598130646319033,0.0077429692853749794,0.14554335721467004,1,0,686,10146,10832,0,54.15999984741211,26.301794052124023,686.0,1188.0,1083.2,54.16,54.16,54.16,200
la28.pt,20,10,0,202,2,0.0,99.0,52.881188118811885,54.5,27.468537223562432,99.0,30.25,74.0,0.29942384802045074,-1.0,9.0,4.445544554455446,4.0,2.909442624735666,10.0,2.0,7.0,0.3729372937293729,28.663366317749023,31.112625122070312,220,3800,202,4020,0.09359144869710852,0.0,19.0,18.81188118811881,19.0,1.8811881188118815,19.0,19.0,19.0,0.00990099009900991,1.0,1.0,1.0,1.0,0.0,0.0,1.0,1.0,0.0,0.010836904585980986,2.0,20.0,2.1782178217821784,2.0,1.7821782178217827,18.0,2.0,2.0,0.08100810081008092,0.02082338308457711,0.03873383084577114,0.027987562189054724,0.02619651741293532,0.006507188820746847,0.017910447761194027,0.022614427860696514,0.03156965174129353,0.1279886232334908,0.1044283532830895,20.0,21.0,20.99009900990099,21.0,0.099009900990099,1.0,21.0,21.0,0.00046702783485885746,0.8142857142857143,0.8333333333333334,0.8160476190476191,0.8142857142857143,0.004267421276806582,0.01904761904761909,0.8142857142857143,0.8142857142857143,0.0018705140923147567,0.003599367416312105,0.013619738608544577,0.006886062027041504,0.006401741569652017,0.0020261201477550293,0.010020371192232471,0.00547935913934048,0.007758529233342668,0.15552031261025445,1,0,756,9926,10682,0,53.40999984741211,27.089147567749023,756.0,1216.0,1068.2,53.41,53.41,53.41,200
la29.pt,20,10,0,202,2,0.0,99.0,49.15346534653465,46.0,27.664203071039836,99.0,26.25,74.0,0.3244625953178457,-1.0,9.0,4.445544554455446,4.0,2.909442624735666,10.0,2.0,7.0,0.3729372937293729,26.79950523376465,29.77559471130371,220,3800,202,4020,0.09359144869710852,0.0,19.0,18.81188118811881,19.0,1.8811881188118815,19.0,19.0,19.0,0.00990099009900991,1.0,1.0,1.0,1.0,0.0,0.0,1.0,1.0,0.0,0.010836904585980986,2.0,20.0,2.1782178217821784,2.0,1.7821782178217827,18.0,2.0,2.0,0.08100810081008092,0.02082338308457711,0.03873383084577114,0.027987562189054724,0.02619651741293532,0.006507188820746847,0.017910447761194027,0.022614427860696514,0.03156965174129353,0.1279886232334908,0.1044283532830895,20.0,21.0,20.99009900990099,21.0,0.099009900990099,1.0,21.0,21.0,0.00046702783485885746,0.8142857142857143,0.8333333333333334,0.815952380952381,0.8142857142857143,0.004331763190157211,0.01904761904761909,0.8142857142857143,0.8142857142857143,0.0018027429238400838,0.0033109457436447786,0.014995168018098491,0.00691241242885945,0.006666724228215659,0.0019719208574813817,0.011684222274453713,0.005625257946537579,0.007879758646549693,0.15236177870490897,1,0,723,9206,9929,0,49.64500045776367,27.359806060791016,723.0,1105.0,992.9,49.645,49.645,49.645,200
la30.pt,20,10,0,202,2,0.0,99.0,52.87128712871287,55.0,28.13604269159577,99.0,30.0,78.75,0.3064374976823525,-1.0,9.0,4.445544554455446,4.0,2.9094426247356657,10.0,2.0,7.0,0.3729372937293729,28.658416748046875,31.405637741088867,220,3800,202,4020,0.09359144869710852,0.0,19.0,18.81188118811881,19.0,1.8811881188118815,19.0,19.0,19.0,0.00990099009900991,1.0,1.0,1.0,1.0,0.0,0.0,1.0,1.0,0.0,0.010836904585980986,2.0,20.0,2.1782178217821784,2.0,1.7821782178217827,18.0,2.0,2.0,0.08100810081008092,0.02082338308457711,0.03873383084577114,0.027987562189054724,0.02619651741293532,0.006507188820746847,0.017910447761194027,0.022614427860696514,0.03156965174129353,0.1279886232334908,0.1044283532830895,20.0,21.0,20.99009900990099,21.0,0.099009900990099,1.0,21.0,21.0,0.00046702783485885746,0.8142857142857143,0.8333333333333334,0.8161904761904762,0.8142857142857143,0.0049487165930539425,0.01904761904761909,0.8142857142857143,0.8142857142857143,0.0020606767794633107,0.0032580357532383123,0.013538589519932805,0.006898375639700266,0.0066432834026117615,0.0017209096893523127,0.010280553766694494,0.005815358183828332,0.00790815757033774,0.13696757924644176,1,0,726,9954,10680,0,53.400001525878906,27.772647857666016,726.0,1355.0,1068.0,53.4,53.4,53.4,200
la31.pt,30,10,0,302,2,0.0,99.0,50.30132450331126,50.0,26.69372396103516,99.0,27.0,74.0,0.3059481890854685,-1.0,9.0,4.4635761589403975,4.0,2.897303689301637,10.0,2.0,7.0,0.370860927152318,27.382450103759766,29.76154136657715,330,8700,302,9030,0.09570746518228422,0.0,29.0,28.807947019867548,29.0,2.352159024526893,29.0,29.0,29.0,0.0066225165562914245,1.0,1.0,1.0,1.0,0.0,0.0,1.0,1.0,0.0,0.007260566324173286,2.0,30.0,2.185430463576159,2.0,2.271050092646655,28.0,2.0,2.0,0.08428657435279963,0.013810262089331856,0.026213362864525656,0.018771502399409376,0.01753119232189,0.004506270294470685,0.0124031007751938,0.015050572166851238,0.021252122554448135,0.13214819476126793,0.1029680315064575,30.0,31.0,30.99337748344371,31.0,0.0811089318802377,1.0,31.0,31.0,0.00021226014603503707,0.8731182795698925,0.8838709677419355,0.8744802867383513,0.8731182795698925,0.0030505982553337774,0.010752688172043001,0.8731182795698925,0.8731182795698925,0.001323551110746779,0.002357244665947339,0.00907593369470446,0.004599053432760684,0.0045574904714781594,0.0010726592821137418,0.006718689028757122,0.003911237639288745,0.005181392704440877,0.12749702756359316,1,0,717,14474,15191,0,50.63666534423828,26.463647842407227,717.0,1784.0,1519.1,50.63666666666666,50.63666666666666,50.63666666666666,300
la32.pt,30,10,0,302,2,0.0,99.0,54.86423841059602,58.0,27.72997957926293,99.0,31.25,78.75,0.2907458235058771,-1.0,9.0,4.4635761589403975,4.0,2.897303689301637,10.0,2.0,7.0,0.370860927152318,29.663908004760742,31.99577522277832,330,8700,302,9030,0.09570746518228422,0.0,29.0,28.807947019867548,29.0,2.352159024526893,29.0,29.0,29.0,0.0066225165562914245,1.0,1.0,1.0,1.0,0.0,0.0,1.0,1.0,0.0,0.007260566324173286,2.0,30.0,2.185430463576159,2.0,2.271050092646655,28.0,2.0,2.0,0.08428657435279963,0.013810262089331856,0.026213362864525656,0.018771502399409376,0.01753119232189,0.004506270294470685,0.0124031007751938,0.015050572166851238,0.021252122554448135,0.13214819476126793,0.1029680315064575,30.0,31.0,30.99337748344371,31.0,0.0811089318802377,1.0,31.0,31.0,0.00021226014603503707,0.8731182795698925,0.8838709677419355,0.8743512544802866,0.8731182795698925,0.002807767352943244,0.010752688172043001,0.8731182795698925,0.8731182795698925,0.0012047027186568027,0.00236839331662316,0.009146498481216089,0.004588305725671918,0.004320630273642934,0.0011472893135590888,0.006778105164592929,0.0038310106747108546,0.0051033777938092,0.13677799230268683,1,0,756,15813,16569,0,55.22999954223633,27.45682144165039,756.0,1850.0,1656.9,55.23,55.23,55.23,300
la33.pt,30,10,0,302,2,0.0,99.0,49.56622516556291,48.0,27.38372017794035,99.0,27.0,73.75,0.318726471794468,-1.0,9.0,4.4635761589403975,4.0,2.897303689301637,10.0,2.0,7.0,0.370860927152318,27.01490020751953,29.794185638427734,330,8700,302,9030,0.09570746518228422,0.0,29.0,28.807947019867548,29.0,2.352159024526893,29.0,29.0,29.0,0.0066225165562914245,1.0,1.0,1.0,1.0,0.0,0.0,1.0,1.0,0.0,0.007260566324173286,2.0,30.0,2.185430463576159,2.0,2.271050092646655,28.0,2.0,2.0,0.08428657435279963,0.013810262089331856,0.026213362864525656,0.018771502399409376,0.01753119232189,0.004506270294470685,0.0124031007751938,0.015050572166851238,0.021252122554448135,0.13214819476126793,0.1029680315064575,30.0,31.0,30.99337748344371,31.0,0.0811089318802377,1.0,31.0,31.0,0.00021226014603503707,0.8731182795698925,0.8838709677419355,0.874236559139785,0.8731182795698925,0.002607033541624371,0.010752688172043001,0.8731182795698925,0.8731182795698925,0.001099248909442574,0.0025957664802439035,0.007800611963402666,0.004583343614165093,0.004504862679618139,0.0009361347385730157,0.005204845483158763,0.003934602334974748,0.00498598738297292,0.11209410654804408,1,0,723,14246,14969,0,49.89666748046875,27.17313575744629,723.0,1719.0,1496.9,49.89666666666667,49.89666666666667,49.89666666666667,300
la34.pt,30,10,0,302,2,0.0,99.0,50.79801324503311,49.0,27.891860642354782,99.0,27.0,74.0,0.31666278867476727,-1.0,9.0,4.4635761589403975,4.0,2.897303689301637,10.0,2.0,7.0,0.370860927152318,27.630794525146484,30.49418067932129,330,8700,302,9030,0.09570746518228422,0.0,29.0,28.807947019867548,29.0,2.352159024526893,29.0,29.0,29.0,0.0066225165562914245,1.0,1.0,1.0,1.0,0.0,0.0,1.0,1.0,0.0,0.007260566324173286,2.0,30.0,2.185430463576159,2.0,2.271050092646655,28.0,2.0,2.0,0.08428657435279963,0.013810262089331856,0.026213362864525656,0.018771502399409376,0.01753119232189,0.004506270294470685,0.0124031007751938,0.015050572166851238,0.021252122554448135,0.13214819476126793,0.1029680315064575,30.0,31.0,30.99337748344371,31.0,0.0811089318802377,1.0,31.0,31.0,0.00021226014603503707,0.8731182795698925,0.8838709677419355,0.8742939068100357,0.8731182795698925,0.002692746406672424,0.010752688172043001,0.8731182795698925,0.8731182795698925,0.001151378002252068,0.0023297460132345117,0.007108831917508878,0.004592566160839821,0.004473212295886713,0.0009332355552272921,0.004779085904274366,0.00392438446259044,0.005282071971648384,0.11486863121154012,1,0,656,14685,15341,0,51.13666534423828,27.67353630065918,656.0,1721.0,1534.1,51.13666666666666,51.13666666666666,51.13666666666666,300
la35.pt,30,10,0,302,2,0.0,99.0,51.27483443708609,50.0,28.072882247603662,99.0,27.25,77.0,0.3158204799774189,-1.0,9.0,4.4635761589403975,4.0,2.8973036893016366,10.0,2.0,7.0,0.370860927152318,27.869205474853516,30.758153915405273,330,8700,302,9030,0.09570746518228422,0.0,29.0,28.807947019867548,29.0,2.352159024526893,29.0,29.0,29.0,0.0066225165562914245,1.0,1.0,1.0,1.0,0.0,0.0,1.0,1.0,0.0,0.007260566324173286,2.0,30.0,2.185430463576159,2.0,2.271050092646655,28.0,2.0,2.0,0.08428657435279963,0.013810262089331856,0.026213362864525656,0.018771502399409376,0.01753119232189,0.004506270294470685,0.0124031007751938,0.015050572166851238,0.021252122554448135,0.13214819476126793,0.1029680315064575,30.0,31.0,30.99337748344371,31.0,0.0811089318802377,1.0,31.0,31.0,0.00021226014603503707,0.8731182795698925,0.8817204301075269,0.874179211469534,0.8731182795698925,0.002404331424544955,0.008602150537634357,0.8731182795698925,0.8731182795698925,0.001035523337815869,0.002355769354080306,0.01278867379697945,0.004578746917455959,0.004417866094776393,0.001240784101573497,0.010432904442899144,0.003782738011383845,0.0053188991566703115,0.14167845327937534,1,0,647,14838,15485,0,51.61666488647461,27.85132598876953,647.0,1888.0,1548.5,51.61666666666667,51.61666666666667,51.61666666666667,300
la36.pt,15,15,0,227,2,0.0,99.0,51.713656387665196,50.0,25.553294714611624,99.0,30.5,74.0,0.2846485208948071,-1.0,14.0,6.929515418502203,7.0,4.365903253500387,15.0,3.0,11.0,0.3612334801762114,29.32158660888672,28.93822479248047,240,3150,227,3390,0.06140111496627812,0.0,14.0,13.876651982378855,14.0,1.3083032955874447,14.0,14.0,14.0,0.008810572687224738,1.0,1.0,1.0,1.0,0.0,0.0,1.0,1.0,0.0,0.009356360375813808,2.0,15.0,2.1145374449339207,2.0,1.2148530601883412,13.0,2.0,2.0,0.05368942731277526,0.02946181579809898,0.05451589642740085,0.03900622746640445,0.03764274008521796,0.008479422675511274,0.02505408062930187,0.03150704686987873,0.04786889544411668,0.120713453437304,0.07075747534209192,15.0,16.0,15.991189427312776,16.0,0.0934502353991032,1.0,16.0,16.0,0.0005461098773071882,0.7583333333333333,0.775,0.759148148148148,0.7583333333333333,0.0031352677681582837,0.01666666666666672,0.7583333333333333,0.7583333333333333,0.0010100123053240484,0.003574059832048634,0.01446298883886215,0.0071272123071970854,0.006707012502358495,0.0020442504802339503,0.010888929006813515,0.00567679795798831,0.00805989126569142,0.155799653216403,1,0,948,10791,11739,0,52.17333221435547,25.195083618164062,948.0,1028.0,782.6,52.17333333333333,52.17333333333333,52.17333333333333,225
la37.pt,15,15,0,227,2,0.0,99.0,55.370044052863435,58.0,27.20787301026217,99.0,35.0,78.5,0.28235330403485537,-1.0,14.0,6.929515418502203,7.0,4.365903253500387,15.0,3.0,11.0,0.3612334801762114,31.1497802734375,31.085140228271484,240,3150,227,3390,0.06140111496627812,0.0,14.0,13.876651982378855,14.0,1.3083032955874447,14.0,14.0,14.0,0.008810572687224738,1.0,1.0,1.0,1.0,0.0,0.0,1.0,1.0,0.0,0.009356360375813808,2.0,15.0,2.1145374449339207,2.0,1.2148530601883412,13.0,2.0,2.0,0.05368942731277526,0.02946181579809898,0.05451589642740085,0.03900622746640445,0.03764274008521796,0.008479422675511274,0.02505408062930187,0.03150704686987873,0.04786889544411668,0.120713453437304,0.07075747534209192,15.0,16.0,15.991189427312776,16.0,0.0934502353991032,1.0,16.0,16.0,0.0005461098773071882,0.7583333333333333,0.7833333333333333,0.7594444444444441,0.7583333333333333,0.004374448818895462,0.025000000000000022,0.7583333333333333,0.7583333333333333,0.0013824270503131064,0.0030703242555472775,0.016254413202138662,0.007220271445658661,0.006834107626202056,0.0021628643314936017,0.013184088946591385,0.005636041669993039,0.008238732046111724,0.1613222919311239,1,0,986,11583,12569,0,55.862220764160156,26.820781707763672,986.0,980.0,837.9333333333333,55.86222222222222,55.86222222222222,55.86222222222222,225
la38.pt,15,15,0,227,2,0.0,99.0,49.414096916299556,49.0,27.974900242319002,99.0,24.0,72.0,0.3264459742704886,-1.0,14.0,6.929515418502203,7.0,4.365903253500387,15.0,3.0,11.0,0.3612334801762114,28.17180633544922,29.19011878967285,240,3150,227,3390,0.06140111496627812,0.0,14.0,13.876651982378855,14.0,1.3083032955874447,14.0,14.0,14.0,0.008810572687224738,1.0,1.0,1.0,1.0,0.0,0.0,1.0,1.0,0.0,0.009356360375813808,2.0,15.0,2.1145374449339207,2.0,1.2148530601883412,13.0,2.0,2.0,0.05368942731277526,0.02946181579809898,0.05451589642740085,0.03900622746640445,0.03764274008521796,0.008479422675511274,0.02505408062930187,0.03150704686987873,0.04786889544411668,0.120713453437304,0.07075747534209192,15.0,16.0,15.991189427312776,16.0,0.0934502353991032,1.0,16.0,16.0,0.0005461098773071882,0.7583333333333333,0.775,0.759222222222222,0.7583333333333333,0.003212629398844674,0.01666666666666672,0.7583333333333333,0.7583333333333333,0.0010927362310360067,0.003779554982138615,0.014138941006915394,0.007173551648735853,0.006735793600406329,0.0019091395567422877,0.01035938602477678,0.005768870049197366,0.008488562997015283,0.14842665966112656,1,0,943,10274,11217,0,49.85333251953125,27.70656967163086,943.0,876.0,747.8,49.85333333333333,49.85333333333333,49.85333333333333,225
la39.pt,15,15,0,227,2,0.0,99.0,50.89867841409691,51.0,26.66951183823083,99.0,27.0,72.5,0.3022192668938575,-1.0,14.0,6.929515418502203,7.0,4.365903253500387,15.0,3.0,11.0,0.3612334801762114,28.91409683227539,29.12874412536621,240,3150,227,3390,0.06140111496627812,0.0,14.0,13.876651982378855,14.0,1.3083032955874447,14.0,14.0,14.0,0.008810572687224738,1.0,1.0,1.0,1.0,0.0,0.0,1.0,1.0,0.0,0.009356360375813808,2.0,15.0,2.1145374449339207,2.0,1.2148530601883412,13.0,2.0,2.0,0.05368942731277526,0.02946181579809898,0.05451589642740085,0.03900622746640445,0.03764274008521796,0.008479422675511274,0.02505408062930187,0.03150704686987873,0.04786889544411668,0.120713453437304,0.07075747534209192,15.0,16.0,15.991189427312776,16.0,0.0934502353991032,1.0,16.0,16.0,0.0005461098773071882,0.7583333333333333,0.7833333333333333,0.7595185185185184,0.7583333333333333,0.004425267268516706,0.025000000000000022,0.7583333333333333,0.7583333333333333,0.0014650823837931704,0.0033650627223910396,0.01567089310230903,0.007162857727204004,0.006598752095500867,0.002339034072296598,0.012305830379917991,0.005453881573245576,0.00850948764965947,0.18025377565011347,1,0,922,10632,11554,0,51.351112365722656,26.35056495666504,922.0,1012.0,770.2666666666667,51.35111111111111,51.35111111111111,51.35111111111111,225
la40.pt,15,15,0,227,2,0.0,99.0,50.5374449339207,49.0,27.57020927172326,99.0,26.5,73.0,0.3146024182994489,-1.0,14.0,6.929515418502203,7.0,4.365903253500387,15.0,3.0,11.0,0.3612334801762114,28.73348045349121,29.41090965270996,240,3150,227,3390,0.06140111496627812,0.0,14.0,13.876651982378855,14.0,1.3083032955874447,14.0,14.0,14.0,0.008810572687224738,1.0,1.0,1.0,1.0,0.0,0.0,1.0,1.0,0.0,0.009356360375813808,2.0,15.0,2.1145374449339207,2.0,1.2148530601883412,13.0,2.0,2.0,0.05368942731277526,0.02946181579809898,0.05451589642740085,0.03900622746640445,0.03764274008521796,0.008479422675511274,0.02505408062930187,0.03150704686987873,0.04786889544411668,0.120713453437304,0.07075747534209192,15.0,16.0,15.991189427312776,16.0,0.0934502353991032,1.0,16.0,16.0,0.0005461098773071882,0.7583333333333333,0.7916666666666666,0.7598888888888887,0.7583333333333333,0.00572410972106279,0.033333333333333326,0.7583333333333333,0.7583333333333333,0.0019145099186042014,0.0033656925530929434,0.013047953343833598,0.007211674003907816,0.0068988607409934,0.0019148295027697389,0.009682260790740655,0.005925702088660892,0.008232589059698477,0.14715295291516006,1,0,955,10517,11472,0,50.98666763305664,27.275789260864258,955.0,1027.0,764.8,50.986666666666665,50.986666666666665,50.986666666666665,225
orb01.pt,10,10,0,102,2,0.0,99.0,53.029411764705884,51.5,29.2422122638721,99.0,30.25,81.75,0.3173523430448164,-1.0,9.0,4.392156862745098,4.0,2.9444426309178837,10.0,2.0,7.0,0.3790849673202614,28.710784912109375,31.98880958557129,110,900,102,1010,0.08736167734420501,0.0,9.0,8.823529411764707,9.0,1.2478354962115543,9.0,9.0,9.0,0.019607843137254832,1.0,1.0,1.0,1.0,0.0,0.0,1.0,1.0,0.0,0.021355076684139003,2.0,10.0,2.156862745098039,2.0,1.1091871077436042,8.0,2.0,2.0,0.071301247771836,0.04229702970297031,0.07398019801980199,0.054970297029702984,0.05180198019801981,0.011511066692806306,0.031683168316831684,0.04546534653465347,0.06130693069306931,0.11527377521613791,0.108716754028344,10.0,11.0,10.980392156862745,11.0,0.1386483884679505,1.0,11.0,11.0,0.0017507002801120386,0.6545454545454545,0.7272727272727273,0.6639999999999999,0.6545454545454545,0.021432962950242006,0.07272727272727275,0.6545454545454545,0.6545454545454545,0.01211938663745915,0.004411036433313661,0.041604548059848,0.015311806394925208,0.012225157955355975,0.009080904661864038,0.03719351162653434,0.008929444592810932,0.020357395767049237,0.31416772391664494,1,0,695,4714,5409,0,54.09000015258789,28.545433044433594,695.0,643.0,540.9,54.09,54.09,54.09,100
orb02.pt,10,10,0,102,2,0.0,99.0,51.51960784313726,54.0,29.376437934653786,99.0,23.25,77.5,0.32760023133896765,-1.0,9.0,4.392156862745098,4.0,2.9444426309178833,10.0,2.0,7.0,0.3790849673202614,27.955883026123047,31.48128890991211,110,900,102,1010,0.08736167734420501,0.0,9.0,8.823529411764707,9.0,1.2478354962115543,9.0,9.0,9.0,0.019607843137254832,1.0,1.0,1.0,1.0,0.0,0.0,1.0,1.0,0.0,0.021355076684139003,2.0,10.0,2.156862745098039,2.0,1.1091871077436042,8.0,2.0,2.0,0.071301247771836,0.04229702970297031,0.07398019801980199,0.054970297029702984,0.05180198019801981,0.011511066692806306,0.031683168316831684,0.04546534653465347,0.06130693069306931,0.11527377521613791,0.108716754028344,10.0,11.0,10.980392156862745,11.0,0.1386483884679505,1.0,11.0,11.0,0.0017507002801120386,0.6545454545454545,0.7272727272727273,0.6621818181818181,0.6545454545454545,0.018395112538097082,0.07272727272727275,0.6545454545454545,0.6545454545454545,0.009967051070840283,0.006052728473491101,0.028042362039900893,0.014415154762126925,0.013981762555308266,0.004074493182764637,0.021989633566409792,0.011562566441903602,0.016695995751975425,0.15514690290700228,1,0,620,4635,5255,0,52.54999923706055,28.74173927307129,620.0,671.0,525.5,52.55,52.55,52.55,100
orb03.pt,10,10,0,102,2,0.0,99.0,51.88235294117647,51.5,28.73690464509556,99.0,25.0,81.0,0.3187311961821766,-1.0,9.0,4.392156862745098,4.0,2.9444426309178833,10.0,2.0,7.0,0.3790849673202614,28.13725471496582,31.3220272064209,110,900,102,1010,0.08736167734420501,0.0,9.0,8.823529411764707,9.0,1.2478354962115543,9.0,9.0,9.0,0.019607843137254832,1.0,1.0,1.0,1.0,0.0,0.0,1.0,1.0,0.0,0.021355076684139003,2.0,10.0,2.156862745098039,2.0,1.1091871077436042,8.0,2.0,2.0,0.071301247771836,0.04229702970297031,0.07398019801980199,0.054970297029702984,0.05180198019801981,0.011511066692806306,0.031683168316831684,0.04546534653465347,0.06130693069306931,0.11527377521613791,0.108716754028344,10.0,11.0,10.980392156862745,11.0,0.1386483884679505,1.0,11.0,11.0,0.0017507002801120386,0.6545454545454545,0.7090909090909091,0.6625454545454545,0.6545454545454545,0.017873753785373835,0.054545454545454564,0.6545454545454545,0.6545454545454545,0.01018660812294181,0.002383128422732382,0.07886088725782069,0.019138667805375723,0.011154148352314026,0.01727162499832588,0.07647775883508831,0.007609104050881552,0.024690212984657095,0.44831632720052217,1,0,648,4644,5292,0,52.91999816894531,28.060890197753906,648.0,624.0,529.2,52.92,52.92,52.92,100
orb04.pt,10,10,0,102,2,0.0,98.0,55.1764705882353,57.0,27.281183547979488,98.0,34.0,78.75,0.2840210711150133,-1.0,9.0,4.392156862745098,4.0,2.9444426309178837,10.0,2.0,7.0,0.3790849673202614,29.784313201904297,31.95665740966797,110,900,102,1010,0.08736167734420501,0.0,9.0,8.823529411764707,9.0,1.2478354962115543,9.0,9.0,9.0,0.019607843137254832,1.0,1.0,1.0,1.0,0.0,0.0,1.0,1.0,0.0,0.021355076684139003,2.0,10.0,2.156862745098039,2.0,1.1091871077436042,8.0,2.0,2.0,0.071301247771836,0.04229702970297031,0.07398019801980199,0.054970297029702984,0.05180198019801981,0.011511066692806306,0.031683168316831684,0.04546534653465347,0.06130693069306931,0.11527377521613791,0.108716754028344,10.0,11.0,10.980392156862745,11.0,0.1386483884679505,1.0,11.0,11.0,0.0017507002801120386,0.6545454545454545,0.8,0.6683636363636364,0.6545454545454545,0.04155012903879477,0.1454545454545455,0.6545454545454545,0.6545454545454545,0.018672470076169567,0.0047392519471727386,0.03270864896767635,0.014882183311252907,0.013623622494764023,0.005283297061325991,0.02796939702050361,0.011630502085438022,0.01781364019966961,0.19397020138712406,1,0,753,4875,5628,0,56.279998779296875,26.40154266357422,753.0,759.0,562.8,56.28,56.28,56.28,100
orb05.pt,10,10,0,102,2,0.0,99.0,48.11764705882353,47.5,27.79663335435097,99.0,24.25,73.0,0.33215878038256874,-1.0,9.0,4.392156862745098,4.0,2.9444426309178833,10.0,2.0,7.0,0.3790849673202614,26.254901885986328,29.472715377807617,110,900,102,1010,0.08736167734420501,0.0,9.0,8.823529411764707,9.0,1.2478354962115543,9.0,9.0,9.0,0.019607843137254832,1.0,1.0,1.0,1.0,0.0,0.0,1.0,1.0,0.0,0.021355076684139003,2.0,10.0,2.156862745098039,2.0,1.1091871077436042,8.0,2.0,2.0,0.071301247771836,0.04229702970297031,0.07398019801980199,0.054970297029702984,0.05180198019801981,0.011511066692806306,0.031683168316831684,0.04546534653465347,0.06130693069306931,0.11527377521613791,0.108716754028344,10.0,11.0,10.980392156862745,11.0,0.1386483884679505,1.0,11.0,11.0,0.0017507002801120386,0.6545454545454545,0.7272727272727273,0.6639999999999999,0.6545454545454545,0.02048664148509568,0.07272727272727275,0.6545454545454545,0.6545454545454545,0.011966046002190645,0.0025660426247435413,0.05679848273562944,0.017208558910747674,0.013962190009784497,0.010822666952844184,0.0542324401108859,0.009987831102327396,0.020835026587795458,0.3200206323885979,1,0,584,4324,4908,0,49.08000183105469,27.218994140625,584.0,630.0,490.8,49.08,49.08,49.08,100
orb06.pt,10,10,0,102,2,0.0,99.0,55.03921568627451,54.5,27.35027747238087,99.0,36.5,79.25,0.2853300921366053,-1.0,9.0,4.392156862745098,4.0,2.9444426309178837,10.0,2.0,7.0,0.3790849673202614,29.715686798095703,31.931720733642578,110,900,102,1010,0.08736167734420501,0.0,9.0,8.823529411764707,9.0,1.2478354962115543,9.0,9.0,9.0,0.019607843137254832,1.0,1.0,1.0,1.0,0.0,0.0,1.0,1.0,0.0,0.021355076684139003,2.0,10.0,2.156862745098039,2.0,1.1091871077436042,8.0,2.0,2.0,0.071301247771836,0.04229702970297031,0.07398019801980199,0.054970297029702984,0.05180198019801981,0.011511066692806306,0.031683168316831684,0.04546534653465347,0.06130693069306931,0.11527377521613791,0.108716754028344,10.0,11.0,10.980392156862745,11.0,0.1386483884679505,1.0,11.0,11.0,0.0017507002801120386,0.6545454545454545,0.7272727272727273,0.6639999999999999,0.6545454545454545,0.021432962950242006,0.07272727272727275,0.6545454545454545,0.6545454545454545,0.01211938663745915,0.004411036433313661,0.041604548059848,0.015311806394925208,0.012225157955355975,0.009080904661864038,0.03719351162653434,0.008929444592810932,0.020357395767049237,0.31416772391664494,1,0,715,4899,5614,0,56.13999938964844,26.48019027709961,715.0,659.0,561.4,56.14,56.14,56.14,100
orb07.pt,10,10,0,102,2,0.0,59.0,23.598039215686274,21.5,11.82242784189836,59.0,15.0,29.0,0.27511669395635274,-1.0,9.0,4.392156862745098,4.0,2.9444426309178833,10.0,2.0,7.0,0.3790849673202614,13.995098114013672,12.901017189025879,110,900,102,1010,0.08736167734420501,0.0,9.0,8.823529411764707,9.0,1.2478354962115543,9.0,9.0,9.0,0.019607843137254832,1.0,1.0,1.0,1.0,0.0,0.0,1.0,1.0,0.0,0.021355076684139003,2.0,10.0,2.156862745098039,2.0,1.1091871077436042,8.0,2.0,2.0,0.071301247771836,0.04229702970297031,0.07398019801980199,0.054970297029702984,0.05180198019801981,0.011511066692806306,0.031683168316831684,0.04546534653465347,0.06130693069306931,0.11527377521613791,0.108716754028344,10.0,11.0,10.980392156862745,11.0,0.1386483884679505,1.0,11.0,11.0,0.0017507002801120386,0.6545454545454545,0.7272727272727273,0.6621818181818181,0.6545454545454545,0.018395112538097082,0.07272727272727275,0.6545454545454545,0.6545454545454545,0.009967051070840283,0.006052728473491101,0.028042362039900893,0.014415154762126925,0.013981762555308266,0.004074493182764637,0.021989633566409792,0.011562566441903602,0.016695995751975425,0.15514690290700228,1,0,275,2132,2407,0,24.06999969482422,11.454479217529297,275.0,286.0,240.7,24.07,24.07,24.07,100
orb08.pt,10,10,0,102,2,0.0,97.0,44.705882352941174,43.5,28.31322985824413,97.0,19.25,64.5,0.3633685930512556,-1.0,9.0,4.392156862745098,4.0,2.9444426309178833,10.0,2.0,7.0,0.3790849673202614,24.54901885986328,28.486021041870117,110,900,102,1010,0.08736167734420501,0.0,9.0,8.823529411764707,9.0,1.2478354962115543,9.0,9.0,9.0,0.019607843137254832,1.0,1.0,1.0,1.0,0.0,0.0,1.0,1.0,0.0,0.021355076684139003,2.0,10.0,2.156862745098039,2.0,1.1091871077436042,8.0,2.0,2.0,0.071301247771836,0.04229702970297031,0.07398019801980199,0.054970297029702984,0.05180198019801981,0.011511066692806306,0.031683168316831684,0.04546534653465347,0.06130693069306931,0.11527377521613791,0.108716754028344,10.0,11.0,10.980392156862745,11.0,0.1386483884679505,1.0,11.0,11.0,0.0017507002801120386,0.6545454545454545,0.7090909090909091,0.6625454545454545,0.6545454545454545,0.017873753785373835,0.054545454545454564,0.6545454545454545,0.6545454545454545,0.01018660812294181,0.002383128422732382,0.07886088725782069,0.019138667805375723,0.011154148352314026,0.01727162499832588,0.07647775883508831,0.007609104050881552,0.024690212984657095,0.44831632720052217,1,0,573,3987,4560,0,45.599998474121094,27.8729248046875,573.0,585.0,456.0,45.6,45.6,45.6,100
orb09.pt,10,10,0,102,2,0.0,99.0,50.794117647058826,50.5,28.822423948389023,99.0,25.25,74.0,0.3271398889607957,-1.0,9.0,4.392156862745098,4.0,2.9444426309178837,10.0,2.0,7.0,0.3790849673202614,27.593137741088867,30.95135498046875,110,900,102,1010,0.08736167734420501,0.0,9.0,8.823529411764707,9.0,1.2478354962115543,9.0,9.0,9.0,0.019607843137254832,1.0,1.0,1.0,1.0,0.0,0.0,1.0,1.0,0.0,0.021355076684139003,2.0,10.0,2.156862745098039,2.0,1.1091871077436042,8.0,2.0,2.0,0.071301247771836,0.04229702970297031,0.07398019801980199,0.054970297029702984,0.05180198019801981,0.011511066692806306,0.031683168316831684,0.04546534653465347,0.06130693069306931,0.11527377521613791,0.108716754028344,10.0,11.0,10.980392156862745,11.0,0.1386483884679505,1.0,11.0,11.0,0.0017507002801120386,0.6545454545454545,0.8,0.6683636363636364,0.6545454545454545,0.04155012903879477,0.1454545454545455,0.6545454545454545,0.6545454545454545,0.018672470076169567,0.0047392519471727386,0.03270864896767635,0.014882183311252907,0.013623622494764023,0.005283297061325991,0.02796939702050361,0.011630502085438022,0.01781364019966961,0.19397020138712406,1,0,659,4522,5181,0,51.810001373291016,28.190670013427734,659.0,661.0,518.1,51.81,51.81,51.81,100
orb10.pt,10,10,0,102,2,0.0,99.0,54.40196078431372,60.0,28.697632546995642,99.0,28.25,78.0,0.3025788076989673,-1.0,9.0,4.392156862745098,4.0,2.9444426309178833,10.0,2.0,7.0,0.3790849673202614,29.397058486938477,32.27006530761719,110,900,102,1010,0.08736167734420501,0.0,9.0,8.823529411764707,9.0,1.2478354962115543,9.0,9.0,9.0,0.019607843137254832,1.0,1.0,1.0,1.0,0.0,0.0,1.0,1.0,0.0,0.021355076684139003,2.0,10.0,2.156862745098039,2.0,1.1091871077436042,8.0,2.0,2.0,0.071301247771836,0.04229702970297031,0.07398019801980199,0.054970297029702984,0.05180198019801981,0.011511066692806306,0.031683168316831684,0.04546534653465347,0.06130693069306931,0.11527377521613791,0.108716754028344,10.0,11.0,10.980392156862745,11.0,0.1386483884679505,1.0,11.0,11.0,0.0017507002801120386,0.6545454545454545,0.7272727272727273,0.6639999999999999,0.6545454545454545,0.02048664148509568,0.07272727272727275,0.6545454545454545,0.6545454545454545,0.011966046002190645,0.0025660426247435413,0.05679848273562944,0.017208558910747674,0.013962190009784497,0.010822666952844184,0.0542324401108859,0.009987831102327396,0.020835026587795458,0.3200206323885979,1,0,681,4868,5549,0,55.4900016784668,27.922210693359375,681.0,652.0,554.9,55.49,55.49,55.49,100
swv01.pt,20,10,0,202,2,0.0,100.0,48.21287128712871,49.0,29.13793133101181,100.0,23.0,74.0,0.3484169497142753,-1.0,9.0,4.445544554455446,4.0,2.909442624735666,10.0,2.0,7.0,0.3729372937293729,26.329208374023438,30.12700843811035,220,3800,202,4020,0.09359144869710852,0.0,19.0,18.81188118811881,19.0,1.8811881188118815,19.0,19.0,19.0,0.00990099009900991,1.0,1.0,1.0,1.0,0.0,0.0,1.0,1.0,0.0,0.010836904585980986,2.0,20.0,2.1782178217821784,2.0,1.7821782178217827,18.0,2.0,2.0,0.08100810081008092,0.02082338308457711,0.03873383084577114,0.027987562189054724,0.02619651741293532,0.006507188820746847,0.017910447761194027,0.022614427860696514,0.03156965174129353,0.1279886232334908,0.1044283532830895,20.0,21.0,20.99009900990099,21.0,0.099009900990099,1.0,21.0,21.0,0.00046702783485885746,0.8142857142857143,0.8333333333333334,0.8173333333333335,0.8142857142857143,0.0063717061652105765,0.01904761904761909,0.8142857142857143,0.8142857142857143,0.00309018876718703,0.0016457557853646124,0.0383227496213711,0.008249265393878531,0.004203863214974301,0.009097766846710938,0.036676993836006484,0.003277542216186021,0.007919288926961017,0.48864622085026554,1,0,727,9012,9739,0,48.69499969482422,28.879613876342773,727.0,1219.0,973.9,48.695,48.695,48.695,200
swv02.pt,20,10,0,202,2,0.0,100.0,49.50990099009901,51.0,28.235789398571704,100.0,25.0,68.75,0.3276994082769942,-1.0,9.0,4.445544554455446,4.0,2.9094426247356657,10.0,2.0,7.0,0.3729372937293729,26.97772216796875,30.17551040649414,220,3800,202,4020,0.09359144869710852,0.0,19.0,18.81188118811881,19.0,1.8811881188118815,19.0,19.0,19.0,0.00990099009900991,1.0,1.0,1.0,1.0,0.0,0.0,1.0,1.0,0.0,0.010836904585980986,2.0,20.0,2.1782178217821784,2.0,1.7821782178217827,18.0,2.0,2.0,0.08100810081008092,0.02082338308457711,0.03873383084577114,0.027987562189054724,0.02619651741293532,0.006507188820746847,0.017910447761194027,0.022614427860696514,0.03156965174129353,0.1279886232334908,0.1044283532830895,20.0,21.0,20.99009900990099,21.0,0.099009900990099,1.0,21.0,21.0,0.00046702783485885746,0.8142857142857143,0.8476190476190476,0.8183333333333335,0.8142857142857143,0.009340497736158589,0.033333333333333326,0.8142857142857143,0.8142857142857143,0.004243817282513884,0.001989699091224557,0.03860128839255458,0.008200230620237385,0.00439742447284397,0.00847939409884129,0.036611589301330016,0.0035037577075092453,0.006664809965489387,0.46396348210577343,1,0,664,9337,10001,0,50.005001068115234,27.936983108520508,664.0,1259.0,1000.1,50.005,50.005,50.005,200
swv03.pt,20,10,0,202,2,0.0,100.0,48.98514851485149,51.5,27.94593041854469,100.0,25.0,68.0,0.3286953606932195,-1.0,9.0,4.445544554455446,4.0,2.909442624735666,10.0,2.0,7.0,0.3729372937293729,26.715347290039062,29.843994140625,220,3800,202,4020,0.09359144869710852,0.0,19.0,18.81188118811881,19.0,1.8811881188118815,19.0,19.0,19.0,0.00990099009900991,1.0,1.0,1.0,1.0,0.0,0.0,1.0,1.0,0.0,0.010836904585980986,2.0,20.0,2.1782178217821784,2.0,1.7821782178217827,18.0,2.0,2.0,0.08100810081008092,0.02082338308457711,0.03873383084577114,0.027987562189054724,0.02619651741293532,0.006507188820746847,0.017910447761194027,0.022614427860696514,0.03156965174129353,0.1279886232334908,0.1044283532830895,20.0,21.0,20.99009900990099,21.0,0.099009900990099,1.0,21.0,21.0,0.00046702783485885746,0.8142857142857143,0.8428571428571429,0.8177619047619048,0.8142857142857143,0.0077621968978036264,0.02857142857142858,0.8142857142857143,0.8142857142857143,0.0036143946893378853,0.0013806372683353373,0.041471706884368825,0.00838878547622215,0.004436867297167177,0.009003457732903446,0.04009106961603349,0.0035363048983115186,0.007834816156564029,0.4766560326081728,1,0,647,9248,9895,0,49.474998474121094,27.65048599243164,647.0,1178.0,989.5,49.475,49.475,49.475,200
swv04.pt,20,10,0,202,2,0.0,100.0,50.693069306930695,51.0,29.34338948419114,100.0,27.5,76.0,0.33391765934405937,-1.0,9.0,4.445544554455446,4.0,2.9094426247356657,10.0,2.0,7.0,0.3729372937293729,27.569307327270508,31.13612174987793,220,3800,202,4020,0.09359144869710852,0.0,19.0,18.81188118811881,19.0,1.8811881188118815,19.0,19.0,19.0,0.00990099009900991,1.0,1.0,1.0,1.0,0.0,0.0,1.0,1.0,0.0,0.010836904585980986,2.0,20.0,2.1782178217821784,2.0,1.7821782178217827,18.0,2.0,2.0,0.08100810081008092,0.02082338308457711,0.03873383084577114,0.027987562189054724,0.02619651741293532,0.006507188820746847,0.017910447761194027,0.022614427860696514,0.03156965174129353,0.1279886232334908,0.1044283532830895,20.0,21.0,20.99009900990099,21.0,0.099009900990099,1.0,21.0,21.0,0.00046702783485885746,0.8142857142857143,0.8380952380952381,0.8174761904761906,0.8142857142857143,0.006869532457924365,0.023809523809523836,0.8142857142857143,0.8142857142857143,0.0032684802236850885,0.001429677321253774,0.04031134168415783,0.008167089130362343,0.0042001856699675644,0.008635537644923226,0.03888166436290406,0.003500083000197078,0.006556168815806907,0.46914821783982985,1,0,642,9598,10240,0,51.20000076293945,29.046342849731445,642.0,1161.0,1024.0,51.2,51.2,51.2,200
swv05.pt,20,10,0,202,2,0.0,100.0,49.98514851485149,52.5,29.272782905582265,100.0,25.25,75.75,0.33717249609481104,-1.0,9.0,4.445544554455446,4.0,2.9094426247356657,10.0,2.0,7.0,0.3729372937293729,27.215347290039062,30.840625762939453,220,3800,202,4020,0.09359144869710852,0.0,19.0,18.81188118811881,19.0,1.8811881188118815,19.0,19.0,19.0,0.00990099009900991,1.0,1.0,1.0,1.0,0.0,0.0,1.0,1.0,0.0,0.010836904585980986,2.0,20.0,2.1782178217821784,2.0,1.7821782178217827,18.0,2.0,2.0,0.08100810081008092,0.02082338308457711,0.03873383084577114,0.027987562189054724,0.02619651741293532,0.006507188820746847,0.017910447761194027,0.022614427860696514,0.03156965174129353,0.1279886232334908,0.1044283532830895,20.0,21.0,20.99009900990099,21.0,0.099009900990099,1.0,21.0,21.0,0.00046702783485885746,0.8142857142857143,0.8380952380952381,0.8176666666666668,0.8142857142857143,0.007462529222966447,0.023809523809523836,0.8142857142857143,0.8142857142857143,0.003490478131733532,0.0019587588435365805,0.03893231972774472,0.008221679193255508,0.0043738411543168855,0.008940688349610247,0.03697356088420814,0.003469092479342609,0.007021023537119881,0.4734052511614233,1,0,720,9377,10097,0,50.48500061035156,28.986717224121094,720.0,1235.0,1009.7,50.485,50.485,50.485,200
swv06.pt,20,15,0,302,2,0.0,100.0,50.46026490066225,51.0,29.349629282201764,100.0,25.25,75.0,0.33560696696216463,-1.0,14.0,6.947019867549669,7.0,4.354776747754595,15.0,3.0,11.0,0.35982339955849896,28.703641891479492,30.224706649780273,320,5700,302,6020,0.06270489098149655,0.0,19.0,18.874172185430464,19.0,1.541069705724516,19.0,19.0,19.0,0.0066225165562914245,1.0,1.0,1.0,1.0,0.0,0.0,1.0,1.0,0.0,0.007040549162834701,2.0,20.0,2.119205298013245,2.0,1.4599607738442781,18.0,2.0,2.0,0.0558774834437088,0.022016611295681065,0.0415514950166113,0.029458471760797345,0.02839534883720931,0.006611479320977486,0.01953488372093024,0.023611295681063127,0.03636877076411961,0.12462689372579994,0.06974544014433126,20.0,21.0,20.99337748344371,21.0,0.0811089318802377,1.0,21.0,21.0,0.00031336829130723665,0.8142857142857143,0.8333333333333334,0.8157142857142857,0.8142857142857143,0.004285714285714295,0.01904761904761909,0.8142857142857143,0.8142857142857143,0.0015927871829797269,0.0014608377133150578,0.033160608317644,0.006564501075541778,0.0036778882369548514,0.007312040839944005,0.03169977060432894,0.0030319712887338993,0.005445734316493065,0.4509451280926231,1,0,974,14265,15239,0,50.79666519165039,29.15570831298828,974.0,1229.0,1015.9333333333333,50.79666666666667,50.79666666666667,50.79666666666667,300
swv07.pt,20,15,0,302,2,0.0,100.0,48.22516556291391,46.0,29.234759358919195,100.0,22.25,74.0,0.3492950048291079,-1.0,14.0,6.947019867549669,7.0,4.354776747754595,15.0,3.0,11.0,0.35982339955849896,27.586091995239258,29.37327003479004,320,5700,302,6020,0.06270489098149655,0.0,19.0,18.874172185430464,19.0,1.541069705724516,19.0,19.0,19.0,0.0066225165562914245,1.0,1.0,1.0,1.0,0.0,0.0,1.0,1.0,0.0,0.007040549162834701,2.0,20.0,2.119205298013245,2.0,1.4599607738442781,18.0,2.0,2.0,0.0558774834437088,0.022016611295681065,0.0415514950166113,0.029458471760797345,0.02839534883720931,0.006611479320977486,0.01953488372093024,0.023611295681063127,0.03636877076411961,0.12462689372579994,0.06974544014433126,20.0,21.0,20.99337748344371,21.0,0.0811089318802377,1.0,21.0,21.0,0.00031336829130723665,0.8142857142857143,0.8333333333333334,0.8158095238095237,0.8142857142857143,0.004511512107553159,0.01904761904761909,0.8142857142857143,0.8142857142857143,0.0016950735465794953,0.0014488578459308538,0.0384324518666134,0.0064625922722212695,0.003615351336843115,0.007486018977772009,0.03698359402068255,0.0028652220753203977,0.0050800406574190455,0.4660726033817617,1,0,947,13617,14564,0,48.54666519165039,29.064775466918945,947.0,1128.0,970.9333333333333,48.54666666666667,48.54666666666667,48.54666666666667,300
swv08.pt,20,15,0,302,2,0.0,100.0,52.341059602649004,53.0,29.222137964591383,100.0,28.0,77.0,0.3218732835691456,-1.0,14.0,6.947019867549669,7.0,4.354776747754595,15.0,3.0,11.0,0.35982339955849896,29.644039154052734,30.84807014465332,320,5700,302,6020,0.06270489098149655,0.0,19.0,18.874172185430464,19.0,1.541069705724516,19.0,19.0,19.0,0.0066225165562914245,1.0,1.0,1.0,1.0,0.0,0.0,1.0,1.0,0.0,0.007040549162834701,2.0,20.0,2.119205298013245,2.0,1.4599607738442781,18.0,2.0,2.0,0.0558774834437088,0.022016611295681065,0.0415514950166113,0.029458471760797345,0.02839534883720931,0.006611479320977486,0.01953488372093024,0.023611295681063127,0.03636877076411961,0.12462689372579994,0.06974544014433126,20.0,21.0,20.99337748344371,21.0,0.0811089318802377,1.0,21.0,21.0,0.00031336829130723665,0.8142857142857143,0.8380952380952381,0.8161587301587301,0.8142857142857143,0.005671710884625613,0.023809523809523836,0.8142857142857143,0.8142857142857143,0.0020914854720137654,0.0015172233772752833,0.038413746491390864,0.006558217552275502,0.003681168278111476,0.0076016656935319355,0.03689652311411558,0.0029041851182114793,0.00521121399744565,0.46483121952508943,1,0,1058,14749,15807,0,52.689998626708984,29.004148483276367,1058.0,1330.0,1053.8,52.69,52.69,52.69,300
swv09.pt,20,15,0,302,2,0.0,100.0,49.74834437086093,50.0,28.26511634320039,100.0,25.0,75.0,0.3277713715450423,-1.0,14.0,6.947019867549669,7.0,4.354776747754595,15.0,3.0,11.0,0.35982339955849896,28.34768295288086,29.443655014038086,320,5700,302,6020,0.06270489098149655,0.0,19.0,18.874172185430464,19.0,1.541069705724516,19.0,19.0,19.0,0.0066225165562914245,1.0,1.0,1.0,1.0,0.0,0.0,1.0,1.0,0.0,0.007040549162834701,2.0,20.0,2.119205298013245,2.0,1.4599607738442781,18.0,2.0,2.0,0.0558774834437088,0.022016611295681065,0.0415514950166113,0.029458471760797345,0.02839534883720931,0.006611479320977486,0.01953488372093024,0.023611295681063127,0.03636877076411961,0.12462689372579994,0.06974544014433126,20.0,21.0,20.99337748344371,21.0,0.0811089318802377,1.0,21.0,21.0,0.00031336829130723665,0.8142857142857143,0.8380952380952381,0.8158095238095238,0.8142857142857143,0.00456149714850593,0.023809523809523836,0.8142857142857143,0.8142857142857143,0.001696240952603345,0.0014127714781660132,0.040193040325261206,0.006558905574768092,0.0036469555146306106,0.007656451920043433,0.03878026884709519,0.002916001362640493,0.005286423148332478,0.4607002657076116,1,0,947,14077,15024,0,50.08000183105469,28.06481170654297,947.0,1266.0,1001.6,50.08,50.08,50.08,300
swv10.pt,20,15,0,302,2,0.0,100.0,52.109271523178805,52.0,28.111261562257205,100.0,29.25,76.75,0.3111873692024576,-1.0,14.0,6.947019867549669,7.0,4.354776747754595,15.0,3.0,11.0,0.35982339955849896,29.52814483642578,30.24087905883789,320,5700,302,6020,0.06270489098149655,0.0,19.0,18.874172185430464,19.0,1.541069705724516,19.0,19.0,19.0,0.0066225165562914245,1.0,1.0,1.0,1.0,0.0,0.0,1.0,1.0,0.0,0.007040549162834701,2.0,20.0,2.119205298013245,2.0,1.4599607738442781,18.0,2.0,2.0,0.0558774834437088,0.022016611295681065,0.0415514950166113,0.029458471760797345,0.02839534883720931,0.006611479320977486,0.01953488372093024,0.023611295681063127,0.03636877076411961,0.12462689372579994,0.06974544014433126,20.0,21.0,20.99337748344371,21.0,0.0811089318802377,1.0,21.0,21.0,0.00031336829130723665,0.8142857142857143,0.8285714285714286,0.8155238095238094,0.8142857142857143,0.003474559304181852,0.014285714285714346,0.8142857142857143,0.8142857142857143,0.0013628401261243095,0.0014881263564660331,0.041719844432724106,0.006591164419297549,0.003830822632325907,0.007481529585768378,0.04023171807625807,0.0028885585654772742,0.005448974316409618,0.4617122559924254,1,0,939,14798,15737,0,52.4566650390625,27.879886627197266,939.0,1159.0,1049.1333333333334,52.45666666666666,52.45666666666666,52.45666666666666,300
swv11.pt,50,10,0,502,2,0.0,100.0,50.59561752988048,48.0,28.80103854779209,100.0,27.0,74.75,0.3283716976654192,-1.0,9.0,4.47808764940239,4.0,2.8874156699861775,10.0,2.0,7.0,0.3691899070385125,27.53685188293457,30.832210540771484,550,24500,502,25050,0.09741473228841123,0.0,49.0,48.80478087649402,49.0,3.0866853655029995,49.0,49.0,49.0,0.003984063745019917,1.0,1.0,1.0,1.0,0.0,0.0,1.0,1.0,0.0,0.004373722674173565,2.0,50.0,2.191235059760956,2.0,3.023691786615183,48.0,2.0,2.0,0.08692502716407091,0.008251656686626746,0.015916327345309383,0.011317524950099798,0.010551057884231538,0.0027847131400561363,0.007664670658682636,0.00901812375249501,0.012850459081836327,0.13544782436932157,0.10178845496258479,50.0,51.0,50.99601593625498,51.0,0.06299357888781633,1.0,51.0,51.0,7.781374501991678e-05,0.9223529411764706,0.9333333333333333,0.9238462745098038,0.9223529411764706,0.0030984645029510467,0.01098039215686275,0.9223529411764706,0.9223529411764706,0.001336136051834469,0.000662773832989846,0.02373358928351211,0.0030622004708499937,0.0014339140512128461,0.003928026863887389,0.023070815450522263,0.0011778493653919133,0.0018868361835386442,0.5162095485684717,1,0,739,24660,25399,0,50.79800033569336,28.679908752441406,739.0,2808.0,2539.9,50.798,50.798,50.798,500
swv12.pt,50,10,0,502,2,0.0,100.0,50.84860557768924,51.0,29.070956400223814,100.0,27.25,75.0,0.3298575657411098,-1.0,9.0,4.47808764940239,4.0,2.8874156699861775,10.0,2.0,7.0,0.3691899070385125,27.663347244262695,31.052940368652344,550,24500,502,25050,0.09741473228841123,0.0,49.0,48.80478087649402,49.0,3.0866853655029995,49.0,49.0,49.0,0.003984063745019917,1.0,1.0,1.0,1.0,0.0,0.0,1.0,1.0,0.0,0.004373722674173565,2.0,50.0,2.191235059760956,2.0,3.023691786615183,48.0,2.0,2.0,0.08692502716407091,0.008251656686626746,0.015916327345309383,0.011317524950099798,0.010551057884231538,0.0027847131400561363,0.007664670658682636,0.00901812375249501,0.012850459081836327,0.13544782436932157,0.10178845496258479,50.0,51.0,50.99601593625498,51.0,0.06299357888781633,1.0,51.0,51.0,7.781374501991678e-05,0.9223529411764706,0.9333333333333333,0.9239592156862744,0.9223529411764706,0.0033859919952088802,0.01098039215686275,0.9223529411764706,0.9223529411764706,0.0014456864236436218,0.0006581206350750606,0.022216643041560603,0.0030427210924148483,0.0013914637757896928,0.003780995207006756,0.021558522406485543,0.0011835803773057028,0.001762741056221701,0.5140015361164323,1,0,714,24812,25526,0,51.051998138427734,28.95025634765625,714.0,2829.0,2552.6,51.052,51.052,51.052,500
swv13.pt,50,10,0,502,2,0.0,100.0,51.51394422310757,55.0,30.056368106043227,100.0,24.0,79.0,0.33642706821592205,-1.0,9.0,4.47808764940239,4.0,2.8874156699861775,10.0,2.0,7.0,0.3691899070385125,27.996015548706055,31.764036178588867,550,24500,502,25050,0.09741473228841123,0.0,49.0,48.80478087649402,49.0,3.0866853655029995,49.0,49.0,49.0,0.003984063745019917,1.0,1.0,1.0,1.0,0.0,0.0,1.0,1.0,0.0,0.004373722674173565,2.0,50.0,2.191235059760956,2.0,3.023691786615183,48.0,2.0,2.0,0.08692502716407091,0.008251656686626746,0.015916327345309383,0.011317524950099798,0.010551057884231538,0.0027847131400561363,0.007664670658682636,0.00901812375249501,0.012850459081836327,0.13544782436932157,0.10178845496258479,50.0,51.0,50.99601593625498,51.0,0.06299357888781633,1.0,51.0,51.0,7.781374501991678e-05,0.9223529411764706,0.9325490196078431,0.9238399999999997,0.9223529411764706,0.003063564350272135,0.01019607843137249,0.9223529411764706,0.9223529411764706,0.0013263310173396992,0.0006738775750710278,0.029042467658799042,0.0031022903479630353,0.0014980986653748691,0.0040638173494310995,0.028368590083728013,0.001159199141615923,0.001982253557038924,0.517352959020565,1,0,727,25133,25860,0,51.720001220703125,29.938962936401367,727.0,2977.0,2586.0,51.72,51.72,51.72,500
swv14.pt,50,10,0,502,2,0.0,100.0,49.83466135458168,52.0,28.741368941481184,100.0,23.0,75.0,0.33275261268552514,-1.0,9.0,4.47808764940239,4.0,2.8874156699861775,10.0,2.0,7.0,0.3691899070385125,27.156373977661133,30.520591735839844,550,24500,502,25050,0.09741473228841123,0.0,49.0,48.80478087649402,49.0,3.0866853655029995,49.0,49.0,49.0,0.003984063745019917,1.0,1.0,1.0,1.0,0.0,0.0,1.0,1.0,0.0,0.004373722674173565,2.0,50.0,2.191235059760956,2.0,3.023691786615183,48.0,2.0,2.0,0.08692502716407091,0.008251656686626746,0.015916327345309383,0.011317524950099798,0.010551057884231538,0.0027847131400561363,0.007664670658682636,0.00901812375249501,0.012850459081836327,0.13544782436932157,0.10178845496258479,50.0,51.0,50.99601593625498,51.0,0.06299357888781633,1.0,51.0,51.0,7.781374501991678e-05,0.9223529411764706,0.9325490196078431,0.9238525490196077,0.9223529411764706,0.00310574925442679,0.01019607843137249,0.9223529411764706,0.9223529411764706,0.0013418184040914216,0.000714586497645112,0.024950398875246235,0.003036338348784633,0.0014152110690608074,0.003939653504086779,0.024235812377601123,0.0012237077591581128,0.0016500939084547028,0.5150811660138535,1,0,728,24289,25017,0,50.034000396728516,28.62510871887207,728.0,2842.0,2501.7,50.034,50.034,50.034,500
swv15.pt,50,10,0,502,2,0.0,100.0,49.778884462151396,47.0,27.916154206621048,100.0,25.0,74.0,0.32310511445753254,-1.0,9.0,4.47808764940239,4.0,2.8874156699861775,10.0,2.0,7.0,0.3691899070385125,27.12848663330078,30.114198684692383,550,24500,502,25050,0.09741473228841123,0.0,49.0,48.80478087649402,49.0,3.0866853655029995,49.0,49.0,49.0,0.003984063745019917,1.0,1.0,1.0,1.0,0.0,0.0,1.0,1.0,0.0,0.004373722674173565,2.0,50.0,2.191235059760956,2.0,3.023691786615183,48.0,2.0,2.0,0.08692502716407091,0.008251656686626746,0.015916327345309383,0.011317524950099798,0.010551057884231538,0.0027847131400561363,0.007664670658682636,0.00901812375249501,0.012850459081836327,0.13544782436932157,0.10178845496258479,50.0,51.0,50.99601593625498,51.0,0.06299357888781633,1.0,51.0,51.0,7.781374501991678e-05,0.9223529411764706,0.9341176470588235,0.9239309803921567,0.9223529411764706,0.0033478214323564115,0.0117647058823529,0.9223529411764706,0.9223529411764706,0.0014264574554418985,0.0005969065938364119,0.024122761769640254,0.003038431625750504,0.0013907253615744806,0.0039576087780030305,0.023525855175803842,0.0012198246470732188,0.0016767732213904395,0.5181631607790502,1,0,687,24302,24989,0,49.97800064086914,27.793479919433594,687.0,2762.0,2498.9,49.978,49.978,49.978,500
swv16.pt,50,10,0,502,2,0.0,100.0,50.46414342629482,51.5,29.70615905196872,100.0,25.0,76.0,0.33974527029056634,-1.0,9.0,4.47808764940239,4.0,2.8874156699861775,10.0,2.0,7.0,0.3691899070385125,27.471115112304688,31.210187911987305,550,24500,502,25050,0.09741473228841123,0.0,49.0,48.80478087649402,49.0,3.0866853655029995,49.0,49.0,49.0,0.003984063745019917,1.0,1.0,1.0,1.0,0.0,0.0,1.0,1.0,0.0,0.004373722674173565,2.0,50.0,2.191235059760956,2.0,3.023691786615183,48.0,2.0,2.0,0.08692502716407091,0.008251656686626746,0.015916327345309383,0.011317524950099798,0.010551057884231538,0.0027847131400561363,0.007664670658682636,0.00901812375249501,0.012850459081836327,0.13544782436932157,0.10178845496258479,50.0,51.0,50.99601593625498,51.0,0.06299357888781633,1.0,51.0,51.0,7.781374501991678e-05,0.9223529411764706,0.9286274509803921,0.923105882352941,0.9223529411764706,0.0016260849452396202,0.006274509803921524,0.9223529411764706,0.9223529411764706,0.0006856239804242659,0.0015184477870130964,0.004849467764369531,0.002751724204963861,0.002688693390547347,0.0006583093296394449,0.0033310199773564347,0.002218697588906146,0.0031976303223670024,0.1353712535344247,1,0,664,24669,25333,0,50.66600036621094,29.593215942382812,664.0,2924.0,2533.3,50.666,50.666,50.666,500
swv17.pt,50,10,0,502,2,0.0,100.0,48.723107569721115,45.5,28.574098541764787,100.0,24.0,73.75,0.3379861314381054,-1.0,9.0,4.47808764940239,4.0,2.8874156699861775,10.0,2.0,7.0,0.3691899070385125,26.600597381591797,30.030210494995117,550,24500,502,25050,0.09741473228841123,0.0,49.0,48.80478087649402,49.0,3.0866853655029995,49.0,49.0,49.0,0.003984063745019917,1.0,1.0,1.0,1.0,0.0,0.0,1.0,1.0,0.0,0.004373722674173565,2.0,50.0,2.191235059760956,2.0,3.023691786615183,48.0,2.0,2.0,0.08692502716407091,0.008251656686626746,0.015916327345309383,0.011317524950099798,0.010551057884231538,0.0027847131400561363,0.007664670658682636,0.00901812375249501,0.012850459081836327,0.13544782436932157,0.10178845496258479,50.0,51.0,50.99601593625498,51.0,0.06299357888781633,1.0,51.0,51.0,7.781374501991678e-05,0.9223529411764706,0.9286274509803921,0.9231466666666666,0.9223529411764706,0.0017691197088964777,0.006274509803921524,0.9223529411764706,0.9223529411764706,0.000730561795462048,0.0012992491200797256,0.0045959735697996005,0.0027527009010083693,0.002719930610077243,0.0005664101863761834,0.003296724449719875,0.002372144385393464,0.0031326634067095306,0.11550451680959539,1,0,683,23776,24459,0,48.917999267578125,28.464210510253906,683.0,2794.0,2445.9,48.918,48.918,48.918,500
swv18.pt,50,10,0,502,2,0.0,100.0,49.145418326693225,45.0,29.025898054887673,100.0,26.0,73.75,0.3401487883333514,-1.0,9.0,4.47808764940239,4.0,2.8874156699861775,10.0,2.0,7.0,0.3691899070385125,26.811752319335938,30.40086555480957,550,24500,502,25050,0.09741473228841123,0.0,49.0,48.80478087649402,49.0,3.0866853655029995,49.0,49.0,49.0,0.003984063745019917,1.0,1.0,1.0,1.0,0.0,0.0,1.0,1.0,0.0,0.004373722674173565,2.0,50.0,2.191235059760956,2.0,3.023691786615183,48.0,2.0,2.0,0.08692502716407091,0.008251656686626746,0.015916327345309383,0.011317524950099798,0.010551057884231538,0.0027847131400561363,0.007664670658682636,0.00901812375249501,0.012850459081836327,0.13544782436932157,0.10178845496258479,50.0,51.0,50.99601593625498,51.0,0.06299357888781633,1.0,51.0,51.0,7.781374501991678e-05,0.9223529411764706,0.927843137254902,0.923099607843137,0.9223529411764706,0.0016160852353416446,0.005490196078431375,0.9223529411764706,0.9223529411764706,0.0006807822239141004,0.0014547401428195372,0.0048710239258822575,0.0027499229549104824,0.002717682362471022,0.0006175003985053605,0.0034162837830627206,0.0022503384283298995,0.003191680449179067,0.1274985971903868,1,0,643,24028,24671,0,49.34199905395508,28.916656494140625,643.0,2852.0,2467.1,49.342,49.342,49.342,500
swv19.pt,50,10,0,502,2,0.0,100.0,50.98605577689243,50.5,29.011156749037216,100.0,26.0,77.0,0.32825346397181354,-1.0,9.0,4.47808764940239,4.0,2.8874156699861775,10.0,2.0,7.0,0.3691899070385125,27.732070922851562,31.076356887817383,550,24500,502,25050,0.09741473228841123,0.0,49.0,48.80478087649402,49.0,3.0866853655029995,49.0,49.0,49.0,0.003984063745019917,1.0,1.0,1.0,1.0,0.0,0.0,1.0,1.0,0.0,0.004373722674173565,2.0,50.0,2.191235059760956,2.0,3.023691786615183,48.0,2.0,2.0,0.08692502716407091,0.008251656686626746,0.015916327345309383,0.011317524950099798,0.010551057884231538,0.0027847131400561363,0.007664670658682636,0.00901812375249501,0.012850459081836327,0.13544782436932157,0.10178845496258479,50.0,51.0,50.99601593625498,51.0,0.06299357888781633,1.0,51.0,51.0,7.781374501991678e-05,0.9223529411764706,0.9294117647058824,0.9231372549019606,0.9223529411764706,0.0017733123464862826,0.007058823529411784,0.9223529411764706,0.9223529411764706,0.0007237383177571832,0.0014975675235681044,0.0066401580250035055,0.002750522165324333,0.002693291230486016,0.0006890150252238039,0.005142590501435401,0.002268800971411955,0.003127321631982826,0.13438841762871845,1,0,684,24911,25595,0,51.189998626708984,28.888992309570312,684.0,2843.0,2559.5,51.19,51.19,51.19,500
swv20.pt,50,10,0,502,2,0.0,100.0,49.037848605577686,50.0,28.432147539329407,100.0,25.0,72.75,0.33457339347165105,-1.0,9.0,4.47808764940239,4.0,2.8874156699861775,10.0,2.0,7.0,0.3691899070385125,26.75796890258789,30.07914924621582,550,24500,502,25050,0.09741473228841123,0.0,49.0,48.80478087649402,49.0,3.0866853655029995,49.0,49.0,49.0,0.003984063745019917,1.0,1.0,1.0,1.0,0.0,0.0,1.0,1.0,0.0,0.004373722674173565,2.0,50.0,2.191235059760956,2.0,3.023691786615183,48.0,2.0,2.0,0.08692502716407091,0.008251656686626746,0.015916327345309383,0.011317524950099798,0.010551057884231538,0.0027847131400561363,0.007664670658682636,0.00901812375249501,0.012850459081836327,0.13544782436932157,0.10178845496258479,50.0,51.0,50.99601593625498,51.0,0.06299357888781633,1.0,51.0,51.0,7.781374501991678e-05,0.9223529411764706,0.9286274509803921,0.9230964705882352,0.9223529411764706,0.0015937779827699167,0.006274509803921524,0.9223529411764706,0.9223529411764706,0.0006733075717875181,0.0015591102815783742,0.00538930650818003,0.0027491720571945306,0.0026534376164542442,0.0005670492388027348,0.003830196226601656,0.0023818390917424563,0.003092113873610523,0.11263873321812756,1,0,684,23933,24617,0,49.23400115966797,28.31895637512207,684.0,2823.0,2461.7,49.234,49.234,49.234,500
ta01.pt,15,15,0,227,2,0.0,99.0,51.414096916299556,53.0,29.434394673972935,99.0,27.0,78.5,0.32995070050129893,-1.0,14.0,6.929515418502203,7.0,4.365903253500387,15.0,3.0,11.0,0.3612334801762114,29.17180633544922,30.6176700592041,240,3150,227,3390,0.06140111496627812,0.0,14.0,13.876651982378855,14.0,1.3083032955874447,14.0,14.0,14.0,0.008810572687224738,1.0,1.0,1.0,1.0,0.0,0.0,1.0,1.0,0.0,0.009356360375813808,2.0,15.0,2.1145374449339207,2.0,1.2148530601883412,13.0,2.0,2.0,0.05368942731277526,0.02946181579809898,0.05451589642740085,0.03900622746640445,0.03764274008521796,0.008479422675511274,0.02505408062930187,0.03150704686987873,0.04786889544411668,0.120713453437304,0.07075747534209192,15.0,16.0,15.991189427312776,16.0,0.0934502353991032,1.0,16.0,16.0,0.0005461098773071882,0.7583333333333333,0.775,0.7592222222222219,0.7583333333333333,0.0032126293988446746,0.01666666666666672,0.7583333333333333,0.7583333333333333,0.0010927362310362287,0.003952960360957839,0.012661892141014642,0.0071869839118320535,0.00684101844628188,0.0018164673943620656,0.008708931780056803,0.005755893269514018,0.00828923055765811,0.14077454270382828,1,0,963,10708,11671,0,51.87111282348633,29.161258697509766,963.0,977.0,778.0666666666667,51.87111111111111,51.87111111111111,51.87111111111111,225
ta02.pt,15,15,0,227,2,0.0,99.0,50.02643171806167,51.0,28.284103146318657,99.0,24.5,72.0,0.3259167076575018,-1.0,14.0,6.929515418502203,7.0,4.365903253500387,15.0,3.0,11.0,0.3612334801762114,28.47797393798828,29.561155319213867,240,3150,227,3390,0.06140111496627812,0.0,14.0,13.876651982378855,14.0,1.3083032955874447,14.0,14.0,14.0,0.008810572687224738,1.0,1.0,1.0,1.0,0.0,0.0,1.0,1.0,0.0,0.009356360375813808,2.0,15.0,2.1145374449339207,2.0,1.2148530601883412,13.0,2.0,2.0,0.05368942731277526,0.02946181579809898,0.05451589642740085,0.03900622746640445,0.03764274008521796,0.008479422675511274,0.02505408062930187,0.03150704686987873,0.04786889544411668,0.120713453437304,0.07075747534209192,15.0,16.0,15.991189427312776,16.0,0.0934502353991032,1.0,16.0,16.0,0.0005461098773071882,0.7583333333333333,0.775,0.7591481481481479,0.7583333333333333,0.0028245445873981844,0.01666666666666672,0.7583333333333333,0.7583333333333333,0.0009930992611388856,0.003102997303697832,0.014323399673916134,0.007139157560705652,0.006705678472251984,0.0019529018628030353,0.011220402370218301,0.0058605309000844975,0.00811633647535544,0.14743687706122666,1,0,942,10414,11356,0,50.47111129760742,28.011749267578125,942.0,919.0,757.0666666666667,50.471111111111114,50.471111111111114,50.471111111111114,225
ta03.pt,15,15,0,227,2,0.0,99.0,49.25550660792952,49.0,28.722980455397487,99.0,23.5,75.0,0.33648649553778087,-1.0,14.0,6.929515418502203,7.0,4.365903253500387,15.0,3.0,11.0,0.3612334801762114,28.092510223388672,29.494199752807617,240,3150,227,3390,0.06140111496627812,0.0,14.0,13.876651982378855,14.0,1.3083032955874447,14.0,14.0,14.0,0.008810572687224738,1.0,1.0,1.0,1.0,0.0,0.0,1.0,1.0,0.0,0.009356360375813808,2.0,15.0,2.1145374449339207,2.0,1.2148530601883412,13.0,2.0,2.0,0.05368942731277526,0.02946181579809898,0.05451589642740085,0.03900622746640445,0.03764274008521796,0.008479422675511274,0.02505408062930187,0.03150704686987873,0.04786889544411668,0.120713453437304,0.07075747534209192,15.0,16.0,15.991189427312776,16.0,0.0934502353991032,1.0,16.0,16.0,0.0005461098773071882,0.7583333333333333,0.775,0.759222222222222,0.7583333333333333,0.003212629398844674,0.01666666666666672,0.7583333333333333,0.7583333333333333,0.0010927362310360067,0.003742991977246758,0.014220638572625389,0.007120671455657328,0.006839370523101584,0.0019160764130696066,0.01047764659537863,0.005697427584296628,0.00828459934856457,0.14932663274600633,1,0,921,10260,11181,0,49.69333267211914,28.470792770385742,921.0,900.0,745.4,49.693333333333335,49.693333333333335,49.693333333333335,225
ta04.pt,15,15,0,227,2,0.0,98.0,48.23348017621145,47.0,27.618118418546995,98.0,25.0,70.0,0.33022789279732256,-1.0,14.0,6.929515418502203,7.0,4.365903253500387,15.0,3.0,11.0,0.3612334801762114,27.581497192382812,28.59047508239746,240,3150,227,3390,0.06140111496627812,0.0,14.0,13.876651982378855,14.0,1.3083032955874447,14.0,14.0,14.0,0.008810572687224738,1.0,1.0,1.0,1.0,0.0,0.0,1.0,1.0,0.0,0.009356360375813808,2.0,15.0,2.1145374449339207,2.0,1.2148530601883412,13.0,2.0,2.0,0.05368942731277526,0.02946181579809898,0.05451589642740085,0.03900622746640445,0.03764274008521796,0.008479422675511274,0.02505408062930187,0.03150704686987873,0.04786889544411668,0.120713453437304,0.07075747534209192,15.0,16.0,15.991189427312776,16.0,0.0934502353991032,1.0,16.0,16.0,0.0005461098773071882,0.7583333333333333,0.775,0.7594444444444441,0.7583333333333333,0.003685138655950462,0.01666666666666672,0.7583333333333333,0.7583333333333333,0.0013499146549627028,0.0031028771279023133,0.01359978372115711,0.007258372894881898,0.006798882781369535,0.002170227736132967,0.010496906593254796,0.005771293035310235,0.008444493806093944,0.16648439737441967,1,0,911,10038,10949,0,48.66222381591797,27.361961364746094,911.0,870.0,729.9333333333333,48.66222222222222,48.66222222222222,48.66222222222222,225
ta05.pt,15,15,0,227,2,0.0,99.0,49.56828193832599,49.0,29.136598511480184,99.0,23.0,75.0,0.33914127454189247,-1.0,14.0,6.929515418502203,7.0,4.365903253500387,15.0,3.0,11.0,0.3612334801762114,28.248899459838867,29.808008193969727,240,3150,227,3390,0.06140111496627812,0.0,14.0,13.876651982378855,14.0,1.3083032955874447,14.0,14.0,14.0,0.008810572687224738,1.0,1.0,1.0,1.0,0.0,0.0,1.0,1.0,0.0,0.009356360375813808,2.0,15.0,2.1145374449339207,2.0,1.2148530601883412,13.0,2.0,2.0,0.05368942731277526,0.02946181579809898,0.05451589642740085,0.03900622746640445,0.03764274008521796,0.008479422675511274,0.02505408062930187,0.03150704686987873,0.04786889544411668,0.120713453437304,0.07075747534209192,15.0,16.0,15.991189427312776,16.0,0.0934502353991032,1.0,16.0,16.0,0.0005461098773071882,0.7583333333333333,0.7916666666666666,0.7600370370370368,0.7583333333333333,0.006250816133271052,0.033333333333333326,0.7583333333333333,0.7583333333333333,0.002100828961118628,0.0031484812860584402,0.013512342868059631,0.007202604815904423,0.006947767498830462,0.001993406958409697,0.01036386158200119,0.005726037320305233,0.008324854137608702,0.15430956070337776,1,0,940,10312,11252,0,50.008888244628906,28.886903762817383,940.0,902.0,750.1333333333333,50.00888888888889,50.00888888888889,50.00888888888889,225
ta06.pt,15,15,0,227,2,0.0,99.0,50.00440528634361,51.0,28.971123067338617,99.0,26.5,74.5,0.3341792549085507,-1.0,14.0,6.929515418502203,7.0,4.365903253500387,15.0,3.0,11.0,0.3612334801762114,28.466960906982422,29.8840274810791,240,3150,227,3390,0.06140111496627812,0.0,14.0,13.876651982378855,14.0,1.3083032955874447,14.0,14.0,14.0,0.008810572687224738,1.0,1.0,1.0,1.0,0.0,0.0,1.0,1.0,0.0,0.009356360375813808,2.0,15.0,2.1145374449339207,2.0,1.2148530601883412,13.0,2.0,2.0,0.05368942731277526,0.02946181579809898,0.05451589642740085,0.03900622746640445,0.03764274008521796,0.008479422675511274,0.02505408062930187,0.03150704686987873,0.04786889544411668,0.120713453437304,0.07075747534209192,15.0,16.0,15.991189427312776,16.0,0.0934502353991032,1.0,16.0,16.0,0.0005461098773071882,0.7583333333333333,0.775,0.7592962962962961,0.7583333333333333,0.0032865023039228354,0.01666666666666672,0.7583333333333333,0.7583333333333333,0.0011737096835386929,0.0034620307703262894,0.014020112264776502,0.007127888915718534,0.006672212190020899,0.002055746747766458,0.010558081494450214,0.005584182747363018,0.008456536063598356,0.1603949190513998,1,0,849,10502,11351,0,50.448890686035156,28.711721420288086,849.0,889.0,756.7333333333333,50.44888888888889,50.44888888888889,50.44888888888889,225
ta07.pt,15,15,0,227,2,0.0,99.0,50.8942731277533,51.0,29.399081659895856,99.0,25.0,78.0,0.33314153388463286,-1.0,14.0,6.929515418502203,7.0,4.365903253500387,15.0,3.0,11.0,0.3612334801762114,28.911893844604492,30.412307739257812,240,3150,227,3390,0.06140111496627812,0.0,14.0,13.876651982378855,14.0,1.3083032955874447,14.0,14.0,14.0,0.008810572687224738,1.0,1.0,1.0,1.0,0.0,0.0,1.0,1.0,0.0,0.009356360375813808,2.0,15.0,2.1145374449339207,2.0,1.2148530601883412,13.0,2.0,2.0,0.05368942731277526,0.02946181579809898,0.05451589642740085,0.03900622746640445,0.03764274008521796,0.008479422675511274,0.02505408062930187,0.03150704686987873,0.04786889544411668,0.120713453437304,0.07075747534209192,15.0,16.0,15.991189427312776,16.0,0.0934502353991032,1.0,16.0,16.0,0.0005461098773071882,0.7583333333333333,0.7833333333333333,0.7593703703703701,0.7583333333333333,0.004101925005618067,0.025000000000000022,0.7583333333333333,0.7583333333333333,0.001288917069047102,0.0030731444764417674,0.014759628303008485,0.007122456089430137,0.006573153926875948,0.002209626140355211,0.011686483826566717,0.005410389977908405,0.0085861739922691,0.170333191151959,1,0,935,10618,11553,0,51.3466682434082,29.13348388671875,935.0,920.0,770.2,51.346666666666664,51.346666666666664,51.346666666666664,225
ta08.pt,15,15,0,227,2,0.0,99.0,50.22907488986784,51.0,31.148082305380562,99.0,22.0,80.0,0.3571187371873086,-1.0,14.0,6.929515418502203,7.0,4.365903253500387,15.0,3.0,11.0,0.3612334801762114,28.579294204711914,31.03780174255371,240,3150,227,3390,0.06140111496627812,0.0,14.0,13.876651982378855,14.0,1.3083032955874447,14.0,14.0,14.0,0.008810572687224738,1.0,1.0,1.0,1.0,0.0,0.0,1.0,1.0,0.0,0.009356360375813808,2.0,15.0,2.1145374449339207,2.0,1.2148530601883412,13.0,2.0,2.0,0.05368942731277526,0.02946181579809898,0.05451589642740085,0.03900622746640445,0.03764274008521796,0.008479422675511274,0.02505408062930187,0.03150704686987873,0.04786889544411668,0.120713453437304,0.07075747534209192,15.0,16.0,15.991189427312776,16.0,0.0934502353991032,1.0,16.0,16.0,0.0005461098773071882,0.7583333333333333,0.7833333333333333,0.7595925925925925,0.7583333333333333,0.00467665010893767,0.025000000000000022,0.7583333333333333,0.7583333333333333,0.0015550896354445953,0.003338372456903747,0.015275139733789932,0.00717634492911915,0.006589948256453038,0.002291238277635449,0.011936767276886185,0.0054588634321161835,0.0085085265984971,0.1760383254578919,1,0,963,10439,11402,0,50.67555618286133,30.92250633239746,963.0,860.0,760.1333333333333,50.675555555555555,50.675555555555555,50.675555555555555,225
ta09.pt,15,15,0,227,2,0.0,99.0,52.136563876651984,52.0,28.604300724036552,99.0,28.5,78.0,0.3162158087804223,-1.0,14.0,6.929515418502203,7.0,4.365903253500387,15.0,3.0,11.0,0.3612334801762114,29.533039093017578,30.488569259643555,240,3150,227,3390,0.06140111496627812,0.0,14.0,13.876651982378855,14.0,1.3083032955874447,14.0,14.0,14.0,0.008810572687224738,1.0,1.0,1.0,1.0,0.0,0.0,1.0,1.0,0.0,0.009356360375813808,2.0,15.0,2.1145374449339207,2.0,1.2148530601883412,13.0,2.0,2.0,0.05368942731277526,0.02946181579809898,0.05451589642740085,0.03900622746640445,0.03764274008521796,0.008479422675511274,0.02505408062930187,0.03150704686987873,0.04786889544411668,0.120713453437304,0.07075747534209192,15.0,16.0,15.991189427312776,16.0,0.0934502353991032,1.0,16.0,16.0,0.0005461098773071882,0.7583333333333333,0.7916666666666666,0.7598888888888887,0.7583333333333333,0.00572410972106279,0.033333333333333326,0.7583333333333333,0.7583333333333333,0.0019145099186042014,0.003346076204011849,0.015664437553566606,0.007228180315830226,0.0067517352539042666,0.002248694249275391,0.012318361349554757,0.00557068396549142,0.008222161730986385,0.16830971263141326,1,0,982,10853,11835,0,52.599998474121094,28.303749084472656,982.0,966.0,789.0,52.6,52.6,52.6,225
ta10.pt,15,15,0,227,2,0.0,99.0,50.02643171806167,51.0,29.637593805208247,99.0,24.5,75.0,0.3418620132112038,-1.0,14.0,6.929515418502203,7.0,4.365903253500387,15.0,3.0,11.0,0.3612334801762114,28.47797393798828,30.21688461303711,240,3150,227,3390,0.06140111496627812,0.0,14.0,13.876651982378855,14.0,1.3083032955874447,14.0,14.0,14.0,0.008810572687224738,1.0,1.0,1.0,1.0,0.0,0.0,1.0,1.0,0.0,0.009356360375813808,2.0,15.0,2.1145374449339207,2.0,1.2148530601883412,13.0,2.0,2.0,0.05368942731277526,0.02946181579809898,0.05451589642740085,0.03900622746640445,0.03764274008521796,0.008479422675511274,0.02505408062930187,0.03150704686987873,0.04786889544411668,0.120713453437304,0.07075747534209192,15.0,16.0,15.991189427312776,16.0,0.0934502353991032,1.0,16.0,16.0,0.0005461098773071882,0.7583333333333333,0.7833333333333333,0.7595925925925924,0.7583333333333333,0.004474282555849024,0.025000000000000022,0.7583333333333333,0.7583333333333333,0.0015459879402544008,0.003315118043144467,0.014037466017926666,0.007107143748155509,0.006560234032443318,0.0020242470805523923,0.0107223479747822,0.005437989148209519,0.008732947233426996,0.15909167561433923,1,0,896,10460,11356,0,50.47111129760742,29.3896484375,896.0,911.0,757.0666666666667,50.471111111111114,50.471111111111114,50.471111111111114,225
ta11.pt,20,15,0,302,2,0.0,99.0,47.83774834437086,46.0,27.982790931347974,99.0,23.0,70.75,0.3370463035245981,-1.0,14.0,6.947019867549669,7.0,4.354776747754595,15.0,3.0,11.0,0.35982339955849896,27.392383575439453,28.618408203125,320,5700,302,6020,0.06270489098149655,0.0,19.0,18.874172185430464,19.0,1.541069705724516,19.0,19.0,19.0,0.0066225165562914245,1.0,1.0,1.0,1.0,0.0,0.0,1.0,1.0,0.0,0.007040549162834701,2.0,20.0,2.119205298013245,2.0,1.4599607738442781,18.0,2.0,2.0,0.0558774834437088,0.022016611295681065,0.0415514950166113,0.029458471760797345,0.02839534883720931,0.006611479320977486,0.01953488372093024,0.023611295681063127,0.03636877076411961,0.12462689372579994,0.06974544014433126,20.0,21.0,20.99337748344371,21.0,0.0811089318802377,1.0,21.0,21.0,0.00031336829130723665,0.8142857142857143,0.8380952380952381,0.8154285714285714,0.8142857142857143,0.004318393923335102,0.023809523809523836,0.8142857142857143,0.8142857142857143,0.0013174491941134736,0.001964174756938718,0.011223027789612256,0.00527438323008527,0.004908097061269963,0.0017334202535616223,0.009258853032673538,0.003977048386203799,0.006232860841778516,0.1805417829666025,1,0,949,13498,14447,0,48.15666580200195,27.801057815551758,949.0,1139.0,963.1333333333333,48.156666666666666,48.156666666666666,48.156666666666666,300
ta12.pt,20,15,0,302,2,0.0,99.0,51.519867549668874,52.5,28.537147905466714,99.0,26.25,77.0,0.3195993119971874,-1.0,14.0,6.947019867549669,7.0,4.354776747754595,15.0,3.0,11.0,0.35982339955849896,29.233444213867188,30.221698760986328,320,5700,302,6020,0.06270489098149655,0.0,19.0,18.874172185430464,19.0,1.541069705724516,19.0,19.0,19.0,0.0066225165562914245,1.0,1.0,1.0,1.0,0.0,0.0,1.0,1.0,0.0,0.007040549162834701,2.0,20.0,2.119205298013245,2.0,1.4599607738442781,18.0,2.0,2.0,0.0558774834437088,0.022016611295681065,0.0415514950166113,0.029458471760797345,0.02839534883720931,0.006611479320977486,0.01953488372093024,0.023611295681063127,0.03636877076411961,0.12462689372579994,0.06974544014433126,20.0,21.0,20.99337748344371,21.0,0.0811089318802377,1.0,21.0,21.0,0.00031336829130723665,0.8142857142857143,0.8285714285714286,0.8153650793650793,0.8142857142857143,0.00335127446867217,0.014285714285714346,0.8142857142857143,0.8142857142857143,0.0012106110159375572,0.002287335325002655,0.01183741623078766,0.005290692324214488,0.004992612066675879,0.0016975983861637507,0.009550080905785005,0.0041563419821814,0.005913247670372074,0.16973565717124628,1,0,1012,14547,15559,0,51.86333465576172,28.319334030151367,1012.0,1251.0,1037.2666666666667,51.86333333333334,51.86333333333334,51.86333333333334,300
ta13.pt,20,15,0,302,2,0.0,99.0,48.14900662251656,47.5,29.77433306741274,99.0,22.0,74.75,0.3565986744036389,-1.0,14.0,6.947019867549669,7.0,4.354776747754595,15.0,3.0,11.0,0.35982339955849896,27.54801368713379,29.61652374267578,320,5700,302,6020,0.06270489098149655,0.0,19.0,18.874172185430464,19.0,1.541069705724516,19.0,19.0,19.0,0.0066225165562914245,1.0,1.0,1.0,1.0,0.0,0.0,1.0,1.0,0.0,0.007040549162834701,2.0,20.0,2.119205298013245,2.0,1.4599607738442781,18.0,2.0,2.0,0.0558774834437088,0.022016611295681065,0.0415514950166113,0.029458471760797345,0.02839534883720931,0.006611479320977486,0.01953488372093024,0.023611295681063127,0.03636877076411961,0.12462689372579994,0.06974544014433126,20.0,21.0,20.99337748344371,21.0,0.0811089318802377,1.0,21.0,21.0,0.00031336829130723665,0.8142857142857143,0.8285714285714286,0.815111111111111,0.8142857142857143,0.002622460498801698,0.014285714285714346,0.8142857142857143,0.8142857142857143,0.0009284935348186085,0.0027848663396470024,0.013933678576449173,0.005367597590672041,0.005037553101738583,0.0015928671752785508,0.011148812236802171,0.004179456767835351,0.006119490400418719,0.15678028110702535,1,0,919,13622,14541,0,48.470001220703125,29.611862182617188,919.0,1178.0,969.4,48.47,48.47,48.47,300
ta14.pt,20,15,0,302,2,0.0,99.0,47.384105960264904,47.0,27.483857014366148,99.0,23.0,69.0,0.3341367357611267,-1.0,14.0,6.947019867549669,7.0,4.354776747754595,15.0,3.0,11.0,0.35982339955849896,27.165563583374023,28.21263313293457,320,5700,302,6020,0.06270489098149655,0.0,19.0,18.874172185430464,19.0,1.541069705724516,19.0,19.0,19.0,0.0066225165562914245,1.0,1.0,1.0,1.0,0.0,0.0,1.0,1.0,0.0,0.007040549162834701,2.0,20.0,2.119205298013245,2.0,1.4599607738442781,18.0,2.0,2.0,0.0558774834437088,0.022016611295681065,0.0415514950166113,0.029458471760797345,0.02839534883720931,0.006611479320977486,0.01953488372093024,0.023611295681063127,0.03636877076411961,0.12462689372579994,0.06974544014433126,20.0,21.0,20.99337748344371,21.0,0.0811089318802377,1.0,21.0,21.0,0.00031336829130723665,0.8142857142857143,0.8238095238095238,0.8148253968253967,0.8142857142857143,0.0017848498789676886,0.00952380952380949,0.8142857142857143,0.8142857142857143,0.0006090829989222613,0.002792009298340281,0.010554973074700921,0.005267068206750149,0.004830666292188118,0.0015985884585037297,0.00776296377636064,0.004126932820855142,0.006051407400022203,0.1638805211972698,1,0,990,13320,14310,0,47.70000076293945,27.30073356628418,990.0,1130.0,954.0,47.7,47.7,47.7,300
ta15.pt,20,15,0,302,2,0.0,99.0,48.31456953642384,49.0,29.326948702156855,99.0,22.0,76.0,0.34991246985690627,-1.0,14.0,6.947019867549669,7.0,4.354776747754595,15.0,3.0,11.0,0.35982339955849896,27.630794525146484,29.450559616088867,320,5700,302,6020,0.06270489098149655,0.0,19.0,18.874172185430464,19.0,1.541069705724516,19.0,19.0,19.0,0.0066225165562914245,1.0,1.0,1.0,1.0,0.0,0.0,1.0,1.0,0.0,0.007040549162834701,2.0,20.0,2.119205298013245,2.0,1.4599607738442781,18.0,2.0,2.0,0.0558774834437088,0.022016611295681065,0.0415514950166113,0.029458471760797345,0.02839534883720931,0.006611479320977486,0.01953488372093024,0.023611295681063127,0.03636877076411961,0.12462689372579994,0.06974544014433126,20.0,21.0,20.99337748344371,21.0,0.0811089318802377,1.0,21.0,21.0,0.00031336829130723665,0.8142857142857143,0.8285714285714286,0.8151746031746031,0.8142857142857143,0.002743048200282911,0.014285714285714346,0.8142857142857143,0.8142857142857143,0.0009952748137185274,0.0025791627878162613,0.012017530923798292,0.005309756423536998,0.005050566063157728,0.0017237772317298125,0.00943836813598203,0.004136447697200384,0.005997060347852029,0.1713505967127278,1,0,880,13711,14591,0,48.63666534423828,29.15712547302246,880.0,1148.0,972.7333333333333,48.63666666666666,48.63666666666666,48.63666666666666,300
ta16.pt,20,15,0,302,2,0.0,98.0,51.45695364238411,56.5,28.423764681454937,98.0,25.0,75.75,0.31799031765919183,-1.0,14.0,6.947019867549669,7.0,4.354776747754595,15.0,3.0,11.0,0.35982339955849896,29.20198631286621,30.144994735717773,320,5700,302,6020,0.06270489098149655,0.0,19.0,18.874172185430464,19.0,1.541069705724516,19.0,19.0,19.0,0.0066225165562914245,1.0,1.0,1.0,1.0,0.0,0.0,1.0,1.0,0.0,0.007040549162834701,2.0,20.0,2.119205298013245,2.0,1.4599607738442781,18.0,2.0,2.0,0.0558774834437088,0.022016611295681065,0.0415514950166113,0.029458471760797345,0.02839534883720931,0.006611479320977486,0.01953488372093024,0.023611295681063127,0.03636877076411961,0.12462689372579994,0.06974544014433126,20.0,21.0,20.99337748344371,21.0,0.0811089318802377,1.0,21.0,21.0,0.00031336829130723665,0.8142857142857143,0.8285714285714286,0.8150476190476189,0.8142857142857143,0.002670065860738327,0.014285714285714346,0.8142857142857143,0.8142857142857143,0.0008681935031549237,0.0025913857366368603,0.010843343939231654,0.005278471405636376,0.005054436024988797,0.0013306864778023578,0.008251958202594794,0.004426427650195443,0.006029385421688424,0.13670721039183054,1,0,932,14608,15540,0,51.79999923706055,28.205081939697266,932.0,1181.0,1036.0,51.8,51.8,51.8,300
ta17.pt,20,15,0,302,2,0.0,99.0,51.47019867549669,55.0,28.420985611680255,99.0,29.0,73.0,0.3181453715664655,-1.0,14.0,6.947019867549669,7.0,4.354776747754595,15.0,3.0,11.0,0.35982339955849896,29.208608627319336,30.148574829101562,320,5700,302,6020,0.06270489098149655,0.0,19.0,18.874172185430464,19.0,1.541069705724516,19.0,19.0,19.0,0.0066225165562914245,1.0,1.0,1.0,1.0,0.0,0.0,1.0,1.0,0.0,0.007040549162834701,2.0,20.0,2.119205298013245,2.0,1.4599607738442781,18.0,2.0,2.0,0.0558774834437088,0.022016611295681065,0.0415514950166113,0.029458471760797345,0.02839534883720931,0.006611479320977486,0.01953488372093024,0.023611295681063127,0.03636877076411961,0.12462689372579994,0.06974544014433126,20.0,21.0,20.99337748344371,21.0,0.0811089318802377,1.0,21.0,21.0,0.00031336829130723665,0.8142857142857143,0.8285714285714286,0.8150476190476189,0.8142857142857143,0.0026700658607383193,0.014285714285714346,0.8142857142857143,0.8142857142857143,0.0008697514995712474,0.0025975974380514507,0.010963192955327583,0.005259708018386441,0.005005577329781703,0.0016038268388491243,0.008365595517276132,0.004021661066640987,0.006160367835964078,0.1671382079628012,1,0,979,14565,15544,0,51.813331604003906,28.20210075378418,979.0,1257.0,1036.2666666666667,51.81333333333333,51.81333333333333,51.81333333333333,300
ta18.pt,20,15,0,302,2,0.0,99.0,49.40066225165563,53.5,28.661793561419863,99.0,24.25,74.0,0.3343767159438009,-1.0,14.0,6.947019867549669,7.0,4.354776747754595,15.0,3.0,11.0,0.35982339955849896,28.17384147644043,29.509475708007812,320,5700,302,6020,0.06270489098149655,0.0,19.0,18.874172185430464,19.0,1.541069705724516,19.0,19.0,19.0,0.0066225165562914245,1.0,1.0,1.0,1.0,0.0,0.0,1.0,1.0,0.0,0.007040549162834701,2.0,20.0,2.119205298013245,2.0,1.4599607738442781,18.0,2.0,2.0,0.0558774834437088,0.022016611295681065,0.0415514950166113,0.029458471760797345,0.02839534883720931,0.006611479320977486,0.01953488372093024,0.023611295681063127,0.03636877076411961,0.12462689372579994,0.06974544014433126,20.0,21.0,20.99337748344371,21.0,0.0811089318802377,1.0,21.0,21.0,0.00031336829130723665,0.8142857142857143,0.8428571428571429,0.8155238095238094,0.8142857142857143,0.00474377501158563,0.02857142857142858,0.8142857142857143,0.8142857142857143,0.001421620148701841,0.0029340060369817096,0.011589783159761462,0.005283221421114167,0.0048932509721357886,0.0015814919985864715,0.008655777122779752,0.004110487518230849,0.006011403296807607,0.16078362548356884,1,0,900,14019,14919,0,49.72999954223633,28.47098731994629,900.0,1153.0,994.6,49.73,49.73,49.73,300
ta19.pt,20,15,0,302,2,0.0,99.0,48.91721854304636,48.0,28.747642026170105,99.0,23.0,73.0,0.3391118036618621,-1.0,14.0,6.947019867549669,7.0,4.354776747754595,15.0,3.0,11.0,0.35982339955849896,27.932119369506836,29.378049850463867,320,5700,302,6020,0.06270489098149655,0.0,19.0,18.874172185430464,19.0,1.541069705724516,19.0,19.0,19.0,0.0066225165562914245,1.0,1.0,1.0,1.0,0.0,0.0,1.0,1.0,0.0,0.007040549162834701,2.0,20.0,2.119205298013245,2.0,1.4599607738442781,18.0,2.0,2.0,0.0558774834437088,0.022016611295681065,0.0415514950166113,0.029458471760797345,0.02839534883720931,0.006611479320977486,0.01953488372093024,0.023611295681063127,0.03636877076411961,0.12462689372579994,0.06974544014433126,20.0,21.0,20.99337748344371,21.0,0.0811089318802377,1.0,21.0,21.0,0.00031336829130723665,0.8142857142857143,0.8285714285714286,0.8151428571428572,0.8142857142857143,0.002887144074518883,0.014285714285714346,0.8142857142857143,0.8142857142857143,0.0009740234451063312,0.002589725825478959,0.011910695541164501,0.0052773754625912135,0.005031362113833182,0.001529201857027441,0.009320969715685542,0.004204364785165768,0.005926745127884492,0.15507603755231214,1,0,920,13853,14773,0,49.24333190917969,28.563568115234375,920.0,1202.0,984.8666666666667,49.24333333333333,49.24333333333333,49.24333333333333,300
ta20.pt,20,15,0,302,2,0.0,99.0,50.109271523178805,49.5,28.978377074638214,99.0,24.0,74.0,0.33361479648660475,-1.0,14.0,6.947019867549669,7.0,4.354776747754595,15.0,3.0,11.0,0.35982339955849896,28.52814483642578,29.918224334716797,320,5700,302,6020,0.06270489098149655,0.0,19.0,18.874172185430464,19.0,1.541069705724516,19.0,19.0,19.0,0.0066225165562914245,1.0,1.0,1.0,1.0,0.0,0.0,1.0,1.0,0.0,0.007040549162834701,2.0,20.0,2.119205298013245,2.0,1.4599607738442781,18.0,2.0,2.0,0.0558774834437088,0.022016611295681065,0.0415514950166113,0.029458471760797345,0.02839534883720931,0.006611479320977486,0.01953488372093024,0.023611295681063127,0.03636877076411961,0.12462689372579994,0.06974544014433126,20.0,21.0,20.99337748344371,21.0,0.0811089318802377,1.0,21.0,21.0,0.00031336829130723665,0.8142857142857143,0.8333333333333334,0.8151746031746031,0.8142857142857143,0.003129199118819455,0.01904761904761909,0.8142857142857143,0.8142857142857143,0.001013838045538229,0.0020823613022787207,0.013900363077651398,0.005296403266786036,0.004894610705436025,0.001799913600594364,0.011818001775372677,0.004167558906707586,0.005992849763766066,0.17342635148350505,1,0,928,14205,15133,0,50.44333267211914,28.78356170654297,928.0,1186.0,1008.8666666666667,50.443333333333335,50.443333333333335,50.443333333333335,300
ta21.pt,20,20,0,402,2,0.0,99.0,50.17164179104478,50.0,29.80188133550243,99.0,24.0,78.0,0.3425565168357232,-1.0,19.0,9.447761194029852,9.0,5.799168533873217,20.0,4.0,14.0,0.3532338308457712,29.809701919555664,29.588848114013672,420,7600,402,8020,0.04714581704941626,0.0,19.0,18.90547263681592,19.0,1.3368187903029258,19.0,19.0,19.0,0.004975124378109319,1.0,1.0,1.0,1.0,0.0,0.0,1.0,1.0,0.0,0.005210853463356534,2.0,20.0,2.08955223880597,2.0,1.2664599066027713,18.0,2.0,2.0,0.04264392324093813,0.022799875311720702,0.042999376558603496,0.03020635910224439,0.028410847880299253,0.00664960617859871,0.020199501246882794,0.024146508728179555,0.035368453865336665,0.12259808879073719,0.0523566705127728,20.0,21.0,20.99502487562189,21.0,0.07035888370015399,1.0,21.0,21.0,0.0002357878852183859,0.8142857142857143,0.8238095238095238,0.8145714285714287,0.8142857142857143,0.001272418020560699,0.00952380952380949,0.8142857142857143,0.8142857142857143,0.0003343125219219534,0.0019513427938866851,0.009328063764768612,0.004250797380091138,0.0038797075977713234,0.0013960266942593285,0.007376720970881927,0.0032598025567668067,0.005220189315482355,0.18043214957908615,1,0,1217,18952,20169,0,50.42250061035156,29.663848876953125,1217.0,1182.0,1008.45,50.4225,50.4225,50.4225,400
ta22.pt,20,20,0,402,2,0.0,99.0,50.10696517412935,50.0,29.47460330595754,99.0,24.0,77.75,0.3392310897481021,-1.0,19.0,9.447761194029852,9.0,5.799168533873217,20.0,4.0,14.0,0.3532338308457712,29.777362823486328,29.402109146118164,420,7600,402,8020,0.04714581704941626,0.0,19.0,18.90547263681592,19.0,1.3368187903029258,19.0,19.0,19.0,0.004975124378109319,1.0,1.0,1.0,1.0,0.0,0.0,1.0,1.0,0.0,0.005210853463356534,2.0,20.0,2.08955223880597,2.0,1.2664599066027713,18.0,2.0,2.0,0.04264392324093813,0.022799875311720702,0.042999376558603496,0.03020635910224439,0.028410847880299253,0.00664960617859871,0.020199501246882794,0.024146508728179555,0.035368453865336665,0.12259808879073719,0.0523566705127728,20.0,21.0,20.99502487562189,21.0,0.07035888370015399,1.0,21.0,21.0,0.0002357878852183859,0.8142857142857143,0.8285714285714286,0.8146666666666669,0.8142857142857143,0.0019260712777292089,0.014285714285714346,0.8142857142857143,0.8142857142857143,0.0004515431377132284,0.002161783606874374,0.008914938609958215,0.004265378968825373,0.00397505479941119,0.0013425960738881035,0.006753155003083841,0.0031770953250926564,0.0052895059990565214,0.17672207155054176,1,0,1223,18920,20143,0,50.35749816894531,29.333934783935547,1223.0,1240.0,1007.15,50.3575,50.3575,50.3575,400
ta23.pt,20,20,0,402,2,0.0,99.0,49.96517412935324,48.0,28.495592416349822,99.0,27.0,75.75,0.32905174416674954,-1.0,19.0,9.447761194029852,9.0,5.799168533873217,20.0,4.0,14.0,0.3532338308457712,29.70646858215332,28.865720748901367,420,7600,402,8020,0.04714581704941626,0.0,19.0,18.90547263681592,19.0,1.3368187903029258,19.0,19.0,19.0,0.004975124378109319,1.0,1.0,1.0,1.0,0.0,0.0,1.0,1.0,0.0,0.005210853463356534,2.0,20.0,2.08955223880597,2.0,1.2664599066027713,18.0,2.0,2.0,0.04264392324093813,0.022799875311720702,0.042999376558603496,0.03020635910224439,0.028410847880299253,0.00664960617859871,0.020199501246882794,0.024146508728179555,0.035368453865336665,0.12259808879073719,0.0523566705127728,20.0,21.0,20.99502487562189,21.0,0.07035888370015399,1.0,21.0,21.0,0.0002357878852183859,0.8142857142857143,0.8238095238095238,0.8146428571428572,0.8142857142857143,0.0015011333586807674,0.00952380952380949,0.8142857142857143,0.8142857142857143,0.0004160455940376284,0.0019141469529338827,0.008967629970573559,0.0042942803432328355,0.004016243478138229,0.0013310043676047559,0.0070534830176396755,0.0033145935183709462,0.005215356735702555,0.17115019438937917,1,0,1164,18922,20086,0,50.21500015258789,28.346317291259766,1164.0,1185.0,1004.3,50.215,50.215,50.215,400
ta24.pt,20,20,0,402,2,0.0,99.0,50.74626865671642,50.0,28.948148850970988,99.0,26.0,76.75,0.3291456931031118,-1.0,19.0,9.447761194029852,9.0,5.7991685338732175,20.0,4.0,14.0,0.3532338308457712,30.097015380859375,29.363319396972656,420,7600,402,8020,0.04714581704941626,0.0,19.0,18.90547263681592,19.0,1.3368187903029258,19.0,19.0,19.0,0.004975124378109319,1.0,1.0,1.0,1.0,0.0,0.0,1.0,1.0,0.0,0.005210853463356534,2.0,20.0,2.08955223880597,2.0,1.2664599066027713,18.0,2.0,2.0,0.04264392324093813,0.022799875311720702,0.042999376558603496,0.03020635910224439,0.028410847880299253,0.00664960617859871,0.020199501246882794,0.024146508728179555,0.035368453865336665,0.12259808879073719,0.0523566705127728,20.0,21.0,20.99502487562189,21.0,0.07035888370015399,1.0,21.0,21.0,0.0002357878852183859,0.8142857142857143,0.8238095238095238,0.8146904761904764,0.8142857142857143,0.00166853636623304,0.00952380952380949,0.8142857142857143,0.8142857142857143,0.0004710377882337635,0.002201543777901337,0.00862883241902385,0.004296731942736041,0.004019879823663995,0.0012367336680694106,0.0064272886411225125,0.003354654756869531,0.005015276641941461,0.15918827347540487,1,0,1151,19249,20400,0,51.0,28.796613693237305,1151.0,1271.0,1020.0,51.0,51.0,51.0,400
ta25.pt,20,20,0,402,2,0.0,99.0,48.89054726368159,49.5,28.981860173278864,99.0,25.0,73.75,0.3419736060716059,-1.0,19.0,9.447761194029852,9.0,5.799168533873217,20.0,4.0,14.0,0.3532338308457712,29.16915512084961,28.735389709472656,420,7600,402,8020,0.04714581704941626,0.0,19.0,18.90547263681592,19.0,1.3368187903029258,19.0,19.0,19.0,0.004975124378109319,1.0,1.0,1.0,1.0,0.0,0.0,1.0,1.0,0.0,0.005210853463356534,2.0,20.0,2.08955223880597,2.0,1.2664599066027713,18.0,2.0,2.0,0.04264392324093813,0.022799875311720702,0.042999376558603496,0.03020635910224439,0.028410847880299253,0.00664960617859871,0.020199501246882794,0.024146508728179555,0.035368453865336665,0.12259808879073719,0.0523566705127728,20.0,21.0,20.99502487562189,21.0,0.07035888370015399,1.0,21.0,21.0,0.0002357878852183859,0.8142857142857143,0.8333333333333334,0.8149285714285717,0.8142857142857143,0.002722106527228174,0.01904761904761909,0.8142857142857143,0.8142857142857143,0.0007498466123234682,0.0025183680196581605,0.009657420026838675,0.004339242503728767,0.003965459897243697,0.001237679301328399,0.007139052007180515,0.0034623819466554086,0.004890028284587637,0.15319573676410703,1,0,1170,18484,19654,0,49.1349983215332,28.84678077697754,1170.0,1256.0,982.7,49.135,49.135,49.135,400
ta26.pt,20,20,0,402,2,0.0,99.0,51.22636815920398,53.0,27.926182034582492,99.0,27.0,75.0,0.3145138436405357,-1.0,19.0,9.447761194029852,9.0,5.799168533873217,20.0,4.0,14.0,0.3532338308457712,30.337064743041992,29.03642463684082,420,7600,402,8020,0.04714581704941626,0.0,19.0,18.90547263681592,19.0,1.3368187903029258,19.0,19.0,19.0,0.004975124378109319,1.0,1.0,1.0,1.0,0.0,0.0,1.0,1.0,0.0,0.005210853463356534,2.0,20.0,2.08955223880597,2.0,1.2664599066027713,18.0,2.0,2.0,0.04264392324093813,0.022799875311720702,0.042999376558603496,0.03020635910224439,0.028410847880299253,0.00664960617859871,0.020199501246882794,0.024146508728179555,0.035368453865336665,0.12259808879073719,0.0523566705127728,20.0,21.0,20.99502487562189,21.0,0.07035888370015399,1.0,21.0,21.0,0.0002357878852183859,0.8142857142857143,0.8238095238095238,0.8148333333333333,0.8142857142857143,0.002085339170442612,0.00952380952380949,0.8142857142857143,0.8142857142857143,0.0006315927884756878,0.002063228182679104,0.009009442637656927,0.004269863829015965,0.003966832646141292,0.0013188131563877316,0.006946214454977823,0.0033314656088076385,0.004934844278064991,0.16861670318631328,1,0,1207,19386,20593,0,51.48249816894531,27.75940704345703,1207.0,1205.0,1029.65,51.4825,51.4825,51.4825,400
ta27.pt,20,20,0,402,2,0.0,99.0,52.46517412935324,54.0,28.90290885693972,99.0,28.0,78.0,0.3177190478313472,-1.0,19.0,9.447761194029852,9.0,5.799168533873217,20.0,4.0,14.0,0.3532338308457712,30.95646858215332,29.952106475830078,420,7600,402,8020,0.04714581704941626,0.0,19.0,18.90547263681592,19.0,1.3368187903029258,19.0,19.0,19.0,0.004975124378109319,1.0,1.0,1.0,1.0,0.0,0.0,1.0,1.0,0.0,0.005210853463356534,2.0,20.0,2.08955223880597,2.0,1.2664599066027713,18.0,2.0,2.0,0.04264392324093813,0.022799875311720702,0.042999376558603496,0.03020635910224439,0.028410847880299253,0.00664960617859871,0.020199501246882794,0.024146508728179555,0.035368453865336665,0.12259808879073719,0.0523566705127728,20.0,21.0,20.99502487562189,21.0,0.07035888370015399,1.0,21.0,21.0,0.0002357878852183859,0.8142857142857143,0.8238095238095238,0.8146666666666667,0.8142857142857143,0.0016399214626402383,0.00952380952380949,0.8142857142857143,0.8142857142857143,0.0004453325929389962,0.0018514798927555698,0.008865758377439501,0.004321763322217318,0.003988808482302529,0.001315053492604374,0.0070142784846839315,0.0033461223701010973,0.005107031249810875,0.16801190451585457,1,0,1291,19800,21091,0,52.727500915527344,28.735401153564453,1291.0,1331.0,1054.55,52.7275,52.7275,52.7275,400
ta28.pt,20,20,0,402,2,0.0,99.0,50.25373134328358,51.0,29.59654575964817,99.0,24.25,77.0,0.3394669066310856,-1.0,19.0,9.447761194029852,9.0,5.7991685338732175,20.0,4.0,14.0,0.3532338308457712,29.850746154785156,29.513975143432617,420,7600,402,8020,0.04714581704941626,0.0,19.0,18.90547263681592,19.0,1.3368187903029258,19.0,19.0,19.0,0.004975124378109319,1.0,1.0,1.0,1.0,0.0,0.0,1.0,1.0,0.0,0.005210853463356534,2.0,20.0,2.08955223880597,2.0,1.2664599066027713,18.0,2.0,2.0,0.04264392324093813,0.022799875311720702,0.042999376558603496,0.03020635910224439,0.028410847880299253,0.00664960617859871,0.020199501246882794,0.024146508728179555,0.035368453865336665,0.12259808879073719,0.0523566705127728,20.0,21.0,20.99502487562189,21.0,0.07035888370015399,1.0,21.0,21.0,0.0002357878852183859,0.8142857142857143,0.8285714285714286,0.8147380952380954,0.8142857142857143,0.0019105566616485416,0.014285714285714346,0.8142857142857143,0.8142857142857143,0.0005262427306464978,0.0020523910268818346,0.009423730310649038,0.0043339817510464436,0.004070437532058996,0.0013044106807736967,0.0073713392837672035,0.0034341269792423908,0.005006230645535715,0.16542281196538755,1,0,1221,18981,20202,0,50.505001068115234,29.455812454223633,1221.0,1269.0,1010.1,50.505,50.505,50.505,400
ta29.pt,20,20,0,402,2,0.0,99.0,52.19402985074627,52.0,28.418201794150157,99.0,29.0,76.0,0.3137994139492224,-1.0,19.0,9.447761194029852,9.0,5.7991685338732175,20.0,4.0,14.0,0.3532338308457712,30.82089614868164,29.62133026123047,420,7600,402,8020,0.04714581704941626,0.0,19.0,18.90547263681592,19.0,1.3368187903029258,19.0,19.0,19.0,0.004975124378109319,1.0,1.0,1.0,1.0,0.0,0.0,1.0,1.0,0.0,0.005210853463356534,2.0,20.0,2.08955223880597,2.0,1.2664599066027713,18.0,2.0,2.0,0.04264392324093813,0.022799875311720702,0.042999376558603496,0.03020635910224439,0.028410847880299253,0.00664960617859871,0.020199501246882794,0.024146508728179555,0.035368453865336665,0.12259808879073719,0.0523566705127728,20.0,21.0,20.99502487562189,21.0,0.07035888370015399,1.0,21.0,21.0,0.0002357878852183859,0.8142857142857143,0.8238095238095238,0.814714285714286,0.8142857142857143,0.0017937912573178375,0.00952380952380949,0.8142857142857143,0.8142857142857143,0.0004997369805364027,0.0021659177979901564,0.008546083715089407,0.004335344535565607,0.004097154426748385,0.0011471883123770465,0.006380165917099251,0.003593142562528807,0.005024978458913216,0.14655375829866113,1,0,1227,19755,20982,0,52.45500183105469,28.24788475036621,1227.0,1267.0,1049.1,52.455,52.455,52.455,400
ta30.pt,20,20,0,402,2,0.0,99.0,49.88059701492537,52.0,29.204471674946074,99.0,23.25,75.0,0.33768942044217365,-1.0,19.0,9.447761194029852,9.0,5.799168533873217,20.0,4.0,14.0,0.3532338308457712,29.6641788482666,29.188514709472656,420,7600,402,8020,0.04714581704941626,0.0,19.0,18.90547263681592,19.0,1.3368187903029258,19.0,19.0,19.0,0.004975124378109319,1.0,1.0,1.0,1.0,0.0,0.0,1.0,1.0,0.0,0.005210853463356534,2.0,20.0,2.08955223880597,2.0,1.2664599066027713,18.0,2.0,2.0,0.04264392324093813,0.022799875311720702,0.042999376558603496,0.03020635910224439,0.028410847880299253,0.00664960617859871,0.020199501246882794,0.024146508728179555,0.035368453865336665,0.12259808879073719,0.0523566705127728,20.0,21.0,20.99502487562189,21.0,0.07035888370015399,1.0,21.0,21.0,0.0002357878852183859,0.8142857142857143,0.8238095238095238,0.8147619047619048,0.8142857142857143,0.0019342948582466504,0.00952380952380949,0.8142857142857143,0.8142857142857143,0.0005534044418467055,0.0022961140865855223,0.009325070114417376,0.004316505736132089,0.004046999223856613,0.0012793423913998942,0.007028956027831854,0.0033583218997543284,0.0050710883080769984,0.1625683531148352,1,0,1212,18840,20052,0,50.130001068115234,29.06308937072754,1212.0,1159.0,1002.6,50.13,50.13,50.13,400
ta31.pt,30,15,0,452,2,0.0,99.0,50.0,51.5,28.77990941335132,99.0,25.0,75.0,0.3321146918317801,-1.0,14.0,6.964601769911504,7.0,4.3435013068347,15.0,3.0,11.0,0.3584070796460177,28.482301712036133,29.77559471130371,480,13050,452,13530,0.06401703196436631,0.0,29.0,28.871681415929203,29.0,1.9247787610619471,29.0,29.0,29.0,0.004424778761061843,1.0,1.0,1.0,1.0,0.0,0.0,1.0,1.0,0.0,0.004709298903125797,2.0,30.0,2.1238938053097347,2.0,1.858407079646018,28.0,2.0,2.0,0.058075221238937935,0.014624620185595795,0.02814519175494785,0.01977531411677753,0.01903950069803728,0.004575966799474273,0.013520571569352055,0.015728340313706166,0.02455810133858914,0.12849398957935354,0.06872633086749211,30.0,31.0,30.995575221238937,31.0,0.06637168141592921,1.0,31.0,31.0,0.00014212351480913377,0.8731182795698925,0.8817204301075269,0.8736344086021505,0.8731182795698925,0.0016222904842799132,0.008602150537634357,0.8731182795698925,0.8731182795698925,0.000541405919507687,0.0015259210965049837,0.010376873829203426,0.003478050338083068,0.0032296274952013982,0.0011299052849114823,0.008850952732698442,0.0028082253740426854,0.003930151890006806,0.16562913753634212,1,0,990,21610,22600,0,50.22222137451172,28.649677276611328,990.0,1764.0,1506.6666666666667,50.22222222222222,50.22222222222222,50.22222222222222,450
ta32.pt,30,15,0,452,2,0.0,99.0,51.34070796460177,52.5,27.463150329986885,99.0,30.0,74.0,0.3082360070137491,-1.0,14.0,6.964601769911504,7.0,4.3435013068347,15.0,3.0,11.0,0.3584070796460177,29.15265464782715,29.645488739013672,480,13050,452,13530,0.06401703196436631,0.0,29.0,28.871681415929203,29.0,1.9247787610619471,29.0,29.0,29.0,0.004424778761061843,1.0,1.0,1.0,1.0,0.0,0.0,1.0,1.0,0.0,0.004709298903125797,2.0,30.0,2.1238938053097347,2.0,1.858407079646018,28.0,2.0,2.0,0.058075221238937935,0.014624620185595795,0.02814519175494785,0.01977531411677753,0.01903950069803728,0.004575966799474273,0.013520571569352055,0.015728340313706166,0.02455810133858914,0.12849398957935354,0.06872633086749211,30.0,31.0,30.995575221238937,31.0,0.06637168141592921,1.0,31.0,31.0,0.00014212351480913377,0.8731182795698925,0.8817204301075269,0.8737299880525686,0.8731182795698925,0.0018123335743698002,0.008602150537634357,0.8731182795698925,0.8731182795698925,0.0006354484968265073,0.0017300972399619697,0.009787573154100136,0.0035303326068586087,0.0032506860685839684,0.0011201914214329905,0.008057475914138166,0.0027756280183514575,0.0040461381096528444,0.1638874856590804,1,0,972,22234,23206,0,51.56888961791992,27.30951690673828,972.0,1774.0,1547.0666666666666,51.568888888888885,51.568888888888885,51.568888888888885,450
ta33.pt,30,15,0,452,2,0.0,99.0,52.41814159292036,55.0,28.270656604771442,99.0,27.0,76.0,0.3107600766291825,-1.0,14.0,6.964601769911504,7.0,4.3435013068347,15.0,3.0,11.0,0.3584070796460177,29.69137191772461,30.42292022705078,480,13050,452,13530,0.06401703196436631,0.0,29.0,28.871681415929203,29.0,1.9247787610619471,29.0,29.0,29.0,0.004424778761061843,1.0,1.0,1.0,1.0,0.0,0.0,1.0,1.0,0.0,0.004709298903125797,2.0,30.0,2.1238938053097347,2.0,1.858407079646018,28.0,2.0,2.0,0.058075221238937935,0.014624620185595795,0.02814519175494785,0.01977531411677753,0.01903950069803728,0.004575966799474273,0.013520571569352055,0.015728340313706166,0.02455810133858914,0.12849398957935354,0.06872633086749211,30.0,31.0,30.995575221238937,31.0,0.06637168141592921,1.0,31.0,31.0,0.00014212351480913377,0.8731182795698925,0.8795698924731182,0.8735961768219833,0.8731182795698925,0.0013817760855245691,0.006451612903225712,0.8731182795698925,0.8731182795698925,0.0004932652565039497,0.001839511806252383,0.008448320824445034,0.0034760249562820456,0.003307815082553177,0.0010201891425455666,0.006608809018192651,0.00279434134336064,0.0038905889377600566,0.15117517822707982,1,0,1056,22637,23693,0,52.6511116027832,28.11611557006836,1056.0,1729.0,1579.5333333333333,52.65111111111111,52.65111111111111,52.65111111111111,450
ta34.pt,30,15,0,452,2,0.0,99.0,51.86504424778761,54.0,28.52109790809249,99.0,29.75,76.25,0.3170836323388795,-1.0,14.0,6.964601769911504,7.0,4.3435013068347,15.0,3.0,11.0,0.3584070796460177,29.414823532104492,30.334335327148438,480,13050,452,13530,0.06401703196436631,0.0,29.0,28.871681415929203,29.0,1.9247787610619471,29.0,29.0,29.0,0.004424778761061843,1.0,1.0,1.0,1.0,0.0,0.0,1.0,1.0,0.0,0.004709298903125797,2.0,30.0,2.1238938053097347,2.0,1.858407079646018,28.0,2.0,2.0,0.058075221238937935,0.014624620185595795,0.02814519175494785,0.01977531411677753,0.01903950069803728,0.004575966799474273,0.013520571569352055,0.015728340313706166,0.02455810133858914,0.12849398957935354,0.06872633086749211,30.0,31.0,30.995575221238937,31.0,0.06637168141592921,1.0,31.0,31.0,0.00014212351480913377,0.8731182795698925,0.8795698924731182,0.8736248506571087,0.8731182795698925,0.0015409055649717443,0.006451612903225712,0.8731182795698925,0.8731182795698925,0.0005284776697094262,0.0018818717390371637,0.008752203341264685,0.003477541994351877,0.0032140531309045725,0.0010811813023531886,0.006870331602227522,0.00278100384690831,0.0039019090092673953,0.15747467279474003,1,0,975,22468,23443,0,52.09555435180664,28.373573303222656,975.0,1828.0,1562.8666666666666,52.095555555555556,52.095555555555556,52.095555555555556,450
ta35.pt,30,15,0,452,2,0.0,99.0,49.63053097345133,49.0,29.1224641371087,99.0,25.0,75.0,0.3386671776605972,-1.0,14.0,6.964601769911504,7.0,4.343501306834701,15.0,3.0,11.0,0.3584070796460177,28.297565460205078,29.80918312072754,480,13050,452,13530,0.06401703196436631,0.0,29.0,28.871681415929203,29.0,1.9247787610619471,29.0,29.0,29.0,0.004424778761061843,1.0,1.0,1.0,1.0,0.0,0.0,1.0,1.0,0.0,0.004709298903125797,2.0,30.0,2.1238938053097347,2.0,1.858407079646018,28.0,2.0,2.0,0.058075221238937935,0.014624620185595795,0.02814519175494785,0.01977531411677753,0.01903950069803728,0.004575966799474273,0.013520571569352055,0.015728340313706166,0.02455810133858914,0.12849398957935354,0.06872633086749211,30.0,31.0,30.995575221238937,31.0,0.06637168141592921,1.0,31.0,31.0,0.00014212351480913377,0.8731182795698925,0.8795698924731182,0.8736057347670251,0.8731182795698925,0.001472171773820016,0.006451612903225712,0.8731182795698925,0.8731182795698925,0.000507944843783692,0.001746544611545922,0.009928549908337045,0.0034731836455394213,0.0032547783628679534,0.0011194650997168746,0.008182005296791122,0.0027666582904719056,0.0038457605402506833,0.15919341829218547,1,0,969,21464,22433,0,49.851112365722656,28.998123168945312,969.0,1729.0,1495.5333333333333,49.85111111111111,49.85111111111111,49.85111111111111,450
ta36.pt,30,15,0,452,2,0.0,99.0,50.79424778761062,50.0,29.028589243377386,99.0,25.0,76.0,0.3297928743311951,-1.0,14.0,6.964601769911504,7.0,4.3435013068347,15.0,3.0,11.0,0.3584070796460177,28.879425048828125,30.18313980102539,480,13050,452,13530,0.06401703196436631,0.0,29.0,28.871681415929203,29.0,1.9247787610619471,29.0,29.0,29.0,0.004424778761061843,1.0,1.0,1.0,1.0,0.0,0.0,1.0,1.0,0.0,0.004709298903125797,2.0,30.0,2.1238938053097347,2.0,1.858407079646018,28.0,2.0,2.0,0.058075221238937935,0.014624620185595795,0.02814519175494785,0.01977531411677753,0.01903950069803728,0.004575966799474273,0.013520571569352055,0.015728340313706166,0.02455810133858914,0.12849398957935354,0.06872633086749211,30.0,31.0,30.995575221238937,31.0,0.06637168141592921,1.0,31.0,31.0,0.00014212351480913377,0.8731182795698925,0.8838709677419355,0.8737013142174433,0.8731182795698925,0.0018386068132913889,0.010752688172043001,0.8731182795698925,0.8731182795698925,0.0006110618829000547,0.0018114577189415246,0.008525340794180504,0.0034959321406381467,0.0032418386065198625,0.001028717033270495,0.006713883075238979,0.002800762257516476,0.004013557978438293,0.15359714438486938,1,0,988,21971,22959,0,51.02000045776367,28.894397735595703,988.0,1777.0,1530.6,51.02,51.02,51.02,450
ta37.pt,30,15,0,452,2,0.0,99.0,52.67035398230089,54.0,28.39410861956183,99.0,29.0,76.0,0.31069327419502923,-1.0,14.0,6.964601769911504,7.0,4.3435013068347,15.0,3.0,11.0,0.3584070796460177,29.81747817993164,30.574493408203125,480,13050,452,13530,0.06401703196436631,0.0,29.0,28.871681415929203,29.0,1.9247787610619471,29.0,29.0,29.0,0.004424778761061843,1.0,1.0,1.0,1.0,0.0,0.0,1.0,1.0,0.0,0.004709298903125797,2.0,30.0,2.1238938053097347,2.0,1.858407079646018,28.0,2.0,2.0,0.058075221238937935,0.014624620185595795,0.02814519175494785,0.01977531411677753,0.01903950069803728,0.004575966799474273,0.013520571569352055,0.015728340313706166,0.02455810133858914,0.12849398957935354,0.06872633086749211,30.0,31.0,30.995575221238937,31.0,0.06637168141592921,1.0,31.0,31.0,0.00014212351480913377,0.8731182795698925,0.8817204301075269,0.8736344086021505,0.8731182795698925,0.0016222904842799096,0.008602150537634357,0.8731182795698925,0.8731182795698925,0.0005413086711500981,0.0017039587660430226,0.008685758795145342,0.00347007625659921,0.0031546013183115914,0.0011635159838511685,0.006981800029102319,0.00268763256669291,0.003858951141656242,0.17131152238645453,1,0,1045,22762,23807,0,52.90444564819336,28.23870086669922,1045.0,1771.0,1587.1333333333334,52.904444444444444,52.904444444444444,52.904444444444444,450
ta38.pt,30,15,0,452,2,0.0,99.0,49.38716814159292,51.0,27.98851082137592,99.0,25.75,74.0,0.3269595944339323,-1.0,14.0,6.964601769911504,7.0,4.3435013068347,15.0,3.0,11.0,0.3584070796460177,28.175884246826172,29.17241668701172,480,13050,452,13530,0.06401703196436631,0.0,29.0,28.871681415929203,29.0,1.9247787610619471,29.0,29.0,29.0,0.004424778761061843,1.0,1.0,1.0,1.0,0.0,0.0,1.0,1.0,0.0,0.004709298903125797,2.0,30.0,2.1238938053097347,2.0,1.858407079646018,28.0,2.0,2.0,0.058075221238937935,0.014624620185595795,0.02814519175494785,0.01977531411677753,0.01903950069803728,0.004575966799474273,0.013520571569352055,0.015728340313706166,0.02455810133858914,0.12849398957935354,0.06872633086749211,30.0,31.0,30.995575221238937,31.0,0.06637168141592921,1.0,31.0,31.0,0.00014212351480913377,0.8731182795698925,0.8838709677419355,0.8737586618876941,0.8731182795698925,0.0019344156823428225,0.010752688172043001,0.8731182795698925,0.8731182795698925,0.0006666156185393124,0.001708856526299246,0.009053917280001584,0.003483480776444368,0.0032393702626518596,0.0010964092812103796,0.007345060753702338,0.002713622163737744,0.004027323860928985,0.1685419090330571,1,0,952,21371,22323,0,49.606666564941406,27.855873107910156,952.0,1673.0,1488.2,49.60666666666667,49.60666666666667,49.60666666666667,450
ta39.pt,30,15,0,452,2,0.0,99.0,47.75,48.0,28.07357392811512,99.0,22.75,71.0,0.3392672412202491,-1.0,14.0,6.964601769911504,7.0,4.3435013068347,15.0,3.0,11.0,0.3584070796460177,27.357301712036133,28.62442970275879,480,13050,452,13530,0.06401703196436631,0.0,29.0,28.871681415929203,29.0,1.9247787610619471,29.0,29.0,29.0,0.004424778761061843,1.0,1.0,1.0,1.0,0.0,0.0,1.0,1.0,0.0,0.004709298903125797,2.0,30.0,2.1238938053097347,2.0,1.858407079646018,28.0,2.0,2.0,0.058075221238937935,0.014624620185595795,0.02814519175494785,0.01977531411677753,0.01903950069803728,0.004575966799474273,0.013520571569352055,0.015728340313706166,0.02455810133858914,0.12849398957935354,0.06872633086749211,30.0,31.0,30.995575221238937,31.0,0.06637168141592921,1.0,31.0,31.0,0.00014212351480913377,0.8731182795698925,0.8817204301075269,0.873615292712067,0.8731182795698925,0.001537344282374713,0.008602150537634357,0.8731182795698925,0.8731182795698925,0.0005196336574209148,0.001618202661006073,0.009195999081154451,0.0034743955988029893,0.0032442081747329357,0.0011421971201808147,0.007577796420148378,0.002676153108340838,0.004146351784450139,0.17325289266281874,1,0,905,20678,21583,0,47.962223052978516,27.954421997070312,905.0,1641.0,1438.8666666666666,47.96222222222222,47.96222222222222,47.96222222222222,450
ta40.pt,30,15,0,452,2,0.0,99.0,49.35840707964602,50.5,29.209645714598103,99.0,23.75,74.0,0.341509224404311,-1.0,14.0,6.964601769911504,7.0,4.343501306834701,15.0,3.0,11.0,0.3584070796460177,28.1615047454834,29.754718780517578,480,13050,452,13530,0.06401703196436631,0.0,29.0,28.871681415929203,29.0,1.9247787610619471,29.0,29.0,29.0,0.004424778761061843,1.0,1.0,1.0,1.0,0.0,0.0,1.0,1.0,0.0,0.004709298903125797,2.0,30.0,2.1238938053097347,2.0,1.858407079646018,28.0,2.0,2.0,0.058075221238937935,0.014624620185595795,0.02814519175494785,0.01977531411677753,0.01903950069803728,0.004575966799474273,0.013520571569352055,0.015728340313706166,0.02455810133858914,0.12849398957935354,0.06872633086749211,30.0,31.0,30.995575221238937,31.0,0.06637168141592921,1.0,31.0,31.0,0.00014212351480913377,0.8731182795698925,0.8838709677419355,0.8737586618876942,0.8731182795698925,0.0020579789417228466,0.010752688172043001,0.8731182795698925,0.8731182795698925,0.0006746860844017988,0.0016288992589370828,0.007653722799914226,0.0034855390424098688,0.003356619018111997,0.0009447550145374203,0.006024823540977144,0.002797704499014993,0.003918506623829893,0.14599207601353692,1,0,961,21349,22310,0,49.57777786254883,29.088132858276367,961.0,1602.0,1487.3333333333333,49.577777777777776,49.577777777777776,49.577777777777776,450
ta41.pt,30,20,0,602,2,0.0,99.0,51.958471760797345,52.0,28.62612593482705,99.0,29.0,76.0,0.3178232792659441,-1.0,19.0,9.465116279069768,9.0,5.788315564955182,20.0,4.0,14.0,0.35215946843853807,30.711793899536133,29.629396438598633,630,17400,602,18030,0.04809260313652219,0.0,29.0,28.903654485049834,29.0,1.6687532697507457,29.0,29.0,29.0,0.0033222591362125353,1.0,1.0,1.0,1.0,0.0,0.0,1.0,1.0,0.0,0.0034825678133343653,2.0,30.0,2.0930232558139537,2.0,1.611210053552444,28.0,2.0,2.0,0.044296788482834915,0.01516102791643557,0.029137733407284153,0.020285819929746717,0.019043446108337955,0.0046010832669813465,0.013976705490848583,0.01609280828249214,0.02385764466629691,0.1263146382808087,0.05157517094985655,30.0,31.0,30.996677740863788,31.0,0.05754321619830157,1.0,31.0,31.0,0.00010682505261128128,0.8731182795698925,0.8795698924731182,0.8733835125448028,0.8731182795698925,0.0010043775666162432,0.006451612903225712,0.8731182795698925,0.8731182795698925,0.0002854496855089206,0.001247445726463624,0.008369107243827507,0.0028008795144471286,0.0025546807281639963,0.0009956991382461344,0.007121661517363883,0.002080961967902477,0.003197023425750954,0.18354826049955864,1,0,1232,30047,31279,0,52.13166809082031,28.515918731689453,1232.0,1830.0,1563.95,52.13166666666667,52.13166666666667,52.13166666666667,600
ta42.pt,30,20,0,602,2,0.0,99.0,50.8156146179402,51.0,28.682027352695677,99.0,24.25,74.75,0.3256820155668654,-1.0,19.0,9.465116279069768,9.0,5.788315564955182,20.0,4.0,14.0,0.35215946843853807,30.140365600585938,29.249744415283203,630,17400,602,18030,0.04809260313652219,0.0,29.0,28.903654485049834,29.0,1.6687532697507457,29.0,29.0,29.0,0.0033222591362125353,1.0,1.0,1.0,1.0,0.0,0.0,1.0,1.0,0.0,0.0034825678133343653,2.0,30.0,2.0930232558139537,2.0,1.611210053552444,28.0,2.0,2.0,0.044296788482834915,0.01516102791643557,0.029137733407284153,0.020285819929746717,0.019043446108337955,0.0046010832669813465,0.013976705490848583,0.01609280828249214,0.02385764466629691,0.1263146382808087,0.05157517094985655,30.0,31.0,30.996677740863788,31.0,0.05754321619830157,1.0,31.0,31.0,0.00010682505261128128,0.8731182795698925,0.8817204301075269,0.8734551971326163,0.8731182795698925,0.0013466594241608742,0.008602150537634357,0.8731182795698925,0.8731182795698925,0.0003651847535572905,0.0013433033362907046,0.0075036251556306836,0.002801921222822984,0.002475897507480813,0.001010988720385677,0.006160321819339979,0.002108789538607017,0.003139865405866415,0.18622569131744027,1,0,1192,29399,30591,0,50.98500061035156,28.5790958404541,1192.0,1761.0,1529.55,50.985,50.985,50.985,600
ta43.pt,30,20,0,602,2,0.0,99.0,49.1328903654485,50.0,29.08017810735385,99.0,24.0,74.75,0.341509436505403,-1.0,19.0,9.465116279069768,9.0,5.788315564955182,20.0,4.0,14.0,0.35215946843853807,29.29900360107422,28.86111068725586,630,17400,602,18030,0.04809260313652219,0.0,29.0,28.903654485049834,29.0,1.6687532697507457,29.0,29.0,29.0,0.0033222591362125353,1.0,1.0,1.0,1.0,0.0,0.0,1.0,1.0,0.0,0.0034825678133343653,2.0,30.0,2.0930232558139537,2.0,1.611210053552444,28.0,2.0,2.0,0.044296788482834915,0.01516102791643557,0.029137733407284153,0.020285819929746717,0.019043446108337955,0.0046010832669813465,0.013976705490848583,0.01609280828249214,0.02385764466629691,0.1263146382808087,0.05157517094985655,30.0,31.0,30.996677740863788,31.0,0.05754321619830157,1.0,31.0,31.0,0.00010682505261128128,0.8731182795698925,0.8817204301075269,0.8734695340501791,0.8731182795698925,0.001354421433532315,0.008602150537634357,0.8731182795698925,0.8731182795698925,0.00037913045381321453,0.0014315033593850907,0.006577767801961458,0.002806382957020595,0.00257445677201495,0.0009040756053040536,0.005146264442576367,0.002208902123558008,0.0031849359500416637,0.16883463867897497,1,0,1230,28348,29578,0,49.29666519165039,28.989686965942383,1230.0,1694.0,1478.9,49.29666666666667,49.29666666666667,49.29666666666667,600
ta44.pt,30,20,0,602,2,0.0,99.0,50.64119601328904,50.5,28.8742979186876,99.0,25.0,75.0,0.3290858632784548,-1.0,19.0,9.465116279069768,9.0,5.788315564955182,20.0,4.0,14.0,0.35215946843853807,30.05315589904785,29.282798767089844,630,17400,602,18030,0.04809260313652219,0.0,29.0,28.903654485049834,29.0,1.6687532697507457,29.0,29.0,29.0,0.0033222591362125353,1.0,1.0,1.0,1.0,0.0,0.0,1.0,1.0,0.0,0.0034825678133343653,2.0,30.0,2.0930232558139537,2.0,1.611210053552444,28.0,2.0,2.0,0.044296788482834915,0.01516102791643557,0.029137733407284153,0.020285819929746717,0.019043446108337955,0.0046010832669813465,0.013976705490848583,0.01609280828249214,0.02385764466629691,0.1263146382808087,0.05157517094985655,30.0,31.0,30.996677740863788,31.0,0.05754321619830157,1.0,31.0,31.0,0.00010682505261128128,0.8731182795698925,0.8817204301075269,0.8734838709677419,0.8731182795698925,0.0013955315770242973,0.008602150537634357,0.8731182795698925,0.8731182795698925,0.0003941699288476652,0.0012062761577324467,0.007821684103024598,0.0027907094886542453,0.0024632502601104195,0.0011028342722630023,0.006615407945292151,0.002067484174537719,0.0031654672117276423,0.20148213208467136,1,0,1204,29282,30486,0,50.810001373291016,28.773723602294922,1204.0,1787.0,1524.3,50.81,50.81,50.81,600
ta45.pt,30,20,0,602,2,0.0,99.0,50.906976744186046,52.0,28.46828364893821,99.0,26.0,74.0,0.3226213259853219,-1.0,19.0,9.465116279069768,9.0,5.788315564955182,20.0,4.0,14.0,0.35215946843853807,30.186046600341797,29.177574157714844,630,17400,602,18030,0.04809260313652219,0.0,29.0,28.903654485049834,29.0,1.6687532697507457,29.0,29.0,29.0,0.0033222591362125353,1.0,1.0,1.0,1.0,0.0,0.0,1.0,1.0,0.0,0.0034825678133343653,2.0,30.0,2.0930232558139537,2.0,1.611210053552444,28.0,2.0,2.0,0.044296788482834915,0.01516102791643557,0.029137733407284153,0.020285819929746717,0.019043446108337955,0.0046010832669813465,0.013976705490848583,0.01609280828249214,0.02385764466629691,0.1263146382808087,0.05157517094985655,30.0,31.0,30.996677740863788,31.0,0.05754321619830157,1.0,31.0,31.0,0.00010682505261128128,0.8731182795698925,0.8817204301075269,0.8734121863799282,0.8731182795698925,0.0011540773383516842,0.008602150537634357,0.8731182795698925,0.8731182795698925,0.0003170662311264838,0.0014238627950371435,0.006526581209448257,0.0028016195877402844,0.0025790197325740475,0.0008995573970794711,0.005102718414411114,0.002170867903460988,0.003175155522417182,0.16720145182257706,1,0,1253,29393,30646,0,51.07666778564453,28.363311767578125,1253.0,1731.0,1532.3,51.07666666666667,51.07666666666667,51.07666666666667,600
ta46.pt,30,20,0,602,2,0.0,99.0,51.20099667774086,53.0,27.36509281282404,99.0,29.0,74.0,0.30809903464459976,-1.0,19.0,9.465116279069768,9.0,5.788315564955182,20.0,4.0,14.0,0.35215946843853807,30.333057403564453,28.751476287841797,630,17400,602,18030,0.04809260313652219,0.0,29.0,28.903654485049834,29.0,1.6687532697507457,29.0,29.0,29.0,0.0033222591362125353,1.0,1.0,1.0,1.0,0.0,0.0,1.0,1.0,0.0,0.0034825678133343653,2.0,30.0,2.0930232558139537,2.0,1.611210053552444,28.0,2.0,2.0,0.044296788482834915,0.01516102791643557,0.029137733407284153,0.020285819929746717,0.019043446108337955,0.0046010832669813465,0.013976705490848583,0.01609280828249214,0.02385764466629691,0.1263146382808087,0.05157517094985655,30.0,31.0,30.996677740863788,31.0,0.05754321619830157,1.0,31.0,31.0,0.00010682505261128128,0.8731182795698925,0.8817204301075269,0.8734695340501791,0.8731182795698925,0.0013198337688025647,0.008602150537634357,0.8731182795698925,0.8731182795698925,0.00037781735317232723,0.0013689216680110483,0.006249015454522321,0.0028193876889795848,0.00263472800497675,0.0009179765094007016,0.004880093786511273,0.0021942780291529713,0.0031659766516854036,0.17259307958767334,1,0,1290,29533,30823,0,51.371665954589844,27.25026512145996,1290.0,1856.0,1541.15,51.37166666666667,51.37166666666667,51.37166666666667,600
ta47.pt,30,20,0,602,2,0.0,99.0,50.20431893687708,49.0,28.359166188874095,99.0,26.0,74.75,0.3258772581177587,-1.0,19.0,9.465116279069768,9.0,5.788315564955182,20.0,4.0,14.0,0.35215946843853807,29.834716796875,28.8754940032959,630,17400,602,18030,0.04809260313652219,0.0,29.0,28.903654485049834,29.0,1.6687532697507457,29.0,29.0,29.0,0.0033222591362125353,1.0,1.0,1.0,1.0,0.0,0.0,1.0,1.0,0.0,0.0034825678133343653,2.0,30.0,2.0930232558139537,2.0,1.611210053552444,28.0,2.0,2.0,0.044296788482834915,0.01516102791643557,0.029137733407284153,0.020285819929746717,0.019043446108337955,0.0046010832669813465,0.013976705490848583,0.01609280828249214,0.02385764466629691,0.1263146382808087,0.05157517094985655,30.0,31.0,30.996677740863788,31.0,0.05754321619830157,1.0,31.0,31.0,0.00010682505261128128,0.8731182795698925,0.8795698924731182,0.8733978494623655,0.8731182795698925,0.0010157733917091957,0.006451612903225712,0.8731182795698925,0.8731182795698925,0.00029928840519066746,0.001208421604225897,0.007392174694498833,0.002797649407576754,0.0026090792851090764,0.0009417343827992041,0.006183753090272936,0.0021429955120279426,0.0031868511574616545,0.18000162766973782,1,0,1334,28889,30223,0,50.371665954589844,28.257627487182617,1334.0,1690.0,1511.15,50.37166666666667,50.37166666666667,50.37166666666667,600
ta48.pt,30,20,0,602,2,0.0,99.0,49.78737541528239,51.0,28.037255235693493,99.0,26.0,74.0,0.3246528432073701,-1.0,19.0,9.465116279069768,9.0,5.788315564955182,20.0,4.0,14.0,0.35215946843853807,29.626245498657227,28.570392608642578,630,17400,602,18030,0.04809260313652219,0.0,29.0,28.903654485049834,29.0,1.6687532697507457,29.0,29.0,29.0,0.0033222591362125353,1.0,1.0,1.0,1.0,0.0,0.0,1.0,1.0,0.0,0.0034825678133343653,2.0,30.0,2.0930232558139537,2.0,1.611210053552444,28.0,2.0,2.0,0.044296788482834915,0.01516102791643557,0.029137733407284153,0.020285819929746717,0.019043446108337955,0.0046010832669813465,0.013976705490848583,0.01609280828249214,0.02385764466629691,0.1263146382808087,0.05157517094985655,30.0,31.0,30.996677740863788,31.0,0.05754321619830157,1.0,31.0,31.0,0.00010682505261128128,0.8731182795698925,0.8795698924731182,0.873448028673835,0.8731182795698925,0.0011775489146024858,0.006451612903225712,0.8731182795698925,0.8731182795698925,0.00035228895491057344,0.001191232033648928,0.006128091263203303,0.0028157731372192214,0.0026688839407257403,0.0008691959457596848,0.0049368592295543755,0.0021895467062726043,0.0032170571643936924,0.16560283318596802,1,0,1282,28690,29972,0,49.95333480834961,27.935958862304688,1282.0,1744.0,1498.6,49.95333333333333,49.95333333333333,49.95333333333333,600
ta49.pt,30,20,0,602,2,0.0,99.0,49.42192691029901,50.0,28.114467922868826,99.0,25.0,73.0,0.32822294422374454,-1.0,19.0,9.465116279069768,9.0,5.788315564955182,20.0,4.0,14.0,0.35215946843853807,29.44352149963379,28.479827880859375,630,17400,602,18030,0.04809260313652219,0.0,29.0,28.903654485049834,29.0,1.6687532697507457,29.0,29.0,29.0,0.0033222591362125353,1.0,1.0,1.0,1.0,0.0,0.0,1.0,1.0,0.0,0.0034825678133343653,2.0,30.0,2.0930232558139537,2.0,1.611210053552444,28.0,2.0,2.0,0.044296788482834915,0.01516102791643557,0.029137733407284153,0.020285819929746717,0.019043446108337955,0.0046010832669813465,0.013976705490848583,0.01609280828249214,0.02385764466629691,0.1263146382808087,0.05157517094985655,30.0,31.0,30.996677740863788,31.0,0.05754321619830157,1.0,31.0,31.0,0.00010682505261128128,0.8731182795698925,0.8817204301075269,0.8734336917562723,0.8731182795698925,0.0012634395892110707,0.008602150537634357,0.8731182795698925,0.8731182795698925,0.0003416663930928543,0.0012961741992524012,0.007939347119879566,0.0027921213420732125,0.0025323063432360297,0.000973180296642911,0.006643172920627164,0.002107638120394235,0.0031431915342732242,0.18139294230881653,1,0,1190,28562,29752,0,49.586666107177734,28.015872955322266,1190.0,1758.0,1487.6,49.586666666666666,49.586666666666666,49.586666666666666,600
ta50.pt,30,20,0,602,2,0.0,99.0,50.92524916943522,50.5,28.679337145246897,99.0,26.0,75.75,0.32501890762836516,-1.0,19.0,9.465116279069768,9.0,5.788315564955182,20.0,4.0,14.0,0.35215946843853807,30.19518280029297,29.287200927734375,630,17400,602,18030,0.04809260313652219,0.0,29.0,28.903654485049834,29.0,1.6687532697507457,29.0,29.0,29.0,0.0033222591362125353,1.0,1.0,1.0,1.0,0.0,0.0,1.0,1.0,0.0,0.0034825678133343653,2.0,30.0,2.0930232558139537,2.0,1.611210053552444,28.0,2.0,2.0,0.044296788482834915,0.01516102791643557,0.029137733407284153,0.020285819929746717,0.019043446108337955,0.0046010832669813465,0.013976705490848583,0.01609280828249214,0.02385764466629691,0.1263146382808087,0.05157517094985655,30.0,31.0,30.996677740863788,31.0,0.05754321619830157,1.0,31.0,31.0,0.00010682505261128128,0.8731182795698925,0.8817204301075269,0.8734336917562723,0.8731182795698925,0.0012262884461845384,0.008602150537634357,0.8731182795698925,0.8731182795698925,0.00034029852379569014,0.0011711276450713946,0.0060615440605784,0.002791393984783773,0.002603600744258433,0.00089291935253225,0.004890416415507005,0.0021762730632644174,0.0031601341190080796,0.17051776068991997,1,0,1251,29406,30657,0,51.095001220703125,28.575735092163086,1251.0,1674.0,1532.85,51.095,51.095,51.095,600
ta51.pt,50,15,0,752,2,0.0,99.0,50.422872340425535,50.0,28.006162092545203,99.0,27.0,75.0,0.3205466892162596,-1.0,14.0,6.9787234042553195,7.0,4.334372082439013,15.0,3.0,11.0,0.3572695035460993,28.70079803466797,29.553586959838867,800,36750,752,37550,0.06507281072045783,0.0,49.0,48.869680851063826,49.0,2.523619467608556,49.0,49.0,49.0,0.0026595744680850686,1.0,1.0,1.0,1.0,0.0,0.0,1.0,1.0,0.0,0.0028331019633396604,2.0,50.0,2.127659574468085,2.0,2.472117029494095,48.0,2.0,2.0,0.05984042553191493,0.008749294274300934,0.01710082556591212,0.01193083000443853,0.011476324900133157,0.0028265321269265484,0.008351531291611185,0.00943105193075899,0.014885113182423438,0.13155477249143344,0.06790591268379749,50.0,51.0,50.99734042553192,51.0,0.051502438114460335,1.0,51.0,51.0,5.2012538489298876e-05,0.9223529411764706,0.9294117647058824,0.9227398692810456,0.9223529411764706,0.0011930738360848448,0.007058823529411784,0.9223529411764706,0.9223529411764706,0.00038262406926814485,0.0009678824589257645,0.0040148950472519,0.002084570365368559,0.0020256278726162023,0.000499903747225788,0.003047012588326136,0.0017001358660527022,0.002387287791436338,0.13264076184402396,1,0,975,36943,37918,0,50.557334899902344,27.92201042175293,975.0,2760.0,2527.866666666667,50.55733333333333,50.55733333333333,50.55733333333333,750
ta52.pt,50,15,0,752,2,0.0,99.0,49.3936170212766,49.0,29.381738461198367,99.0,23.0,75.0,0.3431917213512907,-1.0,14.0,6.9787234042553195,7.0,4.334372082439013,15.0,3.0,11.0,0.3572695035460993,28.18617057800293,29.846145629882812,800,36750,752,37550,0.06507281072045783,0.0,49.0,48.869680851063826,49.0,2.523619467608556,49.0,49.0,49.0,0.0026595744680850686,1.0,1.0,1.0,1.0,0.0,0.0,1.0,1.0,0.0,0.0028331019633396604,2.0,50.0,2.127659574468085,2.0,2.472117029494095,48.0,2.0,2.0,0.05984042553191493,0.008749294274300934,0.01710082556591212,0.01193083000443853,0.011476324900133157,0.0028265321269265484,0.008351531291611185,0.00943105193075899,0.014885113182423438,0.13155477249143344,0.06790591268379749,50.0,51.0,50.99734042553192,51.0,0.051502438114460335,1.0,51.0,51.0,5.2012538489298876e-05,0.9223529411764706,0.9262745098039216,0.9226583006535947,0.9223529411764706,0.0008697586186292277,0.0039215686274509665,0.9223529411764706,0.9223529411764706,0.0002982534882631782,0.001142903939805691,0.003798671693744929,0.0020785454510709417,0.0019904519799753863,0.0005094567420065187,0.002655767753939238,0.0016925665796411163,0.0023757647380483605,0.13544355332524716,1,0,1007,36137,37144,0,49.525333404541016,29.309816360473633,1007.0,2756.0,2476.266666666667,49.525333333333336,49.525333333333336,49.525333333333336,750
ta53.pt,50,15,0,752,2,0.0,99.0,49.70877659574468,51.0,28.260688574697678,99.0,25.0,74.0,0.3280388133805603,-1.0,14.0,6.9787234042553195,7.0,4.334372082439013,15.0,3.0,11.0,0.3572695035460993,28.34375,29.41412925720215,800,36750,752,37550,0.06507281072045783,0.0,49.0,48.869680851063826,49.0,2.523619467608556,49.0,49.0,49.0,0.0026595744680850686,1.0,1.0,1.0,1.0,0.0,0.0,1.0,1.0,0.0,0.0028331019633396604,2.0,50.0,2.127659574468085,2.0,2.472117029494095,48.0,2.0,2.0,0.05984042553191493,0.008749294274300934,0.01710082556591212,0.01193083000443853,0.011476324900133157,0.0028265321269265484,0.008351531291611185,0.00943105193075899,0.014885113182423438,0.13155477249143344,0.06790591268379749,50.0,51.0,50.99734042553192,51.0,0.051502438114460335,1.0,51.0,51.0,5.2012538489298876e-05,0.9223529411764706,0.9270588235294117,0.9226792156862743,0.9223529411764706,0.0009395227301134552,0.004705882352941115,0.9223529411764706,0.9223529411764706,0.00031935792931903073,0.0010744622676545973,0.004347184829710087,0.0020798394188403756,0.0020280290554682457,0.0004833399265067122,0.0032727225620554894,0.0017319970805426727,0.0023144206111112993,0.12617176886386328,1,0,942,36439,37381,0,49.841331481933594,28.181367874145508,942.0,2717.0,2492.0666666666666,49.84133333333333,49.84133333333333,49.84133333333333,750
ta54.pt,50,15,0,752,2,0.0,99.0,49.19015957446808,49.0,28.40919200540677,99.0,25.0,73.0,0.3333089719350941,-1.0,14.0,6.9787234042553195,7.0,4.334372082439013,15.0,3.0,11.0,0.3572695035460993,28.084442138671875,29.298221588134766,800,36750,752,37550,0.06507281072045783,0.0,49.0,48.869680851063826,49.0,2.523619467608556,49.0,49.0,49.0,0.0026595744680850686,1.0,1.0,1.0,1.0,0.0,0.0,1.0,1.0,0.0,0.0028331019633396604,2.0,50.0,2.127659574468085,2.0,2.472117029494095,48.0,2.0,2.0,0.05984042553191493,0.008749294274300934,0.01710082556591212,0.01193083000443853,0.011476324900133157,0.0028265321269265484,0.008351531291611185,0.00943105193075899,0.014885113182423438,0.13155477249143344,0.06790591268379749,50.0,51.0,50.99734042553192,51.0,0.051502438114460335,1.0,51.0,51.0,5.2012538489298876e-05,0.9223529411764706,0.927843137254902,0.9227210457516338,0.9223529411764706,0.0010688154698580078,0.005490196078431375,0.9223529411764706,0.9223529411764706,0.0003607721181571044,0.0009682810329002235,0.004668110432628331,0.002084026292657983,0.00200365227894817,0.000516391795825035,0.003699829399728108,0.001720031248065181,0.002401423693434347,0.1354628182850166,1,0,1144,35847,36991,0,49.32133483886719,28.33310317993164,1144.0,2797.0,2466.0666666666666,49.321333333333335,49.321333333333335,49.321333333333335,750
ta55.pt,50,15,0,752,2,0.0,99.0,49.027925531914896,49.0,28.40471224306762,99.0,25.0,74.25,0.33438686453417876,-1.0,14.0,6.9787234042553195,7.0,4.334372082439013,15.0,3.0,11.0,0.3572695035460993,28.003324508666992,29.23766326904297,800,36750,752,37550,0.06507281072045783,0.0,49.0,48.869680851063826,49.0,2.523619467608556,49.0,49.0,49.0,0.0026595744680850686,1.0,1.0,1.0,1.0,0.0,0.0,1.0,1.0,0.0,0.0028331019633396604,2.0,50.0,2.127659574468085,2.0,2.472117029494095,48.0,2.0,2.0,0.05984042553191493,0.008749294274300934,0.01710082556591212,0.01193083000443853,0.011476324900133157,0.0028265321269265484,0.008351531291611185,0.00943105193075899,0.014885113182423438,0.13155477249143344,0.06790591268379749,50.0,51.0,50.99734042553192,51.0,0.051502438114460335,1.0,51.0,51.0,5.2012538489298876e-05,0.9223529411764706,0.9286274509803921,0.92270431372549,0.9223529411764706,0.0010636913521223008,0.006274509803921524,0.9223529411764706,0.9223529411764706,0.00034623544772105497,0.0010765922835986898,0.006018810143843436,0.002081128018163088,0.002008542231464611,0.0005546492062637248,0.004942217860244746,0.0016751226791390141,0.0023951091219716536,0.14346892064054861,1,0,940,35929,36869,0,49.158668518066406,28.3293514251709,940.0,2679.0,2457.9333333333334,49.15866666666667,49.15866666666667,49.15866666666667,750
ta56.pt,50,15,0,752,2,0.0,99.0,50.462765957446805,50.0,28.777506671388675,99.0,26.0,75.25,0.3291287882185925,-1.0,14.0,6.9787234042553195,7.0,4.334372082439013,15.0,3.0,11.0,0.3572695035460993,28.720745086669922,29.936288833618164,800,36750,752,37550,0.06507281072045783,0.0,49.0,48.869680851063826,49.0,2.523619467608556,49.0,49.0,49.0,0.0026595744680850686,1.0,1.0,1.0,1.0,0.0,0.0,1.0,1.0,0.0,0.0028331019633396604,2.0,50.0,2.127659574468085,2.0,2.472117029494095,48.0,2.0,2.0,0.05984042553191493,0.008749294274300934,0.01710082556591212,0.01193083000443853,0.011476324900133157,0.0028265321269265484,0.008351531291611185,0.00943105193075899,0.014885113182423438,0.13155477249143344,0.06790591268379749,50.0,51.0,50.99734042553192,51.0,0.051502438114460335,1.0,51.0,51.0,5.2012538489298876e-05,0.9223529411764706,0.927843137254902,0.9227398692810456,0.9223529411764706,0.001186870517735773,0.005490196078431375,0.9223529411764706,0.9223529411764706,0.0003832496571734012,0.0010295257595081143,0.004241262748460993,0.0020838943397520383,0.0019720919270677477,0.0005014266118679489,0.0032117369889528785,0.0017290054996760595,0.002390955101240177,0.132602325299207,1,0,920,37028,37948,0,50.59733200073242,28.697465896606445,920.0,2781.0,2529.866666666667,50.59733333333333,50.59733333333333,50.59733333333333,750
ta57.pt,50,15,0,752,2,0.0,99.0,51.1063829787234,52.0,29.097632090947464,99.0,26.0,77.0,0.3285450566460575,-1.0,14.0,6.9787234042553195,7.0,4.334372082439013,15.0,3.0,11.0,0.3572695035460993,29.042552947998047,30.323951721191406,800,36750,752,37550,0.06507281072045783,0.0,49.0,48.869680851063826,49.0,2.523619467608556,49.0,49.0,49.0,0.0026595744680850686,1.0,1.0,1.0,1.0,0.0,0.0,1.0,1.0,0.0,0.0028331019633396604,2.0,50.0,2.127659574468085,2.0,2.472117029494095,48.0,2.0,2.0,0.05984042553191493,0.008749294274300934,0.01710082556591212,0.01193083000443853,0.011476324900133157,0.0028265321269265484,0.008351531291611185,0.00943105193075899,0.014885113182423438,0.13155477249143344,0.06790591268379749,50.0,51.0,50.99734042553192,51.0,0.051502438114460335,1.0,51.0,51.0,5.2012538489298876e-05,0.9223529411764706,0.927843137254902,0.9226666666666665,0.9223529411764706,0.0009200237363836989,0.005490196078431375,0.9223529411764706,0.9223529411764706,0.000307324039442447,0.0010068348250313276,0.007025414261233172,0.002077994862439977,0.0019449520875130897,0.0005946982256090586,0.006018579436201844,0.0016725126994383062,0.002334949724305092,0.1482275458117135,1,0,1137,37295,38432,0,51.24266815185547,29.016313552856445,1137.0,2943.0,2562.133333333333,51.242666666666665,51.242666666666665,51.242666666666665,750
ta58.pt,50,15,0,752,2,0.0,99.0,51.974734042553195,53.0,28.299747197079842,99.0,27.75,76.25,0.3141576664607144,-1.0,14.0,6.9787234042553195,7.0,4.334372082439013,15.0,3.0,11.0,0.3572695035460993,29.476728439331055,30.265350341796875,800,36750,752,37550,0.06507281072045783,0.0,49.0,48.869680851063826,49.0,2.523619467608556,49.0,49.0,49.0,0.0026595744680850686,1.0,1.0,1.0,1.0,0.0,0.0,1.0,1.0,0.0,0.0028331019633396604,2.0,50.0,2.127659574468085,2.0,2.472117029494095,48.0,2.0,2.0,0.05984042553191493,0.008749294274300934,0.01710082556591212,0.01193083000443853,0.011476324900133157,0.0028265321269265484,0.008351531291611185,0.00943105193075899,0.014885113182423438,0.13155477249143344,0.06790591268379749,50.0,51.0,50.99734042553192,51.0,0.051502438114460335,1.0,51.0,51.0,5.2012538489298876e-05,0.9223529411764706,0.927843137254902,0.9226708496732025,0.9223529411764706,0.0009230403674886965,0.005490196078431375,0.9223529411764706,0.9223529411764706,0.00031046290923164577,0.0010610021356033843,0.004519589440494894,0.0020801099265018988,0.001997398764734577,0.000541415593162174,0.0034585873048915096,0.001725890477676332,0.0023211650898801784,0.13805065613344292,1,0,1042,38043,39085,0,52.11333465576172,28.20972442626953,1042.0,2885.0,2605.6666666666665,52.11333333333334,52.11333333333334,52.11333333333334,750
ta59.pt,50,15,0,752,2,0.0,99.0,49.02127659574468,49.0,28.174693913043807,99.0,25.0,73.0,0.33174800647347813,-1.0,14.0,6.9787234042553195,7.0,4.334372082439013,15.0,3.0,11.0,0.3572695035460993,28.0,29.1237735748291,800,36750,752,37550,0.06507281072045783,0.0,49.0,48.869680851063826,49.0,2.523619467608556,49.0,49.0,49.0,0.0026595744680850686,1.0,1.0,1.0,1.0,0.0,0.0,1.0,1.0,0.0,0.0028331019633396604,2.0,50.0,2.127659574468085,2.0,2.472117029494095,48.0,2.0,2.0,0.05984042553191493,0.008749294274300934,0.01710082556591212,0.01193083000443853,0.011476324900133157,0.0028265321269265484,0.008351531291611185,0.00943105193075899,0.014885113182423438,0.13155477249143344,0.06790591268379749,50.0,51.0,50.99734042553192,51.0,0.051502438114460335,1.0,51.0,51.0,5.2012538489298876e-05,0.9223529411764706,0.927843137254902,0.922698039215686,0.9223529411764706,0.0010329146750214441,0.005490196078431375,0.9223529411764706,0.9223529411764706,0.0003398154129785613,0.0009891721260991743,0.004514638022627365,0.002082298920192279,0.0020159288901296047,0.0005128230583914416,0.0035254658965281904,0.0017024144137705209,0.002378950600774443,0.13574646520464295,1,0,963,35901,36864,0,49.152000427246094,28.09813117980957,963.0,2655.0,2457.6,49.152,49.152,49.152,750
ta60.pt,50,15,0,752,2,0.0,99.0,50.26063829787234,50.0,28.90379573867789,99.0,26.0,76.0,0.3318367304431631,-1.0,14.0,6.9787234042553195,7.0,4.334372082439013,15.0,3.0,11.0,0.3572695035460993,28.619680404663086,29.92388916015625,800,36750,752,37550,0.06507281072045783,0.0,49.0,48.869680851063826,49.0,2.523619467608556,49.0,49.0,49.0,0.0026595744680850686,1.0,1.0,1.0,1.0,0.0,0.0,1.0,1.0,0.0,0.0028331019633396604,2.0,50.0,2.127659574468085,2.0,2.472117029494095,48.0,2.0,2.0,0.05984042553191493,0.008749294274300934,0.01710082556591212,0.01193083000443853,0.011476324900133157,0.0028265321269265484,0.008351531291611185,0.00943105193075899,0.014885113182423438,0.13155477249143344,0.06790591268379749,50.0,51.0,50.99734042553192,51.0,0.051502438114460335,1.0,51.0,51.0,5.2012538489298876e-05,0.9223529411764706,0.9262745098039216,0.9226750326797384,0.9223529411764706,0.0009099457480921217,0.0039215686274509665,0.9223529411764706,0.9223529411764706,0.0003141457782696033,0.0011255342428334444,0.006906822181123117,0.0020805397982730446,0.0019694965462608623,0.0005854365138267096,0.005781287938289673,0.0016968966565441656,0.0023381658058223864,0.14078228598760378,1,0,1061,36735,37796,0,50.3946647644043,28.82538604736328,1061.0,2723.0,2519.733333333333,50.394666666666666,50.394666666666666,50.394666666666666,750
ta61.pt,50,20,0,1002,2,0.0,99.0,50.862275449101794,51.5,28.127223691413313,99.0,27.0,74.75,0.3190563383083924,-1.0,19.0,9.479041916167665,9.0,5.779554772946835,20.0,4.0,14.0,0.35129740518962094,30.170658111572266,28.989912033081055,1050,49000,1002,50050,0.04885334226651592,0.0,49.0,48.902195608782435,49.0,2.186972672604585,49.0,49.0,49.0,0.001996007984031989,1.0,1.0,1.0,1.0,0.0,0.0,1.0,1.0,0.0,0.002093714668564968,2.0,50.0,2.095808383233533,2.0,2.142340577245307,48.0,2.0,2.0,0.04562303963501568,0.00907796203796204,0.017709330669330673,0.012242797202797206,0.011475564435564438,0.0028414167993266286,0.008631368631368633,0.009653386613386616,0.014448591408591411,0.12925294409483756,0.050947056935080885,50.0,51.0,50.99800399201597,51.0,0.04463209535927723,1.0,51.0,51.0,3.906082160543001e-05,0.9223529411764706,0.9270588235294117,0.9225584313725488,0.9223529411764706,0.0007321290310515031,0.004705882352941115,0.9223529411764706,0.9223529411764706,0.00020796217169372078,0.0007773031830523432,0.004925571470376669,0.0016635629895287978,0.0015581268409689988,0.0005116009233502003,0.004148268287324326,0.001328638633677346,0.0018704174239014399,0.15984854733221932,1,0,1284,49680,50964,0,50.9640007019043,28.063121795654297,1284.0,2868.0,2548.2,50.964,50.964,50.964,1000
ta62.pt,50,20,0,1002,2,0.0,99.0,51.49500998003992,54.0,28.458613628751472,99.0,26.0,75.0,0.3188147910543502,-1.0,19.0,9.479041916167665,9.0,5.779554772946835,20.0,4.0,14.0,0.35129740518962094,30.48702621459961,29.376577377319336,1050,49000,1002,50050,0.04885334226651592,0.0,49.0,48.902195608782435,49.0,2.186972672604585,49.0,49.0,49.0,0.001996007984031989,1.0,1.0,1.0,1.0,0.0,0.0,1.0,1.0,0.0,0.002093714668564968,2.0,50.0,2.095808383233533,2.0,2.142340577245307,48.0,2.0,2.0,0.04562303963501568,0.00907796203796204,0.017709330669330673,0.012242797202797206,0.011475564435564438,0.0028414167993266286,0.008631368631368633,0.009653386613386616,0.014448591408591411,0.12925294409483756,0.050947056935080885,50.0,51.0,50.99800399201597,51.0,0.04463209535927723,1.0,51.0,51.0,3.906082160543001e-05,0.9223529411764706,0.9286274509803921,0.9225819607843135,0.9223529411764706,0.0008750410766433415,0.006274509803921524,0.9223529411764706,0.9223529411764706,0.00023336552488717466,0.0006977127316943076,0.005760588720304005,0.0016662796197106596,0.0015929288632335584,0.0004888608869662761,0.005062875988609697,0.0013396205567659117,0.0018884888055096523,0.15248648688556377,1,0,1318,50280,51598,0,51.597999572753906,28.393632888793945,1318.0,2848.0,2579.9,51.598,51.598,51.598,1000
ta63.pt,50,20,0,1002,2,0.0,99.0,49.022954091816366,49.0,28.64066857221321,99.0,23.0,73.0,0.33719025985812623,-1.0,19.0,9.479041916167665,9.0,5.779554772946835,20.0,4.0,14.0,0.35129740518962094,29.25099754333496,28.596778869628906,1050,49000,1002,50050,0.04885334226651592,0.0,49.0,48.902195608782435,49.0,2.186972672604585,49.0,49.0,49.0,0.001996007984031989,1.0,1.0,1.0,1.0,0.0,0.0,1.0,1.0,0.0,0.002093714668564968,2.0,50.0,2.095808383233533,2.0,2.142340577245307,48.0,2.0,2.0,0.04562303963501568,0.00907796203796204,0.017709330669330673,0.012242797202797206,0.011475564435564438,0.0028414167993266286,0.008631368631368633,0.009653386613386616,0.014448591408591411,0.12925294409483756,0.050947056935080885,50.0,51.0,50.99800399201597,51.0,0.04463209535927723,1.0,51.0,51.0,3.906082160543001e-05,0.9223529411764706,0.9270588235294117,0.9225505882352938,0.9223529411764706,0.0007250113947320664,0.004705882352941115,0.9223529411764706,0.9223529411764706,0.0002003499250164964,0.0008513155854872962,0.004539693351381662,0.0016633218663756116,0.0015580175014240955,0.0005065636696247563,0.0036883777658943654,0.0013242971536178336,0.0019028422127323227,0.156851110067449,1,0,1289,47832,49121,0,49.12099838256836,28.585176467895508,1289.0,2755.0,2456.05,49.121,49.121,49.121,1000
ta64.pt,50,20,0,1002,2,0.0,99.0,48.365269461077844,49.0,28.604298620628498,99.0,23.0,72.0,0.3413274972896847,-1.0,19.0,9.479041916167665,9.0,5.779554772946835,20.0,4.0,14.0,0.35129740518962094,28.922155380249023,28.35205841064453,1050,49000,1002,50050,0.04885334226651592,0.0,49.0,48.902195608782435,49.0,2.186972672604585,49.0,49.0,49.0,0.001996007984031989,1.0,1.0,1.0,1.0,0.0,0.0,1.0,1.0,0.0,0.002093714668564968,2.0,50.0,2.095808383233533,2.0,2.142340577245307,48.0,2.0,2.0,0.04562303963501568,0.00907796203796204,0.017709330669330673,0.012242797202797206,0.011475564435564438,0.0028414167993266286,0.008631368631368633,0.009653386613386616,0.014448591408591411,0.12925294409483756,0.050947056935080885,50.0,51.0,50.99800399201597,51.0,0.04463209535927723,1.0,51.0,51.0,3.906082160543001e-05,0.9223529411764706,0.9270588235294117,0.9225537254901958,0.9223529411764706,0.0007359454370226819,0.004705882352941115,0.9223529411764706,0.9223529411764706,0.0002038416807230714,0.0007616380640312594,0.004693348354387312,0.0016623509154237328,0.0015574736535525753,0.0005144715862429508,0.003931710290356052,0.0013213992661794869,0.0019083462727193983,0.15662666361018096,1,0,1229,47233,48462,0,48.46200180053711,28.55091094970703,1229.0,2691.0,2423.1,48.462,48.462,48.462,1000
ta65.pt,50,20,0,1002,2,0.0,99.0,49.100798403193615,49.0,29.16315894552429,99.0,22.0,75.0,0.3426559146184551,-1.0,19.0,9.479041916167665,9.0,5.779554772946835,20.0,4.0,14.0,0.35129740518962094,29.289920806884766,28.88628387451172,1050,49000,1002,50050,0.04885334226651592,0.0,49.0,48.902195608782435,49.0,2.186972672604585,49.0,49.0,49.0,0.001996007984031989,1.0,1.0,1.0,1.0,0.0,0.0,1.0,1.0,0.0,0.002093714668564968,2.0,50.0,2.095808383233533,2.0,2.142340577245307,48.0,2.0,2.0,0.04562303963501568,0.00907796203796204,0.017709330669330673,0.012242797202797206,0.011475564435564438,0.0028414167993266286,0.008631368631368633,0.009653386613386616,0.014448591408591411,0.12925294409483756,0.050947056935080885,50.0,51.0,50.99800399201597,51.0,0.04463209535927723,1.0,51.0,51.0,3.906082160543001e-05,0.9223529411764706,0.9254901960784314,0.9225364705882351,0.9223529411764706,0.0006161951188155654,0.0031372549019608176,0.9223529411764706,0.9223529411764706,0.00018411132478779457,0.0006910014258959102,0.0047908189934163965,0.0016619403306503983,0.0015499282877772034,0.0005318871984375799,0.004099817567520486,0.0013289746273262761,0.001856452157288822,0.15781486973803727,1,0,1270,47929,49199,0,49.19900131225586,29.109437942504883,1270.0,2725.0,2459.95,49.199,49.199,49.199,1000
ta66.pt,50,20,0,1002,2,0.0,99.0,50.28942115768463,51.0,29.060231824898402,99.0,24.0,76.0,0.33346939777915896,-1.0,19.0,9.479041916167665,9.0,5.779554772946835,20.0,4.0,14.0,0.35129740518962094,29.884231567382812,29.245887756347656,1050,49000,1002,50050,0.04885334226651592,0.0,49.0,48.902195608782435,49.0,2.186972672604585,49.0,49.0,49.0,0.001996007984031989,1.0,1.0,1.0,1.0,0.0,0.0,1.0,1.0,0.0,0.002093714668564968,2.0,50.0,2.095808383233533,2.0,2.142340577245307,48.0,2.0,2.0,0.04562303963501568,0.00907796203796204,0.017709330669330673,0.012242797202797206,0.011475564435564438,0.0028414167993266286,0.008631368631368633,0.009653386613386616,0.014448591408591411,0.12925294409483756,0.050947056935080885,50.0,51.0,50.99800399201597,51.0,0.04463209535927723,1.0,51.0,51.0,3.906082160543001e-05,0.9223529411764706,0.9262745098039216,0.9225458823529409,0.9223529411764706,0.0006844160831364346,0.0039215686274509665,0.9223529411764706,0.9223529411764706,0.00019511224692836393,0.0007808300620399447,0.004758878312562234,0.00166565296109586,0.0015765300760983941,0.00046885171530544877,0.003978048250522289,0.0013654486911526137,0.0018521874812273856,0.14185936160172052,1,0,1297,49093,50390,0,50.38999938964844,29.002033233642578,1297.0,2845.0,2519.5,50.39,50.39,50.39,1000
ta67.pt,50,20,0,1002,2,0.0,99.0,49.45409181636727,50.0,28.327539413882434,99.0,25.0,73.0,0.33063296449097246,-1.0,19.0,9.479041916167665,9.0,5.779554772946835,20.0,4.0,14.0,0.35129740518962094,29.46656608581543,28.590688705444336,1050,49000,1002,50050,0.04885334226651592,0.0,49.0,48.902195608782435,49.0,2.186972672604585,49.0,49.0,49.0,0.001996007984031989,1.0,1.0,1.0,1.0,0.0,0.0,1.0,1.0,0.0,0.002093714668564968,2.0,50.0,2.095808383233533,2.0,2.142340577245307,48.0,2.0,2.0,0.04562303963501568,0.00907796203796204,0.017709330669330673,0.012242797202797206,0.011475564435564438,0.0028414167993266286,0.008631368631368633,0.009653386613386616,0.014448591408591411,0.12925294409483756,0.050947056935080885,50.0,51.0,50.99800399201597,51.0,0.04463209535927723,1.0,51.0,51.0,3.906082160543001e-05,0.9223529411764706,0.927843137254902,0.9225599999999997,0.9223529411764706,0.0007621592588631456,0.005490196078431375,0.9223529411764706,0.9223529411764706,0.00020996817041107896,0.000828120707037379,0.005653211260185682,0.0016655752609370353,0.0015456239563774693,0.0005773499319810094,0.004825090553148303,0.0012944800704252587,0.0018862591437523095,0.16836796653401676,1,0,1273,48280,49553,0,49.553001403808594,28.269298553466797,1273.0,2812.0,2477.65,49.553,49.553,49.553,1000
ta68.pt,50,20,0,1002,2,0.0,99.0,49.80339321357285,49.0,28.084458244255437,99.0,27.0,73.0,0.32538003967217377,-1.0,19.0,9.479041916167665,9.0,5.779554772946835,20.0,4.0,14.0,0.35129740518962094,29.641218185424805,28.593414306640625,1050,49000,1002,50050,0.04885334226651592,0.0,49.0,48.902195608782435,49.0,2.186972672604585,49.0,49.0,49.0,0.001996007984031989,1.0,1.0,1.0,1.0,0.0,0.0,1.0,1.0,0.0,0.002093714668564968,2.0,50.0,2.095808383233533,2.0,2.142340577245307,48.0,2.0,2.0,0.04562303963501568,0.00907796203796204,0.017709330669330673,0.012242797202797206,0.011475564435564438,0.0028414167993266286,0.008631368631368633,0.009653386613386616,0.014448591408591411,0.12925294409483756,0.050947056935080885,50.0,51.0,50.99800399201597,51.0,0.04463209535927723,1.0,51.0,51.0,3.906082160543001e-05,0.9223529411764706,0.9262745098039216,0.9225490196078429,0.9223529411764706,0.0006799145071435269,0.0039215686274509665,0.9223529411764706,0.9223529411764706,0.00019777428267819808,0.0007748626526442363,0.005356237507636113,0.0016653469304084405,0.0015822310351397374,0.0005146016654136483,0.004581374854991877,0.0013392080833617907,0.0018541175960862235,0.15517025183139377,1,0,1343,48560,49903,0,49.90299987792969,28.02398109436035,1343.0,2764.0,2495.15,49.903,49.903,49.903,1000
ta69.pt,50,20,0,1002,2,0.0,99.0,50.76946107784431,51.0,28.71078416300177,99.0,25.0,76.0,0.3264090246508615,-1.0,19.0,9.479041916167665,9.0,5.779554772946835,20.0,4.0,14.0,0.35129740518962094,30.124252319335938,29.241764068603516,1050,49000,1002,50050,0.04885334226651592,0.0,49.0,48.902195608782435,49.0,2.186972672604585,49.0,49.0,49.0,0.001996007984031989,1.0,1.0,1.0,1.0,0.0,0.0,1.0,1.0,0.0,0.002093714668564968,2.0,50.0,2.095808383233533,2.0,2.142340577245307,48.0,2.0,2.0,0.04562303963501568,0.00907796203796204,0.017709330669330673,0.012242797202797206,0.011475564435564438,0.0028414167993266286,0.008631368631368633,0.009653386613386616,0.014448591408591411,0.12925294409483756,0.050947056935080885,50.0,51.0,50.99800399201597,51.0,0.04463209535927723,1.0,51.0,51.0,3.906082160543001e-05,0.9223529411764706,0.9254901960784314,0.922534901960784,0.9223529411764706,0.0006391921083104963,0.0031372549019608176,0.9223529411764706,0.9223529411764706,0.00018388719232298456,0.0007714342370524424,0.004946455448203701,0.0016612155247965265,0.001522213887584689,0.000565744125628099,0.004175021211151259,0.0012767591950467896,0.0019166587203617693,0.17390048124501534,1,0,1416,49455,50871,0,50.87099838256836,28.649473190307617,1416.0,3063.0,2543.55,50.871,50.871,50.871,1000
ta70.pt,50,20,0,1002,2,0.0,99.0,50.77644710578842,52.0,28.68115595191763,99.0,26.25,76.0,0.3258834742167067,-1.0,19.0,9.479041916167665,9.0,5.779554772946835,20.0,4.0,14.0,0.35129740518962094,30.127744674682617,29.229692459106445,1050,49000,1002,50050,0.04885334226651592,0.0,49.0,48.902195608782435,49.0,2.186972672604585,49.0,49.0,49.0,0.001996007984031989,1.0,1.0,1.0,1.0,0.0,0.0,1.0,1.0,0.0,0.002093714668564968,2.0,50.0,2.095808383233533,2.0,2.142340577245307,48.0,2.0,2.0,0.04562303963501568,0.00907796203796204,0.017709330669330673,0.012242797202797206,0.011475564435564438,0.0028414167993266286,0.008631368631368633,0.009653386613386616,0.014448591408591411,0.12925294409483756,0.050947056935080885,50.0,51.0,50.99800399201597,51.0,0.04463209535927723,1.0,51.0,51.0,3.906082160543001e-05,0.9223529411764706,0.9270588235294117,0.922541176470588,0.9223529411764706,0.0007224206393518037,0.004705882352941115,0.9223529411764706,0.9223529411764706,0.0001920067333203157,0.0007931477053009422,0.005364032570825778,0.0016623955004061621,0.0015679578928826082,0.0005181074461509501,0.004570884865524836,0.0013124108758885505,0.0018931001912619494,0.15980356740537394,1,0,1225,49653,50878,0,50.87799835205078,28.61969757080078,1225.0,2995.0,2543.9,50.878,50.878,50.878,1000
ta71.pt,100,20,0,2002,2,0.0,99.0,50.39510489510489,51.0,28.371416931751412,99.0,26.0,75.0,0.32493648920783147,-1.0,19.0,9.48951048951049,9.0,5.77293799092739,20.0,4.0,14.0,0.35064935064935066,29.94230842590332,28.938711166381836,2100,198000,2002,200100,0.04942583653228331,0.0,99.0,98.9010989010989,99.0,3.1275273562104844,99.0,99.0,99.0,0.0009990009990008542,1.0,1.0,1.0,1.0,0.0,0.0,1.0,1.0,0.0,0.0010484268355332824,2.0,100.0,2.097902097902098,2.0,3.095936170794217,98.0,2.0,2.0,0.046620046620046596,0.004531989005497251,0.008939785107446278,0.006148180909545229,0.005756376811594202,0.0014510312821732032,0.004407796101949027,0.00482584207896052,0.0072746176911544225,0.13143659302044863,0.05047426336781659,100.0,101.0,100.999000999001,101.0,0.03159118541626753,1.0,101.0,101.0,9.88131551915572e-06,0.9605940594059406,0.9625742574257425,0.9606906930693067,0.9605940594059406,0.0003219789801835386,0.001980198019801982,0.9605940594059406,0.9605940594059406,9.294076374111171e-05,0.00037913870967705356,0.002288676830716188,0.0008301747704963654,0.000782182062342031,0.0002175546753259692,0.0019095381210391346,0.0006855044305756266,0.0009123713748802266,0.13563731595991224,1,0,1341,99550,100891,0,50.445499420166016,28.340784072875977,1341.0,5464.0,5044.55,50.4455,50.4455,50.4455,2000
ta72.pt,100,20,0,2002,2,0.0,99.0,48.633866133866135,48.0,28.537027700657156,99.0,24.0,73.0,0.33863202991226404,-1.0,19.0,9.48951048951049,9.0,5.77293799092739,20.0,4.0,14.0,0.35064935064935066,29.061687469482422,28.40624237060547,2100,198000,2002,200100,0.04942583653228331,0.0,99.0,98.9010989010989,99.0,3.1275273562104844,99.0,99.0,99.0,0.0009990009990008542,1.0,1.0,1.0,1.0,0.0,0.0,1.0,1.0,0.0,0.0010484268355332824,2.0,100.0,2.097902097902098,2.0,3.095936170794217,98.0,2.0,2.0,0.046620046620046596,0.004531989005497251,0.008939785107446278,0.006148180909545229,0.005756376811594202,0.0014510312821732032,0.004407796101949027,0.00482584207896052,0.0072746176911544225,0.13143659302044863,0.05047426336781659,100.0,101.0,100.999000999001,101.0,0.03159118541626753,1.0,101.0,101.0,9.88131551915572e-06,0.9605940594059406,0.9623762376237623,0.9606928712871283,0.9605940594059406,0.00032760154498602095,0.0017821782178217838,0.9605940594059406,0.9605940594059406,9.515461097731048e-05,0.0004479573889697393,0.0018591970031458678,0.0008305745921845668,0.0008125090587905118,0.00018317657656068443,0.0014112396141761285,0.0007003684543201422,0.0009368984021087648,0.12062573456967085,1,0,1275,96090,97365,0,48.682498931884766,28.50979995727539,1275.0,5181.0,4868.25,48.6825,48.6825,48.6825,2000
ta73.pt,100,20,0,2002,2,0.0,99.0,50.260739260739264,50.0,28.45065038879431,99.0,26.0,75.0,0.3267251323143672,-1.0,19.0,9.48951048951049,9.0,5.77293799092739,20.0,4.0,14.0,0.35064935064935066,29.875123977661133,28.930200576782227,2100,198000,2002,200100,0.04942583653228331,0.0,99.0,98.9010989010989,99.0,3.1275273562104844,99.0,99.0,99.0,0.0009990009990008542,1.0,1.0,1.0,1.0,0.0,0.0,1.0,1.0,0.0,0.0010484268355332824,2.0,100.0,2.097902097902098,2.0,3.095936170794217,98.0,2.0,2.0,0.046620046620046596,0.004531989005497251,0.008939785107446278,0.006148180909545229,0.005756376811594202,0.0014510312821732032,0.004407796101949027,0.00482584207896052,0.0072746176911544225,0.13143659302044863,0.05047426336781659,100.0,101.0,100.999000999001,101.0,0.03159118541626753,1.0,101.0,101.0,9.88131551915572e-06,0.9605940594059406,0.9623762376237623,0.9606916831683165,0.9605940594059406,0.0003184950765904734,0.0017821782178217838,0.9605940594059406,0.9605940594059406,9.37392880915322e-05,0.0004818500429008001,0.0015679451538104744,0.0008306717603681331,0.0008040278914386432,0.00017672249199640383,0.0010860951109096743,0.000701410232169197,0.0009322249837432414,0.11761905175326626,1,0,1306,99316,100622,0,50.31100082397461,28.420421600341797,1306.0,5552.0,5031.1,50.311,50.311,50.311,2000
ta74.pt,100,20,0,2002,2,0.0,99.0,49.97452547452547,50.0,28.429555233749465,99.0,25.0,75.0,0.3283901327909764,-1.0,19.0,9.48951048951049,9.0,5.77293799092739,20.0,4.0,14.0,0.35064935064935066,29.732017517089844,28.81913185119629,2100,198000,2002,200100,0.04942583653228331,0.0,99.0,98.9010989010989,99.0,3.1275273562104844,99.0,99.0,99.0,0.0009990009990008542,1.0,1.0,1.0,1.0,0.0,0.0,1.0,1.0,0.0,0.0010484268355332824,2.0,100.0,2.097902097902098,2.0,3.095936170794217,98.0,2.0,2.0,0.046620046620046596,0.004531989005497251,0.008939785107446278,0.006148180909545229,0.005756376811594202,0.0014510312821732032,0.004407796101949027,0.00482584207896052,0.0072746176911544225,0.13143659302044863,0.05047426336781659,100.0,101.0,100.999000999001,101.0,0.03159118541626753,1.0,101.0,101.0,9.88131551915572e-06,0.9605940594059406,0.9625742574257425,0.9606928712871283,0.9605940594059406,0.000323990835917702,0.001980198019801982,0.9605940594059406,0.9605940594059406,9.494890136063638e-05,0.00043809032529478577,0.002672402384750834,0.0008304571760990421,0.000801410795562713,0.00020760007256115685,0.002234312059456048,0.0006903823248162317,0.0009403696903961965,0.13097358956026506,1,0,1297,98752,100049,0,50.02450180053711,28.39978790283203,1297.0,5339.0,5002.45,50.0245,50.0245,50.0245,2000
ta75.pt,100,20,0,2002,2,0.0,99.0,49.31068931068931,50.0,28.41793090334953,99.0,25.0,74.0,0.33265988468581664,-1.0,19.0,9.48951048951049,9.0,5.77293799092739,20.0,4.0,14.0,0.35064935064935066,29.400100708007812,28.58119010925293,2100,198000,2002,200100,0.04942583653228331,0.0,99.0,98.9010989010989,99.0,3.1275273562104844,99.0,99.0,99.0,0.0009990009990008542,1.0,1.0,1.0,1.0,0.0,0.0,1.0,1.0,0.0,0.0010484268355332824,2.0,100.0,2.097902097902098,2.0,3.095936170794217,98.0,2.0,2.0,0.046620046620046596,0.004531989005497251,0.008939785107446278,0.006148180909545229,0.005756376811594202,0.0014510312821732032,0.004407796101949027,0.00482584207896052,0.0072746176911544225,0.13143659302044863,0.05047426336781659,100.0,101.0,100.999000999001,101.0,0.03159118541626753,1.0,101.0,101.0,9.88131551915572e-06,0.9605940594059406,0.9623762376237623,0.9606940594059403,0.9605940594059406,0.0003274205180911722,0.0017821782178217838,0.9605940594059406,0.9605940594059406,9.61079087833383e-05,0.00043477902757343214,0.0020465612613967603,0.0008306167802746398,0.0007905084877950923,0.0002019722059093496,0.001611782233823328,0.00069329958151869,0.0009301968040497942,0.12871917218668627,1,0,1347,97373,98720,0,49.36000061035156,28.389301300048828,1347.0,5392.0,4936.0,49.36,49.36,49.36,2000
ta76.pt,100,20,0,2002,2,0.0,99.0,50.13536463536464,50.0,28.412126094024103,99.0,26.0,74.0,0.3271136660412446,-1.0,19.0,9.48951048951049,9.0,5.77293799092739,20.0,4.0,14.0,0.35064935064935066,29.812437057495117,28.867095947265625,2100,198000,2002,200100,0.04942583653228331,0.0,99.0,98.9010989010989,99.0,3.1275273562104844,99.0,99.0,99.0,0.0009990009990008542,1.0,1.0,1.0,1.0,0.0,0.0,1.0,1.0,0.0,0.0010484268355332824,2.0,100.0,2.097902097902098,2.0,3.095936170794217,98.0,2.0,2.0,0.046620046620046596,0.004531989005497251,0.008939785107446278,0.006148180909545229,0.005756376811594202,0.0014510312821732032,0.004407796101949027,0.00482584207896052,0.0072746176911544225,0.13143659302044863,0.05047426336781659,100.0,101.0,100.999000999001,101.0,0.03159118541626753,1.0,101.0,101.0,9.88131551915572e-06,0.9605940594059406,0.9627722772277227,0.9606952475247522,0.9605940594059406,0.0003399302188261716,0.00217821782178218,0.9605940594059406,0.9605940594059406,9.755218528861853e-05,0.0004144115278123792,0.0020127814446968743,0.0008305994760006544,0.0008052391907417099,0.00019780460517991447,0.001598369916884495,0.0007018674553018248,0.0009270062846732306,0.12539923559045518,1,0,1270,99101,100371,0,50.18550109863281,28.382038116455078,1270.0,5342.0,5018.55,50.1855,50.1855,50.1855,2000
ta77.pt,100,20,0,2002,2,0.0,99.0,50.807192807192806,52.0,28.772937046910638,99.0,26.0,76.0,0.3268679097064011,-1.0,19.0,9.48951048951049,9.0,5.77293799092739,20.0,4.0,14.0,0.35064935064935066,30.148351669311523,29.2812557220459,2100,198000,2002,200100,0.04942583653228331,0.0,99.0,98.9010989010989,99.0,3.1275273562104844,99.0,99.0,99.0,0.0009990009990008542,1.0,1.0,1.0,1.0,0.0,0.0,1.0,1.0,0.0,0.0010484268355332824,2.0,100.0,2.097902097902098,2.0,3.095936170794217,98.0,2.0,2.0,0.046620046620046596,0.004531989005497251,0.008939785107446278,0.006148180909545229,0.005756376811594202,0.0014510312821732032,0.004407796101949027,0.00482584207896052,0.0072746176911544225,0.13143659302044863,0.05047426336781659,100.0,101.0,100.999000999001,101.0,0.03159118541626753,1.0,101.0,101.0,9.88131551915572e-06,0.9605940594059406,0.961980198019802,0.9606841584158413,0.9605940594059406,0.0002848303367846682,0.0013861386138613874,0.9605940594059406,0.9605940594059406,8.602542948477065e-05,0.0004650299165067781,0.0015214529053017298,0.0008301853938232613,0.0008094323408810405,0.00016413936751801767,0.0010564229887949517,0.0007139551631296615,0.0009188629590270653,0.1093208782172106,1,0,1244,100472,101716,0,50.858001708984375,28.74240493774414,1244.0,5436.0,5085.8,50.858,50.858,50.858,2000
ta78.pt,100,20,0,2002,2,0.0,99.0,49.5004995004995,49.0,28.43369084335121,99.0,25.0,74.0,0.331594863259848,-1.0,19.0,9.48951048951049,9.0,5.77293799092739,20.0,4.0,14.0,0.35064935064935066,29.495004653930664,28.655202865600586,2100,198000,2002,200100,0.04942583653228331,0.0,99.0,98.9010989010989,99.0,3.1275273562104844,99.0,99.0,99.0,0.0009990009990008542,1.0,1.0,1.0,1.0,0.0,0.0,1.0,1.0,0.0,0.0010484268355332824,2.0,100.0,2.097902097902098,2.0,3.095936170794217,98.0,2.0,2.0,0.046620046620046596,0.004531989005497251,0.008939785107446278,0.006148180909545229,0.005756376811594202,0.0014510312821732032,0.004407796101949027,0.00482584207896052,0.0072746176911544225,0.13143659302044863,0.05047426336781659,100.0,101.0,100.999000999001,101.0,0.03159118541626753,1.0,101.0,101.0,9.88131551915572e-06,0.9605940594059406,0.9623762376237623,0.9606887128712868,0.9605940594059406,0.0003106144951094539,0.0017821782178217838,0.9605940594059406,0.9605940594059406,9.098660243389567e-05,0.0004113863856307389,0.0023107894630530184,0.0008301351650990257,0.0008001892993567011,0.00019914833475616952,0.0018994030774222796,0.0006977542082909243,0.0009227616519402576,0.12392623453550278,1,0,1299,97801,99100,0,49.54999923706055,28.404762268066406,1299.0,5394.0,4955.0,49.55,49.55,49.55,2000
ta79.pt,100,20,0,2002,2,0.0,99.0,49.81668331668332,50.0,28.79556696284863,99.0,25.0,74.0,0.3336695139859589,-1.0,19.0,9.48951048951049,9.0,5.77293799092739,20.0,4.0,14.0,0.35064935064935066,29.65309715270996,28.945220947265625,2100,198000,2002,200100,0.04942583653228331,0.0,99.0,98.9010989010989,99.0,3.1275273562104844,99.0,99.0,99.0,0.0009990009990008542,1.0,1.0,1.0,1.0,0.0,0.0,1.0,1.0,0.0,0.0010484268355332824,2.0,100.0,2.097902097902098,2.0,3.095936170794217,98.0,2.0,2.0,0.046620046620046596,0.004531989005497251,0.008939785107446278,0.006148180909545229,0.005756376811594202,0.0014510312821732032,0.004407796101949027,0.00482584207896052,0.0072746176911544225,0.13143659302044863,0.05047426336781659,100.0,101.0,100.999000999001,101.0,0.03159118541626753,1.0,101.0,101.0,9.88131551915572e-06,0.9605940594059406,0.9623762376237623,0.9606920792079205,0.9605940594059406,0.00032107156874999467,0.0017821782178217838,0.9605940594059406,0.9605940594059406,9.41090323707261e-05,0.0003966775451574974,0.0018800858113154804,0.0008307857812089606,0.0008085328204801593,0.00017958327446370117,0.001483408266157983,0.0007088376868349879,0.0009309991372700587,0.11744750335367082,1,0,1302,98431,99733,0,49.86650085449219,28.766815185546875,1302.0,5358.0,4986.65,49.8665,49.8665,49.8665,2000
ta80.pt,100,20,0,2002,2,0.0,99.0,48.3001998001998,47.0,28.45316691078143,99.0,24.0,73.0,0.3398705961194972,-1.0,19.0,9.48951048951049,9.0,5.77293799092739,20.0,4.0,14.0,0.35064935064935066,28.894855499267578,28.249286651611328,2100,198000,2002,200100,0.04942583653228331,0.0,99.0,98.9010989010989,99.0,3.1275273562104844,99.0,99.0,99.0,0.0009990009990008542,1.0,1.0,1.0,1.0,0.0,0.0,1.0,1.0,0.0,0.0010484268355332824,2.0,100.0,2.097902097902098,2.0,3.095936170794217,98.0,2.0,2.0,0.046620046620046596,0.004531989005497251,0.008939785107446278,0.006148180909545229,0.005756376811594202,0.0014510312821732032,0.004407796101949027,0.00482584207896052,0.0072746176911544225,0.13143659302044863,0.05047426336781659,100.0,101.0,100.999000999001,101.0,0.03159118541626753,1.0,101.0,101.0,9.88131551915572e-06,0.9605940594059406,0.9627722772277227,0.9607043564356433,0.9605940594059406,0.0003721376924090838,0.00217821782178218,0.9605940594059406,0.9605940594059406,0.00010644015931404738,0.00044093476614406966,0.0018731522293234588,0.0008314767114077682,0.000793517412215848,0.00018806103400245116,0.0014322174631793891,0.0007039245335508247,0.0009279035984044021,0.12061142762826838,1,0,1226,95471,96697,0,48.3484992980957,28.42634391784668,1226.0,5183.0,4834.85,48.3485,48.3485,48.3485,2000
yn1.pt,20,20,0,402,2,0.0,49.0,29.253731343283583,30.0,11.488921703013423,49.0,20.0,39.0,0.226182015094595,-1.0,19.0,9.447761194029852,9.0,5.799168533873217,20.0,4.0,14.0,0.3532338308457712,19.350746154785156,13.449235916137695,420,7600,402,8020,0.04714581704941626,0.0,19.0,18.90547263681592,19.0,1.3368187903029258,19.0,19.0,19.0,0.004975124378109319,1.0,1.0,1.0,1.0,0.0,0.0,1.0,1.0,0.0,0.005210853463356534,2.0,20.0,2.08955223880597,2.0,1.2664599066027713,18.0,2.0,2.0,0.04264392324093813,0.022799875311720702,0.042999376558603496,0.03020635910224439,0.028410847880299253,0.00664960617859871,0.020199501246882794,0.024146508728179555,0.035368453865336665,0.12259808879073719,0.0523566705127728,20.0,21.0,20.99502487562189,21.0,0.07035888370015399,1.0,21.0,21.0,0.0002357878852183859,0.8142857142857143,0.8285714285714286,0.8147380952380954,0.8142857142857143,0.0019975892500189787,0.014285714285714346,0.8142857142857143,0.8142857142857143,0.0005299687308220058,0.0019443856812705101,0.008773799532555408,0.004290909500090743,0.003940980863418963,0.0012776443601322657,0.006829413851284898,0.0033486821416843114,0.0051065348668479504,0.16293455932207546,1,0,694,11066,11760,0,29.399999618530273,11.329386711120605,694.0,643.0,588.0,29.4,29.4,29.4,400
yn2.pt,20,20,0,402,2,0.0,49.0,29.263681592039802,30.0,11.525663528804465,49.0,20.0,39.0,0.2268329383345089,-1.0,19.0,9.447761194029852,9.0,5.799168533873217,20.0,4.0,14.0,0.3532338308457712,19.35572052001953,13.468605041503906,420,7600,402,8020,0.04714581704941626,0.0,19.0,18.90547263681592,19.0,1.3368187903029258,19.0,19.0,19.0,0.004975124378109319,1.0,1.0,1.0,1.0,0.0,0.0,1.0,1.0,0.0,0.005210853463356534,2.0,20.0,2.08955223880597,2.0,1.2664599066027713,18.0,2.0,2.0,0.04264392324093813,0.022799875311720702,0.042999376558603496,0.03020635910224439,0.028410847880299253,0.00664960617859871,0.020199501246882794,0.024146508728179555,0.035368453865336665,0.12259808879073719,0.0523566705127728,20.0,21.0,20.99502487562189,21.0,0.07035888370015399,1.0,21.0,21.0,0.0002357878852183859,0.8142857142857143,0.8285714285714286,0.8149285714285717,0.8142857142857143,0.00245953648639152,0.014285714285714346,0.8142857142857143,0.8142857142857143,0.0007419581032517275,0.002180993273211217,0.00889826901822141,0.004306281478152219,0.003991192795393824,0.0012662759632480608,0.006717275745010194,0.0033391183593179385,0.005165556318510381,0.16380253399024292,1,0,713,11051,11764,0,29.40999984741211,11.366701126098633,713.0,686.0,588.2,29.41,29.41,29.41,400
yn3.pt,20,20,0,402,2,0.0,49.0,28.912935323383085,29.0,11.06515672613481,49.0,20.0,37.0,0.22018638631671705,-1.0,19.0,9.447761194029852,9.0,5.7991685338732175,20.0,4.0,14.0,0.3532338308457712,19.180347442626953,13.143715858459473,420,7600,402,8020,0.04714581704941626,0.0,19.0,18.90547263681592,19.0,1.3368187903029258,19.0,19.0,19.0,0.004975124378109319,1.0,1.0,1.0,1.0,0.0,0.0,1.0,1.0,0.0,0.005210853463356534,2.0,20.0,2.08955223880597,2.0,1.2664599066027713,18.0,2.0,2.0,0.04264392324093813,0.022799875311720702,0.042999376558603496,0.03020635910224439,0.028410847880299253,0.00664960617859871,0.020199501246882794,0.024146508728179555,0.035368453865336665,0.12259808879073719,0.0523566705127728,20.0,21.0,20.99502487562189,21.0,0.07035888370015399,1.0,21.0,21.0,0.0002357878852183859,0.8142857142857143,0.8428571428571429,0.8151666666666668,0.8142857142857143,0.004084634666994318,0.02857142857142858,0.8142857142857143,0.8142857142857143,0.0010337500365100727,0.0015890639891823963,0.009187167481157615,0.004346944386057532,0.004076620934727325,0.0013444957817060935,0.0075981034919752185,0.0033847055770792485,0.005152206246465846,0.17086724992810165,1,0,680,10943,11623,0,29.0575008392334,10.901798248291016,680.0,659.0,581.15,29.0575,29.0575,29.0575,400
yn4.pt,20,20,0,402,2,0.0,49.0,30.054726368159205,30.0,11.863317350428016,49.0,20.0,40.0,0.22736137224817798,-1.0,19.0,9.447761194029852,9.0,5.799168533873217,20.0,4.0,14.0,0.3532338308457712,19.751243591308594,13.90489387512207,420,7600,402,8020,0.04714581704941626,0.0,19.0,18.90547263681592,19.0,1.3368187903029258,19.0,19.0,19.0,0.004975124378109319,1.0,1.0,1.0,1.0,0.0,0.0,1.0,1.0,0.0,0.005210853463356534,2.0,20.0,2.08955223880597,2.0,1.2664599066027713,18.0,2.0,2.0,0.04264392324093813,0.022799875311720702,0.042999376558603496,0.03020635910224439,0.028410847880299253,0.00664960617859871,0.020199501246882794,0.024146508728179555,0.035368453865336665,0.12259808879073719,0.0523566705127728,20.0,21.0,20.99502487562189,21.0,0.07035888370015399,1.0,21.0,21.0,0.0002357878852183859,0.8142857142857143,0.8523809523809524,0.8155238095238095,0.8142857142857143,0.005885144062376095,0.03809523809523807,0.8142857142857143,0.8142857142857143,0.0014550245241153892,0.001759947152572094,0.009241291098801263,0.004329668035265043,0.003995933568009322,0.0013846006834864024,0.0074813439462291685,0.0032862161248766574,0.0052235293881527575,0.17533730871722142,1,0,719,11363,12082,0,30.204999923706055,11.700553894042969,719.0,676.0,604.1,30.205,30.205,30.205,400
