job,machine,btw,perm,perm_idx,betweenness_mean,signature
0,0,0.08888888888888888,"(0, 0, 0)",0,0.1185185185185185,3
0,1,0.17777777777777776,"(0, 0, 0)",0,0.1185185185185185,3
0,2,0.08888888888888888,"(0, 0, 0)",0,0.1185185185185185,3
1,0,0.08888888888888888,"(0, 0, 0)",0,0.1185185185185185,3
1,1,0.17777777777777776,"(0, 0, 0)",0,0.1185185185185185,3
1,2,0.08888888888888888,"(0, 0, 0)",0,0.1185185185185185,3
2,0,0.08888888888888888,"(0, 0, 0)",0,0.1185185185185185,3
2,1,0.17777777777777776,"(0, 0, 0)",0,0.1185185185185185,3
2,2,0.08888888888888888,"(0, 0, 0)",0,0.1185185185185185,3
0,0,0.08597883597883597,"(0, 0, 1)",1,0.10699588477366256,2+1
0,1,0.1433862433862434,"(0, 0, 1)",1,0.10699588477366256,2+1
0,2,0.07116402116402117,"(0, 0, 1)",1,0.10699588477366256,2+1
1,0,0.08597883597883597,"(0, 0, 1)",1,0.10699588477366256,2+1
1,1,0.1433862433862434,"(0, 0, 1)",1,0.10699588477366256,2+1
1,2,0.07116402116402117,"(0, 0, 1)",1,0.10699588477366256,2+1
2,0,0.11693121693121696,"(0, 0, 1)",1,0.10699588477366256,2+1
2,2,0.15396825396825398,"(0, 0, 1)",1,0.10699588477366256,2+1
2,1,0.09100529100529102,"(0, 0, 1)",1,0.10699588477366256,2+1
0,0,0.07116402116402117,"(0, 0, 2)",2,0.10699588477366254,2+1
0,1,0.14338624338624337,"(0, 0, 2)",2,0.10699588477366254,2+1
0,2,0.08597883597883597,"(0, 0, 2)",2,0.10699588477366254,2+1
1,0,0.07116402116402117,"(0, 0, 2)",2,0.10699588477366254,2+1
1,1,0.14338624338624337,"(0, 0, 2)",2,0.10699588477366254,2+1
1,2,0.08597883597883597,"(0, 0, 2)",2,0.10699588477366254,2+1
2,1,0.091005291005291,"(0, 0, 2)",2,0.10699588477366254,2+1
2,0,0.15396825396825398,"(0, 0, 2)",2,0.10699588477366254,2+1
2,2,0.11693121693121694,"(0, 0, 2)",2,0.10699588477366254,2+1
0,0,0.07851851851851852,"(0, 0, 3)",3,0.0928395061728395,2+1
0,1,0.1037037037037037,"(0, 0, 3)",3,0.0928395061728395,2+1
0,2,0.0651851851851852,"(0, 0, 3)",3,0.0928395061728395,2+1
1,0,0.07851851851851852,"(0, 0, 3)",3,0.0928395061728395,2+1
1,1,0.1037037037037037,"(0, 0, 3)",3,0.0928395061728395,2+1
1,2,0.06518518518518518,"(0, 0, 3)",3,0.0928395061728395,2+1
2,1,0.09629629629629631,"(0, 0, 3)",3,0.0928395061728395,2+1
2,2,0.1037037037037037,"(0, 0, 3)",3,0.0928395061728395,2+1
2,0,0.14074074074074075,"(0, 0, 3)",3,0.0928395061728395,2+1
0,0,0.0651851851851852,"(0, 0, 4)",4,0.09283950617283951,2+1
0,1,0.1037037037037037,"(0, 0, 4)",4,0.09283950617283951,2+1
0,2,0.07851851851851852,"(0, 0, 4)",4,0.09283950617283951,2+1
1,0,0.0651851851851852,"(0, 0, 4)",4,0.09283950617283951,2+1
1,1,0.1037037037037037,"(0, 0, 4)",4,0.09283950617283951,2+1
1,2,0.07851851851851852,"(0, 0, 4)",4,0.09283950617283951,2+1
2,2,0.14074074074074075,"(0, 0, 4)",4,0.09283950617283951,2+1
2,0,0.1037037037037037,"(0, 0, 4)",4,0.09283950617283951,2+1
2,1,0.0962962962962963,"(0, 0, 4)",4,0.09283950617283951,2+1
0,0,0.06555555555555556,"(0, 0, 5)",5,0.07950617283950617,2+1
0,1,0.08444444444444445,"(0, 0, 5)",5,0.07950617283950617,2+1
0,2,0.06555555555555556,"(0, 0, 5)",5,0.07950617283950617,2+1
1,0,0.06555555555555556,"(0, 0, 5)",5,0.07950617283950617,2+1
1,1,0.08444444444444445,"(0, 0, 5)",5,0.07950617283950617,2+1
1,2,0.06555555555555556,"(0, 0, 5)",5,0.07950617283950617,2+1
2,2,0.1088888888888889,"(0, 0, 5)",5,0.07950617283950617,2+1
2,1,0.06666666666666667,"(0, 0, 5)",5,0.07950617283950617,2+1
2,0,0.1088888888888889,"(0, 0, 5)",5,0.07950617283950617,2+1
0,0,0.08597883597883597,"(0, 1, 0)",6,0.10699588477366256,2+1
0,1,0.1433862433862434,"(0, 1, 0)",6,0.10699588477366256,2+1
0,2,0.07116402116402117,"(0, 1, 0)",6,0.10699588477366256,2+1
1,0,0.11693121693121694,"(0, 1, 0)",6,0.10699588477366256,2+1
1,2,0.15396825396825398,"(0, 1, 0)",6,0.10699588477366256,2+1
1,1,0.091005291005291,"(0, 1, 0)",6,0.10699588477366256,2+1
2,0,0.08597883597883599,"(0, 1, 0)",6,0.10699588477366256,2+1
2,1,0.14338624338624337,"(0, 1, 0)",6,0.10699588477366256,2+1
2,2,0.07116402116402117,"(0, 1, 0)",6,0.10699588477366256,2+1
0,0,0.11693121693121694,"(0, 1, 1)",7,0.10699588477366256,2+1
0,1,0.153968253968254,"(0, 1, 1)",7,0.10699588477366256,2+1
0,2,0.091005291005291,"(0, 1, 1)",7,0.10699588477366256,2+1
1,0,0.08597883597883599,"(0, 1, 1)",7,0.10699588477366256,2+1
1,2,0.1433862433862434,"(0, 1, 1)",7,0.10699588477366256,2+1
1,1,0.07116402116402117,"(0, 1, 1)",7,0.10699588477366256,2+1
2,0,0.08597883597883599,"(0, 1, 1)",7,0.10699588477366256,2+1
2,2,0.14338624338624337,"(0, 1, 1)",7,0.10699588477366256,2+1
2,1,0.07116402116402117,"(0, 1, 1)",7,0.10699588477366256,2+1
0,0,0.06481481481481481,"(0, 1, 2)",8,0.09218106995884773,1+1+1
0,1,0.11111111111111109,"(0, 1, 2)",8,0.09218106995884773,1+1+1
0,2,0.06481481481481483,"(0, 1, 2)",8,0.09218106995884773,1+1+1
1,0,0.08148148148148149,"(0, 1, 2)",8,0.09218106995884773,1+1+1
1,2,0.1037037037037037,"(0, 1, 2)",8,0.09218106995884773,1+1+1
1,1,0.10925925925925925,"(0, 1, 2)",8,0.09218106995884773,1+1+1
2,1,0.10925925925925926,"(0, 1, 2)",8,0.09218106995884773,1+1+1
2,0,0.10370370370370371,"(0, 1, 2)",8,0.09218106995884773,1+1+1
2,2,0.08148148148148147,"(0, 1, 2)",8,0.09218106995884773,1+1+1
0,0,0.07962962962962962,"(0, 1, 3)",9,0.08065843621399177,1+1+1
0,1,0.08518518518518518,"(0, 1, 3)",9,0.08065843621399177,1+1+1
0,2,0.05555555555555556,"(0, 1, 3)",9,0.08065843621399177,1+1+1
1,0,0.07962962962962962,"(0, 1, 3)",9,0.08065843621399177,1+1+1
1,2,0.07962962962962962,"(0, 1, 3)",9,0.08065843621399177,1+1+1
1,1,0.07407407407407407,"(0, 1, 3)",9,0.08065843621399177,1+1+1
2,1,0.0962962962962963,"(0, 1, 3)",9,0.08065843621399177,1+1+1
2,2,0.07222222222222223,"(0, 1, 3)",9,0.08065843621399177,1+1+1
2,0,0.1037037037037037,"(0, 1, 3)",9,0.08065843621399177,1+1+1
0,0,0.08148148148148147,"(0, 1, 4)",10,0.09218106995884773,1+1+1
0,1,0.1037037037037037,"(0, 1, 4)",10,0.09218106995884773,1+1+1
0,2,0.10925925925925925,"(0, 1, 4)",10,0.09218106995884773,1+1+1
1,0,0.0648148148148148,"(0, 1, 4)",10,0.09218106995884773,1+1+1
1,2,0.11111111111111112,"(0, 1, 4)",10,0.09218106995884773,1+1+1
1,1,0.0648148148148148,"(0, 1, 4)",10,0.09218106995884773,1+1+1
2,2,0.10925925925925925,"(0, 1, 4)",10,0.09218106995884773,1+1+1
2,0,0.10370370370370371,"(0, 1, 4)",10,0.09218106995884773,1+1+1
2,1,0.08148148148148147,"(0, 1, 4)",10,0.09218106995884773,1+1+1
0,0,0.07962962962962962,"(0, 1, 5)",11,0.08065843621399177,1+1+1
0,1,0.07962962962962962,"(0, 1, 5)",11,0.08065843621399177,1+1+1
0,2,0.07407407407407407,"(0, 1, 5)",11,0.08065843621399177,1+1+1
1,0,0.07962962962962962,"(0, 1, 5)",11,0.08065843621399177,1+1+1
1,2,0.08518518518518518,"(0, 1, 5)",11,0.08065843621399177,1+1+1
1,1,0.05555555555555556,"(0, 1, 5)",11,0.08065843621399177,1+1+1
2,2,0.0962962962962963,"(0, 1, 5)",11,0.08065843621399177,1+1+1
2,1,0.07222222222222223,"(0, 1, 5)",11,0.08065843621399177,1+1+1
2,0,0.1037037037037037,"(0, 1, 5)",11,0.08065843621399177,1+1+1
0,0,0.07116402116402117,"(0, 2, 0)",12,0.10699588477366255,2+1
0,1,0.14338624338624337,"(0, 2, 0)",12,0.10699588477366255,2+1
0,2,0.08597883597883597,"(0, 2, 0)",12,0.10699588477366255,2+1
1,1,0.091005291005291,"(0, 2, 0)",12,0.10699588477366255,2+1
1,0,0.15396825396825398,"(0, 2, 0)",12,0.10699588477366255,2+1
1,2,0.11693121693121696,"(0, 2, 0)",12,0.10699588477366255,2+1
2,0,0.07116402116402117,"(0, 2, 0)",12,0.10699588477366255,2+1
2,1,0.1433862433862434,"(0, 2, 0)",12,0.10699588477366255,2+1
2,2,0.08597883597883597,"(0, 2, 0)",12,0.10699588477366255,2+1
0,0,0.06481481481481481,"(0, 2, 1)",13,0.09218106995884773,1+1+1
0,1,0.11111111111111109,"(0, 2, 1)",13,0.09218106995884773,1+1+1
0,2,0.06481481481481483,"(0, 2, 1)",13,0.09218106995884773,1+1+1
1,1,0.10925925925925925,"(0, 2, 1)",13,0.09218106995884773,1+1+1
1,0,0.10370370370370371,"(0, 2, 1)",13,0.09218106995884773,1+1+1
1,2,0.08148148148148147,"(0, 2, 1)",13,0.09218106995884773,1+1+1
2,0,0.08148148148148149,"(0, 2, 1)",13,0.09218106995884773,1+1+1
2,2,0.10370370370370371,"(0, 2, 1)",13,0.09218106995884773,1+1+1
2,1,0.10925925925925925,"(0, 2, 1)",13,0.09218106995884773,1+1+1
0,0,0.091005291005291,"(0, 2, 2)",14,0.10699588477366255,2+1
0,1,0.15396825396825398,"(0, 2, 2)",14,0.10699588477366255,2+1
0,2,0.11693121693121694,"(0, 2, 2)",14,0.10699588477366255,2+1
1,1,0.07116402116402117,"(0, 2, 2)",14,0.10699588477366255,2+1
1,0,0.14338624338624337,"(0, 2, 2)",14,0.10699588477366255,2+1
1,2,0.08597883597883597,"(0, 2, 2)",14,0.10699588477366255,2+1
2,1,0.07116402116402117,"(0, 2, 2)",14,0.10699588477366255,2+1
2,0,0.1433862433862434,"(0, 2, 2)",14,0.10699588477366255,2+1
2,2,0.08597883597883597,"(0, 2, 2)",14,0.10699588477366255,2+1
0,0,0.10925925925925925,"(0, 2, 3)",15,0.09218106995884774,1+1+1
0,1,0.10370370370370371,"(0, 2, 3)",15,0.09218106995884774,1+1+1
0,2,0.08148148148148149,"(0, 2, 3)",15,0.09218106995884774,1+1+1
1,1,0.06481481481481481,"(0, 2, 3)",15,0.09218106995884774,1+1+1
1,0,0.11111111111111112,"(0, 2, 3)",15,0.09218106995884774,1+1+1
1,2,0.0648148148148148,"(0, 2, 3)",15,0.09218106995884774,1+1+1
2,1,0.08148148148148149,"(0, 2, 3)",15,0.09218106995884774,1+1+1
2,2,0.10370370370370371,"(0, 2, 3)",15,0.09218106995884774,1+1+1
2,0,0.10925925925925926,"(0, 2, 3)",15,0.09218106995884774,1+1+1
0,0,0.05555555555555556,"(0, 2, 4)",16,0.08065843621399177,1+1+1
0,1,0.0851851851851852,"(0, 2, 4)",16,0.08065843621399177,1+1+1
0,2,0.07962962962962962,"(0, 2, 4)",16,0.08065843621399177,1+1+1
1,1,0.07407407407407407,"(0, 2, 4)",16,0.08065843621399177,1+1+1
1,0,0.07962962962962962,"(0, 2, 4)",16,0.08065843621399177,1+1+1
1,2,0.07962962962962962,"(0, 2, 4)",16,0.08065843621399177,1+1+1
2,2,0.1037037037037037,"(0, 2, 4)",16,0.08065843621399177,1+1+1
2,0,0.07222222222222223,"(0, 2, 4)",16,0.08065843621399177,1+1+1
2,1,0.0962962962962963,"(0, 2, 4)",16,0.08065843621399177,1+1+1
0,0,0.07407407407407407,"(0, 2, 5)",17,0.08065843621399177,1+1+1
0,1,0.07962962962962962,"(0, 2, 5)",17,0.08065843621399177,1+1+1
0,2,0.07962962962962963,"(0, 2, 5)",17,0.08065843621399177,1+1+1
1,1,0.05555555555555556,"(0, 2, 5)",17,0.08065843621399177,1+1+1
1,0,0.0851851851851852,"(0, 2, 5)",17,0.08065843621399177,1+1+1
1,2,0.07962962962962962,"(0, 2, 5)",17,0.08065843621399177,1+1+1
2,2,0.1037037037037037,"(0, 2, 5)",17,0.08065843621399177,1+1+1
2,1,0.07222222222222223,"(0, 2, 5)",17,0.08065843621399177,1+1+1
2,0,0.0962962962962963,"(0, 2, 5)",17,0.08065843621399177,1+1+1
0,0,0.07851851851851852,"(0, 3, 0)",18,0.09283950617283951,2+1
0,1,0.10370370370370371,"(0, 3, 0)",18,0.09283950617283951,2+1
0,2,0.0651851851851852,"(0, 3, 0)",18,0.09283950617283951,2+1
1,1,0.0962962962962963,"(0, 3, 0)",18,0.09283950617283951,2+1
1,2,0.10370370370370371,"(0, 3, 0)",18,0.09283950617283951,2+1
1,0,0.14074074074074075,"(0, 3, 0)",18,0.09283950617283951,2+1
2,0,0.07851851851851852,"(0, 3, 0)",18,0.09283950617283951,2+1
2,1,0.1037037037037037,"(0, 3, 0)",18,0.09283950617283951,2+1
2,2,0.06518518518518518,"(0, 3, 0)",18,0.09283950617283951,2+1
0,0,0.07962962962962962,"(0, 3, 1)",19,0.08065843621399177,1+1+1
0,1,0.08518518518518518,"(0, 3, 1)",19,0.08065843621399177,1+1+1
0,2,0.05555555555555556,"(0, 3, 1)",19,0.08065843621399177,1+1+1
1,1,0.0962962962962963,"(0, 3, 1)",19,0.08065843621399177,1+1+1
1,2,0.07222222222222223,"(0, 3, 1)",19,0.08065843621399177,1+1+1
1,0,0.1037037037037037,"(0, 3, 1)",19,0.08065843621399177,1+1+1
2,0,0.07962962962962962,"(0, 3, 1)",19,0.08065843621399177,1+1+1
2,2,0.07962962962962962,"(0, 3, 1)",19,0.08065843621399177,1+1+1
2,1,0.07407407407407407,"(0, 3, 1)",19,0.08065843621399177,1+1+1
0,0,0.10925925925925926,"(0, 3, 2)",20,0.09218106995884773,1+1+1
0,1,0.10370370370370371,"(0, 3, 2)",20,0.09218106995884773,1+1+1
0,2,0.08148148148148147,"(0, 3, 2)",20,0.09218106995884773,1+1+1
1,1,0.08148148148148149,"(0, 3, 2)",20,0.09218106995884773,1+1+1
1,2,0.1037037037037037,"(0, 3, 2)",20,0.09218106995884773,1+1+1
1,0,0.10925925925925925,"(0, 3, 2)",20,0.09218106995884773,1+1+1
2,1,0.06481481481481481,"(0, 3, 2)",20,0.09218106995884773,1+1+1
2,0,0.11111111111111109,"(0, 3, 2)",20,0.09218106995884773,1+1+1
2,2,0.0648148148148148,"(0, 3, 2)",20,0.09218106995884773,1+1+1
0,0,0.14074074074074075,"(0, 3, 3)",21,0.0928395061728395,2+1
0,1,0.10370370370370367,"(0, 3, 3)",21,0.0928395061728395,2+1
0,2,0.0962962962962963,"(0, 3, 3)",21,0.0928395061728395,2+1
1,1,0.0651851851851852,"(0, 3, 3)",21,0.0928395061728395,2+1
1,2,0.10370370370370371,"(0, 3, 3)",21,0.0928395061728395,2+1
1,0,0.07851851851851852,"(0, 3, 3)",21,0.0928395061728395,2+1
2,1,0.06518518518518518,"(0, 3, 3)",21,0.0928395061728395,2+1
2,2,0.1037037037037037,"(0, 3, 3)",21,0.0928395061728395,2+1
2,0,0.07851851851851852,"(0, 3, 3)",21,0.0928395061728395,2+1
0,0,0.08518518518518518,"(0, 3, 4)",22,0.07901234567901234,1+1+1
0,1,0.06666666666666667,"(0, 3, 4)",22,0.07901234567901234,1+1+1
0,2,0.0851851851851852,"(0, 3, 4)",22,0.07901234567901234,1+1+1
1,1,0.08518518518518518,"(0, 3, 4)",22,0.07901234567901234,1+1+1
1,2,0.06666666666666667,"(0, 3, 4)",22,0.07901234567901234,1+1+1
1,0,0.0851851851851852,"(0, 3, 4)",22,0.07901234567901234,1+1+1
2,2,0.08518518518518518,"(0, 3, 4)",22,0.07901234567901234,1+1+1
2,0,0.06666666666666667,"(0, 3, 4)",22,0.07901234567901234,1+1+1
2,1,0.08518518518518518,"(0, 3, 4)",22,0.07901234567901234,1+1+1
0,0,0.1037037037037037,"(0, 3, 5)",23,0.08065843621399177,1+1+1
0,1,0.07222222222222223,"(0, 3, 5)",23,0.08065843621399177,1+1+1
0,2,0.09629629629629631,"(0, 3, 5)",23,0.08065843621399177,1+1+1
1,1,0.05555555555555556,"(0, 3, 5)",23,0.08065843621399177,1+1+1
1,2,0.0851851851851852,"(0, 3, 5)",23,0.08065843621399177,1+1+1
1,0,0.07962962962962962,"(0, 3, 5)",23,0.08065843621399177,1+1+1
2,2,0.07407407407407407,"(0, 3, 5)",23,0.08065843621399177,1+1+1
2,1,0.07962962962962962,"(0, 3, 5)",23,0.08065843621399177,1+1+1
2,0,0.07962962962962962,"(0, 3, 5)",23,0.08065843621399177,1+1+1
0,0,0.0651851851851852,"(0, 4, 0)",24,0.0928395061728395,2+1
0,1,0.1037037037037037,"(0, 4, 0)",24,0.0928395061728395,2+1
0,2,0.07851851851851852,"(0, 4, 0)",24,0.0928395061728395,2+1
1,2,0.14074074074074075,"(0, 4, 0)",24,0.0928395061728395,2+1
1,0,0.1037037037037037,"(0, 4, 0)",24,0.0928395061728395,2+1
1,1,0.0962962962962963,"(0, 4, 0)",24,0.0928395061728395,2+1
2,0,0.06518518518518518,"(0, 4, 0)",24,0.0928395061728395,2+1
2,1,0.1037037037037037,"(0, 4, 0)",24,0.0928395061728395,2+1
2,2,0.07851851851851852,"(0, 4, 0)",24,0.0928395061728395,2+1
0,0,0.08148148148148147,"(0, 4, 1)",25,0.09218106995884773,1+1+1
0,1,0.1037037037037037,"(0, 4, 1)",25,0.09218106995884773,1+1+1
0,2,0.10925925925925925,"(0, 4, 1)",25,0.09218106995884773,1+1+1
1,2,0.10925925925925926,"(0, 4, 1)",25,0.09218106995884773,1+1+1
1,0,0.10370370370370371,"(0, 4, 1)",25,0.09218106995884773,1+1+1
1,1,0.08148148148148147,"(0, 4, 1)",25,0.09218106995884773,1+1+1
2,0,0.06481481481481481,"(0, 4, 1)",25,0.09218106995884773,1+1+1
2,2,0.11111111111111109,"(0, 4, 1)",25,0.09218106995884773,1+1+1
2,1,0.0648148148148148,"(0, 4, 1)",25,0.09218106995884773,1+1+1
0,0,0.05555555555555556,"(0, 4, 2)",26,0.08065843621399177,1+1+1
0,1,0.0851851851851852,"(0, 4, 2)",26,0.08065843621399177,1+1+1
0,2,0.07962962962962962,"(0, 4, 2)",26,0.08065843621399177,1+1+1
1,2,0.1037037037037037,"(0, 4, 2)",26,0.08065843621399177,1+1+1
1,0,0.07222222222222223,"(0, 4, 2)",26,0.08065843621399177,1+1+1
1,1,0.0962962962962963,"(0, 4, 2)",26,0.08065843621399177,1+1+1
2,1,0.07407407407407407,"(0, 4, 2)",26,0.08065843621399177,1+1+1
2,0,0.07962962962962962,"(0, 4, 2)",26,0.08065843621399177,1+1+1
2,2,0.07962962962962962,"(0, 4, 2)",26,0.08065843621399177,1+1+1
0,0,0.08518518518518518,"(0, 4, 3)",27,0.07901234567901236,1+1+1
0,1,0.06666666666666667,"(0, 4, 3)",27,0.07901234567901236,1+1+1
0,2,0.0851851851851852,"(0, 4, 3)",27,0.07901234567901236,1+1+1
1,2,0.08518518518518518,"(0, 4, 3)",27,0.07901234567901236,1+1+1
1,0,0.06666666666666667,"(0, 4, 3)",27,0.07901234567901236,1+1+1
1,1,0.08518518518518518,"(0, 4, 3)",27,0.07901234567901236,1+1+1
2,1,0.08518518518518518,"(0, 4, 3)",27,0.07901234567901236,1+1+1
2,2,0.06666666666666667,"(0, 4, 3)",27,0.07901234567901236,1+1+1
2,0,0.0851851851851852,"(0, 4, 3)",27,0.07901234567901236,1+1+1
0,0,0.0962962962962963,"(0, 4, 4)",28,0.09283950617283951,2+1
0,1,0.1037037037037037,"(0, 4, 4)",28,0.09283950617283951,2+1
0,2,0.14074074074074075,"(0, 4, 4)",28,0.09283950617283951,2+1
1,2,0.07851851851851852,"(0, 4, 4)",28,0.09283950617283951,2+1
1,0,0.10370370370370371,"(0, 4, 4)",28,0.09283950617283951,2+1
1,1,0.0651851851851852,"(0, 4, 4)",28,0.09283950617283951,2+1
2,2,0.07851851851851852,"(0, 4, 4)",28,0.09283950617283951,2+1
2,0,0.1037037037037037,"(0, 4, 4)",28,0.09283950617283951,2+1
2,1,0.06518518518518518,"(0, 4, 4)",28,0.09283950617283951,2+1
0,0,0.0962962962962963,"(0, 4, 5)",29,0.08065843621399177,1+1+1
0,1,0.07222222222222223,"(0, 4, 5)",29,0.08065843621399177,1+1+1
0,2,0.1037037037037037,"(0, 4, 5)",29,0.08065843621399177,1+1+1
1,2,0.07962962962962962,"(0, 4, 5)",29,0.08065843621399177,1+1+1
1,0,0.08518518518518518,"(0, 4, 5)",29,0.08065843621399177,1+1+1
1,1,0.05555555555555556,"(0, 4, 5)",29,0.08065843621399177,1+1+1
2,2,0.07962962962962962,"(0, 4, 5)",29,0.08065843621399177,1+1+1
2,1,0.07962962962962962,"(0, 4, 5)",29,0.08065843621399177,1+1+1
2,0,0.07407407407407407,"(0, 4, 5)",29,0.08065843621399177,1+1+1
0,0,0.06555555555555556,"(0, 5, 0)",30,0.07950617283950619,2+1
0,1,0.08444444444444445,"(0, 5, 0)",30,0.07950617283950619,2+1
0,2,0.06555555555555556,"(0, 5, 0)",30,0.07950617283950619,2+1
1,2,0.1088888888888889,"(0, 5, 0)",30,0.07950617283950619,2+1
1,1,0.06666666666666667,"(0, 5, 0)",30,0.07950617283950619,2+1
1,0,0.1088888888888889,"(0, 5, 0)",30,0.07950617283950619,2+1
2,0,0.06555555555555556,"(0, 5, 0)",30,0.07950617283950619,2+1
2,1,0.08444444444444445,"(0, 5, 0)",30,0.07950617283950619,2+1
2,2,0.06555555555555556,"(0, 5, 0)",30,0.07950617283950619,2+1
0,0,0.07962962962962962,"(0, 5, 1)",31,0.08065843621399177,1+1+1
0,1,0.07962962962962962,"(0, 5, 1)",31,0.08065843621399177,1+1+1
0,2,0.07407407407407407,"(0, 5, 1)",31,0.08065843621399177,1+1+1
1,2,0.0962962962962963,"(0, 5, 1)",31,0.08065843621399177,1+1+1
1,1,0.07222222222222223,"(0, 5, 1)",31,0.08065843621399177,1+1+1
1,0,0.1037037037037037,"(0, 5, 1)",31,0.08065843621399177,1+1+1
2,0,0.07962962962962962,"(0, 5, 1)",31,0.08065843621399177,1+1+1
2,2,0.08518518518518518,"(0, 5, 1)",31,0.08065843621399177,1+1+1
2,1,0.05555555555555556,"(0, 5, 1)",31,0.08065843621399177,1+1+1
0,0,0.07407407407407407,"(0, 5, 2)",32,0.08065843621399177,1+1+1
0,1,0.07962962962962962,"(0, 5, 2)",32,0.08065843621399177,1+1+1
0,2,0.07962962962962963,"(0, 5, 2)",32,0.08065843621399177,1+1+1
1,2,0.1037037037037037,"(0, 5, 2)",32,0.08065843621399177,1+1+1
1,1,0.07222222222222223,"(0, 5, 2)",32,0.08065843621399177,1+1+1
1,0,0.0962962962962963,"(0, 5, 2)",32,0.08065843621399177,1+1+1
2,1,0.05555555555555556,"(0, 5, 2)",32,0.08065843621399177,1+1+1
2,0,0.08518518518518518,"(0, 5, 2)",32,0.08065843621399177,1+1+1
2,2,0.07962962962962962,"(0, 5, 2)",32,0.08065843621399177,1+1+1
0,0,0.1037037037037037,"(0, 5, 3)",33,0.08065843621399177,1+1+1
0,1,0.07222222222222223,"(0, 5, 3)",33,0.08065843621399177,1+1+1
0,2,0.09629629629629631,"(0, 5, 3)",33,0.08065843621399177,1+1+1
1,2,0.07407407407407407,"(0, 5, 3)",33,0.08065843621399177,1+1+1
1,1,0.07962962962962962,"(0, 5, 3)",33,0.08065843621399177,1+1+1
1,0,0.07962962962962962,"(0, 5, 3)",33,0.08065843621399177,1+1+1
2,1,0.05555555555555556,"(0, 5, 3)",33,0.08065843621399177,1+1+1
2,2,0.08518518518518518,"(0, 5, 3)",33,0.08065843621399177,1+1+1
2,0,0.07962962962962962,"(0, 5, 3)",33,0.08065843621399177,1+1+1
0,0,0.0962962962962963,"(0, 5, 4)",34,0.08065843621399177,1+1+1
0,1,0.07222222222222223,"(0, 5, 4)",34,0.08065843621399177,1+1+1
0,2,0.1037037037037037,"(0, 5, 4)",34,0.08065843621399177,1+1+1
1,2,0.07962962962962962,"(0, 5, 4)",34,0.08065843621399177,1+1+1
1,1,0.07962962962962962,"(0, 5, 4)",34,0.08065843621399177,1+1+1
1,0,0.07407407407407407,"(0, 5, 4)",34,0.08065843621399177,1+1+1
2,2,0.07962962962962962,"(0, 5, 4)",34,0.08065843621399177,1+1+1
2,0,0.08518518518518518,"(0, 5, 4)",34,0.08065843621399177,1+1+1
2,1,0.05555555555555556,"(0, 5, 4)",34,0.08065843621399177,1+1+1
0,0,0.1088888888888889,"(0, 5, 5)",35,0.07950617283950619,2+1
0,1,0.06666666666666667,"(0, 5, 5)",35,0.07950617283950619,2+1
0,2,0.1088888888888889,"(0, 5, 5)",35,0.07950617283950619,2+1
1,2,0.06555555555555556,"(0, 5, 5)",35,0.07950617283950619,2+1
1,1,0.08444444444444445,"(0, 5, 5)",35,0.07950617283950619,2+1
1,0,0.06555555555555556,"(0, 5, 5)",35,0.07950617283950619,2+1
2,2,0.06555555555555556,"(0, 5, 5)",35,0.07950617283950619,2+1
2,1,0.08444444444444445,"(0, 5, 5)",35,0.07950617283950619,2+1
2,0,0.06555555555555556,"(0, 5, 5)",35,0.07950617283950619,2+1
0,0,0.11693121693121694,"(1, 0, 0)",36,0.10699588477366256,2+1
0,2,0.153968253968254,"(1, 0, 0)",36,0.10699588477366256,2+1
0,1,0.091005291005291,"(1, 0, 0)",36,0.10699588477366256,2+1
1,0,0.08597883597883599,"(1, 0, 0)",36,0.10699588477366256,2+1
1,1,0.1433862433862434,"(1, 0, 0)",36,0.10699588477366256,2+1
1,2,0.07116402116402117,"(1, 0, 0)",36,0.10699588477366256,2+1
2,0,0.08597883597883599,"(1, 0, 0)",36,0.10699588477366256,2+1
2,1,0.14338624338624337,"(1, 0, 0)",36,0.10699588477366256,2+1
2,2,0.07116402116402117,"(1, 0, 0)",36,0.10699588477366256,2+1
0,0,0.08597883597883597,"(1, 0, 1)",37,0.10699588477366256,2+1
0,2,0.1433862433862434,"(1, 0, 1)",37,0.10699588477366256,2+1
0,1,0.07116402116402117,"(1, 0, 1)",37,0.10699588477366256,2+1
1,0,0.11693121693121694,"(1, 0, 1)",37,0.10699588477366256,2+1
1,1,0.15396825396825398,"(1, 0, 1)",37,0.10699588477366256,2+1
1,2,0.091005291005291,"(1, 0, 1)",37,0.10699588477366256,2+1
2,0,0.08597883597883599,"(1, 0, 1)",37,0.10699588477366256,2+1
2,2,0.14338624338624337,"(1, 0, 1)",37,0.10699588477366256,2+1
2,1,0.07116402116402117,"(1, 0, 1)",37,0.10699588477366256,2+1
0,0,0.08148148148148147,"(1, 0, 2)",38,0.09218106995884773,1+1+1
0,2,0.1037037037037037,"(1, 0, 2)",38,0.09218106995884773,1+1+1
0,1,0.10925925925925925,"(1, 0, 2)",38,0.09218106995884773,1+1+1
1,0,0.0648148148148148,"(1, 0, 2)",38,0.09218106995884773,1+1+1
1,1,0.11111111111111112,"(1, 0, 2)",38,0.09218106995884773,1+1+1
1,2,0.0648148148148148,"(1, 0, 2)",38,0.09218106995884773,1+1+1
2,1,0.10925925925925925,"(1, 0, 2)",38,0.09218106995884773,1+1+1
2,0,0.10370370370370371,"(1, 0, 2)",38,0.09218106995884773,1+1+1
2,2,0.08148148148148147,"(1, 0, 2)",38,0.09218106995884773,1+1+1
0,0,0.07962962962962962,"(1, 0, 3)",39,0.08065843621399177,1+1+1
0,2,0.07962962962962962,"(1, 0, 3)",39,0.08065843621399177,1+1+1
0,1,0.07407407407407407,"(1, 0, 3)",39,0.08065843621399177,1+1+1
1,0,0.07962962962962962,"(1, 0, 3)",39,0.08065843621399177,1+1+1
1,1,0.08518518518518518,"(1, 0, 3)",39,0.08065843621399177,1+1+1
1,2,0.05555555555555556,"(1, 0, 3)",39,0.08065843621399177,1+1+1
2,1,0.0962962962962963,"(1, 0, 3)",39,0.08065843621399177,1+1+1
2,2,0.07222222222222223,"(1, 0, 3)",39,0.08065843621399177,1+1+1
2,0,0.1037037037037037,"(1, 0, 3)",39,0.08065843621399177,1+1+1
0,0,0.06481481481481481,"(1, 0, 4)",40,0.09218106995884773,1+1+1
0,2,0.11111111111111109,"(1, 0, 4)",40,0.09218106995884773,1+1+1
0,1,0.06481481481481483,"(1, 0, 4)",40,0.09218106995884773,1+1+1
1,0,0.08148148148148149,"(1, 0, 4)",40,0.09218106995884773,1+1+1
1,1,0.1037037037037037,"(1, 0, 4)",40,0.09218106995884773,1+1+1
1,2,0.10925925925925925,"(1, 0, 4)",40,0.09218106995884773,1+1+1
2,2,0.10925925925925926,"(1, 0, 4)",40,0.09218106995884773,1+1+1
2,0,0.10370370370370371,"(1, 0, 4)",40,0.09218106995884773,1+1+1
2,1,0.08148148148148147,"(1, 0, 4)",40,0.09218106995884773,1+1+1
0,0,0.07962962962962962,"(1, 0, 5)",41,0.08065843621399177,1+1+1
0,2,0.08518518518518518,"(1, 0, 5)",41,0.08065843621399177,1+1+1
0,1,0.05555555555555556,"(1, 0, 5)",41,0.08065843621399177,1+1+1
1,0,0.07962962962962962,"(1, 0, 5)",41,0.08065843621399177,1+1+1
1,1,0.07962962962962962,"(1, 0, 5)",41,0.08065843621399177,1+1+1
1,2,0.07407407407407407,"(1, 0, 5)",41,0.08065843621399177,1+1+1
2,2,0.0962962962962963,"(1, 0, 5)",41,0.08065843621399177,1+1+1
2,1,0.07222222222222223,"(1, 0, 5)",41,0.08065843621399177,1+1+1
2,0,0.1037037037037037,"(1, 0, 5)",41,0.08065843621399177,1+1+1
0,0,0.08597883597883597,"(1, 1, 0)",42,0.10699588477366256,2+1
0,2,0.1433862433862434,"(1, 1, 0)",42,0.10699588477366256,2+1
0,1,0.07116402116402117,"(1, 1, 0)",42,0.10699588477366256,2+1
1,0,0.08597883597883597,"(1, 1, 0)",42,0.10699588477366256,2+1
1,2,0.1433862433862434,"(1, 1, 0)",42,0.10699588477366256,2+1
1,1,0.07116402116402117,"(1, 1, 0)",42,0.10699588477366256,2+1
2,0,0.11693121693121696,"(1, 1, 0)",42,0.10699588477366256,2+1
2,1,0.15396825396825398,"(1, 1, 0)",42,0.10699588477366256,2+1
2,2,0.09100529100529102,"(1, 1, 0)",42,0.10699588477366256,2+1
0,0,0.08888888888888888,"(1, 1, 1)",43,0.1185185185185185,3
0,2,0.17777777777777776,"(1, 1, 1)",43,0.1185185185185185,3
0,1,0.08888888888888888,"(1, 1, 1)",43,0.1185185185185185,3
1,0,0.08888888888888888,"(1, 1, 1)",43,0.1185185185185185,3
1,2,0.17777777777777776,"(1, 1, 1)",43,0.1185185185185185,3
1,1,0.08888888888888888,"(1, 1, 1)",43,0.1185185185185185,3
2,0,0.08888888888888888,"(1, 1, 1)",43,0.1185185185185185,3
2,2,0.17777777777777776,"(1, 1, 1)",43,0.1185185185185185,3
2,1,0.08888888888888888,"(1, 1, 1)",43,0.1185185185185185,3
0,0,0.0651851851851852,"(1, 1, 2)",44,0.09283950617283951,2+1
0,2,0.1037037037037037,"(1, 1, 2)",44,0.09283950617283951,2+1
0,1,0.07851851851851852,"(1, 1, 2)",44,0.09283950617283951,2+1
1,0,0.0651851851851852,"(1, 1, 2)",44,0.09283950617283951,2+1
1,2,0.1037037037037037,"(1, 1, 2)",44,0.09283950617283951,2+1
1,1,0.07851851851851852,"(1, 1, 2)",44,0.09283950617283951,2+1
2,1,0.14074074074074075,"(1, 1, 2)",44,0.09283950617283951,2+1
2,0,0.1037037037037037,"(1, 1, 2)",44,0.09283950617283951,2+1
2,2,0.0962962962962963,"(1, 1, 2)",44,0.09283950617283951,2+1
0,0,0.06555555555555556,"(1, 1, 3)",45,0.07950617283950617,2+1
0,2,0.08444444444444445,"(1, 1, 3)",45,0.07950617283950617,2+1
0,1,0.06555555555555556,"(1, 1, 3)",45,0.07950617283950617,2+1
1,0,0.06555555555555556,"(1, 1, 3)",45,0.07950617283950617,2+1
1,2,0.08444444444444445,"(1, 1, 3)",45,0.07950617283950617,2+1
1,1,0.06555555555555556,"(1, 1, 3)",45,0.07950617283950617,2+1
2,1,0.1088888888888889,"(1, 1, 3)",45,0.07950617283950617,2+1
2,2,0.06666666666666667,"(1, 1, 3)",45,0.07950617283950617,2+1
2,0,0.1088888888888889,"(1, 1, 3)",45,0.07950617283950617,2+1
0,0,0.07116402116402117,"(1, 1, 4)",46,0.10699588477366254,2+1
0,2,0.14338624338624337,"(1, 1, 4)",46,0.10699588477366254,2+1
0,1,0.08597883597883597,"(1, 1, 4)",46,0.10699588477366254,2+1
1,0,0.07116402116402117,"(1, 1, 4)",46,0.10699588477366254,2+1
1,2,0.14338624338624337,"(1, 1, 4)",46,0.10699588477366254,2+1
1,1,0.08597883597883597,"(1, 1, 4)",46,0.10699588477366254,2+1
2,2,0.091005291005291,"(1, 1, 4)",46,0.10699588477366254,2+1
2,0,0.15396825396825398,"(1, 1, 4)",46,0.10699588477366254,2+1
2,1,0.11693121693121694,"(1, 1, 4)",46,0.10699588477366254,2+1
0,0,0.07851851851851852,"(1, 1, 5)",47,0.0928395061728395,2+1
0,2,0.1037037037037037,"(1, 1, 5)",47,0.0928395061728395,2+1
0,1,0.0651851851851852,"(1, 1, 5)",47,0.0928395061728395,2+1
1,0,0.07851851851851852,"(1, 1, 5)",47,0.0928395061728395,2+1
1,2,0.1037037037037037,"(1, 1, 5)",47,0.0928395061728395,2+1
1,1,0.06518518518518518,"(1, 1, 5)",47,0.0928395061728395,2+1
2,2,0.09629629629629631,"(1, 1, 5)",47,0.0928395061728395,2+1
2,1,0.1037037037037037,"(1, 1, 5)",47,0.0928395061728395,2+1
2,0,0.14074074074074075,"(1, 1, 5)",47,0.0928395061728395,2+1
0,0,0.08148148148148147,"(1, 2, 0)",48,0.09218106995884773,1+1+1
0,2,0.1037037037037037,"(1, 2, 0)",48,0.09218106995884773,1+1+1
0,1,0.10925925925925925,"(1, 2, 0)",48,0.09218106995884773,1+1+1
1,1,0.10925925925925926,"(1, 2, 0)",48,0.09218106995884773,1+1+1
1,0,0.10370370370370371,"(1, 2, 0)",48,0.09218106995884773,1+1+1
1,2,0.08148148148148147,"(1, 2, 0)",48,0.09218106995884773,1+1+1
2,0,0.06481481481481481,"(1, 2, 0)",48,0.09218106995884773,1+1+1
2,1,0.11111111111111109,"(1, 2, 0)",48,0.09218106995884773,1+1+1
2,2,0.0648148148148148,"(1, 2, 0)",48,0.09218106995884773,1+1+1
0,0,0.0651851851851852,"(1, 2, 1)",49,0.0928395061728395,2+1
0,2,0.1037037037037037,"(1, 2, 1)",49,0.0928395061728395,2+1
0,1,0.07851851851851852,"(1, 2, 1)",49,0.0928395061728395,2+1
1,1,0.14074074074074075,"(1, 2, 1)",49,0.0928395061728395,2+1
1,0,0.1037037037037037,"(1, 2, 1)",49,0.0928395061728395,2+1
1,2,0.0962962962962963,"(1, 2, 1)",49,0.0928395061728395,2+1
2,0,0.06518518518518518,"(1, 2, 1)",49,0.0928395061728395,2+1
2,2,0.1037037037037037,"(1, 2, 1)",49,0.0928395061728395,2+1
2,1,0.07851851851851852,"(1, 2, 1)",49,0.0928395061728395,2+1
0,0,0.0962962962962963,"(1, 2, 2)",50,0.09283950617283951,2+1
0,2,0.1037037037037037,"(1, 2, 2)",50,0.09283950617283951,2+1
0,1,0.14074074074074075,"(1, 2, 2)",50,0.09283950617283951,2+1
1,1,0.07851851851851852,"(1, 2, 2)",50,0.09283950617283951,2+1
1,0,0.10370370370370371,"(1, 2, 2)",50,0.09283950617283951,2+1
1,2,0.0651851851851852,"(1, 2, 2)",50,0.09283950617283951,2+1
2,1,0.07851851851851852,"(1, 2, 2)",50,0.09283950617283951,2+1
2,0,0.1037037037037037,"(1, 2, 2)",50,0.09283950617283951,2+1
2,2,0.06518518518518518,"(1, 2, 2)",50,0.09283950617283951,2+1
0,0,0.0962962962962963,"(1, 2, 3)",51,0.08065843621399177,1+1+1
0,2,0.07222222222222223,"(1, 2, 3)",51,0.08065843621399177,1+1+1
0,1,0.1037037037037037,"(1, 2, 3)",51,0.08065843621399177,1+1+1
1,1,0.07962962962962962,"(1, 2, 3)",51,0.08065843621399177,1+1+1
1,0,0.08518518518518518,"(1, 2, 3)",51,0.08065843621399177,1+1+1
1,2,0.05555555555555556,"(1, 2, 3)",51,0.08065843621399177,1+1+1
2,1,0.07962962962962962,"(1, 2, 3)",51,0.08065843621399177,1+1+1
2,2,0.07962962962962962,"(1, 2, 3)",51,0.08065843621399177,1+1+1
2,0,0.07407407407407407,"(1, 2, 3)",51,0.08065843621399177,1+1+1
0,0,0.05555555555555556,"(1, 2, 4)",52,0.08065843621399177,1+1+1
0,2,0.0851851851851852,"(1, 2, 4)",52,0.08065843621399177,1+1+1
0,1,0.07962962962962962,"(1, 2, 4)",52,0.08065843621399177,1+1+1
1,1,0.1037037037037037,"(1, 2, 4)",52,0.08065843621399177,1+1+1
1,0,0.07222222222222223,"(1, 2, 4)",52,0.08065843621399177,1+1+1
1,2,0.0962962962962963,"(1, 2, 4)",52,0.08065843621399177,1+1+1
2,2,0.07407407407407407,"(1, 2, 4)",52,0.08065843621399177,1+1+1
2,0,0.07962962962962962,"(1, 2, 4)",52,0.08065843621399177,1+1+1
2,1,0.07962962962962962,"(1, 2, 4)",52,0.08065843621399177,1+1+1
0,0,0.08518518518518518,"(1, 2, 5)",53,0.07901234567901236,1+1+1
0,2,0.06666666666666667,"(1, 2, 5)",53,0.07901234567901236,1+1+1
0,1,0.0851851851851852,"(1, 2, 5)",53,0.07901234567901236,1+1+1
1,1,0.08518518518518518,"(1, 2, 5)",53,0.07901234567901236,1+1+1
1,0,0.06666666666666667,"(1, 2, 5)",53,0.07901234567901236,1+1+1
1,2,0.08518518518518518,"(1, 2, 5)",53,0.07901234567901236,1+1+1
2,2,0.08518518518518518,"(1, 2, 5)",53,0.07901234567901236,1+1+1
2,1,0.06666666666666667,"(1, 2, 5)",53,0.07901234567901236,1+1+1
2,0,0.0851851851851852,"(1, 2, 5)",53,0.07901234567901236,1+1+1
0,0,0.07962962962962962,"(1, 3, 0)",54,0.08065843621399177,1+1+1
0,2,0.07962962962962962,"(1, 3, 0)",54,0.08065843621399177,1+1+1
0,1,0.07407407407407407,"(1, 3, 0)",54,0.08065843621399177,1+1+1
1,1,0.0962962962962963,"(1, 3, 0)",54,0.08065843621399177,1+1+1
1,2,0.07222222222222223,"(1, 3, 0)",54,0.08065843621399177,1+1+1
1,0,0.1037037037037037,"(1, 3, 0)",54,0.08065843621399177,1+1+1
2,0,0.07962962962962962,"(1, 3, 0)",54,0.08065843621399177,1+1+1
2,1,0.08518518518518518,"(1, 3, 0)",54,0.08065843621399177,1+1+1
2,2,0.05555555555555556,"(1, 3, 0)",54,0.08065843621399177,1+1+1
0,0,0.06555555555555556,"(1, 3, 1)",55,0.07950617283950619,2+1
0,2,0.08444444444444445,"(1, 3, 1)",55,0.07950617283950619,2+1
0,1,0.06555555555555556,"(1, 3, 1)",55,0.07950617283950619,2+1
1,1,0.1088888888888889,"(1, 3, 1)",55,0.07950617283950619,2+1
1,2,0.06666666666666667,"(1, 3, 1)",55,0.07950617283950619,2+1
1,0,0.1088888888888889,"(1, 3, 1)",55,0.07950617283950619,2+1
2,0,0.06555555555555556,"(1, 3, 1)",55,0.07950617283950619,2+1
2,2,0.08444444444444445,"(1, 3, 1)",55,0.07950617283950619,2+1
2,1,0.06555555555555556,"(1, 3, 1)",55,0.07950617283950619,2+1
0,0,0.0962962962962963,"(1, 3, 2)",56,0.08065843621399177,1+1+1
0,2,0.07222222222222223,"(1, 3, 2)",56,0.08065843621399177,1+1+1
0,1,0.1037037037037037,"(1, 3, 2)",56,0.08065843621399177,1+1+1
1,1,0.07962962962962962,"(1, 3, 2)",56,0.08065843621399177,1+1+1
1,2,0.07962962962962962,"(1, 3, 2)",56,0.08065843621399177,1+1+1
1,0,0.07407407407407407,"(1, 3, 2)",56,0.08065843621399177,1+1+1
2,1,0.07962962962962962,"(1, 3, 2)",56,0.08065843621399177,1+1+1
2,0,0.08518518518518518,"(1, 3, 2)",56,0.08065843621399177,1+1+1
2,2,0.05555555555555556,"(1, 3, 2)",56,0.08065843621399177,1+1+1
0,0,0.1088888888888889,"(1, 3, 3)",57,0.07950617283950619,2+1
0,2,0.06666666666666667,"(1, 3, 3)",57,0.07950617283950619,2+1
0,1,0.1088888888888889,"(1, 3, 3)",57,0.07950617283950619,2+1
1,1,0.06555555555555556,"(1, 3, 3)",57,0.07950617283950619,2+1
1,2,0.08444444444444445,"(1, 3, 3)",57,0.07950617283950619,2+1
1,0,0.06555555555555556,"(1, 3, 3)",57,0.07950617283950619,2+1
2,1,0.06555555555555556,"(1, 3, 3)",57,0.07950617283950619,2+1
2,2,0.08444444444444445,"(1, 3, 3)",57,0.07950617283950619,2+1
2,0,0.06555555555555556,"(1, 3, 3)",57,0.07950617283950619,2+1
0,0,0.07407407407407407,"(1, 3, 4)",58,0.08065843621399177,1+1+1
0,2,0.07962962962962962,"(1, 3, 4)",58,0.08065843621399177,1+1+1
0,1,0.07962962962962963,"(1, 3, 4)",58,0.08065843621399177,1+1+1
1,1,0.1037037037037037,"(1, 3, 4)",58,0.08065843621399177,1+1+1
1,2,0.07222222222222223,"(1, 3, 4)",58,0.08065843621399177,1+1+1
1,0,0.0962962962962963,"(1, 3, 4)",58,0.08065843621399177,1+1+1
2,2,0.05555555555555556,"(1, 3, 4)",58,0.08065843621399177,1+1+1
2,0,0.08518518518518518,"(1, 3, 4)",58,0.08065843621399177,1+1+1
2,1,0.07962962962962962,"(1, 3, 4)",58,0.08065843621399177,1+1+1
0,0,0.1037037037037037,"(1, 3, 5)",59,0.08065843621399177,1+1+1
0,2,0.07222222222222223,"(1, 3, 5)",59,0.08065843621399177,1+1+1
0,1,0.09629629629629631,"(1, 3, 5)",59,0.08065843621399177,1+1+1
1,1,0.07407407407407407,"(1, 3, 5)",59,0.08065843621399177,1+1+1
1,2,0.07962962962962962,"(1, 3, 5)",59,0.08065843621399177,1+1+1
1,0,0.07962962962962962,"(1, 3, 5)",59,0.08065843621399177,1+1+1
2,2,0.05555555555555556,"(1, 3, 5)",59,0.08065843621399177,1+1+1
2,1,0.08518518518518518,"(1, 3, 5)",59,0.08065843621399177,1+1+1
2,0,0.07962962962962962,"(1, 3, 5)",59,0.08065843621399177,1+1+1
0,0,0.06481481481481481,"(1, 4, 0)",60,0.09218106995884773,1+1+1
0,2,0.11111111111111109,"(1, 4, 0)",60,0.09218106995884773,1+1+1
0,1,0.06481481481481483,"(1, 4, 0)",60,0.09218106995884773,1+1+1
1,2,0.10925925925925925,"(1, 4, 0)",60,0.09218106995884773,1+1+1
1,0,0.10370370370370371,"(1, 4, 0)",60,0.09218106995884773,1+1+1
1,1,0.08148148148148147,"(1, 4, 0)",60,0.09218106995884773,1+1+1
2,0,0.08148148148148149,"(1, 4, 0)",60,0.09218106995884773,1+1+1
2,1,0.10370370370370371,"(1, 4, 0)",60,0.09218106995884773,1+1+1
2,2,0.10925925925925925,"(1, 4, 0)",60,0.09218106995884773,1+1+1
0,0,0.07116402116402117,"(1, 4, 1)",61,0.10699588477366255,2+1
0,2,0.14338624338624337,"(1, 4, 1)",61,0.10699588477366255,2+1
0,1,0.08597883597883597,"(1, 4, 1)",61,0.10699588477366255,2+1
1,2,0.091005291005291,"(1, 4, 1)",61,0.10699588477366255,2+1
1,0,0.15396825396825398,"(1, 4, 1)",61,0.10699588477366255,2+1
1,1,0.11693121693121696,"(1, 4, 1)",61,0.10699588477366255,2+1
2,0,0.07116402116402117,"(1, 4, 1)",61,0.10699588477366255,2+1
2,2,0.1433862433862434,"(1, 4, 1)",61,0.10699588477366255,2+1
2,1,0.08597883597883597,"(1, 4, 1)",61,0.10699588477366255,2+1
0,0,0.05555555555555556,"(1, 4, 2)",62,0.08065843621399177,1+1+1
0,2,0.0851851851851852,"(1, 4, 2)",62,0.08065843621399177,1+1+1
0,1,0.07962962962962962,"(1, 4, 2)",62,0.08065843621399177,1+1+1
1,2,0.07407407407407407,"(1, 4, 2)",62,0.08065843621399177,1+1+1
1,0,0.07962962962962962,"(1, 4, 2)",62,0.08065843621399177,1+1+1
1,1,0.07962962962962962,"(1, 4, 2)",62,0.08065843621399177,1+1+1
2,1,0.1037037037037037,"(1, 4, 2)",62,0.08065843621399177,1+1+1
2,0,0.07222222222222223,"(1, 4, 2)",62,0.08065843621399177,1+1+1
2,2,0.0962962962962963,"(1, 4, 2)",62,0.08065843621399177,1+1+1
0,0,0.07407407407407407,"(1, 4, 3)",63,0.08065843621399177,1+1+1
0,2,0.07962962962962962,"(1, 4, 3)",63,0.08065843621399177,1+1+1
0,1,0.07962962962962963,"(1, 4, 3)",63,0.08065843621399177,1+1+1
1,2,0.05555555555555556,"(1, 4, 3)",63,0.08065843621399177,1+1+1
1,0,0.0851851851851852,"(1, 4, 3)",63,0.08065843621399177,1+1+1
1,1,0.07962962962962962,"(1, 4, 3)",63,0.08065843621399177,1+1+1
2,1,0.1037037037037037,"(1, 4, 3)",63,0.08065843621399177,1+1+1
2,2,0.07222222222222223,"(1, 4, 3)",63,0.08065843621399177,1+1+1
2,0,0.0962962962962963,"(1, 4, 3)",63,0.08065843621399177,1+1+1
0,0,0.091005291005291,"(1, 4, 4)",64,0.10699588477366255,2+1
0,2,0.15396825396825398,"(1, 4, 4)",64,0.10699588477366255,2+1
0,1,0.11693121693121694,"(1, 4, 4)",64,0.10699588477366255,2+1
1,2,0.07116402116402117,"(1, 4, 4)",64,0.10699588477366255,2+1
1,0,0.14338624338624337,"(1, 4, 4)",64,0.10699588477366255,2+1
1,1,0.08597883597883597,"(1, 4, 4)",64,0.10699588477366255,2+1
2,2,0.07116402116402117,"(1, 4, 4)",64,0.10699588477366255,2+1
2,0,0.1433862433862434,"(1, 4, 4)",64,0.10699588477366255,2+1
2,1,0.08597883597883597,"(1, 4, 4)",64,0.10699588477366255,2+1
0,0,0.10925925925925925,"(1, 4, 5)",65,0.09218106995884774,1+1+1
0,2,0.10370370370370371,"(1, 4, 5)",65,0.09218106995884774,1+1+1
0,1,0.08148148148148149,"(1, 4, 5)",65,0.09218106995884774,1+1+1
1,2,0.06481481481481481,"(1, 4, 5)",65,0.09218106995884774,1+1+1
1,0,0.11111111111111112,"(1, 4, 5)",65,0.09218106995884774,1+1+1
1,1,0.0648148148148148,"(1, 4, 5)",65,0.09218106995884774,1+1+1
2,2,0.08148148148148149,"(1, 4, 5)",65,0.09218106995884774,1+1+1
2,1,0.10370370370370371,"(1, 4, 5)",65,0.09218106995884774,1+1+1
2,0,0.10925925925925926,"(1, 4, 5)",65,0.09218106995884774,1+1+1
0,0,0.07962962962962962,"(1, 5, 0)",66,0.08065843621399177,1+1+1
0,2,0.08518518518518518,"(1, 5, 0)",66,0.08065843621399177,1+1+1
0,1,0.05555555555555556,"(1, 5, 0)",66,0.08065843621399177,1+1+1
1,2,0.0962962962962963,"(1, 5, 0)",66,0.08065843621399177,1+1+1
1,1,0.07222222222222223,"(1, 5, 0)",66,0.08065843621399177,1+1+1
1,0,0.1037037037037037,"(1, 5, 0)",66,0.08065843621399177,1+1+1
2,0,0.07962962962962962,"(1, 5, 0)",66,0.08065843621399177,1+1+1
2,1,0.07962962962962962,"(1, 5, 0)",66,0.08065843621399177,1+1+1
2,2,0.07407407407407407,"(1, 5, 0)",66,0.08065843621399177,1+1+1
0,0,0.07851851851851852,"(1, 5, 1)",67,0.09283950617283951,2+1
0,2,0.10370370370370371,"(1, 5, 1)",67,0.09283950617283951,2+1
0,1,0.0651851851851852,"(1, 5, 1)",67,0.09283950617283951,2+1
1,2,0.0962962962962963,"(1, 5, 1)",67,0.09283950617283951,2+1
1,1,0.10370370370370371,"(1, 5, 1)",67,0.09283950617283951,2+1
1,0,0.14074074074074075,"(1, 5, 1)",67,0.09283950617283951,2+1
2,0,0.07851851851851852,"(1, 5, 1)",67,0.09283950617283951,2+1
2,2,0.1037037037037037,"(1, 5, 1)",67,0.09283950617283951,2+1
2,1,0.06518518518518518,"(1, 5, 1)",67,0.09283950617283951,2+1
0,0,0.08518518518518518,"(1, 5, 2)",68,0.07901234567901234,1+1+1
0,2,0.06666666666666667,"(1, 5, 2)",68,0.07901234567901234,1+1+1
0,1,0.0851851851851852,"(1, 5, 2)",68,0.07901234567901234,1+1+1
1,2,0.08518518518518518,"(1, 5, 2)",68,0.07901234567901234,1+1+1
1,1,0.06666666666666667,"(1, 5, 2)",68,0.07901234567901234,1+1+1
1,0,0.0851851851851852,"(1, 5, 2)",68,0.07901234567901234,1+1+1
2,1,0.08518518518518518,"(1, 5, 2)",68,0.07901234567901234,1+1+1
2,0,0.06666666666666667,"(1, 5, 2)",68,0.07901234567901234,1+1+1
2,2,0.08518518518518518,"(1, 5, 2)",68,0.07901234567901234,1+1+1
0,0,0.1037037037037037,"(1, 5, 3)",69,0.08065843621399177,1+1+1
0,2,0.07222222222222223,"(1, 5, 3)",69,0.08065843621399177,1+1+1
0,1,0.09629629629629631,"(1, 5, 3)",69,0.08065843621399177,1+1+1
1,2,0.05555555555555556,"(1, 5, 3)",69,0.08065843621399177,1+1+1
1,1,0.0851851851851852,"(1, 5, 3)",69,0.08065843621399177,1+1+1
1,0,0.07962962962962962,"(1, 5, 3)",69,0.08065843621399177,1+1+1
2,1,0.07407407407407407,"(1, 5, 3)",69,0.08065843621399177,1+1+1
2,2,0.07962962962962962,"(1, 5, 3)",69,0.08065843621399177,1+1+1
2,0,0.07962962962962962,"(1, 5, 3)",69,0.08065843621399177,1+1+1
0,0,0.10925925925925926,"(1, 5, 4)",70,0.09218106995884773,1+1+1
0,2,0.10370370370370371,"(1, 5, 4)",70,0.09218106995884773,1+1+1
0,1,0.08148148148148147,"(1, 5, 4)",70,0.09218106995884773,1+1+1
1,2,0.08148148148148149,"(1, 5, 4)",70,0.09218106995884773,1+1+1
1,1,0.1037037037037037,"(1, 5, 4)",70,0.09218106995884773,1+1+1
1,0,0.10925925925925925,"(1, 5, 4)",70,0.09218106995884773,1+1+1
2,2,0.06481481481481481,"(1, 5, 4)",70,0.09218106995884773,1+1+1
2,0,0.11111111111111109,"(1, 5, 4)",70,0.09218106995884773,1+1+1
2,1,0.0648148148148148,"(1, 5, 4)",70,0.09218106995884773,1+1+1
0,0,0.14074074074074075,"(1, 5, 5)",71,0.0928395061728395,2+1
0,2,0.10370370370370367,"(1, 5, 5)",71,0.0928395061728395,2+1
0,1,0.0962962962962963,"(1, 5, 5)",71,0.0928395061728395,2+1
1,2,0.0651851851851852,"(1, 5, 5)",71,0.0928395061728395,2+1
1,1,0.10370370370370371,"(1, 5, 5)",71,0.0928395061728395,2+1
1,0,0.07851851851851852,"(1, 5, 5)",71,0.0928395061728395,2+1
2,2,0.06518518518518518,"(1, 5, 5)",71,0.0928395061728395,2+1
2,1,0.1037037037037037,"(1, 5, 5)",71,0.0928395061728395,2+1
2,0,0.07851851851851852,"(1, 5, 5)",71,0.0928395061728395,2+1
0,1,0.091005291005291,"(2, 0, 0)",72,0.10699588477366255,2+1
0,0,0.15396825396825398,"(2, 0, 0)",72,0.10699588477366255,2+1
0,2,0.11693121693121694,"(2, 0, 0)",72,0.10699588477366255,2+1
1,0,0.07116402116402117,"(2, 0, 0)",72,0.10699588477366255,2+1
1,1,0.14338624338624337,"(2, 0, 0)",72,0.10699588477366255,2+1
1,2,0.08597883597883597,"(2, 0, 0)",72,0.10699588477366255,2+1
2,0,0.07116402116402117,"(2, 0, 0)",72,0.10699588477366255,2+1
2,1,0.1433862433862434,"(2, 0, 0)",72,0.10699588477366255,2+1
2,2,0.08597883597883597,"(2, 0, 0)",72,0.10699588477366255,2+1
0,1,0.10925925925925925,"(2, 0, 1)",73,0.09218106995884774,1+1+1
0,0,0.10370370370370371,"(2, 0, 1)",73,0.09218106995884774,1+1+1
0,2,0.08148148148148149,"(2, 0, 1)",73,0.09218106995884774,1+1+1
1,0,0.06481481481481481,"(2, 0, 1)",73,0.09218106995884774,1+1+1
1,1,0.11111111111111112,"(2, 0, 1)",73,0.09218106995884774,1+1+1
1,2,0.0648148148148148,"(2, 0, 1)",73,0.09218106995884774,1+1+1
2,0,0.08148148148148149,"(2, 0, 1)",73,0.09218106995884774,1+1+1
2,2,0.10370370370370371,"(2, 0, 1)",73,0.09218106995884774,1+1+1
2,1,0.10925925925925926,"(2, 0, 1)",73,0.09218106995884774,1+1+1
0,1,0.07116402116402117,"(2, 0, 2)",74,0.10699588477366255,2+1
0,0,0.14338624338624337,"(2, 0, 2)",74,0.10699588477366255,2+1
0,2,0.08597883597883597,"(2, 0, 2)",74,0.10699588477366255,2+1
1,0,0.091005291005291,"(2, 0, 2)",74,0.10699588477366255,2+1
1,1,0.15396825396825398,"(2, 0, 2)",74,0.10699588477366255,2+1
1,2,0.11693121693121696,"(2, 0, 2)",74,0.10699588477366255,2+1
2,1,0.07116402116402117,"(2, 0, 2)",74,0.10699588477366255,2+1
2,0,0.1433862433862434,"(2, 0, 2)",74,0.10699588477366255,2+1
2,2,0.08597883597883597,"(2, 0, 2)",74,0.10699588477366255,2+1
0,1,0.06481481481481481,"(2, 0, 3)",75,0.09218106995884773,1+1+1
0,0,0.11111111111111109,"(2, 0, 3)",75,0.09218106995884773,1+1+1
0,2,0.06481481481481483,"(2, 0, 3)",75,0.09218106995884773,1+1+1
1,0,0.10925925925925925,"(2, 0, 3)",75,0.09218106995884773,1+1+1
1,1,0.10370370370370371,"(2, 0, 3)",75,0.09218106995884773,1+1+1
1,2,0.08148148148148147,"(2, 0, 3)",75,0.09218106995884773,1+1+1
2,1,0.08148148148148149,"(2, 0, 3)",75,0.09218106995884773,1+1+1
2,2,0.10370370370370371,"(2, 0, 3)",75,0.09218106995884773,1+1+1
2,0,0.10925925925925925,"(2, 0, 3)",75,0.09218106995884773,1+1+1
0,1,0.07407407407407407,"(2, 0, 4)",76,0.08065843621399177,1+1+1
0,0,0.07962962962962962,"(2, 0, 4)",76,0.08065843621399177,1+1+1
0,2,0.07962962962962963,"(2, 0, 4)",76,0.08065843621399177,1+1+1
1,0,0.05555555555555556,"(2, 0, 4)",76,0.08065843621399177,1+1+1
1,1,0.0851851851851852,"(2, 0, 4)",76,0.08065843621399177,1+1+1
1,2,0.07962962962962962,"(2, 0, 4)",76,0.08065843621399177,1+1+1
2,2,0.1037037037037037,"(2, 0, 4)",76,0.08065843621399177,1+1+1
2,0,0.07222222222222223,"(2, 0, 4)",76,0.08065843621399177,1+1+1
2,1,0.0962962962962963,"(2, 0, 4)",76,0.08065843621399177,1+1+1
0,1,0.05555555555555556,"(2, 0, 5)",77,0.08065843621399177,1+1+1
0,0,0.0851851851851852,"(2, 0, 5)",77,0.08065843621399177,1+1+1
0,2,0.07962962962962962,"(2, 0, 5)",77,0.08065843621399177,1+1+1
1,0,0.07407407407407407,"(2, 0, 5)",77,0.08065843621399177,1+1+1
1,1,0.07962962962962962,"(2, 0, 5)",77,0.08065843621399177,1+1+1
1,2,0.07962962962962962,"(2, 0, 5)",77,0.08065843621399177,1+1+1
2,2,0.1037037037037037,"(2, 0, 5)",77,0.08065843621399177,1+1+1
2,1,0.07222222222222223,"(2, 0, 5)",77,0.08065843621399177,1+1+1
2,0,0.0962962962962963,"(2, 0, 5)",77,0.08065843621399177,1+1+1
0,1,0.10925925925925926,"(2, 1, 0)",78,0.09218106995884773,1+1+1
0,0,0.10370370370370371,"(2, 1, 0)",78,0.09218106995884773,1+1+1
0,2,0.08148148148148147,"(2, 1, 0)",78,0.09218106995884773,1+1+1
1,0,0.08148148148148149,"(2, 1, 0)",78,0.09218106995884773,1+1+1
1,2,0.1037037037037037,"(2, 1, 0)",78,0.09218106995884773,1+1+1
1,1,0.10925925925925925,"(2, 1, 0)",78,0.09218106995884773,1+1+1
2,0,0.06481481481481481,"(2, 1, 0)",78,0.09218106995884773,1+1+1
2,1,0.11111111111111109,"(2, 1, 0)",78,0.09218106995884773,1+1+1
2,2,0.0648148148148148,"(2, 1, 0)",78,0.09218106995884773,1+1+1
0,1,0.14074074074074075,"(2, 1, 1)",79,0.0928395061728395,2+1
0,0,0.10370370370370367,"(2, 1, 1)",79,0.0928395061728395,2+1
0,2,0.0962962962962963,"(2, 1, 1)",79,0.0928395061728395,2+1
1,0,0.0651851851851852,"(2, 1, 1)",79,0.0928395061728395,2+1
1,2,0.10370370370370371,"(2, 1, 1)",79,0.0928395061728395,2+1
1,1,0.07851851851851852,"(2, 1, 1)",79,0.0928395061728395,2+1
2,0,0.06518518518518518,"(2, 1, 1)",79,0.0928395061728395,2+1
2,2,0.1037037037037037,"(2, 1, 1)",79,0.0928395061728395,2+1
2,1,0.07851851851851852,"(2, 1, 1)",79,0.0928395061728395,2+1
0,1,0.07851851851851852,"(2, 1, 2)",80,0.09283950617283951,2+1
0,0,0.10370370370370371,"(2, 1, 2)",80,0.09283950617283951,2+1
0,2,0.0651851851851852,"(2, 1, 2)",80,0.09283950617283951,2+1
1,0,0.0962962962962963,"(2, 1, 2)",80,0.09283950617283951,2+1
1,2,0.10370370370370371,"(2, 1, 2)",80,0.09283950617283951,2+1
1,1,0.14074074074074075,"(2, 1, 2)",80,0.09283950617283951,2+1
2,1,0.07851851851851852,"(2, 1, 2)",80,0.09283950617283951,2+1
2,0,0.1037037037037037,"(2, 1, 2)",80,0.09283950617283951,2+1
2,2,0.06518518518518518,"(2, 1, 2)",80,0.09283950617283951,2+1
0,1,0.07962962962962962,"(2, 1, 3)",81,0.08065843621399177,1+1+1
0,0,0.08518518518518518,"(2, 1, 3)",81,0.08065843621399177,1+1+1
0,2,0.05555555555555556,"(2, 1, 3)",81,0.08065843621399177,1+1+1
1,0,0.0962962962962963,"(2, 1, 3)",81,0.08065843621399177,1+1+1
1,2,0.07222222222222223,"(2, 1, 3)",81,0.08065843621399177,1+1+1
1,1,0.1037037037037037,"(2, 1, 3)",81,0.08065843621399177,1+1+1
2,1,0.07962962962962962,"(2, 1, 3)",81,0.08065843621399177,1+1+1
2,2,0.07962962962962962,"(2, 1, 3)",81,0.08065843621399177,1+1+1
2,0,0.07407407407407407,"(2, 1, 3)",81,0.08065843621399177,1+1+1
0,1,0.1037037037037037,"(2, 1, 4)",82,0.08065843621399177,1+1+1
0,0,0.07222222222222223,"(2, 1, 4)",82,0.08065843621399177,1+1+1
0,2,0.09629629629629631,"(2, 1, 4)",82,0.08065843621399177,1+1+1
1,0,0.05555555555555556,"(2, 1, 4)",82,0.08065843621399177,1+1+1
1,2,0.0851851851851852,"(2, 1, 4)",82,0.08065843621399177,1+1+1
1,1,0.07962962962962962,"(2, 1, 4)",82,0.08065843621399177,1+1+1
2,2,0.07407407407407407,"(2, 1, 4)",82,0.08065843621399177,1+1+1
2,0,0.07962962962962962,"(2, 1, 4)",82,0.08065843621399177,1+1+1
2,1,0.07962962962962962,"(2, 1, 4)",82,0.08065843621399177,1+1+1
0,1,0.08518518518518518,"(2, 1, 5)",83,0.07901234567901234,1+1+1
0,0,0.06666666666666667,"(2, 1, 5)",83,0.07901234567901234,1+1+1
0,2,0.0851851851851852,"(2, 1, 5)",83,0.07901234567901234,1+1+1
1,0,0.08518518518518518,"(2, 1, 5)",83,0.07901234567901234,1+1+1
1,2,0.06666666666666667,"(2, 1, 5)",83,0.07901234567901234,1+1+1
1,1,0.0851851851851852,"(2, 1, 5)",83,0.07901234567901234,1+1+1
2,2,0.08518518518518518,"(2, 1, 5)",83,0.07901234567901234,1+1+1
2,1,0.06666666666666667,"(2, 1, 5)",83,0.07901234567901234,1+1+1
2,0,0.08518518518518518,"(2, 1, 5)",83,0.07901234567901234,1+1+1
0,1,0.07116402116402117,"(2, 2, 0)",84,0.10699588477366254,2+1
0,0,0.14338624338624337,"(2, 2, 0)",84,0.10699588477366254,2+1
0,2,0.08597883597883597,"(2, 2, 0)",84,0.10699588477366254,2+1
1,1,0.07116402116402117,"(2, 2, 0)",84,0.10699588477366254,2+1
1,0,0.14338624338624337,"(2, 2, 0)",84,0.10699588477366254,2+1
1,2,0.08597883597883597,"(2, 2, 0)",84,0.10699588477366254,2+1
2,0,0.091005291005291,"(2, 2, 0)",84,0.10699588477366254,2+1
2,1,0.15396825396825398,"(2, 2, 0)",84,0.10699588477366254,2+1
2,2,0.11693121693121694,"(2, 2, 0)",84,0.10699588477366254,2+1
0,1,0.07851851851851852,"(2, 2, 1)",85,0.0928395061728395,2+1
0,0,0.1037037037037037,"(2, 2, 1)",85,0.0928395061728395,2+1
0,2,0.0651851851851852,"(2, 2, 1)",85,0.0928395061728395,2+1
1,1,0.07851851851851852,"(2, 2, 1)",85,0.0928395061728395,2+1
1,0,0.1037037037037037,"(2, 2, 1)",85,0.0928395061728395,2+1
1,2,0.06518518518518518,"(2, 2, 1)",85,0.0928395061728395,2+1
2,0,0.09629629629629631,"(2, 2, 1)",85,0.0928395061728395,2+1
2,2,0.1037037037037037,"(2, 2, 1)",85,0.0928395061728395,2+1
2,1,0.14074074074074075,"(2, 2, 1)",85,0.0928395061728395,2+1
0,1,0.08888888888888888,"(2, 2, 2)",86,0.1185185185185185,3
0,0,0.17777777777777776,"(2, 2, 2)",86,0.1185185185185185,3
0,2,0.08888888888888888,"(2, 2, 2)",86,0.1185185185185185,3
1,1,0.08888888888888888,"(2, 2, 2)",86,0.1185185185185185,3
1,0,0.17777777777777776,"(2, 2, 2)",86,0.1185185185185185,3
1,2,0.08888888888888888,"(2, 2, 2)",86,0.1185185185185185,3
2,1,0.08888888888888888,"(2, 2, 2)",86,0.1185185185185185,3
2,0,0.17777777777777776,"(2, 2, 2)",86,0.1185185185185185,3
2,2,0.08888888888888888,"(2, 2, 2)",86,0.1185185185185185,3
0,1,0.08597883597883597,"(2, 2, 3)",87,0.10699588477366256,2+1
0,0,0.1433862433862434,"(2, 2, 3)",87,0.10699588477366256,2+1
0,2,0.07116402116402117,"(2, 2, 3)",87,0.10699588477366256,2+1
1,1,0.08597883597883597,"(2, 2, 3)",87,0.10699588477366256,2+1
1,0,0.1433862433862434,"(2, 2, 3)",87,0.10699588477366256,2+1
1,2,0.07116402116402117,"(2, 2, 3)",87,0.10699588477366256,2+1
2,1,0.11693121693121696,"(2, 2, 3)",87,0.10699588477366256,2+1
2,2,0.15396825396825398,"(2, 2, 3)",87,0.10699588477366256,2+1
2,0,0.09100529100529102,"(2, 2, 3)",87,0.10699588477366256,2+1
0,1,0.06555555555555556,"(2, 2, 4)",88,0.07950617283950617,2+1
0,0,0.08444444444444445,"(2, 2, 4)",88,0.07950617283950617,2+1
0,2,0.06555555555555556,"(2, 2, 4)",88,0.07950617283950617,2+1
1,1,0.06555555555555556,"(2, 2, 4)",88,0.07950617283950617,2+1
1,0,0.08444444444444445,"(2, 2, 4)",88,0.07950617283950617,2+1
1,2,0.06555555555555556,"(2, 2, 4)",88,0.07950617283950617,2+1
2,2,0.1088888888888889,"(2, 2, 4)",88,0.07950617283950617,2+1
2,0,0.06666666666666667,"(2, 2, 4)",88,0.07950617283950617,2+1
2,1,0.1088888888888889,"(2, 2, 4)",88,0.07950617283950617,2+1
0,1,0.0651851851851852,"(2, 2, 5)",89,0.09283950617283951,2+1
0,0,0.1037037037037037,"(2, 2, 5)",89,0.09283950617283951,2+1
0,2,0.07851851851851852,"(2, 2, 5)",89,0.09283950617283951,2+1
1,1,0.0651851851851852,"(2, 2, 5)",89,0.09283950617283951,2+1
1,0,0.1037037037037037,"(2, 2, 5)",89,0.09283950617283951,2+1
1,2,0.07851851851851852,"(2, 2, 5)",89,0.09283950617283951,2+1
2,2,0.14074074074074075,"(2, 2, 5)",89,0.09283950617283951,2+1
2,1,0.1037037037037037,"(2, 2, 5)",89,0.09283950617283951,2+1
2,0,0.0962962962962963,"(2, 2, 5)",89,0.09283950617283951,2+1
0,1,0.06481481481481481,"(2, 3, 0)",90,0.09218106995884773,1+1+1
0,0,0.11111111111111109,"(2, 3, 0)",90,0.09218106995884773,1+1+1
0,2,0.06481481481481483,"(2, 3, 0)",90,0.09218106995884773,1+1+1
1,1,0.08148148148148149,"(2, 3, 0)",90,0.09218106995884773,1+1+1
1,2,0.1037037037037037,"(2, 3, 0)",90,0.09218106995884773,1+1+1
1,0,0.10925925925925925,"(2, 3, 0)",90,0.09218106995884773,1+1+1
2,0,0.10925925925925926,"(2, 3, 0)",90,0.09218106995884773,1+1+1
2,1,0.10370370370370371,"(2, 3, 0)",90,0.09218106995884773,1+1+1
2,2,0.08148148148148147,"(2, 3, 0)",90,0.09218106995884773,1+1+1
0,1,0.07962962962962962,"(2, 3, 1)",91,0.08065843621399177,1+1+1
0,0,0.08518518518518518,"(2, 3, 1)",91,0.08065843621399177,1+1+1
0,2,0.05555555555555556,"(2, 3, 1)",91,0.08065843621399177,1+1+1
1,1,0.07962962962962962,"(2, 3, 1)",91,0.08065843621399177,1+1+1
1,2,0.07962962962962962,"(2, 3, 1)",91,0.08065843621399177,1+1+1
1,0,0.07407407407407407,"(2, 3, 1)",91,0.08065843621399177,1+1+1
2,0,0.0962962962962963,"(2, 3, 1)",91,0.08065843621399177,1+1+1
2,2,0.07222222222222223,"(2, 3, 1)",91,0.08065843621399177,1+1+1
2,1,0.1037037037037037,"(2, 3, 1)",91,0.08065843621399177,1+1+1
0,1,0.08597883597883597,"(2, 3, 2)",92,0.10699588477366256,2+1
0,0,0.1433862433862434,"(2, 3, 2)",92,0.10699588477366256,2+1
0,2,0.07116402116402117,"(2, 3, 2)",92,0.10699588477366256,2+1
1,1,0.11693121693121694,"(2, 3, 2)",92,0.10699588477366256,2+1
1,2,0.15396825396825398,"(2, 3, 2)",92,0.10699588477366256,2+1
1,0,0.091005291005291,"(2, 3, 2)",92,0.10699588477366256,2+1
2,1,0.08597883597883599,"(2, 3, 2)",92,0.10699588477366256,2+1
2,0,0.14338624338624337,"(2, 3, 2)",92,0.10699588477366256,2+1
2,2,0.07116402116402117,"(2, 3, 2)",92,0.10699588477366256,2+1
0,1,0.11693121693121694,"(2, 3, 3)",93,0.10699588477366256,2+1
0,0,0.153968253968254,"(2, 3, 3)",93,0.10699588477366256,2+1
0,2,0.091005291005291,"(2, 3, 3)",93,0.10699588477366256,2+1
1,1,0.08597883597883599,"(2, 3, 3)",93,0.10699588477366256,2+1
1,2,0.1433862433862434,"(2, 3, 3)",93,0.10699588477366256,2+1
1,0,0.07116402116402117,"(2, 3, 3)",93,0.10699588477366256,2+1
2,1,0.08597883597883599,"(2, 3, 3)",93,0.10699588477366256,2+1
2,2,0.14338624338624337,"(2, 3, 3)",93,0.10699588477366256,2+1
2,0,0.07116402116402117,"(2, 3, 3)",93,0.10699588477366256,2+1
0,1,0.07962962962962962,"(2, 3, 4)",94,0.08065843621399177,1+1+1
0,0,0.07962962962962962,"(2, 3, 4)",94,0.08065843621399177,1+1+1
0,2,0.07407407407407407,"(2, 3, 4)",94,0.08065843621399177,1+1+1
1,1,0.07962962962962962,"(2, 3, 4)",94,0.08065843621399177,1+1+1
1,2,0.08518518518518518,"(2, 3, 4)",94,0.08065843621399177,1+1+1
1,0,0.05555555555555556,"(2, 3, 4)",94,0.08065843621399177,1+1+1
2,2,0.0962962962962963,"(2, 3, 4)",94,0.08065843621399177,1+1+1
2,0,0.07222222222222223,"(2, 3, 4)",94,0.08065843621399177,1+1+1
2,1,0.1037037037037037,"(2, 3, 4)",94,0.08065843621399177,1+1+1
0,1,0.08148148148148147,"(2, 3, 5)",95,0.09218106995884773,1+1+1
0,0,0.1037037037037037,"(2, 3, 5)",95,0.09218106995884773,1+1+1
0,2,0.10925925925925925,"(2, 3, 5)",95,0.09218106995884773,1+1+1
1,1,0.0648148148148148,"(2, 3, 5)",95,0.09218106995884773,1+1+1
1,2,0.11111111111111112,"(2, 3, 5)",95,0.09218106995884773,1+1+1
1,0,0.0648148148148148,"(2, 3, 5)",95,0.09218106995884773,1+1+1
2,2,0.10925925925925925,"(2, 3, 5)",95,0.09218106995884773,1+1+1
2,1,0.10370370370370371,"(2, 3, 5)",95,0.09218106995884773,1+1+1
2,0,0.08148148148148147,"(2, 3, 5)",95,0.09218106995884773,1+1+1
0,1,0.07407407407407407,"(2, 4, 0)",96,0.08065843621399177,1+1+1
0,0,0.07962962962962962,"(2, 4, 0)",96,0.08065843621399177,1+1+1
0,2,0.07962962962962963,"(2, 4, 0)",96,0.08065843621399177,1+1+1
1,2,0.1037037037037037,"(2, 4, 0)",96,0.08065843621399177,1+1+1
1,0,0.07222222222222223,"(2, 4, 0)",96,0.08065843621399177,1+1+1
1,1,0.0962962962962963,"(2, 4, 0)",96,0.08065843621399177,1+1+1
2,0,0.05555555555555556,"(2, 4, 0)",96,0.08065843621399177,1+1+1
2,1,0.08518518518518518,"(2, 4, 0)",96,0.08065843621399177,1+1+1
2,2,0.07962962962962962,"(2, 4, 0)",96,0.08065843621399177,1+1+1
0,1,0.1037037037037037,"(2, 4, 1)",97,0.08065843621399177,1+1+1
0,0,0.07222222222222223,"(2, 4, 1)",97,0.08065843621399177,1+1+1
0,2,0.09629629629629631,"(2, 4, 1)",97,0.08065843621399177,1+1+1
1,2,0.07407407407407407,"(2, 4, 1)",97,0.08065843621399177,1+1+1
1,0,0.07962962962962962,"(2, 4, 1)",97,0.08065843621399177,1+1+1
1,1,0.07962962962962962,"(2, 4, 1)",97,0.08065843621399177,1+1+1
2,0,0.05555555555555556,"(2, 4, 1)",97,0.08065843621399177,1+1+1
2,2,0.08518518518518518,"(2, 4, 1)",97,0.08065843621399177,1+1+1
2,1,0.07962962962962962,"(2, 4, 1)",97,0.08065843621399177,1+1+1
0,1,0.06555555555555556,"(2, 4, 2)",98,0.07950617283950619,2+1
0,0,0.08444444444444445,"(2, 4, 2)",98,0.07950617283950619,2+1
0,2,0.06555555555555556,"(2, 4, 2)",98,0.07950617283950619,2+1
1,2,0.1088888888888889,"(2, 4, 2)",98,0.07950617283950619,2+1
1,0,0.06666666666666667,"(2, 4, 2)",98,0.07950617283950619,2+1
1,1,0.1088888888888889,"(2, 4, 2)",98,0.07950617283950619,2+1
2,1,0.06555555555555556,"(2, 4, 2)",98,0.07950617283950619,2+1
2,0,0.08444444444444445,"(2, 4, 2)",98,0.07950617283950619,2+1
2,2,0.06555555555555556,"(2, 4, 2)",98,0.07950617283950619,2+1
0,1,0.07962962962962962,"(2, 4, 3)",99,0.08065843621399177,1+1+1
0,0,0.07962962962962962,"(2, 4, 3)",99,0.08065843621399177,1+1+1
0,2,0.07407407407407407,"(2, 4, 3)",99,0.08065843621399177,1+1+1
1,2,0.0962962962962963,"(2, 4, 3)",99,0.08065843621399177,1+1+1
1,0,0.07222222222222223,"(2, 4, 3)",99,0.08065843621399177,1+1+1
1,1,0.1037037037037037,"(2, 4, 3)",99,0.08065843621399177,1+1+1
2,1,0.07962962962962962,"(2, 4, 3)",99,0.08065843621399177,1+1+1
2,2,0.08518518518518518,"(2, 4, 3)",99,0.08065843621399177,1+1+1
2,0,0.05555555555555556,"(2, 4, 3)",99,0.08065843621399177,1+1+1
0,1,0.1088888888888889,"(2, 4, 4)",100,0.07950617283950619,2+1
0,0,0.06666666666666667,"(2, 4, 4)",100,0.07950617283950619,2+1
0,2,0.1088888888888889,"(2, 4, 4)",100,0.07950617283950619,2+1
1,2,0.06555555555555556,"(2, 4, 4)",100,0.07950617283950619,2+1
1,0,0.08444444444444445,"(2, 4, 4)",100,0.07950617283950619,2+1
1,1,0.06555555555555556,"(2, 4, 4)",100,0.07950617283950619,2+1
2,2,0.06555555555555556,"(2, 4, 4)",100,0.07950617283950619,2+1
2,0,0.08444444444444445,"(2, 4, 4)",100,0.07950617283950619,2+1
2,1,0.06555555555555556,"(2, 4, 4)",100,0.07950617283950619,2+1
0,1,0.0962962962962963,"(2, 4, 5)",101,0.08065843621399177,1+1+1
0,0,0.07222222222222223,"(2, 4, 5)",101,0.08065843621399177,1+1+1
0,2,0.1037037037037037,"(2, 4, 5)",101,0.08065843621399177,1+1+1
1,2,0.07962962962962962,"(2, 4, 5)",101,0.08065843621399177,1+1+1
1,0,0.07962962962962962,"(2, 4, 5)",101,0.08065843621399177,1+1+1
1,1,0.07407407407407407,"(2, 4, 5)",101,0.08065843621399177,1+1+1
2,2,0.07962962962962962,"(2, 4, 5)",101,0.08065843621399177,1+1+1
2,1,0.08518518518518518,"(2, 4, 5)",101,0.08065843621399177,1+1+1
2,0,0.05555555555555556,"(2, 4, 5)",101,0.08065843621399177,1+1+1
0,1,0.05555555555555556,"(2, 5, 0)",102,0.08065843621399177,1+1+1
0,0,0.0851851851851852,"(2, 5, 0)",102,0.08065843621399177,1+1+1
0,2,0.07962962962962962,"(2, 5, 0)",102,0.08065843621399177,1+1+1
1,2,0.1037037037037037,"(2, 5, 0)",102,0.08065843621399177,1+1+1
1,1,0.07222222222222223,"(2, 5, 0)",102,0.08065843621399177,1+1+1
1,0,0.0962962962962963,"(2, 5, 0)",102,0.08065843621399177,1+1+1
2,0,0.07407407407407407,"(2, 5, 0)",102,0.08065843621399177,1+1+1
2,1,0.07962962962962962,"(2, 5, 0)",102,0.08065843621399177,1+1+1
2,2,0.07962962962962962,"(2, 5, 0)",102,0.08065843621399177,1+1+1
0,1,0.08518518518518518,"(2, 5, 1)",103,0.07901234567901236,1+1+1
0,0,0.06666666666666667,"(2, 5, 1)",103,0.07901234567901236,1+1+1
0,2,0.0851851851851852,"(2, 5, 1)",103,0.07901234567901236,1+1+1
1,2,0.08518518518518518,"(2, 5, 1)",103,0.07901234567901236,1+1+1
1,1,0.06666666666666667,"(2, 5, 1)",103,0.07901234567901236,1+1+1
1,0,0.08518518518518518,"(2, 5, 1)",103,0.07901234567901236,1+1+1
2,0,0.08518518518518518,"(2, 5, 1)",103,0.07901234567901236,1+1+1
2,2,0.06666666666666667,"(2, 5, 1)",103,0.07901234567901236,1+1+1
2,1,0.0851851851851852,"(2, 5, 1)",103,0.07901234567901236,1+1+1
0,1,0.0651851851851852,"(2, 5, 2)",104,0.0928395061728395,2+1
0,0,0.1037037037037037,"(2, 5, 2)",104,0.0928395061728395,2+1
0,2,0.07851851851851852,"(2, 5, 2)",104,0.0928395061728395,2+1
1,2,0.14074074074074075,"(2, 5, 2)",104,0.0928395061728395,2+1
1,1,0.1037037037037037,"(2, 5, 2)",104,0.0928395061728395,2+1
1,0,0.0962962962962963,"(2, 5, 2)",104,0.0928395061728395,2+1
2,1,0.06518518518518518,"(2, 5, 2)",104,0.0928395061728395,2+1
2,0,0.1037037037037037,"(2, 5, 2)",104,0.0928395061728395,2+1
2,2,0.07851851851851852,"(2, 5, 2)",104,0.0928395061728395,2+1
0,1,0.08148148148148147,"(2, 5, 3)",105,0.09218106995884773,1+1+1
0,0,0.1037037037037037,"(2, 5, 3)",105,0.09218106995884773,1+1+1
0,2,0.10925925925925925,"(2, 5, 3)",105,0.09218106995884773,1+1+1
1,2,0.10925925925925926,"(2, 5, 3)",105,0.09218106995884773,1+1+1
1,1,0.10370370370370371,"(2, 5, 3)",105,0.09218106995884773,1+1+1
1,0,0.08148148148148147,"(2, 5, 3)",105,0.09218106995884773,1+1+1
2,1,0.06481481481481481,"(2, 5, 3)",105,0.09218106995884773,1+1+1
2,2,0.11111111111111109,"(2, 5, 3)",105,0.09218106995884773,1+1+1
2,0,0.0648148148148148,"(2, 5, 3)",105,0.09218106995884773,1+1+1
0,1,0.0962962962962963,"(2, 5, 4)",106,0.08065843621399177,1+1+1
0,0,0.07222222222222223,"(2, 5, 4)",106,0.08065843621399177,1+1+1
0,2,0.1037037037037037,"(2, 5, 4)",106,0.08065843621399177,1+1+1
1,2,0.07962962962962962,"(2, 5, 4)",106,0.08065843621399177,1+1+1
1,1,0.08518518518518518,"(2, 5, 4)",106,0.08065843621399177,1+1+1
1,0,0.05555555555555556,"(2, 5, 4)",106,0.08065843621399177,1+1+1
2,2,0.07962962962962962,"(2, 5, 4)",106,0.08065843621399177,1+1+1
2,0,0.07962962962962962,"(2, 5, 4)",106,0.08065843621399177,1+1+1
2,1,0.07407407407407407,"(2, 5, 4)",106,0.08065843621399177,1+1+1
0,1,0.0962962962962963,"(2, 5, 5)",107,0.09283950617283951,2+1
0,0,0.1037037037037037,"(2, 5, 5)",107,0.09283950617283951,2+1
0,2,0.14074074074074075,"(2, 5, 5)",107,0.09283950617283951,2+1
1,2,0.07851851851851852,"(2, 5, 5)",107,0.09283950617283951,2+1
1,1,0.10370370370370371,"(2, 5, 5)",107,0.09283950617283951,2+1
1,0,0.0651851851851852,"(2, 5, 5)",107,0.09283950617283951,2+1
2,2,0.07851851851851852,"(2, 5, 5)",107,0.09283950617283951,2+1
2,1,0.1037037037037037,"(2, 5, 5)",107,0.09283950617283951,2+1
2,0,0.06518518518518518,"(2, 5, 5)",107,0.09283950617283951,2+1
0,1,0.0962962962962963,"(3, 0, 0)",108,0.09283950617283951,2+1
0,2,0.1037037037037037,"(3, 0, 0)",108,0.09283950617283951,2+1
0,0,0.14074074074074075,"(3, 0, 0)",108,0.09283950617283951,2+1
1,0,0.07851851851851852,"(3, 0, 0)",108,0.09283950617283951,2+1
1,1,0.10370370370370371,"(3, 0, 0)",108,0.09283950617283951,2+1
1,2,0.0651851851851852,"(3, 0, 0)",108,0.09283950617283951,2+1
2,0,0.07851851851851852,"(3, 0, 0)",108,0.09283950617283951,2+1
2,1,0.1037037037037037,"(3, 0, 0)",108,0.09283950617283951,2+1
2,2,0.06518518518518518,"(3, 0, 0)",108,0.09283950617283951,2+1
0,1,0.0962962962962963,"(3, 0, 1)",109,0.08065843621399177,1+1+1
0,2,0.07222222222222223,"(3, 0, 1)",109,0.08065843621399177,1+1+1
0,0,0.1037037037037037,"(3, 0, 1)",109,0.08065843621399177,1+1+1
1,0,0.07962962962962962,"(3, 0, 1)",109,0.08065843621399177,1+1+1
1,1,0.08518518518518518,"(3, 0, 1)",109,0.08065843621399177,1+1+1
1,2,0.05555555555555556,"(3, 0, 1)",109,0.08065843621399177,1+1+1
2,0,0.07962962962962962,"(3, 0, 1)",109,0.08065843621399177,1+1+1
2,2,0.07962962962962962,"(3, 0, 1)",109,0.08065843621399177,1+1+1
2,1,0.07407407407407407,"(3, 0, 1)",109,0.08065843621399177,1+1+1
0,1,0.08148148148148147,"(3, 0, 2)",110,0.09218106995884773,1+1+1
0,2,0.1037037037037037,"(3, 0, 2)",110,0.09218106995884773,1+1+1
0,0,0.10925925925925925,"(3, 0, 2)",110,0.09218106995884773,1+1+1
1,0,0.10925925925925926,"(3, 0, 2)",110,0.09218106995884773,1+1+1
1,1,0.10370370370370371,"(3, 0, 2)",110,0.09218106995884773,1+1+1
1,2,0.08148148148148147,"(3, 0, 2)",110,0.09218106995884773,1+1+1
2,1,0.06481481481481481,"(3, 0, 2)",110,0.09218106995884773,1+1+1
2,0,0.11111111111111109,"(3, 0, 2)",110,0.09218106995884773,1+1+1
2,2,0.0648148148148148,"(3, 0, 2)",110,0.09218106995884773,1+1+1
0,1,0.0651851851851852,"(3, 0, 3)",111,0.0928395061728395,2+1
0,2,0.1037037037037037,"(3, 0, 3)",111,0.0928395061728395,2+1
0,0,0.07851851851851852,"(3, 0, 3)",111,0.0928395061728395,2+1
1,0,0.14074074074074075,"(3, 0, 3)",111,0.0928395061728395,2+1
1,1,0.1037037037037037,"(3, 0, 3)",111,0.0928395061728395,2+1
1,2,0.0962962962962963,"(3, 0, 3)",111,0.0928395061728395,2+1
2,1,0.06518518518518518,"(3, 0, 3)",111,0.0928395061728395,2+1
2,2,0.1037037037037037,"(3, 0, 3)",111,0.0928395061728395,2+1
2,0,0.07851851851851852,"(3, 0, 3)",111,0.0928395061728395,2+1
0,1,0.08518518518518518,"(3, 0, 4)",112,0.07901234567901236,1+1+1
0,2,0.06666666666666667,"(3, 0, 4)",112,0.07901234567901236,1+1+1
0,0,0.0851851851851852,"(3, 0, 4)",112,0.07901234567901236,1+1+1
1,0,0.08518518518518518,"(3, 0, 4)",112,0.07901234567901236,1+1+1
1,1,0.06666666666666667,"(3, 0, 4)",112,0.07901234567901236,1+1+1
1,2,0.08518518518518518,"(3, 0, 4)",112,0.07901234567901236,1+1+1
2,2,0.08518518518518518,"(3, 0, 4)",112,0.07901234567901236,1+1+1
2,0,0.06666666666666667,"(3, 0, 4)",112,0.07901234567901236,1+1+1
2,1,0.0851851851851852,"(3, 0, 4)",112,0.07901234567901236,1+1+1
0,1,0.05555555555555556,"(3, 0, 5)",113,0.08065843621399177,1+1+1
0,2,0.0851851851851852,"(3, 0, 5)",113,0.08065843621399177,1+1+1
0,0,0.07962962962962962,"(3, 0, 5)",113,0.08065843621399177,1+1+1
1,0,0.1037037037037037,"(3, 0, 5)",113,0.08065843621399177,1+1+1
1,1,0.07222222222222223,"(3, 0, 5)",113,0.08065843621399177,1+1+1
1,2,0.0962962962962963,"(3, 0, 5)",113,0.08065843621399177,1+1+1
2,2,0.07407407407407407,"(3, 0, 5)",113,0.08065843621399177,1+1+1
2,1,0.07962962962962962,"(3, 0, 5)",113,0.08065843621399177,1+1+1
2,0,0.07962962962962962,"(3, 0, 5)",113,0.08065843621399177,1+1+1
0,1,0.0962962962962963,"(3, 1, 0)",114,0.08065843621399177,1+1+1
0,2,0.07222222222222223,"(3, 1, 0)",114,0.08065843621399177,1+1+1
0,0,0.1037037037037037,"(3, 1, 0)",114,0.08065843621399177,1+1+1
1,0,0.07962962962962962,"(3, 1, 0)",114,0.08065843621399177,1+1+1
1,2,0.07962962962962962,"(3, 1, 0)",114,0.08065843621399177,1+1+1
1,1,0.07407407407407407,"(3, 1, 0)",114,0.08065843621399177,1+1+1
2,0,0.07962962962962962,"(3, 1, 0)",114,0.08065843621399177,1+1+1
2,1,0.08518518518518518,"(3, 1, 0)",114,0.08065843621399177,1+1+1
2,2,0.05555555555555556,"(3, 1, 0)",114,0.08065843621399177,1+1+1
0,1,0.1088888888888889,"(3, 1, 1)",115,0.07950617283950619,2+1
0,2,0.06666666666666667,"(3, 1, 1)",115,0.07950617283950619,2+1
0,0,0.1088888888888889,"(3, 1, 1)",115,0.07950617283950619,2+1
1,0,0.06555555555555556,"(3, 1, 1)",115,0.07950617283950619,2+1
1,2,0.08444444444444445,"(3, 1, 1)",115,0.07950617283950619,2+1
1,1,0.06555555555555556,"(3, 1, 1)",115,0.07950617283950619,2+1
2,0,0.06555555555555556,"(3, 1, 1)",115,0.07950617283950619,2+1
2,2,0.08444444444444445,"(3, 1, 1)",115,0.07950617283950619,2+1
2,1,0.06555555555555556,"(3, 1, 1)",115,0.07950617283950619,2+1
0,1,0.07962962962962962,"(3, 1, 2)",116,0.08065843621399177,1+1+1
0,2,0.07962962962962962,"(3, 1, 2)",116,0.08065843621399177,1+1+1
0,0,0.07407407407407407,"(3, 1, 2)",116,0.08065843621399177,1+1+1
1,0,0.0962962962962963,"(3, 1, 2)",116,0.08065843621399177,1+1+1
1,2,0.07222222222222223,"(3, 1, 2)",116,0.08065843621399177,1+1+1
1,1,0.1037037037037037,"(3, 1, 2)",116,0.08065843621399177,1+1+1
2,1,0.07962962962962962,"(3, 1, 2)",116,0.08065843621399177,1+1+1
2,0,0.08518518518518518,"(3, 1, 2)",116,0.08065843621399177,1+1+1
2,2,0.05555555555555556,"(3, 1, 2)",116,0.08065843621399177,1+1+1
0,1,0.06555555555555556,"(3, 1, 3)",117,0.07950617283950619,2+1
0,2,0.08444444444444445,"(3, 1, 3)",117,0.07950617283950619,2+1
0,0,0.06555555555555556,"(3, 1, 3)",117,0.07950617283950619,2+1
1,0,0.1088888888888889,"(3, 1, 3)",117,0.07950617283950619,2+1
1,2,0.06666666666666667,"(3, 1, 3)",117,0.07950617283950619,2+1
1,1,0.1088888888888889,"(3, 1, 3)",117,0.07950617283950619,2+1
2,1,0.06555555555555556,"(3, 1, 3)",117,0.07950617283950619,2+1
2,2,0.08444444444444445,"(3, 1, 3)",117,0.07950617283950619,2+1
2,0,0.06555555555555556,"(3, 1, 3)",117,0.07950617283950619,2+1
0,1,0.1037037037037037,"(3, 1, 4)",118,0.08065843621399177,1+1+1
0,2,0.07222222222222223,"(3, 1, 4)",118,0.08065843621399177,1+1+1
0,0,0.09629629629629631,"(3, 1, 4)",118,0.08065843621399177,1+1+1
1,0,0.07407407407407407,"(3, 1, 4)",118,0.08065843621399177,1+1+1
1,2,0.07962962962962962,"(3, 1, 4)",118,0.08065843621399177,1+1+1
1,1,0.07962962962962962,"(3, 1, 4)",118,0.08065843621399177,1+1+1
2,2,0.05555555555555556,"(3, 1, 4)",118,0.08065843621399177,1+1+1
2,0,0.08518518518518518,"(3, 1, 4)",118,0.08065843621399177,1+1+1
2,1,0.07962962962962962,"(3, 1, 4)",118,0.08065843621399177,1+1+1
0,1,0.07407407407407407,"(3, 1, 5)",119,0.08065843621399177,1+1+1
0,2,0.07962962962962962,"(3, 1, 5)",119,0.08065843621399177,1+1+1
0,0,0.07962962962962963,"(3, 1, 5)",119,0.08065843621399177,1+1+1
1,0,0.1037037037037037,"(3, 1, 5)",119,0.08065843621399177,1+1+1
1,2,0.07222222222222223,"(3, 1, 5)",119,0.08065843621399177,1+1+1
1,1,0.0962962962962963,"(3, 1, 5)",119,0.08065843621399177,1+1+1
2,2,0.05555555555555556,"(3, 1, 5)",119,0.08065843621399177,1+1+1
2,1,0.08518518518518518,"(3, 1, 5)",119,0.08065843621399177,1+1+1
2,0,0.07962962962962962,"(3, 1, 5)",119,0.08065843621399177,1+1+1
0,1,0.08148148148148147,"(3, 2, 0)",120,0.09218106995884773,1+1+1
0,2,0.1037037037037037,"(3, 2, 0)",120,0.09218106995884773,1+1+1
0,0,0.10925925925925925,"(3, 2, 0)",120,0.09218106995884773,1+1+1
1,1,0.0648148148148148,"(3, 2, 0)",120,0.09218106995884773,1+1+1
1,0,0.11111111111111112,"(3, 2, 0)",120,0.09218106995884773,1+1+1
1,2,0.0648148148148148,"(3, 2, 0)",120,0.09218106995884773,1+1+1
2,0,0.10925925925925925,"(3, 2, 0)",120,0.09218106995884773,1+1+1
2,1,0.10370370370370371,"(3, 2, 0)",120,0.09218106995884773,1+1+1
2,2,0.08148148148148147,"(3, 2, 0)",120,0.09218106995884773,1+1+1
0,1,0.07962962962962962,"(3, 2, 1)",121,0.08065843621399177,1+1+1
0,2,0.07962962962962962,"(3, 2, 1)",121,0.08065843621399177,1+1+1
0,0,0.07407407407407407,"(3, 2, 1)",121,0.08065843621399177,1+1+1
1,1,0.07962962962962962,"(3, 2, 1)",121,0.08065843621399177,1+1+1
1,0,0.08518518518518518,"(3, 2, 1)",121,0.08065843621399177,1+1+1
1,2,0.05555555555555556,"(3, 2, 1)",121,0.08065843621399177,1+1+1
2,0,0.0962962962962963,"(3, 2, 1)",121,0.08065843621399177,1+1+1
2,2,0.07222222222222223,"(3, 2, 1)",121,0.08065843621399177,1+1+1
2,1,0.1037037037037037,"(3, 2, 1)",121,0.08065843621399177,1+1+1
0,1,0.11693121693121694,"(3, 2, 2)",122,0.10699588477366256,2+1
0,2,0.153968253968254,"(3, 2, 2)",122,0.10699588477366256,2+1
0,0,0.091005291005291,"(3, 2, 2)",122,0.10699588477366256,2+1
1,1,0.08597883597883599,"(3, 2, 2)",122,0.10699588477366256,2+1
1,0,0.1433862433862434,"(3, 2, 2)",122,0.10699588477366256,2+1
1,2,0.07116402116402117,"(3, 2, 2)",122,0.10699588477366256,2+1
2,1,0.08597883597883599,"(3, 2, 2)",122,0.10699588477366256,2+1
2,0,0.14338624338624337,"(3, 2, 2)",122,0.10699588477366256,2+1
2,2,0.07116402116402117,"(3, 2, 2)",122,0.10699588477366256,2+1
0,1,0.08597883597883597,"(3, 2, 3)",123,0.10699588477366256,2+1
0,2,0.1433862433862434,"(3, 2, 3)",123,0.10699588477366256,2+1
0,0,0.07116402116402117,"(3, 2, 3)",123,0.10699588477366256,2+1
1,1,0.11693121693121694,"(3, 2, 3)",123,0.10699588477366256,2+1
1,0,0.15396825396825398,"(3, 2, 3)",123,0.10699588477366256,2+1
1,2,0.091005291005291,"(3, 2, 3)",123,0.10699588477366256,2+1
2,1,0.08597883597883599,"(3, 2, 3)",123,0.10699588477366256,2+1
2,2,0.14338624338624337,"(3, 2, 3)",123,0.10699588477366256,2+1
2,0,0.07116402116402117,"(3, 2, 3)",123,0.10699588477366256,2+1
0,1,0.07962962962962962,"(3, 2, 4)",124,0.08065843621399177,1+1+1
0,2,0.08518518518518518,"(3, 2, 4)",124,0.08065843621399177,1+1+1
0,0,0.05555555555555556,"(3, 2, 4)",124,0.08065843621399177,1+1+1
1,1,0.07962962962962962,"(3, 2, 4)",124,0.08065843621399177,1+1+1
1,0,0.07962962962962962,"(3, 2, 4)",124,0.08065843621399177,1+1+1
1,2,0.07407407407407407,"(3, 2, 4)",124,0.08065843621399177,1+1+1
2,2,0.0962962962962963,"(3, 2, 4)",124,0.08065843621399177,1+1+1
2,0,0.07222222222222223,"(3, 2, 4)",124,0.08065843621399177,1+1+1
2,1,0.1037037037037037,"(3, 2, 4)",124,0.08065843621399177,1+1+1
0,1,0.06481481481481481,"(3, 2, 5)",125,0.09218106995884773,1+1+1
0,2,0.11111111111111109,"(3, 2, 5)",125,0.09218106995884773,1+1+1
0,0,0.06481481481481483,"(3, 2, 5)",125,0.09218106995884773,1+1+1
1,1,0.08148148148148149,"(3, 2, 5)",125,0.09218106995884773,1+1+1
1,0,0.1037037037037037,"(3, 2, 5)",125,0.09218106995884773,1+1+1
1,2,0.10925925925925925,"(3, 2, 5)",125,0.09218106995884773,1+1+1
2,2,0.10925925925925926,"(3, 2, 5)",125,0.09218106995884773,1+1+1
2,1,0.10370370370370371,"(3, 2, 5)",125,0.09218106995884773,1+1+1
2,0,0.08148148148148147,"(3, 2, 5)",125,0.09218106995884773,1+1+1
0,1,0.0651851851851852,"(3, 3, 0)",126,0.09283950617283951,2+1
0,2,0.1037037037037037,"(3, 3, 0)",126,0.09283950617283951,2+1
0,0,0.07851851851851852,"(3, 3, 0)",126,0.09283950617283951,2+1
1,1,0.0651851851851852,"(3, 3, 0)",126,0.09283950617283951,2+1
1,2,0.1037037037037037,"(3, 3, 0)",126,0.09283950617283951,2+1
1,0,0.07851851851851852,"(3, 3, 0)",126,0.09283950617283951,2+1
2,0,0.14074074074074075,"(3, 3, 0)",126,0.09283950617283951,2+1
2,1,0.1037037037037037,"(3, 3, 0)",126,0.09283950617283951,2+1
2,2,0.0962962962962963,"(3, 3, 0)",126,0.09283950617283951,2+1
0,1,0.06555555555555556,"(3, 3, 1)",127,0.07950617283950617,2+1
0,2,0.08444444444444445,"(3, 3, 1)",127,0.07950617283950617,2+1
0,0,0.06555555555555556,"(3, 3, 1)",127,0.07950617283950617,2+1
1,1,0.06555555555555556,"(3, 3, 1)",127,0.07950617283950617,2+1
1,2,0.08444444444444445,"(3, 3, 1)",127,0.07950617283950617,2+1
1,0,0.06555555555555556,"(3, 3, 1)",127,0.07950617283950617,2+1
2,0,0.1088888888888889,"(3, 3, 1)",127,0.07950617283950617,2+1
2,2,0.06666666666666667,"(3, 3, 1)",127,0.07950617283950617,2+1
2,1,0.1088888888888889,"(3, 3, 1)",127,0.07950617283950617,2+1
0,1,0.08597883597883597,"(3, 3, 2)",128,0.10699588477366256,2+1
0,2,0.1433862433862434,"(3, 3, 2)",128,0.10699588477366256,2+1
0,0,0.07116402116402117,"(3, 3, 2)",128,0.10699588477366256,2+1
1,1,0.08597883597883597,"(3, 3, 2)",128,0.10699588477366256,2+1
1,2,0.1433862433862434,"(3, 3, 2)",128,0.10699588477366256,2+1
1,0,0.07116402116402117,"(3, 3, 2)",128,0.10699588477366256,2+1
2,1,0.11693121693121696,"(3, 3, 2)",128,0.10699588477366256,2+1
2,0,0.15396825396825398,"(3, 3, 2)",128,0.10699588477366256,2+1
2,2,0.09100529100529102,"(3, 3, 2)",128,0.10699588477366256,2+1
0,1,0.08888888888888888,"(3, 3, 3)",129,0.1185185185185185,3
0,2,0.17777777777777776,"(3, 3, 3)",129,0.1185185185185185,3
0,0,0.08888888888888888,"(3, 3, 3)",129,0.1185185185185185,3
1,1,0.08888888888888888,"(3, 3, 3)",129,0.1185185185185185,3
1,2,0.17777777777777776,"(3, 3, 3)",129,0.1185185185185185,3
1,0,0.08888888888888888,"(3, 3, 3)",129,0.1185185185185185,3
2,1,0.08888888888888888,"(3, 3, 3)",129,0.1185185185185185,3
2,2,0.17777777777777776,"(3, 3, 3)",129,0.1185185185185185,3
2,0,0.08888888888888888,"(3, 3, 3)",129,0.1185185185185185,3
0,1,0.07851851851851852,"(3, 3, 4)",130,0.0928395061728395,2+1
0,2,0.1037037037037037,"(3, 3, 4)",130,0.0928395061728395,2+1
0,0,0.0651851851851852,"(3, 3, 4)",130,0.0928395061728395,2+1
1,1,0.07851851851851852,"(3, 3, 4)",130,0.0928395061728395,2+1
1,2,0.1037037037037037,"(3, 3, 4)",130,0.0928395061728395,2+1
1,0,0.06518518518518518,"(3, 3, 4)",130,0.0928395061728395,2+1
2,2,0.09629629629629631,"(3, 3, 4)",130,0.0928395061728395,2+1
2,0,0.1037037037037037,"(3, 3, 4)",130,0.0928395061728395,2+1
2,1,0.14074074074074075,"(3, 3, 4)",130,0.0928395061728395,2+1
0,1,0.07116402116402117,"(3, 3, 5)",131,0.10699588477366254,2+1
0,2,0.14338624338624337,"(3, 3, 5)",131,0.10699588477366254,2+1
0,0,0.08597883597883597,"(3, 3, 5)",131,0.10699588477366254,2+1
1,1,0.07116402116402117,"(3, 3, 5)",131,0.10699588477366254,2+1
1,2,0.14338624338624337,"(3, 3, 5)",131,0.10699588477366254,2+1
1,0,0.08597883597883597,"(3, 3, 5)",131,0.10699588477366254,2+1
2,2,0.091005291005291,"(3, 3, 5)",131,0.10699588477366254,2+1
2,1,0.15396825396825398,"(3, 3, 5)",131,0.10699588477366254,2+1
2,0,0.11693121693121694,"(3, 3, 5)",131,0.10699588477366254,2+1
0,1,0.08518518518518518,"(3, 4, 0)",132,0.07901234567901234,1+1+1
0,2,0.06666666666666667,"(3, 4, 0)",132,0.07901234567901234,1+1+1
0,0,0.0851851851851852,"(3, 4, 0)",132,0.07901234567901234,1+1+1
1,2,0.08518518518518518,"(3, 4, 0)",132,0.07901234567901234,1+1+1
1,0,0.06666666666666667,"(3, 4, 0)",132,0.07901234567901234,1+1+1
1,1,0.0851851851851852,"(3, 4, 0)",132,0.07901234567901234,1+1+1
2,0,0.08518518518518518,"(3, 4, 0)",132,0.07901234567901234,1+1+1
2,1,0.06666666666666667,"(3, 4, 0)",132,0.07901234567901234,1+1+1
2,2,0.08518518518518518,"(3, 4, 0)",132,0.07901234567901234,1+1+1
0,1,0.1037037037037037,"(3, 4, 1)",133,0.08065843621399177,1+1+1
0,2,0.07222222222222223,"(3, 4, 1)",133,0.08065843621399177,1+1+1
0,0,0.09629629629629631,"(3, 4, 1)",133,0.08065843621399177,1+1+1
1,2,0.05555555555555556,"(3, 4, 1)",133,0.08065843621399177,1+1+1
1,0,0.0851851851851852,"(3, 4, 1)",133,0.08065843621399177,1+1+1
1,1,0.07962962962962962,"(3, 4, 1)",133,0.08065843621399177,1+1+1
2,0,0.07407407407407407,"(3, 4, 1)",133,0.08065843621399177,1+1+1
2,2,0.07962962962962962,"(3, 4, 1)",133,0.08065843621399177,1+1+1
2,1,0.07962962962962962,"(3, 4, 1)",133,0.08065843621399177,1+1+1
0,1,0.07962962962962962,"(3, 4, 2)",134,0.08065843621399177,1+1+1
0,2,0.08518518518518518,"(3, 4, 2)",134,0.08065843621399177,1+1+1
0,0,0.05555555555555556,"(3, 4, 2)",134,0.08065843621399177,1+1+1
1,2,0.0962962962962963,"(3, 4, 2)",134,0.08065843621399177,1+1+1
1,0,0.07222222222222223,"(3, 4, 2)",134,0.08065843621399177,1+1+1
1,1,0.1037037037037037,"(3, 4, 2)",134,0.08065843621399177,1+1+1
2,1,0.07962962962962962,"(3, 4, 2)",134,0.08065843621399177,1+1+1
2,0,0.07962962962962962,"(3, 4, 2)",134,0.08065843621399177,1+1+1
2,2,0.07407407407407407,"(3, 4, 2)",134,0.08065843621399177,1+1+1
0,1,0.07851851851851852,"(3, 4, 3)",135,0.09283950617283951,2+1
0,2,0.10370370370370371,"(3, 4, 3)",135,0.09283950617283951,2+1
0,0,0.0651851851851852,"(3, 4, 3)",135,0.09283950617283951,2+1
1,2,0.0962962962962963,"(3, 4, 3)",135,0.09283950617283951,2+1
1,0,0.10370370370370371,"(3, 4, 3)",135,0.09283950617283951,2+1
1,1,0.14074074074074075,"(3, 4, 3)",135,0.09283950617283951,2+1
2,1,0.07851851851851852,"(3, 4, 3)",135,0.09283950617283951,2+1
2,2,0.1037037037037037,"(3, 4, 3)",135,0.09283950617283951,2+1
2,0,0.06518518518518518,"(3, 4, 3)",135,0.09283950617283951,2+1
0,1,0.14074074074074075,"(3, 4, 4)",136,0.0928395061728395,2+1
0,2,0.10370370370370367,"(3, 4, 4)",136,0.0928395061728395,2+1
0,0,0.0962962962962963,"(3, 4, 4)",136,0.0928395061728395,2+1
1,2,0.0651851851851852,"(3, 4, 4)",136,0.0928395061728395,2+1
1,0,0.10370370370370371,"(3, 4, 4)",136,0.0928395061728395,2+1
1,1,0.07851851851851852,"(3, 4, 4)",136,0.0928395061728395,2+1
2,2,0.06518518518518518,"(3, 4, 4)",136,0.0928395061728395,2+1
2,0,0.1037037037037037,"(3, 4, 4)",136,0.0928395061728395,2+1
2,1,0.07851851851851852,"(3, 4, 4)",136,0.0928395061728395,2+1
0,1,0.10925925925925926,"(3, 4, 5)",137,0.09218106995884773,1+1+1
0,2,0.10370370370370371,"(3, 4, 5)",137,0.09218106995884773,1+1+1
0,0,0.08148148148148147,"(3, 4, 5)",137,0.09218106995884773,1+1+1
1,2,0.08148148148148149,"(3, 4, 5)",137,0.09218106995884773,1+1+1
1,0,0.1037037037037037,"(3, 4, 5)",137,0.09218106995884773,1+1+1
1,1,0.10925925925925925,"(3, 4, 5)",137,0.09218106995884773,1+1+1
2,2,0.06481481481481481,"(3, 4, 5)",137,0.09218106995884773,1+1+1
2,1,0.11111111111111109,"(3, 4, 5)",137,0.09218106995884773,1+1+1
2,0,0.0648148148148148,"(3, 4, 5)",137,0.09218106995884773,1+1+1
0,1,0.05555555555555556,"(3, 5, 0)",138,0.08065843621399177,1+1+1
0,2,0.0851851851851852,"(3, 5, 0)",138,0.08065843621399177,1+1+1
0,0,0.07962962962962962,"(3, 5, 0)",138,0.08065843621399177,1+1+1
1,2,0.07407407407407407,"(3, 5, 0)",138,0.08065843621399177,1+1+1
1,1,0.07962962962962962,"(3, 5, 0)",138,0.08065843621399177,1+1+1
1,0,0.07962962962962962,"(3, 5, 0)",138,0.08065843621399177,1+1+1
2,0,0.1037037037037037,"(3, 5, 0)",138,0.08065843621399177,1+1+1
2,1,0.07222222222222223,"(3, 5, 0)",138,0.08065843621399177,1+1+1
2,2,0.0962962962962963,"(3, 5, 0)",138,0.08065843621399177,1+1+1
0,1,0.07407407407407407,"(3, 5, 1)",139,0.08065843621399177,1+1+1
0,2,0.07962962962962962,"(3, 5, 1)",139,0.08065843621399177,1+1+1
0,0,0.07962962962962963,"(3, 5, 1)",139,0.08065843621399177,1+1+1
1,2,0.05555555555555556,"(3, 5, 1)",139,0.08065843621399177,1+1+1
1,1,0.0851851851851852,"(3, 5, 1)",139,0.08065843621399177,1+1+1
1,0,0.07962962962962962,"(3, 5, 1)",139,0.08065843621399177,1+1+1
2,0,0.1037037037037037,"(3, 5, 1)",139,0.08065843621399177,1+1+1
2,2,0.07222222222222223,"(3, 5, 1)",139,0.08065843621399177,1+1+1
2,1,0.0962962962962963,"(3, 5, 1)",139,0.08065843621399177,1+1+1
0,1,0.06481481481481481,"(3, 5, 2)",140,0.09218106995884773,1+1+1
0,2,0.11111111111111109,"(3, 5, 2)",140,0.09218106995884773,1+1+1
0,0,0.06481481481481483,"(3, 5, 2)",140,0.09218106995884773,1+1+1
1,2,0.10925925925925925,"(3, 5, 2)",140,0.09218106995884773,1+1+1
1,1,0.10370370370370371,"(3, 5, 2)",140,0.09218106995884773,1+1+1
1,0,0.08148148148148147,"(3, 5, 2)",140,0.09218106995884773,1+1+1
2,1,0.08148148148148149,"(3, 5, 2)",140,0.09218106995884773,1+1+1
2,0,0.10370370370370371,"(3, 5, 2)",140,0.09218106995884773,1+1+1
2,2,0.10925925925925925,"(3, 5, 2)",140,0.09218106995884773,1+1+1
0,1,0.07116402116402117,"(3, 5, 3)",141,0.10699588477366255,2+1
0,2,0.14338624338624337,"(3, 5, 3)",141,0.10699588477366255,2+1
0,0,0.08597883597883597,"(3, 5, 3)",141,0.10699588477366255,2+1
1,2,0.091005291005291,"(3, 5, 3)",141,0.10699588477366255,2+1
1,1,0.15396825396825398,"(3, 5, 3)",141,0.10699588477366255,2+1
1,0,0.11693121693121696,"(3, 5, 3)",141,0.10699588477366255,2+1
2,1,0.07116402116402117,"(3, 5, 3)",141,0.10699588477366255,2+1
2,2,0.1433862433862434,"(3, 5, 3)",141,0.10699588477366255,2+1
2,0,0.08597883597883597,"(3, 5, 3)",141,0.10699588477366255,2+1
0,1,0.10925925925925925,"(3, 5, 4)",142,0.09218106995884774,1+1+1
0,2,0.10370370370370371,"(3, 5, 4)",142,0.09218106995884774,1+1+1
0,0,0.08148148148148149,"(3, 5, 4)",142,0.09218106995884774,1+1+1
1,2,0.06481481481481481,"(3, 5, 4)",142,0.09218106995884774,1+1+1
1,1,0.11111111111111112,"(3, 5, 4)",142,0.09218106995884774,1+1+1
1,0,0.0648148148148148,"(3, 5, 4)",142,0.09218106995884774,1+1+1
2,2,0.08148148148148149,"(3, 5, 4)",142,0.09218106995884774,1+1+1
2,0,0.10370370370370371,"(3, 5, 4)",142,0.09218106995884774,1+1+1
2,1,0.10925925925925926,"(3, 5, 4)",142,0.09218106995884774,1+1+1
0,1,0.091005291005291,"(3, 5, 5)",143,0.10699588477366255,2+1
0,2,0.15396825396825398,"(3, 5, 5)",143,0.10699588477366255,2+1
0,0,0.11693121693121694,"(3, 5, 5)",143,0.10699588477366255,2+1
1,2,0.07116402116402117,"(3, 5, 5)",143,0.10699588477366255,2+1
1,1,0.14338624338624337,"(3, 5, 5)",143,0.10699588477366255,2+1
1,0,0.08597883597883597,"(3, 5, 5)",143,0.10699588477366255,2+1
2,2,0.07116402116402117,"(3, 5, 5)",143,0.10699588477366255,2+1
2,1,0.1433862433862434,"(3, 5, 5)",143,0.10699588477366255,2+1
2,0,0.08597883597883597,"(3, 5, 5)",143,0.10699588477366255,2+1
0,2,0.14074074074074075,"(4, 0, 0)",144,0.0928395061728395,2+1
0,0,0.10370370370370367,"(4, 0, 0)",144,0.0928395061728395,2+1
0,1,0.0962962962962963,"(4, 0, 0)",144,0.0928395061728395,2+1
1,0,0.0651851851851852,"(4, 0, 0)",144,0.0928395061728395,2+1
1,1,0.10370370370370371,"(4, 0, 0)",144,0.0928395061728395,2+1
1,2,0.07851851851851852,"(4, 0, 0)",144,0.0928395061728395,2+1
2,0,0.06518518518518518,"(4, 0, 0)",144,0.0928395061728395,2+1
2,1,0.1037037037037037,"(4, 0, 0)",144,0.0928395061728395,2+1
2,2,0.07851851851851852,"(4, 0, 0)",144,0.0928395061728395,2+1
0,2,0.10925925925925926,"(4, 0, 1)",145,0.09218106995884773,1+1+1
0,0,0.10370370370370371,"(4, 0, 1)",145,0.09218106995884773,1+1+1
0,1,0.08148148148148147,"(4, 0, 1)",145,0.09218106995884773,1+1+1
1,0,0.08148148148148149,"(4, 0, 1)",145,0.09218106995884773,1+1+1
1,1,0.1037037037037037,"(4, 0, 1)",145,0.09218106995884773,1+1+1
1,2,0.10925925925925925,"(4, 0, 1)",145,0.09218106995884773,1+1+1
2,0,0.06481481481481481,"(4, 0, 1)",145,0.09218106995884773,1+1+1
2,2,0.11111111111111109,"(4, 0, 1)",145,0.09218106995884773,1+1+1
2,1,0.0648148148148148,"(4, 0, 1)",145,0.09218106995884773,1+1+1
0,2,0.1037037037037037,"(4, 0, 2)",146,0.08065843621399177,1+1+1
0,0,0.07222222222222223,"(4, 0, 2)",146,0.08065843621399177,1+1+1
0,1,0.09629629629629631,"(4, 0, 2)",146,0.08065843621399177,1+1+1
1,0,0.05555555555555556,"(4, 0, 2)",146,0.08065843621399177,1+1+1
1,1,0.0851851851851852,"(4, 0, 2)",146,0.08065843621399177,1+1+1
1,2,0.07962962962962962,"(4, 0, 2)",146,0.08065843621399177,1+1+1
2,1,0.07407407407407407,"(4, 0, 2)",146,0.08065843621399177,1+1+1
2,0,0.07962962962962962,"(4, 0, 2)",146,0.08065843621399177,1+1+1
2,2,0.07962962962962962,"(4, 0, 2)",146,0.08065843621399177,1+1+1
0,2,0.08518518518518518,"(4, 0, 3)",147,0.07901234567901234,1+1+1
0,0,0.06666666666666667,"(4, 0, 3)",147,0.07901234567901234,1+1+1
0,1,0.0851851851851852,"(4, 0, 3)",147,0.07901234567901234,1+1+1
1,0,0.08518518518518518,"(4, 0, 3)",147,0.07901234567901234,1+1+1
1,1,0.06666666666666667,"(4, 0, 3)",147,0.07901234567901234,1+1+1
1,2,0.0851851851851852,"(4, 0, 3)",147,0.07901234567901234,1+1+1
2,1,0.08518518518518518,"(4, 0, 3)",147,0.07901234567901234,1+1+1
2,2,0.06666666666666667,"(4, 0, 3)",147,0.07901234567901234,1+1+1
2,0,0.08518518518518518,"(4, 0, 3)",147,0.07901234567901234,1+1+1
0,2,0.07851851851851852,"(4, 0, 4)",148,0.09283950617283951,2+1
0,0,0.10370370370370371,"(4, 0, 4)",148,0.09283950617283951,2+1
0,1,0.0651851851851852,"(4, 0, 4)",148,0.09283950617283951,2+1
1,0,0.0962962962962963,"(4, 0, 4)",148,0.09283950617283951,2+1
1,1,0.10370370370370371,"(4, 0, 4)",148,0.09283950617283951,2+1
1,2,0.14074074074074075,"(4, 0, 4)",148,0.09283950617283951,2+1
2,2,0.07851851851851852,"(4, 0, 4)",148,0.09283950617283951,2+1
2,0,0.1037037037037037,"(4, 0, 4)",148,0.09283950617283951,2+1
2,1,0.06518518518518518,"(4, 0, 4)",148,0.09283950617283951,2+1
0,2,0.07962962962962962,"(4, 0, 5)",149,0.08065843621399177,1+1+1
0,0,0.08518518518518518,"(4, 0, 5)",149,0.08065843621399177,1+1+1
0,1,0.05555555555555556,"(4, 0, 5)",149,0.08065843621399177,1+1+1
1,0,0.0962962962962963,"(4, 0, 5)",149,0.08065843621399177,1+1+1
1,1,0.07222222222222223,"(4, 0, 5)",149,0.08065843621399177,1+1+1
1,2,0.1037037037037037,"(4, 0, 5)",149,0.08065843621399177,1+1+1
2,2,0.07962962962962962,"(4, 0, 5)",149,0.08065843621399177,1+1+1
2,1,0.07962962962962962,"(4, 0, 5)",149,0.08065843621399177,1+1+1
2,0,0.07407407407407407,"(4, 0, 5)",149,0.08065843621399177,1+1+1
0,2,0.10925925925925925,"(4, 1, 0)",150,0.09218106995884774,1+1+1
0,0,0.10370370370370371,"(4, 1, 0)",150,0.09218106995884774,1+1+1
0,1,0.08148148148148149,"(4, 1, 0)",150,0.09218106995884774,1+1+1
1,0,0.06481481481481481,"(4, 1, 0)",150,0.09218106995884774,1+1+1
1,2,0.11111111111111112,"(4, 1, 0)",150,0.09218106995884774,1+1+1
1,1,0.0648148148148148,"(4, 1, 0)",150,0.09218106995884774,1+1+1
2,0,0.08148148148148149,"(4, 1, 0)",150,0.09218106995884774,1+1+1
2,1,0.10370370370370371,"(4, 1, 0)",150,0.09218106995884774,1+1+1
2,2,0.10925925925925926,"(4, 1, 0)",150,0.09218106995884774,1+1+1
0,2,0.091005291005291,"(4, 1, 1)",151,0.10699588477366255,2+1
0,0,0.15396825396825398,"(4, 1, 1)",151,0.10699588477366255,2+1
0,1,0.11693121693121694,"(4, 1, 1)",151,0.10699588477366255,2+1
1,0,0.07116402116402117,"(4, 1, 1)",151,0.10699588477366255,2+1
1,2,0.14338624338624337,"(4, 1, 1)",151,0.10699588477366255,2+1
1,1,0.08597883597883597,"(4, 1, 1)",151,0.10699588477366255,2+1
2,0,0.07116402116402117,"(4, 1, 1)",151,0.10699588477366255,2+1
2,2,0.1433862433862434,"(4, 1, 1)",151,0.10699588477366255,2+1
2,1,0.08597883597883597,"(4, 1, 1)",151,0.10699588477366255,2+1
0,2,0.07407407407407407,"(4, 1, 2)",152,0.08065843621399177,1+1+1
0,0,0.07962962962962962,"(4, 1, 2)",152,0.08065843621399177,1+1+1
0,1,0.07962962962962963,"(4, 1, 2)",152,0.08065843621399177,1+1+1
1,0,0.05555555555555556,"(4, 1, 2)",152,0.08065843621399177,1+1+1
1,2,0.0851851851851852,"(4, 1, 2)",152,0.08065843621399177,1+1+1
1,1,0.07962962962962962,"(4, 1, 2)",152,0.08065843621399177,1+1+1
2,1,0.1037037037037037,"(4, 1, 2)",152,0.08065843621399177,1+1+1
2,0,0.07222222222222223,"(4, 1, 2)",152,0.08065843621399177,1+1+1
2,2,0.0962962962962963,"(4, 1, 2)",152,0.08065843621399177,1+1+1
0,2,0.05555555555555556,"(4, 1, 3)",153,0.08065843621399177,1+1+1
0,0,0.0851851851851852,"(4, 1, 3)",153,0.08065843621399177,1+1+1
0,1,0.07962962962962962,"(4, 1, 3)",153,0.08065843621399177,1+1+1
1,0,0.07407407407407407,"(4, 1, 3)",153,0.08065843621399177,1+1+1
1,2,0.07962962962962962,"(4, 1, 3)",153,0.08065843621399177,1+1+1
1,1,0.07962962962962962,"(4, 1, 3)",153,0.08065843621399177,1+1+1
2,1,0.1037037037037037,"(4, 1, 3)",153,0.08065843621399177,1+1+1
2,2,0.07222222222222223,"(4, 1, 3)",153,0.08065843621399177,1+1+1
2,0,0.0962962962962963,"(4, 1, 3)",153,0.08065843621399177,1+1+1
0,2,0.07116402116402117,"(4, 1, 4)",154,0.10699588477366255,2+1
0,0,0.14338624338624337,"(4, 1, 4)",154,0.10699588477366255,2+1
0,1,0.08597883597883597,"(4, 1, 4)",154,0.10699588477366255,2+1
1,0,0.091005291005291,"(4, 1, 4)",154,0.10699588477366255,2+1
1,2,0.15396825396825398,"(4, 1, 4)",154,0.10699588477366255,2+1
1,1,0.11693121693121696,"(4, 1, 4)",154,0.10699588477366255,2+1
2,2,0.07116402116402117,"(4, 1, 4)",154,0.10699588477366255,2+1
2,0,0.1433862433862434,"(4, 1, 4)",154,0.10699588477366255,2+1
2,1,0.08597883597883597,"(4, 1, 4)",154,0.10699588477366255,2+1
0,2,0.06481481481481481,"(4, 1, 5)",155,0.09218106995884773,1+1+1
0,0,0.11111111111111109,"(4, 1, 5)",155,0.09218106995884773,1+1+1
0,1,0.06481481481481483,"(4, 1, 5)",155,0.09218106995884773,1+1+1
1,0,0.10925925925925925,"(4, 1, 5)",155,0.09218106995884773,1+1+1
1,2,0.10370370370370371,"(4, 1, 5)",155,0.09218106995884773,1+1+1
1,1,0.08148148148148147,"(4, 1, 5)",155,0.09218106995884773,1+1+1
2,2,0.08148148148148149,"(4, 1, 5)",155,0.09218106995884773,1+1+1
2,1,0.10370370370370371,"(4, 1, 5)",155,0.09218106995884773,1+1+1
2,0,0.10925925925925925,"(4, 1, 5)",155,0.09218106995884773,1+1+1
0,2,0.1037037037037037,"(4, 2, 0)",156,0.08065843621399177,1+1+1
0,0,0.07222222222222223,"(4, 2, 0)",156,0.08065843621399177,1+1+1
0,1,0.09629629629629631,"(4, 2, 0)",156,0.08065843621399177,1+1+1
1,1,0.07407407407407407,"(4, 2, 0)",156,0.08065843621399177,1+1+1
1,0,0.07962962962962962,"(4, 2, 0)",156,0.08065843621399177,1+1+1
1,2,0.07962962962962962,"(4, 2, 0)",156,0.08065843621399177,1+1+1
2,0,0.05555555555555556,"(4, 2, 0)",156,0.08065843621399177,1+1+1
2,1,0.08518518518518518,"(4, 2, 0)",156,0.08065843621399177,1+1+1
2,2,0.07962962962962962,"(4, 2, 0)",156,0.08065843621399177,1+1+1
0,2,0.07407407407407407,"(4, 2, 1)",157,0.08065843621399177,1+1+1
0,0,0.07962962962962962,"(4, 2, 1)",157,0.08065843621399177,1+1+1
0,1,0.07962962962962963,"(4, 2, 1)",157,0.08065843621399177,1+1+1
1,1,0.1037037037037037,"(4, 2, 1)",157,0.08065843621399177,1+1+1
1,0,0.07222222222222223,"(4, 2, 1)",157,0.08065843621399177,1+1+1
1,2,0.0962962962962963,"(4, 2, 1)",157,0.08065843621399177,1+1+1
2,0,0.05555555555555556,"(4, 2, 1)",157,0.08065843621399177,1+1+1
2,2,0.08518518518518518,"(4, 2, 1)",157,0.08065843621399177,1+1+1
2,1,0.07962962962962962,"(4, 2, 1)",157,0.08065843621399177,1+1+1
0,2,0.1088888888888889,"(4, 2, 2)",158,0.07950617283950619,2+1
0,0,0.06666666666666667,"(4, 2, 2)",158,0.07950617283950619,2+1
0,1,0.1088888888888889,"(4, 2, 2)",158,0.07950617283950619,2+1
1,1,0.06555555555555556,"(4, 2, 2)",158,0.07950617283950619,2+1
1,0,0.08444444444444445,"(4, 2, 2)",158,0.07950617283950619,2+1
1,2,0.06555555555555556,"(4, 2, 2)",158,0.07950617283950619,2+1
2,1,0.06555555555555556,"(4, 2, 2)",158,0.07950617283950619,2+1
2,0,0.08444444444444445,"(4, 2, 2)",158,0.07950617283950619,2+1
2,2,0.06555555555555556,"(4, 2, 2)",158,0.07950617283950619,2+1
0,2,0.0962962962962963,"(4, 2, 3)",159,0.08065843621399177,1+1+1
0,0,0.07222222222222223,"(4, 2, 3)",159,0.08065843621399177,1+1+1
0,1,0.1037037037037037,"(4, 2, 3)",159,0.08065843621399177,1+1+1
1,1,0.07962962962962962,"(4, 2, 3)",159,0.08065843621399177,1+1+1
1,0,0.07962962962962962,"(4, 2, 3)",159,0.08065843621399177,1+1+1
1,2,0.07407407407407407,"(4, 2, 3)",159,0.08065843621399177,1+1+1
2,1,0.07962962962962962,"(4, 2, 3)",159,0.08065843621399177,1+1+1
2,2,0.08518518518518518,"(4, 2, 3)",159,0.08065843621399177,1+1+1
2,0,0.05555555555555556,"(4, 2, 3)",159,0.08065843621399177,1+1+1
0,2,0.06555555555555556,"(4, 2, 4)",160,0.07950617283950619,2+1
0,0,0.08444444444444445,"(4, 2, 4)",160,0.07950617283950619,2+1
0,1,0.06555555555555556,"(4, 2, 4)",160,0.07950617283950619,2+1
1,1,0.1088888888888889,"(4, 2, 4)",160,0.07950617283950619,2+1
1,0,0.06666666666666667,"(4, 2, 4)",160,0.07950617283950619,2+1
1,2,0.1088888888888889,"(4, 2, 4)",160,0.07950617283950619,2+1
2,2,0.06555555555555556,"(4, 2, 4)",160,0.07950617283950619,2+1
2,0,0.08444444444444445,"(4, 2, 4)",160,0.07950617283950619,2+1
2,1,0.06555555555555556,"(4, 2, 4)",160,0.07950617283950619,2+1
0,2,0.07962962962962962,"(4, 2, 5)",161,0.08065843621399177,1+1+1
0,0,0.07962962962962962,"(4, 2, 5)",161,0.08065843621399177,1+1+1
0,1,0.07407407407407407,"(4, 2, 5)",161,0.08065843621399177,1+1+1
1,1,0.0962962962962963,"(4, 2, 5)",161,0.08065843621399177,1+1+1
1,0,0.07222222222222223,"(4, 2, 5)",161,0.08065843621399177,1+1+1
1,2,0.1037037037037037,"(4, 2, 5)",161,0.08065843621399177,1+1+1
2,2,0.07962962962962962,"(4, 2, 5)",161,0.08065843621399177,1+1+1
2,1,0.08518518518518518,"(4, 2, 5)",161,0.08065843621399177,1+1+1
2,0,0.05555555555555556,"(4, 2, 5)",161,0.08065843621399177,1+1+1
0,2,0.08518518518518518,"(4, 3, 0)",162,0.07901234567901236,1+1+1
0,0,0.06666666666666667,"(4, 3, 0)",162,0.07901234567901236,1+1+1
0,1,0.0851851851851852,"(4, 3, 0)",162,0.07901234567901236,1+1+1
1,1,0.08518518518518518,"(4, 3, 0)",162,0.07901234567901236,1+1+1
1,2,0.06666666666666667,"(4, 3, 0)",162,0.07901234567901236,1+1+1
1,0,0.08518518518518518,"(4, 3, 0)",162,0.07901234567901236,1+1+1
2,0,0.08518518518518518,"(4, 3, 0)",162,0.07901234567901236,1+1+1
2,1,0.06666666666666667,"(4, 3, 0)",162,0.07901234567901236,1+1+1
2,2,0.0851851851851852,"(4, 3, 0)",162,0.07901234567901236,1+1+1
0,2,0.05555555555555556,"(4, 3, 1)",163,0.08065843621399177,1+1+1
0,0,0.0851851851851852,"(4, 3, 1)",163,0.08065843621399177,1+1+1
0,1,0.07962962962962962,"(4, 3, 1)",163,0.08065843621399177,1+1+1
1,1,0.1037037037037037,"(4, 3, 1)",163,0.08065843621399177,1+1+1
1,2,0.07222222222222223,"(4, 3, 1)",163,0.08065843621399177,1+1+1
1,0,0.0962962962962963,"(4, 3, 1)",163,0.08065843621399177,1+1+1
2,0,0.07407407407407407,"(4, 3, 1)",163,0.08065843621399177,1+1+1
2,2,0.07962962962962962,"(4, 3, 1)",163,0.08065843621399177,1+1+1
2,1,0.07962962962962962,"(4, 3, 1)",163,0.08065843621399177,1+1+1
0,2,0.0962962962962963,"(4, 3, 2)",164,0.08065843621399177,1+1+1
0,0,0.07222222222222223,"(4, 3, 2)",164,0.08065843621399177,1+1+1
0,1,0.1037037037037037,"(4, 3, 2)",164,0.08065843621399177,1+1+1
1,1,0.07962962962962962,"(4, 3, 2)",164,0.08065843621399177,1+1+1
1,2,0.08518518518518518,"(4, 3, 2)",164,0.08065843621399177,1+1+1
1,0,0.05555555555555556,"(4, 3, 2)",164,0.08065843621399177,1+1+1
2,1,0.07962962962962962,"(4, 3, 2)",164,0.08065843621399177,1+1+1
2,0,0.07962962962962962,"(4, 3, 2)",164,0.08065843621399177,1+1+1
2,2,0.07407407407407407,"(4, 3, 2)",164,0.08065843621399177,1+1+1
0,2,0.0962962962962963,"(4, 3, 3)",165,0.09283950617283951,2+1
0,0,0.1037037037037037,"(4, 3, 3)",165,0.09283950617283951,2+1
0,1,0.14074074074074075,"(4, 3, 3)",165,0.09283950617283951,2+1
1,1,0.07851851851851852,"(4, 3, 3)",165,0.09283950617283951,2+1
1,2,0.10370370370370371,"(4, 3, 3)",165,0.09283950617283951,2+1
1,0,0.0651851851851852,"(4, 3, 3)",165,0.09283950617283951,2+1
2,1,0.07851851851851852,"(4, 3, 3)",165,0.09283950617283951,2+1
2,2,0.1037037037037037,"(4, 3, 3)",165,0.09283950617283951,2+1
2,0,0.06518518518518518,"(4, 3, 3)",165,0.09283950617283951,2+1
0,2,0.0651851851851852,"(4, 3, 4)",166,0.0928395061728395,2+1
0,0,0.1037037037037037,"(4, 3, 4)",166,0.0928395061728395,2+1
0,1,0.07851851851851852,"(4, 3, 4)",166,0.0928395061728395,2+1
1,1,0.14074074074074075,"(4, 3, 4)",166,0.0928395061728395,2+1
1,2,0.1037037037037037,"(4, 3, 4)",166,0.0928395061728395,2+1
1,0,0.0962962962962963,"(4, 3, 4)",166,0.0928395061728395,2+1
2,2,0.06518518518518518,"(4, 3, 4)",166,0.0928395061728395,2+1
2,0,0.1037037037037037,"(4, 3, 4)",166,0.0928395061728395,2+1
2,1,0.07851851851851852,"(4, 3, 4)",166,0.0928395061728395,2+1
0,2,0.08148148148148147,"(4, 3, 5)",167,0.09218106995884773,1+1+1
0,0,0.1037037037037037,"(4, 3, 5)",167,0.09218106995884773,1+1+1
0,1,0.10925925925925925,"(4, 3, 5)",167,0.09218106995884773,1+1+1
1,1,0.10925925925925926,"(4, 3, 5)",167,0.09218106995884773,1+1+1
1,2,0.10370370370370371,"(4, 3, 5)",167,0.09218106995884773,1+1+1
1,0,0.08148148148148147,"(4, 3, 5)",167,0.09218106995884773,1+1+1
2,2,0.06481481481481481,"(4, 3, 5)",167,0.09218106995884773,1+1+1
2,1,0.11111111111111109,"(4, 3, 5)",167,0.09218106995884773,1+1+1
2,0,0.0648148148148148,"(4, 3, 5)",167,0.09218106995884773,1+1+1
0,2,0.07851851851851852,"(4, 4, 0)",168,0.0928395061728395,2+1
0,0,0.1037037037037037,"(4, 4, 0)",168,0.0928395061728395,2+1
0,1,0.0651851851851852,"(4, 4, 0)",168,0.0928395061728395,2+1
1,2,0.07851851851851852,"(4, 4, 0)",168,0.0928395061728395,2+1
1,0,0.1037037037037037,"(4, 4, 0)",168,0.0928395061728395,2+1
1,1,0.06518518518518518,"(4, 4, 0)",168,0.0928395061728395,2+1
2,0,0.09629629629629631,"(4, 4, 0)",168,0.0928395061728395,2+1
2,1,0.1037037037037037,"(4, 4, 0)",168,0.0928395061728395,2+1
2,2,0.14074074074074075,"(4, 4, 0)",168,0.0928395061728395,2+1
0,2,0.07116402116402117,"(4, 4, 1)",169,0.10699588477366254,2+1
0,0,0.14338624338624337,"(4, 4, 1)",169,0.10699588477366254,2+1
0,1,0.08597883597883597,"(4, 4, 1)",169,0.10699588477366254,2+1
1,2,0.07116402116402117,"(4, 4, 1)",169,0.10699588477366254,2+1
1,0,0.14338624338624337,"(4, 4, 1)",169,0.10699588477366254,2+1
1,1,0.08597883597883597,"(4, 4, 1)",169,0.10699588477366254,2+1
2,0,0.091005291005291,"(4, 4, 1)",169,0.10699588477366254,2+1
2,2,0.15396825396825398,"(4, 4, 1)",169,0.10699588477366254,2+1
2,1,0.11693121693121694,"(4, 4, 1)",169,0.10699588477366254,2+1
0,2,0.06555555555555556,"(4, 4, 2)",170,0.07950617283950617,2+1
0,0,0.08444444444444445,"(4, 4, 2)",170,0.07950617283950617,2+1
0,1,0.06555555555555556,"(4, 4, 2)",170,0.07950617283950617,2+1
1,2,0.06555555555555556,"(4, 4, 2)",170,0.07950617283950617,2+1
1,0,0.08444444444444445,"(4, 4, 2)",170,0.07950617283950617,2+1
1,1,0.06555555555555556,"(4, 4, 2)",170,0.07950617283950617,2+1
2,1,0.1088888888888889,"(4, 4, 2)",170,0.07950617283950617,2+1
2,0,0.06666666666666667,"(4, 4, 2)",170,0.07950617283950617,2+1
2,2,0.1088888888888889,"(4, 4, 2)",170,0.07950617283950617,2+1
0,2,0.0651851851851852,"(4, 4, 3)",171,0.09283950617283951,2+1
0,0,0.1037037037037037,"(4, 4, 3)",171,0.09283950617283951,2+1
0,1,0.07851851851851852,"(4, 4, 3)",171,0.09283950617283951,2+1
1,2,0.0651851851851852,"(4, 4, 3)",171,0.09283950617283951,2+1
1,0,0.1037037037037037,"(4, 4, 3)",171,0.09283950617283951,2+1
1,1,0.07851851851851852,"(4, 4, 3)",171,0.09283950617283951,2+1
2,1,0.14074074074074075,"(4, 4, 3)",171,0.09283950617283951,2+1
2,2,0.1037037037037037,"(4, 4, 3)",171,0.09283950617283951,2+1
2,0,0.0962962962962963,"(4, 4, 3)",171,0.09283950617283951,2+1
0,2,0.08888888888888888,"(4, 4, 4)",172,0.1185185185185185,3
0,0,0.17777777777777776,"(4, 4, 4)",172,0.1185185185185185,3
0,1,0.08888888888888888,"(4, 4, 4)",172,0.1185185185185185,3
1,2,0.08888888888888888,"(4, 4, 4)",172,0.1185185185185185,3
1,0,0.17777777777777776,"(4, 4, 4)",172,0.1185185185185185,3
1,1,0.08888888888888888,"(4, 4, 4)",172,0.1185185185185185,3
2,2,0.08888888888888888,"(4, 4, 4)",172,0.1185185185185185,3
2,0,0.17777777777777776,"(4, 4, 4)",172,0.1185185185185185,3
2,1,0.08888888888888888,"(4, 4, 4)",172,0.1185185185185185,3
0,2,0.08597883597883597,"(4, 4, 5)",173,0.10699588477366256,2+1
0,0,0.1433862433862434,"(4, 4, 5)",173,0.10699588477366256,2+1
0,1,0.07116402116402117,"(4, 4, 5)",173,0.10699588477366256,2+1
1,2,0.08597883597883597,"(4, 4, 5)",173,0.10699588477366256,2+1
1,0,0.1433862433862434,"(4, 4, 5)",173,0.10699588477366256,2+1
1,1,0.07116402116402117,"(4, 4, 5)",173,0.10699588477366256,2+1
2,2,0.11693121693121696,"(4, 4, 5)",173,0.10699588477366256,2+1
2,1,0.15396825396825398,"(4, 4, 5)",173,0.10699588477366256,2+1
2,0,0.09100529100529102,"(4, 4, 5)",173,0.10699588477366256,2+1
0,2,0.07962962962962962,"(4, 5, 0)",174,0.08065843621399177,1+1+1
0,0,0.08518518518518518,"(4, 5, 0)",174,0.08065843621399177,1+1+1
0,1,0.05555555555555556,"(4, 5, 0)",174,0.08065843621399177,1+1+1
1,2,0.07962962962962962,"(4, 5, 0)",174,0.08065843621399177,1+1+1
1,1,0.07962962962962962,"(4, 5, 0)",174,0.08065843621399177,1+1+1
1,0,0.07407407407407407,"(4, 5, 0)",174,0.08065843621399177,1+1+1
2,0,0.0962962962962963,"(4, 5, 0)",174,0.08065843621399177,1+1+1
2,1,0.07222222222222223,"(4, 5, 0)",174,0.08065843621399177,1+1+1
2,2,0.1037037037037037,"(4, 5, 0)",174,0.08065843621399177,1+1+1
0,2,0.06481481481481481,"(4, 5, 1)",175,0.09218106995884773,1+1+1
0,0,0.11111111111111109,"(4, 5, 1)",175,0.09218106995884773,1+1+1
0,1,0.06481481481481483,"(4, 5, 1)",175,0.09218106995884773,1+1+1
1,2,0.08148148148148149,"(4, 5, 1)",175,0.09218106995884773,1+1+1
1,1,0.1037037037037037,"(4, 5, 1)",175,0.09218106995884773,1+1+1
1,0,0.10925925925925925,"(4, 5, 1)",175,0.09218106995884773,1+1+1
2,0,0.10925925925925926,"(4, 5, 1)",175,0.09218106995884773,1+1+1
2,2,0.10370370370370371,"(4, 5, 1)",175,0.09218106995884773,1+1+1
2,1,0.08148148148148147,"(4, 5, 1)",175,0.09218106995884773,1+1+1
0,2,0.07962962962962962,"(4, 5, 2)",176,0.08065843621399177,1+1+1
0,0,0.07962962962962962,"(4, 5, 2)",176,0.08065843621399177,1+1+1
0,1,0.07407407407407407,"(4, 5, 2)",176,0.08065843621399177,1+1+1
1,2,0.07962962962962962,"(4, 5, 2)",176,0.08065843621399177,1+1+1
1,1,0.08518518518518518,"(4, 5, 2)",176,0.08065843621399177,1+1+1
1,0,0.05555555555555556,"(4, 5, 2)",176,0.08065843621399177,1+1+1
2,1,0.0962962962962963,"(4, 5, 2)",176,0.08065843621399177,1+1+1
2,0,0.07222222222222223,"(4, 5, 2)",176,0.08065843621399177,1+1+1
2,2,0.1037037037037037,"(4, 5, 2)",176,0.08065843621399177,1+1+1
0,2,0.08148148148148147,"(4, 5, 3)",177,0.09218106995884773,1+1+1
0,0,0.1037037037037037,"(4, 5, 3)",177,0.09218106995884773,1+1+1
0,1,0.10925925925925925,"(4, 5, 3)",177,0.09218106995884773,1+1+1
1,2,0.0648148148148148,"(4, 5, 3)",177,0.09218106995884773,1+1+1
1,1,0.11111111111111112,"(4, 5, 3)",177,0.09218106995884773,1+1+1
1,0,0.0648148148148148,"(4, 5, 3)",177,0.09218106995884773,1+1+1
2,1,0.10925925925925925,"(4, 5, 3)",177,0.09218106995884773,1+1+1
2,2,0.10370370370370371,"(4, 5, 3)",177,0.09218106995884773,1+1+1
2,0,0.08148148148148147,"(4, 5, 3)",177,0.09218106995884773,1+1+1
0,2,0.08597883597883597,"(4, 5, 4)",178,0.10699588477366256,2+1
0,0,0.1433862433862434,"(4, 5, 4)",178,0.10699588477366256,2+1
0,1,0.07116402116402117,"(4, 5, 4)",178,0.10699588477366256,2+1
1,2,0.11693121693121694,"(4, 5, 4)",178,0.10699588477366256,2+1
1,1,0.15396825396825398,"(4, 5, 4)",178,0.10699588477366256,2+1
1,0,0.091005291005291,"(4, 5, 4)",178,0.10699588477366256,2+1
2,2,0.08597883597883599,"(4, 5, 4)",178,0.10699588477366256,2+1
2,0,0.14338624338624337,"(4, 5, 4)",178,0.10699588477366256,2+1
2,1,0.07116402116402117,"(4, 5, 4)",178,0.10699588477366256,2+1
0,2,0.11693121693121694,"(4, 5, 5)",179,0.10699588477366256,2+1
0,0,0.153968253968254,"(4, 5, 5)",179,0.10699588477366256,2+1
0,1,0.091005291005291,"(4, 5, 5)",179,0.10699588477366256,2+1
1,2,0.08597883597883599,"(4, 5, 5)",179,0.10699588477366256,2+1
1,1,0.1433862433862434,"(4, 5, 5)",179,0.10699588477366256,2+1
1,0,0.07116402116402117,"(4, 5, 5)",179,0.10699588477366256,2+1
2,2,0.08597883597883599,"(4, 5, 5)",179,0.10699588477366256,2+1
2,1,0.14338624338624337,"(4, 5, 5)",179,0.10699588477366256,2+1
2,0,0.07116402116402117,"(4, 5, 5)",179,0.10699588477366256,2+1
0,2,0.1088888888888889,"(5, 0, 0)",180,0.07950617283950619,2+1
0,1,0.06666666666666667,"(5, 0, 0)",180,0.07950617283950619,2+1
0,0,0.1088888888888889,"(5, 0, 0)",180,0.07950617283950619,2+1
1,0,0.06555555555555556,"(5, 0, 0)",180,0.07950617283950619,2+1
1,1,0.08444444444444445,"(5, 0, 0)",180,0.07950617283950619,2+1
1,2,0.06555555555555556,"(5, 0, 0)",180,0.07950617283950619,2+1
2,0,0.06555555555555556,"(5, 0, 0)",180,0.07950617283950619,2+1
2,1,0.08444444444444445,"(5, 0, 0)",180,0.07950617283950619,2+1
2,2,0.06555555555555556,"(5, 0, 0)",180,0.07950617283950619,2+1
0,2,0.0962962962962963,"(5, 0, 1)",181,0.08065843621399177,1+1+1
0,1,0.07222222222222223,"(5, 0, 1)",181,0.08065843621399177,1+1+1
0,0,0.1037037037037037,"(5, 0, 1)",181,0.08065843621399177,1+1+1
1,0,0.07962962962962962,"(5, 0, 1)",181,0.08065843621399177,1+1+1
1,1,0.07962962962962962,"(5, 0, 1)",181,0.08065843621399177,1+1+1
1,2,0.07407407407407407,"(5, 0, 1)",181,0.08065843621399177,1+1+1
2,0,0.07962962962962962,"(5, 0, 1)",181,0.08065843621399177,1+1+1
2,2,0.08518518518518518,"(5, 0, 1)",181,0.08065843621399177,1+1+1
2,1,0.05555555555555556,"(5, 0, 1)",181,0.08065843621399177,1+1+1
0,2,0.1037037037037037,"(5, 0, 2)",182,0.08065843621399177,1+1+1
0,1,0.07222222222222223,"(5, 0, 2)",182,0.08065843621399177,1+1+1
0,0,0.09629629629629631,"(5, 0, 2)",182,0.08065843621399177,1+1+1
1,0,0.07407407407407407,"(5, 0, 2)",182,0.08065843621399177,1+1+1
1,1,0.07962962962962962,"(5, 0, 2)",182,0.08065843621399177,1+1+1
1,2,0.07962962962962962,"(5, 0, 2)",182,0.08065843621399177,1+1+1
2,1,0.05555555555555556,"(5, 0, 2)",182,0.08065843621399177,1+1+1
2,0,0.08518518518518518,"(5, 0, 2)",182,0.08065843621399177,1+1+1
2,2,0.07962962962962962,"(5, 0, 2)",182,0.08065843621399177,1+1+1
0,2,0.07407407407407407,"(5, 0, 3)",183,0.08065843621399177,1+1+1
0,1,0.07962962962962962,"(5, 0, 3)",183,0.08065843621399177,1+1+1
0,0,0.07962962962962963,"(5, 0, 3)",183,0.08065843621399177,1+1+1
1,0,0.1037037037037037,"(5, 0, 3)",183,0.08065843621399177,1+1+1
1,1,0.07222222222222223,"(5, 0, 3)",183,0.08065843621399177,1+1+1
1,2,0.0962962962962963,"(5, 0, 3)",183,0.08065843621399177,1+1+1
2,1,0.05555555555555556,"(5, 0, 3)",183,0.08065843621399177,1+1+1
2,2,0.08518518518518518,"(5, 0, 3)",183,0.08065843621399177,1+1+1
2,0,0.07962962962962962,"(5, 0, 3)",183,0.08065843621399177,1+1+1
0,2,0.07962962962962962,"(5, 0, 4)",184,0.08065843621399177,1+1+1
0,1,0.07962962962962962,"(5, 0, 4)",184,0.08065843621399177,1+1+1
0,0,0.07407407407407407,"(5, 0, 4)",184,0.08065843621399177,1+1+1
1,0,0.0962962962962963,"(5, 0, 4)",184,0.08065843621399177,1+1+1
1,1,0.07222222222222223,"(5, 0, 4)",184,0.08065843621399177,1+1+1
1,2,0.1037037037037037,"(5, 0, 4)",184,0.08065843621399177,1+1+1
2,2,0.07962962962962962,"(5, 0, 4)",184,0.08065843621399177,1+1+1
2,0,0.08518518518518518,"(5, 0, 4)",184,0.08065843621399177,1+1+1
2,1,0.05555555555555556,"(5, 0, 4)",184,0.08065843621399177,1+1+1
0,2,0.06555555555555556,"(5, 0, 5)",185,0.07950617283950619,2+1
0,1,0.08444444444444445,"(5, 0, 5)",185,0.07950617283950619,2+1
0,0,0.06555555555555556,"(5, 0, 5)",185,0.07950617283950619,2+1
1,0,0.1088888888888889,"(5, 0, 5)",185,0.07950617283950619,2+1
1,1,0.06666666666666667,"(5, 0, 5)",185,0.07950617283950619,2+1
1,2,0.1088888888888889,"(5, 0, 5)",185,0.07950617283950619,2+1
2,2,0.06555555555555556,"(5, 0, 5)",185,0.07950617283950619,2+1
2,1,0.08444444444444445,"(5, 0, 5)",185,0.07950617283950619,2+1
2,0,0.06555555555555556,"(5, 0, 5)",185,0.07950617283950619,2+1
0,2,0.0962962962962963,"(5, 1, 0)",186,0.08065843621399177,1+1+1
0,1,0.07222222222222223,"(5, 1, 0)",186,0.08065843621399177,1+1+1
0,0,0.1037037037037037,"(5, 1, 0)",186,0.08065843621399177,1+1+1
1,0,0.07962962962962962,"(5, 1, 0)",186,0.08065843621399177,1+1+1
1,2,0.08518518518518518,"(5, 1, 0)",186,0.08065843621399177,1+1+1
1,1,0.05555555555555556,"(5, 1, 0)",186,0.08065843621399177,1+1+1
2,0,0.07962962962962962,"(5, 1, 0)",186,0.08065843621399177,1+1+1
2,1,0.07962962962962962,"(5, 1, 0)",186,0.08065843621399177,1+1+1
2,2,0.07407407407407407,"(5, 1, 0)",186,0.08065843621399177,1+1+1
0,2,0.0962962962962963,"(5, 1, 1)",187,0.09283950617283951,2+1
0,1,0.1037037037037037,"(5, 1, 1)",187,0.09283950617283951,2+1
0,0,0.14074074074074075,"(5, 1, 1)",187,0.09283950617283951,2+1
1,0,0.07851851851851852,"(5, 1, 1)",187,0.09283950617283951,2+1
1,2,0.10370370370370371,"(5, 1, 1)",187,0.09283950617283951,2+1
1,1,0.0651851851851852,"(5, 1, 1)",187,0.09283950617283951,2+1
2,0,0.07851851851851852,"(5, 1, 1)",187,0.09283950617283951,2+1
2,2,0.1037037037037037,"(5, 1, 1)",187,0.09283950617283951,2+1
2,1,0.06518518518518518,"(5, 1, 1)",187,0.09283950617283951,2+1
0,2,0.08518518518518518,"(5, 1, 2)",188,0.07901234567901236,1+1+1
0,1,0.06666666666666667,"(5, 1, 2)",188,0.07901234567901236,1+1+1
0,0,0.0851851851851852,"(5, 1, 2)",188,0.07901234567901236,1+1+1
1,0,0.08518518518518518,"(5, 1, 2)",188,0.07901234567901236,1+1+1
1,2,0.06666666666666667,"(5, 1, 2)",188,0.07901234567901236,1+1+1
1,1,0.08518518518518518,"(5, 1, 2)",188,0.07901234567901236,1+1+1
2,1,0.08518518518518518,"(5, 1, 2)",188,0.07901234567901236,1+1+1
2,0,0.06666666666666667,"(5, 1, 2)",188,0.07901234567901236,1+1+1
2,2,0.0851851851851852,"(5, 1, 2)",188,0.07901234567901236,1+1+1
0,2,0.05555555555555556,"(5, 1, 3)",189,0.08065843621399177,1+1+1
0,1,0.0851851851851852,"(5, 1, 3)",189,0.08065843621399177,1+1+1
0,0,0.07962962962962962,"(5, 1, 3)",189,0.08065843621399177,1+1+1
1,0,0.1037037037037037,"(5, 1, 3)",189,0.08065843621399177,1+1+1
1,2,0.07222222222222223,"(5, 1, 3)",189,0.08065843621399177,1+1+1
1,1,0.0962962962962963,"(5, 1, 3)",189,0.08065843621399177,1+1+1
2,1,0.07407407407407407,"(5, 1, 3)",189,0.08065843621399177,1+1+1
2,2,0.07962962962962962,"(5, 1, 3)",189,0.08065843621399177,1+1+1
2,0,0.07962962962962962,"(5, 1, 3)",189,0.08065843621399177,1+1+1
0,2,0.08148148148148147,"(5, 1, 4)",190,0.09218106995884773,1+1+1
0,1,0.1037037037037037,"(5, 1, 4)",190,0.09218106995884773,1+1+1
0,0,0.10925925925925925,"(5, 1, 4)",190,0.09218106995884773,1+1+1
1,0,0.10925925925925926,"(5, 1, 4)",190,0.09218106995884773,1+1+1
1,2,0.10370370370370371,"(5, 1, 4)",190,0.09218106995884773,1+1+1
1,1,0.08148148148148147,"(5, 1, 4)",190,0.09218106995884773,1+1+1
2,2,0.06481481481481481,"(5, 1, 4)",190,0.09218106995884773,1+1+1
2,0,0.11111111111111109,"(5, 1, 4)",190,0.09218106995884773,1+1+1
2,1,0.0648148148148148,"(5, 1, 4)",190,0.09218106995884773,1+1+1
0,2,0.0651851851851852,"(5, 1, 5)",191,0.0928395061728395,2+1
0,1,0.1037037037037037,"(5, 1, 5)",191,0.0928395061728395,2+1
0,0,0.07851851851851852,"(5, 1, 5)",191,0.0928395061728395,2+1
1,0,0.14074074074074075,"(5, 1, 5)",191,0.0928395061728395,2+1
1,2,0.1037037037037037,"(5, 1, 5)",191,0.0928395061728395,2+1
1,1,0.0962962962962963,"(5, 1, 5)",191,0.0928395061728395,2+1
2,2,0.06518518518518518,"(5, 1, 5)",191,0.0928395061728395,2+1
2,1,0.1037037037037037,"(5, 1, 5)",191,0.0928395061728395,2+1
2,0,0.07851851851851852,"(5, 1, 5)",191,0.0928395061728395,2+1
0,2,0.1037037037037037,"(5, 2, 0)",192,0.08065843621399177,1+1+1
0,1,0.07222222222222223,"(5, 2, 0)",192,0.08065843621399177,1+1+1
0,0,0.09629629629629631,"(5, 2, 0)",192,0.08065843621399177,1+1+1
1,1,0.05555555555555556,"(5, 2, 0)",192,0.08065843621399177,1+1+1
1,0,0.0851851851851852,"(5, 2, 0)",192,0.08065843621399177,1+1+1
1,2,0.07962962962962962,"(5, 2, 0)",192,0.08065843621399177,1+1+1
2,0,0.07407407407407407,"(5, 2, 0)",192,0.08065843621399177,1+1+1
2,1,0.07962962962962962,"(5, 2, 0)",192,0.08065843621399177,1+1+1
2,2,0.07962962962962962,"(5, 2, 0)",192,0.08065843621399177,1+1+1
0,2,0.08518518518518518,"(5, 2, 1)",193,0.07901234567901234,1+1+1
0,1,0.06666666666666667,"(5, 2, 1)",193,0.07901234567901234,1+1+1
0,0,0.0851851851851852,"(5, 2, 1)",193,0.07901234567901234,1+1+1
1,1,0.08518518518518518,"(5, 2, 1)",193,0.07901234567901234,1+1+1
1,0,0.06666666666666667,"(5, 2, 1)",193,0.07901234567901234,1+1+1
1,2,0.0851851851851852,"(5, 2, 1)",193,0.07901234567901234,1+1+1
2,0,0.08518518518518518,"(5, 2, 1)",193,0.07901234567901234,1+1+1
2,2,0.06666666666666667,"(5, 2, 1)",193,0.07901234567901234,1+1+1
2,1,0.08518518518518518,"(5, 2, 1)",193,0.07901234567901234,1+1+1
0,2,0.14074074074074075,"(5, 2, 2)",194,0.0928395061728395,2+1
0,1,0.10370370370370367,"(5, 2, 2)",194,0.0928395061728395,2+1
0,0,0.0962962962962963,"(5, 2, 2)",194,0.0928395061728395,2+1
1,1,0.0651851851851852,"(5, 2, 2)",194,0.0928395061728395,2+1
1,0,0.10370370370370371,"(5, 2, 2)",194,0.0928395061728395,2+1
1,2,0.07851851851851852,"(5, 2, 2)",194,0.0928395061728395,2+1
2,1,0.06518518518518518,"(5, 2, 2)",194,0.0928395061728395,2+1
2,0,0.1037037037037037,"(5, 2, 2)",194,0.0928395061728395,2+1
2,2,0.07851851851851852,"(5, 2, 2)",194,0.0928395061728395,2+1
0,2,0.10925925925925926,"(5, 2, 3)",195,0.09218106995884773,1+1+1
0,1,0.10370370370370371,"(5, 2, 3)",195,0.09218106995884773,1+1+1
0,0,0.08148148148148147,"(5, 2, 3)",195,0.09218106995884773,1+1+1
1,1,0.08148148148148149,"(5, 2, 3)",195,0.09218106995884773,1+1+1
1,0,0.1037037037037037,"(5, 2, 3)",195,0.09218106995884773,1+1+1
1,2,0.10925925925925925,"(5, 2, 3)",195,0.09218106995884773,1+1+1
2,1,0.06481481481481481,"(5, 2, 3)",195,0.09218106995884773,1+1+1
2,2,0.11111111111111109,"(5, 2, 3)",195,0.09218106995884773,1+1+1
2,0,0.0648148148148148,"(5, 2, 3)",195,0.09218106995884773,1+1+1
0,2,0.07962962962962962,"(5, 2, 4)",196,0.08065843621399177,1+1+1
0,1,0.08518518518518518,"(5, 2, 4)",196,0.08065843621399177,1+1+1
0,0,0.05555555555555556,"(5, 2, 4)",196,0.08065843621399177,1+1+1
1,1,0.0962962962962963,"(5, 2, 4)",196,0.08065843621399177,1+1+1
1,0,0.07222222222222223,"(5, 2, 4)",196,0.08065843621399177,1+1+1
1,2,0.1037037037037037,"(5, 2, 4)",196,0.08065843621399177,1+1+1
2,2,0.07962962962962962,"(5, 2, 4)",196,0.08065843621399177,1+1+1
2,0,0.07962962962962962,"(5, 2, 4)",196,0.08065843621399177,1+1+1
2,1,0.07407407407407407,"(5, 2, 4)",196,0.08065843621399177,1+1+1
0,2,0.07851851851851852,"(5, 2, 5)",197,0.09283950617283951,2+1
0,1,0.10370370370370371,"(5, 2, 5)",197,0.09283950617283951,2+1
0,0,0.0651851851851852,"(5, 2, 5)",197,0.09283950617283951,2+1
1,1,0.0962962962962963,"(5, 2, 5)",197,0.09283950617283951,2+1
1,0,0.10370370370370371,"(5, 2, 5)",197,0.09283950617283951,2+1
1,2,0.14074074074074075,"(5, 2, 5)",197,0.09283950617283951,2+1
2,2,0.07851851851851852,"(5, 2, 5)",197,0.09283950617283951,2+1
2,1,0.1037037037037037,"(5, 2, 5)",197,0.09283950617283951,2+1
2,0,0.06518518518518518,"(5, 2, 5)",197,0.09283950617283951,2+1
0,2,0.07407407407407407,"(5, 3, 0)",198,0.08065843621399177,1+1+1
0,1,0.07962962962962962,"(5, 3, 0)",198,0.08065843621399177,1+1+1
0,0,0.07962962962962963,"(5, 3, 0)",198,0.08065843621399177,1+1+1
1,1,0.05555555555555556,"(5, 3, 0)",198,0.08065843621399177,1+1+1
1,2,0.0851851851851852,"(5, 3, 0)",198,0.08065843621399177,1+1+1
1,0,0.07962962962962962,"(5, 3, 0)",198,0.08065843621399177,1+1+1
2,0,0.1037037037037037,"(5, 3, 0)",198,0.08065843621399177,1+1+1
2,1,0.07222222222222223,"(5, 3, 0)",198,0.08065843621399177,1+1+1
2,2,0.0962962962962963,"(5, 3, 0)",198,0.08065843621399177,1+1+1
0,2,0.05555555555555556,"(5, 3, 1)",199,0.08065843621399177,1+1+1
0,1,0.0851851851851852,"(5, 3, 1)",199,0.08065843621399177,1+1+1
0,0,0.07962962962962962,"(5, 3, 1)",199,0.08065843621399177,1+1+1
1,1,0.07407407407407407,"(5, 3, 1)",199,0.08065843621399177,1+1+1
1,2,0.07962962962962962,"(5, 3, 1)",199,0.08065843621399177,1+1+1
1,0,0.07962962962962962,"(5, 3, 1)",199,0.08065843621399177,1+1+1
2,0,0.1037037037037037,"(5, 3, 1)",199,0.08065843621399177,1+1+1
2,2,0.07222222222222223,"(5, 3, 1)",199,0.08065843621399177,1+1+1
2,1,0.0962962962962963,"(5, 3, 1)",199,0.08065843621399177,1+1+1
0,2,0.10925925925925925,"(5, 3, 2)",200,0.09218106995884774,1+1+1
0,1,0.10370370370370371,"(5, 3, 2)",200,0.09218106995884774,1+1+1
0,0,0.08148148148148149,"(5, 3, 2)",200,0.09218106995884774,1+1+1
1,1,0.06481481481481481,"(5, 3, 2)",200,0.09218106995884774,1+1+1
1,2,0.11111111111111112,"(5, 3, 2)",200,0.09218106995884774,1+1+1
1,0,0.0648148148148148,"(5, 3, 2)",200,0.09218106995884774,1+1+1
2,1,0.08148148148148149,"(5, 3, 2)",200,0.09218106995884774,1+1+1
2,0,0.10370370370370371,"(5, 3, 2)",200,0.09218106995884774,1+1+1
2,2,0.10925925925925926,"(5, 3, 2)",200,0.09218106995884774,1+1+1
0,2,0.091005291005291,"(5, 3, 3)",201,0.10699588477366255,2+1
0,1,0.15396825396825398,"(5, 3, 3)",201,0.10699588477366255,2+1
0,0,0.11693121693121694,"(5, 3, 3)",201,0.10699588477366255,2+1
1,1,0.07116402116402117,"(5, 3, 3)",201,0.10699588477366255,2+1
1,2,0.14338624338624337,"(5, 3, 3)",201,0.10699588477366255,2+1
1,0,0.08597883597883597,"(5, 3, 3)",201,0.10699588477366255,2+1
2,1,0.07116402116402117,"(5, 3, 3)",201,0.10699588477366255,2+1
2,2,0.1433862433862434,"(5, 3, 3)",201,0.10699588477366255,2+1
2,0,0.08597883597883597,"(5, 3, 3)",201,0.10699588477366255,2+1
0,2,0.06481481481481481,"(5, 3, 4)",202,0.09218106995884773,1+1+1
0,1,0.11111111111111109,"(5, 3, 4)",202,0.09218106995884773,1+1+1
0,0,0.06481481481481483,"(5, 3, 4)",202,0.09218106995884773,1+1+1
1,1,0.10925925925925925,"(5, 3, 4)",202,0.09218106995884773,1+1+1
1,2,0.10370370370370371,"(5, 3, 4)",202,0.09218106995884773,1+1+1
1,0,0.08148148148148147,"(5, 3, 4)",202,0.09218106995884773,1+1+1
2,2,0.08148148148148149,"(5, 3, 4)",202,0.09218106995884773,1+1+1
2,0,0.10370370370370371,"(5, 3, 4)",202,0.09218106995884773,1+1+1
2,1,0.10925925925925925,"(5, 3, 4)",202,0.09218106995884773,1+1+1
0,2,0.07116402116402117,"(5, 3, 5)",203,0.10699588477366255,2+1
0,1,0.14338624338624337,"(5, 3, 5)",203,0.10699588477366255,2+1
0,0,0.08597883597883597,"(5, 3, 5)",203,0.10699588477366255,2+1
1,1,0.091005291005291,"(5, 3, 5)",203,0.10699588477366255,2+1
1,2,0.15396825396825398,"(5, 3, 5)",203,0.10699588477366255,2+1
1,0,0.11693121693121696,"(5, 3, 5)",203,0.10699588477366255,2+1
2,2,0.07116402116402117,"(5, 3, 5)",203,0.10699588477366255,2+1
2,1,0.1433862433862434,"(5, 3, 5)",203,0.10699588477366255,2+1
2,0,0.08597883597883597,"(5, 3, 5)",203,0.10699588477366255,2+1
0,2,0.07962962962962962,"(5, 4, 0)",204,0.08065843621399177,1+1+1
0,1,0.07962962962962962,"(5, 4, 0)",204,0.08065843621399177,1+1+1
0,0,0.07407407407407407,"(5, 4, 0)",204,0.08065843621399177,1+1+1
1,2,0.07962962962962962,"(5, 4, 0)",204,0.08065843621399177,1+1+1
1,0,0.08518518518518518,"(5, 4, 0)",204,0.08065843621399177,1+1+1
1,1,0.05555555555555556,"(5, 4, 0)",204,0.08065843621399177,1+1+1
2,0,0.0962962962962963,"(5, 4, 0)",204,0.08065843621399177,1+1+1
2,1,0.07222222222222223,"(5, 4, 0)",204,0.08065843621399177,1+1+1
2,2,0.1037037037037037,"(5, 4, 0)",204,0.08065843621399177,1+1+1
0,2,0.08148148148148147,"(5, 4, 1)",205,0.09218106995884773,1+1+1
0,1,0.1037037037037037,"(5, 4, 1)",205,0.09218106995884773,1+1+1
0,0,0.10925925925925925,"(5, 4, 1)",205,0.09218106995884773,1+1+1
1,2,0.0648148148148148,"(5, 4, 1)",205,0.09218106995884773,1+1+1
1,0,0.11111111111111112,"(5, 4, 1)",205,0.09218106995884773,1+1+1
1,1,0.0648148148148148,"(5, 4, 1)",205,0.09218106995884773,1+1+1
2,0,0.10925925925925925,"(5, 4, 1)",205,0.09218106995884773,1+1+1
2,2,0.10370370370370371,"(5, 4, 1)",205,0.09218106995884773,1+1+1
2,1,0.08148148148148147,"(5, 4, 1)",205,0.09218106995884773,1+1+1
0,2,0.07962962962962962,"(5, 4, 2)",206,0.08065843621399177,1+1+1
0,1,0.08518518518518518,"(5, 4, 2)",206,0.08065843621399177,1+1+1
0,0,0.05555555555555556,"(5, 4, 2)",206,0.08065843621399177,1+1+1
1,2,0.07962962962962962,"(5, 4, 2)",206,0.08065843621399177,1+1+1
1,0,0.07962962962962962,"(5, 4, 2)",206,0.08065843621399177,1+1+1
1,1,0.07407407407407407,"(5, 4, 2)",206,0.08065843621399177,1+1+1
2,1,0.0962962962962963,"(5, 4, 2)",206,0.08065843621399177,1+1+1
2,0,0.07222222222222223,"(5, 4, 2)",206,0.08065843621399177,1+1+1
2,2,0.1037037037037037,"(5, 4, 2)",206,0.08065843621399177,1+1+1
0,2,0.06481481481481481,"(5, 4, 3)",207,0.09218106995884773,1+1+1
0,1,0.11111111111111109,"(5, 4, 3)",207,0.09218106995884773,1+1+1
0,0,0.06481481481481483,"(5, 4, 3)",207,0.09218106995884773,1+1+1
1,2,0.08148148148148149,"(5, 4, 3)",207,0.09218106995884773,1+1+1
1,0,0.1037037037037037,"(5, 4, 3)",207,0.09218106995884773,1+1+1
1,1,0.10925925925925925,"(5, 4, 3)",207,0.09218106995884773,1+1+1
2,1,0.10925925925925926,"(5, 4, 3)",207,0.09218106995884773,1+1+1
2,2,0.10370370370370371,"(5, 4, 3)",207,0.09218106995884773,1+1+1
2,0,0.08148148148148147,"(5, 4, 3)",207,0.09218106995884773,1+1+1
0,2,0.11693121693121694,"(5, 4, 4)",208,0.10699588477366256,2+1
0,1,0.153968253968254,"(5, 4, 4)",208,0.10699588477366256,2+1
0,0,0.091005291005291,"(5, 4, 4)",208,0.10699588477366256,2+1
1,2,0.08597883597883599,"(5, 4, 4)",208,0.10699588477366256,2+1
1,0,0.1433862433862434,"(5, 4, 4)",208,0.10699588477366256,2+1
1,1,0.07116402116402117,"(5, 4, 4)",208,0.10699588477366256,2+1
2,2,0.08597883597883599,"(5, 4, 4)",208,0.10699588477366256,2+1
2,0,0.14338624338624337,"(5, 4, 4)",208,0.10699588477366256,2+1
2,1,0.07116402116402117,"(5, 4, 4)",208,0.10699588477366256,2+1
0,2,0.08597883597883597,"(5, 4, 5)",209,0.10699588477366256,2+1
0,1,0.1433862433862434,"(5, 4, 5)",209,0.10699588477366256,2+1
0,0,0.07116402116402117,"(5, 4, 5)",209,0.10699588477366256,2+1
1,2,0.11693121693121694,"(5, 4, 5)",209,0.10699588477366256,2+1
1,0,0.15396825396825398,"(5, 4, 5)",209,0.10699588477366256,2+1
1,1,0.091005291005291,"(5, 4, 5)",209,0.10699588477366256,2+1
2,2,0.08597883597883599,"(5, 4, 5)",209,0.10699588477366256,2+1
2,1,0.14338624338624337,"(5, 4, 5)",209,0.10699588477366256,2+1
2,0,0.07116402116402117,"(5, 4, 5)",209,0.10699588477366256,2+1
0,2,0.06555555555555556,"(5, 5, 0)",210,0.07950617283950617,2+1
0,1,0.08444444444444445,"(5, 5, 0)",210,0.07950617283950617,2+1
0,0,0.06555555555555556,"(5, 5, 0)",210,0.07950617283950617,2+1
1,2,0.06555555555555556,"(5, 5, 0)",210,0.07950617283950617,2+1
1,1,0.08444444444444445,"(5, 5, 0)",210,0.07950617283950617,2+1
1,0,0.06555555555555556,"(5, 5, 0)",210,0.07950617283950617,2+1
2,0,0.1088888888888889,"(5, 5, 0)",210,0.07950617283950617,2+1
2,1,0.06666666666666667,"(5, 5, 0)",210,0.07950617283950617,2+1
2,2,0.1088888888888889,"(5, 5, 0)",210,0.07950617283950617,2+1
0,2,0.0651851851851852,"(5, 5, 1)",211,0.09283950617283951,2+1
0,1,0.1037037037037037,"(5, 5, 1)",211,0.09283950617283951,2+1
0,0,0.07851851851851852,"(5, 5, 1)",211,0.09283950617283951,2+1
1,2,0.0651851851851852,"(5, 5, 1)",211,0.09283950617283951,2+1
1,1,0.1037037037037037,"(5, 5, 1)",211,0.09283950617283951,2+1
1,0,0.07851851851851852,"(5, 5, 1)",211,0.09283950617283951,2+1
2,0,0.14074074074074075,"(5, 5, 1)",211,0.09283950617283951,2+1
2,2,0.1037037037037037,"(5, 5, 1)",211,0.09283950617283951,2+1
2,1,0.0962962962962963,"(5, 5, 1)",211,0.09283950617283951,2+1
0,2,0.07851851851851852,"(5, 5, 2)",212,0.0928395061728395,2+1
0,1,0.1037037037037037,"(5, 5, 2)",212,0.0928395061728395,2+1
0,0,0.0651851851851852,"(5, 5, 2)",212,0.0928395061728395,2+1
1,2,0.07851851851851852,"(5, 5, 2)",212,0.0928395061728395,2+1
1,1,0.1037037037037037,"(5, 5, 2)",212,0.0928395061728395,2+1
1,0,0.06518518518518518,"(5, 5, 2)",212,0.0928395061728395,2+1
2,1,0.09629629629629631,"(5, 5, 2)",212,0.0928395061728395,2+1
2,0,0.1037037037037037,"(5, 5, 2)",212,0.0928395061728395,2+1
2,2,0.14074074074074075,"(5, 5, 2)",212,0.0928395061728395,2+1
0,2,0.07116402116402117,"(5, 5, 3)",213,0.10699588477366254,2+1
0,1,0.14338624338624337,"(5, 5, 3)",213,0.10699588477366254,2+1
0,0,0.08597883597883597,"(5, 5, 3)",213,0.10699588477366254,2+1
1,2,0.07116402116402117,"(5, 5, 3)",213,0.10699588477366254,2+1
1,1,0.14338624338624337,"(5, 5, 3)",213,0.10699588477366254,2+1
1,0,0.08597883597883597,"(5, 5, 3)",213,0.10699588477366254,2+1
2,1,0.091005291005291,"(5, 5, 3)",213,0.10699588477366254,2+1
2,2,0.15396825396825398,"(5, 5, 3)",213,0.10699588477366254,2+1
2,0,0.11693121693121694,"(5, 5, 3)",213,0.10699588477366254,2+1
0,2,0.08597883597883597,"(5, 5, 4)",214,0.10699588477366256,2+1
0,1,0.1433862433862434,"(5, 5, 4)",214,0.10699588477366256,2+1
0,0,0.07116402116402117,"(5, 5, 4)",214,0.10699588477366256,2+1
1,2,0.08597883597883597,"(5, 5, 4)",214,0.10699588477366256,2+1
1,1,0.1433862433862434,"(5, 5, 4)",214,0.10699588477366256,2+1
1,0,0.07116402116402117,"(5, 5, 4)",214,0.10699588477366256,2+1
2,2,0.11693121693121696,"(5, 5, 4)",214,0.10699588477366256,2+1
2,0,0.15396825396825398,"(5, 5, 4)",214,0.10699588477366256,2+1
2,1,0.09100529100529102,"(5, 5, 4)",214,0.10699588477366256,2+1
0,2,0.08888888888888888,"(5, 5, 5)",215,0.1185185185185185,3
0,1,0.17777777777777776,"(5, 5, 5)",215,0.1185185185185185,3
0,0,0.08888888888888888,"(5, 5, 5)",215,0.1185185185185185,3
1,2,0.08888888888888888,"(5, 5, 5)",215,0.1185185185185185,3
1,1,0.17777777777777776,"(5, 5, 5)",215,0.1185185185185185,3
1,0,0.08888888888888888,"(5, 5, 5)",215,0.1185185185185185,3
2,2,0.08888888888888888,"(5, 5, 5)",215,0.1185185185185185,3
2,1,0.17777777777777776,"(5, 5, 5)",215,0.1185185185185185,3
2,0,0.08888888888888888,"(5, 5, 5)",215,0.1185185185185185,3
