,n_jobs,n_machines,node_x_col0_min,node_x_col0_max,node_x_col0_mean,node_x_col0_median,node_x_col0_std,node_x_col0_range,node_x_col0_q1,node_x_col0_q3,node_x_col0_gini,node_x_col1_min,node_x_col1_max,node_x_col1_mean,node_x_col1_median,node_x_col1_std,node_x_col1_range,node_x_col1_q1,node_x_col1_q3,node_x_col1_gini,node_x_overall_mean,node_x_overall_std,num_conjunctive_edges,num_disjunctive_edges,num_nodes_total,num_edges_total,disj_graph_density,deg_d_min,deg_d_max,deg_d_mean,deg_d_median,deg_d_std,deg_d_range,deg_d_q1,deg_d_q3,deg_d_gini,clustering_min,clustering_max,clustering_mean,clustering_median,clustering_std,clustering_range,clustering_q1,clustering_q3,clustering_gini,conj_graph_density,deg_c_min,deg_c_max,deg_c_mean,deg_c_median,deg_c_std,deg_c_range,deg_c_q1,deg_c_q3,deg_c_gini,betweenness_min,betweenness_max,betweenness_mean,betweenness_median,betweenness_std,betweenness_range,betweenness_q1,betweenness_q3,betweenness_gini,makespan_min,makespan_range,operation_cost_mean,operation_cost_std,makespan_lb_job_sum,makespan_lb_machine_sum,makespan_lb_meanload,num_op_nodes,jsplib_tag,predict_tag,tag_match,jsplib_optimum,jsplib_LB,jsplib_UB,jsplib_path,jsplib_solveby,complexity_supervised_0_1,n_jobs_shap,n_machines_shap,node_x_col0_max_shap,node_x_col0_mean_shap,node_x_col0_median_shap,node_x_col0_std_shap,node_x_col0_range_shap,node_x_col0_q1_shap,node_x_col0_q3_shap,node_x_col0_gini_shap,node_x_col1_max_shap,node_x_col1_mean_shap,node_x_col1_median_shap,node_x_col1_std_shap,node_x_col1_range_shap,node_x_col1_q1_shap,node_x_col1_q3_shap,node_x_col1_gini_shap,node_x_overall_mean_shap,node_x_overall_std_shap,num_conjunctive_edges_shap,num_disjunctive_edges_shap,num_nodes_total_shap,num_edges_total_shap,disj_graph_density_shap,deg_d_max_shap,deg_d_mean_shap,deg_d_median_shap,deg_d_std_shap,deg_d_range_shap,deg_d_q1_shap,deg_d_q3_shap,deg_d_gini_shap,clustering_max_shap,clustering_mean_shap,clustering_median_shap,clustering_std_shap,clustering_range_shap,clustering_q1_shap,clustering_q3_shap,clustering_gini_shap,conj_graph_density_shap,deg_c_max_shap,deg_c_mean_shap,deg_c_std_shap,deg_c_range_shap,deg_c_q3_shap,deg_c_gini_shap,betweenness_min_shap,betweenness_max_shap,betweenness_mean_shap,betweenness_median_shap,betweenness_std_shap,betweenness_range_shap,betweenness_q1_shap,betweenness_q3_shap,betweenness_gini_shap,makespan_min_shap,makespan_range_shap,operation_cost_mean_shap,operation_cost_std_shap,makespan_lb_job_sum_shap,makespan_lb_machine_sum_shap,makespan_lb_meanload_shap,num_op_nodes_shap
abz5.pt,10,10,0.0,99.0,76.20588235294117,78.5,17.829991386674987,99.0,66.0,91.5,0.1235183125096173,-1.0,9.0,4.392156862745098,4.0,2.944442630917884,10.0,2.0,7.0,0.3790849673202614,40.29901885986328,38.112884521484375,110,900,102,1010,0.087361677344205,0.0,9.0,8.823529411764707,9.0,1.2478354962115543,9.0,9.0,9.0,0.0196078431372548,0.0,1.0,0.9803921568627452,1.0,0.1386483884679505,1.0,1.0,1.0,0.0196078431372548,0.021355076684139,2.0,10.0,2.156862745098039,2.0,1.1091871077436042,8.0,2.0,2.0,0.071301247771836,0.0422970297029703,0.4455445544554455,0.0626286158027567,0.0518019801980198,0.0553389451234287,0.4032475247524753,0.0454653465346534,0.0613069306930693,0.2171328543816779,859,6914,77.7300033569336,14.345629692077637,859.0,868.0,777.3,100,easy,easy,True,1234.0,1234,1234,instances/abz5,CPO in < 1 min,0.0866141085919916,-0.0100326595878732,-0.0004214087732543,0.0001608939281948,0.0020608858484547,-3.952205694882415e-05,8.415011791359299e-05,0.0001031967301603,0.0005612491187893,0.0015206023426918,0.0007687522680199,-0.0003025776254506,-0.0012247047108557,-0.0001528607294608,-0.0006390298878147,-0.0005390315916567,-0.0001379210867501,-0.000377082938058,-0.0016730415055914,0.0014618928919495,0.0004126937837201,-0.0073280433847415,-0.0092618134674462,-0.0054247818981733,-0.0089284623567026,-0.0007322081527268,-0.0133753679136122,-0.0236134142852219,-0.0101244586234313,-9.372472193719136e-05,-0.008847870866179,-0.0106982311498581,-0.0136965463273225,-0.0056422266763071,-1.469081735469828e-07,-0.0060892055976259,-1.892030229017368e-06,-0.0043668611445848,-4.4838764393882986e-08,-7.288687700703769e-08,-4.893540025556103e-06,-0.005375664695517,-0.0042958360297528,-0.0116240714458461,0.0001681158025385,7.570765485924937e-05,-0.0100937486362893,-4.951983676519337e-09,-0.0003112366904144,-0.0117543390479322,-0.0078517450839809,-0.0317664492033456,-0.0159111504699776,-0.0020830892815563,-0.0298815522132379,-0.0115042659345185,-0.0082599431612022,-8.021218784583987e-05,-0.0005713557812906,-0.0080622208594599,0.001046510915379,-0.0005139406292795,-0.0008057634818025,-0.0002397702159146,-0.016054651154206,-0.0058797706888051
abz6.pt,10,10,0.0,98.0,58.294117647058826,59.0,24.36229336386341,98.0,38.0,80.0,0.2394359694769263,-1.0,9.0,4.392156862745098,4.0,2.944442630917884,10.0,2.0,7.0,0.3790849673202614,31.343137741088867,32.05387496948242,110,900,102,1010,0.087361677344205,0.0,9.0,8.823529411764707,9.0,1.2478354962115543,9.0,9.0,9.0,0.0196078431372548,0.0,1.0,0.9803921568627452,1.0,0.1386483884679505,1.0,1.0,1.0,0.0196078431372548,0.021355076684139,2.0,10.0,2.156862745098039,2.0,1.1091871077436042,8.0,2.0,2.0,0.071301247771836,0.0422970297029703,0.4455445544554455,0.0626286158027567,0.0518019801980198,0.0553389451234287,0.4032475247524753,0.0454653465346534,0.0613069306930693,0.2171328543816779,742,5204,59.459999084472656,23.15315055847168,742.0,688.0,594.6,100,easy,easy,True,943.0,943,943,instances/abz6,CPO in < 1 min,0.0530261994607793,-0.0104494247067591,-0.0004623954994718,-0.0002888806834179,0.0013135650393687,-0.0002057676461496,0.0002728711686629,-0.0003159147347562,0.0003327345122074,0.0013691202089566,0.0006764640509358,-0.000372878369193,-0.0012433748061396,-0.0001187017370151,-0.0007092353468886,-0.0004791978089359,-8.639116531542497e-05,-0.000398159810593,-0.0018527116761007,0.0005215394900815,0.0002808861161453,-0.0076425635421762,-0.0094697311635232,-0.0056484500815465,-0.0088990215770966,-0.0006477434252345,-0.0136808830103114,-0.0242659490922499,-0.0104717767392548,-0.0001867090502397,-0.0090494324844317,-0.0114736532571499,-0.0144979095610873,-0.0055815065331949,-3.4391928248336657e-07,-0.0062679217921,-5.850543375588714e-06,-0.0044124975380887,-1.0201733805012789e-07,-7.76706764576605e-08,-5.013046022447175e-06,-0.0054936076349672,-0.0045221494711276,-0.0121596446564087,0.0001852534025652,-2.301619383066516e-05,-0.0105152453688757,-1.242993315446185e-08,-0.0002765758085611,-0.0110697805324637,-0.0076974843005276,-0.0337076233255049,-0.0156550420406779,-0.0021257867869779,-0.0301249048515643,-0.0105684725464795,-0.0078792270249144,-8.362705926367771e-05,-0.0008315180309132,-0.0085465840747003,0.0006730444244914,-0.0002519674480218,-0.0010171076040059,-0.0049127033695822,-0.0345552146517031,-0.0062721600036486
abz7.pt,20,15,0.0,40.0,24.39072847682119,24.0,8.353508609670435,40.0,18.0,31.0,0.1961122609160039,-1.0,14.0,6.947019867549669,7.0,4.354776747754595,15.0,3.0,11.0,0.3598233995584989,15.66887378692627,10.974668502807615,320,5700,302,6020,0.0627048909814965,0.0,19.0,18.874172185430464,19.0,1.541069705724516,19.0,19.0,19.0,0.0066225165562914,0.0,1.0,0.9933774834437086,1.0,0.0811089318802377,1.0,1.0,1.0,0.0066225165562914,0.0070405491628347,2.0,20.0,2.119205298013245,2.0,1.459960773844278,18.0,2.0,2.0,0.0558774834437088,0.022016611295681,0.473421926910299,0.0323986270929132,0.0283953488372093,0.0366073651629418,0.451405315614618,0.0236112956810631,0.0363687707641196,0.2019695527490832,410,6956,24.553333282470703,8.139644622802734,410.0,556.0,491.06666666666666,300,medium,medium,True,656.0,656,656,instances/abz7,OptalCP in < 1h,0.3701168730457122,0.0039736094831553,-0.000165369506201,-0.0002474883105393,0.0001643503418142,0.0007397481240516,0.000768409259244,-0.0001101904935296,6.805547729179297e-05,-0.0005261749954684,0.002264083139254,-0.0001696681814142,-0.0001881774597274,7.26739974936714e-05,0.000140690168056,0.0002092912676312,-0.0002189561315494,-0.0003784713522694,-0.000706139821177,-0.0021399057893702,0.0014809616493442,-0.0085498596816467,-0.0117479364962264,-0.0066713370321692,-0.0117770978576032,-0.0006025065450554,0.0052293992224013,0.0097587502642102,0.004065868027736,-0.0001045103403334,0.0038378042890845,0.0046983858460811,0.0051261058849614,-0.0062254905288398,-8.030494817906345e-08,-0.0072340539520843,-1.5393736833747396e-07,-0.0062761560961835,-6.829467433311165e-09,-6.145215584342125e-09,-2.357689803937229e-07,-0.0074725523972095,-0.0062804315976905,0.0047605882575104,-5.35962907407179e-05,-0.0005583166678671,0.0039296638429064,-3.0681508229265922e-09,0.0001284178523172,0.0054828839527945,0.0022728629813273,0.0125924468373675,0.0059213564733872,-0.0034397581923718,0.0120510108412322,0.004925152846568,0.0024206827535598,5.626241846800952e-05,-0.0015948274478211,-0.0117698393376127,0.000585968343228,0.0003556916982253,-0.0011625702712911,-0.0038994923693718,-0.0255844591791252,-0.0069888284155046
abz8.pt,20,15,0.0,40.0,25.119205298013245,25.0,9.038129057050051,40.0,17.0,33.0,0.2066930543018423,-1.0,14.0,6.947019867549669,7.0,4.354776747754595,15.0,3.0,11.0,0.3598233995584989,16.033113479614258,11.52748966217041,320,5700,302,6020,0.0627048909814965,0.0,19.0,18.874172185430464,19.0,1.541069705724516,19.0,19.0,19.0,0.0066225165562914,0.0,1.0,0.9933774834437086,1.0,0.0811089318802377,1.0,1.0,1.0,0.0066225165562914,0.0070405491628347,2.0,20.0,2.119205298013245,2.0,1.459960773844278,18.0,2.0,2.0,0.0558774834437088,0.022016611295681,0.473421926910299,0.0323986270929132,0.0283953488372093,0.0366073651629418,0.451405315614618,0.0236112956810631,0.0363687707641196,0.2019695527490832,443,7143,25.286666870117188,8.831637382507324,443.0,566.0,505.73333333333335,300,hard,medium,False,667.0,667,667,instances/abz8,OptalCP in 10h,0.3694541740303325,0.0039815193843953,-0.0001688037969485,-0.0002476221382918,0.0002117540927924,0.0008488324254602,0.0008554097446203,-0.0001088630588335,5.521706876290159e-05,-0.0005965155877014,0.0021846058630415,-0.0001687864992271,-0.0002032686382499,7.299702232158854e-05,0.0002138737588514,0.0002106905332548,-0.00021567764461,-0.0003955654586481,-0.0006540694413215,-0.0021637945867589,0.001544940355057,-0.0085222388477612,-0.0117844956297961,-0.0066852569931353,-0.0118441872618562,-0.0005410094957377,0.0052543019079484,0.009725211201975,0.0040880884827336,-0.0001011561242188,0.0038433253466743,0.004712967005061,0.0051248384733585,-0.0063964130786692,-7.987452193163195e-08,-0.0072148785020403,-1.5413406586599438e-07,-0.0062858760129562,-6.998256939590161e-09,-6.262208320517949e-09,-2.357689803937229e-07,-0.0075452083002217,-0.0063523779192232,0.0047922417281585,1.1953048675605712e-05,-0.0005547232849421,0.0039435823208794,-3.0681508229265922e-09,0.0002239801579272,0.0055229882049204,0.0022660396417696,0.012538336046883,0.0059023268242948,-0.0034056035669416,0.0120507884918988,0.0048531029374253,0.002440550098316,7.772686058392927e-05,-0.0019783987618318,-0.0118524353301957,0.0006476769404626,0.0003374085404467,-0.0017642267697299,-0.0036873362785877,-0.0254400963406561,-0.0070840753204763
abz9.pt,20,15,0.0,40.0,24.642384105960264,25.0,8.993628628392589,40.0,17.0,32.0,0.2096326380966451,-1.0,14.0,6.947019867549669,7.0,4.354776747754595,15.0,3.0,11.0,0.3598233995584989,15.79470157623291,11.3228178024292,320,5700,302,6020,0.0627048909814965,0.0,19.0,18.874172185430464,19.0,1.541069705724516,19.0,19.0,19.0,0.0066225165562914,0.0,1.0,0.9933774834437086,1.0,0.0811089318802377,1.0,1.0,1.0,0.0066225165562914,0.0070405491628347,2.0,20.0,2.119205298013245,2.0,1.459960773844278,18.0,2.0,2.0,0.0558774834437088,0.022016611295681,0.473421926910299,0.0323986270929132,0.0283953488372093,0.0366073651629418,0.451405315614618,0.0236112956810631,0.0363687707641196,0.2019695527490832,467,6975,24.80666732788086,8.794843673706055,467.0,563.0,496.1333333333333,300,medium,medium,True,678.0,678,678,instances/abz9,OptalCP in < 1h,0.3694541740303325,0.0039826672591185,-0.000168355168656,-0.0002476183146826,0.0002121180536159,0.0008482225390818,0.0008557255245525,-0.0001103297971403,5.516893118474998e-05,-0.0005966395326442,0.0021845662242119,-0.000168820116209,-0.0002040084126224,7.295886714729725e-05,0.0002137924969834,0.0002108610332633,-0.0002157270963496,-0.000395611938001,-0.0006547399504428,-0.0021638007403259,0.0015450346981583,-0.0085228521911247,-0.0117851377017804,-0.0066850016701215,-0.0118433367861679,-0.000541377993293,0.0052541458582688,0.0097221403110355,0.0040881803218123,-0.0001012916011216,0.0038444236457144,0.0047125903373469,0.0051302172593492,-0.00639623932312,-8.003260754961308e-08,-0.0072158147616019,-1.5413406586599438e-07,-0.0062862259540551,-7.386943124816618e-09,-6.262208320517949e-09,-2.3590264027239813e-07,-0.0075448786022961,-0.0063514966535487,0.0047926073992344,1.1417644541858207e-05,-0.0005551609656831,0.0039436104494097,-3.0681508229265922e-09,0.00022442988965,0.0055244100095879,0.0022695902421756,0.0125395677071745,0.0059025292022191,-0.0034053612540249,0.0120538695035189,0.0048547897773587,0.002440993378573,7.825085663737848e-05,-0.0019785337675943,-0.0118605956212497,0.0006476968866894,0.0003373659989214,-0.0017637717985281,-0.0036861358559019,-0.0254472209176721,-0.0070835433007643
ft06.pt,6,6,0.0,10.0,5.184210526315789,5.0,3.016230334268734,10.0,3.0,8.0,0.3314186481432006,-1.0,5.0,2.3157894736842106,2.0,1.8368345649068576,6.0,1.0,4.0,0.4210526315789473,3.75,2.87971568107605,42,180,38,222,0.1280227596017069,0.0,5.0,4.7368421052631575,5.0,1.1164843913471805,5.0,5.0,5.0,0.0526315789473683,0.0,1.0,0.9473684210526316,1.0,0.223296878269436,1.0,1.0,1.0,0.0526315789473683,0.0597439544807965,2.0,6.0,2.210526315789474,2.0,0.8931875130777441,4.0,2.0,2.0,0.0902255639097744,0.0655655655655655,0.4054054054054054,0.0986249407302038,0.0775775775775775,0.0737645255125429,0.3398398398398398,0.0655655655655655,0.1016016016016015,0.2365890688259113,47,150,5.472222328186035,2.833197116851806,47.0,43.0,32.833333333333336,36,easy,easy,True,55.0,55,55,instances/ft06,CPO in < 1 min,0.015717029631558,-0.011386819876253,-0.0005843983082301,-0.0005279963997292,-0.0004308266558598,0.0001055502824214,0.000303618812287,-0.0005414076914024,-9.304734991248604e-05,-0.0006501988829862,-0.0008789519472704,-0.000480857871313,-0.0009735584249177,-0.0001521677370796,-0.0005039574629019,-0.0006174395408036,-0.0003175018900393,-0.0004106504142434,-0.0015378273545164,-0.0009341151097415,0.0004239953726766,-0.0083932641131049,-0.0102157276920159,-0.0064920035696908,-0.0101506429599194,-0.0006720815055446,-0.0154801538587129,-0.0282604159993348,-0.0115080478402749,-0.0001859739352919,-0.0105070714462138,-0.013372127102994,-0.0160030172878095,-0.0066593574399655,3.247298767909646e-06,-0.0066521992461112,-9.101762924644634e-07,-0.0038516456970618,7.569966479572127e-07,-2.5468250764248586e-07,7.137304286359655e-07,-0.0049340831160489,-0.0057759036191822,-0.0135887438104323,-0.0002440348888752,-0.0007484944465909,-0.0117033004015208,-1.64866822160302e-06,-0.0002704644772369,-0.0108470223523996,-0.0104517531723433,-0.0352632412697336,-0.0146618763650752,-0.0018830244647634,-0.0314883177468815,-0.0101798483073959,-0.0072942494974525,2.018913047397304e-05,-0.0006270129094841,-0.0102784605124327,-9.3833721550982e-05,-5.517813009218243e-06,-0.0007542664490184,-0.0061566515051802,-0.0361522645929407,-0.0071907567114613
ft10.pt,10,10,0.0,99.0,50.088235294117645,48.0,27.796565925991107,99.0,28.25,74.0,0.3196953473109738,-1.0,9.0,4.392156862745098,4.0,2.944442630917884,10.0,2.0,7.0,0.3790849673202614,27.240196228027344,30.210798263549805,110,900,102,1010,0.087361677344205,0.0,9.0,8.823529411764707,9.0,1.2478354962115543,9.0,9.0,9.0,0.0196078431372548,0.0,1.0,0.9803921568627452,1.0,0.1386483884679505,1.0,1.0,1.0,0.0196078431372548,0.021355076684139,2.0,10.0,2.156862745098039,2.0,1.1091871077436042,8.0,2.0,2.0,0.071301247771836,0.0422970297029703,0.4455445544554455,0.0626286158027567,0.0518019801980198,0.0553389451234287,0.4032475247524753,0.0454653465346534,0.0613069306930693,0.2171328543816779,655,4454,51.09000015258789,27.14630508422852,655.0,631.0,510.9,100,easy,easy,True,930.0,930,930,instances/ft10,CPO in < 1 min,0.0464510488995032,-0.0103101855094606,-0.0004409988977038,0.0003531881172168,-0.0003050363064581,9.04908573057366e-05,-2.4576533177593466e-05,0.0003553763790386,-9.24858361023764e-05,-0.0006996724854445,-0.0008545313900068,-0.0003445866922344,-0.0012280726577768,-9.410253119454056e-05,-0.0006698645827889,-0.0004262649020859,-0.0001229846037826,-0.000399707472654,-0.0018307395272189,-0.0012547217841569,-0.000240444475428,-0.0078054006008918,-0.0092562086185225,-0.0057391070765874,-0.008992313562392,-0.000826028854701,-0.0139363241389952,-0.024683679269415,-0.010114295183713,-0.000194741932264,-0.0091758709718205,-0.0118980984009843,-0.0146042679508906,-0.005715428062618,-7.044226680786036e-08,-0.0065339500920694,-1.1096282517257736e-06,-0.0043686981683142,-3.5873057269355976e-08,-5.2726885092207424e-08,-1.7846796696590629e-06,-0.0055588950031796,-0.0045853033986519,-0.0124267954040659,-1.0677231319153778e-05,-7.750731588554239e-05,-0.0106403329976952,-1.232129516957682e-08,-0.000320814251437,-0.0105529861009053,-0.0079737672364979,-0.0327999924653949,-0.0149057439185479,-0.0020782718890339,-0.0293807901525224,-0.0103934266243174,-0.0075935853699564,-0.0001943294498259,-0.0008729090945526,-0.0091736908322787,-0.0001034078355573,0.0006943335279769,-0.0010147268196195,-0.0055755593099659,-0.0342629127815683,-0.0062398060531114
ft20.pt,20,5,0.0,99.0,50.088235294117645,48.0,27.79656592599112,99.0,28.25,74.0,0.3196953473109738,-1.0,4.0,1.9411764705882355,2.0,1.460751414289347,5.0,1.0,3.0,0.411764705882353,26.014705657958984,31.095439910888672,120,1900,102,2020,0.184430207726655,0.0,19.0,18.62745098039216,19.0,2.63431938089106,19.0,19.0,19.0,0.0196078431372548,0.0,1.0,0.9803921568627452,1.0,0.1386483884679505,1.0,1.0,1.0,0.0196078431372548,0.023296447291788,2.0,20.0,2.3529411764705883,2.0,2.4956709924231086,18.0,2.0,2.0,0.1470588235294119,0.0166435643564356,0.4702970297029703,0.032527664531159,0.0202079207920792,0.0621909624883559,0.4536534653465346,0.0202079207920792,0.0309009900990099,0.3565748591289694,387,4722,51.09000015258789,27.14630508422852,387.0,1119.0,1021.8,100,easy,medium,False,1165.0,1165,1165,instances/ft20,CPO in < 1 min,0.3904141270732211,0.0034176774058166,-0.0005811248454609,0.0001080266358632,-0.0004963353458052,-5.645602448792035e-05,0.0001749181666812,5.91116259714746e-05,-0.0002035193859722,-0.0010416517064267,-0.0012221916284654,-0.0001125677667008,-0.000834738196418,0.0002241067990193,0.0010551611667891,-8.953878803627222e-05,-0.0002060834757535,0.0002670478504479,-0.0012276089012719,-0.0008108729637431,-1.3354101900466178e-05,-0.0102232915389742,-0.0120542054184322,-0.0075930306968515,-0.0115861520050246,0.0001065039945059,0.0044501966249288,0.0080787970437399,0.0035951892457591,0.0001810532670655,0.0033875380443234,0.0040890213400075,0.0047310447449126,-0.0069283602177511,-2.539635858270793e-08,-0.0085694657035556,-1.0387924504573385e-07,-0.0068628068256802,-2.781457350488807e-08,-1.2220055473460822e-08,-1.837645499889487e-07,-0.0084098525953899,-0.0070286410871157,0.0040438835240098,0.0009568207529736,0.0006661947821468,0.0033706541920069,-2.93370274873253e-09,0.0009007065282081,0.0062076554319401,-0.0005645921862656,0.0108371657907201,0.0064615838116565,-0.0039729429903161,0.0102059775396108,0.0044656178174264,0.0031529915233228,0.0010041390443411,-0.0009055672555869,-0.0128910212257916,-0.0001403283289837,0.0009357619945896,-0.0012077641405081,-0.0005102916591946,0.0122691544768439,-0.0075252073751943
la01.pt,10,5,0.0,98.0,54.78846153846154,54.5,27.21802042938969,98.0,34.0,77.5,0.2853025353025353,-1.0,4.0,1.8846153846153848,2.0,1.5019710915205104,5.0,1.0,3.0,0.4230769230769231,28.336538314819336,32.72983932495117,60,450,52,510,0.169683257918552,0.0,9.0,8.653846153846153,9.0,1.7307692307692304,9.0,9.0,9.0,0.0384615384615385,0.0,1.0,0.9615384615384616,1.0,0.1923076923076922,1.0,1.0,1.0,0.0384615384615385,0.0452488687782805,2.0,10.0,2.3076923076923075,2.0,1.538461538461538,8.0,2.0,2.0,0.1282051282051282,0.0345882352941176,0.4411764705882353,0.0622926093514328,0.0408627450980392,0.0764729622022114,0.4065882352941176,0.0408627450980392,0.0596862745098039,0.3158875023281806,413,2436,56.97999954223633,25.40825843811035,413.0,666.0,569.8,50,easy,easy,True,666.0,666,666,instances/la01,CPO in < 1 min,0.0347328751513457,-0.011075830074006,-3.0825531399184974e-05,-0.0004632641266542,0.0010143687982234,9.212005136564232e-05,0.0003147143998009,-0.0004711925031296,0.0002605196848758,0.001175896963341,-0.0001761137812973,-7.782456343926803e-05,-0.0007369437430821,-3.387589989738572e-05,-0.0001100258265832,-0.0002648995196021,-0.0001545604049116,-0.0001272241904011,-0.0014767175779117,-0.0015540297397426,-3.1181604715198155e-05,-0.0085586739712198,-0.0102217417565791,-0.0064452935926201,-0.009826211995895,-4.16639709559059e-05,-0.0144282966161836,-0.027321731313629,-0.0111084224615104,0.0001464981563771,-0.0098748980615147,-0.0127383022927572,-0.0155429994956382,-0.0066614486611451,3.0484034390231624e-07,-0.0067111896276893,-8.600311039024726e-07,-0.0044098845975455,1.785338670946354e-07,-1.694053240113851e-07,-8.54867725953252e-07,-0.0053382883521908,-0.005745037652991,-0.0132277513374087,0.0001475607849761,0.0001632681940243,-0.0109727941861024,-1.7811049033791035e-08,0.000121191042001,-0.0110083792076551,-0.0094404518877618,-0.0344100060638142,-0.0128664518954589,-0.0020487430763902,-0.0305908735558686,-0.0104625952905232,-0.0078304262046627,7.896008248357e-05,-0.0006480219908899,-0.0102646202777625,0.0006709621529164,-0.0003125029050541,-0.0009380203251418,-0.005205902446626,-0.0354798131860133,-0.006866165371212
la02.pt,10,5,0.0,99.0,50.82692307692308,49.0,28.30922733087228,99.0,26.5,76.0,0.3200107686486801,-1.0,4.0,1.8846153846153848,2.0,1.5019710915205104,5.0,1.0,3.0,0.4230769230769231,26.355770111083984,31.633390426635746,60,450,52,510,0.169683257918552,0.0,9.0,8.653846153846153,9.0,1.7307692307692304,9.0,9.0,9.0,0.0384615384615385,0.0,1.0,0.9615384615384616,1.0,0.1923076923076922,1.0,1.0,1.0,0.0384615384615385,0.0452488687782805,2.0,10.0,2.3076923076923075,2.0,1.538461538461538,8.0,2.0,2.0,0.1282051282051282,0.0345882352941176,0.4411764705882353,0.0622926093514328,0.0408627450980392,0.0764729622022114,0.4065882352941176,0.0408627450980392,0.0596862745098039,0.3158875023281806,394,2249,52.86000061035156,26.944393157958984,394.0,635.0,528.6,50,easy,easy,True,655.0,655,655,instances/la02,CPO in < 1 min,0.0329241454321542,-0.0111084155305432,-0.0001631802014502,0.0004240148764782,-0.0004982400368778,1.1353235585391243e-05,-2.0273534278475093e-05,0.0005122985822489,-0.0001009453583991,0.0002489702463511,-0.001043306980097,-7.491953836321446e-05,-0.0007641764968761,-8.608264310024716e-05,-0.0001303987459462,-0.0002291438711458,-0.0002077428968113,-0.0001014037066912,-0.0016073161033649,-0.0011645772024607,0.0002853436602817,-0.0086391809298456,-0.0100086576592603,-0.0064696602493403,-0.0098063501594562,-0.0002400534981298,-0.0145388634982433,-0.0274570700529307,-0.0110095882043663,1.2742585832076986e-05,-0.0100450901542569,-0.0128752455205817,-0.0153756097588012,-0.0066924226381734,5.097894209518438e-07,-0.0068686712103862,-6.038611939183624e-07,-0.0042945620084779,1.8251521366599146e-07,1.3532035841367908e-07,-8.647468610286675e-07,-0.0053788025937937,-0.005663237974873,-0.0132211053523654,9.75476127927958e-05,0.0001142542876232,-0.0109419838179163,-2.268925307748602e-08,5.269719859298574e-05,-0.0107063716807879,-0.0093311271234826,-0.0340199076746738,-0.0126525855159718,-0.0020267894317592,-0.0301883163829286,-0.0103308038305634,-0.0075797385099703,2.628183653583996e-05,-0.0006199552398579,-0.0102472652350713,-0.0002907051355405,0.0008272022677796,-0.0009288421566772,-0.0063175307343198,-0.0355575915297683,-0.0069444352737915
la03.pt,10,5,0.0,91.0,45.82692307692308,47.5,26.31519095784656,91.0,22.5,64.5,0.330183350011298,-1.0,4.0,1.8846153846153848,2.0,1.5019710915205104,5.0,1.0,3.0,0.4230769230769231,23.855770111083984,28.811527252197266,60,450,52,510,0.169683257918552,0.0,9.0,8.653846153846153,9.0,1.7307692307692304,9.0,9.0,9.0,0.0384615384615385,0.0,1.0,0.9615384615384616,1.0,0.1923076923076922,1.0,1.0,1.0,0.0384615384615385,0.0452488687782805,2.0,10.0,2.3076923076923075,2.0,1.538461538461538,8.0,2.0,2.0,0.1282051282051282,0.0345882352941176,0.4411764705882353,0.0622926093514328,0.0408627450980392,0.0764729622022114,0.4065882352941176,0.0408627450980392,0.0596862745098039,0.3158875023281806,349,2034,47.65999984741211,25.15600204467773,349.0,588.0,476.6,50,easy,easy,True,597.0,597,597,instances/la03,CPO in < 1 min,0.0336780565611141,-0.0108973626405495,-0.000115302096148,-0.0004432801524701,-0.0004492776951406,3.055270250156443e-06,0.0001958772984565,-0.0004692829476085,-0.0001140356145962,-0.0006004650748988,-0.0009972350423285,-8.053014642363361e-05,-0.0006520917724095,-3.143730110413751e-05,-8.978606567147283e-05,-0.0002129376741326,-0.0002026898941885,-0.0001025406544779,-0.0014350213036674,-0.0009256019252534,0.0003096823685917,-0.0082564052290856,-0.0098472470773754,-0.0062098960396757,-0.0096229153152679,-0.0001270386221982,-0.0144369207934221,-0.0272037771995741,-0.0111366336809137,5.12389939951661e-05,-0.0099253516330962,-0.0128136947363476,-0.0154462482843257,-0.0063569379596658,4.953317451039211e-07,-0.0065884251950024,-9.784490961163165e-07,-0.0041277609090419,5.939942007552021e-07,-4.81459383439885e-08,-5.18476559333168e-07,-0.0051627143651642,-0.0056100137865989,-0.0132050568988469,0.0001065391195246,9.635608156274213e-05,-0.0109615045553258,-2.3173699885105867e-08,8.062367255676282e-05,-0.010843552710394,-0.0093875895961813,-0.0339290494166112,-0.0125798134026711,-0.0020128859908148,-0.0300735459125722,-0.0103491306829161,-0.0076308896049273,4.257605779824933e-05,-0.0005903033814577,-0.0099698246500786,-0.000133338354334,-0.0002757191978917,-0.000903582192523,-0.0063545893837925,-0.0355656162351572,-0.0066309086850881
la04.pt,10,5,0.0,98.0,48.21153846153846,52.5,32.83486452541516,98.0,14.75,77.0,0.3872771624067994,-1.0,4.0,1.8846153846153848,2.0,1.5019710915205104,5.0,1.0,3.0,0.4230769230769231,25.048076629638672,32.81368637084961,60,450,52,510,0.169683257918552,0.0,9.0,8.653846153846153,9.0,1.7307692307692304,9.0,9.0,9.0,0.0384615384615385,0.0,1.0,0.9615384615384616,1.0,0.1923076923076922,1.0,1.0,1.0,0.0384615384615385,0.0452488687782805,2.0,10.0,2.3076923076923075,2.0,1.538461538461538,8.0,2.0,2.0,0.1282051282051282,0.0345882352941176,0.4411764705882353,0.0622926093514328,0.0408627450980392,0.0764729622022114,0.4065882352941176,0.0408627450980392,0.0596862745098039,0.3158875023281806,369,2138,50.13999938964844,32.00875473022461,369.0,537.0,501.4,50,easy,easy,True,590.0,590,590,instances/la04,CPO in < 1 min,0.0312067319168323,-0.011185147611966,-0.0001420331862176,-0.0004465833124552,-0.0004415832774435,9.417318863164405e-06,-9.584090126430551e-05,-0.0005218532936984,-0.0001318883492163,0.0011295601591178,-0.001080808948951,-6.840134955705664e-05,-0.0008231527575694,-7.293094727796226e-05,-0.0001128049969395,-0.000228951857727,-0.0001899793734359,-0.0001147058677086,-0.0016191417792247,-0.00105017554959,-2.209571129014368e-05,-0.0084175937412194,-0.0099915847949582,-0.0063253825915647,-0.0097548126186446,-0.0002549053563034,-0.0145530866119986,-0.0274444860166284,-0.0111574820146834,6.925892385666777e-05,-0.0100122420245231,-0.0129709410915901,-0.0154687655501571,-0.0065653333944854,6.141557467230675e-07,-0.0067020940903925,-1.1205738366237875e-06,-0.0041946280197782,3.048745347473428e-07,1.1155639600994489e-07,-7.433432416935302e-07,-0.0052651278036137,-0.0056424143202413,-0.013306635208336,0.0001068379312327,9.072647632964822e-05,-0.0110208562285456,-1.909275414962995e-08,6.000345791359806e-05,-0.0108505521665758,-0.0094267926014971,-0.0344398307945781,-0.0125327625578741,-0.0021023865511525,-0.0303631682185215,-0.0102909365619265,-0.0076388114618115,1.2891638179623476e-05,-0.0006285139955535,-0.0102727560712658,-7.445672358606553e-05,0.0010053900497448,-0.0009539377410263,-0.006660014579972,-0.0357840455683733,-0.0067414317694744
la05.pt,10,5,0.0,97.0,43.90384615384615,39.5,26.167551556037296,97.0,23.75,61.25,0.3402658445365409,-1.0,4.0,1.8846153846153848,2.0,1.5019710915205104,5.0,1.0,3.0,0.4230769230769231,22.894229888916016,28.01610946655273,60,450,52,510,0.169683257918552,0.0,9.0,8.653846153846153,9.0,1.7307692307692304,9.0,9.0,9.0,0.0384615384615385,0.0,1.0,0.9615384615384616,1.0,0.1923076923076922,1.0,1.0,1.0,0.0384615384615385,0.0452488687782805,2.0,10.0,2.3076923076923075,2.0,1.538461538461538,8.0,2.0,2.0,0.1282051282051282,0.0345882352941176,0.4411764705882353,0.0622926093514328,0.0408627450980392,0.0764729622022114,0.4065882352941176,0.0408627450980392,0.0596862745098039,0.3158875023281806,380,1903,45.65999984741211,25.138504028320312,380.0,593.0,456.6,50,easy,easy,True,593.0,593,593,instances/la05,CPO in < 1 min,0.0336376939962295,-0.0108994616825513,-0.0001090622388027,-0.0004442152461465,-0.0004547808936362,8.697804576580874e-06,0.0001309588733065,-0.0004566347730047,-0.0001230355940365,-0.0006047912582192,-0.0009954590447043,-7.629848607837412e-05,-0.0006307159439633,-3.390194515759953e-05,-6.991847855241501e-05,-0.0002206092332607,-0.00020439939225,-9.474922441486227e-05,-0.0014246037875612,-0.000940947372008,0.0004321805065469,-0.0082517776012595,-0.0098465537303238,-0.0062190298551676,-0.0096350302806912,-0.000134638559914,-0.0144359077642365,-0.0272961302160792,-0.0111358434777363,6.096663666324593e-05,-0.0099390025679116,-0.0128630557551918,-0.0154551135699908,-0.0063340510561815,4.958304920975716e-07,-0.0065846806405084,-9.857927718044427e-07,-0.004123119670351,4.397846697246374e-07,-4.295026077949337e-08,-5.857950536060228e-07,-0.0051621184656812,-0.0056066892158404,-0.0132006870656721,0.0001034622836437,0.0001015701604183,-0.010963140900142,-2.3173699885105867e-08,7.738042284005047e-05,-0.0108315678616551,-0.0093995140158095,-0.0339059253159898,-0.0126066279002508,-0.0020051111741286,-0.0300663514003866,-0.01038324906446,-0.0076154210714838,3.942883308673604e-05,-0.0005882815496759,-0.0099432047622327,-0.0001345485482261,-0.0002716461859335,-0.0008953933783472,-0.0064116886180277,-0.0355699347568201,-0.0065979751347083
la06.pt,15,5,0.0,98.0,51.84415584415584,50.0,27.3795188098956,98.0,31.0,77.0,0.303847955651563,-1.0,4.0,1.922077922077922,2.0,1.475041128779292,5.0,1.0,3.0,0.4155844155844157,26.88311767578125,31.606332778930664,90,1050,77,1140,0.1794258373205741,0.0,14.0,13.636363636363637,14.0,2.2268088570756164,14.0,14.0,14.0,0.0259740259740259,0.0,1.0,0.974025974025974,1.0,0.1590577755054012,1.0,1.0,1.0,0.0259740259740259,0.0307587149692412,2.0,15.0,2.3376623376623376,2.0,2.067751081570216,13.0,2.0,2.0,0.1406926406926407,0.0224795321637426,0.4605263157894737,0.0427432216905901,0.0270409356725146,0.0686383063483794,0.4380467836257309,0.0270409356725146,0.0407251461988304,0.3429720599230197,413,3579,53.22666549682617,26.382606506347656,413.0,926.0,798.4,75,easy,medium,False,926.0,926,926,instances/la06,CPO in < 1 min,0.3205751864117248,-0.0022637088513669,-2.051080230935157e-05,-2.4934991767829976e-05,-0.0005183160983111,-0.0002113491122842,-4.73292754120256e-05,-3.3916254077448105e-05,0.0002372314272369,0.00129361568481,-0.0011918201541028,-4.294829227247873e-07,-0.0005369217778207,3.83994268411522e-05,0.0006010981641012,-4.0422667436001446e-05,-0.0001338598111248,-0.0001011608120789,-0.0009449796441841,-0.000761918589148,0.0007240564078636,-0.0063391385894666,-0.0084781427304099,-0.0043939977722569,-0.0078457401049641,0.0003698463228944,-0.0041637285158276,-0.0070837955738816,-0.0015590192521667,0.0017233395797574,-0.0018772378163559,-0.0030679307845365,-0.0049363613896104,-0.0045925160431848,-1.0147078996371205e-07,-0.0056015228831405,-1.8813575485272288e-07,-0.003812975201111,-1.8192793696657467e-08,-3.9384130394955024e-08,-4.079121945688903e-07,-0.0053202329102601,-0.0036965751053054,-0.0029614003201779,0.0012017062167865,0.0019337653301312,-0.0033748450656248,-2.2343314708915673e-09,0.001265947306636,0.0135640238139892,-0.0040832308839053,-0.0111276649257244,0.0096299723844427,-0.0020025536896977,-0.004291173104454,0.0082457624436186,0.0059750815894573,0.0010103162357351,-0.0002709088942481,-0.0080676550333899,-0.0011093033032192,-0.0009963788313937,-0.0008156666113837,-0.0002750920127481,-0.0080940446341342,-0.0050481545827882
la07.pt,15,5,0.0,97.0,48.63636363636363,51.0,23.174050137252067,97.0,31.0,63.0,0.2722313734329757,-1.0,4.0,1.922077922077922,2.0,1.4750411287792915,5.0,1.0,3.0,0.4155844155844157,25.279220581054688,28.55104637145996,90,1050,77,1140,0.1794258373205741,0.0,14.0,13.636363636363637,14.0,2.2268088570756164,14.0,14.0,14.0,0.0259740259740259,0.0,1.0,0.974025974025974,1.0,0.1590577755054012,1.0,1.0,1.0,0.0259740259740259,0.0307587149692412,2.0,15.0,2.3376623376623376,2.0,2.067751081570216,13.0,2.0,2.0,0.1406926406926407,0.0224795321637426,0.4605263157894737,0.0427432216905901,0.0270409356725146,0.0686383063483794,0.4380467836257309,0.0270409356725146,0.0407251461988304,0.3429720599230197,376,3369,49.93333435058594,22.05891227722168,376.0,869.0,749.0,75,easy,easy,True,890.0,890,890,instances/la07,CPO in < 1 min,0.3164623318688149,-0.0023591790154041,-0.0001080754715639,-0.0002519492124509,-0.0010951954867469,-0.000183841996728,0.0010725600042009,-0.0001019382772,0.0001593716478021,-0.0007501545217822,0.001920045639675,5.618185406106164e-05,-0.0004903298009743,-4.05748777186296e-05,0.0006946964642262,-0.0001459915472703,-0.0001044380234717,1.759334117396533e-05,-0.001082368449304,-0.0009700812441106,0.0001454138272114,-0.0063739367883594,-0.0085530412454363,-0.00457913973665,-0.0078040482244925,0.0002610936480924,-0.0038911792360716,-0.0078676865143433,-0.0019854858628013,0.0016234852931465,-0.0019790834231114,-0.0031773753361487,-0.0046840131758175,-0.0043183159401978,-2.11652137803338e-07,-0.0058574167614373,-1.6230649916815765e-07,-0.0039939806334115,-1.6382795411442263e-08,-3.649589306443504e-08,-5.347567851385536e-07,-0.0052047131281454,-0.0038759272403768,-0.0027790102044835,0.001011702730514,0.0022291259229427,-0.0035212608150786,-1.8821114943353397e-09,0.0013726138058893,0.0137047273577362,-0.0045485494120373,-0.0114456754432362,0.0098919069643357,-0.0021029758040967,-0.0036733231470879,0.0090472466380815,0.0056033840262865,0.0010162346082593,-0.0001615619546265,-0.0076928352704247,-0.0011432106518735,0.0003681267811185,-0.0008247988480402,-0.0004511559161292,-0.0133824400644702,-0.005056302803739
la08.pt,15,5,0.0,98.0,49.675324675324674,52.0,31.11204784321473,98.0,19.0,76.0,0.3591749427043547,-1.0,4.0,1.922077922077922,2.0,1.4750411287792915,5.0,1.0,3.0,0.4155844155844157,25.798702239990234,32.483238220214844,90,1050,77,1140,0.1794258373205741,0.0,14.0,13.636363636363637,14.0,2.2268088570756164,14.0,14.0,14.0,0.0259740259740259,0.0,1.0,0.974025974025974,1.0,0.1590577755054012,1.0,1.0,1.0,0.0259740259740259,0.0307587149692412,2.0,15.0,2.3376623376623376,2.0,2.067751081570216,13.0,2.0,2.0,0.1406926406926407,0.0224795321637426,0.4605263157894737,0.0427432216905901,0.0270409356725146,0.0686383063483794,0.4380467836257309,0.0270409356725146,0.0407251461988304,0.3429720599230197,369,3456,51.0,30.433752059936523,369.0,863.0,765.0,75,easy,easy,True,863.0,863,863,instances/la08,CPO in < 1 min,0.3077786436688363,-0.0025125502989155,-3.142749354769717e-05,-2.4532038172877123e-05,-0.0010618279343415,-8.024624833270338e-05,-0.0006553998438749,-2.453613024725849e-05,-0.0004673863222807,0.0004623726487564,-0.0019964098725899,-4.500258728374594e-05,-0.0006544492118351,-5.799519442602221e-05,0.0006114572059347,-8.735555652148767e-05,-0.0001335419692026,-8.319680702593286e-05,-0.0009424633447572,-0.0010079970580586,0.0011845288514268,-0.0064460432936612,-0.0086840707222234,-0.0045352878273902,-0.0079145001701644,0.0004464482862082,-0.0040377298622544,-0.0078300718647658,-0.0018253524176388,0.0016263063594743,-0.0022431879660784,-0.0033954178041105,-0.0051464839647955,-0.0045175936723293,-8.453593524108737e-08,-0.0057754751409829,-1.959683803535835e-07,-0.0038694903845403,-8.204729390179463e-09,-4.681860373878347e-08,-2.669902837987987e-07,-0.0053168534130732,-0.0037467125829971,-0.0030741533278824,0.0012812809445929,0.0017744763078223,-0.0037083706160777,-1.614348194244294e-09,0.0013499194562547,0.0131255735352324,-0.0041817638593414,-0.0118577605619247,0.009388668262989,-0.0020151153103942,-0.0051104319782341,0.0078585495977416,0.0058713656974355,0.0009311575521931,-0.0003107929105982,-0.0079682101408806,-0.0011800242438648,3.955689054944746e-06,-0.0008620706300558,-0.0002304773858858,-0.0122596828113779,-0.0051077161161958
la09.pt,15,5,0.0,99.0,55.36363636363637,60.0,27.370905536604788,99.0,38.0,78.0,0.2826678365031638,-1.0,4.0,1.922077922077922,2.0,1.475041128779292,5.0,1.0,3.0,0.4155844155844157,28.64285659790039,33.01016616821289,90,1050,77,1140,0.1794258373205741,0.0,14.0,13.636363636363637,14.0,2.2268088570756164,14.0,14.0,14.0,0.0259740259740259,0.0,1.0,0.974025974025974,1.0,0.1590577755054012,1.0,1.0,1.0,0.0259740259740259,0.0307587149692412,2.0,15.0,2.3376623376623376,2.0,2.067751081570216,13.0,2.0,2.0,0.1406926406926407,0.0224795321637426,0.4605263157894737,0.0427432216905901,0.0270409356725146,0.0686383063483794,0.4380467836257309,0.0270409356725146,0.0407251461988304,0.3429720599230197,382,3881,56.84000015258789,26.17685508728028,382.0,951.0,852.6,75,easy,medium,False,951.0,951,951,instances/la09,CPO in < 1 min,0.3354376155649759,-0.0020555901699248,4.3072818887848525e-05,0.0001991104724451,0.0019138635178382,-6.910786723643441e-05,-3.9628137186958585e-05,0.0003304666743922,0.0006704897268165,0.0013023192220487,0.0010361193471663,-3.331108596183155e-05,-0.0004524045113062,-4.4695287189437806e-06,0.0004632332213211,-0.0002118858959344,-0.0001200972528093,-0.0001712010540967,-0.0011155908117353,-0.0010754866721571,0.0008558322396242,-0.0063464721241336,-0.008641729657152,-0.0045192842509058,-0.0080279251978471,0.0005494563890306,-0.003948412656552,-0.0063416365124555,-0.0015543582552663,0.0018178536483661,-0.0014068261588315,-0.0025995579454521,-0.0045712479395772,-0.0046511387806912,-9.038227905795996e-08,-0.0055628393284153,-1.233438279569436e-07,-0.0037148959953698,-2.2305959230730555e-09,-1.8142342616500094e-08,-3.7808517639493323e-07,-0.005125540574137,-0.0036288216811932,-0.002686201576403,0.0011360918063273,0.0020570404073647,-0.0029488110141135,-2.2550307471645358e-09,0.0010987608405478,0.014022936527311,-0.0039152301625008,-0.0110317107843333,0.0102113612593182,-0.0019620276951849,-0.0042262795482817,0.0092176522832917,0.0063640723835035,0.0010282019666011,-0.0004543528103683,-0.0080779021037278,0.0017222939512565,-0.0005880808572401,-0.0008110359468884,-4.004940985358156e-05,-0.0077083499722462,-0.0050428530701752
la10.pt,15,5,0.0,97.0,52.20779220779221,57.0,29.039309525590586,97.0,27.0,77.0,0.3194805194805197,-1.0,4.0,1.922077922077922,2.0,1.4750411287792915,5.0,1.0,3.0,0.4155844155844157,27.0649356842041,32.47909927368164,90,1050,77,1140,0.1794258373205741,0.0,14.0,13.636363636363637,14.0,2.2268088570756164,14.0,14.0,14.0,0.0259740259740259,0.0,1.0,0.974025974025974,1.0,0.1590577755054012,1.0,1.0,1.0,0.0259740259740259,0.0307587149692412,2.0,15.0,2.3376623376623376,2.0,2.067751081570216,13.0,2.0,2.0,0.1406926406926407,0.0224795321637426,0.4605263157894737,0.0427432216905901,0.0270409356725146,0.0686383063483794,0.4380467836257309,0.0270409356725146,0.0407251461988304,0.3429720599230197,443,3577,53.59999847412109,28.127328872680664,443.0,958.0,804.0,75,easy,easy,True,958.0,958,958,instances/la10,CPO in < 1 min,0.3181618768292523,-0.0024701988049856,-4.160293476872416e-05,-0.0002237682730306,-0.0005165009452696,0.00014925267216,-0.0002011671907937,-3.25071194036141e-05,-0.00028502369726,0.0012667093202656,-0.0021334890280775,-4.732577911280834e-05,-0.000554147839548,2.578939392683005e-06,0.0006292347176338,-6.101574384555442e-05,-0.0001097041557882,-6.944752460335895e-05,-0.0010196989725051,-0.000832007299232,0.0012439885732203,-0.0063254376029301,-0.0085162582333471,-0.0044412180789218,-0.0078427550177087,0.0001782116358276,-0.0039409562881712,-0.0071591055238689,-0.0018491681653316,0.0015422847728107,-0.0019185907949613,-0.0031753112112141,-0.0050230573762015,-0.004579633038373,-6.627494977902404e-08,-0.005704270525771,-1.9971759636120762e-07,-0.0038600478774378,3.182977941000405e-11,-3.2618429941591373e-08,-2.928196422717578e-07,-0.0052938150603328,-0.0036696208970975,-0.0030610028352754,0.001073706959599,0.0019187119161812,-0.003329443589607,-2.2343314708915673e-09,0.001322141507045,0.0135831057163484,-0.0038290321594046,-0.0111351623760042,0.0096974305705452,-0.0020421552077399,-0.00474940936194,0.0083251115603502,0.0058803805331513,0.0008435991798313,-0.0005962835072669,-0.0081646052468863,-0.0010033840201462,-4.499661622233343e-06,-0.0011135625150328,4.49147626185074e-05,-0.0084214091887228,-0.0050724385021997
la11.pt,20,5,0.0,98.0,52.46078431372549,51.0,27.128839863253063,98.0,31.5,77.0,0.2977508327195577,-1.0,4.0,1.9411764705882355,2.0,1.460751414289347,5.0,1.0,3.0,0.411764705882353,27.20098114013672,31.73501968383789,120,1900,102,2020,0.184430207726655,0.0,19.0,18.62745098039216,19.0,2.63431938089106,19.0,19.0,19.0,0.0196078431372548,0.0,1.0,0.9803921568627452,1.0,0.1386483884679505,1.0,1.0,1.0,0.0196078431372548,0.023296447291788,2.0,20.0,2.3529411764705883,2.0,2.4956709924231086,18.0,2.0,2.0,0.1470588235294119,0.0166435643564356,0.4702970297029703,0.032527664531159,0.0202079207920792,0.0621909624883559,0.4536534653465346,0.0202079207920792,0.0309009900990099,0.3565748591289694,413,4938,53.5099983215332,26.35431480407715,413.0,1222.0,1070.2,100,easy,medium,False,1222.0,1222,1222,instances/la11,CPO in < 1 min,0.3872163332577072,0.0034307185025889,-0.0005349713235045,-3.082692444419623e-05,-0.0007048426078661,-1.5984344226752217e-05,0.0001075892449838,-1.36128023082123e-05,-7.003632155792899e-06,0.0015950005347417,-0.0011577250614698,-4.808367496554879e-05,-0.0008330124878443,0.0002291018351995,0.0009739662169943,-0.0001617904133962,-0.0001914013762058,0.0002320878877649,-0.0013054795053856,-0.0019148125557601,0.0003924757444152,-0.0105558664438747,-0.0122197459532218,-0.0077019437912939,-0.0117970972896663,0.0001879550380502,0.0044597789923935,0.0079824681701813,0.0035285873234081,0.0002387947603723,0.0033256711174777,0.0040504618940326,0.004772603409447,-0.0072501253053549,-2.0777638214291745e-08,-0.0085792397992848,-1.3992648382476001e-07,-0.0071780665592386,-3.1246274029421764e-08,-1.2699160793863485e-08,-2.1144971468507066e-07,-0.0088537982335359,-0.0072918785647767,0.0039792138735759,0.0011740719125764,0.0006917418259632,0.0033349181659839,-3.020764884422701e-09,0.0009074040690254,0.0059836445481157,-0.0005621252225893,0.0106464687339327,0.0065181999499554,-0.0042120045588544,0.0100464594269697,0.0044852219195792,0.0031025018064556,0.0009704676257711,-0.0009261019607601,-0.0132801401142149,-0.0004564303047665,-0.0009853787365294,-0.0014196391544334,0.0015921360064232,0.0117462953441576,-0.0081604710980007
la12.pt,20,5,0.0,98.0,45.84313725490196,41.5,27.858798412371648,98.0,21.25,65.5,0.3494146161458595,-1.0,4.0,1.9411764705882355,2.0,1.460751414289347,5.0,1.0,3.0,0.411764705882353,23.89215660095215,29.51218032836914,120,1900,102,2020,0.184430207726655,0.0,19.0,18.62745098039216,19.0,2.63431938089106,19.0,19.0,19.0,0.0196078431372548,0.0,1.0,0.9803921568627452,1.0,0.1386483884679505,1.0,1.0,1.0,0.0196078431372548,0.023296447291788,2.0,20.0,2.3529411764705883,2.0,2.4956709924231086,18.0,2.0,2.0,0.1470588235294119,0.0166435643564356,0.4702970297029703,0.032527664531159,0.0202079207920792,0.0621909624883559,0.4536534653465346,0.0202079207920792,0.0309009900990099,0.3565748591289694,408,4268,46.7599983215332,27.36352157592773,408.0,1039.0,935.2,100,easy,medium,False,1039.0,1039,1039,instances/la12,CPO in < 1 min,0.3868401721626514,0.0034600492099535,-0.0005314975805532,-3.140749603733562e-05,-0.0006043064368779,-0.0001038231172678,7.049534423396042e-05,9.776389589084574e-06,-0.0003161005343897,-0.0007347178275648,-0.0014031677774926,-0.0001528659896881,-0.0007245320119933,0.000155515726692,0.0007807792048311,-7.354047915336507e-05,-0.0001137447881003,0.0002359231119264,-0.0012918135640625,-0.0008730537922792,0.0001459798699191,-0.010168841046111,-0.0122910637044852,-0.0075124119259709,-0.0116448583312052,-7.207730264889367e-05,0.0046563136837614,0.0082275493241736,0.0036775124841124,0.0001622875746919,0.0034030313430755,0.0041947994046243,0.0047182612612257,-0.006907177368305,-3.6015594165392936e-08,-0.0086661343606431,-1.379456203696641e-07,-0.0069294629724682,-1.3659668888924056e-08,-1.3825499621456466e-08,-1.98094736516522e-07,-0.0082841564682886,-0.007001766027722,0.0040900638617944,0.0009592124039234,0.0006781973420413,0.0034248804387442,-3.276172183384289e-09,0.0007591023322297,0.0061871284900435,-0.0006001516350188,0.0107329056264217,0.0065308908499831,-0.0039281699751828,0.0102868792164584,0.0044165477893154,0.003062723278715,0.000853477518181,-0.0008989454530389,-0.0124985905886051,-0.0002920714995302,0.0008572566546704,-0.0012838265413151,-0.0017434718637691,0.0105025793330476,-0.0076021419258034
la13.pt,20,5,0.0,97.0,50.84313725490196,50.5,26.428870539634666,97.0,28.0,72.75,0.2994600848438102,-1.0,4.0,1.9411764705882355,2.0,1.460751414289347,5.0,1.0,3.0,0.411764705882353,26.39215660095215,30.792205810546875,120,1900,102,2020,0.184430207726655,0.0,19.0,18.62745098039216,19.0,2.63431938089106,19.0,19.0,19.0,0.0196078431372548,0.0,1.0,0.9803921568627452,1.0,0.1386483884679505,1.0,1.0,1.0,0.0196078431372548,0.023296447291788,2.0,20.0,2.3529411764705883,2.0,2.4956709924231086,18.0,2.0,2.0,0.1470588235294119,0.0166435643564356,0.4702970297029703,0.032527664531159,0.0202079207920792,0.0621909624883559,0.4536534653465346,0.0202079207920792,0.0309009900990099,0.3565748591289694,382,4804,51.86000061035156,25.68502426147461,382.0,1150.0,1037.2,100,easy,medium,False,1150.0,1150,1150,instances/la13,CPO in < 1 min,0.3881581081747962,0.0034551405556859,-0.0004581507185866,-0.0002330328221601,-0.0006906855980145,7.283111831284263e-05,-0.0002209393905392,5.700438316182364e-06,-0.0002875404057897,-0.0009190124791085,-0.0011800089355547,-0.0001378776998283,-0.0007705749620428,0.0001691857285681,0.0011282978083274,-0.0002045528689388,-0.0002599478045147,0.0002244469209991,-0.0012617204629359,-0.0020393012689351,-0.0001578946744943,-0.0103718626800438,-0.0118594733255453,-0.0076190685901555,-0.0115999421180509,0.0001219562323986,0.0044813483954897,0.0080591238840922,0.0035387614945635,0.0001478787092987,0.0033032317806165,0.0040072056216287,0.0047462887244961,-0.0070595008525923,-3.4328874572231824e-08,-0.0086021458108892,-1.360735110329269e-07,-0.0068195025115699,-2.843877592778575e-08,-1.0907955820741162e-08,-2.171885492282859e-07,-0.0083699338321825,-0.0074018052865411,0.0039761851277579,0.001098481745739,0.0006413236279567,0.0033137037250761,-3.0892153475832926e-09,0.0007931440165403,0.0059661434523423,-0.0006211802494054,0.0108565971608497,0.0064059778645208,-0.0040679074848004,0.0100660956097751,0.0045268142088156,0.0031116807916349,0.0011330586793543,-0.0008120267511882,-0.0126516742966101,-0.0002524935018791,0.0002459662319328,-0.00131372338718,0.0016914973398248,0.0120427099232123,-0.0078091042435085
la14.pt,20,5,0.0,97.0,52.41176470588236,55.5,28.597392223485205,97.0,29.0,77.0,0.3131313131313131,-1.0,4.0,1.9411764705882355,2.0,1.460751414289347,5.0,1.0,3.0,0.411764705882353,27.176469802856445,32.35417175292969,120,1900,102,2020,0.184430207726655,0.0,19.0,18.62745098039216,19.0,2.63431938089106,19.0,19.0,19.0,0.0196078431372548,0.0,1.0,0.9803921568627452,1.0,0.1386483884679505,1.0,1.0,1.0,0.0196078431372548,0.023296447291788,2.0,20.0,2.3529411764705883,2.0,2.4956709924231086,18.0,2.0,2.0,0.1470588235294119,0.0166435643564356,0.4702970297029703,0.032527664531159,0.0202079207920792,0.0621909624883559,0.4536534653465346,0.0202079207920792,0.0309009900990099,0.3565748591289694,443,4903,53.459999084472656,27.89495277404785,443.0,1292.0,1069.2,100,easy,medium,False,1292.0,1292,1292,instances/la14,CPO in < 1 min,0.386507232834461,0.0035350944997461,-0.0005487216549549,-0.0002221225012278,-0.0006742432127273,-4.522093681972917e-05,0.0001380952425093,-1.782376289362289e-05,-0.0002778129630031,0.0014898736602641,-0.0012970554718578,-8.864391691191744e-05,-0.0008165680193606,0.0001778033808735,0.0009961624947227,-0.0001612458892677,-0.0002463515845843,0.0001908216020026,-0.0013498057819948,-0.0019668888119159,0.0002344035122074,-0.0105404624276623,-0.0126394777711466,-0.0078828377525043,-0.0117910557523948,5.887864294678956e-05,0.0044285422254609,0.007960981257557,0.003608934026627,0.0001445866429161,0.0033227828999189,0.0041445057829456,0.004824004881622,-0.0073484345805724,-1.1113526221917292e-08,-0.0088386942794374,-1.444885316745265e-07,-0.0072242364954714,-2.3555535910784435e-08,-9.217290259939905e-09,-1.8803749181985045e-07,-0.0088208602218791,-0.0072155182336718,0.0040844394233995,0.0009890365331021,0.000864497550537,0.0034573471234219,-3.020764884422701e-09,0.0009568078635829,0.006058793836312,-0.0005781975337426,0.0107202516791229,0.0065217634761512,-0.0043045896276146,0.0102130592759385,0.0044739600035748,0.0032448746079986,0.0011196579094272,-0.0015093949378649,-0.0137438336619022,-0.0004469677890011,0.0011326355948407,-0.0020694018918048,0.0015057689932049,0.0118509225874791,-0.0081555537757587
la15.pt,20,5,0.0,99.0,53.38235294117647,55.0,28.22147844185453,99.0,30.25,80.0,0.3045121446190966,-1.0,4.0,1.9411764705882355,2.0,1.460751414289347,5.0,1.0,3.0,0.411764705882353,27.66176414489746,32.570560455322266,120,1900,102,2020,0.184430207726655,0.0,19.0,18.62745098039216,19.0,2.63431938089106,19.0,19.0,19.0,0.0196078431372548,0.0,1.0,0.9803921568627452,1.0,0.1386483884679505,1.0,1.0,1.0,0.0196078431372548,0.023296447291788,2.0,20.0,2.3529411764705883,2.0,2.4956709924231086,18.0,2.0,2.0,0.1470588235294119,0.0166435643564356,0.4702970297029703,0.032527664531159,0.0202079207920792,0.0621909624883559,0.4536534653465346,0.0202079207920792,0.0309009900990099,0.3565748591289694,378,5067,54.45000076293945,27.46356773376465,378.0,1207.0,1089.0,100,easy,medium,False,1207.0,1207,1207,instances/la15,CPO in < 1 min,0.3896748974776509,0.0034583985061682,-0.0003964403742952,0.0001013255519917,-0.0010097579479359,0.0001278130947474,0.0001849529661322,6.307425826660576e-05,-0.0003801868289917,0.0015078078997266,-0.0011077648536331,-8.546970325698242e-05,-0.0006760398488483,0.0002396370984797,0.0009962811947188,-0.000175823920616,-0.0001996326412233,0.0002277020461993,-0.0009780515044544,-0.0018624448902915,0.0002942914240188,-0.0104579141298166,-0.012520448694151,-0.0079623814644801,-0.0118399958454691,0.0001987537509257,0.0044166911071498,0.0079316525820048,0.0035448065535788,0.0002200828570886,0.0032812638280069,0.004119595272806,0.0047755114816732,-0.0072695942343032,-2.2788265956816643e-08,-0.0088036705143709,-1.0879376216323542e-07,-0.0073305443295661,-2.8779504183197792e-08,-7.993199792669463e-09,-2.047162597248051e-07,-0.0087253127936917,-0.0070407882563728,0.0040866833407754,0.0010197875070528,0.0008723910961881,0.003405380040956,-3.295570353308994e-09,0.0010097242871593,0.0061087892703917,-0.0005639412340425,0.0107299912920794,0.0065910853204589,-0.0041360376404006,0.0101457566175831,0.0044946529915503,0.0031512717102829,0.0010426589428344,-0.0009800421113878,-0.0136815897177382,-0.0005674479048766,0.001015768685488,-0.0013366263023143,0.0016176150474769,0.0118766676288955,-0.0079749900192517
la16.pt,10,10,0.0,98.0,52.46078431372549,51.0,27.128839863253063,98.0,31.5,77.0,0.2977508327195577,-1.0,9.0,4.392156862745098,4.0,2.944442630917884,10.0,2.0,7.0,0.3790849673202614,28.426469802856445,30.82158660888672,110,900,102,1010,0.087361677344205,0.0,9.0,8.823529411764707,9.0,1.2478354962115543,9.0,9.0,9.0,0.0196078431372548,0.0,1.0,0.9803921568627452,1.0,0.1386483884679505,1.0,1.0,1.0,0.0196078431372548,0.021355076684139,2.0,10.0,2.156862745098039,2.0,1.1091871077436042,8.0,2.0,2.0,0.071301247771836,0.0422970297029703,0.4455445544554455,0.0626286158027567,0.0518019801980198,0.0553389451234287,0.4032475247524753,0.0454653465346534,0.0613069306930693,0.2171328543816779,717,4634,53.5099983215332,26.35431480407715,717.0,660.0,535.1,100,easy,easy,True,945.0,945,945,instances/la16,CPO in < 1 min,0.0473605205759648,-0.0104392246273137,-0.0004576167241993,-0.0003613341153461,-0.0003622159956908,-1.6096840794056038e-05,0.0001685364104368,-0.0003642970738975,1.0697646323259275e-05,0.0013219739616895,-0.0007663861728892,-0.0003147270256573,-0.0013051437129492,-7.813962052355733e-05,-0.0006581224938562,-0.0004449961603403,-0.0001048213184871,-0.0004079979571615,-0.0018857446418754,-0.0014808573758075,6.778776244814712e-05,-0.0076810603099956,-0.0094392247335703,-0.0056229648475071,-0.008891944715419,-0.000693384087863,-0.0138571324522223,-0.0242469591197647,-0.0101330241438748,-0.0002120138275525,-0.0090795353153613,-0.0118045519849749,-0.0146036260844013,-0.0055969881750575,-3.08921414414832e-07,-0.0062515861431464,-5.882880077759609e-06,-0.0042778958596186,-1.815485920938039e-07,-1.0808740569635269e-07,-2.982421886339764e-06,-0.0054860547905197,-0.004542463334604,-0.0122709129408439,-9.938873790692509e-06,-7.999894833266374e-05,-0.0105848060902886,-1.354040960237764e-08,-0.0003798572705688,-0.0107834850116245,-0.0077471393348615,-0.033302823313304,-0.015024660786138,-0.0021357879622063,-0.0293004152331083,-0.0104496304868747,-0.007743038915445,-0.0001730663702232,-0.0009540617228004,-0.0090394351629619,-0.0002643084069192,-0.0005896858584689,-0.0010386568973039,-0.0049366654950019,-0.0342804007884262,-0.0061224364505478
la17.pt,10,10,0.0,98.0,45.84313725490196,41.5,27.858798412371645,98.0,21.25,65.5,0.3494146161458595,-1.0,9.0,4.392156862745098,4.0,2.944442630917884,10.0,2.0,7.0,0.3790849673202614,25.117647171020508,28.66944694519043,110,900,102,1010,0.087361677344205,0.0,9.0,8.823529411764707,9.0,1.2478354962115543,9.0,9.0,9.0,0.0196078431372548,0.0,1.0,0.9803921568627452,1.0,0.1386483884679505,1.0,1.0,1.0,0.0196078431372548,0.021355076684139,2.0,10.0,2.156862745098039,2.0,1.1091871077436042,8.0,2.0,2.0,0.071301247771836,0.0422970297029703,0.4455445544554455,0.0626286158027567,0.0518019801980198,0.0553389451234287,0.4032475247524753,0.0454653465346534,0.0613069306930693,0.2171328543816779,646,4030,46.7599983215332,27.36352157592773,646.0,683.0,467.6,100,easy,easy,True,784.0,784,784,instances/la17,CPO in < 1 min,0.048151611742704,-0.0103528726417417,-0.0004320046304642,-0.0003403066498419,-0.0002943866244771,0.0001062768977351,-3.324687270905767e-05,-0.0003296309511664,-0.0001184841262681,-0.0007315060628372,-0.000861528997784,-0.0003715354827752,-0.0012179547649412,-9.50493315265686e-05,-0.0006767304543059,-0.0004361247688646,-9.754619562387802e-05,-0.0004038896274587,-0.0017934895890435,-0.0008112518027628,0.0004890162057054,-0.0074849507232249,-0.0091728221318281,-0.0054950538180308,-0.0089020398859453,-0.0007777608328941,-0.0139037466007046,-0.0247118468297979,-0.0103232103196093,-0.0002279606976867,-0.0090610583581498,-0.0120091241492583,-0.0146378103749198,-0.005496855199113,-2.1610873447983885e-07,-0.0062271659601853,-5.193977835694143e-06,-0.004235415575668,7.435845651923205e-08,-1.4146325538178734e-07,-1.583452542669506e-06,-0.0053244242324316,-0.0044592191942484,-0.0124447770663053,-8.000437573468288e-05,-0.0001146247843927,-0.0106389094618313,-1.4898165217478345e-08,-0.0003327020705081,-0.0106131918358921,-0.0080249062731701,-0.0330030724138574,-0.0150497524499978,-0.0021245752919092,-0.0294911210892559,-0.0102571286713623,-0.0076226047818868,-0.0001897891049903,-0.0008969657215062,-0.0087782621573579,-0.000104716182502,0.0006362501366605,-0.0010245146751676,-0.0048376704734631,-0.0344594989775123,-0.0060164099355623
la18.pt,10,10,0.0,97.0,50.84313725490196,50.5,26.428870539634666,97.0,28.0,72.75,0.2994600848438102,-1.0,9.0,4.392156862745098,4.0,2.944442630917884,10.0,2.0,7.0,0.3790849673202614,27.617647171020508,29.88312149047852,110,900,102,1010,0.087361677344205,0.0,9.0,8.823529411764707,9.0,1.2478354962115543,9.0,9.0,9.0,0.0196078431372548,0.0,1.0,0.9803921568627452,1.0,0.1386483884679505,1.0,1.0,1.0,0.0196078431372548,0.021355076684139,2.0,10.0,2.156862745098039,2.0,1.1091871077436042,8.0,2.0,2.0,0.071301247771836,0.0422970297029703,0.4455445544554455,0.0626286158027567,0.0518019801980198,0.0553389451234287,0.4032475247524753,0.0454653465346534,0.0613069306930693,0.2171328543816779,663,4523,51.86000061035156,25.685022354125977,663.0,623.0,518.6,100,easy,easy,True,848.0,848,848,instances/la18,CPO in < 1 min,0.0506018864088877,-0.0100962196786608,-0.0004274142053574,-0.0003698688315404,-0.0004962104934665,8.498043044868534e-05,0.0003653310697772,-0.0003274237228458,-5.5723937511496544e-05,-0.0006574768516904,-0.0008127422636831,-0.0003399617551988,-0.0011774706827665,-8.142997572822513e-05,-0.0007030020522526,-0.000435176008702,-0.0001216642456711,-0.0004173061698589,-0.0018114140881766,-0.001238055049952,6.511271499902613e-05,-0.0074055818699268,-0.0090468597624411,-0.0054772167613663,-0.0086794751289605,-0.0007815925576758,-0.0137939964516216,-0.0242428318660654,-0.0100902933680069,-0.000241035489321,-0.009001502972172,-0.0116914524381147,-0.0145887587914082,-0.0053674157314162,-2.041424546891852e-07,-0.0061929376463889,-5.375460814973923e-06,-0.0042206665762657,-1.591615392001697e-07,-6.57556838967465e-08,-2.4176100311070108e-06,-0.0053551635750637,-0.0044381708417416,-0.0122499913493427,-4.7387159786504624e-05,-1.7110109659853315e-05,-0.0105159726821661,-1.3639903866693946e-08,-0.0003440710972498,-0.0106566819225624,-0.0076881984164258,-0.0326939461289069,-0.0148909553618582,-0.0020477653466165,-0.0291394411205951,-0.0102499802026567,-0.0075821868229548,-0.0001907133305785,-0.0008600312477315,-0.0085155237405548,-0.0002221674495774,-8.787205041271006e-06,-0.0010356858988157,-0.0055815793228296,-0.0341215487671326,-0.0059424118089799
la19.pt,10,10,0.0,97.0,52.41176470588236,55.5,28.597392223485205,97.0,29.0,77.0,0.3131313131313131,-1.0,9.0,4.392156862745098,4.0,2.944442630917884,10.0,2.0,7.0,0.3790849673202614,28.401960372924805,31.45967102050781,110,900,102,1010,0.087361677344205,0.0,9.0,8.823529411764707,9.0,1.2478354962115543,9.0,9.0,9.0,0.0196078431372548,0.0,1.0,0.9803921568627452,1.0,0.1386483884679505,1.0,1.0,1.0,0.0196078431372548,0.021355076684139,2.0,10.0,2.156862745098039,2.0,1.1091871077436042,8.0,2.0,2.0,0.071301247771836,0.0422970297029703,0.4455445544554455,0.0626286158027567,0.0518019801980198,0.0553389451234287,0.4032475247524753,0.0454653465346534,0.0613069306930693,0.2171328543816779,617,4729,53.459999084472656,27.89495277404785,617.0,685.0,534.6,100,easy,easy,True,842.0,842,842,instances/la19,CPO in < 1 min,0.0467012032607904,-0.010486356059383,-0.0004823311730304,-0.0004232239344934,-0.0003614395034241,-8.98960571067037e-05,-2.1877855502519395e-05,-0.0003550247474665,-9.332199368668324e-05,0.001273966593397,-0.0009409265193164,-0.000352976987857,-0.0013373597961903,-9.150057083881404e-05,-0.0006698822349214,-0.0004479429935563,-0.0001093667307286,-0.0003938442448938,-0.001873504630156,-0.0014849506372294,0.0002274470695196,-0.0076465406981445,-0.0095377430923164,-0.0056487345634278,-0.0089954150403401,-0.000784227373963,-0.0137577629897564,-0.024480536424653,-0.0102741212777197,-0.0001981247535069,-0.0090983696480224,-0.0119541705771556,-0.014609161885958,-0.0056985831855116,-2.623921923590794e-07,-0.0063158661520167,-6.0145355069224685e-06,-0.0043290183792324,-1.1450331704141613e-07,-7.12362141249961e-08,-2.265404348621955e-06,-0.0054214858332184,-0.0045997739209861,-0.0122551428718539,1.3620255430617668e-05,-0.000109439408838,-0.0104440271514508,-1.354040960237764e-08,-0.0003379306106992,-0.0107833338760669,-0.0079286901585643,-0.0333972001124914,-0.0149288156711075,-0.0021692385802676,-0.0295221307902111,-0.0104054200716735,-0.007747929757083,-0.0001872634838639,-0.0009661740701941,-0.0091496077912026,-0.000282884359715,0.000650748802123,-0.0010126368517356,-0.0048108885141821,-0.0343200458815459,-0.0062120216663695
la20.pt,10,10,0.0,99.0,53.38235294117647,55.0,28.22147844185453,99.0,30.25,80.0,0.3045121446190966,-1.0,9.0,4.392156862745098,4.0,2.944442630917884,10.0,2.0,7.0,0.3790849673202614,28.88725471496582,31.66339492797852,110,900,102,1010,0.087361677344205,0.0,9.0,8.823529411764707,9.0,1.2478354962115543,9.0,9.0,9.0,0.0196078431372548,0.0,1.0,0.9803921568627452,1.0,0.1386483884679505,1.0,1.0,1.0,0.0196078431372548,0.021355076684139,2.0,10.0,2.156862745098039,2.0,1.1091871077436042,8.0,2.0,2.0,0.071301247771836,0.0422970297029703,0.4455445544554455,0.0626286158027567,0.0518019801980198,0.0553389451234287,0.4032475247524753,0.0454653465346534,0.0613069306930693,0.2171328543816779,756,4689,54.45000076293945,27.463565826416016,756.0,744.0,544.5,100,easy,easy,True,902.0,902,902,instances/la20,CPO in < 1 min,0.0512231316645941,-0.0102842147756625,-0.00051335434046,0.00030560796706,-0.0007276442790359,3.2040813293308504e-05,0.0002029679195768,0.0003008286928087,-0.0001346600005354,0.0013784263680062,-0.0009072212569845,-0.0003697565430899,-0.0013211963571785,-0.0001195813965397,-0.0006639278924574,-0.0004602841256518,-0.0001032656961232,-0.0004173588965916,-0.0018975765212139,-0.0017130491910248,0.0002991903761324,-0.0079027441177752,-0.0095624010988432,-0.0058500439487635,-0.0089989701224061,-0.0007854343371792,-0.0136936894792356,-0.0243121991084985,-0.0100239279798535,-0.0002016119705892,-0.0091975882088746,-0.0116523707869126,-0.014431276373923,-0.0058807729966718,-2.2063158015390266e-07,-0.0064386600904319,-2.075639019887205e-06,-0.0044023886524392,-1.1350401278551345e-07,-7.515517747782982e-08,-2.6644396691257e-06,-0.0055166988029969,-0.0046302551182032,-0.0121165527571866,9.621889147682785e-06,-0.0001283728020338,-0.0103391257726418,-9.782411934266685e-09,-0.0003166861750466,-0.0108721580021643,-0.0076962643828265,-0.0331307038007736,-0.0149557051890537,-0.0021665876389008,-0.0291826450321979,-0.0106091584555699,-0.0076330474565185,-0.0001906959341311,-0.0008424142034355,-0.0093832386624309,-0.0003431387901016,0.0007222305281924,-0.0010078431334951,-0.0024594672431372,-0.0340441803572963,-0.0063708597797985
la21.pt,15,10,0.0,99.0,52.5921052631579,50.0,27.068955626801745,99.0,28.0,77.0,0.2965447770038054,-1.0,9.0,4.427631578947368,4.0,2.921341557545929,10.0,2.0,7.0,0.375,28.50986862182617,30.83156394958496,165,2100,152,2265,0.09149529452771,0.0,14.0,13.81578947368421,14.0,1.5953099543397553,14.0,14.0,14.0,0.013157894736842,0.0,1.0,0.986842105263158,1.0,0.1139507110242682,1.0,1.0,1.0,0.013157894736842,0.0143778319972115,2.0,15.0,2.171052631578948,2.0,1.4813592433154874,13.0,2.0,2.0,0.0777511961722488,0.0279087564385577,0.4635761589403973,0.0427036133379807,0.0347961736571008,0.0492995007791261,0.4356674025018395,0.0302045621780721,0.0416835908756438,0.2343916688742671,717,7277,53.2933349609375,26.55423355102539,717.0,935.0,799.4,150,easy,easy,True,1046.0,1046,1046,instances/la21,OptalCP in < 1 min,0.2750654698683539,-0.0017286890159963,-0.0006751605104753,1.453947608651758e-05,-1.2134643551747108e-05,0.000367102706449,-9.238146534799886e-06,1.744604898927848e-05,-0.0003698938653706,0.0008910884567076,-0.0012087631244688,-0.0001520335613096,-0.0015673069352479,-0.0002384377271311,-0.0004964704987765,-0.0008758324160616,-0.0004607146045436,-0.0006682777664827,-0.0013479562053922,-0.0015267315802387,0.0001965346222205,-0.0056681406557947,-0.006863011431133,-0.004470134616769,-0.0074460443029607,-0.0015805788742875,-0.00309900898431,-0.0059735862428268,-0.0007954399468809,-0.0004057952239693,-0.0014384573624092,-0.0022530457815214,-0.0042124261721592,-0.0040915198080479,-1.0039040588598836e-07,-0.0050590219334775,-1.980647259818707e-07,-0.0038176749876264,-7.587525208520288e-08,-3.880911088464937e-08,-2.811185642954401e-07,-0.0053384850375233,-0.0034437331330318,-0.0026510533548506,-0.0008593583876957,-0.0005763931912314,-0.0029506670961008,-3.0511348199754596e-09,-0.0008600163551344,0.0032284425290137,-0.0027575242032568,-0.011483683136351,-0.0055309179240824,-0.0025717080794651,-0.0039257082560794,-0.0012592698953535,0.0024308401391324,-0.0002675735728737,-0.0007604484422044,-0.0068591553586304,-0.0004920413698415,0.0005986699446888,-0.0013076469321519,-0.0007668862140512,-0.0097459818835715,-0.0046390642936366
la22.pt,15,10,0.0,98.0,48.17105263157895,48.0,28.236728674908285,98.0,23.0,72.25,0.3378337095127877,-1.0,9.0,4.427631578947368,4.0,2.921341557545929,10.0,2.0,7.0,0.375,26.299341201782227,29.686616897583008,165,2100,152,2265,0.09149529452771,0.0,14.0,13.81578947368421,14.0,1.5953099543397553,14.0,14.0,14.0,0.013157894736842,0.0,1.0,0.986842105263158,1.0,0.1139507110242682,1.0,1.0,1.0,0.013157894736842,0.0143778319972115,2.0,15.0,2.171052631578948,2.0,1.4813592433154874,13.0,2.0,2.0,0.0777511961722488,0.0279087564385577,0.4635761589403973,0.0427036133379807,0.0347961736571008,0.0492995007791261,0.4356674025018395,0.0302045621780721,0.0416835908756438,0.2343916688742671,619,6703,48.81333160400391,27.86739730834961,619.0,830.0,732.2,150,easy,easy,True,927.0,927,927,instances/la22,CPO in < 1 min,0.2663762413533662,-0.0019037528807364,-0.0007457909566937,-3.658302408812265e-05,-0.0001427568543649,0.0002268151420128,-0.0001319192895215,-2.4025787641225697e-05,-0.0003967215514848,-9.751462906490898e-05,-0.0016077360464974,-0.0001620311625427,-0.0013527619665155,-0.0002596072903647,-0.0004850516256635,-0.000747979888613,-0.0004763015044321,-0.0005922681788239,-0.0012626035766036,-0.0011631249478192,0.0003679912247229,-0.0055044138008808,-0.0070098621902522,-0.004525502747013,-0.0073922837246746,-0.0014340856383334,-0.0032265588855767,-0.00688455304317,-0.0012509441814787,-0.000538476592291,-0.0020367653028958,-0.0028122893662377,-0.0043789982008503,-0.0039643298648102,-1.3120858299466286e-07,-0.0048928241338392,-2.8319343586696655e-07,-0.0036231319226676,-5.4982399976385546e-08,-2.6087110252843493e-08,-2.2475593401245898e-07,-0.0053472653027891,-0.003407838362014,-0.0026743970729528,-0.0008667994441869,-0.0004690869016049,-0.0032795446625011,-3.181920780747877e-09,-0.0009186940298022,0.0038666566912403,-0.0025814197535297,-0.0108406014572366,-0.0053479736730721,-0.0025868823672012,-0.003832934372338,-0.0008439323143969,0.0026237622895283,-4.49329716190173e-05,-0.0004378145647831,-0.0068948410345859,-0.0006435543013897,0.0005126948503953,-0.0010142785279576,-0.0017776924927019,-0.0165904124173846,-0.0046368549517916
la23.pt,15,10,0.0,97.0,53.19078947368421,57.0,27.508547368483487,97.0,31.0,76.25,0.2964643752237736,-1.0,9.0,4.427631578947368,4.0,2.921341557545929,10.0,2.0,7.0,0.375,28.8092098236084,31.2584171295166,165,2100,152,2265,0.09149529452771,0.0,14.0,13.81578947368421,14.0,1.5953099543397553,14.0,14.0,14.0,0.013157894736842,0.0,1.0,0.986842105263158,1.0,0.1139507110242682,1.0,1.0,1.0,0.013157894736842,0.0143778319972115,2.0,15.0,2.171052631578948,2.0,1.4813592433154874,13.0,2.0,2.0,0.0777511961722488,0.0279087564385577,0.4635761589403973,0.0427036133379807,0.0347961736571008,0.0492995007791261,0.4356674025018395,0.0302045621780721,0.0416835908756438,0.2343916688742671,640,7445,53.900001525878906,26.99228286743164,640.0,1032.0,808.5,150,easy,easy,True,1032.0,1032,1032,instances/la23,CPO in < 1 min,0.2750913300446354,-0.001614208091713,-0.0008041960027153,-7.444721951994141e-05,-0.0010918108960981,-0.0005216458068402,-0.0001279849612621,-1.5505959588822253e-05,0.0005137902709266,-2.691343747910755e-05,-0.0010825854955547,-0.0003155754599844,-0.0015489643230504,-0.0001682229158414,-0.0005157159967404,-0.0009717822169711,-0.0003997332653047,-0.0005964140885621,-0.0014098121389815,-0.001621229667154,0.0010300547416545,-0.0058159384505462,-0.0068017814622068,-0.0046460513805357,-0.0074789568143588,-0.0015282601043144,-0.0028750108574469,-0.0058186910096869,-0.0008285998044883,-0.0004105608881032,-0.0015721811851756,-0.002039019247062,-0.0042740172825874,-0.0042347947283291,-9.365257943967796e-08,-0.00500537161961,-2.705372539981337e-07,-0.003820216387941,-6.307583430153618e-08,-4.109633821554082e-08,-2.762148878619828e-07,-0.0052438241756832,-0.003557589334678,-0.0024482285587306,-0.0007684708635585,-0.0005488151620712,-0.0027411975652902,-2.701428992793254e-09,-0.0008969058919032,0.0034156430612936,-0.0025796328918389,-0.0109879523374052,-0.0053104638218133,-0.0026485824059498,-0.0041090859273272,-0.0014635997694857,0.0021471834319226,-0.0004620444684674,-0.0005189893543752,-0.0065504405839624,-0.000534014457308,0.0003538871164082,-0.0011782758199744,-0.000325083617931,-0.0096515607571889,-0.0046678706656835
la24.pt,15,10,0.0,99.0,50.83552631578947,50.0,27.545761943333154,99.0,26.75,72.0,0.3122773528229789,-1.0,9.0,4.427631578947368,4.0,2.921341557545929,10.0,2.0,7.0,0.375,27.63157844543457,30.365684509277344,165,2100,152,2265,0.09149529452771,0.0,14.0,13.81578947368421,14.0,1.5953099543397553,14.0,14.0,14.0,0.013157894736842,0.0,1.0,0.986842105263158,1.0,0.1139507110242682,1.0,1.0,1.0,0.013157894736842,0.0143778319972115,2.0,15.0,2.171052631578948,2.0,1.4813592433154874,13.0,2.0,2.0,0.0777511961722488,0.0279087564385577,0.4635761589403973,0.0427036133379807,0.0347961736571008,0.0492995007791261,0.4356674025018395,0.0302045621780721,0.0416835908756438,0.2343916688742671,704,7023,51.51333236694336,27.09187698364257,704.0,857.0,772.7,150,easy,easy,True,935.0,935,935,instances/la24,CPO in < 1 min,0.2760119043567555,-0.0017200641955655,-0.0006271537781058,2.660327680564113e-05,-0.0002017045370335,0.0003430592218612,-0.0002778208705793,-4.83833498489481e-06,-0.0003334699205554,7.82742263770147e-07,-0.001562495033358,-0.0001272356961947,-0.0013537800221639,-0.0002204439000992,-0.0005594877224291,-0.0007956369759151,-0.0004714599017539,-0.0006727866325035,-0.0012047212938637,-0.0011091869414667,4.9385924129626646e-05,-0.0056391992369655,-0.0069065208421661,-0.0045458214964328,-0.0073790803154951,-0.001608309497028,-0.0030863530910997,-0.0064267223321033,-0.0008242058219372,-0.0003960939962664,-0.0014373811718497,-0.0022312958455465,-0.0041558557084048,-0.0039804863561216,-8.63399833457394e-08,-0.0049972415186597,-1.8932473751026457e-07,-0.003727101586951,-7.264954094343881e-08,-2.5495316708120225e-08,-2.266142767688604e-07,-0.0053843742024009,-0.0034232925689103,-0.002503914023553,-0.0008141843999172,-0.0005782979022388,-0.0029623349617723,-3.5426904553742227e-09,-0.0007793748546429,0.003672102484584,-0.0024629561797483,-0.0105502932283356,-0.0055106971975329,-0.002446275226097,-0.0030525862940225,-0.0011562082564187,0.0024930450229952,-0.0001599039980071,-0.0007227151811585,-0.0067723539755638,-0.0005544905206371,0.0004860798752488,-0.001315302488092,-0.001060675154148,-0.0105418968678765,-0.0046028144670462
la25.pt,15,10,0.0,99.0,49.401315789473685,46.0,28.28340127605557,99.0,27.75,74.25,0.3300048713473655,-1.0,9.0,4.427631578947368,4.0,2.9213415575459294,10.0,2.0,7.0,0.375,26.914474487304688,30.1645565032959,165,2100,152,2265,0.09149529452771,0.0,14.0,13.81578947368421,14.0,1.5953099543397553,14.0,14.0,14.0,0.013157894736842,0.0,1.0,0.986842105263158,1.0,0.1139507110242682,1.0,1.0,1.0,0.013157894736842,0.0143778319972115,2.0,15.0,2.171052631578948,2.0,1.4813592433154874,13.0,2.0,2.0,0.0777511961722488,0.0279087564385577,0.4635761589403973,0.0427036133379807,0.0347961736571008,0.0492995007791261,0.4356674025018395,0.0302045621780721,0.0416835908756438,0.2343916688742671,723,6786,50.060001373291016,27.88625144958496,723.0,864.0,750.9,150,easy,easy,True,977.0,977,977,instances/la25,CPO in < 1 min,0.2612217890996942,-0.0019550323386464,-0.0007494107196889,1.3905947391102465e-05,-0.0002388866556734,0.0002347167323096,-0.0001795595964453,5.442923383853991e-05,-0.0002344944420565,-0.0011321817821388,-0.0015536552990187,-0.0001723193382864,-0.001422646040795,-0.0002193708390553,-0.0005696977233203,-0.0007497061319021,-0.0004961948890858,-0.0006346643357205,-0.0012761976977578,-0.0012427535800935,8.190379803358716e-05,-0.0055660259241763,-0.0069816752727906,-0.0046234321130324,-0.0074367112993473,-0.0014065607444635,-0.0033032822551475,-0.0069865566857706,-0.001332829791643,-0.0005473062873909,-0.0018672997141726,-0.0028278786875764,-0.0043494575623242,-0.0040690676648407,-6.906116893342611e-08,-0.0049473844090678,-1.905269928244907e-07,-0.0036770869144203,-5.468050891899472e-08,-2.8141954624148218e-08,-2.3177660526973938e-07,-0.0053575876715597,-0.0034834915408457,-0.0028309629064822,-0.0009280608385356,-0.0006325495494779,-0.0031058034562011,-2.573200757295771e-09,-0.0010368323294473,0.0034734561055755,-0.0026873537009202,-0.011417387570313,-0.0054847919465987,-0.0025485620665828,-0.004337682203966,-0.0015277609654139,0.0026114309075176,-0.0001858896634384,-0.000896688188016,-0.0070439800913419,-0.0006395040874345,0.0005019308210066,-0.001261194168379,-0.0013198691996266,-0.0164863380987482,-0.0046681370035012
la26.pt,20,10,0.0,99.0,52.05445544554456,50.0,26.179161937559524,99.0,30.25,75.0,0.2898796156363139,-1.0,9.0,4.445544554455446,4.0,2.909442624735666,10.0,2.0,7.0,0.3729372937293729,28.25,30.225135803222656,220,3800,202,4020,0.0935914486971085,0.0,19.0,18.81188118811881,19.0,1.8811881188118813,19.0,19.0,19.0,0.0099009900990099,0.0,1.0,0.99009900990099,1.0,0.099009900990099,1.0,1.0,1.0,0.0099009900990099,0.0108369045859809,2.0,20.0,2.1782178217821784,2.0,1.7821782178217829,18.0,2.0,2.0,0.0810081008100809,0.0208233830845771,0.4726368159203979,0.0323900300477809,0.0261965174129353,0.0444982762410347,0.4518134328358208,0.0226144278606965,0.0315696517412935,0.242987959354068,717,9798,52.57500076293945,25.78438186645508,717.0,1218.0,1051.5,200,easy,easy,True,1218.0,1218,1218,instances/la26,CPO in < 1 min,0.3021996030600732,0.0031704742919898,-0.0013612467963305,6.98988788174071e-05,3.550762040663408e-05,0.001278368172772,-0.0001853310885174,6.678381253762886e-05,-0.0003135730700595,-0.001091067447003,-0.0012228993578483,-0.001303558724478,-0.0045758531850805,-0.0007534341887958,-0.0027611890409834,-0.0015085183692032,-0.0004241155502922,-0.0012830192080522,-0.0054703586337232,-0.0038353293697351,-0.000475998078384,-0.0127469267356115,-0.0148739501947829,-0.0106462465616455,-0.0140898629517299,-0.0033009445349864,0.0037606473873787,0.0072813752358129,0.0032492114869736,-0.0007198497957194,0.0027869181668297,0.0033288067107582,0.0040797204818098,-0.0096370783637933,-5.3570016211113097e-08,-0.0110999065760717,-1.092875618461794e-07,-0.0093434610942078,-2.6559693107554013e-08,-1.1799850287402845e-08,-1.369469400235911e-07,-0.0115760376611771,-0.0098885737339225,0.0035198247751595,-0.0025984567660096,-0.0010799939821619,0.0028147788821764,-2.5280230497702475e-09,-0.0022100529092231,0.0042296027290187,0.0015606628583443,0.0089517173690352,0.0041725794258806,-0.0061985695327362,0.0089971612570614,0.0024979107630566,0.0019497233762602,-0.0020710296107807,-0.0028188664880357,-0.0153887078071353,-0.000363871343916,-0.0004444152489498,-0.0034101674344287,0.0009026387925094,0.0104425405514101,-0.0107547941354641
la27.pt,20,10,0.0,99.0,53.62376237623762,53.5,26.71497947629349,99.0,33.0,77.0,0.2871570484227153,-1.0,9.0,4.445544554455446,4.0,2.909442624735666,10.0,2.0,7.0,0.3729372937293729,29.034652709960938,31.075742721557617,220,3800,202,4020,0.0935914486971085,0.0,19.0,18.81188118811881,19.0,1.8811881188118813,19.0,19.0,19.0,0.0099009900990099,0.0,1.0,0.99009900990099,1.0,0.099009900990099,1.0,1.0,1.0,0.0099009900990099,0.0108369045859809,2.0,20.0,2.1782178217821784,2.0,1.7821782178217829,18.0,2.0,2.0,0.0810081008100809,0.0208233830845771,0.4726368159203979,0.0323900300477809,0.0261965174129353,0.0444982762410347,0.4518134328358208,0.0226144278606965,0.0315696517412935,0.242987959354068,686,10146,54.15999984741211,26.301794052124023,686.0,1188.0,1083.2,200,easy,easy,True,1235.0,1235,1235,instances/la27,OptalCP in < 1 min,0.2997635868612006,0.0032208705486389,-0.0012932628537114,6.979540778718678e-05,-0.0011841471413599,0.001385320534074,-0.0004321062208705,6.07058825035001e-05,0.0005403784240732,0.0025256146714633,-0.0010801864872532,-0.0014876598089564,-0.0046662930882347,-0.000757472517584,-0.002513570838437,-0.0016049176810021,-0.0003395582350054,-0.0012573316024513,-0.0057683586552879,-0.0051410017099752,-0.0004292256725235,-0.0129396211284947,-0.0156788004914473,-0.010597373956787,-0.0143461884331992,-0.0030709974339646,0.0038361692982523,0.007262378976563,0.0031360709376065,-0.0005923570915064,0.0027084053171899,0.0032545622056495,0.0039765081031242,-0.0099721797870239,-4.879857473481713e-08,-0.0114019315238126,-1.0262761593064057e-07,-0.0095314759324123,-1.223048838606971e-08,-1.1324709238966381e-08,-1.4136040831922481e-07,-0.0119065895025127,-0.00956704712252,0.0034373559284447,-0.0026492517597956,-0.0008953496759025,0.0027608450877624,-2.5300080757452648e-09,-0.0020534949594992,0.004200624864693,0.0016790350423832,0.0091216416759231,0.004127639939763,-0.0062243053375622,0.0088612072503434,0.0025026720473684,0.001670535859073,-0.0022460848637506,-0.0028171710071718,-0.0159265896228827,-0.0009028079300025,-0.0009724288432198,-0.0035267377816523,0.0010059334033701,0.0101419106759471,-0.0108287459483544
la28.pt,20,10,0.0,99.0,52.881188118811885,54.5,27.468537223562432,99.0,30.25,74.0,0.2994238480204507,-1.0,9.0,4.445544554455446,4.0,2.909442624735666,10.0,2.0,7.0,0.3729372937293729,28.663366317749023,31.112625122070312,220,3800,202,4020,0.0935914486971085,0.0,19.0,18.81188118811881,19.0,1.8811881188118813,19.0,19.0,19.0,0.0099009900990099,0.0,1.0,0.99009900990099,1.0,0.099009900990099,1.0,1.0,1.0,0.0099009900990099,0.0108369045859809,2.0,20.0,2.1782178217821784,2.0,1.7821782178217829,18.0,2.0,2.0,0.0810081008100809,0.0208233830845771,0.4726368159203979,0.0323900300477809,0.0261965174129353,0.0444982762410347,0.4518134328358208,0.0226144278606965,0.0315696517412935,0.242987959354068,756,9926,53.40999984741211,27.089147567749023,756.0,1216.0,1068.2,200,easy,easy,True,1216.0,1216,1216,instances/la28,CPO in < 1 min,0.3049382600239682,0.0030954110011805,-0.0013633039828932,6.679026486757444e-05,-0.0004708853540889,0.0005819825991491,0.0014622101566979,6.252279260997171e-05,-0.0003848850883564,-0.0013889461964842,-0.00108105789025,-0.0013524646306334,-0.0048630103595501,-0.0007559117177113,-0.0024909783302426,-0.0015278747292121,-0.000306898494193,-0.0011063928834155,-0.0058527651076737,-0.004823504461285,-0.0002009551234918,-0.0129426217714262,-0.0153307716009801,-0.0105691909544314,-0.014230692934297,-0.0031818749994767,0.0039216883030239,0.0073470883839668,0.0031856380172865,-0.0005972304642162,0.0026786773183748,0.0033919724553385,0.0040931209488937,-0.0094854970909747,-4.766382331671869e-08,-0.0110458071338614,-1.1098308601698357e-07,-0.0094948591632555,-1.6716536762245384e-08,-9.991614164123156e-09,-1.3778569822467586e-07,-0.0117115675851818,-0.0095679413408516,0.003776304131013,-0.0024959651230053,-0.0007915610075617,0.0027499391585039,-2.7292685360318204e-09,-0.0020113959008784,0.0040484246034191,0.0015245005201152,0.0090626777985457,0.0041989532280946,-0.0061356526331289,0.0089954844649358,0.0025006118728095,0.0018679357383332,-0.0022677793869689,-0.0026523012393969,-0.015755430346575,-0.0002046657346419,0.0027017897121867,-0.0034433569678727,0.000890987151983,0.0103295223273212,-0.0105899956233256
la29.pt,20,10,0.0,99.0,49.15346534653465,46.0,27.66420307103984,99.0,26.25,74.0,0.3244625953178457,-1.0,9.0,4.445544554455446,4.0,2.909442624735666,10.0,2.0,7.0,0.3729372937293729,26.79950523376465,29.77559471130371,220,3800,202,4020,0.0935914486971085,0.0,19.0,18.81188118811881,19.0,1.8811881188118813,19.0,19.0,19.0,0.0099009900990099,0.0,1.0,0.99009900990099,1.0,0.099009900990099,1.0,1.0,1.0,0.0099009900990099,0.0108369045859809,2.0,20.0,2.1782178217821784,2.0,1.7821782178217829,18.0,2.0,2.0,0.0810081008100809,0.0208233830845771,0.4726368159203979,0.0323900300477809,0.0261965174129353,0.0444982762410347,0.4518134328358208,0.0226144278606965,0.0315696517412935,0.242987959354068,723,9206,49.64500045776367,27.359806060791016,723.0,1105.0,992.9,200,medium,easy,False,1152.0,1152,1152,instances/la29,OptalCP in 5 min,0.3113922282473489,0.0032617987833094,-0.0012011356751827,6.945287340993488e-05,0.0001480038557852,0.000922697807365,0.0007482807909741,5.952035824025455e-05,2.9436590189080567e-05,-0.0013352680835304,-0.0012860642422194,-0.0011984736352678,-0.0043972189977594,-0.0007473376669574,-0.0024931332606758,-0.0015102859949156,-0.0003748983680599,-0.0012179394852966,-0.0054043252370972,-0.0028315160732536,8.164869240978951e-05,-0.0126599746242789,-0.0149533375118427,-0.0102976917581133,-0.0141365524977575,-0.0031990627749509,0.0041696180016151,0.0074980682878755,0.0032075966234626,-0.000618054282366,0.0028435539319433,0.0035215944738646,0.0040918905023753,-0.0091733700140748,-5.539621081832092e-08,-0.0107874967086203,-1.1186245156427229e-07,-0.0092769112851141,-9.856671839448031e-09,-7.17049355739043e-09,-1.3747083887836305e-07,-0.0114296194149598,-0.0092228758386535,0.0038121840655634,-0.0023654007269692,-0.0009766069539416,0.0028641949801327,-2.463635313410497e-09,-0.0019500886691799,0.004399148268766,0.0016252987891597,0.0092015948585124,0.0039941731432043,-0.0059712158972958,0.0092381186302149,0.0023584312026149,0.0019398872648123,-0.0020619856546256,-0.0025953696349841,-0.0152487325554774,-0.0002521406628381,0.0022670591516891,-0.0032508266853356,-0.0010332399868445,0.0101032108577008,-0.0104861057562332
la30.pt,20,10,0.0,99.0,52.87128712871287,55.0,28.13604269159577,99.0,30.0,78.75,0.3064374976823525,-1.0,9.0,4.445544554455446,4.0,2.9094426247356657,10.0,2.0,7.0,0.3729372937293729,28.658416748046875,31.405637741088867,220,3800,202,4020,0.0935914486971085,0.0,19.0,18.81188118811881,19.0,1.8811881188118813,19.0,19.0,19.0,0.0099009900990099,0.0,1.0,0.99009900990099,1.0,0.099009900990099,1.0,1.0,1.0,0.0099009900990099,0.0108369045859809,2.0,20.0,2.1782178217821784,2.0,1.7821782178217829,18.0,2.0,2.0,0.0810081008100809,0.0208233830845771,0.4726368159203979,0.0323900300477809,0.0261965174129353,0.0444982762410347,0.4518134328358208,0.0226144278606965,0.0315696517412935,0.242987959354068,726,9954,53.400001525878906,27.772647857666016,726.0,1355.0,1068.0,200,easy,easy,True,1355.0,1355,1355,instances/la30,CPO in < 1 min,0.30714258117005,0.0031921387757855,-0.0012876945609027,5.701197002639077e-05,-0.0005347139643253,0.000180742357688,0.0014045071027542,6.024272921611583e-05,-0.0003257588462602,0.0024406326285405,-0.0011421387636979,-0.0014054992565253,-0.0048533808900004,-0.0007317495291172,-0.0024914129603729,-0.0015303995505955,-0.0003054933102283,-0.0011198604874176,-0.005813602288124,-0.0047396372950926,-0.0002863658665163,-0.0129598297088703,-0.015410793475268,-0.010561441547405,-0.0143123646176676,-0.003242027054467,0.003889512502582,0.0073644501224192,0.0031171821809592,-0.0004746835132215,0.0027266025341944,0.0034504034081996,0.0041132976237683,-0.0097745593395306,-4.3454587305447054e-08,-0.0111511185902524,-1.1422480176187377e-07,-0.0095550036461165,-1.7822292093219006e-08,-8.394400751853915e-09,-1.373459762120285e-07,-0.0117486361181931,-0.0095447737585772,0.0037947315793957,-0.002416743268608,-0.0007126913176156,0.0027139539333367,-2.7292685360318204e-09,-0.0020143625334304,0.0040755751431853,0.0015628145272776,0.0090830802868107,0.0041654599160383,-0.0061273799559392,0.0090160028908218,0.0025214472748619,0.0018304615353591,-0.0022351362270406,-0.0029127885456185,-0.0160055964203184,-0.000181945711991,0.0027242905912988,-0.0033905407105566,0.0007485548651329,0.0102278919054514,-0.0108983059109976
la31.pt,30,10,0.0,99.0,50.30132450331126,50.0,26.69372396103516,99.0,27.0,74.0,0.3059481890854685,-1.0,9.0,4.4635761589403975,4.0,2.897303689301637,10.0,2.0,7.0,0.370860927152318,27.38245010375977,29.76154136657715,330,8700,302,9030,0.0957074651822842,0.0,29.0,28.807947019867548,29.0,2.352159024526893,29.0,29.0,29.0,0.0066225165562914,0.0,1.0,0.9933774834437086,1.0,0.0811089318802377,1.0,1.0,1.0,0.0066225165562914,0.0072605663241732,2.0,30.0,2.185430463576159,2.0,2.271050092646655,28.0,2.0,2.0,0.0842865743527996,0.0138102620893318,0.4817275747508306,0.0218374366533923,0.01753119232189,0.0378175213291656,0.4679173126614988,0.0150505721668512,0.0212521225544481,0.2515635508930256,717,14474,50.63666534423828,26.463647842407227,717.0,1784.0,1519.1,300,easy,easy,True,1784.0,1784,1784,instances/la31,CPO in < 1 min,0.3206164237548344,0.0031285383903089,-0.0017160856106477,6.394797853454058e-05,1.8187363349017663e-05,0.0008913546218876,-0.0006974951375473,6.996629270870396e-05,-0.0002989582470919,-0.0011973552004817,-0.0013957769290022,-0.0018936436531262,-0.0054179794571845,-0.000922531194833,-0.0030328666786833,-0.0018743434741495,-0.0003270985194907,-0.0015689443313311,-0.0065911272525776,-0.0027447669188998,0.0008280131540934,-0.0114567928258033,-0.0129423128626012,-0.0094043931172491,-0.0126551548059433,-0.0045621300678598,0.0042276477207648,0.0076066355504954,0.0035118173323917,-0.0012876199265855,0.0029030566971112,0.0036670435899644,0.0041497734570525,-0.008136600718817,-5.773737495509229e-08,-0.0097024246476998,-1.1125105105017565e-07,-0.0081720079869778,-6.9147542851182636e-09,-5.8945079443983655e-09,-1.4494296850652956e-07,-0.0102596394727092,-0.0084306067177129,0.003900429928069,-0.0032397628657596,-0.0010293422513292,0.0032091335480584,-2.481287217133905e-09,-0.0034917694601926,0.0043045882343539,0.0022749962744296,0.010566074391286,0.005577922291005,-0.0058854505805311,0.0096517677578902,0.0043556317236131,0.0030776171028919,-0.0035481939494665,-0.0034284402907121,-0.0148790073465977,0.0003554017027687,0.0001104148525085,-0.004037446744289,0.0019162475931223,0.0108926052488978,-0.0092943368740295
la32.pt,30,10,0.0,99.0,54.86423841059602,58.0,27.72997957926293,99.0,31.25,78.75,0.2907458235058771,-1.0,9.0,4.4635761589403975,4.0,2.897303689301637,10.0,2.0,7.0,0.370860927152318,29.663908004760746,31.99577522277832,330,8700,302,9030,0.0957074651822842,0.0,29.0,28.807947019867548,29.0,2.352159024526893,29.0,29.0,29.0,0.0066225165562914,0.0,1.0,0.9933774834437086,1.0,0.0811089318802377,1.0,1.0,1.0,0.0066225165562914,0.0072605663241732,2.0,30.0,2.185430463576159,2.0,2.271050092646655,28.0,2.0,2.0,0.0842865743527996,0.0138102620893318,0.4817275747508306,0.0218374366533923,0.01753119232189,0.0378175213291656,0.4679173126614988,0.0150505721668512,0.0212521225544481,0.2515635508930256,756,15813,55.22999954223633,27.45682144165039,756.0,1850.0,1656.9,300,easy,medium,False,1850.0,1850,1850,instances/la32,CPO in < 1 min,0.3431154623312323,0.0035360718369176,-0.0019019404693494,5.021195038425165e-05,0.0022309274174154,-0.000716680935858,0.0027044768447212,8.205848441533444e-05,0.0002026336104395,0.0023504271869141,-0.0009497932335414,-0.0019946064277796,-0.005813545460643,-0.0007623506071784,-0.0030978470097812,-0.0022172565594945,-0.0001311886333874,-0.0011465342230429,-0.0073631452344114,0.0040616190241251,0.0003974756455312,-0.0111045022277048,-0.0132952821087375,-0.008570515981612,-0.01280049209946,-0.0043692162133417,0.0044071865479753,0.0081601490295635,0.0033724727707076,-0.0013478943433381,0.0028632476939947,0.0035692273180371,0.0043174443573235,-0.0082152161444212,-4.6466749817584746e-08,-0.0093254754166501,-1.0761073604839761e-07,-0.0083635356661613,-5.964798345278075e-09,-1.0298907629207604e-08,-1.4311304507757329e-07,-0.0101230490720202,-0.0081263386782153,0.0040220229955256,-0.003355111603556,-0.0008094170760424,0.0031373170549787,-2.7469204397552283e-09,-0.002530109235198,0.0047657840088867,0.002253748616601,0.0109307082354565,0.0057281827866318,-0.0058816386503432,0.0098018985253622,0.004432848525618,0.0031618742351464,-0.0033484677670927,-0.0033744529824159,-0.0149826514561342,0.0011287808765486,0.0026054121247157,-0.0041276272002204,0.0020374668030567,0.0116811229829245,-0.0096114825375317
la33.pt,30,10,0.0,99.0,49.56622516556291,48.0,27.38372017794035,99.0,27.0,73.75,0.318726471794468,-1.0,9.0,4.4635761589403975,4.0,2.897303689301637,10.0,2.0,7.0,0.370860927152318,27.01490020751953,29.79418563842773,330,8700,302,9030,0.0957074651822842,0.0,29.0,28.807947019867548,29.0,2.352159024526893,29.0,29.0,29.0,0.0066225165562914,0.0,1.0,0.9933774834437086,1.0,0.0811089318802377,1.0,1.0,1.0,0.0066225165562914,0.0072605663241732,2.0,30.0,2.185430463576159,2.0,2.271050092646655,28.0,2.0,2.0,0.0842865743527996,0.0138102620893318,0.4817275747508306,0.0218374366533923,0.01753119232189,0.0378175213291656,0.4679173126614988,0.0150505721668512,0.0212521225544481,0.2515635508930256,723,14246,49.89666748046875,27.17313575744629,723.0,1719.0,1496.9,300,easy,easy,True,1719.0,1719,1719,instances/la33,CPO in < 1 min,0.3304288341643666,0.0032157897112056,-0.0015912139805264,6.363331910756151e-05,-1.8321221043762795e-05,0.0005211667693004,0.0016985255437052,6.958689896566738e-05,-0.0003980852435037,-0.0009479189574621,-0.0014747117227096,-0.0017582742839676,-0.005509448684328,-0.0008469327677174,-0.002940023504698,-0.0018737751088745,-0.0003074368791386,-0.0013467296607689,-0.0065933401004356,-0.0031485196030857,0.0007579968846675,-0.0111514495536329,-0.0127365898588025,-0.0089023410684745,-0.0124558640474509,-0.0045451585031793,0.0044320300367696,0.0077277062754092,0.0035137170804168,-0.0012018115357554,0.0029226000580645,0.0036812678650775,0.0042311496098226,-0.0077880564463394,-5.3933821155197854e-08,-0.0094491087563471,-1.123076995356383e-07,-0.0080640606098545,-2.98716304169118e-09,-6.0849946349116635e-09,-1.38565430644883e-07,-0.009784931075168,-0.0081157273568284,0.0041605219621608,-0.0031421497038352,-0.0009504538828766,0.00329791283672,-2.481287217133905e-09,-0.003458723740346,0.0044239804428338,0.0023042352769872,0.0106929415370371,0.0056588427235588,-0.005765083976423,0.0098027803242038,0.0045267628972606,0.0030789989161639,-0.0035842710499444,-0.0032854040151978,-0.0143143319744556,0.0002498791177175,0.0016174890062231,-0.0038874809091714,0.002007556705401,0.0111943941523797,-0.0089649319411879
la34.pt,30,10,0.0,99.0,50.79801324503311,49.0,27.891860642354786,99.0,27.0,74.0,0.3166627886747672,-1.0,9.0,4.4635761589403975,4.0,2.897303689301637,10.0,2.0,7.0,0.370860927152318,27.630794525146484,30.49418067932129,330,8700,302,9030,0.0957074651822842,0.0,29.0,28.807947019867548,29.0,2.352159024526893,29.0,29.0,29.0,0.0066225165562914,0.0,1.0,0.9933774834437086,1.0,0.0811089318802377,1.0,1.0,1.0,0.0066225165562914,0.0072605663241732,2.0,30.0,2.185430463576159,2.0,2.271050092646655,28.0,2.0,2.0,0.0842865743527996,0.0138102620893318,0.4817275747508306,0.0218374366533923,0.01753119232189,0.0378175213291656,0.4679173126614988,0.0150505721668512,0.0212521225544481,0.2515635508930256,656,14685,51.13666534423828,27.67353630065918,656.0,1721.0,1534.1,300,easy,easy,True,1721.0,1721,1721,instances/la34,CPO in < 1 min,0.3309397767451435,0.0033289281193812,-0.0016284537575277,5.818514269028269e-05,0.0001356561321355,0.000453094449635,0.0014951218248319,7.023680146623284e-05,-0.0004206770608234,-0.0012226993488556,-0.0015409304689646,-0.0017238316485653,-0.0054189338910947,-0.0008219021479486,-0.0028731419742913,-0.0018514404347919,-0.00030124292823,-0.0013531557782814,-0.0065054625605718,-0.003158172762412,0.0002256710929322,-0.0111889717513572,-0.0126818908618344,-0.0089013839193555,-0.0123965806799545,-0.0045965176782513,0.0043152926957207,0.0077131417704799,0.0035824525055834,-0.0012023731508755,0.0029420683056566,0.0037103461080862,0.0043612801600894,-0.0077939627459142,-4.32714275845064e-08,-0.0094316473576412,-1.126454515131717e-07,-0.0079638546175139,-1.0045628416465976e-08,-6.0470796344322045e-09,-1.364394495641388e-07,-0.0097989066165903,-0.0081955022640597,0.0041003134224035,-0.0031052379005997,-0.0010013698228382,0.0033309133205154,-2.5079933194703902e-09,-0.0034417439478093,0.0044593439956197,0.0023200506731421,0.0106872220964108,0.0056357002934214,-0.0057036939315877,0.0098506543983767,0.0044520032906936,0.0031276377801387,-0.0036015335179547,-0.0028828726807372,-0.014457717685651,0.0003370620126689,0.0018001883784215,-0.0033572020883765,0.0020052644103418,0.011056359178285,-0.0089714389728291
la35.pt,30,10,0.0,99.0,51.27483443708609,50.0,28.072882247603665,99.0,27.25,77.0,0.3158204799774189,-1.0,9.0,4.4635761589403975,4.0,2.8973036893016366,10.0,2.0,7.0,0.370860927152318,27.86920547485352,30.75815391540528,330,8700,302,9030,0.0957074651822842,0.0,29.0,28.807947019867548,29.0,2.352159024526893,29.0,29.0,29.0,0.0066225165562914,0.0,1.0,0.9933774834437086,1.0,0.0811089318802377,1.0,1.0,1.0,0.0066225165562914,0.0072605663241732,2.0,30.0,2.185430463576159,2.0,2.271050092646655,28.0,2.0,2.0,0.0842865743527996,0.0138102620893318,0.4817275747508306,0.0218374366533923,0.01753119232189,0.0378175213291656,0.4679173126614988,0.0150505721668512,0.0212521225544481,0.2515635508930256,647,14838,51.61666488647461,27.85132598876953,647.0,1888.0,1548.5,300,easy,medium,False,1888.0,1888,1888,instances/la35,CPO in < 1 min,0.3312314562625774,0.0033687559810097,-0.0017989869372111,5.660998720151913e-05,4.750961098044597e-05,0.0004456553035246,0.0015155078655842,7.12901939539858e-05,-0.0004090068454673,0.0023314717830171,-0.0015284619060082,-0.0018492588270572,-0.0057295585354019,-0.000865344596514,-0.0029125353157403,-0.0017821627359758,-0.0003281610132584,-0.00134829558813,-0.0066457094336485,-0.0037364101319714,0.000765516036931,-0.0112243441430142,-0.0127812163109255,-0.0089607797756751,-0.0125974257650878,-0.0046034715312304,0.0043031088305097,0.0077268531724693,0.0034960637888427,-0.0013909446343068,0.0029136919404395,0.0036919078089364,0.0043765797360482,-0.0079841812887703,-4.353846667910499e-08,-0.0095207017685354,-1.1378109054865765e-07,-0.0083231949648482,-9.538512069029582e-09,-6.461484451513754e-09,-1.3976124023085594e-07,-0.0100265177334107,-0.0082359388566462,0.0041050862256045,-0.0030707753096512,-0.0009477694094076,0.0033785210691205,-2.5079933194703902e-09,-0.0035048469517106,0.0045348162747196,0.0023121157880622,0.0107815030147643,0.0057001709213242,-0.0057774703474688,0.0098315712153853,0.0043977136278717,0.0030783558553595,-0.0036130468410445,-0.0031044101200714,-0.0147188066309274,0.0004084471096566,0.0017957243350126,-0.0034612566773336,0.0020532791528898,0.011101551359377,-0.0094569615079165
la36.pt,15,15,0.0,99.0,51.7136563876652,50.0,25.553294714611624,99.0,30.5,74.0,0.2846485208948071,-1.0,14.0,6.929515418502203,7.0,4.365903253500387,15.0,3.0,11.0,0.3612334801762114,29.32158660888672,28.93822479248047,240,3150,227,3390,0.0614011149662781,0.0,14.0,13.876651982378856,14.0,1.3083032955874447,14.0,14.0,14.0,0.0088105726872247,0.0,1.0,0.9911894273127754,1.0,0.0934502353991032,1.0,1.0,1.0,0.0088105726872247,0.0093563603758138,2.0,15.0,2.1145374449339207,2.0,1.2148530601883412,13.0,2.0,2.0,0.0536894273127752,0.0294618157980989,0.4646017699115044,0.0427559679284758,0.0376427400852179,0.0406580790965292,0.4351399541134054,0.0315070468698787,0.0478688954441166,0.1951230419424712,948,10791,52.17333221435547,25.195083618164062,948.0,1028.0,782.6,225,easy,medium,False,1268.0,1268,1268,instances/la36,CPO in < 1 min,0.3268606296030277,-0.0009987820819683,0.0005458717069869,0.0001090645462857,0.0004145656868244,0.0002832132562724,0.0008488907422606,0.0001908568341965,-4.844026390716365e-05,-0.0012187521580211,-0.0005864494379125,0.0006296723319619,0.0003182237071459,0.0002039211514576,0.0007536684646432,0.0002576401196415,4.569482342266232e-05,-0.0001057993959809,-3.814096361772734e-05,-0.0005823008530515,0.0001004767959776,-0.0047445221270823,-0.0059061889273391,-0.0029327048154858,-0.0060503026677,0.0006294880586075,-0.0030919853063914,-0.0038179318341761,0.0002381879585004,0.001894819282078,-0.0008667917074802,-0.0024414787634184,-0.003539582342181,-0.0028900303719079,-1.0145704345250629e-07,-0.0034703839768282,-1.981358265335415e-07,-0.0028641579610863,-3.5262595048927815e-08,-2.984058303715851e-08,-2.3494366532400545e-07,-0.0041310787736777,-0.0025645605763255,-0.0020670985665998,0.0011261602068321,0.0010111644691243,-0.0026707112941099,-2.4878289640551318e-09,0.0006932702095677,0.0025974079899832,-0.0016749264444277,-0.0055147763813223,-0.007601398554861,-0.0016822728676911,-0.0012461856293192,0.0009312385411273,-0.0014459879196654,0.0009892765451155,0.000241391683213,-0.0055192119903819,-0.0003424449386488,0.0005067011143887,4.4562121601933056e-05,0.0002486360667781,-0.0077004743769004,-0.0035173247110924
la37.pt,15,15,0.0,99.0,55.37004405286344,58.0,27.20787301026217,99.0,35.0,78.5,0.2823533040348553,-1.0,14.0,6.929515418502203,7.0,4.365903253500387,15.0,3.0,11.0,0.3612334801762114,31.1497802734375,31.085140228271484,240,3150,227,3390,0.0614011149662781,0.0,14.0,13.876651982378856,14.0,1.3083032955874447,14.0,14.0,14.0,0.0088105726872247,0.0,1.0,0.9911894273127754,1.0,0.0934502353991032,1.0,1.0,1.0,0.0088105726872247,0.0093563603758138,2.0,15.0,2.1145374449339207,2.0,1.2148530601883412,13.0,2.0,2.0,0.0536894273127752,0.0294618157980989,0.4646017699115044,0.0427559679284758,0.0376427400852179,0.0406580790965292,0.4351399541134054,0.0315070468698787,0.0478688954441166,0.1951230419424712,986,11583,55.86222076416016,26.820781707763672,986.0,980.0,837.9333333333333,225,easy,medium,False,1397.0,1397,1397,instances/la37,CPO in < 1 min,0.3316483526312447,-0.0011514975487369,0.0004742826238189,9.890294459678788e-05,0.0019954367343807,-0.0001798381094953,0.0004998162850577,0.0001223662752088,0.0011033151457788,0.000987395507123,0.0016564655526893,0.0005698305572745,0.0001228265564817,0.0001029860035373,0.0007383837444072,0.000149759745168,7.432736133978586e-05,5.265745671679128e-05,-7.54887760537393e-05,0.0010727850667998,0.001171103876114,-0.0050750795215765,-0.0062214686582687,-0.003178135884996,-0.0062880017854456,0.0006615455534176,-0.0031056559582832,-0.0040712338427319,8.140975134243933e-05,0.0016890597980759,-0.0007805303222422,-0.0020719261023643,-0.0038309643144219,-0.0031512344948098,-6.556839772241271e-08,-0.0034703650442553,-2.055694608967865e-07,-0.0033049725665365,-1.7117939078365148e-08,-3.0536221973629046e-08,-2.174862576374903e-07,-0.0044779324219702,-0.0027435453560241,-0.0020832274324518,0.0011671438074899,0.0007828271650975,-0.0025577935001673,-2.589126689422367e-09,0.0004537256182752,0.0021068163786993,-0.0016359729949758,-0.0074573824491021,-0.0070982023844652,-0.0017239913626513,-0.002848855911214,0.0011699157981681,-0.0014700740711021,0.0008922222567743,0.000279548494084,-0.0052620679941576,0.0016723925321848,0.0003012424490858,2.960760983084661e-05,-9.713068165460002e-05,-0.0066438102066465,-0.0034551737507051
la38.pt,15,15,0.0,99.0,49.41409691629956,49.0,27.974900242319,99.0,24.0,72.0,0.3264459742704886,-1.0,14.0,6.929515418502203,7.0,4.365903253500387,15.0,3.0,11.0,0.3612334801762114,28.17180633544922,29.19011878967285,240,3150,227,3390,0.0614011149662781,0.0,14.0,13.876651982378856,14.0,1.3083032955874447,14.0,14.0,14.0,0.0088105726872247,0.0,1.0,0.9911894273127754,1.0,0.0934502353991032,1.0,1.0,1.0,0.0088105726872247,0.0093563603758138,2.0,15.0,2.1145374449339207,2.0,1.2148530601883412,13.0,2.0,2.0,0.0536894273127752,0.0294618157980989,0.4646017699115044,0.0427559679284758,0.0376427400852179,0.0406580790965292,0.4351399541134054,0.0315070468698787,0.0478688954441166,0.1951230419424712,943,10274,49.85333251953125,27.70656967163086,943.0,876.0,747.8,225,easy,easy,True,1196.0,1196,1196,instances/la38,OptalCP in < 1 min,0.305544019505891,-0.0011275634425988,0.0002967959647185,0.0001043433932831,0.0001799450462673,0.0001128254287948,0.0003409878272538,0.0001384018186165,-0.000341106181344,0.0003985003065053,-0.0018425618939063,0.0005072718879424,0.0002464193977754,9.338697910557728e-05,0.0005701705557566,0.0003736826101827,0.0001523060507015,-0.0001317741675322,0.000187642261598,-0.0008895017573289,0.0002262566936306,-0.0049679117579339,-0.0061620764642072,-0.003016815197941,-0.0062548524755582,0.0003468288171463,-0.0031805958782966,-0.0051535171095767,-0.0001499675948597,0.001517337867954,-0.0013272879041766,-0.0027974381435273,-0.0039272056672043,-0.0031336773009144,-1.191961979801699e-07,-0.0035386198656143,-2.2551976645766534e-07,-0.0032436204053797,-3.0551695537225e-08,-2.108978378652611e-08,-2.085638866126612e-07,-0.0042017845906238,-0.0025201727869751,-0.0026262022841754,0.0006043178802685,0.0007333341485638,-0.0031011234599579,-3.256683885765656e-09,0.0008238151245836,0.0019191677328654,-0.0016528553292341,-0.0070575701529475,-0.007155371411687,-0.0016378009562793,-0.0024329912713068,1.0304717333054298e-05,-0.0015862188889947,0.0009351620831034,4.997160003151391e-05,-0.0058452294277499,-0.0005408912678637,0.000323409086363,4.610898781498523e-05,-0.0007506973070604,-0.0147263142273418,-0.003553096311291
la39.pt,15,15,0.0,99.0,50.89867841409691,51.0,26.66951183823083,99.0,27.0,72.5,0.3022192668938575,-1.0,14.0,6.929515418502203,7.0,4.365903253500387,15.0,3.0,11.0,0.3612334801762114,28.91409683227539,29.12874412536621,240,3150,227,3390,0.0614011149662781,0.0,14.0,13.876651982378856,14.0,1.3083032955874447,14.0,14.0,14.0,0.0088105726872247,0.0,1.0,0.9911894273127754,1.0,0.0934502353991032,1.0,1.0,1.0,0.0088105726872247,0.0093563603758138,2.0,15.0,2.1145374449339207,2.0,1.2148530601883412,13.0,2.0,2.0,0.0536894273127752,0.0294618157980989,0.4646017699115044,0.0427559679284758,0.0376427400852179,0.0406580790965292,0.4351399541134054,0.0315070468698787,0.0478688954441166,0.1951230419424712,922,10632,51.351112365722656,26.35056495666504,922.0,1012.0,770.2666666666667,225,easy,medium,False,1233.0,1233,1233,instances/la39,CPO in < 1 min,0.3220852707564837,-0.000857695890858,0.0004345346982088,0.0001054940506696,0.0001958157158029,0.0002307806471942,-0.0001437870108557,0.0001334338399449,-2.657811882441898e-06,0.0005426280955319,-0.0012258472155993,0.0005959733000874,0.0002398855540089,0.0001099865249071,0.0006185246848318,0.0003711756188858,0.000150585300324,-8.005068171323203e-05,0.0001409281135211,-0.0011039485828444,0.0001388439972914,-0.0048218714003342,-0.0059838188106054,-0.0029635373888446,-0.0060153181698569,0.0005379558220678,-0.0027840007401293,-0.0038925620442279,0.0004141118666374,0.0016121725051455,-0.0010468051010221,-0.002457477477631,-0.0036098497059678,-0.003171152544663,-1.2595722935893408e-07,-0.0035214564700536,-2.1621105725328842e-07,-0.0030775145523046,-3.434045474923776e-08,-2.2570022155165712e-08,-2.299822453598129e-07,-0.0041943215797453,-0.0024068793701671,-0.0022028778371267,0.0008309293449404,0.0008439720215995,-0.0027612821079197,-3.256683885765656e-09,0.0008097240812775,0.0024445200003488,-0.0013680008143659,-0.0061108715556237,-0.007067542837509,-0.0017529507730363,-0.001329016187348,0.0004533548766501,-0.0012802502866191,0.001014527689795,0.0002091139056411,-0.0055916319059333,-0.0002396800147914,-0.0009277155999662,5.301160332291469e-05,0.0002149511431554,-0.0087872694087995,-0.0034617363464042
la40.pt,15,15,0.0,99.0,50.5374449339207,49.0,27.57020927172326,99.0,26.5,73.0,0.3146024182994489,-1.0,14.0,6.929515418502203,7.0,4.365903253500387,15.0,3.0,11.0,0.3612334801762114,28.73348045349121,29.41090965270996,240,3150,227,3390,0.0614011149662781,0.0,14.0,13.876651982378856,14.0,1.3083032955874447,14.0,14.0,14.0,0.0088105726872247,0.0,1.0,0.9911894273127754,1.0,0.0934502353991032,1.0,1.0,1.0,0.0088105726872247,0.0093563603758138,2.0,15.0,2.1145374449339207,2.0,1.2148530601883412,13.0,2.0,2.0,0.0536894273127752,0.0294618157980989,0.4646017699115044,0.0427559679284758,0.0376427400852179,0.0406580790965292,0.4351399541134054,0.0315070468698787,0.0478688954441166,0.1951230419424712,955,10517,50.98666763305664,27.27578926086425,955.0,1027.0,764.8,225,easy,easy,True,1222.0,1222,1222,instances/la40,OptalCP in < 1 min,0.3104723646432024,-0.0011062892849719,0.0003174711302256,0.0001052993232427,0.0001656862250816,0.0001541990084312,0.0005322538354724,0.0001401844359194,-0.0002117116801638,0.0004715459881271,-0.0017027477012813,0.0005203192594233,0.0002720608516357,9.418832006090402e-05,0.0005889157485143,0.0003306632949756,0.000147883138297,-7.271991317007339e-05,0.000146328496982,-0.0010433614941221,8.073316241874143e-05,-0.0048911206592953,-0.0061172902943578,-0.0030342051114368,-0.0061989125564875,0.0003864248986362,-0.003215971996721,-0.0048948897622455,-3.5220821155858654e-05,0.0015062925386133,-0.0011972800330645,-0.0028247600537906,-0.0038689750418536,-0.0031177082487675,-1.1978813570403338e-07,-0.0035744235271624,-2.178934633721862e-07,-0.0033045852635514,-3.1531044128707815e-08,-2.190783279512093e-08,-2.01507613393691e-07,-0.0042059183889084,-0.0024650629553693,-0.0025472269048163,0.0006971123810148,0.0007030241342324,-0.0030422799687965,-2.4137464788994808e-09,0.000831506658588,0.0020042269242867,-0.001593433248645,-0.0067353487359282,-0.0072543835686794,-0.0017325103030064,-0.0023055787016229,0.000139588031331,-0.0013831084126048,0.0009596518773333,0.0001287655686913,-0.0056661106997278,-0.0004132136873842,0.000273773938546,2.1198175572251263e-05,0.0004923747267347,-0.0134100243393265,-0.0034526853260694
orb01.pt,10,10,0.0,99.0,53.02941176470589,51.5,29.2422122638721,99.0,30.25,81.75,0.3173523430448164,-1.0,9.0,4.392156862745098,4.0,2.944442630917884,10.0,2.0,7.0,0.3790849673202614,28.71078491210937,31.98880958557129,110,900,102,1010,0.087361677344205,0.0,9.0,8.823529411764707,9.0,1.2478354962115543,9.0,9.0,9.0,0.0196078431372548,0.0,1.0,0.9803921568627452,1.0,0.1386483884679505,1.0,1.0,1.0,0.0196078431372548,0.021355076684139,2.0,10.0,2.156862745098039,2.0,1.1091871077436042,8.0,2.0,2.0,0.071301247771836,0.0422970297029703,0.4455445544554455,0.0626286158027567,0.0518019801980198,0.0553389451234287,0.4032475247524753,0.0454653465346534,0.0613069306930693,0.2171328543816779,695,4714,54.09000015258789,28.5454330444336,695.0,643.0,540.9,100,easy,easy,True,1059.0,1059,1059,instances/orb01,CPO in < 1 min,0.0465401577002672,-0.0103443030502564,-0.0004517676140537,0.0003323502143687,-0.0005462175059781,1.7588274406620617e-05,4.439618525174319e-05,0.0003518495738532,-0.0001943191953085,0.0014039624852187,-0.0008771695576386,-0.0003438833727398,-0.0013039651952219,-0.0001099388049686,-0.0006532072269685,-0.000439988587398,-0.000106577637114,-0.0003898280572202,-0.0018850564248809,-0.0016684201625222,0.0002898948103709,-0.0079545314134962,-0.0094993883634609,-0.0058315286928736,-0.0090108311701231,-0.000776871169368,-0.0137970666403996,-0.0245744095203323,-0.0100862044806944,-0.0001588333197216,-0.0092716106364225,-0.0117821078009392,-0.0145786721826634,-0.0058016412651037,-3.015553234141053e-07,-0.0064960826016666,-2.085134321683337e-06,-0.0043915728833359,-1.3499143341427225e-07,-7.27783979703732e-08,-2.126263430688809e-06,-0.0056350657708347,-0.0046418177124706,-0.0122127409530142,4.550021969892619e-05,-4.334345876053976e-05,-0.0105235047714955,-8.590120144689481e-09,-0.0003058368471965,-0.0108015853134632,-0.0078245710858785,-0.0333010967363468,-0.0148139092382612,-0.0021166138320908,-0.0295037465615421,-0.0104864541784391,-0.0076551948788173,-0.0001799644824456,-0.0008824475642387,-0.0094403228737275,-0.0005418805369207,0.0006838654557353,-0.000999564843971,-0.0055676175181641,-0.03434976366416,-0.0063518291476353
orb02.pt,10,10,0.0,99.0,51.51960784313726,54.0,29.376437934653783,99.0,23.25,77.5,0.3276002313389676,-1.0,9.0,4.392156862745098,4.0,2.944442630917884,10.0,2.0,7.0,0.3790849673202614,27.955883026123047,31.48128890991211,110,900,102,1010,0.087361677344205,0.0,9.0,8.823529411764707,9.0,1.2478354962115543,9.0,9.0,9.0,0.0196078431372548,0.0,1.0,0.9803921568627452,1.0,0.1386483884679505,1.0,1.0,1.0,0.0196078431372548,0.021355076684139,2.0,10.0,2.156862745098039,2.0,1.1091871077436042,8.0,2.0,2.0,0.071301247771836,0.0422970297029703,0.4455445544554455,0.0626286158027567,0.0518019801980198,0.0553389451234287,0.4032475247524753,0.0454653465346534,0.0613069306930693,0.2171328543816779,620,4635,52.54999923706055,28.74173927307129,620.0,671.0,525.5,100,easy,easy,True,888.0,888,888,instances/orb02,CPO in < 1 min,0.0464512638746687,-0.0105261617150688,-0.0004834244921101,0.0003611387171651,-0.0004670698844724,0.000220115584356,2.9709806532374825e-05,0.0003569568050202,-0.0001146300081724,0.0012392799042062,-0.0009074340252386,-0.0003515278510712,-0.001312943189984,-9.079989740974822e-05,-0.0006907353023038,-0.0004198316343396,-0.0001175700411402,-0.0003933403176808,-0.0019009545792674,-0.0015159000426344,0.0002697762276345,-0.0078925441799213,-0.0095408826815893,-0.0057200540978073,-0.0089644116355015,-0.0008180475452727,-0.0138451187173446,-0.0245894432381877,-0.0102037949377802,-0.0001903490111739,-0.0090951487668326,-0.0119513207881562,-0.0145460604569006,-0.0058644515479784,-1.624363633094848e-07,-0.0065167839886941,-1.1326732293968158e-06,-0.0044508517103078,-1.4396117381570884e-07,-6.648080813473433e-08,-1.6390654376687162e-06,-0.0055622511789998,-0.0046106868112558,-0.0124332833281591,3.4018498177439736e-05,-7.453647876514957e-05,-0.0105656285667176,-1.3953615579878453e-08,-0.0003359611311596,-0.0106816288865907,-0.0079451374130908,-0.0334871655214771,-0.0149491962950819,-0.0021738607866223,-0.029586130903304,-0.0103414603398386,-0.0077089705056388,-0.0001714909887571,-0.0009686558432819,-0.0095118187235636,-0.0002945475737928,0.0006625820318337,-0.0010223970244069,-0.0050249343768571,-0.0341973844187988,-0.0064707880462632
orb03.pt,10,10,0.0,99.0,51.88235294117647,51.5,28.73690464509556,99.0,25.0,81.0,0.3187311961821766,-1.0,9.0,4.392156862745098,4.0,2.944442630917884,10.0,2.0,7.0,0.3790849673202614,28.13725471496582,31.3220272064209,110,900,102,1010,0.087361677344205,0.0,9.0,8.823529411764707,9.0,1.2478354962115543,9.0,9.0,9.0,0.0196078431372548,0.0,1.0,0.9803921568627452,1.0,0.1386483884679505,1.0,1.0,1.0,0.0196078431372548,0.021355076684139,2.0,10.0,2.156862745098039,2.0,1.1091871077436042,8.0,2.0,2.0,0.071301247771836,0.0422970297029703,0.4455445544554455,0.0626286158027567,0.0518019801980198,0.0553389451234287,0.4032475247524753,0.0454653465346534,0.0613069306930693,0.2171328543816779,648,4644,52.91999816894531,28.060890197753903,648.0,624.0,529.2,100,easy,easy,True,1005.0,1005,1005,instances/orb03,CPO in < 1 min,0.0462916298391451,-0.0104953953249457,-0.000451828650379,0.0003585418735991,-0.000420810532426,4.364850214512867e-05,4.384389321875394e-05,0.0003603125941932,-0.000115119734179,0.0014132618322142,-0.0008830863381597,-0.0003351077893501,-0.0012846649668575,-9.192617987725589e-05,-0.0006749865062001,-0.0004113441470781,-0.000115388159199,-0.0003836477703839,-0.0018877034550024,-0.0014705937153634,0.0002256359163296,-0.0078774931463258,-0.009431587198562,-0.0057479481810042,-0.0090313519832152,-0.0007945735671191,-0.0138641594639758,-0.0246297800967659,-0.0101782325038983,-0.0001982658353248,-0.0091846035067219,-0.0119976166292034,-0.0146058666993266,-0.0058306600430378,-1.2814196114661624e-07,-0.006461648648378,-1.0893553920837945e-06,-0.0043947606320659,-1.4799522486065185e-07,-7.192416086102728e-08,-1.6331676491721458e-06,-0.0055913106651926,-0.0045450142927528,-0.012342145030206,4.414669719034618e-05,-4.510600517112815e-05,-0.0106052380783313,-8.590120144689481e-09,-0.0003160944445184,-0.0106607940368295,-0.0079338171088294,-0.033431104756728,-0.0148706107386952,-0.0021640809350455,-0.0296231706741617,-0.0104260017423611,-0.0076736900849438,-0.0001684997648765,-0.0009621012646666,-0.0094517093662582,-0.0002465309897134,0.0007139998650783,-0.0010374985972508,-0.0057327690370921,-0.034315281758515,-0.0063963076809855
orb04.pt,10,10,0.0,98.0,55.1764705882353,57.0,27.281183547979488,98.0,34.0,78.75,0.2840210711150133,-1.0,9.0,4.392156862745098,4.0,2.944442630917884,10.0,2.0,7.0,0.3790849673202614,29.784313201904297,31.95665740966797,110,900,102,1010,0.087361677344205,0.0,9.0,8.823529411764707,9.0,1.2478354962115543,9.0,9.0,9.0,0.0196078431372548,0.0,1.0,0.9803921568627452,1.0,0.1386483884679505,1.0,1.0,1.0,0.0196078431372548,0.021355076684139,2.0,10.0,2.156862745098039,2.0,1.1091871077436042,8.0,2.0,2.0,0.071301247771836,0.0422970297029703,0.4455445544554455,0.0626286158027567,0.0518019801980198,0.0553389451234287,0.4032475247524753,0.0454653465346534,0.0613069306930693,0.2171328543816779,753,4875,56.27999877929688,26.40154266357422,753.0,759.0,562.8,100,easy,easy,True,1005.0,1005,1005,instances/orb04,CPO in < 1 min,0.0531160704483012,-0.0104105293390631,-0.0004758763805289,-0.0003304787494588,0.0011570054785786,-0.0002530138399858,0.0001865504817526,-0.0002755946136035,0.0003056610178922,0.0013071441516559,-0.0001017716246013,-0.0003543500880305,-0.0013035064629415,-0.0001002011545999,-0.0006020793874619,-0.0005568787659557,-6.656456686267381e-05,-0.0003936623987311,-0.0019274122351287,-0.0002427427657145,0.000266710247095,-0.0076568907755316,-0.0095703475420194,-0.0057968338721882,-0.0092449136949389,-0.0006985888009006,-0.0135782289963134,-0.0244673001870523,-0.0103027174928599,-0.000221302104562,-0.0092080894644465,-0.0114431830432587,-0.0145223460675528,-0.0057890025013775,-1.8087715821405733e-07,-0.0062707299942159,-4.962090700240726e-06,-0.0044210197611013,-1.1272786288682674e-08,-5.2197399959294544e-08,-2.664563650658007e-06,-0.005468191229471,-0.0045927426453094,-0.0120262543289592,9.215524430518016e-05,-0.0001157787888712,-0.0104701267666064,-8.328312711924418e-09,-0.000256491013063,-0.0111266550442539,-0.0078199557131699,-0.0335929272299395,-0.0156648873820898,-0.0022353723405721,-0.0298480292458482,-0.0105978651463719,-0.007947089068583,-0.0001115404116119,-0.0008381735032038,-0.0088554056354595,0.0007702703638567,-0.0004005742469184,-0.0009931350625945,-0.0016635527550882,-0.0343793678541881,-0.006251621420801
orb05.pt,10,10,0.0,99.0,48.11764705882353,47.5,27.79663335435097,99.0,24.25,73.0,0.3321587803825687,-1.0,9.0,4.392156862745098,4.0,2.944442630917884,10.0,2.0,7.0,0.3790849673202614,26.254901885986328,29.472715377807617,110,900,102,1010,0.087361677344205,0.0,9.0,8.823529411764707,9.0,1.2478354962115543,9.0,9.0,9.0,0.0196078431372548,0.0,1.0,0.9803921568627452,1.0,0.1386483884679505,1.0,1.0,1.0,0.0196078431372548,0.021355076684139,2.0,10.0,2.156862745098039,2.0,1.1091871077436042,8.0,2.0,2.0,0.071301247771836,0.0422970297029703,0.4455445544554455,0.0626286158027567,0.0518019801980198,0.0553389451234287,0.4032475247524753,0.0454653465346534,0.0613069306930693,0.2171328543816779,584,4324,49.08000183105469,27.218994140625,584.0,630.0,490.8,100,easy,easy,True,887.0,887,887,instances/orb05,CPO in < 1 min,0.0481787795769492,-0.0102892535858557,-0.0004172143499686,0.0003268231698784,-0.0002426587907505,0.0001179048157408,-3.9345100756639926e-05,0.00033042682489,-0.0001135150832055,-0.0006614563931349,-0.0008011494741296,-0.0003401642664981,-0.0012269945502965,-9.619635871172167e-05,-0.0006647481139908,-0.0004230153086289,-0.0001168813185283,-0.0004008673811299,-0.0018354028190679,-0.0009097393732489,0.0002549665027779,-0.0077268269534217,-0.0091411985250831,-0.0056483449706197,-0.0090126355739751,-0.000771079723065,-0.0139400497949116,-0.0247219347073388,-0.0101409103823183,-0.0002226203870672,-0.0091032460326424,-0.0119733266012005,-0.0145938624252492,-0.0056421870663598,-2.009284329434455e-07,-0.006492601568132,-1.1309113928573702e-06,-0.0043166884190295,-3.8386860195055945e-08,-1.183311301099058e-07,-1.6644679077401576e-06,-0.0054953785518407,-0.0045595695000479,-0.0124212961161705,-1.2930950226876484e-05,-6.954895262485798e-05,-0.0106718369136589,-1.2162757065835998e-08,-0.000316806912201,-0.0105159657809635,-0.0080023353606288,-0.0328548524733697,-0.0149061069797882,-0.0021077723984627,-0.0293454403481485,-0.0102419407797756,-0.0075966619850152,-0.0001747175950473,-0.0009211105883026,-0.009004593700375,-0.0001243307447394,0.0006889055586536,-0.0009680088407888,-0.0055327442018241,-0.0343440600557974,-0.00620330327553
orb06.pt,10,10,0.0,99.0,55.03921568627451,54.5,27.35027747238087,99.0,36.5,79.25,0.2853300921366053,-1.0,9.0,4.392156862745098,4.0,2.944442630917884,10.0,2.0,7.0,0.3790849673202614,29.715686798095703,31.93172073364257,110,900,102,1010,0.087361677344205,0.0,9.0,8.823529411764707,9.0,1.2478354962115543,9.0,9.0,9.0,0.0196078431372548,0.0,1.0,0.9803921568627452,1.0,0.1386483884679505,1.0,1.0,1.0,0.0196078431372548,0.021355076684139,2.0,10.0,2.156862745098039,2.0,1.1091871077436042,8.0,2.0,2.0,0.071301247771836,0.0422970297029703,0.4455445544554455,0.0626286158027567,0.0518019801980198,0.0553389451234287,0.4032475247524753,0.0454653465346534,0.0613069306930693,0.2171328543816779,715,4899,56.13999938964844,26.48019027709961,715.0,659.0,561.4,100,easy,easy,True,1010.0,1010,1010,instances/orb06,CPO in < 1 min,0.0489450308283425,-0.0104088082716589,-0.0004465170660133,0.0003238562301394,0.0011663644602293,0.0001491853901814,0.0002463357777544,0.000338716647783,0.0003325956442307,0.0013038525319442,-0.0002873945394034,-0.000358645526787,-0.001306865680236,-9.100517516745515e-05,-0.0006146081607674,-0.0004763247818214,-8.157387379570684e-05,-0.0003877327911439,-0.0019274424688278,-0.0002302919552372,0.0003551418064539,-0.0080695862125188,-0.0096388841742649,-0.0060020341695807,-0.0092095481765659,-0.0006594909610618,-0.013725702027527,-0.0247624744380885,-0.0103538987019511,-0.0001450168066308,-0.0092871173536771,-0.0116489518649763,-0.0145040553876107,-0.0059168000670705,-2.9588859901236894e-07,-0.0065792337053173,-1.0736089099074323e-06,-0.0045875612297799,-1.0024851679799382e-08,-3.925518473645048e-08,-2.66265710990474e-06,-0.005677320416699,-0.0046678221805203,-0.0122654019098773,0.0001526776279322,-4.471732568381086e-05,-0.0106331416940716,-1.2785722034399778e-08,-0.0002810448411458,-0.0109364520813858,-0.0078331926323295,-0.0338571543185783,-0.0155377732316468,-0.0021975986545875,-0.0299675879118153,-0.0104543612499927,-0.0078585122921615,-8.66794752103109e-05,-0.0008845831819108,-0.0093374493344573,0.0007824948175457,0.0004219410138195,-0.0009629797752285,-0.0050439331500209,-0.034695519187566,-0.0065735927840588
orb07.pt,10,10,0.0,59.0,23.59803921568628,21.5,11.82242784189836,59.0,15.0,29.0,0.2751166939563527,-1.0,9.0,4.392156862745098,4.0,2.944442630917884,10.0,2.0,7.0,0.3790849673202614,13.995098114013672,12.90101718902588,110,900,102,1010,0.087361677344205,0.0,9.0,8.823529411764707,9.0,1.2478354962115543,9.0,9.0,9.0,0.0196078431372548,0.0,1.0,0.9803921568627452,1.0,0.1386483884679505,1.0,1.0,1.0,0.0196078431372548,0.021355076684139,2.0,10.0,2.156862745098039,2.0,1.1091871077436042,8.0,2.0,2.0,0.071301247771836,0.0422970297029703,0.4455445544554455,0.0626286158027567,0.0518019801980198,0.0553389451234287,0.4032475247524753,0.0454653465346534,0.0613069306930693,0.2171328543816779,275,2132,24.06999969482422,11.454479217529297,275.0,286.0,240.7,100,easy,easy,True,397.0,397,397,instances/orb07,CPO in < 1 min,0.0485772770264743,-0.0102011840769032,-0.0004988506631166,-0.0003449641726221,-0.0003404934364475,0.0001174214992259,0.0003334645709049,-0.0002979826782795,-8.386579488444835e-05,-0.0007505055389851,0.0007573659558831,-0.0004125351283575,-0.0012032471847042,-0.0001143028150309,-0.0006976813920558,-0.0004676780466369,-0.0001148966696953,-0.000441402808344,-0.0018107428048205,-0.0007109351709344,0.0005594171584995,-0.0073302385337697,-0.0088928582639762,-0.0054061954071823,-0.0086465331021888,-0.0008095825327455,-0.0138875114251455,-0.0247311164396859,-0.0102165119667032,-0.000269152990759,-0.0090934905607921,-0.0118334545575302,-0.0146553690837048,-0.0053628846938968,-2.071384638438793e-07,-0.006165374973328,-5.947513240201576e-06,-0.0041505355962928,5.401521514005847e-07,-1.2125201496687096e-07,-5.66810948601252e-06,-0.0052115343752255,-0.0044146580013171,-0.012310371799466,-0.0001090042695126,-6.180374446663407e-05,-0.0107339481849891,-1.307136530775597e-08,-0.0003176912109828,-0.0108498962951071,-0.0078731748445903,-0.0332377569845838,-0.0150088555814563,-0.0020533092338349,-0.0297170900358242,-0.0104368777325478,-0.007605382267075,-0.0001743470352697,-0.0004712028438795,-0.0097545502140466,-8.857534604049716e-05,-0.000131451329839,-0.0007432513897632,-0.0061014773179987,-0.0346635703216491,-0.0060474626537683
orb08.pt,10,10,0.0,97.0,44.70588235294117,43.5,28.31322985824413,97.0,19.25,64.5,0.3633685930512556,-1.0,9.0,4.392156862745098,4.0,2.944442630917884,10.0,2.0,7.0,0.3790849673202614,24.54901885986328,28.48602104187012,110,900,102,1010,0.087361677344205,0.0,9.0,8.823529411764707,9.0,1.2478354962115543,9.0,9.0,9.0,0.0196078431372548,0.0,1.0,0.9803921568627452,1.0,0.1386483884679505,1.0,1.0,1.0,0.0196078431372548,0.021355076684139,2.0,10.0,2.156862745098039,2.0,1.1091871077436042,8.0,2.0,2.0,0.071301247771836,0.0422970297029703,0.4455445544554455,0.0626286158027567,0.0518019801980198,0.0553389451234287,0.4032475247524753,0.0454653465346534,0.0613069306930693,0.2171328543816779,573,3987,45.59999847412109,27.8729248046875,573.0,585.0,456.0,100,easy,easy,True,899.0,899,899,instances/orb08,CPO in < 1 min,0.0480559116690105,-0.0103810069621899,-0.0004279735170359,-0.0003864829328639,-0.0002946843145755,0.0001097576585089,3.6544194081955633e-05,-0.0003341643687015,-0.0001198876925473,-0.0007059663310958,-0.0008227525126385,-0.0003640667993515,-0.0011936078814751,-0.0001010596277994,-0.0006722047582443,-0.0004443244780103,-9.101698596874844e-05,-0.0003959967603685,-0.0017895954569744,-0.0007655584134637,0.0006171165670909,-0.0074422846050752,-0.0090938304516756,-0.0054609435256452,-0.0089031159522732,-0.0008041435283622,-0.01389731761436,-0.0247775436182221,-0.0103003625752612,-0.0002421690231115,-0.0091091998435712,-0.0120677264463335,-0.0146599773130985,-0.0054889368145947,-2.039773917299094e-07,-0.006250685303205,-5.780070049305828e-06,-0.0041996958937657,8.296215177595193e-08,-1.443746968535112e-07,-1.5937810492516917e-06,-0.0053192441111458,-0.0044424347821727,-0.0124480244606986,-7.843133677883668e-05,-7.649833251173008e-05,-0.0106501346175837,-1.4898165217478345e-08,-0.0003176744483839,-0.0106037991393457,-0.0080242093590773,-0.0330195265094173,-0.0148324983462282,-0.0021259879158642,-0.0294030926999605,-0.0102737279341409,-0.0075978409861111,-0.0001825773201211,-0.0009184418403268,-0.008773067395595,-9.755940113155732e-05,0.0007214556422203,-0.0009973040376205,-0.0056462134232341,-0.0345342017971839,-0.0059508820543313
orb09.pt,10,10,0.0,99.0,50.794117647058826,50.5,28.822423948389023,99.0,25.25,74.0,0.3271398889607957,-1.0,9.0,4.392156862745098,4.0,2.944442630917884,10.0,2.0,7.0,0.3790849673202614,27.593137741088867,30.95135498046875,110,900,102,1010,0.087361677344205,0.0,9.0,8.823529411764707,9.0,1.2478354962115543,9.0,9.0,9.0,0.0196078431372548,0.0,1.0,0.9803921568627452,1.0,0.1386483884679505,1.0,1.0,1.0,0.0196078431372548,0.021355076684139,2.0,10.0,2.156862745098039,2.0,1.1091871077436042,8.0,2.0,2.0,0.071301247771836,0.0422970297029703,0.4455445544554455,0.0626286158027567,0.0518019801980198,0.0553389451234287,0.4032475247524753,0.0454653465346534,0.0613069306930693,0.2171328543816779,659,4522,51.810001373291016,28.19067001342773,659.0,661.0,518.1,100,easy,easy,True,934.0,934,934,instances/orb09,CPO in < 1 min,0.0459738840924601,-0.0103059882859555,-0.0004595983784483,0.0003613158928469,-0.0004809212791514,9.292749970898876e-05,6.396776657659552e-05,0.0003619992153278,-0.0001614479624525,-0.0006727879160526,-0.0008936065143995,-0.0003555050737823,-0.001302471276193,-9.517527921205454e-05,-0.000680710084397,-0.0004166385375328,-0.0001247128649233,-0.0003891234912201,-0.0018867921393611,-0.0013592916906876,8.842871577442717e-05,-0.0078535923305444,-0.0094100567795056,-0.0057602152995348,-0.0090038937906876,-0.0008198452006867,-0.0139120287992064,-0.0245613339658001,-0.0102128198367069,-0.0002120530420874,-0.0091393641373343,-0.0119598791814084,-0.0145820335516627,-0.005688553283434,-1.0604918761622261e-07,-0.0065180216555205,-1.1174195020265762e-06,-0.0044019991705599,-1.4025740991219438e-07,-5.2324455840372114e-08,-1.47143761229211e-06,-0.0055167776487881,-0.0046185314856754,-0.0124389072890463,3.382753237964032e-05,-0.0001028844324209,-0.0106388432971652,-1.232129516957682e-08,-0.0003274982927164,-0.0105622038330024,-0.0079276293799056,-0.0329922923906734,-0.0149265752305267,-0.0020580864277987,-0.0294827128980146,-0.0103948619782614,-0.0076430999798749,-0.0001823411610074,-0.0009124509488979,-0.0092978054127714,-0.0002353831432652,0.0006645989155831,-0.0010548780522442,-0.0050246767829661,-0.0342885751699278,-0.0063231519000102
orb10.pt,10,10,0.0,99.0,54.40196078431372,60.0,28.69763254699564,99.0,28.25,78.0,0.3025788076989673,-1.0,9.0,4.392156862745098,4.0,2.944442630917884,10.0,2.0,7.0,0.3790849673202614,29.39705848693848,32.27006530761719,110,900,102,1010,0.087361677344205,0.0,9.0,8.823529411764707,9.0,1.2478354962115543,9.0,9.0,9.0,0.0196078431372548,0.0,1.0,0.9803921568627452,1.0,0.1386483884679505,1.0,1.0,1.0,0.0196078431372548,0.021355076684139,2.0,10.0,2.156862745098039,2.0,1.1091871077436042,8.0,2.0,2.0,0.071301247771836,0.0422970297029703,0.4455445544554455,0.0626286158027567,0.0518019801980198,0.0553389451234287,0.4032475247524753,0.0454653465346534,0.0613069306930693,0.2171328543816779,681,4868,55.4900016784668,27.92221069335937,681.0,652.0,554.9,100,easy,easy,True,944.0,944,944,instances/orb10,CPO in < 1 min,0.0467662360069529,-0.0105192784082431,-0.000451930338644,0.0003483878454802,0.0010566276143388,-0.0001120805316983,9.790692579116848e-05,0.0003521449395,-7.64303837553907e-05,0.0012640358721636,-0.0009061674927089,-0.0003643181372176,-0.0013200946309459,-0.0001103333032241,-0.00062467579832,-0.0004833646388925,-0.0001028512529224,-0.0003513617621932,-0.0019219318939165,-0.0005247459244397,0.0003433156158491,-0.0079880151928231,-0.0097171077751993,-0.0058718955053924,-0.009143708619442,-0.0007206318623396,-0.0138280528727447,-0.0247321505194041,-0.0102414638949114,-0.0001562435026844,-0.0092723758451106,-0.0117768215719775,-0.0145436852047127,-0.0060091478331192,-3.401724688237055e-07,-0.0065834249612337,-2.0894803446922173e-06,-0.0044437273516472,-1.1413038653771637e-07,-6.889770210904214e-08,-2.828229674806134e-06,-0.0056730432787257,-0.0047263786063289,-0.0122954649924629,0.000122675209587,-5.47464293889542e-05,-0.0105485874626857,-1.389011542955984e-08,-0.0002891222767567,-0.0108831714247131,-0.0079917919259885,-0.0338251305033334,-0.015388533364332,-0.0021517673077163,-0.0300878987215165,-0.0105415708370153,-0.0078382293575623,-0.0001267908302723,-0.0008931734980289,-0.0093540485145713,0.0008618038552129,0.0007479181194974,-0.0009806034800328,-0.0056349960553972,-0.0346400099690906,-0.0064803956411269
swv01.pt,20,10,0.0,100.0,48.21287128712871,49.0,29.13793133101181,100.0,23.0,74.0,0.3484169497142753,-1.0,9.0,4.445544554455446,4.0,2.909442624735666,10.0,2.0,7.0,0.3729372937293729,26.32920837402344,30.12700843811035,220,3800,202,4020,0.0935914486971085,0.0,19.0,18.81188118811881,19.0,1.8811881188118813,19.0,19.0,19.0,0.0099009900990099,0.0,1.0,0.99009900990099,1.0,0.099009900990099,1.0,1.0,1.0,0.0099009900990099,0.0108369045859809,2.0,20.0,2.1782178217821784,2.0,1.7821782178217829,18.0,2.0,2.0,0.0810081008100809,0.0208233830845771,0.4726368159203979,0.0323900300477809,0.0261965174129353,0.0444982762410347,0.4518134328358208,0.0226144278606965,0.0315696517412935,0.242987959354068,727,9012,48.69499969482422,28.879613876342773,727.0,1219.0,973.9,200,easy,easy,True,1407.0,1407,1407,instances/swv01,OptalCP in < 1 min,0.3101435834266063,0.0032330579759539,-0.001223539706019,6.917508638863155e-05,0.0001080194580115,0.0008501292548353,0.0007247970438116,5.343654898915247e-05,1.4498795091823591e-05,-0.0013253305909518,-0.0012733139244788,-0.0012129362263758,-0.0046369082674083,-0.0008052832096709,-0.0023092096057849,-0.0015000815871356,-0.0003787798747577,-0.0012288042047323,-0.0055289964699512,-0.0027738028937959,-0.0004211268506596,-0.0129351799902244,-0.0149794810845329,-0.0103917046794971,-0.0141579706838926,-0.0032302306024043,0.0039773599230874,0.0074781285782933,0.0031720381217623,-0.0007260521055107,0.0027864090760135,0.0034745237324104,0.0040921857328135,-0.0093376007210428,-4.0965188709053944e-08,-0.0107897992883748,-1.168684700081609e-07,-0.0092549915320696,-1.1147168449067655e-08,-7.798346574357781e-09,-1.2987592115932128e-07,-0.0114081066742857,-0.0093568511665699,0.0037862147248017,-0.002420348229319,-0.0008906702950792,0.0028735034956082,-2.509161720217059e-09,-0.0020801684082616,0.0042761481383897,0.0016244586009059,0.0091737674332336,0.0041927450916591,-0.006091945461312,0.0092364351407809,0.0022720540862078,0.0019293594678318,-0.0021434368597343,-0.0026498349844789,-0.0154168359430458,-0.00027024121372,0.0022867975634376,-0.0032661556520471,0.0009036509783975,0.0096144686020895,-0.0105240973699525
swv02.pt,20,10,0.0,100.0,49.50990099009901,51.0,28.235789398571704,100.0,25.0,68.75,0.3276994082769942,-1.0,9.0,4.445544554455446,4.0,2.9094426247356657,10.0,2.0,7.0,0.3729372937293729,26.97772216796875,30.17551040649414,220,3800,202,4020,0.0935914486971085,0.0,19.0,18.81188118811881,19.0,1.8811881188118813,19.0,19.0,19.0,0.0099009900990099,0.0,1.0,0.99009900990099,1.0,0.099009900990099,1.0,1.0,1.0,0.0099009900990099,0.0108369045859809,2.0,20.0,2.1782178217821784,2.0,1.7821782178217829,18.0,2.0,2.0,0.0810081008100809,0.0208233830845771,0.4726368159203979,0.0323900300477809,0.0261965174129353,0.0444982762410347,0.4518134328358208,0.0226144278606965,0.0315696517412935,0.242987959354068,664,9337,50.005001068115234,27.936983108520508,664.0,1259.0,1000.1,200,easy,easy,True,1475.0,1475,1475,instances/swv02,OptalCP in < 1 min,0.3114408783093906,0.0032537764047556,-0.0012680888483307,6.965157894044017e-05,0.0001226230493384,0.0008278392743681,0.0007127945883603,5.938254531817299e-05,2.991680333022699e-05,-0.0010626087578973,-0.0013428616888981,-0.0012372086483204,-0.0044800155597599,-0.0008172680186141,-0.0023645819665898,-0.0015005715970065,-0.000331511313807,-0.0012268576646003,-0.0055467582547887,-0.0029032242723534,-0.00043061117726,-0.0128907713243861,-0.0150012605122008,-0.0100833963709711,-0.0141800966200662,-0.0033113580144941,0.0039924997746447,0.0074496524767326,0.0032135056805687,-0.0007822945171603,0.0028304136020067,0.003493154521193,0.0040772348401552,-0.0092894293941487,-4.88130665705477e-08,-0.0108745285759357,-1.1263819343724437e-07,-0.0091845725550641,-1.1276314400792458e-08,-7.539953045359441e-09,-1.4078823830927014e-07,-0.0114479183911715,-0.0093654661481292,0.0037167945625496,-0.0024530910210439,-0.000753166545524,0.0029480637073842,-2.974213869699452e-09,-0.0021225879784785,0.0043076649425157,0.001533592095328,0.0091819836348072,0.0040962506258077,-0.0060720625421171,0.0093385889833232,0.0023590532118796,0.0019236589757521,-0.0020959930877702,-0.0024451600141613,-0.0150929441110675,-0.0002661920885172,0.0022062406429315,-0.0032570815272952,0.0007045429504281,0.0101816386286034,-0.0105881229508579
swv03.pt,20,10,0.0,100.0,48.98514851485149,51.5,27.94593041854469,100.0,25.0,68.0,0.3286953606932195,-1.0,9.0,4.445544554455446,4.0,2.909442624735666,10.0,2.0,7.0,0.3729372937293729,26.715347290039062,29.843994140625,220,3800,202,4020,0.0935914486971085,0.0,19.0,18.81188118811881,19.0,1.8811881188118813,19.0,19.0,19.0,0.0099009900990099,0.0,1.0,0.99009900990099,1.0,0.099009900990099,1.0,1.0,1.0,0.0099009900990099,0.0108369045859809,2.0,20.0,2.1782178217821784,2.0,1.7821782178217829,18.0,2.0,2.0,0.0810081008100809,0.0208233830845771,0.4726368159203979,0.0323900300477809,0.0261965174129353,0.0444982762410347,0.4518134328358208,0.0226144278606965,0.0315696517412935,0.242987959354068,647,9248,49.47499847412109,27.65048599243164,647.0,1178.0,989.5,200,medium,easy,False,1398.0,1398,1398,instances/swv03,CPO in < 1h,0.3111314026830383,0.0032527033925538,-0.0012138098077329,6.957932835538606e-05,0.000128081628702,0.0009380151297073,0.0006914194082585,5.9469955861861663e-05,2.1059820732182868e-05,-0.0010693916697152,-0.001379021013374,-0.0012186886826379,-0.0044586488645795,-0.0008041038168945,-0.0024500066507889,-0.001487181638278,-0.0003788753947044,-0.00120719135877,-0.005541430923532,-0.0029312048620392,-2.7975087577082785e-05,-0.0128412352048692,-0.0151527251925893,-0.0102927177668565,-0.0142689721680216,-0.0031995691173433,0.0040746160893375,0.0074750059007392,0.0032064968164377,-0.0007994202603357,0.0028325707347244,0.0035101099223359,0.0040714997629057,-0.0092565282781455,-6.105863220355445e-08,-0.0108752059371366,-1.1025058266538161e-07,-0.0092177139356056,-7.060890436839589e-09,-6.885314704951048e-09,-1.3930286899477117e-07,-0.0115186397074862,-0.0093745413377984,0.0037390530560313,-0.00240576918134,-0.0007530205702774,0.0029539606914192,-2.9475077673629673e-09,-0.002095856685782,0.004249693668079,0.0015381971062808,0.0092790802359259,0.0039518963969568,-0.0060875677179967,0.0092624803426049,0.0023283195690526,0.0019381253344949,-0.002095159347403,-0.0024836720564297,-0.0152884176158087,-0.0002815811447949,0.0022500585055325,-0.0032457580237275,0.0009880067120678,0.0097606195300009,-0.0106171341270258
swv04.pt,20,10,0.0,100.0,50.693069306930695,51.0,29.34338948419114,100.0,27.5,76.0,0.3339176593440593,-1.0,9.0,4.445544554455446,4.0,2.9094426247356657,10.0,2.0,7.0,0.3729372937293729,27.569307327270508,31.13612174987793,220,3800,202,4020,0.0935914486971085,0.0,19.0,18.81188118811881,19.0,1.8811881188118813,19.0,19.0,19.0,0.0099009900990099,0.0,1.0,0.99009900990099,1.0,0.099009900990099,1.0,1.0,1.0,0.0099009900990099,0.0108369045859809,2.0,20.0,2.1782178217821784,2.0,1.7821782178217829,18.0,2.0,2.0,0.0810081008100809,0.0208233830845771,0.4726368159203979,0.0323900300477809,0.0261965174129353,0.0444982762410347,0.4518134328358208,0.0226144278606965,0.0315696517412935,0.242987959354068,642,9598,51.20000076293945,29.046342849731445,642.0,1161.0,1024.0,200,medium,easy,False,1464.0,1464,1464,instances/swv04,OptalCP in < 1h,0.3139558729320101,0.0031891709966606,-0.0012358688314066,6.157807302476448e-05,0.0002460621681576,0.0008012069848712,0.0007217758719001,6.071045549281297e-05,3.169876284638708e-05,0.0006212445526662,-0.0012386918520819,-0.0012790891363221,-0.0046463449982824,-0.000727353588203,-0.0023034233422842,-0.0014993587580038,-0.0003566666430076,-0.0011268274744929,-0.0056041606831397,-0.0031620197915049,-0.0001337916365568,-0.0127861540770591,-0.0149081569102482,-0.010101535516061,-0.0141166789915936,-0.0032187536571259,0.0038831392088945,0.0074618569300718,0.003193916767327,-0.0008158302020421,0.0028715777528208,0.0035431441035668,0.0041834195398432,-0.0094055322156934,-4.1385778362236267e-08,-0.0109271897145726,-1.15573431225008e-07,-0.0094133410698839,-1.6897319987032582e-08,-6.618564869682424e-09,-1.3485547754343697e-07,-0.0112860956269998,-0.0093161412689109,0.0037992786204288,-0.00234465817293,-0.0008707863761541,0.0028945819344344,-2.5260385613466115e-09,-0.0019690903215545,0.0043393992937033,0.0016783154599228,0.0094266787193783,0.0041610811843113,-0.0060857242155343,0.0092604545163396,0.0024237904390345,0.0018946498548052,-0.0023252189578108,-0.0026346768495333,-0.015612858828725,-0.0001400395542167,0.0022736624606102,-0.0032776225756319,0.0010780607890074,0.0105174844004123,-0.0106724135114792
swv05.pt,20,10,0.0,100.0,49.98514851485149,52.5,29.272782905582265,100.0,25.25,75.75,0.337172496094811,-1.0,9.0,4.445544554455446,4.0,2.9094426247356657,10.0,2.0,7.0,0.3729372937293729,27.215347290039062,30.840625762939453,220,3800,202,4020,0.0935914486971085,0.0,19.0,18.81188118811881,19.0,1.8811881188118813,19.0,19.0,19.0,0.0099009900990099,0.0,1.0,0.99009900990099,1.0,0.099009900990099,1.0,1.0,1.0,0.0099009900990099,0.0108369045859809,2.0,20.0,2.1782178217821784,2.0,1.7821782178217829,18.0,2.0,2.0,0.0810081008100809,0.0208233830845771,0.4726368159203979,0.0323900300477809,0.0261965174129353,0.0444982762410347,0.4518134328358208,0.0226144278606965,0.0315696517412935,0.242987959354068,720,9377,50.48500061035156,28.986717224121094,720.0,1235.0,1009.7,200,medium,easy,False,1424.0,1424,1424,instances/swv05,OptalCP in < 1h,0.3123618146077354,0.0032147610374043,-0.0012636502566798,6.322633360080968e-05,0.0001272427719309,0.0011269364112836,0.0007828815502654,6.0858568883247705e-05,4.7688233165544775e-05,-0.000696340659012,-0.0012855066106636,-0.001293824627616,-0.0048146433488362,-0.0007591145078603,-0.002354301762559,-0.0014986735302642,-0.0003465785482988,-0.001191121412082,-0.0056837849109137,-0.0033271764257387,0.0001578834671908,-0.0127154123399591,-0.0149034179141841,-0.0101633034521147,-0.0139806236515427,-0.0032392407856901,0.0039416005277414,0.0074599815539069,0.0031779101699714,-0.0008612404430189,0.002869023917047,0.0035355913295384,0.0041907119872446,-0.0093543141196726,-4.1225677176361664e-08,-0.0108176449028943,-1.139031293530755e-07,-0.0092822107521037,-1.3823272858699947e-08,-6.710696570841694e-09,-1.338984176284367e-07,-0.0113134782572338,-0.0092964232667029,0.0038178929172281,-0.002315602957848,-0.0009023799477153,0.0028684597245142,-2.509161720217059e-09,-0.0019817577947262,0.0042736200054621,0.0016700247006174,0.0092607333683077,0.0041547299552568,-0.0060893288238269,0.0091968323750382,0.00233647402445,0.0018015673799706,-0.0022447590484631,-0.0028245320608154,-0.0152345721240896,-0.0001426994447954,0.0022052503644044,-0.0034633444296913,0.0007013501634379,0.0105965723167945,-0.0105170216560874
swv06.pt,20,15,0.0,100.0,50.46026490066225,51.0,29.349629282201764,100.0,25.25,75.0,0.3356069669621646,-1.0,14.0,6.947019867549669,7.0,4.354776747754595,15.0,3.0,11.0,0.3598233995584989,28.70364189147949,30.22470664978028,320,5700,302,6020,0.0627048909814965,0.0,19.0,18.874172185430464,19.0,1.541069705724516,19.0,19.0,19.0,0.0066225165562914,0.0,1.0,0.9933774834437086,1.0,0.0811089318802377,1.0,1.0,1.0,0.0066225165562914,0.0070405491628347,2.0,20.0,2.119205298013245,2.0,1.459960773844278,18.0,2.0,2.0,0.0558774834437088,0.022016611295681,0.473421926910299,0.0323986270929132,0.0283953488372093,0.0366073651629418,0.451405315614618,0.0236112956810631,0.0363687707641196,0.2019695527490832,974,14265,50.79666519165039,29.15570831298828,974.0,1229.0,1015.9333333333332,300,hard,medium,False,1667.0,1667,1667,instances/swv06,OptalCP in 40h,0.3733483314553698,0.0034426106563444,-4.433257527167293e-05,7.366919977474875e-05,-0.0002630767701818,0.0005149183700891,0.0017571710328241,8.583902112325361e-05,7.063092144537072e-05,-0.0011669951001719,-0.002697694693744,-0.0004232991046291,-0.0006145038050898,1.73911110400019e-05,-8.068539477928671e-05,4.245410081589743e-05,-0.0001729531607238,-0.0005541332806045,-0.0004648631316843,-0.0024879136298388,-0.0008651311878427,-0.0103302980834174,-0.0136994520260836,-0.0077486348678326,-0.0128981476461583,-0.0008718888404882,0.0043888349677674,0.0080055793260871,0.0033127297164414,-0.0002930318185293,0.0029935197191492,0.0039469657888192,0.0044450299837294,-0.0072191594074448,-3.9515348743630347e-08,-0.0080850636793717,-1.1205905755472665e-07,-0.0073708327144084,-1.7720516394976746e-08,-7.923869413239942e-09,-1.3009525590020557e-07,-0.0087835458122155,-0.0074755098473595,0.0040830238687315,-0.0001679308247981,-0.0004812987532496,0.0030761551909154,-2.5341008891007478e-09,-0.0001645900549452,0.0044497500549802,0.001864223974394,0.0099891135542762,0.004548535815994,-0.0043391236943434,0.0095282565240734,0.0032927634518809,0.0014887875406294,-0.00015735486993,-0.0003464640430334,-0.0127906086145304,0.0005786207498103,0.0007782175293344,0.000276615437382,0.0012994201030602,0.0112820219035151,-0.0081060371753426
swv07.pt,20,15,0.0,100.0,48.22516556291391,46.0,29.234759358919195,100.0,22.25,74.0,0.3492950048291079,-1.0,14.0,6.947019867549669,7.0,4.354776747754595,15.0,3.0,11.0,0.3598233995584989,27.58609199523925,29.37327003479004,320,5700,302,6020,0.0627048909814965,0.0,19.0,18.874172185430464,19.0,1.541069705724516,19.0,19.0,19.0,0.0066225165562914,0.0,1.0,0.9933774834437086,1.0,0.0811089318802377,1.0,1.0,1.0,0.0066225165562914,0.0070405491628347,2.0,20.0,2.119205298013245,2.0,1.459960773844278,18.0,2.0,2.0,0.0558774834437088,0.022016611295681,0.473421926910299,0.0323986270929132,0.0283953488372093,0.0366073651629418,0.451405315614618,0.0236112956810631,0.0363687707641196,0.2019695527490832,947,13617,48.54666519165039,29.064775466918945,947.0,1128.0,970.9333333333332,300,hard,medium,False,,1541,1594,instances/swv07,lb OptalCP / ub GR2014,0.3749943034551603,0.0034852759506461,2.0091073767973905e-05,7.353173112743664e-05,-0.0001246949367563,0.0005748548521393,0.0013855661226719,7.505990312258934e-05,3.255471300965019e-05,-0.0009147680457402,-0.0028521310095459,-0.000305988110331,-0.0006169640562233,5.519664097149685e-05,-5.206858985240412e-05,8.45132764691658e-05,-0.0001457108430446,-0.0005617230040198,-0.0005109054011433,-0.0018421325766168,0.0010592124476332,-0.0099520314202973,-0.0137284502552045,-0.0077552350875272,-0.0129253774947908,-0.0010579933508209,0.0044938644113181,0.0080956296869814,0.0033434970194981,-0.0003549393853146,0.0029760015199877,0.0040081967443039,0.0044420914392616,-0.0069602615217214,-4.74565278925172e-08,-0.0079196592552202,-1.1237631749778936e-07,-0.0071090692995723,-1.2072100462161789e-08,-6.618368918911471e-09,-1.286954733665709e-07,-0.008868134729396,-0.0072703478721984,0.0041280309898338,-0.0001365213112725,-0.0004473315705878,0.0030954182173121,-2.4913355478654158e-09,-3.0107737367364685e-05,0.0046990233589887,0.0020070967654301,0.0100154658073954,0.0044853675930706,-0.0042974435677825,0.0096177982399776,0.0033483705734664,0.001520829029672,-0.000224476244218,-0.000243685455991,-0.0130500719778346,0.0004861193396297,0.0007050665424586,0.0002271402380616,-0.0009486774953138,0.0107388287645213,-0.0079585245188737
swv08.pt,20,15,0.0,100.0,52.34105960264901,53.0,29.222137964591383,100.0,28.0,77.0,0.3218732835691456,-1.0,14.0,6.947019867549669,7.0,4.354776747754595,15.0,3.0,11.0,0.3598233995584989,29.64403915405273,30.84807014465332,320,5700,302,6020,0.0627048909814965,0.0,19.0,18.874172185430464,19.0,1.541069705724516,19.0,19.0,19.0,0.0066225165562914,0.0,1.0,0.9933774834437086,1.0,0.0811089318802377,1.0,1.0,1.0,0.0066225165562914,0.0070405491628347,2.0,20.0,2.119205298013245,2.0,1.459960773844278,18.0,2.0,2.0,0.0558774834437088,0.022016611295681,0.473421926910299,0.0323986270929132,0.0283953488372093,0.0366073651629418,0.451405315614618,0.0236112956810631,0.0363687707641196,0.2019695527490832,1058,14749,52.68999862670898,29.004148483276367,1058.0,1330.0,1053.8,300,hard,medium,False,,1694,1751,instances/swv08,lb OptalCP / ub Mu2015,0.3855506199024769,0.0034482781404814,0.0001278451960586,6.983074547567276e-05,-0.0004563558498562,0.0003470603904634,0.0024712128632047,8.671960326523469e-05,0.0002494663901994,0.0019603600877451,-0.0027000609554643,-4.190592958286327e-05,0.0001130729242537,-5.5014064513205744e-05,-0.0002758947695586,3.713065875772116e-05,-0.0001258378424528,-0.0005194059151495,-0.0008548008422801,0.0006006710859669,0.0035881541864325,-0.0097869149939904,-0.0139097158827093,-0.00793405676143,-0.0132103147899359,-0.0007458008516127,0.0042233622665544,0.0079384728240139,0.0034057282072663,-8.652910328961656e-05,0.002908562296702,0.0039669685996409,0.0044246239718562,-0.0070045346347008,-3.4534651937933925e-08,-0.0081352548703845,-1.0702079057392557e-07,-0.0073245464440442,-1.8704647161347092e-08,-6.877274162579942e-09,-1.3455392584295442e-07,-0.0087629829770676,-0.0071119728021102,0.0039220347038185,-5.737570136382521e-05,-0.0003334163883922,0.003029798491673,-2.748902925713848e-09,-0.0005432883175532,0.0043920087704558,0.0018232164655066,0.010299848398355,0.0046532830584243,-0.0041232253278532,0.0097301761571467,0.0034877454102329,0.0014116626814621,-0.0001529939025745,-0.0004731447690704,-0.012878962786527,0.0006418741111598,0.0007187591308372,0.0002949907275185,0.001071758293955,0.0108881349199687,-0.0080579262398507
swv09.pt,20,15,0.0,100.0,49.74834437086093,50.0,28.26511634320039,100.0,25.0,75.0,0.3277713715450423,-1.0,14.0,6.947019867549669,7.0,4.354776747754595,15.0,3.0,11.0,0.3598233995584989,28.34768295288086,29.44365501403809,320,5700,302,6020,0.0627048909814965,0.0,19.0,18.874172185430464,19.0,1.541069705724516,19.0,19.0,19.0,0.0066225165562914,0.0,1.0,0.9933774834437086,1.0,0.0811089318802377,1.0,1.0,1.0,0.0066225165562914,0.0070405491628347,2.0,20.0,2.119205298013245,2.0,1.459960773844278,18.0,2.0,2.0,0.0558774834437088,0.022016611295681,0.473421926910299,0.0323986270929132,0.0283953488372093,0.0366073651629418,0.451405315614618,0.0236112956810631,0.0363687707641196,0.2019695527490832,947,14077,50.08000183105469,28.06481170654297,947.0,1266.0,1001.6,300,hard,medium,False,1655.0,1655,1655,instances/swv09,OptalCP in 15h,0.3767164696915748,0.0034365605053935,-1.637432010644803e-05,7.34180336355478e-05,-0.0002569347173084,0.0005568698958192,0.0015437527602055,8.533001341991063e-05,8.464212339297289e-05,-0.0011523308771607,-0.0028236129169704,-0.0003826355396115,-0.0003777678085775,2.229491866690478e-05,-0.0002125094375409,5.737391820544642e-05,-0.0001524862288798,-0.0005632439480219,-0.0004083718629578,-0.0023261181814607,0.0006558612091563,-0.010208220234225,-0.0138746453002987,-0.0077373081653323,-0.012951862714615,-0.0008687493505773,0.0044321932561725,0.0080592562430026,0.0033717587388763,-0.0003214039739834,0.0029755360521154,0.0040608420839503,0.0044745671076998,-0.0071626506373765,-5.176834018282967e-08,-0.0079459928754306,-1.1240780443336825e-07,-0.0071695904809736,-1.2349154751712225e-08,-6.814057163190896e-09,-1.312464693670772e-07,-0.0088023896323217,-0.0074051930134302,0.0041291311627182,-0.000104074402237,-0.0003741508691383,0.0030631990355371,-2.483269703092525e-09,-0.0001636172006368,0.0045460088781781,0.0019252917936399,0.0100275614889008,0.0044130513192362,-0.0043375198001279,0.0095383288735636,0.0033039416835569,0.0014740718296043,-0.0001701031550375,-0.0001727005414955,-0.0125280859287354,0.0005704118894169,0.0006915977406418,0.0003682033258515,0.0012347198647003,0.0117469145076329,-0.0081156056747865
swv10.pt,20,15,0.0,100.0,52.109271523178805,52.0,28.111261562257205,100.0,29.25,76.75,0.3111873692024576,-1.0,14.0,6.947019867549669,7.0,4.354776747754595,15.0,3.0,11.0,0.3598233995584989,29.52814483642578,30.24087905883789,320,5700,302,6020,0.0627048909814965,0.0,19.0,18.874172185430464,19.0,1.541069705724516,19.0,19.0,19.0,0.0066225165562914,0.0,1.0,0.9933774834437086,1.0,0.0811089318802377,1.0,1.0,1.0,0.0066225165562914,0.0070405491628347,2.0,20.0,2.119205298013245,2.0,1.459960773844278,18.0,2.0,2.0,0.0558774834437088,0.022016611295681,0.473421926910299,0.0323986270929132,0.0283953488372093,0.0366073651629418,0.451405315614618,0.0236112956810631,0.0363687707641196,0.2019695527490832,939,14798,52.4566650390625,27.879886627197266,939.0,1159.0,1049.1333333333334,300,hard,medium,False,,1692,1743,instances/swv10,lb OptalCP / ub SS2018,0.3772058579705321,0.0035523855442386,-1.0470533634500916e-05,7.106341282196293e-05,-0.0004349859536878,0.0003941210355546,0.0018972279571638,8.598460204796315e-05,9.503184132709009e-05,0.0019767725129261,-0.0029772567533937,-0.0003187291169845,-0.0004052098134468,-8.488644444669666e-05,-0.0001709748938671,-2.1529242370681644e-05,-0.0001751364002353,-0.0004472312570166,-0.0010546944832918,0.000199660787311,-0.0011729014347469,-0.0102738019691421,-0.0139259308219594,-0.0077738193540971,-0.0128476371165673,-0.0008728587498443,0.0043413420935907,0.0079267183540569,0.0033630419701042,-7.609335415757416e-05,0.0029105181388105,0.0039311224475339,0.0044158912420385,-0.0071405110794271,-3.8141609895768506e-08,-0.0083120810952793,-1.0725353156922177e-07,-0.0077207067319354,-1.8062616574108563e-08,-9.242282000011109e-09,-1.346599076243219e-07,-0.0090272689948679,-0.0073225869563308,0.0040852866906138,-0.0001594852175857,-0.000408843620296,0.0031226161807705,-2.748902925713848e-09,-0.0003236768203618,0.0044324575870586,0.0017613851351177,0.0101817618652014,0.0046779364397853,-0.0043206981145901,0.0096720928866925,0.0035702186430133,0.0014158757386014,-0.0001709708332558,-0.000631189074317,-0.0132911131535556,0.0004431072754835,0.000569566179131,0.0005805698792023,0.0017312101185987,0.0109790737790599,-0.0081849391709152
swv11.pt,50,10,0.0,100.0,50.59561752988048,48.0,28.80103854779209,100.0,27.0,74.75,0.3283716976654192,-1.0,9.0,4.47808764940239,4.0,2.887415669986177,10.0,2.0,7.0,0.3691899070385125,27.53685188293457,30.832210540771484,550,24500,502,25050,0.0974147322884112,0.0,49.0,48.80478087649402,49.0,3.0866853655029995,49.0,49.0,49.0,0.0039840637450199,0.0,1.0,0.99601593625498,1.0,0.0629935788878163,1.0,1.0,1.0,0.0039840637450199,0.0043737226741735,2.0,50.0,2.191235059760956,2.0,3.023691786615183,48.0,2.0,2.0,0.0869250271640709,0.0082516566866267,0.4890219560878244,0.0132207298550309,0.0105510578842315,0.0302203732584749,0.4807702994011976,0.009018123752495,0.0128504590818363,0.2584098080646164,739,24660,50.79800033569336,28.679908752441406,739.0,2808.0,2539.9,500,medium,medium,True,2983.0,2983,2983,instances/swv11,OptalCP in < 1h,0.4054793120095601,0.004224273020855,-0.0017390395600369,6.655457976735839e-05,-0.0007244053945312,0.0002051383220058,0.00074904325541,8.387919291210625e-05,-0.0002100856557593,-0.0012606740641196,-0.0010457187183582,-0.0013748163994219,-0.004412235622694,-0.000468766747125,-0.0021296715300338,-0.0014700063667679,-0.0002075028915535,-0.000868813426802,-0.0059867839386731,-0.003476986128456,-0.0004503691309954,-0.0076604671023848,-0.006428700037506,-0.0051145349887756,-0.0046871959191176,-0.0024561487491225,0.0052440072140055,0.0101505152507657,0.0043231631435694,0.0011546241606102,0.0036827373416947,0.0044165333755074,0.0057012088835154,-0.0044927321405372,-4.096763276364546e-08,-0.0044134494201517,-1.1402741459996797e-07,-0.0041670438863278,-9.017243903344997e-09,-6.4434652512391435e-09,-1.370467160039524e-07,-0.0069845926328669,-0.0071858894810806,0.0051110716128597,-0.0015032651761878,0.0011535755223087,0.0039439070181746,-2.6630336506051703e-09,-0.0016564906709163,0.0060367768217724,0.0040307436109892,0.0123457119230145,0.0056428399547442,-0.0053271057940061,0.0115530597110001,0.005505792683945,0.0035623500303283,-0.0019047343337281,-0.0031793942556094,-0.0124029966739811,-0.0004137864185387,0.0015472021329337,-0.0034065459665395,0.0024275313220782,0.0124804918223793,-0.0055325068065112
swv12.pt,50,10,0.0,100.0,50.84860557768924,51.0,29.07095640022381,100.0,27.25,75.0,0.3298575657411098,-1.0,9.0,4.47808764940239,4.0,2.887415669986177,10.0,2.0,7.0,0.3691899070385125,27.66334724426269,31.052940368652344,550,24500,502,25050,0.0974147322884112,0.0,49.0,48.80478087649402,49.0,3.0866853655029995,49.0,49.0,49.0,0.0039840637450199,0.0,1.0,0.99601593625498,1.0,0.0629935788878163,1.0,1.0,1.0,0.0039840637450199,0.0043737226741735,2.0,50.0,2.191235059760956,2.0,3.023691786615183,48.0,2.0,2.0,0.0869250271640709,0.0082516566866267,0.4890219560878244,0.0132207298550309,0.0105510578842315,0.0302203732584749,0.4807702994011976,0.009018123752495,0.0128504590818363,0.2584098080646164,714,24812,51.05199813842773,28.95025634765625,714.0,2829.0,2552.6,500,medium,medium,True,2972.0,2972,2972,instances/swv12,OptalCP in < 1h,0.4052294647377906,0.0042618783014377,-0.0017033772169064,6.644767203027683e-05,-0.0007104342272217,0.0002124121119411,0.0007896636737877,8.418193488615747e-05,-0.0002175792756587,-0.0010213452973038,-0.0010546777907628,-0.0014196016826264,-0.0043998146255292,-0.0004923192780855,-0.0021001642039997,-0.0014945464692841,-0.0001982543355264,-0.0008571109200151,-0.0059779280435249,-0.0034724552560029,-0.0006572377029287,-0.0076855105894418,-0.006504088628959,-0.0051610362010458,-0.0047281458771882,-0.002422161362142,0.0052434235391844,0.0101294822839758,0.0043069046612393,0.0011951911053353,0.0036844280154587,0.004412674839059,0.0057041695728608,-0.0047290230500252,-4.1275206897995614e-08,-0.004525219831749,-1.1393941052136133e-07,-0.0041266806062723,-9.276717098537889e-09,-6.413060833352315e-09,-1.3740424862880576e-07,-0.0069452091045286,-0.0072403438811698,0.0051432296889329,-0.0014753233847367,0.0011721675436973,0.0039539986032463,-2.6630336506051703e-09,-0.0016222230386387,0.0060917110684483,0.0039699907140877,0.0123088217447432,0.0056607657925825,-0.0053233555441026,0.0115110044847438,0.0054926479636622,0.0035298410362903,-0.001882614882439,-0.0031691740129141,-0.0121350727518648,-0.0004276593278836,0.0015262606769859,-0.0033872853142727,0.0023610308670603,0.0123761871828593,-0.0055721119514541
swv13.pt,50,10,0.0,100.0,51.51394422310757,55.0,30.056368106043227,100.0,24.0,79.0,0.336427068215922,-1.0,9.0,4.47808764940239,4.0,2.887415669986177,10.0,2.0,7.0,0.3691899070385125,27.99601554870605,31.764036178588867,550,24500,502,25050,0.0974147322884112,0.0,49.0,48.80478087649402,49.0,3.0866853655029995,49.0,49.0,49.0,0.0039840637450199,0.0,1.0,0.99601593625498,1.0,0.0629935788878163,1.0,1.0,1.0,0.0039840637450199,0.0043737226741735,2.0,50.0,2.191235059760956,2.0,3.023691786615183,48.0,2.0,2.0,0.0869250271640709,0.0082516566866267,0.4890219560878244,0.0132207298550309,0.0105510578842315,0.0302203732584749,0.4807702994011976,0.009018123752495,0.0128504590818363,0.2584098080646164,727,25133,51.720001220703125,29.938962936401367,727.0,2977.0,2586.0,500,medium,medium,True,3104.0,3104,3104,instances/swv13,OptalCP in < 1h,0.4050062881983352,0.0042754394847923,-0.0017482856225106,6.563443827270909e-05,-0.0007364158442954,-0.0001278946626329,0.0008220831289892,9.70905745881582e-05,-0.0002917664587954,0.0024174692430804,-0.0009753315368637,-0.0014659370180342,-0.0042617304786323,-0.0005157641670992,-0.0021959433101419,-0.0016190951097562,-0.0001596698944527,-0.0008526180663062,-0.0060401019460112,-0.0037549735351623,-0.0006768429321637,-0.0078902607291271,-0.0069796345339632,-0.0055378990791717,-0.0050161319997463,-0.0023327854468428,0.0052103861098649,0.0101882533042865,0.0042643978182531,0.0011355865754927,0.0037498166049814,0.0044266551451876,0.0056685361363547,-0.0048137652622727,-4.551490918532316e-08,-0.004695246644819,-1.132595599777795e-07,-0.0045227114612188,-1.0196471145895832e-08,-7.112215144086932e-09,-1.3934437169862957e-07,-0.0070609841570726,-0.0073730581070677,0.0050467406145627,-0.0014460887884574,0.0011046843180996,0.0038569932259132,-2.6987307962047995e-09,-0.0017423399427486,0.0061920529287317,0.0040738270333687,0.0124269711092802,0.0057969304796988,-0.0053014539625448,0.0115207715890041,0.0055698313066333,0.0035149826933933,-0.0020610007347153,-0.0032499605129644,-0.0121112033367573,-0.0005172523731821,0.0012006955693921,-0.0033686595642614,0.0026731264071523,0.0123514273573059,-0.0060813159494317
swv14.pt,50,10,0.0,100.0,49.83466135458168,52.0,28.741368941481184,100.0,23.0,75.0,0.3327526126855251,-1.0,9.0,4.47808764940239,4.0,2.887415669986177,10.0,2.0,7.0,0.3691899070385125,27.156373977661133,30.520591735839844,550,24500,502,25050,0.0974147322884112,0.0,49.0,48.80478087649402,49.0,3.0866853655029995,49.0,49.0,49.0,0.0039840637450199,0.0,1.0,0.99601593625498,1.0,0.0629935788878163,1.0,1.0,1.0,0.0039840637450199,0.0043737226741735,2.0,50.0,2.191235059760956,2.0,3.023691786615183,48.0,2.0,2.0,0.0869250271640709,0.0082516566866267,0.4890219560878244,0.0132207298550309,0.0105510578842315,0.0302203732584749,0.4807702994011976,0.009018123752495,0.0128504590818363,0.2584098080646164,728,24289,50.03400039672852,28.62510871887207,728.0,2842.0,2501.7,500,medium,medium,True,2968.0,2968,2968,instances/swv14,CPO in < 1h,0.4071135687251304,0.0042706001440721,-0.0016641565172663,6.630859190313091e-05,-0.0006632047838747,0.0004432303097797,0.0007827102296455,8.287080446267937e-05,-0.0002412549662912,-0.0010114856641917,-0.0010104534515463,-0.0013485080081804,-0.0043903881578383,-0.0004670642352219,-0.0020755048704561,-0.0014607351127327,-0.0001675468264094,-0.00084793809876,-0.0057388989293762,-0.0035189885380028,-0.0004438180885432,-0.007553602773266,-0.0064922942796696,-0.0050464723260676,-0.0045201714591442,-0.0023324817010459,0.0052378061638158,0.0101638358633809,0.0042943159289186,0.0011563960740822,0.0037431489711748,0.0044136974180139,0.0057264749003498,-0.0045975429741522,-4.0670210367935694e-08,-0.0044731643064246,-1.1432266103986105e-07,-0.0040967060858813,-6.384003711047588e-09,-6.44462865912909e-09,-1.3349249515954454e-07,-0.0069922409429123,-0.0071859823144284,0.0051171366810299,-0.0014617815020728,0.0011579211838578,0.0040001842659482,-2.681853955075247e-09,-0.0016960044389154,0.0060232051902945,0.0040338578740961,0.0123662162005493,0.0056186430256688,-0.0053801329699824,0.0115124889137545,0.0055154278264837,0.0035656424967671,-0.0018636260512953,-0.0031923822786779,-0.0122637973965641,-0.0004534877182287,0.0015689774911736,-0.0033605159203792,0.0024671925260238,0.0124268986167862,-0.0055093275803861
swv15.pt,50,10,0.0,100.0,49.7788844621514,47.0,27.916154206621048,100.0,25.0,74.0,0.3231051144575325,-1.0,9.0,4.47808764940239,4.0,2.887415669986177,10.0,2.0,7.0,0.3691899070385125,27.12848663330078,30.114198684692383,550,24500,502,25050,0.0974147322884112,0.0,49.0,48.80478087649402,49.0,3.0866853655029995,49.0,49.0,49.0,0.0039840637450199,0.0,1.0,0.99601593625498,1.0,0.0629935788878163,1.0,1.0,1.0,0.0039840637450199,0.0043737226741735,2.0,50.0,2.191235059760956,2.0,3.023691786615183,48.0,2.0,2.0,0.0869250271640709,0.0082516566866267,0.4890219560878244,0.0132207298550309,0.0105510578842315,0.0302203732584749,0.4807702994011976,0.009018123752495,0.0128504590818363,0.2584098080646164,687,24302,49.97800064086914,27.7934799194336,687.0,2762.0,2498.9,500,hard,medium,False,2885.0,2885,2885,instances/swv15,OptalCP in 9h,0.4080025815332446,0.004221247968315,-0.0016707885859794,6.71758610855018e-05,-0.0006839855494058,0.0002057098880416,0.0007156791848182,8.294671389395102e-05,-0.0002552788965776,-0.0010200309296606,-0.0010313083190494,-0.0013206874030835,-0.0043554305833167,-0.000470793158429,-0.0019935712833108,-0.0014572015874017,-0.0001987565725948,-0.0008423128764986,-0.0055780758709336,-0.0033768341170733,-0.0005418889161553,-0.0074832800037879,-0.0063683053986889,-0.0050682865459861,-0.0043683082805068,-0.0023383497924528,0.0052485682596822,0.0101771224486682,0.0043655243654633,0.0011350730238996,0.0037006379412631,0.004422214182399,0.0057470522509237,-0.0044527045919682,-4.961452728918769e-08,-0.0043637667046361,-1.1214590388865809e-07,-0.0040430066971625,-2.786426393952559e-09,-6.919130442819923e-09,-1.36789566333852e-07,-0.0070924377148804,-0.0072695859078832,0.0051143655122566,-0.0014647173515543,0.0011402587938004,0.0040305160384246,-2.6630336506051703e-09,-0.0016603836954971,0.0059966166250888,0.0040658299396222,0.0124430044971633,0.0055868511191418,-0.0053838492016084,0.0115829486796437,0.005514147111784,0.0035358574027042,-0.0018106826188667,-0.0029858529932531,-0.0123995348374715,-0.0003961733436942,0.0014099122450754,-0.0032063988361866,0.0027502739871271,0.0123917694272833,-0.0055761881473175
swv16.pt,50,10,0.0,100.0,50.46414342629482,51.5,29.70615905196872,100.0,25.0,76.0,0.3397452702905663,-1.0,9.0,4.47808764940239,4.0,2.887415669986177,10.0,2.0,7.0,0.3691899070385125,27.471115112304688,31.210187911987305,550,24500,502,25050,0.0974147322884112,0.0,49.0,48.80478087649402,49.0,3.0866853655029995,49.0,49.0,49.0,0.0039840637450199,0.0,1.0,0.99601593625498,1.0,0.0629935788878163,1.0,1.0,1.0,0.0039840637450199,0.0043737226741735,2.0,50.0,2.191235059760956,2.0,3.023691786615183,48.0,2.0,2.0,0.0869250271640709,0.0082516566866267,0.4890219560878244,0.0132207298550309,0.0105510578842315,0.0302203732584749,0.4807702994011976,0.009018123752495,0.0128504590818363,0.2584098080646164,664,24669,50.66600036621094,29.59321594238281,664.0,2924.0,2533.3,500,easy,medium,False,2924.0,2924,2924,instances/swv16,CPO in < 1 min,0.4066303244935385,0.0042589624953949,-0.0016973795752814,6.619772557421233e-05,-0.0005906607406195,0.0003204050483298,0.0006389123656294,8.413823027212962e-05,-0.0002545132472947,0.000636607058319,-0.001015642722913,-0.0014090295831941,-0.0043591206072464,-0.0004915203322678,-0.0020903823838824,-0.0015274516029984,-0.0001777165581069,-0.0008424907664245,-0.0060795837691422,-0.0033845898173157,-0.0005410017046487,-0.007830955102072,-0.0067265588752003,-0.0053227239676315,-0.0048119001361637,-0.0023746272502508,0.0052417807691912,0.0101420297242359,0.0043486107662853,0.0012072522049232,0.0037351339346629,0.0044404232216369,0.0056808775098598,-0.0047939208783691,-4.093611876315539e-08,-0.0044773235637207,-1.1121752313052489e-07,-0.0042613659082576,-6.458344170699541e-09,-5.5561823868884714e-09,-1.370925445417837e-07,-0.0068847545282802,-0.0072597925486515,0.0051182322304015,-0.0014975213064164,0.0011362814313733,0.0038856037129211,-2.6987307962047995e-09,-0.0015896810090203,0.0061822538604127,0.0040545495434192,0.0124231212080221,0.005681485770496,-0.0053191643822666,0.0115374853384408,0.0055269815134737,0.003609214121382,-0.0018497744730891,-0.0031036849864222,-0.0124049009268757,-0.0004490041062834,0.0015159706095888,-0.0032615987018937,0.00251199406542,0.0124986821440583,-0.0060525683856777
swv17.pt,50,10,0.0,100.0,48.72310756972112,45.5,28.574098541764787,100.0,24.0,73.75,0.3379861314381054,-1.0,9.0,4.47808764940239,4.0,2.887415669986177,10.0,2.0,7.0,0.3691899070385125,26.6005973815918,30.03021049499512,550,24500,502,25050,0.0974147322884112,0.0,49.0,48.80478087649402,49.0,3.0866853655029995,49.0,49.0,49.0,0.0039840637450199,0.0,1.0,0.99601593625498,1.0,0.0629935788878163,1.0,1.0,1.0,0.0039840637450199,0.0043737226741735,2.0,50.0,2.191235059760956,2.0,3.023691786615183,48.0,2.0,2.0,0.0869250271640709,0.0082516566866267,0.4890219560878244,0.0132207298550309,0.0105510578842315,0.0302203732584749,0.4807702994011976,0.009018123752495,0.0128504590818363,0.2584098080646164,683,23776,48.917999267578125,28.464210510253903,683.0,2794.0,2445.9,500,easy,medium,False,2794.0,2794,2794,instances/swv17,CPO in < 1 min,0.4070808992193919,0.0042338563925744,-0.0016792734456724,6.679728171792909e-05,-0.0006535847118299,0.0002136607005182,0.0007152889425189,8.274865023060145e-05,-0.0002825154625522,-0.0009155190004519,-0.0010735121359665,-0.001350806762959,-0.0043826995399843,-0.0004346121542803,-0.0020076341897717,-0.0014993307386369,-0.0002177970626202,-0.00081985082882,-0.0057326888893976,-0.0034113442530322,8.426975827121951e-05,-0.00737271713868,-0.0060538391477377,-0.0051721405464176,-0.0043990293701301,-0.002342333874864,0.0052820837989251,0.010193214645875,0.0043278710485979,0.0011461781111685,0.0036881616313282,0.0044179327141361,0.0056935294565653,-0.0044391615161058,-5.3158434038197094e-08,-0.0043313425611974,-1.1442782770421344e-07,-0.0041715294089905,-3.367791690320602e-09,-6.126849354150385e-09,-1.3745843284367313e-07,-0.0070896753218573,-0.0072525142487174,0.0051273764034749,-0.0014731935859905,0.0011408471966212,0.0039927842269329,-2.6160169462360243e-09,-0.001780347291972,0.0060042392875116,0.0040145908755201,0.0124559836095234,0.0056475483781618,-0.0055298664778467,0.0115543951042152,0.0055192443637977,0.0036279153213169,-0.0019030370188858,-0.0030875898332655,-0.0134848134844668,-0.0003863667463615,0.0013260741332188,-0.0031781486037901,0.002610506246506,0.0124019327772248,-0.0054593456255927
swv18.pt,50,10,0.0,100.0,49.145418326693225,45.0,29.02589805488768,100.0,26.0,73.75,0.3401487883333514,-1.0,9.0,4.47808764940239,4.0,2.887415669986177,10.0,2.0,7.0,0.3691899070385125,26.811752319335938,30.40086555480957,550,24500,502,25050,0.0974147322884112,0.0,49.0,48.80478087649402,49.0,3.0866853655029995,49.0,49.0,49.0,0.0039840637450199,0.0,1.0,0.99601593625498,1.0,0.0629935788878163,1.0,1.0,1.0,0.0039840637450199,0.0043737226741735,2.0,50.0,2.191235059760956,2.0,3.023691786615183,48.0,2.0,2.0,0.0869250271640709,0.0082516566866267,0.4890219560878244,0.0132207298550309,0.0105510578842315,0.0302203732584749,0.4807702994011976,0.009018123752495,0.0128504590818363,0.2584098080646164,643,24028,49.34199905395508,28.916656494140625,643.0,2852.0,2467.1,500,easy,medium,False,2852.0,2852,2852,instances/swv18,CPO in < 1 min,0.4047748535682119,0.0042323178464967,-0.0016662995997417,6.635503959432756e-05,-0.0005445318618364,0.0001864240781226,0.0006367743781772,8.269903399582623e-05,-0.0002810198549454,-0.0009642716189886,-0.0010900600829089,-0.001365218252858,-0.0043912616833189,-0.0004170618385065,-0.0019949943825984,-0.0015096015265061,-0.0002169801587574,-0.0008325510298037,-0.0057421453779656,-0.0034455106566171,-0.0007464711495045,-0.007568922607045,-0.0063137020954114,-0.005209255759094,-0.0045271362403979,-0.0023304944843536,0.0052203347610571,0.0101211190128548,0.0043131639005571,0.0011502187043978,0.0036945291181334,0.0044229210112595,0.0056467053758978,-0.0045061576932063,-4.106875669843322e-08,-0.0044456007917732,-1.1183866588282453e-07,-0.0041860536578669,-5.5920517812525285e-09,-7.235070164116796e-09,-1.394895843541021e-07,-0.0071091071964351,-0.0072472864570664,0.0050968861544733,-0.0014698609945503,0.0011512595137954,0.0040480947831933,-2.681853955075247e-09,-0.0017612815474055,0.0059889448459984,0.0039579566229413,0.0123602929730653,0.0056373260990168,-0.0055603079539589,0.0115009311517822,0.005523714221328,0.0036268840752341,-0.0018883295059227,-0.0030886270568205,-0.013432483399156,-0.000400853695187,0.0014483460058799,-0.0031769106400492,0.002435757905333,0.0124076676068777,-0.0056324581918468
swv19.pt,50,10,0.0,100.0,50.98605577689243,50.5,29.011156749037216,100.0,26.0,77.0,0.3282534639718135,-1.0,9.0,4.47808764940239,4.0,2.887415669986177,10.0,2.0,7.0,0.3691899070385125,27.73207092285156,31.076356887817383,550,24500,502,25050,0.0974147322884112,0.0,49.0,48.80478087649402,49.0,3.0866853655029995,49.0,49.0,49.0,0.0039840637450199,0.0,1.0,0.99601593625498,1.0,0.0629935788878163,1.0,1.0,1.0,0.0039840637450199,0.0043737226741735,2.0,50.0,2.191235059760956,2.0,3.023691786615183,48.0,2.0,2.0,0.0869250271640709,0.0082516566866267,0.4890219560878244,0.0132207298550309,0.0105510578842315,0.0302203732584749,0.4807702994011976,0.009018123752495,0.0128504590818363,0.2584098080646164,684,24911,51.18999862670898,28.888992309570312,684.0,2843.0,2559.5,500,easy,medium,False,2843.0,2843,2843,instances/swv19,CPO in < 1 min,0.4078018333936673,0.0043134127358214,-0.0016708135943921,6.646611370249133e-05,-0.0006767965172131,0.0001962059472464,0.0007518554180495,8.418432153758843e-05,-0.0002545018554526,0.0023687273184325,-0.0011183210569611,-0.0014461911688158,-0.0043299273491711,-0.0005009212716344,-0.0020259225117362,-0.0015284962351504,-0.0001986120043542,-0.000833943249914,-0.0060547010752388,-0.0033826635323874,-0.0005466701246204,-0.0078556645216682,-0.0067317931490572,-0.0053933321651858,-0.0049411541007827,-0.002335991221016,0.0052592711808312,0.0101424890646983,0.0043787591067088,0.0011644122243587,0.0037241716271903,0.0044153891609073,0.0057136774171028,-0.0047561817070836,-4.1183220679988206e-08,-0.0046265601709492,-1.134668722043161e-07,-0.0044665044966077,-9.302189147410563e-09,-5.5080307390113815e-09,-1.3955414707550344e-07,-0.0068973282467026,-0.0072501535864039,0.0051350553487221,-0.0014495223517585,0.001151905487456,0.0039495915519016,-2.6630336506051703e-09,-0.001635517064282,0.006180544855642,0.0039998526122157,0.0125244002651914,0.0057023832304344,-0.0053000958579186,0.0115892061312471,0.0055452751280064,0.0035698232775225,-0.0018246083506325,-0.0030002970017504,-0.012360711303219,-0.0004202961119469,0.001301095559501,-0.0032756578032693,0.0024632261639963,0.012354787832293,-0.0060345195494166
swv20.pt,50,10,0.0,100.0,49.037848605577686,50.0,28.432147539329407,100.0,25.0,72.75,0.334573393471651,-1.0,9.0,4.47808764940239,4.0,2.887415669986177,10.0,2.0,7.0,0.3691899070385125,26.75796890258789,30.07914924621582,550,24500,502,25050,0.0974147322884112,0.0,49.0,48.80478087649402,49.0,3.0866853655029995,49.0,49.0,49.0,0.0039840637450199,0.0,1.0,0.99601593625498,1.0,0.0629935788878163,1.0,1.0,1.0,0.0039840637450199,0.0043737226741735,2.0,50.0,2.191235059760956,2.0,3.023691786615183,48.0,2.0,2.0,0.0869250271640709,0.0082516566866267,0.4890219560878244,0.0132207298550309,0.0105510578842315,0.0302203732584749,0.4807702994011976,0.009018123752495,0.0128504590818363,0.2584098080646164,684,23933,49.23400115966797,28.31895637512207,684.0,2823.0,2461.7,500,easy,medium,False,2823.0,2823,2823,instances/swv20,CPO in < 1 min,0.4053462560408408,0.0042286674224415,-0.0016705609088369,6.690722028858853e-05,-0.0005952128706862,0.000208615581592,0.0007261451894963,8.263980074499704e-05,-0.0002856489170386,-0.000926980695994,-0.0010945202946964,-0.0013427754332301,-0.0043530503397992,-0.0004283480437787,-0.0019842885880913,-0.0015104810149294,-0.0002175029348912,-0.0008200107485147,-0.0056735883207185,-0.0034610947843749,-0.0005437987565402,-0.007530392413687,-0.0062707490808751,-0.0052060546562334,-0.0044458986888464,-0.0023291748759368,0.005244206104865,0.0101651300286007,0.0043205099014471,0.001164232069483,0.0036852181737803,0.0044192186459981,0.0056892544328983,-0.0044848848757865,-5.286380132186231e-08,-0.0044522496782789,-1.1161499915217822e-07,-0.0041519195840482,-2.2958952746293603e-09,-5.8482991953856994e-09,-1.41235232449807e-07,-0.0071356823863138,-0.0072752209136915,0.0051283539638819,-0.001481016996996,0.0011476095864316,0.0040361658425966,-2.9014498834887083e-09,-0.0017604907937355,0.005985970026109,0.0039589091004185,0.0123867679622123,0.0056193293191754,-0.0055589682805546,0.011540555660255,0.0055220426161096,0.0035901943920514,-0.0018849419886919,-0.0030077714422337,-0.0134910750610774,-0.0003775065238713,0.0013307871619132,-0.0031900958461231,0.002391027626502,0.012376238186816,-0.0056065127736251
ta01.pt,15,15,0.0,99.0,51.41409691629956,53.0,29.43439467397293,99.0,27.0,78.5,0.3299507005012989,-1.0,14.0,6.929515418502203,7.0,4.365903253500387,15.0,3.0,11.0,0.3612334801762114,29.17180633544922,30.6176700592041,240,3150,227,3390,0.0614011149662781,0.0,14.0,13.876651982378856,14.0,1.3083032955874447,14.0,14.0,14.0,0.0088105726872247,0.0,1.0,0.9911894273127754,1.0,0.0934502353991032,1.0,1.0,1.0,0.0088105726872247,0.0093563603758138,2.0,15.0,2.1145374449339207,2.0,1.2148530601883412,13.0,2.0,2.0,0.0536894273127752,0.0294618157980989,0.4646017699115044,0.0427559679284758,0.0376427400852179,0.0406580790965292,0.4351399541134054,0.0315070468698787,0.0478688954441166,0.1951230419424712,963,10708,51.87111282348633,29.16125869750977,963.0,977.0,778.0666666666667,225,easy,medium,False,1231.0,1231,1231,instances/ta01,CPO in < 1 min,0.3208198492742086,-0.0013764588858935,0.0004463678320557,7.236918626388867e-05,0.0001890398773125,0.0005318524730482,0.0004133784697127,0.0001349281062157,-0.0001201744660052,0.0008175672657924,-0.0017654562595412,0.00074347962011,0.000292412482947,7.797080183796426e-05,0.0006620017833794,0.0003021209715356,9.437434593473358e-05,-9.614526613019988e-05,0.0002164790428415,-0.0012685470308225,0.0015053614074019,-0.0047862531270126,-0.0059810855471026,-0.0031154073596376,-0.0061278123865227,0.0005626584857263,-0.0028868668381662,-0.0046075541504847,0.0001608553339429,0.0017284556940639,-0.0008897348042711,-0.0024527346113325,-0.0039712473526155,-0.0030948711485333,-8.579830564557552e-08,-0.0034756994955903,-2.1967923510806893e-07,-0.0031229434260715,-3.9813783013530824e-08,-2.032765979919757e-08,-2.064157294147412e-07,-0.0041093038580172,-0.0024153239821307,-0.0023311356561498,0.0009664405519445,0.0006595299355706,-0.0028746388917196,-2.5021730543883635e-09,0.0006760916554545,0.0020416261740557,-0.001640337699825,-0.0065987173330061,-0.0072801687051579,-0.0015458139973202,-0.0021425000755327,7.297485121165986e-05,-0.0013493097556343,0.0009800567394342,0.0001813159282535,-0.0058724825656727,-0.0002794029037521,0.0002142767722278,7.819409678892532e-05,-3.8685872057668814e-05,-0.0079081601992818,-0.0033571287201123
ta02.pt,15,15,0.0,99.0,50.02643171806167,51.0,28.284103146318657,99.0,24.5,72.0,0.3259167076575018,-1.0,14.0,6.929515418502203,7.0,4.365903253500387,15.0,3.0,11.0,0.3612334801762114,28.47797393798828,29.561155319213867,240,3150,227,3390,0.0614011149662781,0.0,14.0,13.876651982378856,14.0,1.3083032955874447,14.0,14.0,14.0,0.0088105726872247,0.0,1.0,0.9911894273127754,1.0,0.0934502353991032,1.0,1.0,1.0,0.0088105726872247,0.0093563603758138,2.0,15.0,2.1145374449339207,2.0,1.2148530601883412,13.0,2.0,2.0,0.0536894273127752,0.0294618157980989,0.4646017699115044,0.0427559679284758,0.0376427400852179,0.0406580790965292,0.4351399541134054,0.0315070468698787,0.0478688954441166,0.1951230419424712,942,10414,50.47111129760742,28.011749267578125,942.0,919.0,757.0666666666667,225,easy,easy,True,1244.0,1244,1244,instances/ta02,OptalCP in < 1 min,0.3081848325073636,-0.0010756170285264,0.0003123017835479,0.0001038454970251,0.0001711200304889,0.0001100052957994,0.0003689056497756,0.0001339104736209,-0.0003042872450391,0.0003973384500696,-0.0018414380695676,0.0005618459363095,0.0002550343364174,9.622553576499374e-05,0.0005711903681336,0.0003553957596825,0.0001673098321316,-9.329371052683588e-05,0.0001821125303472,-0.0009756670375961,0.0002374213811857,-0.0049586338881412,-0.0061775411291299,-0.003019588042029,-0.0062236131152304,0.0003483204961722,-0.0031913472886783,-0.0050717839505038,5.421569838937607e-06,0.0015712900697282,-0.0011332727530309,-0.0027719880243881,-0.003904435480214,-0.0030920195786334,-1.1971435371596706e-07,-0.0035364010788246,-2.196894667952813e-07,-0.0032632517706456,-3.2598275334966945e-08,-2.1505337246668165e-08,-2.0896480664070885e-07,-0.0041815065769185,-0.0025175870490797,-0.0026043875412696,0.0006101618063369,0.0007674489097056,-0.0030902087293008,-3.256683885765656e-09,0.0007981464470327,0.0018938106740932,-0.0016691748269986,-0.0070753943090883,-0.0071551550361646,-0.0016494255379869,-0.0020683070947913,-6.744745456740403e-05,-0.001532969282899,0.0009288245164737,8.827231141371156e-05,-0.0057173021970197,-0.0003692036045096,0.0003472523780609,5.151141781548802e-05,-0.000463610880794,-0.0138142378431099,-0.0035192343626156
ta03.pt,15,15,0.0,99.0,49.25550660792952,49.0,28.722980455397487,99.0,23.5,75.0,0.3364864955377808,-1.0,14.0,6.929515418502203,7.0,4.365903253500387,15.0,3.0,11.0,0.3612334801762114,28.092510223388672,29.494199752807617,240,3150,227,3390,0.0614011149662781,0.0,14.0,13.876651982378856,14.0,1.3083032955874447,14.0,14.0,14.0,0.0088105726872247,0.0,1.0,0.9911894273127754,1.0,0.0934502353991032,1.0,1.0,1.0,0.0088105726872247,0.0093563603758138,2.0,15.0,2.1145374449339207,2.0,1.2148530601883412,13.0,2.0,2.0,0.0536894273127752,0.0294618157980989,0.4646017699115044,0.0427559679284758,0.0376427400852179,0.0406580790965292,0.4351399541134054,0.0315070468698787,0.0478688954441166,0.1951230419424712,921,10260,49.69333267211914,28.470792770385746,921.0,900.0,745.4,225,easy,easy,True,1218.0,1218,1218,instances/ta03,OptalCP in < 1 min,0.3004262666605501,-0.0013256444687242,0.0002791955979934,8.448470846889099e-05,6.387014183762689e-05,9.92846740826886e-05,0.000354470433732,0.000137954896027,-0.000375819431349,-0.0009445014885115,-0.0017746198663549,0.0005050960927873,0.0001735157982581,6.693914539024641e-05,0.0005094818164414,0.000349064388409,9.534211312846684e-05,-0.0001338133574687,8.607588055204074e-05,-0.0008676621698163,2.49003631761547e-05,-0.0050432231198621,-0.006203536026798,-0.0030610996208907,-0.0062205833510932,0.000358080342023,-0.0032325713680253,-0.0055171131900854,-0.0002329757872691,0.0015327778713986,-0.0013172033818635,-0.0028888764228196,-0.0041076286486626,-0.0031358171844573,-1.198151959363563e-07,-0.0035517486331747,-2.315528223130961e-07,-0.0032311017871386,-3.0930702518408475e-08,-2.011806894647932e-08,-2.0312298185631465e-07,-0.00418056206776,-0.0025789024007401,-0.0026738345064665,0.0005234543318295,0.0005872911466079,-0.0031387302669447,-2.427797826160304e-09,0.0007191963023977,0.0017251680645107,-0.0017636482121393,-0.0072181049018713,-0.0072343166613439,-0.0016911492834553,-0.0028255594692987,-0.0002140199616386,-0.0017434768981221,0.0008856068878817,0.0001120566550694,-0.0058683424295409,-0.0005159411206297,0.0002937931073837,6.95098649849106e-05,-0.0008156865651231,-0.0149123988784965,-0.0035498693654507
ta04.pt,15,15,0.0,98.0,48.23348017621145,47.0,27.618118418546995,98.0,25.0,70.0,0.3302278927973225,-1.0,14.0,6.929515418502203,7.0,4.365903253500387,15.0,3.0,11.0,0.3612334801762114,27.58149719238281,28.59047508239746,240,3150,227,3390,0.0614011149662781,0.0,14.0,13.876651982378856,14.0,1.3083032955874447,14.0,14.0,14.0,0.0088105726872247,0.0,1.0,0.9911894273127754,1.0,0.0934502353991032,1.0,1.0,1.0,0.0088105726872247,0.0093563603758138,2.0,15.0,2.1145374449339207,2.0,1.2148530601883412,13.0,2.0,2.0,0.0536894273127752,0.0294618157980989,0.4646017699115044,0.0427559679284758,0.0376427400852179,0.0406580790965292,0.4351399541134054,0.0315070468698787,0.0478688954441166,0.1951230419424712,911,10038,48.66222381591797,27.361961364746094,911.0,870.0,729.9333333333333,225,easy,easy,True,1175.0,1175,1175,instances/ta04,OptalCP in < 1 min,0.3053220318005059,-0.0011622481095916,0.0003211571856791,-0.0001320108119999,0.0001216263140657,9.365488842238348e-05,0.0003836023216892,-3.6297663499014026e-05,-0.0003478427714383,0.0002903061720923,-0.0018248679898273,0.0005135592490109,0.000231361176084,7.530244501413412e-05,0.0005715222783015,0.0003654134432168,0.0001385955499666,-0.0001313674301136,0.000200721152545,-0.000733833899326,0.0003147806160382,-0.0049357217072132,-0.0062237252396276,-0.0030321570818585,-0.0062336605377375,0.0003037081773161,-0.0031658247406366,-0.0052881544277498,-0.0002191929330494,0.0015156069874432,-0.0014619658370818,-0.0028606014473218,-0.0039498484797293,-0.0031073163035356,-1.372474189045672e-07,-0.0035467545097344,-4.038616756297011e-07,-0.0032264148159764,-2.0210356823137507e-08,-2.2624154968356614e-08,-2.136722992929367e-07,-0.0042143713817653,-0.0025351347248575,-0.0026070503581466,0.0006465801022031,0.0007407472099419,-0.0030891403016859,-3.1625316687366632e-09,0.0008302980082784,0.0020241902949405,-0.0015497648742999,-0.0071258889490936,-0.0069471679374805,-0.0016337321862031,-0.0022994654365094,3.950787712091597e-05,-0.0016322995528606,0.0009204577001194,0.0001112993976691,-0.0058194279251403,-0.0005445216351586,0.0003093053603818,2.836476994739764e-05,-0.0007080083817799,-0.0148248174400164,-0.0034985845736339
ta05.pt,15,15,0.0,99.0,49.56828193832599,49.0,29.136598511480184,99.0,23.0,75.0,0.3391412745418924,-1.0,14.0,6.929515418502203,7.0,4.365903253500387,15.0,3.0,11.0,0.3612334801762114,28.248899459838867,29.808008193969727,240,3150,227,3390,0.0614011149662781,0.0,14.0,13.876651982378856,14.0,1.3083032955874447,14.0,14.0,14.0,0.0088105726872247,0.0,1.0,0.9911894273127754,1.0,0.0934502353991032,1.0,1.0,1.0,0.0088105726872247,0.0093563603758138,2.0,15.0,2.1145374449339207,2.0,1.2148530601883412,13.0,2.0,2.0,0.0536894273127752,0.0294618157980989,0.4646017699115044,0.0427559679284758,0.0376427400852179,0.0406580790965292,0.4351399541134054,0.0315070468698787,0.0478688954441166,0.1951230419424712,940,10312,50.008888244628906,28.886903762817383,940.0,902.0,750.1333333333333,225,easy,easy,True,1224.0,1224,1224,instances/ta05,OptalCP in < 1 min,0.3032379652234316,-0.0012981855913817,0.000271956506266,8.470419977222274e-05,6.957547968399913e-05,0.0001217148393924,0.0003640967107266,0.0001383921986547,-0.0003666714566053,-0.0009304100184614,-0.001800199864987,0.0005790642392563,0.0001640254014161,7.068526720363192e-05,0.0005171782611233,0.0003185944522881,9.556730743398491e-05,-9.975288035186828e-05,9.3414505836724e-05,-0.0008827196607185,0.000760987997913,-0.0049663263408363,-0.0061062260681404,-0.0030334064883842,-0.0062126530754793,0.0003878950039335,-0.0032679724936479,-0.0054536944737587,-0.000172918243578,0.0015491562364473,-0.0011694973346086,-0.0027084544811852,-0.00411534594323,-0.0031135089782376,-1.198151959363563e-07,-0.0035481418927203,-2.315416548018993e-07,-0.0032712737567818,-3.3260720276039255e-08,-2.011806894647932e-08,-1.937585431010342e-07,-0.004174196095946,-0.0025796689269891,-0.00250819784893,0.0005369992642018,0.0005838284913239,-0.0030787119129072,-2.427797826160304e-09,0.0007000341848424,0.0017979478050707,-0.0017881994961694,-0.0070221828647859,-0.0072053666830522,-0.0016368774760027,-0.0026951404985574,-0.000111163925731,-0.0016985048809479,0.0008577676250939,4.733173635687264e-05,-0.005702642924376,-0.0003882188325898,0.0002699222135371,2.215793632051564e-05,-0.0007296066195925,-0.0146744527983038,-0.0035342871878421
ta06.pt,15,15,0.0,99.0,50.00440528634361,51.0,28.971123067338617,99.0,26.5,74.5,0.3341792549085507,-1.0,14.0,6.929515418502203,7.0,4.365903253500387,15.0,3.0,11.0,0.3612334801762114,28.466960906982425,29.8840274810791,240,3150,227,3390,0.0614011149662781,0.0,14.0,13.876651982378856,14.0,1.3083032955874447,14.0,14.0,14.0,0.0088105726872247,0.0,1.0,0.9911894273127754,1.0,0.0934502353991032,1.0,1.0,1.0,0.0088105726872247,0.0093563603758138,2.0,15.0,2.1145374449339207,2.0,1.2148530601883412,13.0,2.0,2.0,0.0536894273127752,0.0294618157980989,0.4646017699115044,0.0427559679284758,0.0376427400852179,0.0406580790965292,0.4351399541134054,0.0315070468698787,0.0478688954441166,0.1951230419424712,849,10502,50.44889068603516,28.71172142028809,849.0,889.0,756.7333333333333,225,easy,easy,True,1238.0,1238,1238,instances/ta06,OptalCP in < 1 min,0.3052331815516382,-0.0012169979106949,0.0003010731706223,9.586981131522036e-05,8.214616064289465e-05,9.439575791309855e-05,0.0004717400806551,0.00013401929509,-0.000226727192646,-0.0013243020645045,-0.0017415353308651,0.0005572846306782,0.0001774457401961,9.586545118388176e-05,0.0005350551582621,0.0003085128030234,8.685671060139672e-05,-0.0001380306341445,0.0001420483005914,-0.0009114079717175,0.0007401245146952,-0.0048982612803054,-0.0061044239753727,-0.0030411121816937,-0.0062318324805655,0.0004026509555079,-0.0030036666930683,-0.0052454730828893,-7.543399774785881e-05,0.001640303652373,-0.0011083942809447,-0.0026621910695072,-0.0037953461532705,-0.0031020158691682,-1.2066767540596946e-07,-0.0035080968563459,-2.204520463411313e-07,-0.003273467863537,-3.3131248398710525e-08,-2.0263437568469547e-08,-2.0421030091227053e-07,-0.0041957861278052,-0.0025670267882336,-0.0024916378542174,0.0005956240221904,0.0005653328772927,-0.0029225701120869,-2.427797826160304e-09,0.0006795167602266,0.0017258893924031,-0.0016936059643164,-0.006994744351176,-0.0071309162645093,-0.001608976102441,-0.0022386421814765,-8.391605749268955e-05,-0.001685078837004,0.0008517152312409,-0.0002207442416051,-0.0057382130096043,-0.0003528096059242,0.0003790538091709,-0.000605204461903,-0.0007207137701739,-0.013913192188326,-0.0035365930715812
ta07.pt,15,15,0.0,99.0,50.8942731277533,51.0,29.399081659895856,99.0,25.0,78.0,0.3331415338846328,-1.0,14.0,6.929515418502203,7.0,4.365903253500387,15.0,3.0,11.0,0.3612334801762114,28.91189384460449,30.41230773925781,240,3150,227,3390,0.0614011149662781,0.0,14.0,13.876651982378856,14.0,1.3083032955874447,14.0,14.0,14.0,0.0088105726872247,0.0,1.0,0.9911894273127754,1.0,0.0934502353991032,1.0,1.0,1.0,0.0088105726872247,0.0093563603758138,2.0,15.0,2.1145374449339207,2.0,1.2148530601883412,13.0,2.0,2.0,0.0536894273127752,0.0294618157980989,0.4646017699115044,0.0427559679284758,0.0376427400852179,0.0406580790965292,0.4351399541134054,0.0315070468698787,0.0478688954441166,0.1951230419424712,935,10618,51.3466682434082,29.13348388671875,935.0,920.0,770.2,225,easy,medium,False,1227.0,1227,1227,instances/ta07,OptalCP in < 1 min,0.3157622888471948,-0.0013439536990454,0.0004110213635536,8.556853499484463e-05,0.0001183749379894,0.0001580098001385,0.0002991136608246,0.0001323818366782,-0.0003881451917462,0.0008688048955881,-0.0017647516210745,0.0006523205206427,0.0001905137918546,8.149587212304628e-05,0.0006733590195308,0.0003309393658708,0.0001008976319558,-0.0001011735491571,0.0001636396693152,-0.0011606616726179,0.0007082052666444,-0.0048660150354641,-0.0059942795894837,-0.0030368410645448,-0.0060683222552122,0.0004816107916386,-0.0029968269163747,-0.0048567468153812,0.0003390635495569,0.0016916743961267,-0.0010275346777058,-0.0024407874542707,-0.0039868003609302,-0.0030831988085313,-8.658023426898083e-08,-0.0035459343929556,-2.2327725107686938e-07,-0.0031933455094943,-4.02372398358465e-08,-2.29224111921872e-08,-2.001015991191934e-07,-0.0041694319227263,-0.0024957272444105,-0.002287890898561,0.0007112861088397,0.0006852008434994,-0.002894730506046,-2.5021730543883635e-09,0.0006757662035643,0.0019953491146755,-0.0017196506828777,-0.0068851291708088,-0.0072067802183767,-0.0015934836315788,-0.002062198291631,-0.0002267990675293,-0.0015098881961612,0.0009402886896824,0.0001249486798813,-0.0059175288061362,-0.0003085564561904,0.0002431047150958,7.893346848704508e-05,-0.0005470597301387,-0.0088747620631043,-0.0035044190575164
ta08.pt,15,15,0.0,99.0,50.22907488986784,51.0,31.14808230538056,99.0,22.0,80.0,0.3571187371873086,-1.0,14.0,6.929515418502203,7.0,4.365903253500387,15.0,3.0,11.0,0.3612334801762114,28.57929420471192,31.03780174255371,240,3150,227,3390,0.0614011149662781,0.0,14.0,13.876651982378856,14.0,1.3083032955874447,14.0,14.0,14.0,0.0088105726872247,0.0,1.0,0.9911894273127754,1.0,0.0934502353991032,1.0,1.0,1.0,0.0088105726872247,0.0093563603758138,2.0,15.0,2.1145374449339207,2.0,1.2148530601883412,13.0,2.0,2.0,0.0536894273127752,0.0294618157980989,0.4646017699115044,0.0427559679284758,0.0376427400852179,0.0406580790965292,0.4351399541134054,0.0315070468698787,0.0478688954441166,0.1951230419424712,963,10439,50.67555618286133,30.92250633239746,963.0,860.0,760.1333333333333,225,easy,easy,True,1217.0,1217,1217,instances/ta08,OptalCP in < 1 min,0.3043583481946934,-0.0013403961475811,0.0002866080176235,8.50765036845417e-05,3.593592520424172e-05,0.0001364764546442,0.0003303935853487,0.0001246616324124,-0.0003588200956531,0.0008616421251224,-0.0017553410398711,0.0006292148204257,0.0002209663154353,7.162408966352163e-05,0.000542334378654,0.000316497483659,0.0001460744185813,-0.0001014716133587,0.0001437925524053,-0.0010980290249384,0.001138287432516,-0.0049863011960768,-0.0060972411529874,-0.00309127883824,-0.0062455368377473,0.000439395656352,-0.0032527677178842,-0.0054854085043205,-0.0001450013961586,0.0016450505529734,-0.0011552775779701,-0.002610107884519,-0.0043248958160686,-0.0031052459518932,-8.492219013506889e-08,-0.0035351623645739,-2.292966383250206e-07,-0.0032896129788261,-3.83402999799432e-08,-2.2706791023290933e-08,-1.9135772655923825e-07,-0.004179037078132,-0.0025535123073362,-0.002538247664593,0.0006164890661579,0.0005799706975388,-0.0030779755255522,-2.5459609380689984e-09,0.0006825055556469,0.0015923522654206,-0.0018978820596643,-0.0077686192273544,-0.0072254028227325,-0.0016758834614911,-0.0030709015172225,-0.0002406651165825,-0.0017684377207913,0.0008227599537696,0.0002129980420081,-0.0058973736617139,-0.0003248856992075,0.0003333304538896,7.705344427178553e-05,-0.0009673737530605,-0.013913982719799,-0.0035148438823419
ta09.pt,15,15,0.0,99.0,52.136563876651984,52.0,28.604300724036552,99.0,28.5,78.0,0.3162158087804223,-1.0,14.0,6.929515418502203,7.0,4.365903253500387,15.0,3.0,11.0,0.3612334801762114,29.53303909301757,30.488569259643555,240,3150,227,3390,0.0614011149662781,0.0,14.0,13.876651982378856,14.0,1.3083032955874447,14.0,14.0,14.0,0.0088105726872247,0.0,1.0,0.9911894273127754,1.0,0.0934502353991032,1.0,1.0,1.0,0.0088105726872247,0.0093563603758138,2.0,15.0,2.1145374449339207,2.0,1.2148530601883412,13.0,2.0,2.0,0.0536894273127752,0.0294618157980989,0.4646017699115044,0.0427559679284758,0.0376427400852179,0.0406580790965292,0.4351399541134054,0.0315070468698787,0.0478688954441166,0.1951230419424712,982,10853,52.59999847412109,28.303749084472656,982.0,966.0,789.0,225,easy,medium,False,1274.0,1274,1274,instances/ta09,OptalCP in < 1 min,0.3223935295574139,-0.0013999122814363,0.000488514884979,0.0001060073045659,0.0001635780532016,9.375523035293477e-05,0.0003438004320416,0.0001343660286676,-0.0001064901916901,0.0008266989780124,-0.0018119508096272,0.0007404813793757,0.0002245047869157,7.289677520293346e-05,0.0006999527615853,0.0002925935563484,7.680807802923215e-05,-7.769964594864146e-05,0.0001162640176631,0.0003803436645056,0.0008533310052655,-0.0048297407931783,-0.0060153438971228,-0.0030201978276776,-0.0060858038671336,0.0005398858640954,-0.0028692539179993,-0.0045996607370155,0.0003965515648836,0.0018046403491013,-0.0008011105225126,-0.0022816523840107,-0.0038030173894726,-0.0030054189606309,-8.634445545343896e-08,-0.00356742827847,-2.160980856643653e-07,-0.0030749865301898,-4.0601432312813495e-08,-2.694030989275336e-08,-2.1076407117292002e-07,-0.004194900579657,-0.0023906093951819,-0.002346266938725,0.0009216264172298,0.0007683748415701,-0.0027381912192929,-2.978484060626701e-09,0.0006723582158078,0.0021186822303085,-0.0014834826896041,-0.0069970670545444,-0.0073353197739152,-0.0015916276391469,-0.001923575431807,0.0001029099102903,-0.0014245926443964,0.0009639608387703,0.0001286075511065,-0.0057827915593868,-0.0002871602734027,0.0002376099449408,0.0001258849895393,-0.0001526164675137,-0.0074263762559376,-0.0034569767106104
ta10.pt,15,15,0.0,99.0,50.02643171806167,51.0,29.637593805208247,99.0,24.5,75.0,0.3418620132112038,-1.0,14.0,6.929515418502203,7.0,4.365903253500387,15.0,3.0,11.0,0.3612334801762114,28.47797393798828,30.21688461303711,240,3150,227,3390,0.0614011149662781,0.0,14.0,13.876651982378856,14.0,1.3083032955874447,14.0,14.0,14.0,0.0088105726872247,0.0,1.0,0.9911894273127754,1.0,0.0934502353991032,1.0,1.0,1.0,0.0088105726872247,0.0093563603758138,2.0,15.0,2.1145374449339207,2.0,1.2148530601883412,13.0,2.0,2.0,0.0536894273127752,0.0294618157980989,0.4646017699115044,0.0427559679284758,0.0376427400852179,0.0406580790965292,0.4351399541134054,0.0315070468698787,0.0478688954441166,0.1951230419424712,896,10460,50.47111129760742,29.3896484375,896.0,911.0,757.0666666666667,225,easy,easy,True,1241.0,1241,1241,instances/ta10,OptalCP in < 1 min,0.3052089736815457,-0.0011846540705145,0.0002980248068605,8.505081751609987e-05,6.364624923931691e-05,0.0001042786322636,0.00043167066246,0.0001334015847292,-0.0003393226099676,-0.0009489594565068,-0.0017502563151412,0.000579607680552,0.0002020776874274,7.380002810116871e-05,0.000526733213811,0.0003098774297122,9.651247066946292e-05,-0.0001185745497301,9.147379576090926e-05,-0.0009703521581329,0.0005424159753001,-0.0048993221749584,-0.0060849958668058,-0.0030240548628699,-0.0061906997443131,0.0004095171065528,-0.0029648239730434,-0.0051697203119483,-1.537075849206629e-05,0.0015936795511098,-0.0010775864960496,-0.0026613354064098,-0.0040098603156538,-0.0031290415399619,-8.57958661494094e-08,-0.0035472000154918,-2.253186162097407e-07,-0.0032603458271593,-3.882081750744436e-08,-2.4515650205474378e-08,-2.011650839926132e-07,-0.0041865161378933,-0.0025912341564233,-0.0025127005642474,0.0005848670972827,0.0005528448346767,-0.0029288609204826,-2.5021730543883635e-09,0.0006906792099093,0.001737483471862,-0.0016767553592797,-0.0070003822253497,-0.0070067890712534,-0.0016601682864538,-0.0023155550522573,-0.000218714973145,-0.0016783472068008,0.0008264493722711,-0.0001690733540882,-0.0057589569415269,-0.0003320539077718,0.0003400734944821,-0.0005169954372567,-0.0007140681496432,-0.0138237376004202,-0.0035075738724873
ta11.pt,20,15,0.0,99.0,47.83774834437086,46.0,27.98279093134797,99.0,23.0,70.75,0.3370463035245981,-1.0,14.0,6.947019867549669,7.0,4.354776747754595,15.0,3.0,11.0,0.3598233995584989,27.392383575439453,28.618408203125,320,5700,302,6020,0.0627048909814965,0.0,19.0,18.874172185430464,19.0,1.541069705724516,19.0,19.0,19.0,0.0066225165562914,0.0,1.0,0.9933774834437086,1.0,0.0811089318802377,1.0,1.0,1.0,0.0066225165562914,0.0070405491628347,2.0,20.0,2.119205298013245,2.0,1.459960773844278,18.0,2.0,2.0,0.0558774834437088,0.022016611295681,0.473421926910299,0.0323986270929132,0.0283953488372093,0.0366073651629418,0.451405315614618,0.0236112956810631,0.0363687707641196,0.2019695527490832,949,13498,48.15666580200195,27.80105781555176,949.0,1139.0,963.1333333333332,300,medium,medium,True,1357.0,1357,1357,instances/ta11,OptalCP in < 1h,0.3807850911721124,0.0035255332251476,5.109255472797275e-06,7.340278616110392e-05,-0.0001081393819079,0.0005287569491524,0.0013406888039517,7.479757122008261e-05,3.31871752056002e-05,-0.0003781707864469,-0.0026884415624255,-0.0003493394192283,-0.0005648778449556,7.701759352901821e-05,4.222046597396963e-05,0.0001090478416276,-0.0001487624171222,-0.0005362531864879,-0.0004410146648297,-0.0019427351235446,0.0018906772047197,-0.0099700501559982,-0.0136051871631263,-0.0076354943329524,-0.0128582999870444,-0.0010527390334288,0.0043914003995591,0.008176550660226,0.0033868307703783,-0.0002621851638934,0.0029780364342005,0.0040892383540106,0.0045035300290137,-0.0069565135602827,-4.5764508280885074e-08,-0.0078472812340036,-1.1048817853822428e-07,-0.0069665391952929,-1.035002023180209e-08,-6.892022811188079e-09,-1.409985289309465e-07,-0.0087699641585515,-0.0071585107551629,0.004131743108633,-9.293780963297815e-05,-0.0003657130056514,0.0031286473113007,-2.9039005278093473e-09,-1.22506159472889e-05,0.0045385725405924,0.0019841093090337,0.0101140286307264,0.0045179201789395,-0.0042167259394276,0.0097427757824822,0.0035000802244665,0.0015045754424545,-2.817347851820472e-05,-0.0001540591500843,-0.0127100528205982,0.0004198009359137,0.0006631772971368,0.0003244493724191,0.001516774943122,0.0103837636912348,-0.0079709700693228
ta12.pt,20,15,0.0,99.0,51.51986754966888,52.5,28.53714790546672,99.0,26.25,77.0,0.3195993119971874,-1.0,14.0,6.947019867549669,7.0,4.354776747754595,15.0,3.0,11.0,0.3598233995584989,29.233444213867188,30.221698760986328,320,5700,302,6020,0.0627048909814965,0.0,19.0,18.874172185430464,19.0,1.541069705724516,19.0,19.0,19.0,0.0066225165562914,0.0,1.0,0.9933774834437086,1.0,0.0811089318802377,1.0,1.0,1.0,0.0066225165562914,0.0070405491628347,2.0,20.0,2.119205298013245,2.0,1.459960773844278,18.0,2.0,2.0,0.0558774834437088,0.022016611295681,0.473421926910299,0.0323986270929132,0.0283953488372093,0.0366073651629418,0.451405315614618,0.0236112956810631,0.0363687707641196,0.2019695527490832,1012,14547,51.86333465576172,28.319334030151367,1012.0,1251.0,1037.2666666666669,300,medium,medium,True,1367.0,1367,1367,instances/ta12,OptalCP in < 1h,0.3690166702772319,0.0034904180133575,-5.112558502617465e-05,7.146722355941065e-05,-0.0003473590231316,0.0004991485579241,0.001682367151815,8.568130008698439e-05,7.610917689974197e-05,0.0019914229122261,-0.0027115202946592,-0.0003831844054654,-0.0005908198926953,-3.351439940583835e-05,-0.0001597504269864,-2.5493426316816136e-05,-0.0001803636668192,-0.0005896514044207,-0.0009079861072755,-0.0029272002744196,-0.0008980789689171,-0.0104467725679327,-0.014081940215132,-0.0081699934757321,-0.0131493022346361,-0.0009299084623247,0.0043084335852717,0.0078916742939528,0.0032656659234443,-0.0002958265352242,0.002916730733761,0.0038853108170437,0.0044293296430809,-0.0073414075862793,-3.5606409664125555e-08,-0.0083550145293107,-1.0905326123430669e-07,-0.0077363532268468,-1.7806411925427573e-08,-8.392586254563247e-09,-1.331107806445537e-07,-0.0092220890225307,-0.007530385781705,0.0040413837250823,-0.0001556941901381,-0.0005109977982129,0.0030985393616875,-2.50997580542901e-09,-0.0003627671228083,0.0043330724030245,0.0018411326398118,0.0099456970372695,0.0046264978153695,-0.0044361148547873,0.0095658064989018,0.0032718017676126,0.0013693500015948,-0.0002416969616785,-0.0010130214762442,-0.0134426519399155,0.0005842686366391,0.0006614227488877,4.443651521945252e-05,0.0011234635862604,0.0107332190413652,-0.0084692347946488
ta13.pt,20,15,0.0,99.0,48.14900662251656,47.5,29.77433306741274,99.0,22.0,74.75,0.3565986744036389,-1.0,14.0,6.947019867549669,7.0,4.354776747754595,15.0,3.0,11.0,0.3598233995584989,27.54801368713379,29.61652374267578,320,5700,302,6020,0.0627048909814965,0.0,19.0,18.874172185430464,19.0,1.541069705724516,19.0,19.0,19.0,0.0066225165562914,0.0,1.0,0.9933774834437086,1.0,0.0811089318802377,1.0,1.0,1.0,0.0066225165562914,0.0070405491628347,2.0,20.0,2.119205298013245,2.0,1.459960773844278,18.0,2.0,2.0,0.0558774834437088,0.022016611295681,0.473421926910299,0.0323986270929132,0.0283953488372093,0.0366073651629418,0.451405315614618,0.0236112956810631,0.0363687707641196,0.2019695527490832,919,13622,48.470001220703125,29.611862182617188,919.0,1178.0,969.4,300,medium,medium,True,1342.0,1342,1342,instances/ta13,OptalCP in < 1h,0.3759870535514392,0.0035137653706916,3.1911141059864656e-05,7.33888200931079e-05,-0.0001390947433441,0.0005200891076334,0.0012677642708667,7.498070931632057e-05,2.579922722711937e-05,-0.0009802607080025,-0.0028280165862807,-0.0003607713463108,-0.0005623801451764,8.068303471139293e-05,-0.0001001814099192,0.0001104346120773,-0.0001562403656646,-0.0005688881062408,-0.0004839917108396,-0.0019402737184733,0.0003484138893885,-0.0102821820280226,-0.0136551430274594,-0.0077516165258586,-0.0128125535218871,-0.000951487557653,0.0044479828323224,0.0080603397014642,0.0032526702918589,-0.0003102650517167,0.0030032195063753,0.0040314736299974,0.004493839274696,-0.0070367503284992,-4.7259721092309176e-08,-0.0080475015072515,-1.1506710825121352e-07,-0.0072256608965839,-1.2278077144956137e-08,-6.618368918911471e-09,-1.2843781104515096e-07,-0.0088472449531369,-0.0073250798944528,0.0041323786183803,-0.0001428488070576,-0.0003911322640942,0.0031084551194454,-2.529327898239439e-09,-9.60681881981566e-05,0.0045217065769754,0.0019957213274334,0.0100250389261699,0.0045457761613697,-0.0042384684755395,0.0096021433731561,0.0032776370107393,0.0014160770824581,-0.0002144390250179,-0.000133996433498,-0.0132011439106048,0.0005091763174012,0.000702364816243,0.0003640305998192,0.0017752916793104,0.0106305655681595,-0.0080524179153377
ta14.pt,20,15,0.0,99.0,47.3841059602649,47.0,27.483857014366148,99.0,23.0,69.0,0.3341367357611267,-1.0,14.0,6.947019867549669,7.0,4.354776747754595,15.0,3.0,11.0,0.3598233995584989,27.165563583374023,28.21263313293457,320,5700,302,6020,0.0627048909814965,0.0,19.0,18.874172185430464,19.0,1.541069705724516,19.0,19.0,19.0,0.0066225165562914,0.0,1.0,0.9933774834437086,1.0,0.0811089318802377,1.0,1.0,1.0,0.0066225165562914,0.0070405491628347,2.0,20.0,2.119205298013245,2.0,1.459960773844278,18.0,2.0,2.0,0.0558774834437088,0.022016611295681,0.473421926910299,0.0323986270929132,0.0283953488372093,0.0366073651629418,0.451405315614618,0.0236112956810631,0.0363687707641196,0.2019695527490832,990,13320,47.70000076293945,27.30073356628418,990.0,1130.0,954.0,300,easy,medium,False,1345.0,1345,1345,instances/ta14,CPO in < 1 min,0.3780986593375899,0.0035021738335071,2.8707778685876187e-05,7.359398395502148e-05,-0.000188838607188,0.0004543014049543,0.0012983896311752,7.479214043443395e-05,3.375893542206298e-05,-0.0003519189816479,-0.0027087094573565,-0.0003284380861539,-0.0005582575649043,4.1516982764578674e-05,3.583281152192414e-05,8.542802539729158e-05,-0.0001489045940067,-0.0005267652018943,-0.0003385744062549,-0.0019756705156777,0.0017717582161021,-0.0098973921701262,-0.0135316826559304,-0.0077003490739307,-0.0127604967858759,-0.001078858828286,0.0044843131084575,0.0081629731187263,0.0033756586984962,-0.0002036869243372,0.0029622514735822,0.0040653832595106,0.0044912874509115,-0.0069385852432088,-4.85103836258116e-08,-0.0078002178969635,-1.1119404476645617e-07,-0.0069807756764643,-7.510619127759648e-09,-7.090943292056713e-09,-1.4200833262769453e-07,-0.0089450313109899,-0.0071829637829423,0.0041436163508184,-0.0001188825493849,-0.0004174074276048,0.0031152659507183,-2.9039005278093473e-09,-5.6275309810068095e-05,0.0047212626532613,0.0019761387624984,0.0100491602572939,0.0045442419680995,-0.0040605168296041,0.0097363671790038,0.0035043264868277,0.0014882135255107,-0.0001301706245353,-0.0003859464879928,-0.0128488140767503,0.0004923995056455,0.0006399733356463,0.0002142481362568,-0.0004367619850126,0.0101337653427637,-0.0078815749944348
ta15.pt,20,15,0.0,99.0,48.31456953642384,49.0,29.32694870215685,99.0,22.0,76.0,0.3499124698569062,-1.0,14.0,6.947019867549669,7.0,4.354776747754595,15.0,3.0,11.0,0.3598233995584989,27.630794525146484,29.450559616088867,320,5700,302,6020,0.0627048909814965,0.0,19.0,18.874172185430464,19.0,1.541069705724516,19.0,19.0,19.0,0.0066225165562914,0.0,1.0,0.9933774834437086,1.0,0.0811089318802377,1.0,1.0,1.0,0.0066225165562914,0.0070405491628347,2.0,20.0,2.119205298013245,2.0,1.459960773844278,18.0,2.0,2.0,0.0558774834437088,0.022016611295681,0.473421926910299,0.0323986270929132,0.0283953488372093,0.0366073651629418,0.451405315614618,0.0236112956810631,0.0363687707641196,0.2019695527490832,880,13711,48.63666534423828,29.15712547302246,880.0,1148.0,972.7333333333332,300,medium,medium,True,1339.0,1339,1339,instances/ta15,OptalCP in < 1h,0.372989906293656,0.0034977672003802,1.9443565900434657e-05,7.270893454854721e-05,-0.0002185570248272,0.0005756998045604,0.0013172815425364,7.317342371649041e-05,3.547344874398722e-05,0.000266588599719,-0.0026782816997642,-0.0003659396631709,-0.0004174530688434,0.000122709262432,-0.0003125416067159,0.0001527077419465,-0.0001991941345871,-0.0005797324722971,-0.0006295320235453,-0.0018272173821599,0.0005935023982765,-0.0102180313074237,-0.0137702975955236,-0.007765344163354,-0.0129188247528432,-0.0009195027134388,0.0043796307641583,0.0079451607746383,0.0032200922043013,-0.0003365020652546,0.0029701428342425,0.0040080281318393,0.0044927196401285,-0.007291418256767,-4.7259721092309176e-08,-0.0083151736142985,-1.1463616958390297e-07,-0.0073616643091894,-1.2255499478863165e-08,-5.411106962744008e-09,-1.2807708954800945e-07,-0.0088330257056732,-0.0073219000132355,0.0041214992105487,-6.033325495284243e-05,-0.0005243318786196,0.0030900905772225,-2.529327898239439e-09,-0.0001464484166,0.0043211324744525,0.0018490679467724,0.0100083103869382,0.0044528139659374,-0.0042658838544583,0.0095657050790363,0.0032735618851367,0.0014142722193252,-0.000308722629163,-0.0013471330764293,-0.0132617787558367,0.0004876756397556,0.0008228476877394,-0.0010411412860908,0.0018623933361762,0.0107461180856418,-0.0084125418762522
ta16.pt,20,15,0.0,98.0,51.45695364238411,56.5,28.423764681454937,98.0,25.0,75.75,0.3179903176591918,-1.0,14.0,6.947019867549669,7.0,4.354776747754595,15.0,3.0,11.0,0.3598233995584989,29.20198631286621,30.144994735717773,320,5700,302,6020,0.0627048909814965,0.0,19.0,18.874172185430464,19.0,1.541069705724516,19.0,19.0,19.0,0.0066225165562914,0.0,1.0,0.9933774834437086,1.0,0.0811089318802377,1.0,1.0,1.0,0.0066225165562914,0.0070405491628347,2.0,20.0,2.119205298013245,2.0,1.459960773844278,18.0,2.0,2.0,0.0558774834437088,0.022016611295681,0.473421926910299,0.0323986270929132,0.0283953488372093,0.0366073651629418,0.451405315614618,0.0236112956810631,0.0363687707641196,0.2019695527490832,932,14608,51.79999923706055,28.205081939697266,932.0,1181.0,1036.0,300,medium,medium,True,1360.0,1360,1360,instances/ta16,OptalCP in < 1h,0.3705767680309695,0.0034059122454801,2.475455560789861e-05,-6.048224601325289e-05,-0.0002979424247552,-0.0002937155577357,0.0019539711632494,-4.8646662154541485e-05,6.478323213511581e-05,-0.0007597272196625,-0.0026042476571834,-0.0003822315030598,-0.0005710953671223,-6.114255789275717e-05,-0.0001100594768596,3.092467186938294e-05,-0.0001330335833056,-0.0005669625864806,-0.0009666306159138,-0.0027408343044864,-0.000989996216318,-0.0102527749029769,-0.0138727823432995,-0.0079263462650268,-0.0128523016024814,-0.0007567694707187,0.0044078385731147,0.0080529890895676,0.0033225708002386,-0.0003611770913869,0.0029109152562564,0.0039860823863442,0.0044317620736029,-0.0072692736217647,-3.6521724047638767e-08,-0.0082903564199366,-1.607434620341349e-07,-0.0074492436251944,-1.2525645641150105e-08,-8.431349159021479e-09,-1.3257307331211592e-07,-0.0091318155226292,-0.0075961720382235,0.004021542377351,-7.148040277848587e-05,-0.0005381970283099,0.0031374184585473,-2.447209210838965e-09,-0.0003065732970793,0.004267349889104,0.0019301478713052,0.0098123993609289,0.0045317924051078,-0.0043878662861198,0.0095293120354875,0.0032534450276107,0.0013242213619363,-0.0001422684988529,-0.0002214987856308,-0.0131676617262524,0.0005287749809743,0.0009947925627784,0.000336936660016,0.0017520984715151,0.0109730584774483,-0.0081077121036729
ta17.pt,20,15,0.0,99.0,51.47019867549669,55.0,28.42098561168025,99.0,29.0,73.0,0.3181453715664655,-1.0,14.0,6.947019867549669,7.0,4.354776747754595,15.0,3.0,11.0,0.3598233995584989,29.208608627319336,30.14857482910156,320,5700,302,6020,0.0627048909814965,0.0,19.0,18.874172185430464,19.0,1.541069705724516,19.0,19.0,19.0,0.0066225165562914,0.0,1.0,0.9933774834437086,1.0,0.0811089318802377,1.0,1.0,1.0,0.0066225165562914,0.0070405491628347,2.0,20.0,2.119205298013245,2.0,1.459960773844278,18.0,2.0,2.0,0.0558774834437088,0.022016611295681,0.473421926910299,0.0323986270929132,0.0283953488372093,0.0366073651629418,0.451405315614618,0.0236112956810631,0.0363687707641196,0.2019695527490832,979,14565,51.81333160400391,28.20210075378418,979.0,1257.0,1036.2666666666669,300,easy,medium,False,1462.0,1462,1462,instances/ta17,OptalCP in < 1 min,0.3716066833610372,0.0034144941073796,-1.3750198932345354e-06,6.940527002357887e-05,-0.0001648452739368,-7.720700064171569e-05,0.0022963453728698,8.607938537988789e-05,6.113098900303354e-05,-0.0003118357572739,-0.0025458181571926,-0.0004782115937014,-0.0006022867131173,-5.230720616854005e-05,-9.436928445584766e-05,2.079152862937601e-05,-0.0001301557796442,-0.0005653625716873,-0.0007711451272207,-0.0027484726178916,-0.001010987145834,-0.0102206222932683,-0.0138724376131094,-0.007932778431747,-0.0129821615921615,-0.0007797187732288,0.0043995002471471,0.0079826499425932,0.0033664110936414,-0.000330262211226,0.0029310444399731,0.0039973702471511,0.0044297585987156,-0.0070677542260014,-3.5192033569898526e-08,-0.0081676986677674,-1.0713683509955829e-07,-0.0074142151498129,-1.4041135145612152e-08,-6.877449994443839e-09,-1.337569858618312e-07,-0.0090823932969381,-0.0075153621910855,0.0039623071812149,-6.754924875605708e-05,-0.0004887121971545,0.0030939792958895,-2.50997580542901e-09,-0.0004045994864196,0.0042247478732507,0.0018331929507464,0.0097784217069412,0.0045085668609217,-0.0043989178766716,0.0095780336476489,0.0033737343580786,0.0013147781478309,-9.796399356596184e-05,-0.0003384417927437,-0.0130475081276908,0.0006215700743094,0.0009585480716483,0.0002433902386769,0.0011494313259356,0.0108447427107801,-0.0080503126700544
ta18.pt,20,15,0.0,99.0,49.40066225165563,53.5,28.661793561419863,99.0,24.25,74.0,0.3343767159438009,-1.0,14.0,6.947019867549669,7.0,4.354776747754595,15.0,3.0,11.0,0.3598233995584989,28.17384147644043,29.50947570800781,320,5700,302,6020,0.0627048909814965,0.0,19.0,18.874172185430464,19.0,1.541069705724516,19.0,19.0,19.0,0.0066225165562914,0.0,1.0,0.9933774834437086,1.0,0.0811089318802377,1.0,1.0,1.0,0.0066225165562914,0.0070405491628347,2.0,20.0,2.119205298013245,2.0,1.459960773844278,18.0,2.0,2.0,0.0558774834437088,0.022016611295681,0.473421926910299,0.0323986270929132,0.0283953488372093,0.0366073651629418,0.451405315614618,0.0236112956810631,0.0363687707641196,0.2019695527490832,900,14019,49.72999954223633,28.47098731994629,900.0,1153.0,994.6,300,medium,medium,True,1396.0,1396,1396,instances/ta18,OptalCP in < 1h,0.3728047770954412,0.0035083204161143,-8.172232659572894e-05,7.340360155115752e-05,-0.0001002713134728,0.0005435669765311,0.0013794754058647,8.602667062508217e-05,6.837020890587094e-05,-0.0009978800904086,-0.002639813904102,-0.0003960237729626,-0.0003535275670842,7.784498340997568e-05,-0.0002883118213881,0.0001268939012271,-0.0001789342566878,-0.0007123618102369,-0.000534907254668,-0.0022677680060834,0.0004503352961009,-0.0100771525061733,-0.0137193693376124,-0.007854400128006,-0.0128360071794345,-0.0009000521228228,0.004428738390266,0.0080822584875191,0.0032917233287241,-0.0003287839720425,0.003008826979102,0.0040442047281323,0.0044295944645429,-0.0070474251481234,-5.166164868515136e-08,-0.0081567312092085,-1.0808291506944329e-07,-0.0071493551405193,-1.1747323974078543e-08,-4.458304160671668e-09,-1.33046858868551e-07,-0.0088330386532477,-0.0073117619214241,0.0041233451467453,-8.982787351048288e-06,-0.000594888347188,0.0029976397218761,-2.4913355478654158e-09,-0.000134983767926,0.0041985148652872,0.0018112880637294,0.0099589156714583,0.0044839939379134,-0.0042671080373883,0.0096433676878117,0.0032940740801651,0.0013223092556029,-0.0002180363761255,-0.0013171508573519,-0.012900586941332,0.000484579073735,0.0007783796419496,-0.0011489217228309,0.0017816299433858,0.0109462533901026,-0.0081428737518876
ta19.pt,20,15,0.0,99.0,48.91721854304636,48.0,28.747642026170105,99.0,23.0,73.0,0.3391118036618621,-1.0,14.0,6.947019867549669,7.0,4.354776747754595,15.0,3.0,11.0,0.3598233995584989,27.93211936950684,29.378049850463867,320,5700,302,6020,0.0627048909814965,0.0,19.0,18.874172185430464,19.0,1.541069705724516,19.0,19.0,19.0,0.0066225165562914,0.0,1.0,0.9933774834437086,1.0,0.0811089318802377,1.0,1.0,1.0,0.0066225165562914,0.0070405491628347,2.0,20.0,2.119205298013245,2.0,1.459960773844278,18.0,2.0,2.0,0.0558774834437088,0.022016611295681,0.473421926910299,0.0323986270929132,0.0283953488372093,0.0366073651629418,0.451405315614618,0.0236112956810631,0.0363687707641196,0.2019695527490832,920,13853,49.24333190917969,28.56356811523437,920.0,1202.0,984.8666666666668,300,medium,medium,True,1332.0,1332,1332,instances/ta19,OptalCP in < 1h,0.3803269827548429,0.0035100691989835,-4.598468039223469e-05,7.339341679596973e-05,-0.0001284330057748,0.0005870678225427,0.0014668883476135,7.516377720304676e-05,2.701009922608708e-05,-0.0003510346130089,-0.0027998873973605,-0.0003189770806041,-0.0004840152517549,6.705913228021919e-05,-5.6827756123844096e-05,7.402964258559802e-05,-0.0001417587852856,-0.0004910643283186,-0.0003124551551152,-0.0020043173783895,0.0010422413912573,-0.0100811321012306,-0.0136340144755162,-0.007701950812681,-0.0127455871214836,-0.0007655952702802,0.0044827361241268,0.0081094922886822,0.0033461659234974,-0.0003510905785842,0.0029751259503886,0.0040545018079207,0.0045051257783139,-0.0069938371350471,-5.1675235473707255e-08,-0.0079236660029122,-1.1149888925841112e-07,-0.0071234053949138,-1.1681418807840392e-08,-6.763654143299515e-09,-1.2875490990299978e-07,-0.0088563063269503,-0.0072230817208197,0.004138481315162,-8.702510226306364e-06,-0.0003351314006448,0.0030770283361889,-2.4913355478654158e-09,-7.057785749718212e-05,0.0045288993289699,0.0020235016659289,0.0101112247810024,0.0044892019338996,-0.004324872810016,0.0097110118385369,0.0034138134366091,0.0015380661519571,-7.4024533525669e-06,-4.7810206070371385e-06,-0.0127135195139213,0.0004993356841641,0.000627025902155,0.0004760701082099,0.0017566252529607,0.010704405569939,-0.0080444027451377
ta20.pt,20,15,0.0,99.0,50.109271523178805,49.5,28.97837707463821,99.0,24.0,74.0,0.3336147964866047,-1.0,14.0,6.947019867549669,7.0,4.354776747754595,15.0,3.0,11.0,0.3598233995584989,28.52814483642578,29.9182243347168,320,5700,302,6020,0.0627048909814965,0.0,19.0,18.874172185430464,19.0,1.541069705724516,19.0,19.0,19.0,0.0066225165562914,0.0,1.0,0.9933774834437086,1.0,0.0811089318802377,1.0,1.0,1.0,0.0066225165562914,0.0070405491628347,2.0,20.0,2.119205298013245,2.0,1.459960773844278,18.0,2.0,2.0,0.0558774834437088,0.022016611295681,0.473421926910299,0.0323986270929132,0.0283953488372093,0.0366073651629418,0.451405315614618,0.0236112956810631,0.0363687707641196,0.2019695527490832,928,14205,50.44333267211914,28.78356170654297,928.0,1186.0,1008.8666666666668,300,medium,medium,True,1348.0,1348,1348,instances/ta20,OptalCP in < 1h,0.3759346871671929,0.003515340705271,3.139704270995667e-05,7.343768859336897e-05,-0.0001507243539828,0.0005500311348873,0.0015518246912262,8.564987310825576e-05,5.350205597643344e-05,-0.0008796934751716,-0.0027485515328809,-0.0004085863844793,-0.0005907994963201,2.7627692585205893e-05,-0.0001675315816763,3.469155965471555e-05,-0.0001174703576831,-0.0006702038680335,-0.0005780613656218,-0.0024089006817999,-0.0009475349943978,-0.0102274451512372,-0.0137370306411807,-0.0077645107725361,-0.0129263338171288,-0.0008518133660285,0.0044367193263817,0.0080801695314787,0.0033413132398251,-0.0003409250276361,0.0030476690856053,0.0040255198849888,0.0044316560730375,-0.0070970146746788,-5.1626508403555095e-08,-0.0080067883044983,-1.1184546065951828e-07,-0.0073492857538429,-1.2996911755336273e-08,-6.583820118431236e-09,-1.3224173591987274e-07,-0.0088622360777863,-0.0073721450139416,0.0040899484413336,-0.0001001729147193,-0.0005091205846389,0.0030551223961838,-2.4913355478654158e-09,-6.012651687073111e-05,0.0045065119424967,0.0019291365061502,0.0100246905997547,0.0044803083738409,-0.0042932336219569,0.0096573767799779,0.0033531818294696,0.0015159762248725,-0.0001103743409684,-0.0001824808154684,-0.0125964702022432,0.0004712492821359,0.0007851652969987,0.0004888079289551,0.0018046141793284,0.0117506370215975,-0.0080890520431862
ta21.pt,20,20,0.0,99.0,50.17164179104478,50.0,29.80188133550243,99.0,24.0,78.0,0.3425565168357232,-1.0,19.0,9.447761194029852,9.0,5.799168533873217,20.0,4.0,14.0,0.3532338308457712,29.809701919555664,29.588848114013672,420,7600,402,8020,0.0471458170494162,0.0,19.0,18.90547263681592,19.0,1.3368187903029258,19.0,19.0,19.0,0.0049751243781093,0.0,1.0,0.9950248756218906,1.0,0.0703588837001539,1.0,1.0,1.0,0.0049751243781093,0.0052108534633565,2.0,20.0,2.08955223880597,2.0,1.2664599066027713,18.0,2.0,2.0,0.0426439232409381,0.0227998753117207,0.4738154613466334,0.0324133695611717,0.0295330423940149,0.0319088750838009,0.4510155860349127,0.0241465087281795,0.0353684538653366,0.1808672089972143,1217,18952,50.42250061035156,29.663848876953125,1217.0,1182.0,1008.45,400,medium,hard,False,1642.0,1642,1642,instances/ta21,OptalCP < 1h,0.401836841450931,0.0037358116387716,-3.390517063854446e-05,7.16836280876283e-05,0.0002149575817438,0.0001415180066682,0.0001863829241763,9.471571224704504e-05,0.0001866014779418,0.0022402048432556,-0.0022004637284677,-0.0003790919610766,0.0006626458264676,-3.3416115737710445e-05,0.0002370517926118,-0.0002276574779032,-1.2478076589274274e-06,-0.0005341797325612,0.0008917210680084,0.0006810852824545,0.0001879455303294,-0.0096206475947396,-0.0125285951318077,-0.0064224585309335,-0.0121727378632384,4.665439144464098e-07,0.0043981351280767,0.0079200810660814,0.0034095535122454,3.046659005169119e-05,0.0028655334424961,0.0041008111060204,0.0048517994256443,-0.0065598835222585,-5.2407847800464726e-08,-0.0076280387737461,-1.1031676448306869e-07,-0.0066945878571768,-1.3386526551323178e-08,-6.7229460721229515e-09,-1.162057663683567e-07,-0.0083731946193018,-0.0059306617003955,0.0043997293259727,0.0001418997105801,-0.0002955852325033,0.0033736508567846,-2.450052505207292e-09,-0.0004272806735574,0.0048099772419828,0.0020295796029246,0.0107245053872286,0.0048883010501021,-0.0040003006085242,0.0104151785196024,0.0036812349825419,0.0017470330612732,0.0005224290684166,0.0004020045823655,-0.011905197635145,0.0008125388626663,-0.0002334127562412,0.0010006420499366,0.0014889560126186,0.0127795104297765,-0.0071670017347567
ta22.pt,20,20,0.0,99.0,50.10696517412935,50.0,29.47460330595754,99.0,24.0,77.75,0.3392310897481021,-1.0,19.0,9.447761194029852,9.0,5.799168533873217,20.0,4.0,14.0,0.3532338308457712,29.777362823486328,29.402109146118164,420,7600,402,8020,0.0471458170494162,0.0,19.0,18.90547263681592,19.0,1.3368187903029258,19.0,19.0,19.0,0.0049751243781093,0.0,1.0,0.9950248756218906,1.0,0.0703588837001539,1.0,1.0,1.0,0.0049751243781093,0.0052108534633565,2.0,20.0,2.08955223880597,2.0,1.2664599066027713,18.0,2.0,2.0,0.0426439232409381,0.0227998753117207,0.4738154613466334,0.0324133695611717,0.0295330423940149,0.0319088750838009,0.4510155860349127,0.0241465087281795,0.0353684538653366,0.1808672089972143,1223,18920,50.35749816894531,29.333934783935547,1223.0,1240.0,1007.15,400,hard,hard,True,1600.0,1600,1600,instances/ta22,OptalCP in 2h,0.3992913571652571,0.0037032805557401,-0.0001046798083869,7.166972354954608e-05,0.0002519881343569,6.057700804522584e-05,0.0004121162216191,9.472559428901549e-05,0.0001887837556082,0.0022406123306159,-0.0020942701693914,-0.0004367779329903,0.0006916566266828,-3.165106352386067e-05,0.0002386545708363,-0.0002470107579154,-5.291515032554249e-06,-0.0005985620622223,0.0008027819652901,0.0004529933489794,0.0001877969196186,-0.0096420061988169,-0.0126907800850318,-0.0065192650533345,-0.012286619939924,-4.050305381966907e-05,0.0043896634769619,0.007922520119735,0.0034547326113784,-4.801898111268832e-06,0.0028448622517655,0.0040762248296987,0.0048152858501374,-0.0066062100396757,-5.2407847800464726e-08,-0.007716396743146,-1.10315903278914e-07,-0.0067336923065178,-1.3366527034694464e-08,-6.702400701352121e-09,-1.1588252677175113e-07,-0.0084944791945429,-0.0060150498358812,0.0043899744460974,8.65898598064333e-05,-0.0003026008441497,0.0033023774205231,-2.450052505207292e-09,-0.0004756241637517,0.0047791853032386,0.0019664615548021,0.01058637340533,0.0048812985749823,-0.0039822240695569,0.0104484052518357,0.0036200807581883,0.0017452986560336,0.0003744664397758,-5.11895087274821e-05,-0.0118942659839521,0.0010394342195549,-9.801857195515596e-05,0.0005286455624453,0.0012823138785834,0.0127270857891045,-0.0071756342214734
ta23.pt,20,20,0.0,99.0,49.96517412935324,48.0,28.495592416349822,99.0,27.0,75.75,0.3290517441667495,-1.0,19.0,9.447761194029852,9.0,5.799168533873217,20.0,4.0,14.0,0.3532338308457712,29.70646858215332,28.865720748901367,420,7600,402,8020,0.0471458170494162,0.0,19.0,18.90547263681592,19.0,1.3368187903029258,19.0,19.0,19.0,0.0049751243781093,0.0,1.0,0.9950248756218906,1.0,0.0703588837001539,1.0,1.0,1.0,0.0049751243781093,0.0052108534633565,2.0,20.0,2.08955223880597,2.0,1.2664599066027713,18.0,2.0,2.0,0.0426439232409381,0.0227998753117207,0.4738154613466334,0.0324133695611717,0.0295330423940149,0.0319088750838009,0.4510155860349127,0.0241465087281795,0.0353684538653366,0.1808672089972143,1164,18922,50.21500015258789,28.34631729125977,1164.0,1185.0,1004.3,400,hard,hard,True,1557.0,1557,1557,instances/ta23,OptalCP in 2h,0.4016330602515595,0.0036376791607902,5.227213412947341e-05,7.166417986976331e-05,0.0003371193244349,0.0001041643799088,3.288249414653563e-06,9.223604094715736e-05,0.0001422166250159,-0.0006629719760907,-0.0020250655480535,-0.0004888906112498,0.0007351696796683,-3.76790268609591e-05,0.0001282442333012,-0.0001549918560637,7.69699381485178e-06,-0.0005899567177064,0.000985345557491,0.0006873136309108,0.0005979655326415,-0.0095298824525727,-0.0123270610174632,-0.0062687722135176,-0.0120376232322138,6.269648399814828e-05,0.0044395690897017,0.008092885126425,0.0034818419519586,-2.64957684138791e-05,0.0028778122011229,0.0041097071041301,0.0047610880927504,-0.0064990311212744,-5.3559199539146494e-08,-0.0073853229984909,-1.0808905957020185e-07,-0.0065125976150248,-1.3756643670958207e-08,-7.659691721971922e-09,-1.1591210280058364e-07,-0.0082085023375295,-0.0059544171587555,0.0043191143256827,0.0001863636918772,-0.0002727299492892,0.0033941793705154,-2.4259274215355543e-09,-0.0005080248500375,0.0047211948362571,0.0020171289143339,0.0108505589528744,0.0048852730299118,-0.0040337863782291,0.0104163623669988,0.0036527749603004,0.0018130737633766,0.0005050058771108,0.0004098177021602,-0.011606103958635,0.0009124738750373,-0.000162143644457,0.0010363936466741,0.0016096874147692,0.0128551210385614,-0.0069474337498901
ta24.pt,20,20,0.0,99.0,50.74626865671642,50.0,28.948148850970988,99.0,26.0,76.75,0.3291456931031118,-1.0,19.0,9.447761194029852,9.0,5.7991685338732175,20.0,4.0,14.0,0.3532338308457712,30.09701538085937,29.363319396972656,420,7600,402,8020,0.0471458170494162,0.0,19.0,18.90547263681592,19.0,1.3368187903029258,19.0,19.0,19.0,0.0049751243781093,0.0,1.0,0.9950248756218906,1.0,0.0703588837001539,1.0,1.0,1.0,0.0049751243781093,0.0052108534633565,2.0,20.0,2.08955223880597,2.0,1.2664599066027713,18.0,2.0,2.0,0.0426439232409381,0.0227998753117207,0.4738154613466334,0.0324133695611717,0.0295330423940149,0.0319088750838009,0.4510155860349127,0.0241465087281795,0.0353684538653366,0.1808672089972143,1151,19249,51.0,28.796613693237305,1151.0,1271.0,1020.0,400,medium,hard,False,1644.0,1644,1644,instances/ta24,OptalCP in < 1h,0.397097134197009,0.0037129798253773,6.021425332780115e-05,7.2790748695645e-05,0.0002716285899874,0.0001189693488958,0.0001634200989447,9.532147230814017e-05,0.0001317666038015,0.0022204520976487,-0.0022395399662789,-0.000355521636919,0.0005388638125701,3.632562184492402e-05,9.207091629736453e-05,-0.0002148874102992,-1.0747129132364063e-05,-0.0006187349659384,0.0006582580957278,0.0006458504499399,0.0004901265064054,-0.0096536473595775,-0.0126283669084697,-0.0064876150778518,-0.0123313451144225,4.3696755444750256e-05,0.0042833317983926,0.0078872560899684,0.0034296950610143,-7.840250133154174e-06,0.002815710478759,0.0039990275428121,0.0047181887261368,-0.0067877673564404,-5.328686997721213e-08,-0.0077358581132863,-1.0787627786891021e-07,-0.0066837272737067,-1.3457894822810432e-08,-7.127712639815326e-09,-1.1560792452583645e-07,-0.0084657682682071,-0.0060939782264314,0.0043751113850968,5.964884250372466e-06,-0.0003424566039969,0.0033971537982647,-2.4259274215355543e-09,-0.0005301659305609,0.0047766037514553,0.0018161740273386,0.01068220326103,0.0047786386609323,-0.0040269702423806,0.0104316573937583,0.0036541239118836,0.001736741695181,0.0005272758903371,0.0002208350510712,-0.0120087091781559,0.0010185934917942,-0.0001987711517553,0.0008495472461174,0.0009730600329118,0.0111606501154659,-0.007250773644766
ta25.pt,20,20,0.0,99.0,48.89054726368159,49.5,28.981860173278864,99.0,25.0,73.75,0.3419736060716059,-1.0,19.0,9.447761194029852,9.0,5.799168533873217,20.0,4.0,14.0,0.3532338308457712,29.16915512084961,28.735389709472656,420,7600,402,8020,0.0471458170494162,0.0,19.0,18.90547263681592,19.0,1.3368187903029258,19.0,19.0,19.0,0.0049751243781093,0.0,1.0,0.9950248756218906,1.0,0.0703588837001539,1.0,1.0,1.0,0.0049751243781093,0.0052108534633565,2.0,20.0,2.08955223880597,2.0,1.2664599066027713,18.0,2.0,2.0,0.0426439232409381,0.0227998753117207,0.4738154613466334,0.0324133695611717,0.0295330423940149,0.0319088750838009,0.4510155860349127,0.0241465087281795,0.0353684538653366,0.1808672089972143,1170,18484,49.1349983215332,28.84678077697754,1170.0,1256.0,982.7,400,medium,hard,False,1595.0,1595,1595,instances/ta25,OptalCP in < 1h,0.3953660258039536,0.003500672033929,6.864455436049994e-05,7.22524305197017e-05,0.000463916084785,0.000253469185753,-0.0001913401476627,9.164763693544103e-05,9.348211003182428e-05,-0.0009443214371949,-0.0018561087839559,-0.0004082518585746,0.0009577810810451,2.173054599109094e-05,0.0002427750509904,-9.00720430505547e-05,-4.798236882202876e-06,-0.0006593000075548,0.0013269355560202,-0.0026763198218599,0.0009315999142789,-0.0095895937443726,-0.0125151446041596,-0.0066341350907286,-0.0121977015105556,6.327808209125564e-06,0.0044165907264973,0.008028000786116,0.0034721247426955,-0.0001681266675504,0.0029178709138432,0.0041564393764292,0.0047461051652915,-0.00656442889514,-5.353596751840632e-08,-0.0076834070872898,-1.0699514798626185e-07,-0.0065514995786394,-1.2944799175638825e-08,-8.218984127053151e-09,-1.160933833836096e-07,-0.0082492856087664,-0.0061435640035716,0.0042428770453027,0.0003012168228524,-0.0003483032486322,0.0034548725699587,-2.4339932663084444e-09,-0.0003409996714778,0.0046950249632263,0.001882263024014,0.0106827724489599,0.0047189421047107,-0.0039885007112709,0.0103079086900483,0.0034025651943936,0.0017985382024002,0.0003917880855702,0.0005524265809246,-0.0115314505726833,0.000980648023512,-1.1539342848733172e-05,0.0008615394194463,0.0012237250263442,0.0115649222821335,-0.0069962237840043
ta26.pt,20,20,0.0,99.0,51.22636815920398,53.0,27.92618203458249,99.0,27.0,75.0,0.3145138436405357,-1.0,19.0,9.447761194029852,9.0,5.799168533873217,20.0,4.0,14.0,0.3532338308457712,30.337064743041992,29.03642463684082,420,7600,402,8020,0.0471458170494162,0.0,19.0,18.90547263681592,19.0,1.3368187903029258,19.0,19.0,19.0,0.0049751243781093,0.0,1.0,0.9950248756218906,1.0,0.0703588837001539,1.0,1.0,1.0,0.0049751243781093,0.0052108534633565,2.0,20.0,2.08955223880597,2.0,1.2664599066027713,18.0,2.0,2.0,0.0426439232409381,0.0227998753117207,0.4738154613466334,0.0324133695611717,0.0295330423940149,0.0319088750838009,0.4510155860349127,0.0241465087281795,0.0353684538653366,0.1808672089972143,1207,19386,51.48249816894531,27.75940704345703,1207.0,1205.0,1029.65,400,medium,hard,False,1643.0,1643,1643,instances/ta26,OptalCP in 7h,0.3947776849967619,0.0035916647082328,3.40126049922358e-05,7.302941914113403e-05,0.0002750517327336,0.0005447512371541,-0.0001101630584128,9.588639694967156e-05,2.68517630478988e-05,-0.0010726477208828,-0.0021973257060076,-0.0003738220787436,0.0004823934472382,3.985205709824686e-05,8.676339096561676e-05,-0.0002400576668082,-2.88920560589235e-05,-0.0006620801443167,0.0005555611364725,0.0010946567102181,0.0004827182380555,-0.0097136204538096,-0.012517726595907,-0.0066750504100374,-0.0122338568444436,6.178152479617349e-05,0.0043298494112754,0.0080367203094198,0.0034418670216461,-0.0001158178754043,0.0027826909612872,0.0039729924193371,0.0047107461797105,-0.006657213122827,-5.1098356617552246e-08,-0.0077080363402055,-1.0692141479121353e-07,-0.0066575843250841,-1.2924842782771277e-08,-6.044670459557633e-09,-1.182536853672386e-07,-0.008332236620771,-0.0061635217369458,0.0042976313876987,2.3530279684727447e-06,-0.0003676637730732,0.0034569339318747,-2.4259274215355543e-09,-0.0005767648986057,0.0046540019699314,0.0018288221558457,0.0108278113602978,0.0047869344506834,-0.0042310998383082,0.0103209256667018,0.0036527095171602,0.0017742206295397,0.000447065915047,0.0004441973048921,-0.0119563738526169,0.0008733922015536,-0.0002578844126425,0.0008633116118123,0.0014376407826876,0.0113746004105223,-0.007015317093554
ta27.pt,20,20,0.0,99.0,52.46517412935324,54.0,28.90290885693972,99.0,28.0,78.0,0.3177190478313472,-1.0,19.0,9.447761194029852,9.0,5.799168533873217,20.0,4.0,14.0,0.3532338308457712,30.95646858215332,29.95210647583008,420,7600,402,8020,0.0471458170494162,0.0,19.0,18.90547263681592,19.0,1.3368187903029258,19.0,19.0,19.0,0.0049751243781093,0.0,1.0,0.9950248756218906,1.0,0.0703588837001539,1.0,1.0,1.0,0.0049751243781093,0.0052108534633565,2.0,20.0,2.08955223880597,2.0,1.2664599066027713,18.0,2.0,2.0,0.0426439232409381,0.0227998753117207,0.4738154613466334,0.0324133695611717,0.0295330423940149,0.0319088750838009,0.4510155860349127,0.0241465087281795,0.0353684538653366,0.1808672089972143,1291,19800,52.727500915527344,28.735401153564453,1291.0,1331.0,1054.55,400,medium,hard,False,1680.0,1680,1680,instances/ta27,OptalCP in < 1h,0.3920556840705959,0.0036629343004995,-4.691495442448019e-05,7.041961994271026e-05,0.0003225510819587,0.0002955417750313,0.0003650338935972,9.487200038865648e-05,5.29629029959089e-05,0.0021529384482269,-0.0023428388453342,-0.0003190492131764,0.0003340940135541,-9.387932850713182e-05,0.0002160809331228,-0.0003073251690668,-3.55252421251861e-06,-0.0005335492512553,0.0004924469680536,0.0012392380343854,-0.0006077417361373,-0.0098411649669885,-0.0128829996915342,-0.0069091875979841,-0.0124631052504189,0.0002204134205521,0.0041478776635207,0.0078217152018942,0.0031992360065508,-5.706608357640004e-05,0.0027263039151014,0.0040006601027951,0.0048001092124936,-0.0068685462452368,-4.66464937519488e-08,-0.0080178476014085,-1.0760538564897549e-07,-0.0067785184535716,-1.4617780208185794e-08,-7.871514850274605e-09,-1.202363197356827e-07,-0.0088174854027962,-0.0063404947534522,0.0043075965169785,0.0001012620066551,-0.0003408318543725,0.0032832464815403,-2.664854541820392e-09,-0.0003183140475705,0.0045567952098597,0.0017823946337673,0.0105165704465239,0.0047962468090848,-0.0040365589247837,0.0103553311435871,0.0036276220748758,0.0016779393470299,0.0002726156833858,-0.000120310995641,-0.0120490391208379,0.0007774779582607,-8.088489246726671e-06,0.0003423679251528,0.0009971801638717,0.0111925673201794,-0.0075225952980756
ta28.pt,20,20,0.0,99.0,50.25373134328358,51.0,29.59654575964817,99.0,24.25,77.0,0.3394669066310856,-1.0,19.0,9.447761194029852,9.0,5.7991685338732175,20.0,4.0,14.0,0.3532338308457712,29.85074615478516,29.513975143432617,420,7600,402,8020,0.0471458170494162,0.0,19.0,18.90547263681592,19.0,1.3368187903029258,19.0,19.0,19.0,0.0049751243781093,0.0,1.0,0.9950248756218906,1.0,0.0703588837001539,1.0,1.0,1.0,0.0049751243781093,0.0052108534633565,2.0,20.0,2.08955223880597,2.0,1.2664599066027713,18.0,2.0,2.0,0.0426439232409381,0.0227998753117207,0.4738154613466334,0.0324133695611717,0.0295330423940149,0.0319088750838009,0.4510155860349127,0.0241465087281795,0.0353684538653366,0.1808672089972143,1221,18981,50.505001068115234,29.45581245422364,1221.0,1269.0,1010.1,400,medium,hard,False,1603.0,1603,1603,instances/ta28,OptalCP in < 1h,0.3993493976183404,0.0037140611582698,-0.0001000563682422,7.16877687933993e-05,0.0002471431341738,0.0001014826496879,0.0003764457653426,9.45770246192103e-05,0.0002046625333777,0.0022463629252941,-0.0020379527152011,-0.000399889692711,0.0007006807674711,-6.373393622575421e-05,0.0002057514950142,-0.0002566763067592,-1.3858053829399334e-05,-0.0006079361182042,0.0008136998338814,0.000482702760143,0.0001249218648462,-0.0095702576522703,-0.0126113830140795,-0.0065056162699684,-0.0122929545479691,3.410481413689346e-05,0.0043461917148912,0.0078874916450164,0.0034583474925061,2.6292992776771065e-06,0.0028474616572891,0.0041087644980775,0.0048526118508126,-0.0066094327970054,-5.2390179397755934e-08,-0.0076981487188409,-1.0869003711865141e-07,-0.006688895893294,-1.2897232991914056e-08,-6.702400701352121e-09,-1.1617170091960869e-07,-0.0084729008486621,-0.0060222492314984,0.0043895981203077,9.418356241464412e-05,-0.0002971590649913,0.0032998435655669,-2.450052505207292e-09,-0.0004970670136019,0.0047442773340131,0.001960074757994,0.0105703036542083,0.0049253468621293,-0.003946967466291,0.0103960792317409,0.0036453538115837,0.0016783056436872,0.0003935611568752,-7.039603653154163e-05,-0.0118746797286337,0.0010331217592655,-0.0001323394325406,0.0004821281490858,0.0010653016842122,0.0127804548200426,-0.0071398152358905
ta29.pt,20,20,0.0,99.0,52.19402985074627,52.0,28.41820179415016,99.0,29.0,76.0,0.3137994139492224,-1.0,19.0,9.447761194029852,9.0,5.7991685338732175,20.0,4.0,14.0,0.3532338308457712,30.82089614868164,29.62133026123047,420,7600,402,8020,0.0471458170494162,0.0,19.0,18.90547263681592,19.0,1.3368187903029258,19.0,19.0,19.0,0.0049751243781093,0.0,1.0,0.9950248756218906,1.0,0.0703588837001539,1.0,1.0,1.0,0.0049751243781093,0.0052108534633565,2.0,20.0,2.08955223880597,2.0,1.2664599066027713,18.0,2.0,2.0,0.0426439232409381,0.0227998753117207,0.4738154613466334,0.0324133695611717,0.0295330423940149,0.0319088750838009,0.4510155860349127,0.0241465087281795,0.0353684538653366,0.1808672089972143,1227,19755,52.45500183105469,28.24788475036621,1227.0,1267.0,1049.1,400,hard,hard,True,1625.0,1625,1625,instances/ta29,OptalCP in 2h,0.3904923515285247,0.0036113338214045,-7.72490228867967e-05,7.300905495533792e-05,0.0003345728753048,0.0002259595157658,2.128191364269104e-05,9.423853079806468e-05,5.340206023463345e-05,0.0005240780330568,-0.0022826435644576,-0.0003539078541365,0.0004137181991189,-0.000142242717017,4.2419825518379934e-05,-0.0002997642523617,-4.862878042204304e-05,-0.0006587552516127,0.0004399729032099,0.0010121071977682,-8.511413030712078e-05,-0.0098896643433751,-0.012585493828212,-0.006735459971529,-0.0124764532869345,3.967050464524285e-05,0.0041247693765977,0.0078084812021302,0.0033055445492034,-0.0001513538269387,0.0027443540328911,0.0040026354592269,0.0048418599874251,-0.0069639409793682,-5.066713482793088e-08,-0.0079044573123263,-1.0486873004314952e-07,-0.0067685767205676,-1.2905540482393276e-08,-9.242894465355654e-09,-1.204503092795811e-07,-0.0086473431527587,-0.0062301118244781,0.0042951132564182,-5.763159470078838e-06,-0.0003523381361902,0.003275454324298,-2.664854541820392e-09,-0.0004692620386662,0.0046219474773798,0.0018112889161137,0.0105176873978861,0.0048381834527672,-0.0040244501197746,0.01020511150545,0.0036451467683701,0.0016350682150535,0.0003105344770191,-8.11037304508825e-05,-0.0120137500221988,0.0009442517319152,-0.0001173968470145,0.0002352854631187,0.0010523238698073,0.0112055903951819,-0.0073288653893698
ta30.pt,20,20,0.0,99.0,49.88059701492537,52.0,29.20447167494608,99.0,23.25,75.0,0.3376894204421736,-1.0,19.0,9.447761194029852,9.0,5.799168533873217,20.0,4.0,14.0,0.3532338308457712,29.6641788482666,29.188514709472656,420,7600,402,8020,0.0471458170494162,0.0,19.0,18.90547263681592,19.0,1.3368187903029258,19.0,19.0,19.0,0.0049751243781093,0.0,1.0,0.9950248756218906,1.0,0.0703588837001539,1.0,1.0,1.0,0.0049751243781093,0.0052108534633565,2.0,20.0,2.08955223880597,2.0,1.2664599066027713,18.0,2.0,2.0,0.0426439232409381,0.0227998753117207,0.4738154613466334,0.0324133695611717,0.0295330423940149,0.0319088750838009,0.4510155860349127,0.0241465087281795,0.0353684538653366,0.1808672089972143,1212,18840,50.130001068115234,29.06308937072754,1212.0,1159.0,1002.6,400,hard,hard,True,,1562,1584,instances/ta30,lb OptalCP / ub NS2002,0.399574808627253,0.0036559754829242,5.451784251382144e-06,7.186458769240002e-05,0.0003145915473975,0.0002769473503812,-9.899358728400189e-05,9.46905893544326e-05,0.0001701271857255,-0.001070666122754,-0.0021255273400523,-0.0004572546175213,0.0006371568665587,6.318861210185005e-05,0.0001262038828971,-0.0001632991764384,-8.806844985945726e-07,-0.0006150763550604,0.0008994193387555,0.0007333177611493,0.0005472697916227,-0.009595056154012,-0.0124016378607732,-0.006290908099813,-0.0120558034484616,-2.0926859283247688e-05,0.004432278128528,0.0080721238405303,0.0034791064433421,-4.552900565531009e-05,0.0028477532792193,0.0040964170202186,0.0047432886022609,-0.0065044898311611,-5.2661199466593854e-08,-0.0074372552674112,-1.086788299710488e-07,-0.006496442556122,-1.2679378484030842e-08,-7.262154833091944e-09,-1.1612791573908037e-07,-0.0081844472505657,-0.0060018584351024,0.0042894360553873,0.0001202096162599,-0.0003219757855596,0.0034585810004349,-2.4339932663084444e-09,-0.0005828179165516,0.0047018896568064,0.0019546959733724,0.0108637601713886,0.0049020917965205,-0.0040726226243089,0.0103420384811483,0.0036307188371334,0.0017625326183393,0.0004625628721236,0.0004029387741426,-0.0117251549444528,0.0007183637956041,-0.0001878690418878,0.0009483379349764,0.0015302666560647,0.0128022485457881,-0.0070065897420828
ta31.pt,30,15,0.0,99.0,50.0,51.5,28.77990941335132,99.0,25.0,75.0,0.3321146918317801,-1.0,14.0,6.964601769911504,7.0,4.3435013068347,15.0,3.0,11.0,0.3584070796460177,28.482301712036133,29.77559471130371,480,13050,452,13530,0.0640170319643663,0.0,29.0,28.871681415929203,29.0,1.9247787610619471,29.0,29.0,29.0,0.0044247787610618,0.0,1.0,0.995575221238938,1.0,0.0663716814159292,1.0,1.0,1.0,0.0044247787610618,0.0047092989031257,2.0,30.0,2.1238938053097347,2.0,1.858407079646018,28.0,2.0,2.0,0.0580752212389379,0.0146246201855957,0.4822616407982261,0.0218217137923591,0.0190395006980372,0.0310337064635839,0.4676370206126303,0.0157283403137061,0.0245581013385891,0.2087790538986673,990,21610,50.22222137451172,28.649677276611328,990.0,1764.0,1506.6666666666667,450,medium,hard,False,1764.0,1764,1764,instances/ta31,CPO in < 1h,0.3899673171350167,0.003553302920881,-0.000132178072395,6.903939179355577e-05,-0.0005064965609618,0.0001296805067108,0.0022471524064392,8.643541373331748e-05,-0.0003623408807649,-0.0009676861661074,-0.0019680819112225,-0.0003137422137918,-0.0007000690232749,-3.5459308784444995e-05,4.553784604501591e-05,-0.0003986224148216,-0.0002486150129519,-0.0005586705518348,-0.0005255744660125,-0.0022833372093928,-0.0005830552615267,-0.0112773541399211,-0.0103676723447716,-0.0077289149333203,-0.0095738955756117,-0.0010753077050658,0.0045845674604637,0.0084308724334407,0.0036109166415276,0.0001825627021321,0.0032150568247049,0.003921295124188,0.0047839309370343,-0.0072778446553267,-5.2855102565078296e-08,-0.0083965304365515,-1.1179202913512305e-07,-0.0072545068876709,-1.0562807512734776e-08,-6.7794347103155795e-09,-1.3198804283945242e-07,-0.0093266099345553,-0.0075165798473215,0.0042099416765483,4.5093699109267015e-05,0.0004659542956429,0.0035385695861727,-2.5846975121062312e-09,0.0002060018049633,0.0047975087261893,0.0023873665056731,0.011393795852723,0.0062560462974621,-0.0044438718701333,0.0104567811221822,0.0046676509596788,0.003140443509812,4.771453028065674e-06,-0.0011778260278918,-0.0129690167034075,0.0002308609808765,0.0009890122317822,-0.0003925797853379,0.002096927514536,0.0113412552927735,-0.007638604817522
ta32.pt,30,15,0.0,99.0,51.34070796460177,52.5,27.463150329986885,99.0,30.0,74.0,0.3082360070137491,-1.0,14.0,6.964601769911504,7.0,4.3435013068347,15.0,3.0,11.0,0.3584070796460177,29.15265464782715,29.645488739013672,480,13050,452,13530,0.0640170319643663,0.0,29.0,28.871681415929203,29.0,1.9247787610619471,29.0,29.0,29.0,0.0044247787610618,0.0,1.0,0.995575221238938,1.0,0.0663716814159292,1.0,1.0,1.0,0.0044247787610618,0.0047092989031257,2.0,30.0,2.1238938053097347,2.0,1.858407079646018,28.0,2.0,2.0,0.0580752212389379,0.0146246201855957,0.4822616407982261,0.0218217137923591,0.0190395006980372,0.0310337064635839,0.4676370206126303,0.0157283403137061,0.0245581013385891,0.2087790538986673,972,22234,51.56888961791992,27.30951690673828,972.0,1774.0,1547.0666666666666,450,hard,medium,False,,1774,1784,instances/ta32,lb CPO2015 / ub PSV2010,0.3887024493303486,0.0035608880366825,-2.762372537322877e-05,6.759405739037348e-05,-0.000536702413833,8.840600122188687e-05,0.0023326116548702,8.618459853455859e-05,-0.0004185247574218,-0.000995628265705,-0.0018967721510152,-0.0002184583728869,-0.0007196804842289,2.525995404242268e-05,0.0001134446146745,-0.0004022833963815,-0.0002351739144887,-0.000499454347948,-0.0005525977604907,-0.0029291158147173,0.0001521463128696,-0.0114178298519277,-0.0104215433626014,-0.0078528541173693,-0.0096736202621253,-0.0011413887422485,0.004580611822849,0.0084265548324033,0.0036133759913199,0.0002022392482055,0.0031385642234893,0.0039308432950941,0.0047699615124991,-0.0072092987033963,-5.343369330753039e-08,-0.0085691542775709,-1.0753118618806144e-07,-0.0073382093562323,-1.1517825587935738e-08,-8.183487820379496e-09,-1.382313385542824e-07,-0.0094195125513112,-0.0075988225948305,0.0041573537207525,0.0002328352698691,0.0005167200278289,0.003482013827425,-2.5766316673333403e-09,0.0001553434519977,0.0047609533386793,0.0024134162310698,0.0113567459668791,0.0061875567837706,-0.0045031021509577,0.0105062176787801,0.0046426894653268,0.0031444616443521,3.03158309503769e-05,-0.0010534083005785,-0.0135348034202171,0.000189933826649,0.0009758669257298,-0.000401379455159,0.0020574120996629,0.0112942161820193,-0.0078033713694976
ta33.pt,30,15,0.0,99.0,52.41814159292036,55.0,28.27065660477144,99.0,27.0,76.0,0.3107600766291825,-1.0,14.0,6.964601769911504,7.0,4.3435013068347,15.0,3.0,11.0,0.3584070796460177,29.69137191772461,30.42292022705078,480,13050,452,13530,0.0640170319643663,0.0,29.0,28.871681415929203,29.0,1.9247787610619471,29.0,29.0,29.0,0.0044247787610618,0.0,1.0,0.995575221238938,1.0,0.0663716814159292,1.0,1.0,1.0,0.0044247787610618,0.0047092989031257,2.0,30.0,2.1238938053097347,2.0,1.858407079646018,28.0,2.0,2.0,0.0580752212389379,0.0146246201855957,0.4822616407982261,0.0218217137923591,0.0190395006980372,0.0310337064635839,0.4676370206126303,0.0157283403137061,0.0245581013385891,0.2087790538986673,1056,22637,52.6511116027832,28.11611557006836,1056.0,1729.0,1579.5333333333333,450,hard,hard,True,1791.0,1791,1791,instances/ta33,OptalCP in 10h,0.3919908415339465,0.0035845461145574,-0.0001082285598444,6.456138315276498e-05,-0.0008749613437642,0.0005307495392116,0.0027364044938855,8.737621081405017e-05,-0.0003186229409473,0.0005675341373034,-0.0021299164580569,-0.0004521202510596,-0.0005951494220343,-2.285844037836754e-05,9.626150793729482e-06,-0.0004015795874395,-0.0003421463056499,-0.00051507794155,-0.0008550873679581,-0.0001716452497542,-0.0008353483800858,-0.0112672673483688,-0.0105058526987412,-0.007993773857254,-0.0099621825499666,-0.0009759794260816,0.0045865576393439,0.0084309823230245,0.0036112530267606,-1.116246201906343e-05,0.0032491703885051,0.0040616627323655,0.0048503569062481,-0.0074720165468996,-3.8925784012045766e-08,-0.0086749925921804,-1.0879028325157565e-07,-0.0073105507575803,-1.4863798023820798e-08,-7.177535637033317e-09,-1.331006010619582e-07,-0.0096710654474692,-0.0072260163503072,0.0042605695119719,0.0001189261913787,0.0004389410205937,0.0033173426273483,-2.842264889954664e-09,3.286724302020457e-05,0.0050269106937885,0.0025421982572163,0.0114811556282103,0.0063216190436221,-0.0045493345687062,0.0105149773220496,0.0047606637954075,0.0032548924315251,4.725300718671878e-05,-0.0009581424806925,-0.0135415134636509,-0.0001212129869411,0.0012300424104153,-0.0003555607422072,0.0020248891113166,0.0116337252863747,-0.0080475871627256
ta34.pt,30,15,0.0,99.0,51.86504424778761,54.0,28.52109790809249,99.0,29.75,76.25,0.3170836323388795,-1.0,14.0,6.964601769911504,7.0,4.3435013068347,15.0,3.0,11.0,0.3584070796460177,29.41482353210449,30.33433532714844,480,13050,452,13530,0.0640170319643663,0.0,29.0,28.871681415929203,29.0,1.9247787610619471,29.0,29.0,29.0,0.0044247787610618,0.0,1.0,0.995575221238938,1.0,0.0663716814159292,1.0,1.0,1.0,0.0044247787610618,0.0047092989031257,2.0,30.0,2.1238938053097347,2.0,1.858407079646018,28.0,2.0,2.0,0.0580752212389379,0.0146246201855957,0.4822616407982261,0.0218217137923591,0.0190395006980372,0.0310337064635839,0.4676370206126303,0.0157283403137061,0.0245581013385891,0.2087790538986673,975,22468,52.09555435180664,28.373573303222656,975.0,1828.0,1562.8666666666666,450,medium,hard,False,1828.0,1828,1828,instances/ta34,OptalCP in < 1h,0.3880400026629787,0.0035732321777836,-0.000189472135802,6.564393362832142e-05,-0.0007668330536979,0.0007844356577938,0.0028110552907696,8.728178283020922e-05,-0.0003542535840215,0.0005446748400871,-0.0021430637796512,-0.0003950357988957,-0.0007264511674037,-7.889208148309214e-05,-4.6333516085744735e-05,-0.0004206402754403,-0.0003182976363699,-0.0004687429855075,-0.0006784476848376,-0.0007525693581595,-0.0013991169607031,-0.0115249745534398,-0.0105930360482258,-0.00816195506969,-0.0098314593855319,-0.0010806735618878,0.0045253707836058,0.0082764434160169,0.0035346712475875,3.1482636677148497e-05,0.0032235364787981,0.0039473910102605,0.00477060556542,-0.0072730227242666,-4.05902562527319e-08,-0.0087026158551503,-1.0986993939848177e-07,-0.0074062092953297,-1.6940296840677493e-08,-7.875012640925361e-09,-1.3415405545622045e-07,-0.0096436614125504,-0.0073879079888228,0.00419711990928,-2.84301868892175e-06,0.0004230563332488,0.0033511807578871,-2.603337769669825e-09,3.2630845394063894e-05,0.0048423356689904,0.0023185550185411,0.011427073981807,0.0063096032303934,-0.0044973566193754,0.0103999385333845,0.0046758011539631,0.0032029127190811,-1.8663852328754908e-05,-0.0012919800355054,-0.0136572166536684,-0.0001822373222445,0.0010374720109035,-0.0005776535897168,0.0019467962764158,0.0114500648776901,-0.0080587807350157
ta35.pt,30,15,0.0,99.0,49.63053097345133,49.0,29.1224641371087,99.0,25.0,75.0,0.3386671776605972,-1.0,14.0,6.964601769911504,7.0,4.343501306834701,15.0,3.0,11.0,0.3584070796460177,28.29756546020508,29.80918312072754,480,13050,452,13530,0.0640170319643663,0.0,29.0,28.871681415929203,29.0,1.9247787610619471,29.0,29.0,29.0,0.0044247787610618,0.0,1.0,0.995575221238938,1.0,0.0663716814159292,1.0,1.0,1.0,0.0044247787610618,0.0047092989031257,2.0,30.0,2.1238938053097347,2.0,1.858407079646018,28.0,2.0,2.0,0.0580752212389379,0.0146246201855957,0.4822616407982261,0.0218217137923591,0.0190395006980372,0.0310337064635839,0.4676370206126303,0.0157283403137061,0.0245581013385891,0.2087790538986673,969,21464,49.851112365722656,28.998123168945312,969.0,1729.0,1495.5333333333333,450,easy,medium,False,2007.0,2007,2007,instances/ta35,OptalCP in < 1 min,0.3898553781182522,0.0035633555372129,-0.0001030696280456,6.893501071821079e-05,-0.0004562155076863,-0.0002782384873487,0.0023455976864484,8.649017934018796e-05,-0.0003637344902565,-0.000967668038818,-0.0019882615566796,-0.0003310519587793,-0.000679248009695,-2.071819885282727e-05,1.4147748184181524e-05,-0.0004460186811334,-0.0002492638271321,-0.00056348799774,-0.0005095470010317,-0.0022932566775209,-0.0005931040375889,-0.0112744854123161,-0.0102942853940714,-0.0077378859216764,-0.0095937884318504,-0.0011076889531023,0.0045468748478171,0.0084199738879593,0.0036024546994379,0.0001836728312336,0.0032400459095553,0.0039322766175505,0.0047509664755469,-0.0072304852224975,-5.2880032817508414e-08,-0.0083643998782684,-1.1407279266901153e-07,-0.0072653855800991,-9.789148242789221e-09,-6.757315433117291e-09,-1.31145005172477e-07,-0.0093227205813886,-0.0074927649028447,0.0042181590161638,9.522129647786829e-05,0.0004867494422194,0.003516465561357,-2.5846975121062312e-09,0.000244524801572,0.0047827527576953,0.0024038310233021,0.0114280646339388,0.0062437714823591,-0.0045613087713641,0.0104140805682797,0.0046796570543502,0.0031233612336648,5.685402751913828e-05,-0.0011630878801366,-0.0130465553100728,0.0003298264008228,0.0009687165325433,-0.0004245436545494,0.0019373795837399,0.0115696228249192,-0.0075562106292738
ta36.pt,30,15,0.0,99.0,50.79424778761062,50.0,29.028589243377382,99.0,25.0,76.0,0.3297928743311951,-1.0,14.0,6.964601769911504,7.0,4.3435013068347,15.0,3.0,11.0,0.3584070796460177,28.879425048828125,30.18313980102539,480,13050,452,13530,0.0640170319643663,0.0,29.0,28.871681415929203,29.0,1.9247787610619471,29.0,29.0,29.0,0.0044247787610618,0.0,1.0,0.995575221238938,1.0,0.0663716814159292,1.0,1.0,1.0,0.0044247787610618,0.0047092989031257,2.0,30.0,2.1238938053097347,2.0,1.858407079646018,28.0,2.0,2.0,0.0580752212389379,0.0146246201855957,0.4822616407982261,0.0218217137923591,0.0190395006980372,0.0310337064635839,0.4676370206126303,0.0157283403137061,0.0245581013385891,0.2087790538986673,988,21971,51.02000045776367,28.894397735595703,988.0,1777.0,1530.6,450,medium,medium,True,1819.0,1819,1819,instances/ta36,OptalCP in < 1h,0.3866380812145194,0.0035674641258852,-0.0001508060431077,6.909167835892211e-05,-0.0005917305390199,-0.0003036683302265,0.0023771199994859,8.657731760709192e-05,-0.0004023917263662,0.0005979902951912,-0.0019967635589577,-0.0002956321066757,-0.0006154571026625,1.5372467361212032e-05,3.100248153725902e-05,-0.0004532345042348,-0.0002120573232077,-0.0005359832897025,-0.0004260814486003,-0.0025276129035491,-0.001224328622538,-0.0114544888681872,-0.0104270081605801,-0.0080713548925247,-0.0098330726768791,-0.0011123203476727,0.0045037769203135,0.0083459680699312,0.0035678462575011,0.0002072213590267,0.0032301548882087,0.0039461147950803,0.0047210748019825,-0.007555941576941,-4.061929988477688e-08,-0.0086868155928067,-1.129348469952508e-07,-0.0073692476244306,-1.5677209950740332e-08,-7.58927199936026e-09,-1.293775964638982e-07,-0.0095570451848673,-0.0074726970067345,0.0041924265584269,8.722202606583131e-05,0.0005138983231285,0.0033804647279365,-2.603337769669825e-09,0.0001872749028977,0.0047539130768392,0.0023715542354211,0.0113593481418338,0.0061848903257978,-0.0045523402538052,0.0104050610637918,0.0046619472431143,0.0030891941407914,1.1080203632648705e-06,-0.0011451183700171,-0.0136948532968807,0.0002135084151172,0.0009814313438602,-0.0004381717784977,0.001967828673987,0.011224649956984,-0.0079782297852082
ta37.pt,30,15,0.0,99.0,52.67035398230089,54.0,28.39410861956183,99.0,29.0,76.0,0.3106932741950292,-1.0,14.0,6.964601769911504,7.0,4.3435013068347,15.0,3.0,11.0,0.3584070796460177,29.81747817993164,30.574493408203125,480,13050,452,13530,0.0640170319643663,0.0,29.0,28.871681415929203,29.0,1.9247787610619471,29.0,29.0,29.0,0.0044247787610618,0.0,1.0,0.995575221238938,1.0,0.0663716814159292,1.0,1.0,1.0,0.0044247787610618,0.0047092989031257,2.0,30.0,2.1238938053097347,2.0,1.858407079646018,28.0,2.0,2.0,0.0580752212389379,0.0146246201855957,0.4822616407982261,0.0218217137923591,0.0190395006980372,0.0310337064635839,0.4676370206126303,0.0157283403137061,0.0245581013385891,0.2087790538986673,1045,22762,52.90444564819336,28.23870086669922,1045.0,1771.0,1587.1333333333334,450,hard,hard,True,1771.0,1771,1771,instances/ta37,OptalCP in 2h,0.4020226973980949,0.0036546672209488,3.573348154773835e-06,6.492131014701556e-05,-0.000719792963115,0.0006959791934845,0.0028190164716273,8.741735624099323e-05,-0.0001729933922462,0.0005110252940231,-0.0021030417703982,-0.0002403532841041,-0.0002377539743359,2.51564011878354e-06,0.0001070428570171,-0.0003151649143189,-0.0002963394590957,-0.0004613852117631,-0.0003879256040051,0.0001672166533795,0.0028143880939508,-0.0109951054381785,-0.0102240613235012,-0.0078634807943038,-0.0098022029703337,-0.0009099715961541,0.0045935954317064,0.0085177114756529,0.0036496376690429,1.7671775090598892e-05,0.0032751691424236,0.0040525558957221,0.0048771770546102,-0.0073211823720444,-3.835074102140577e-08,-0.0081905083615546,-1.0880373952659742e-07,-0.0072399641194846,-1.5731311053737018e-08,-7.670587371406534e-09,-1.3421925549076884e-07,-0.0095972460636984,-0.0070986925945561,0.0043040680138175,0.0002719331886301,0.0004662399003008,0.0033770185913941,-2.842264889954664e-09,0.000143421656183,0.0050659726898649,0.0024540185083815,0.0115823200720353,0.0063444777472648,-0.0043065129946009,0.0107784427573806,0.0047649294206815,0.0032761183158492,4.683098322706805e-05,-0.0007724158876231,-0.0130672983291102,-0.0001682203989312,0.0011688971809753,-0.0001896140855977,0.0021320278644725,0.0116507168175531,-0.0079148289694398
ta38.pt,30,15,0.0,99.0,49.38716814159292,51.0,27.98851082137592,99.0,25.75,74.0,0.3269595944339323,-1.0,14.0,6.964601769911504,7.0,4.3435013068347,15.0,3.0,11.0,0.3584070796460177,28.17588424682617,29.17241668701172,480,13050,452,13530,0.0640170319643663,0.0,29.0,28.871681415929203,29.0,1.9247787610619471,29.0,29.0,29.0,0.0044247787610618,0.0,1.0,0.995575221238938,1.0,0.0663716814159292,1.0,1.0,1.0,0.0044247787610618,0.0047092989031257,2.0,30.0,2.1238938053097347,2.0,1.858407079646018,28.0,2.0,2.0,0.0580752212389379,0.0146246201855957,0.4822616407982261,0.0218217137923591,0.0190395006980372,0.0310337064635839,0.4676370206126303,0.0157283403137061,0.0245581013385891,0.2087790538986673,952,21371,49.606666564941406,27.85587310791016,952.0,1673.0,1488.2,450,hard,medium,False,1673.0,1673,1673,instances/ta38,OptalCP in 7h,0.3921491875476912,0.0035091852154581,-1.0181355884360851e-06,6.898803526958968e-05,-0.000474540694714,-0.000269505343742,0.0022184445338468,8.643057886595606e-05,-0.0003549615273144,-0.00098250503112,-0.0020350896732698,-0.0002672431608873,-0.0006694793045711,1.294040310084892e-05,0.000127182777388,-0.0004645508956924,-0.000216754032122,-0.0004685617471527,-0.0004511887960464,-0.0022151990722181,0.0005450504670413,-0.0112117867187387,-0.0103021370938566,-0.0077807899533817,-0.0095532312957404,-0.0011001447028872,0.0045723920700859,0.0084252777612002,0.0036881810219645,0.000201333225499,0.0031889971453426,0.0039318387276268,0.004755775402848,-0.0070936298130075,-5.28346136001647e-08,-0.0083456406525511,-1.1099259347636157e-07,-0.0072003594545858,-9.383844135170532e-09,-6.7840330682562355e-09,-1.324632211566881e-07,-0.0093114904654536,-0.0076213783886097,0.0042357684179842,0.0002014155126633,0.0004883024314526,0.0035206747869863,-2.5766316673333403e-09,0.000243890914589,0.004793012695744,0.0024665264703462,0.011559168600243,0.0062370619694481,-0.0046639862891087,0.0105395043980572,0.0046913266535105,0.0031268396882537,0.0001063003806252,-0.0010677480740634,-0.0130116479697259,0.0002639546505725,0.0009288563540522,-0.0002195793321642,0.0018622497326654,0.011598789601948,-0.007572356720873
ta39.pt,30,15,0.0,99.0,47.75,48.0,28.07357392811512,99.0,22.75,71.0,0.3392672412202491,-1.0,14.0,6.964601769911504,7.0,4.3435013068347,15.0,3.0,11.0,0.3584070796460177,27.357301712036133,28.62442970275879,480,13050,452,13530,0.0640170319643663,0.0,29.0,28.871681415929203,29.0,1.9247787610619471,29.0,29.0,29.0,0.0044247787610618,0.0,1.0,0.995575221238938,1.0,0.0663716814159292,1.0,1.0,1.0,0.0044247787610618,0.0047092989031257,2.0,30.0,2.1238938053097347,2.0,1.858407079646018,28.0,2.0,2.0,0.0580752212389379,0.0146246201855957,0.4822616407982261,0.0218217137923591,0.0190395006980372,0.0310337064635839,0.4676370206126303,0.0157283403137061,0.0245581013385891,0.2087790538986673,905,20678,47.96222305297852,27.954421997070312,905.0,1641.0,1438.8666666666666,450,easy,medium,False,1795.0,1795,1795,instances/ta39,OptalCP in < 1 min,0.393939459168179,0.0035154793241311,-1.3482306979933615e-05,6.913313241463781e-05,-0.0005216593262225,-0.0001721588306316,0.0020494745886634,7.387958986072808e-05,-0.0003493043356991,-0.0007395919018908,-0.0020132958383684,-0.0002849897649979,-0.0006151026114021,1.4781097394528392e-05,3.7441263424091393e-06,-0.0004327594615092,-0.0002220026337823,-0.0004583025176991,-0.0004132539819025,-0.0019942661189473,0.0011581551508775,-0.0111173069779529,-0.0102459556934447,-0.0077032183215818,-0.0094152106163143,-0.001227714872533,0.0045733231655926,0.0084705533496677,0.0037479971265593,0.000207793761234,0.0031798833228906,0.0040104851519189,0.0047496609621252,-0.0070127211832905,-4.7111287157891983e-08,-0.0083698893398866,-1.1186737841120957e-07,-0.0071860286541282,-8.664884462813788e-09,-6.734050343970096e-09,-1.405227934960522e-07,-0.0092764696328223,-0.0075659009890974,0.004246590438933,0.0002362419393969,0.0005149028027223,0.0035711891102261,-2.997262492050162e-09,0.0002443679049035,0.0048204025676919,0.0025303505410346,0.0115718889999117,0.0062252223321669,-0.004624754009907,0.010585702165949,0.0046428500462315,0.00306813858292,-2.417693101803605e-05,-0.0011113866641242,-0.0124994556413227,0.0001040452880579,0.0008242642033154,-0.0002090981509407,0.0018689007756527,0.0116348741017897,-0.0076353875734788
ta40.pt,30,15,0.0,99.0,49.35840707964602,50.5,29.209645714598103,99.0,23.75,74.0,0.341509224404311,-1.0,14.0,6.964601769911504,7.0,4.343501306834701,15.0,3.0,11.0,0.3584070796460177,28.1615047454834,29.75471878051757,480,13050,452,13530,0.0640170319643663,0.0,29.0,28.871681415929203,29.0,1.9247787610619471,29.0,29.0,29.0,0.0044247787610618,0.0,1.0,0.995575221238938,1.0,0.0663716814159292,1.0,1.0,1.0,0.0044247787610618,0.0047092989031257,2.0,30.0,2.1238938053097347,2.0,1.858407079646018,28.0,2.0,2.0,0.0580752212389379,0.0146246201855957,0.4822616407982261,0.0218217137923591,0.0190395006980372,0.0310337064635839,0.4676370206126303,0.0157283403137061,0.0245581013385891,0.2087790538986673,961,21349,49.57777786254883,29.088132858276367,961.0,1602.0,1487.3333333333333,450,hard,medium,False,,1658,1669,instances/ta40,lb OptalCP / ub GR2014,0.3906764373338759,0.0035312116950866,-3.912442551986044e-05,6.898922836653174e-05,-0.0005056897193304,-0.0002125754951974,0.0023630045363594,8.645818805278743e-05,-0.0003627106568308,-0.0009817981854269,-0.0020049279852295,-0.0002965991716549,-0.0006386406479589,1.3013719053090825e-05,4.034901879420773e-05,-0.0004323973242072,-0.0002292382255961,-0.0005439963240736,-0.000486342660958,-0.0022304257513951,-0.0004905393979091,-0.011281036114741,-0.0103647500786714,-0.007709250326732,-0.0095740419591897,-0.0011183980626022,0.004553412405737,0.0084315147335468,0.0036238649999899,0.0001883571309062,0.0031934435530969,0.0039528126500676,0.0047452333499514,-0.007040647433329,-5.24960671489553e-08,-0.0083379826275923,-1.1327678124754733e-07,-0.0072088381839276,-9.763728377062429e-09,-6.758940599342119e-09,-1.331406206727897e-07,-0.0092926832738204,-0.0075648014099377,0.0042107079972759,0.0001229322504934,0.0004903011229186,0.0035328028220167,-2.5846975121062312e-09,0.0002126283118655,0.0047604047236681,0.0024197373352105,0.0114789156266713,0.0062488312375721,-0.0044486163476598,0.0105019150974135,0.0046515152130123,0.0031023748294154,5.726489373623723e-05,-0.0010586773042769,-0.0129979314614138,0.0003526617707212,0.0009836467615421,-0.0003297356947681,0.0016605060391332,0.0115967046291259,-0.0075967105632746
ta41.pt,30,20,0.0,99.0,51.95847176079735,52.0,28.62612593482705,99.0,29.0,76.0,0.3178232792659441,-1.0,19.0,9.465116279069768,9.0,5.788315564955182,20.0,4.0,14.0,0.352159468438538,30.711793899536133,29.62939643859864,630,17400,602,18030,0.0480926031365221,0.0,29.0,28.903654485049834,29.0,1.6687532697507457,29.0,29.0,29.0,0.0033222591362125,0.0,1.0,0.9966777408637874,1.0,0.0575432161983015,1.0,1.0,1.0,0.0033222591362125,0.0034825678133343,2.0,30.0,2.0930232558139537,2.0,1.611210053552444,28.0,2.0,2.0,0.0442967884828349,0.0151610279164355,0.4825291181364393,0.0218215119503669,0.0198199297467184,0.0269926773361157,0.4673680902200037,0.0160928082824921,0.0238576446662969,0.1867876279525355,1232,30047,52.13166809082031,28.515918731689453,1232.0,1830.0,1563.95,600,hard,hard,True,,1926,2005,instances/ta41,lb OptalCP / ub CPO2015,0.4863312196251174,0.0043023379223954,0.0002719977937075,6.76105680643552e-05,-0.0002549192041376,-2.0390006811058715e-05,-0.000358223742668,8.92002831659206e-05,-0.0004769971428632,0.0005941950365093,-0.0030675096288868,-8.919258072400878e-05,0.0004362429422399,0.0004271232559156,0.0005945948013714,-0.0001258531835284,0.0001187175345957,1.670288687171836e-05,0.0012739416211776,0.0007055329402993,0.0004182592655981,-0.0044488054378988,-0.0077159819771463,-0.0021148323261023,-0.007551997571827,0.0005733903529583,0.0052856680428347,0.0100695489297818,0.0043075687736668,0.000273146992786,0.0037083707208618,0.0047358043698902,0.0058204336792808,-0.0022851283732433,-4.9463118830296703e-08,-0.0018846051487688,-1.0694385488898405e-07,-0.0013368966000184,-1.0808161135057072e-08,-9.200850441863569e-09,-1.2051217615345433e-07,-0.0022401001020742,-0.0008569425655929,0.0048766916296054,0.0006455977619007,0.0004215982150399,0.0040343580115487,-2.5316852169513607e-09,0.000222761089337,0.0058190534545682,0.0035053899917429,0.0132946141644674,0.0079105812086637,1.824408079011522e-05,0.0122678721426478,0.0056307995014518,0.0038389363642568,0.0004425995019274,0.0003472175302058,-0.005542297040241,-0.0001694652271073,4.569930616114437e-05,0.0006410188681463,0.0023621713017221,0.0134024418250861,-0.0018267240157741
ta42.pt,30,20,0.0,99.0,50.8156146179402,51.0,28.68202735269568,99.0,24.25,74.75,0.3256820155668654,-1.0,19.0,9.465116279069768,9.0,5.788315564955182,20.0,4.0,14.0,0.352159468438538,30.140365600585938,29.249744415283203,630,17400,602,18030,0.0480926031365221,0.0,29.0,28.903654485049834,29.0,1.6687532697507457,29.0,29.0,29.0,0.0033222591362125,0.0,1.0,0.9966777408637874,1.0,0.0575432161983015,1.0,1.0,1.0,0.0033222591362125,0.0034825678133343,2.0,30.0,2.0930232558139537,2.0,1.611210053552444,28.0,2.0,2.0,0.0442967884828349,0.0151610279164355,0.4825291181364393,0.0218215119503669,0.0198199297467184,0.0269926773361157,0.4673680902200037,0.0160928082824921,0.0238576446662969,0.1867876279525355,1192,29399,50.98500061035156,28.5790958404541,1192.0,1761.0,1529.55,600,hard,hard,True,,1900,1937,instances/ta42,lb OptalCP / ub GR2014,0.4853998460416429,0.0043043195310164,0.0003446308450628,6.75014927053438e-05,-0.0004509260497702,-0.0002795534895818,-0.0003553054549325,9.053206645663846e-05,-0.0003829361844831,-0.0010246800549727,-0.0030693750968809,-7.858838402622156e-05,0.0005444012585113,0.0004754915369973,0.0004028301722685,-7.131883032908501e-05,0.0001114229439918,-2.0470585386464683e-05,0.0012942178381307,9.48135425326636e-05,0.00066515596876,-0.0041725872293074,-0.0078445047939288,-0.0020385480589131,-0.0074699730696063,0.0005267404813607,0.0053217422569803,0.0101455975584002,0.0042883523513764,0.0002600775747137,0.003736460304898,0.0047666470606316,0.0057406652851671,-0.0022265339328944,-5.319708100032165e-08,-0.0016357335163288,-1.1013302870723281e-07,-0.001030761178286,-1.03263720283841e-08,-7.608841410530882e-09,-1.161425532827831e-07,-0.0023627792185735,-0.0007892081308045,0.004913138343019,0.0006379718172852,0.0004199213323211,0.0039728780139752,-2.5316852169513607e-09,0.000256188010996,0.0057659949513509,0.0034365474848185,0.013326218098764,0.0078351655694355,9.448055777117062e-05,0.0124033242629674,0.0055839903710662,0.0037743627017444,0.0004470494632555,0.0004121173501196,-0.0053745090831756,-0.0003244796442245,0.000192219062158,0.0008712399299738,0.0019720227054789,0.0133869060201997,-0.0013607644461864
ta43.pt,30,20,0.0,99.0,49.1328903654485,50.0,29.08017810735385,99.0,24.0,74.75,0.341509436505403,-1.0,19.0,9.465116279069768,9.0,5.788315564955182,20.0,4.0,14.0,0.352159468438538,29.29900360107422,28.86111068725586,630,17400,602,18030,0.0480926031365221,0.0,29.0,28.903654485049834,29.0,1.6687532697507457,29.0,29.0,29.0,0.0033222591362125,0.0,1.0,0.9966777408637874,1.0,0.0575432161983015,1.0,1.0,1.0,0.0033222591362125,0.0034825678133343,2.0,30.0,2.0930232558139537,2.0,1.611210053552444,28.0,2.0,2.0,0.0442967884828349,0.0151610279164355,0.4825291181364393,0.0218215119503669,0.0198199297467184,0.0269926773361157,0.4673680902200037,0.0160928082824921,0.0238576446662969,0.1867876279525355,1230,28348,49.29666519165039,28.989686965942383,1230.0,1694.0,1478.9,600,hard,hard,True,,1809,1846,instances/ta43,lb CPO2015 / ub PLC2015,0.4807025423162054,0.0042087076626218,0.0002933328423,6.643117773132064e-05,-0.0004162636989032,-0.0002288162302258,-0.0001300280955125,9.040539106607236e-05,-0.00031764303791,-0.0009960638508044,-0.002912796640594,-0.0001152342185251,0.0005277193282172,0.0004423877773194,0.0003955553533648,-1.9234933679669223e-05,0.0001132608716494,-5.755082217219377e-05,0.0011406400395239,-0.0027014100735655,0.0005907925837767,-0.0041423508798246,-0.0080912263236034,-0.0019666727507995,-0.0077655793289596,0.0004223741324032,0.0052291847781567,0.010042883661134,0.0042491964935669,0.0002569022225799,0.0036682471132666,0.0047209666892987,0.0057678940788307,-0.0022254437617416,-5.3264309563407163e-08,-0.0017119235507209,-1.118509049529988e-07,-0.001239544204477,-9.044909478587427e-09,-7.57126453372916e-09,-1.1682801581417068e-07,-0.0022728323719775,-0.0006663332287937,0.0048276084065896,0.0005833981225365,0.0003988421277375,0.0039441346758753,-2.5397510617242503e-09,0.000183749988875,0.0057420461992275,0.003475287986709,0.0132980251944776,0.0077467853899693,1.2097040042909092e-05,0.0122287193651377,0.0055661782889586,0.0036983840263698,0.0004120388024709,0.0004770221091393,-0.0055112759654813,-0.0002489098923948,0.000320335985259,0.0007168895566601,0.0018792792090311,0.0132828230983392,-0.0014608967913213
ta44.pt,30,20,0.0,99.0,50.64119601328904,50.5,28.8742979186876,99.0,25.0,75.0,0.3290858632784548,-1.0,19.0,9.465116279069768,9.0,5.788315564955182,20.0,4.0,14.0,0.352159468438538,30.05315589904785,29.282798767089844,630,17400,602,18030,0.0480926031365221,0.0,29.0,28.903654485049834,29.0,1.6687532697507457,29.0,29.0,29.0,0.0033222591362125,0.0,1.0,0.9966777408637874,1.0,0.0575432161983015,1.0,1.0,1.0,0.0033222591362125,0.0034825678133343,2.0,30.0,2.0930232558139537,2.0,1.611210053552444,28.0,2.0,2.0,0.0442967884828349,0.0151610279164355,0.4825291181364393,0.0218215119503669,0.0198199297467184,0.0269926773361157,0.4673680902200037,0.0160928082824921,0.0238576446662969,0.1867876279525355,1204,29282,50.810001373291016,28.77372360229492,1204.0,1787.0,1524.3,600,hard,hard,True,,1961,1979,instances/ta44,lb OptalCP / ub CS2022,0.4842381736244969,0.0043222455574844,0.0002634234526193,6.744860205988333e-05,-0.0005048786446672,-0.0002693981649464,-0.0003790916469092,9.051940277154052e-05,-0.0004227954020919,-0.0008130038436778,-0.0031677834683246,-0.0001078579624662,0.0005941135672729,0.0004744209652329,0.0004353507161804,-7.615406321651556e-05,0.0001096048232903,-1.4026518387715784e-05,0.0012932588958051,-0.0003455750574544,0.0006640080838896,-0.0042816209164403,-0.0078402852637596,-0.0021725514154797,-0.0074175682568136,0.0005588946294649,0.005312967503223,0.010104379384785,0.004275998114772,0.0002931102245615,0.0037363293676947,0.0047644448810663,0.005729036670582,-0.0021791914933002,-5.386852996405066e-08,-0.0017479911998414,-1.0977529790356085e-07,-0.0011291611811925,-1.0518777520630485e-08,-7.670486691997734e-09,-1.160422574835031e-07,-0.0023900875044461,-0.0007885077716114,0.0049057980560621,0.0006079370141165,0.000380975511233,0.0039723329071575,-2.5316852169513607e-09,0.000249486548992,0.0057569052878282,0.0034139289947276,0.0132769276994128,0.0078430457555211,0.0001042626169792,0.0122334364857391,0.0055937199178352,0.0037568377867191,0.0004252972909369,0.0003656229836259,-0.0053901645720037,-0.0003483497017317,0.0002467942620895,0.0008593134263774,0.0021148721677865,0.0133865714517316,-0.0014394492244686
ta45.pt,30,20,0.0,99.0,50.906976744186046,52.0,28.46828364893821,99.0,26.0,74.0,0.3226213259853219,-1.0,19.0,9.465116279069768,9.0,5.788315564955182,20.0,4.0,14.0,0.352159468438538,30.1860466003418,29.177574157714844,630,17400,602,18030,0.0480926031365221,0.0,29.0,28.903654485049834,29.0,1.6687532697507457,29.0,29.0,29.0,0.0033222591362125,0.0,1.0,0.9966777408637874,1.0,0.0575432161983015,1.0,1.0,1.0,0.0033222591362125,0.0034825678133343,2.0,30.0,2.0930232558139537,2.0,1.611210053552444,28.0,2.0,2.0,0.0442967884828349,0.0151610279164355,0.4825291181364393,0.0218215119503669,0.0198199297467184,0.0269926773361157,0.4673680902200037,0.0160928082824921,0.0238576446662969,0.1867876279525355,1253,29393,51.07666778564453,28.363311767578125,1253.0,1731.0,1532.3,600,medium,hard,False,1997.0,1997,1997,instances/ta45,OptalCP in < 1h,0.48670928678462,0.0042762433370181,0.0003491739809553,6.752069392579068e-05,-0.0003503800114523,6.750765533675583e-07,-0.0002864885614226,9.055708531381616e-05,-0.0003845532538211,-0.0006807014611106,-0.0029782310115808,-7.121743034710204e-05,0.0003911149646136,0.000483831290401,0.0004383440516788,-0.0001020182092625,9.833363464609332e-05,1.2421809379847627e-05,0.0012928060979876,0.0007397607987342,0.0006002372771817,-0.0042385843734522,-0.0079461493619421,-0.0018778917474234,-0.0075659970988355,0.0005272283285765,0.0053239050348543,0.0101650740659976,0.0043731475234843,0.0002578266567384,0.0037264991846121,0.0047555048455737,0.0057798813826955,-0.0022437227070488,-4.769764646157212e-08,-0.0017115997890869,-1.0509168137279605e-07,-0.0010261401164939,-9.289757974255808e-09,-7.258262377075436e-09,-1.1639996344945485e-07,-0.0023156416525679,-0.000815632440397,0.0048950083060449,0.0006737443080194,0.0004195439844386,0.0040802046917547,-2.5316852169513607e-09,0.0002427253644522,0.0057724999055054,0.0035074990289107,0.013348877494485,0.0079275711395037,9.01488266372274e-05,0.0124887954192137,0.0055847027442253,0.0038111887347087,0.0004215890391009,0.0004244836411979,-0.005362066501252,-0.0002791793916454,0.0001103624327802,0.0006491159192992,0.0018090691212436,0.0133664488165229,-0.0013082421633423
ta46.pt,30,20,0.0,99.0,51.20099667774086,53.0,27.36509281282404,99.0,29.0,74.0,0.3080990346445997,-1.0,19.0,9.465116279069768,9.0,5.788315564955182,20.0,4.0,14.0,0.352159468438538,30.333057403564453,28.7514762878418,630,17400,602,18030,0.0480926031365221,0.0,29.0,28.903654485049834,29.0,1.6687532697507457,29.0,29.0,29.0,0.0033222591362125,0.0,1.0,0.9966777408637874,1.0,0.0575432161983015,1.0,1.0,1.0,0.0033222591362125,0.0034825678133343,2.0,30.0,2.0930232558139537,2.0,1.611210053552444,28.0,2.0,2.0,0.0442967884828349,0.0151610279164355,0.4825291181364393,0.0218215119503669,0.0198199297467184,0.0269926773361157,0.4673680902200037,0.0160928082824921,0.0238576446662969,0.1867876279525355,1290,29533,51.37166595458984,27.25026512145996,1290.0,1856.0,1541.15,600,hard,hard,True,,1976,2004,instances/ta46,lb OptalCP / ub GR2014,0.4876782925005674,0.0042663889593485,0.0002013351502514,6.754442246648333e-05,-0.0001415616144439,0.0002916583479733,-0.0004011341380588,9.05284750100066e-05,-0.0003695055031077,-0.0006609819699327,-0.0029534394126002,-8.13110226332986e-05,0.0004169546935341,0.0005069456804342,0.0004617140129795,-4.524363131648877e-05,0.0001117961704034,2.7173957392974194e-06,0.0013170666005256,0.0007576478897069,0.0004599079249794,-0.0042319040788941,-0.0078157356220293,-0.0021402782420572,-0.0072889832277163,0.0006022898809735,0.0052329276202822,0.0101370874905756,0.0043917139769814,0.0002643247718104,0.0037047487821209,0.0047674550245478,0.0057634523389826,-0.0022604426272701,-5.2138944866208354e-08,-0.0016767816968542,-1.0466317791147337e-07,-0.0009675750376164,-1.0222311396333876e-08,-7.476732166213984e-09,-1.2860961774352777e-07,-0.0023290764921708,-0.00083749991195,0.0048605267620269,0.0007030918801412,0.0004350462434743,0.0040665560768983,-2.5316852169513607e-09,0.0002418298593334,0.005758119331959,0.0035135096944424,0.0134122363832809,0.0079326791420131,-1.341637948741555e-05,0.0124132025923389,0.0056010469539291,0.0038509181595486,0.0004878299492298,0.0003471699468424,-0.0054771710784508,-0.0002016601799396,0.0001049412996164,0.000804211587794,0.0024771601906635,0.0134525715506232,-0.0015868995013523
ta47.pt,30,20,0.0,99.0,50.20431893687708,49.0,28.35916618887409,99.0,26.0,74.75,0.3258772581177587,-1.0,19.0,9.465116279069768,9.0,5.788315564955182,20.0,4.0,14.0,0.352159468438538,29.834716796875,28.8754940032959,630,17400,602,18030,0.0480926031365221,0.0,29.0,28.903654485049834,29.0,1.6687532697507457,29.0,29.0,29.0,0.0033222591362125,0.0,1.0,0.9966777408637874,1.0,0.0575432161983015,1.0,1.0,1.0,0.0033222591362125,0.0034825678133343,2.0,30.0,2.0930232558139537,2.0,1.611210053552444,28.0,2.0,2.0,0.0442967884828349,0.0151610279164355,0.4825291181364393,0.0218215119503669,0.0198199297467184,0.0269926773361157,0.4673680902200037,0.0160928082824921,0.0238576446662969,0.1867876279525355,1334,28889,50.37166595458984,28.257627487182617,1334.0,1690.0,1511.15,600,hard,hard,True,,1827,1889,instances/ta47,lb OptalCP / ub PLC2015,0.4821949066585836,0.0042738406671224,0.0003042561546153,6.748563621426458e-05,-0.0004250993725143,-0.0002726491172669,-0.0002892041238808,8.978980955802368e-05,-0.0003617516616632,-0.0010257034415575,-0.0029573425597082,-0.0001237872364472,0.0005571156955352,0.0004711550954978,0.0003879408744523,-1.3427996279530412e-05,0.0001059122683297,-2.1483578601184943e-05,0.0012099438414781,-0.0017341877604969,0.0005507238923249,-0.0044548284713469,-0.0080702354611403,-0.0020403746709147,-0.0076388884458525,0.0004916758847063,0.0052349861158158,0.0101178663354196,0.004296965973467,0.0003136709481022,0.0037306094742873,0.0047063529588483,0.0057783531530053,-0.0022561159724346,-5.1697937444076134e-08,-0.0019342776688908,-1.1002573021245277e-07,-0.0012202414979032,-9.432450523736437e-09,-7.59684319039587e-09,-1.1574517600001724e-07,-0.0025955877246827,-0.000779668492509,0.0048545657601412,0.0005375682363701,0.0003917316529966,0.003951672163678,-2.5316852169513607e-09,0.0002021604307043,0.0057598968092445,0.0034090532398129,0.0133719135169568,0.0077220709302142,0.000102490254188,0.0122465795309806,0.0056556556990009,0.0037381810729549,0.0004249561796238,0.0009666161358212,-0.0056835724133916,-0.0003616794992005,0.0004402654333506,0.0015134120825812,0.0019183788654978,0.0132603433153075,-0.0015811915302516
ta48.pt,30,20,0.0,99.0,49.78737541528239,51.0,28.037255235693493,99.0,26.0,74.0,0.3246528432073701,-1.0,19.0,9.465116279069768,9.0,5.788315564955182,20.0,4.0,14.0,0.352159468438538,29.626245498657227,28.57039260864257,630,17400,602,18030,0.0480926031365221,0.0,29.0,28.903654485049834,29.0,1.6687532697507457,29.0,29.0,29.0,0.0033222591362125,0.0,1.0,0.9966777408637874,1.0,0.0575432161983015,1.0,1.0,1.0,0.0033222591362125,0.0034825678133343,2.0,30.0,2.0930232558139537,2.0,1.611210053552444,28.0,2.0,2.0,0.0442967884828349,0.0151610279164355,0.4825291181364393,0.0218215119503669,0.0198199297467184,0.0269926773361157,0.4673680902200037,0.0160928082824921,0.0238576446662969,0.1867876279525355,1282,28690,49.95333480834961,27.935958862304688,1282.0,1744.0,1498.6,600,hard,hard,True,,1921,1937,instances/ta48,lb OptalCP / ub SS2018,0.4823321151588144,0.0042606307029117,0.0003213780472087,6.736597061950547e-05,-0.0003586210745708,-0.0002382205256094,-0.0003003184190902,9.04421908625851e-05,-0.000294079779979,-0.0006390276218913,-0.0029556284757585,-0.00015070968144,0.0005211196883195,0.000430345400426,0.000356407525187,-3.8709678070912575e-05,9.338489458389104e-05,-3.170035967756847e-05,0.0011971717414504,-0.001292328932187,0.000739398009202,-0.0044280461957888,-0.0081203205406439,-0.0020103686989314,-0.0076732600031263,0.0004929617813796,0.0052397219392895,0.0100872137325969,0.0042737338279146,0.0003001323314375,0.003674860867706,0.0047273178471579,0.0057154409443659,-0.0022930673748528,-5.1879097299175775e-08,-0.0018299709126863,-1.072670470535197e-07,-0.0012939185224396,-8.349141828459403e-09,-7.288645516208023e-09,-1.1611889855632569e-07,-0.0024347256293842,-0.000778694062901,0.0048588927803651,0.0006192553986477,0.0004100184113914,0.004033170853137,-2.5316852169513607e-09,0.0001640113606961,0.0057613777561371,0.0034305336962267,0.013327326244752,0.0077630929739103,2.177518735086354e-05,0.0122711961491355,0.0055984991727424,0.0037545412594531,0.0004300808052417,0.0003014662086188,-0.0054369493182096,-0.0002100608506672,0.0003766827024204,0.0007891079089365,0.0020636608032053,0.0133396403121736,-0.0016425684730604
ta49.pt,30,20,0.0,99.0,49.42192691029901,50.0,28.114467922868823,99.0,25.0,73.0,0.3282229442237445,-1.0,19.0,9.465116279069768,9.0,5.788315564955182,20.0,4.0,14.0,0.352159468438538,29.44352149963379,28.47982788085937,630,17400,602,18030,0.0480926031365221,0.0,29.0,28.903654485049834,29.0,1.6687532697507457,29.0,29.0,29.0,0.0033222591362125,0.0,1.0,0.9966777408637874,1.0,0.0575432161983015,1.0,1.0,1.0,0.0033222591362125,0.0034825678133343,2.0,30.0,2.0930232558139537,2.0,1.611210053552444,28.0,2.0,2.0,0.0442967884828349,0.0151610279164355,0.4825291181364393,0.0218215119503669,0.0198199297467184,0.0269926773361157,0.4673680902200037,0.0160928082824921,0.0238576446662969,0.1867876279525355,1190,28562,49.58666610717773,28.015872955322266,1190.0,1758.0,1487.6,600,hard,hard,True,,1938,1960,instances/ta49,lb OptalCP / ub LHW2024,0.4818385683721238,0.0042914920237705,0.0003345813313185,6.764225039427828e-05,-0.0004170801378933,-0.000228506334341,-0.000282642308614,9.063700025739208e-05,-0.0002988523340025,-0.0004687870226918,-0.002998754793107,-0.0001521625161231,0.0004949949696917,0.0003982534132296,0.0003510425061776,-3.676424314574225e-05,9.436592159711786e-05,-2.689065466875014e-05,0.0011677997130534,-0.0015382151373164,0.0008762943899921,-0.0043686496656366,-0.0081574387319462,-0.0021049311745287,-0.0076493679749103,0.0004961822131033,0.0052785307766447,0.0100173488776174,0.0042636289310395,0.0003065726921871,0.0036815584068339,0.0047426723539505,0.0056792332744716,-0.0023229405841312,-5.4141735395784384e-08,-0.0018091726068907,-1.072670470535197e-07,-0.0013300984918174,-9.477994123267208e-09,-8.029848660772191e-09,-1.1667861462037734e-07,-0.0023866516825607,-0.0007795808485771,0.0048728564851536,0.0005855159624072,0.0004186463251496,0.0040341015975066,-2.5316852169513607e-09,0.0001480122614034,0.0057505171229739,0.0034510538682454,0.0132922456149197,0.0077391926684196,-9.94544689494993e-05,0.0122332378303994,0.0055706796005964,0.0037228904479211,0.0004610584020499,0.0002665623269448,-0.0055211621961982,-0.0002587502925764,0.0002920135221966,0.0008397722637785,0.0019906672392475,0.0134834894932325,-0.001589969675336
ta50.pt,30,20,0.0,99.0,50.92524916943522,50.5,28.679337145246897,99.0,26.0,75.75,0.3250189076283651,-1.0,19.0,9.465116279069768,9.0,5.788315564955182,20.0,4.0,14.0,0.352159468438538,30.19518280029297,29.28720092773437,630,17400,602,18030,0.0480926031365221,0.0,29.0,28.903654485049834,29.0,1.6687532697507457,29.0,29.0,29.0,0.0033222591362125,0.0,1.0,0.9966777408637874,1.0,0.0575432161983015,1.0,1.0,1.0,0.0033222591362125,0.0034825678133343,2.0,30.0,2.0930232558139537,2.0,1.611210053552444,28.0,2.0,2.0,0.0442967884828349,0.0151610279164355,0.4825291181364393,0.0218215119503669,0.0198199297467184,0.0269926773361157,0.4673680902200037,0.0160928082824921,0.0238576446662969,0.1867876279525355,1251,29406,51.095001220703125,28.57573509216309,1251.0,1674.0,1532.85,600,hard,hard,True,,1848,1923,instances/ta50,lb OptalCP / ub PLC2015,0.4882494230233998,0.0043177794608366,0.0003265819364005,6.743736555851205e-05,-0.0004277073341857,-0.0003118852325218,-0.0002557011140516,9.058502950408743e-05,-0.0003900680350001,-0.0001284076232533,-0.0029367357764121,-3.761195256644829e-05,0.0003858469591605,0.0004524082086544,0.0004536597216527,1.2678025631378325e-05,9.914085568632134e-05,-3.427771127224636e-05,0.0012599092774956,0.0007677887899385,0.0006489064507757,-0.0040125777734982,-0.0077248670346977,-0.0019517110680134,-0.0073796727362798,0.0005186712484845,0.0053002776576981,0.0101857651999342,0.0043608860520624,0.0002529001802047,0.0037410444200421,0.0047576659708761,0.0058310637410119,-0.0021497239442536,-5.169726530948194e-08,-0.0015526607271469,-1.0904559095644241e-07,-0.0009541166733263,-9.832075323249454e-09,-7.258262377075436e-09,-1.184566084053345e-07,-0.0020966118038318,-0.0007502182202715,0.0049044705295311,0.0006198851684267,0.0004012946884591,0.003993218121254,-2.5316852169513607e-09,0.0002561504323527,0.005758591071374,0.0035342420622375,0.0133773841530606,0.0079179546778431,0.0002397967068007,0.0122740212000057,0.0055984844953067,0.0037706653334771,0.000441887059687,0.0005010014176006,-0.005352516621296,-0.0002442985866737,0.000153519385189,0.000687288229816,0.0018558010591998,0.0133106572063733,-0.0013665640332998
ta51.pt,50,15,0.0,99.0,50.422872340425535,50.0,28.006162092545203,99.0,27.0,75.0,0.3205466892162596,-1.0,14.0,6.97872340425532,7.0,4.334372082439013,15.0,3.0,11.0,0.3572695035460993,28.70079803466797,29.553586959838867,800,36750,752,37550,0.0650728107204578,0.0,49.0,48.86968085106383,49.0,2.523619467608556,49.0,49.0,49.0,0.002659574468085,0.0,1.0,0.9973404255319148,1.0,0.0515024381144603,1.0,1.0,1.0,0.002659574468085,0.0028331019633396,2.0,50.0,2.127659574468085,2.0,2.472117029494095,48.0,2.0,2.0,0.0598404255319149,0.0087492942743009,0.4893475366178428,0.0132005552879848,0.0114763249001331,0.0247496241718521,0.4805982423435419,0.0094310519307589,0.0148851131824234,0.2142007143646473,975,36943,50.55733489990234,27.92201042175293,975.0,2760.0,2527.866666666667,750,easy,hard,False,2760.0,2760,2760,instances/ta51,CPO in < 1 min,0.5501504911678387,0.0049392987672152,-0.0002117780854006,6.399802790278111e-05,-0.0009245184017111,-0.0004137270890883,0.0003066445048844,9.13521872609265e-05,-0.0002341301092963,-0.0010504196911513,-0.0007022647142329,-0.0002981017979768,-0.000673815307071,0.0002138383355015,8.629150622359446e-05,-0.0006137486762852,1.4801582536371367e-05,-0.0001664836016624,0.000326399839589,-0.0030610973059538,0.0006729363914809,-0.0031493429040762,0.0155817132492534,-0.0001627284639549,0.0123329249014127,-0.0007041282341179,0.0064421736831139,0.0125338915639189,0.0052884917095119,0.0008872732054854,0.0044840463408363,0.0057036715045445,0.0067480586490727,-0.0015682836109233,-5.05564982700259e-08,-0.0006066030906421,-1.1206747583359633e-07,-0.0007738041888866,-9.957862783567061e-09,-7.600456293794377e-09,-1.2612328132434994e-07,-0.0014720781189318,0.0004510723318821,0.0059084958650504,-0.0002340365227258,0.0007915145006388,0.0048523774229048,-2.5766316673333403e-09,-6.197244743197909e-06,0.0067733466873006,0.0054841531098871,0.0149936032359536,0.0073142918728005,0.0003593102358464,0.0140002514507035,0.0057281139713122,0.0041752793360077,-0.0005549843147686,-0.000730359763732,-0.002087504032109,-0.0003099584305075,0.0007378791932924,-0.0002803841116231,0.0031204792376879,0.0149363421309747,-8.33849675073043e-05
ta52.pt,50,15,0.0,99.0,49.3936170212766,49.0,29.381738461198367,99.0,23.0,75.0,0.3431917213512907,-1.0,14.0,6.97872340425532,7.0,4.334372082439013,15.0,3.0,11.0,0.3572695035460993,28.18617057800293,29.84614562988281,800,36750,752,37550,0.0650728107204578,0.0,49.0,48.86968085106383,49.0,2.523619467608556,49.0,49.0,49.0,0.002659574468085,0.0,1.0,0.9973404255319148,1.0,0.0515024381144603,1.0,1.0,1.0,0.002659574468085,0.0028331019633396,2.0,50.0,2.127659574468085,2.0,2.472117029494095,48.0,2.0,2.0,0.0598404255319149,0.0087492942743009,0.4893475366178428,0.0132005552879848,0.0114763249001331,0.0247496241718521,0.4805982423435419,0.0094310519307589,0.0148851131824234,0.2142007143646473,1007,36137,49.525333404541016,29.30981636047364,1007.0,2756.0,2476.266666666667,750,easy,hard,False,2756.0,2756,2756,instances/ta52,OptalCP in < 1 min,0.5506000239884866,0.0049369005501547,-0.0002010769078916,6.382152696281309e-05,-0.0008354224508953,-0.0004237176207593,0.0003347819413997,9.14302292636457e-05,-0.0002468367881177,-0.0010425110075728,-0.0006939624397809,-0.0002803844273533,-0.0006650458362888,0.0002204051951391,0.0001305822510601,-0.0005868200828207,3.377799101652881e-05,-0.0001595979468218,0.0002926700962746,-0.0029218593943965,0.0005126990985299,-0.0030650379050437,0.0155397159546537,-0.0001883950954263,0.0124418169304577,-0.0006820165627447,0.0064798884319798,0.0125176131193457,0.005279129474167,0.0008829199172204,0.0044988865172232,0.0056846897969392,0.0067209045217124,-0.0015332635097424,-5.4304727812519886e-08,-0.0005764329124342,-1.1361784570502313e-07,-0.0007618738104629,-9.491460024719568e-09,-7.779665592677273e-09,-1.2293220801325841e-07,-0.0014497223817979,0.0004576265762802,0.0059193183904849,-0.0001675456326378,0.0008279409766446,0.0048386143129472,-2.598143052521445e-09,1.3341437561189226e-05,0.0067653330212899,0.0054730445576256,0.0149670365586943,0.0073245064946091,0.0004167507727242,0.0139631896596654,0.0057254673720821,0.0041312710473847,-0.0005632742019228,-0.00072189357622,-0.002027455076262,-0.0002414956257148,0.0007223288095716,-0.0003222045758165,0.0031382802590467,0.0148039040470419,-7.27536528293161e-05
ta53.pt,50,15,0.0,99.0,49.70877659574468,51.0,28.26068857469768,99.0,25.0,74.0,0.3280388133805603,-1.0,14.0,6.97872340425532,7.0,4.334372082439013,15.0,3.0,11.0,0.3572695035460993,28.34375,29.41412925720215,800,36750,752,37550,0.0650728107204578,0.0,49.0,48.86968085106383,49.0,2.523619467608556,49.0,49.0,49.0,0.002659574468085,0.0,1.0,0.9973404255319148,1.0,0.0515024381144603,1.0,1.0,1.0,0.002659574468085,0.0028331019633396,2.0,50.0,2.127659574468085,2.0,2.472117029494095,48.0,2.0,2.0,0.0598404255319149,0.0087492942743009,0.4893475366178428,0.0132005552879848,0.0114763249001331,0.0247496241718521,0.4805982423435419,0.0094310519307589,0.0148851131824234,0.2142007143646473,942,36439,49.8413314819336,28.181367874145508,942.0,2717.0,2492.0666666666666,750,easy,hard,False,2717.0,2717,2717,instances/ta53,OptalCP in < 1 min,0.5520570619688275,0.0049811306037324,-0.0001850666441493,6.387195924874799e-05,-0.0009105739695636,-0.0004157151155791,0.0002940966518389,9.128509696270488e-05,-0.0002446566303956,-0.0003132182804221,-0.0006637162647885,-0.0003006573394559,-0.000712692906191,0.0002173364543675,4.823341996276773e-05,-0.0005818138425354,1.6782870401636267e-05,-0.0001588118056276,0.0002727496407175,-0.0029813957845251,0.0007693372428647,-0.0030087753980044,0.0155356976269298,-6.111097136242053e-05,0.0123205828589333,-0.0007547630607403,0.0064240931325907,0.0125622960785963,0.0053482317842664,0.0008953142210895,0.0045129592379071,0.0057303406785604,0.0067433212937056,-0.0014421151685719,-5.5018349969684144e-08,-0.000520308519657,-1.095391966097924e-07,-0.000635369208644,-9.23809265029124e-09,-7.602164532810695e-09,-1.2602821065566098e-07,-0.0015099634221092,0.0004690089344705,0.0059432405764365,-0.0003198737811276,0.000786830647819,0.0048520052781976,-2.5766316673333403e-09,-1.899262097446121e-05,0.0068101138245662,0.0055101533593632,0.0150187883978226,0.0073164535508229,0.0003855159812456,0.0140980892431688,0.005748296649158,0.0041305444017807,-0.0005614789542521,-0.0007446528215768,-0.0018225090745239,-0.0002520316993697,0.0007229573015469,-0.000315795129671,0.0032620085946327,0.0147636720697887,-3.225557534156262e-05
ta54.pt,50,15,0.0,99.0,49.19015957446808,49.0,28.40919200540677,99.0,25.0,73.0,0.3333089719350941,-1.0,14.0,6.97872340425532,7.0,4.334372082439013,15.0,3.0,11.0,0.3572695035460993,28.084442138671875,29.29822158813477,800,36750,752,37550,0.0650728107204578,0.0,49.0,48.86968085106383,49.0,2.523619467608556,49.0,49.0,49.0,0.002659574468085,0.0,1.0,0.9973404255319148,1.0,0.0515024381144603,1.0,1.0,1.0,0.002659574468085,0.0028331019633396,2.0,50.0,2.127659574468085,2.0,2.472117029494095,48.0,2.0,2.0,0.0598404255319149,0.0087492942743009,0.4893475366178428,0.0132005552879848,0.0114763249001331,0.0247496241718521,0.4805982423435419,0.0094310519307589,0.0148851131824234,0.2142007143646473,1144,35847,49.32133483886719,28.33310317993164,1144.0,2797.0,2466.0666666666666,750,easy,hard,False,2839.0,2839,2839,instances/ta54,CPO in < 1 min,0.552969458297961,0.0050412382151649,-0.000270948375555,6.398766486755716e-05,-0.0008442945631745,-0.0004350857690644,0.0002630658936823,9.12025688615765e-05,-0.000238286721443,-0.0002268393701299,-0.000612123938328,-0.0002846632799215,-0.000726609215895,0.0002251369182808,1.7043889814126355e-05,-0.0005759108549276,1.8390485051581547e-05,-0.0001630306687474,0.0003628851312306,-0.0029190981725364,0.000846612233782,-0.0031243063032813,0.0154535013522711,-0.0002362207876044,0.0124196739032157,-0.0007405875771687,0.0064659852991106,0.012530644861727,0.0053755609141805,0.0008797816798044,0.0044914444664827,0.0057274745100616,0.0068005637890796,-0.0014381949189912,-5.44319517962981e-08,-0.0006238423347101,-1.0926838330216596e-07,-0.0006302726858863,-8.974545128561211e-09,-7.81447625369916e-09,-1.3577462031266525e-07,-0.001601533762271,0.0002459732712653,0.0059557342090455,-0.0001117504668074,0.000817205155921,0.004883595160728,-2.5846975121062312e-09,4.252798266598012e-05,0.0067297518004557,0.0056242641133002,0.0149389259253925,0.0073288557321451,0.0004614237552801,0.0139986581447665,0.0057359891688266,0.0041693199667898,-0.0006112446949305,0.0002110597719869,-0.0024790859167244,-0.000210151858085,0.0007542391214049,0.0003929301668887,0.0031524061481868,0.014750547753916,-7.408803995373409e-05
ta55.pt,50,15,0.0,99.0,49.027925531914896,49.0,28.40471224306762,99.0,25.0,74.25,0.3343868645341787,-1.0,14.0,6.97872340425532,7.0,4.334372082439013,15.0,3.0,11.0,0.3572695035460993,28.003324508666992,29.23766326904297,800,36750,752,37550,0.0650728107204578,0.0,49.0,48.86968085106383,49.0,2.523619467608556,49.0,49.0,49.0,0.002659574468085,0.0,1.0,0.9973404255319148,1.0,0.0515024381144603,1.0,1.0,1.0,0.002659574468085,0.0028331019633396,2.0,50.0,2.127659574468085,2.0,2.472117029494095,48.0,2.0,2.0,0.0598404255319149,0.0087492942743009,0.4893475366178428,0.0132005552879848,0.0114763249001331,0.0247496241718521,0.4805982423435419,0.0094310519307589,0.0148851131824234,0.2142007143646473,940,35929,49.158668518066406,28.3293514251709,940.0,2679.0,2457.9333333333334,750,easy,hard,False,2679.0,2679,2679,instances/ta55,OptalCP in < 1 min,0.5499124931907765,0.0049657791727809,-0.0001950871877701,6.390722431336806e-05,-0.0009030490820142,-0.000404383950617,0.0003292367531016,9.143721706299603e-05,-0.000229825136443,-0.0010396868227326,-0.0006599994071331,-0.0003081477370491,-0.0007123156232606,0.0002467368779016,5.587555686168421e-05,-0.0005834186593954,1.6459945067366795e-05,-0.0001675728762387,0.0002567429164905,-0.0029111932085804,0.0009064623352601,-0.0031451689984411,0.0154686926658186,-0.0001741129761635,0.0123668082599874,-0.0007256531061601,0.0064185108765614,0.0125196368160137,0.0053397500350557,0.000864650813998,0.0044431508406299,0.0057085884171116,0.006728148211935,-0.001548984951066,-5.5020053299964535e-08,-0.000664126828557,-1.0920068182068033e-07,-0.000713096549946,-9.36762687812367e-09,-7.791186299706543e-09,-1.2634143038842112e-07,-0.0015782646405974,0.000436371748815,0.0059018003670705,-0.0001686210957946,0.0008254993408072,0.0048350064451136,-2.5846975121062312e-09,3.518742377694023e-05,0.0067749972934677,0.0054645553584762,0.0149639208569516,0.0073322747487058,0.0004172891342868,0.0140209963625748,0.0057317746809356,0.0041209950611009,-0.0005499211271542,-0.000732230412017,-0.0025579826080282,-0.0002646659315591,0.0007478863283515,-0.0003544387348393,0.0032486354201723,0.0147585008626924,-8.186151837693076e-05
ta56.pt,50,15,0.0,99.0,50.462765957446805,50.0,28.777506671388675,99.0,26.0,75.25,0.3291287882185925,-1.0,14.0,6.97872340425532,7.0,4.334372082439013,15.0,3.0,11.0,0.3572695035460993,28.72074508666992,29.936288833618164,800,36750,752,37550,0.0650728107204578,0.0,49.0,48.86968085106383,49.0,2.523619467608556,49.0,49.0,49.0,0.002659574468085,0.0,1.0,0.9973404255319148,1.0,0.0515024381144603,1.0,1.0,1.0,0.002659574468085,0.0028331019633396,2.0,50.0,2.127659574468085,2.0,2.472117029494095,48.0,2.0,2.0,0.0598404255319149,0.0087492942743009,0.4893475366178428,0.0132005552879848,0.0114763249001331,0.0247496241718521,0.4805982423435419,0.0094310519307589,0.0148851131824234,0.2142007143646473,920,37028,50.59733200073242,28.697465896606445,920.0,2781.0,2529.866666666667,750,easy,hard,False,2781.0,2781,2781,instances/ta56,OptalCP in < 1 min,0.5506960312622996,0.0049326736227459,-0.00019981384805,6.397264709703449e-05,-0.0009666361424383,-0.0004167399651283,0.0003286954839408,9.146287119773013e-05,-0.0002301905299817,-0.0007614505217436,-0.0007243189669983,-0.0002559342028164,-0.0006606803916708,0.0002184861186807,0.0001643318384218,-0.0005976012045567,2.3663690479319707e-05,-0.000171891598153,0.000353064790997,-0.0030508964895032,0.0004132706661817,-0.003055769778722,0.0155864971503131,-0.0002057213621272,0.0124254781070657,-0.000639255565998,0.0064128957202957,0.0125202405789428,0.0052529313296488,0.0008610250415318,0.0045176957270759,0.0056871041819445,0.006736873313475,-0.0015095370304897,-5.4919745304955134e-08,-0.0006180251011934,-1.1106963421957436e-07,-0.0008176706748487,-1.0474595575153168e-08,-7.612471949441089e-09,-1.261391900386105e-07,-0.0014376379336662,0.0005427306412915,0.0059249951394029,-0.0001904791726775,0.0007889526589943,0.0048526312149956,-2.5766316673333403e-09,2.5194447853026564e-06,0.006777875127924,0.0054715890160136,0.0149840498583662,0.0073222008368484,0.000481197427601,0.0140205453422378,0.0057351590811473,0.0041647858688572,-0.0005606313514856,-0.0007247443147314,-0.0021061253384347,-0.0003531837903651,0.0008101957171256,-0.0003041353699853,0.0030540821285926,0.0149107569203969,-5.956090141904257e-05
ta57.pt,50,15,0.0,99.0,51.1063829787234,52.0,29.097632090947464,99.0,26.0,77.0,0.3285450566460575,-1.0,14.0,6.97872340425532,7.0,4.334372082439013,15.0,3.0,11.0,0.3572695035460993,29.042552947998047,30.323951721191406,800,36750,752,37550,0.0650728107204578,0.0,49.0,48.86968085106383,49.0,2.523619467608556,49.0,49.0,49.0,0.002659574468085,0.0,1.0,0.9973404255319148,1.0,0.0515024381144603,1.0,1.0,1.0,0.002659574468085,0.0028331019633396,2.0,50.0,2.127659574468085,2.0,2.472117029494095,48.0,2.0,2.0,0.0598404255319149,0.0087492942743009,0.4893475366178428,0.0132005552879848,0.0114763249001331,0.0247496241718521,0.4805982423435419,0.0094310519307589,0.0148851131824234,0.2142007143646473,1137,37295,51.24266815185547,29.016313552856445,1137.0,2943.0,2562.133333333333,750,easy,hard,False,2943.0,2943,2943,instances/ta57,CPO in < 1 min,0.5497563512031434,0.0050331290763561,-0.0002695919876343,6.363710239996268e-05,-0.0010271456066302,-5.889793190874196e-05,0.0001986090565996,9.126305960023696e-05,-0.0002143633092166,0.0021915324522149,-0.0009157925223576,-0.0003095919990344,-0.0006157593122943,0.0001999341924208,0.0002095329314451,-0.0006176139413142,1.1164226948367038e-05,-0.0001474901052959,0.0001985610668726,-0.0031378259516853,-0.0015719247530018,-0.0035829582729211,0.0149669218129342,-0.0007518186997309,0.0124113235621874,-0.0006826622283863,0.0064341645816433,0.0125444092103608,0.0052843796947886,0.0007145038643414,0.0046144290253931,0.0056413730610262,0.0067871742412114,-0.0015823149334978,-4.236148889401208e-08,-0.0007368937989986,-1.0866864311871345e-07,-0.0011038295100844,-1.5546304376026162e-08,-8.487285198908692e-09,-1.3668541600026894e-07,-0.0016392754308582,0.0001286168733531,0.0059204102293047,-8.547025613359534e-05,0.0007444162030731,0.0049063069544842,-2.603337769669825e-09,-4.399751530237799e-05,0.0066828125764198,0.0056112437035252,0.0149415155366537,0.0072535124461435,0.000380378730562,0.0140807324143747,0.0057696844816994,0.0041343736877307,-0.0007225550039338,0.0001679422435676,-0.0024534129070753,-0.0003360458880267,0.0008005888151827,0.0004311990632989,0.0033358895698387,0.0148429053817117,-0.0002450200058633
ta58.pt,50,15,0.0,99.0,51.9747340425532,53.0,28.29974719707984,99.0,27.75,76.25,0.3141576664607144,-1.0,14.0,6.97872340425532,7.0,4.334372082439013,15.0,3.0,11.0,0.3572695035460993,29.47672843933105,30.265350341796875,800,36750,752,37550,0.0650728107204578,0.0,49.0,48.86968085106383,49.0,2.523619467608556,49.0,49.0,49.0,0.002659574468085,0.0,1.0,0.9973404255319148,1.0,0.0515024381144603,1.0,1.0,1.0,0.002659574468085,0.0028331019633396,2.0,50.0,2.127659574468085,2.0,2.472117029494095,48.0,2.0,2.0,0.0598404255319149,0.0087492942743009,0.4893475366178428,0.0132005552879848,0.0114763249001331,0.0247496241718521,0.4805982423435419,0.0094310519307589,0.0148851131824234,0.2142007143646473,1042,38043,52.11333465576172,28.20972442626953,1042.0,2885.0,2605.6666666666665,750,easy,hard,False,2885.0,2885,2885,instances/ta58,CPO in < 1 min,0.5488752213068698,0.0049304662263692,-0.0003425064769747,6.475735388100775e-05,-0.0010087276677842,0.0001075412731639,0.0002510790617529,9.156631427516114e-05,-0.000174948114501,0.0006570905354639,-0.0008096868150904,-0.000342676259225,-0.000566376985537,0.0001961226992822,0.0001319763804647,-0.0006355243272892,1.552409528657122e-05,-0.0001648299607911,0.0001365143921686,-0.0018138250019964,-0.0016439103469116,-0.0033986881309912,0.0150779553757466,-0.0006966063435935,0.0123392023791168,-0.0006726385874223,0.0063604589675298,0.0124679260213713,0.005154835772548,0.0007888469099516,0.0046030940691466,0.0056298396433101,0.0067318694120293,-0.001769160533649,-4.0794631526105816e-08,-0.0007432045615825,-1.0770108253280156e-07,-0.0008468208436877,-1.4846305978623914e-08,-9.210536612739917e-09,-1.294709138200895e-07,-0.0017371878271987,2.152979431942283e-05,0.0059388844649992,-0.0001556492848382,0.0007863137388296,0.0048375738357347,-2.603337769669825e-09,-7.431535473900776e-05,0.0067532294811453,0.0055586206434086,0.0149112805010414,0.0073009186956865,0.0003210856218709,0.0140837543451531,0.005672284176113,0.0042143322748762,-0.0006694998176688,-0.0001450017487315,-0.002086925973997,-0.0003671193722502,0.0009009473820733,5.315023941891861e-05,0.0032208229788059,0.0148818381845689,-0.000332223267912
ta59.pt,50,15,0.0,99.0,49.02127659574468,49.0,28.174693913043807,99.0,25.0,73.0,0.3317480064734781,-1.0,14.0,6.97872340425532,7.0,4.334372082439013,15.0,3.0,11.0,0.3572695035460993,28.0,29.1237735748291,800,36750,752,37550,0.0650728107204578,0.0,49.0,48.86968085106383,49.0,2.523619467608556,49.0,49.0,49.0,0.002659574468085,0.0,1.0,0.9973404255319148,1.0,0.0515024381144603,1.0,1.0,1.0,0.002659574468085,0.0028331019633396,2.0,50.0,2.127659574468085,2.0,2.472117029494095,48.0,2.0,2.0,0.0598404255319149,0.0087492942743009,0.4893475366178428,0.0132005552879848,0.0114763249001331,0.0247496241718521,0.4805982423435419,0.0094310519307589,0.0148851131824234,0.2142007143646473,963,35901,49.152000427246094,28.09813117980957,963.0,2655.0,2457.6,750,easy,hard,False,2655.0,2655,2655,instances/ta59,OptalCP in < 1 min,0.5506176953315527,0.0049709596185304,-0.0001841455315314,6.399750941285789e-05,-0.0009635641544447,-0.0004026012700792,0.0003347063164505,9.148574088113336e-05,-0.0002319368019847,-0.0002343658476309,-0.0006071738241382,-0.0003095106237777,-0.0007536481327974,0.0002320132053956,6.386100457214283e-05,-0.0005844237890049,1.9080584995311616e-05,-0.0001562818153596,0.0002759822886941,-0.0029403653672138,0.0006735409274677,-0.0030588940554294,0.0155122849840479,-0.0001039800660295,0.0123157208896014,-0.0007473307757667,0.006375663040045,0.0125179074282119,0.0053434014870912,0.0008302608247966,0.0044666714474919,0.0057433939778538,0.006713083958773,-0.0014949897619146,-5.463848595353216e-08,-0.0006615488883125,-1.091894227489693e-07,-0.0006753364462421,-9.106481448854306e-09,-7.791186299706543e-09,-1.2625435718262193e-07,-0.0015534921673038,0.0004289982009036,0.0059028516518602,-0.0001569376904337,0.0008420625945917,0.0048140474509095,-2.5846975121062312e-09,4.444410532477428e-05,0.0067937616579756,0.0054559975067937,0.0149527703337319,0.0073829911958502,0.0004568511431578,0.0139770613515277,0.0056885680636717,0.0041302313370994,-0.0005592048657141,-0.0007335818544287,-0.0024944980524856,-0.000258055219567,0.0007151523563862,-0.0003097612817124,0.0031708795612715,0.0146968990647796,-8.429592779852784e-05
ta60.pt,50,15,0.0,99.0,50.26063829787234,50.0,28.90379573867789,99.0,26.0,76.0,0.3318367304431631,-1.0,14.0,6.97872340425532,7.0,4.334372082439013,15.0,3.0,11.0,0.3572695035460993,28.61968040466309,29.92388916015625,800,36750,752,37550,0.0650728107204578,0.0,49.0,48.86968085106383,49.0,2.523619467608556,49.0,49.0,49.0,0.002659574468085,0.0,1.0,0.9973404255319148,1.0,0.0515024381144603,1.0,1.0,1.0,0.002659574468085,0.0028331019633396,2.0,50.0,2.127659574468085,2.0,2.472117029494095,48.0,2.0,2.0,0.0598404255319149,0.0087492942743009,0.4893475366178428,0.0132005552879848,0.0114763249001331,0.0247496241718521,0.4805982423435419,0.0094310519307589,0.0148851131824234,0.2142007143646473,1061,36735,50.3946647644043,28.82538604736328,1061.0,2723.0,2519.733333333333,750,easy,hard,False,2723.0,2723,2723,instances/ta60,OptalCP in < 1 min,0.5537831017854289,0.0050427795820352,-0.0002580768693816,6.386475685296956e-05,-0.0009652834539727,-0.0004481146570376,0.0002368185416385,9.115674795756916e-05,-0.00024751850221,0.0006213823936121,-0.0005975844754492,-0.0002633417503117,-0.0006468056157962,0.0002084922799178,0.0001271206916852,-0.000578106861118,2.5671214300494663e-05,-0.0001565307864091,0.0003709065412013,-0.0030053396009881,0.000312818889428,-0.0032652884068867,0.0154086790331331,-0.0004210250595816,0.0125492236078544,-0.0006824084361373,0.0064841963431445,0.0125919719932092,0.0053017133276843,0.0008439078303129,0.0045825357500727,0.0056830643060339,0.006788909878724,-0.001489368564629,-5.4540238705949486e-08,-0.0006987733977428,-1.1144946808226765e-07,-0.0007983925873041,-1.0413148011389861e-08,-7.166709163414904e-09,-1.2649182480751014e-07,-0.0014718322614431,0.0002096321654774,0.0059747908501861,-0.0001264030430442,0.0008132017648208,0.0048893376102782,-2.5846975121062312e-09,0.000102595241479,0.0067960709794226,0.0056059543451671,0.0150229513979157,0.00730356562821,0.0004106625483698,0.0140675583420083,0.0057965248662369,0.0041793148574595,-0.0006402376450967,0.0002769659186802,-0.0019427738666798,-0.0003284128906912,0.0007875812173282,0.0004242764452258,0.0031932853357692,0.0149846763379179,-0.0002394726944618
ta61.pt,50,20,0.0,99.0,50.862275449101794,51.5,28.12722369141332,99.0,27.0,74.75,0.3190563383083924,-1.0,19.0,9.479041916167663,9.0,5.779554772946835,20.0,4.0,14.0,0.3512974051896209,30.170658111572266,28.98991203308105,1050,49000,1002,50050,0.0488533422665159,0.0,49.0,48.90219560878244,49.0,2.186972672604585,49.0,49.0,49.0,0.0019960079840319,0.0,1.0,0.998003992015968,1.0,0.0446320953592772,1.0,1.0,1.0,0.0019960079840319,0.0020937146685649,2.0,50.0,2.095808383233533,2.0,2.142340577245307,48.0,2.0,2.0,0.0456230396350156,0.009077962037962,0.4895104895104895,0.0131954273271638,0.0119550849150849,0.0214897559614852,0.4804325274725275,0.0096533866133866,0.0144485914085914,0.1914932692190059,1284,49680,50.9640007019043,28.063121795654297,1284.0,2868.0,2548.2,1000,easy,hard,False,2868.0,2868,2868,instances/ta61,OptalCP in < 1 min,0.6168996279273119,0.0054266113943231,9.917670863934092e-05,6.408800612287448e-05,-0.0028193926412439,-0.000327515855385,0.0012012163949963,9.025120678262248e-05,-0.0003764513816281,-0.0017048002972599,-0.0021320092145158,-0.0002630930460121,0.0001102270029912,0.000285614257427,0.0004159986965285,-0.0002031942144017,0.0001735184218292,-0.000296716948549,0.0001574320769022,-0.0005571816090718,0.000414805489081,0.0035216137755935,0.0199234432653894,0.0016982948915247,0.0179561307215894,0.000357163304922,0.0070022989780957,0.0139767588448487,0.0055833620717796,0.000862181743484,0.0049573696813714,0.0062755790766042,0.0075651041800656,0.0020810186011703,-4.89109119229356e-08,0.0033591512313119,-1.0665470151246929e-07,0.0011496330360235,-9.635911502359653e-09,-8.12887246932696e-09,-1.0592591764570417e-07,0.002481116805425,0.0025752792771187,0.0068029752871859,0.0005836038523206,0.001188318199367,0.005354758728647,-2.519289385776369e-09,0.0005222970518734,0.0071666434924571,0.0060766730893228,0.016716554536476,0.0089595930113396,0.000913598187465,0.015563452643461,0.0064465267207423,0.0051455283864746,0.000413068305392,0.0005197988312521,0.0056893907158134,-0.0028574350463474,0.0012716311071848,0.0002611932900435,0.0037406277775124,0.016519417320252,0.003937263983674
ta62.pt,50,20,0.0,99.0,51.49500998003992,54.0,28.458613628751472,99.0,26.0,75.0,0.3188147910543502,-1.0,19.0,9.479041916167663,9.0,5.779554772946835,20.0,4.0,14.0,0.3512974051896209,30.48702621459961,29.376577377319336,1050,49000,1002,50050,0.0488533422665159,0.0,49.0,48.90219560878244,49.0,2.186972672604585,49.0,49.0,49.0,0.0019960079840319,0.0,1.0,0.998003992015968,1.0,0.0446320953592772,1.0,1.0,1.0,0.0019960079840319,0.0020937146685649,2.0,50.0,2.095808383233533,2.0,2.142340577245307,48.0,2.0,2.0,0.0456230396350156,0.009077962037962,0.4895104895104895,0.0131954273271638,0.0119550849150849,0.0214897559614852,0.4804325274725275,0.0096533866133866,0.0144485914085914,0.1914932692190059,1318,50280,51.59799957275391,28.393632888793945,1318.0,2848.0,2579.9,1000,medium,hard,False,2869.0,2869,2869,instances/ta62,OptalCP in < 1h,0.6188206968801135,0.0053457380458337,5.315919788945155e-05,6.384209189988029e-05,-0.0028909671873703,0.0006003779668536,0.0011679575922383,8.855559310890195e-05,-0.00037740470976,-0.0013868247411427,-0.0022071621956592,-0.000283140468848,2.1383777246801275e-05,0.0003307982948296,0.0003778469876038,-0.0002024210843024,0.0001556629744542,-0.000302462043699,0.000210315013915,-0.0005523501468481,0.0006991297009511,0.0031586178324069,0.0200691116879455,0.0015048160160204,0.0179717835861297,0.0004284766406283,0.0070723363973568,0.0140851457978953,0.0055536246953184,0.0007977288150143,0.0050134516607775,0.0062843572476373,0.007596647937082,0.0018232220775285,-4.891144262092909e-08,0.0033661218134467,-1.0633715084439082e-07,0.0010572159220414,-1.0334459322620012e-08,-8.754086223462997e-09,-1.0784288698079733e-07,0.0023411595934697,0.0023092696378383,0.006866388402364,0.000573304691615,0.001220950923255,0.0053573162675653,-2.519289385776369e-09,0.0004931048083401,0.0071719765376114,0.0062054096532402,0.0167149408237228,0.0088907021664038,0.0009612189011137,0.0154761306107493,0.0065204558003538,0.0052292629006885,0.0004138924591037,0.0009329403104353,0.0060471902485297,-0.0027768662173496,0.0011815164902216,0.0008885635415607,0.0037742487802584,0.0166042491334908,0.0038486160312905
ta63.pt,50,20,0.0,99.0,49.022954091816366,49.0,28.64066857221321,99.0,23.0,73.0,0.3371902598581262,-1.0,19.0,9.479041916167663,9.0,5.779554772946835,20.0,4.0,14.0,0.3512974051896209,29.25099754333496,28.596778869628903,1050,49000,1002,50050,0.0488533422665159,0.0,49.0,48.90219560878244,49.0,2.186972672604585,49.0,49.0,49.0,0.0019960079840319,0.0,1.0,0.998003992015968,1.0,0.0446320953592772,1.0,1.0,1.0,0.0019960079840319,0.0020937146685649,2.0,50.0,2.095808383233533,2.0,2.142340577245307,48.0,2.0,2.0,0.0456230396350156,0.009077962037962,0.4895104895104895,0.0131954273271638,0.0119550849150849,0.0214897559614852,0.4804325274725275,0.0096533866133866,0.0144485914085914,0.1914932692190059,1289,47832,49.12099838256836,28.585176467895508,1289.0,2755.0,2456.05,1000,easy,hard,False,2755.0,2755,2755,instances/ta63,OptalCP in < 1 min,0.6132904280569016,0.0053975687057735,0.000144019841104,6.310643796622724e-05,-0.0025914065219664,-0.0005376963062494,0.0012448072417839,9.027815370578866e-05,-0.0003315069250324,-0.0012629080900614,-0.0018334864419763,-0.0003372855730749,0.0001994486348118,0.0002518882668502,0.0003557024698703,-0.000147473392579,0.0001863506740005,-0.000308744508909,0.000289138767222,-0.0024189230241761,0.0005161975501151,0.0038203659261948,0.0203390476658164,0.0019004745791887,0.0182848431444468,0.0003837808867159,0.0070084875752266,0.0138431872269652,0.0056181384908622,0.000815954288839,0.0049961802381419,0.0062681245237439,0.0075059549951336,0.0022833996889227,-5.230525988939175e-08,0.0036831964711135,-1.0845548674909753e-07,0.0014840200666608,-9.28769859022656e-09,-8.411945262425174e-09,-1.0207649213879613e-07,0.0030169425963475,0.0029327144601724,0.0067350659432477,0.0005862714426315,0.0011971225414379,0.005277054239321,-2.5273552305492602e-09,0.0004863176449868,0.0071042382172099,0.0061606046741101,0.016413688850923,0.008841660031464,0.0010137782152275,0.0154776192498511,0.0065086853684284,0.0051374842545701,0.0003751457771333,0.0005411856940196,7.591605246487216e-05,-0.0024708982854428,0.0013796361931934,0.000388680392067,0.0036308308378523,0.0162395187931991,0.0041568699124391
ta64.pt,50,20,0.0,99.0,48.36526946107784,49.0,28.60429862062849,99.0,23.0,72.0,0.3413274972896847,-1.0,19.0,9.479041916167663,9.0,5.779554772946835,20.0,4.0,14.0,0.3512974051896209,28.922155380249023,28.35205841064453,1050,49000,1002,50050,0.0488533422665159,0.0,49.0,48.90219560878244,49.0,2.186972672604585,49.0,49.0,49.0,0.0019960079840319,0.0,1.0,0.998003992015968,1.0,0.0446320953592772,1.0,1.0,1.0,0.0019960079840319,0.0020937146685649,2.0,50.0,2.095808383233533,2.0,2.142340577245307,48.0,2.0,2.0,0.0456230396350156,0.009077962037962,0.4895104895104895,0.0131954273271638,0.0119550849150849,0.0214897559614852,0.4804325274725275,0.0096533866133866,0.0144485914085914,0.1914932692190059,1229,47233,48.46200180053711,28.55091094970703,1229.0,2691.0,2423.1,1000,easy,hard,False,2702.0,2702,2702,instances/ta64,OptalCP in < 1 min,0.6128135040379465,0.0054002602630468,0.0001462166429759,6.332837269311355e-05,-0.0025939459226422,-0.0005555592903776,0.0012450548461927,8.99918348911639e-05,-0.0003258387687192,-0.0012805510969124,-0.0018498717141482,-0.0003267021241719,0.0001543709824288,0.0002628801552871,0.0003727390917303,-0.0001385290144167,0.0001961908811162,-0.0002911257548346,0.0002783389186637,-0.0023935797275151,0.0005409867375987,0.0037450600434018,0.0202812188989657,0.0018912822374915,0.0182630904900908,0.0003929134867088,0.0070060065294697,0.0138172104506444,0.0056027685947872,0.0008205985411807,0.0049982744837284,0.0062880284179539,0.0074924994885291,0.0023203070900604,-5.258757578616997e-08,0.0036428928190058,-1.1205921005431225e-07,0.001467360232751,-9.662657862083848e-09,-8.864318870125963e-09,-1.068297704053824e-07,0.0029829248510143,0.0029283321082696,0.0066893841164783,0.0005682937016466,0.0011926503685433,0.0052664805834374,-2.906078020346631e-09,0.0004512105425727,0.0070941344446844,0.0061666530343415,0.0163858845851009,0.0088592610753138,0.001008948301529,0.0154777898649129,0.0065016638644452,0.005115982673354,0.0003790328505304,0.0005010176478517,6.867244540071828e-05,-0.002479788165046,0.0013608971284832,0.0003852255288663,0.0036225784406047,0.016224591537155,0.0041574620032782
ta65.pt,50,20,0.0,99.0,49.100798403193615,49.0,29.16315894552429,99.0,22.0,75.0,0.3426559146184551,-1.0,19.0,9.479041916167663,9.0,5.779554772946835,20.0,4.0,14.0,0.3512974051896209,29.28992080688477,28.88628387451172,1050,49000,1002,50050,0.0488533422665159,0.0,49.0,48.90219560878244,49.0,2.186972672604585,49.0,49.0,49.0,0.0019960079840319,0.0,1.0,0.998003992015968,1.0,0.0446320953592772,1.0,1.0,1.0,0.0019960079840319,0.0020937146685649,2.0,50.0,2.095808383233533,2.0,2.142340577245307,48.0,2.0,2.0,0.0456230396350156,0.009077962037962,0.4895104895104895,0.0131954273271638,0.0119550849150849,0.0214897559614852,0.4804325274725275,0.0096533866133866,0.0144485914085914,0.1914932692190059,1270,47929,49.19900131225586,29.109437942504883,1270.0,2725.0,2459.95,1000,easy,hard,False,2725.0,2725,2725,instances/ta65,OptalCP in < 1 min,0.6127902535777487,0.0053693555608532,0.0001257510862113,6.288415507720362e-05,-0.0025913567118394,-0.0005236219853191,0.0012682745518029,9.021526867493738e-05,-0.0003503163018771,-0.0013787047715593,-0.0019284698230702,-0.0003284821504072,0.0001633405780788,0.0002569720126682,0.0003570264071877,-0.000144633702561,0.0001772517555034,-0.0003078997451846,0.0002502876212582,-0.0023578512888386,0.0003018385035489,0.0039487420724019,0.0203501336605217,0.0019660853120888,0.0183236472274442,0.0003920728287055,0.0069983602362787,0.0138728731705716,0.0056010724604809,0.0008259457136972,0.0049948010317095,0.0062489399548577,0.0075139340143851,0.0023563024986824,-5.22275661174517e-08,0.0036601986847968,-1.1032216454820089e-07,0.0013554202010287,-9.511942445919081e-09,-8.278054189969948e-09,-1.0213798345086305e-07,0.0030148511504628,0.0029425318162668,0.0067562922124792,0.0005842813999808,0.0011989403686545,0.0052591387291576,-2.549288342024435e-09,0.0004978641354492,0.0071004869903113,0.0061552114308357,0.0163829749230912,0.0088278902320335,0.0010041830276916,0.0153483122503677,0.0065373371408641,0.0051324139936319,0.0003889958317374,0.0004986496108567,4.272221906657376e-05,-0.0025421771791438,0.001368894130277,0.0003644869285486,0.0036371164388205,0.0162444682545066,0.0042439361838073
ta66.pt,50,20,0.0,99.0,50.28942115768463,51.0,29.0602318248984,99.0,24.0,76.0,0.3334693977791589,-1.0,19.0,9.479041916167663,9.0,5.779554772946835,20.0,4.0,14.0,0.3512974051896209,29.88423156738281,29.245887756347656,1050,49000,1002,50050,0.0488533422665159,0.0,49.0,48.90219560878244,49.0,2.186972672604585,49.0,49.0,49.0,0.0019960079840319,0.0,1.0,0.998003992015968,1.0,0.0446320953592772,1.0,1.0,1.0,0.0019960079840319,0.0020937146685649,2.0,50.0,2.095808383233533,2.0,2.142340577245307,48.0,2.0,2.0,0.0456230396350156,0.009077962037962,0.4895104895104895,0.0131954273271638,0.0119550849150849,0.0214897559614852,0.4804325274725275,0.0096533866133866,0.0144485914085914,0.1914932692190059,1297,49093,50.38999938964844,29.00203323364257,1297.0,2845.0,2519.5,1000,easy,hard,False,2845.0,2845,2845,instances/ta66,OptalCP in < 1 min,0.6198582415961013,0.0054186834507092,0.0001288438827618,6.383376323438555e-05,-0.0027674938510093,-0.000556771981963,0.0012148141229038,9.012917192081698e-05,-0.0003949403756998,0.0005319363280786,-0.0021157582580565,-0.0003039536702607,0.000245660667765,0.0002691167439831,0.0003850253383288,-0.0001647487127093,0.0001942665059648,-0.0003072137212669,0.0002639079037497,-0.0013908361412403,0.0008818096280797,0.0035757279410335,0.0202563031605948,0.0013820564153781,0.0181302983323744,0.0004692381996166,0.0070309949009735,0.0139772535712188,0.0056141743420304,0.0008517596381051,0.0050506767191776,0.0063329908662246,0.0076176364232603,0.0021099115002574,-5.2169544437323286e-08,0.0034009325175296,-1.099695080470138e-07,0.0012376936846219,-1.0363047262555852e-08,-7.488554171412946e-09,-1.0617241351982937e-07,0.0026386528990768,0.0026284709371465,0.0067891028924861,0.0005603678022755,0.0012503943289414,0.005359508513924,-2.5273552305492602e-09,0.0004812542644994,0.0072344878376064,0.0060742746864237,0.0167313670137567,0.0089072863614682,0.0008865969804484,0.0154807088505513,0.0065206099395733,0.0052239125070281,0.000472157114193,0.0005268925398689,0.0051200172835717,-0.0027647271635474,0.0014357772488342,0.0003234459542318,0.0037475007538068,0.0165399376941104,0.0040862277414443
ta67.pt,50,20,0.0,99.0,49.45409181636727,50.0,28.32753941388244,99.0,25.0,73.0,0.3306329644909724,-1.0,19.0,9.479041916167663,9.0,5.779554772946835,20.0,4.0,14.0,0.3512974051896209,29.46656608581543,28.590688705444336,1050,49000,1002,50050,0.0488533422665159,0.0,49.0,48.90219560878244,49.0,2.186972672604585,49.0,49.0,49.0,0.0019960079840319,0.0,1.0,0.998003992015968,1.0,0.0446320953592772,1.0,1.0,1.0,0.0019960079840319,0.0020937146685649,2.0,50.0,2.095808383233533,2.0,2.142340577245307,48.0,2.0,2.0,0.0456230396350156,0.009077962037962,0.4895104895104895,0.0131954273271638,0.0119550849150849,0.0214897559614852,0.4804325274725275,0.0096533866133866,0.0144485914085914,0.1914932692190059,1273,48280,49.553001403808594,28.2692985534668,1273.0,2812.0,2477.65,1000,hard,hard,True,2825.0,2825,2825,instances/ta67,OptalCP in 4h,0.6142920255683685,0.0054043882460939,0.0001096162794279,6.411737226181215e-05,-0.0026587054851408,-0.0005408104065209,0.0012592841148167,9.041254977652829e-05,-0.0003820259535387,-0.0012666667936297,-0.0019786577777324,-0.0003497101147912,0.0001714564348739,0.0002439596190327,0.0003713053933066,-0.000153512001063,0.000184290943992,-0.0003038635910063,0.0002667660946354,-0.00165448417502,0.0005094870538821,0.0037609043730793,0.0203068099498228,0.0017060104939303,0.0181198153947834,0.0003721365682323,0.0070357882971971,0.0137998826900999,0.0056352809718265,0.0008339314009341,0.0049920241240109,0.0062767640830224,0.0074907499646368,0.0022878917122863,-5.298894256656456e-08,0.0034978511615719,-1.0528154888801053e-07,0.0014114776916338,-9.163316524638556e-09,-8.494738810956456e-09,-1.0544750767043849e-07,0.002790455929729,0.0027309055226166,0.0067420478798563,0.0005798024034509,0.0012232808141298,0.0052597519553856,-2.5273552305492602e-09,0.0004852010951704,0.0071130128199176,0.0061311167741416,0.0165711832493805,0.0088367128913554,0.0009998540997685,0.0155785951430912,0.0065064831446879,0.0051591125012097,0.0004156881662905,0.0005479587748164,0.0015365689728068,-0.0024760935899278,0.0014152061056619,0.000358591262855,0.0036781306339274,0.016246661277864,0.0040677686657342
ta68.pt,50,20,0.0,99.0,49.80339321357285,49.0,28.08445824425544,99.0,27.0,73.0,0.3253800396721737,-1.0,19.0,9.479041916167663,9.0,5.779554772946835,20.0,4.0,14.0,0.3512974051896209,29.641218185424805,28.593414306640625,1050,49000,1002,50050,0.0488533422665159,0.0,49.0,48.90219560878244,49.0,2.186972672604585,49.0,49.0,49.0,0.0019960079840319,0.0,1.0,0.998003992015968,1.0,0.0446320953592772,1.0,1.0,1.0,0.0019960079840319,0.0020937146685649,2.0,50.0,2.095808383233533,2.0,2.142340577245307,48.0,2.0,2.0,0.0456230396350156,0.009077962037962,0.4895104895104895,0.0131954273271638,0.0119550849150849,0.0214897559614852,0.4804325274725275,0.0096533866133866,0.0144485914085914,0.1914932692190059,1343,48560,49.90299987792969,28.02398109436035,1343.0,2764.0,2495.15,1000,easy,hard,False,2784.0,2784,2784,instances/ta68,OptalCP in < 1 min,0.6157574033169398,0.0054467884024376,0.0001136286802692,6.408015908486165e-05,-0.0027049656951573,-0.0005968734298673,0.001236669016864,8.967977209795807e-05,-0.0003549619880583,-0.0012925081701863,-0.0019660167116522,-0.0003504241045809,0.0001161117225963,0.0002497379387943,0.0003648788397341,-0.0001630143288116,0.0001788851361185,-0.00029516068752,0.000223994816614,-0.0012813897101415,0.0005145771834547,0.0031465188687926,0.0201431945017202,0.0016373025266825,0.0180399567567908,0.0003587160777923,0.0070384303403968,0.0140125350312058,0.0055816984670038,0.0008318616588529,0.0049755511631229,0.0062836781383426,0.0075070448281721,0.002198468046275,-5.215026778872191e-08,0.0033761924378324,-1.0895212122551917e-07,0.0012978345115347,-8.942237710642704e-09,-8.42739644020989e-09,-9.44689281278266e-08,0.0022875054883717,0.0026300291845813,0.0067457333853913,0.0005685778530367,0.0012186406764237,0.0053068815566482,-2.519289385776369e-09,0.000478450377062,0.0071483058093965,0.0061312821241957,0.016671172615811,0.0088883108606374,0.0009609227998808,0.0155612600088647,0.0065472623556335,0.0052081912975553,0.0004041581927866,0.0009056171134696,0.0032924216941808,-0.0025358411729966,0.0014030048817403,0.0010202798376432,0.0036895261333998,0.0164111535951109,0.0039117856146152
ta69.pt,50,20,0.0,99.0,50.76946107784431,51.0,28.71078416300177,99.0,25.0,76.0,0.3264090246508615,-1.0,19.0,9.479041916167663,9.0,5.779554772946835,20.0,4.0,14.0,0.3512974051896209,30.124252319335938,29.24176406860352,1050,49000,1002,50050,0.0488533422665159,0.0,49.0,48.90219560878244,49.0,2.186972672604585,49.0,49.0,49.0,0.0019960079840319,0.0,1.0,0.998003992015968,1.0,0.0446320953592772,1.0,1.0,1.0,0.0019960079840319,0.0020937146685649,2.0,50.0,2.095808383233533,2.0,2.142340577245307,48.0,2.0,2.0,0.0456230396350156,0.009077962037962,0.4895104895104895,0.0131954273271638,0.0119550849150849,0.0214897559614852,0.4804325274725275,0.0096533866133866,0.0144485914085914,0.1914932692190059,1416,49455,50.87099838256836,28.649473190307617,1416.0,3063.0,2543.55,1000,easy,hard,False,3071.0,3071,3071,instances/ta69,OptalCP in < 1 min,0.6209826630763002,0.0054010939639756,0.0001640880145097,6.4051356898451e-05,-0.0027968836585178,-0.000582971658233,0.0010772483675925,8.959494178831104e-05,-0.0004039758187616,0.0005614986066191,-0.0021678937597156,-0.0003066489552913,0.0001162902279976,0.0002735837345322,0.0004060378215419,-0.000134947280512,0.0001856050603348,-0.0002749663075195,0.0002266816242383,-0.0011152951396386,0.0008613166097903,0.003123457752209,0.0200992941198622,0.0014866403305931,0.0182598244633558,0.0005233627186153,0.0070835593275062,0.0141038413948085,0.005586216200869,0.0008935233853195,0.0050781078828578,0.0063677509217539,0.0076418431321008,0.0020703197881593,-4.851838780294869e-08,0.0034780292210292,-1.1009596602620368e-07,0.0010859920039515,-1.0012059332178477e-08,-7.520363001289094e-09,-9.469047312263145e-08,0.0022063168143813,0.0025300545300769,0.0068386601771383,0.0006016726656025,0.0012458565390825,0.005406725356303,-2.519289385776369e-09,0.0004662023693782,0.0072399214670433,0.0061659739830859,0.0167766345684499,0.0089237513219196,0.0009106995739061,0.0156102735429123,0.0066671377358034,0.0052535430255487,0.0004594622938126,0.0007415704076824,0.0050147071107029,-0.0028736497558787,0.0012514990790504,0.0008791202892846,0.0047612959918733,0.0166504676106106,0.0038494230433158
ta70.pt,50,20,0.0,99.0,50.77644710578842,52.0,28.68115595191763,99.0,26.25,76.0,0.3258834742167067,-1.0,19.0,9.479041916167663,9.0,5.779554772946835,20.0,4.0,14.0,0.3512974051896209,30.127744674682617,29.229692459106445,1050,49000,1002,50050,0.0488533422665159,0.0,49.0,48.90219560878244,49.0,2.186972672604585,49.0,49.0,49.0,0.0019960079840319,0.0,1.0,0.998003992015968,1.0,0.0446320953592772,1.0,1.0,1.0,0.0019960079840319,0.0020937146685649,2.0,50.0,2.095808383233533,2.0,2.142340577245307,48.0,2.0,2.0,0.0456230396350156,0.009077962037962,0.4895104895104895,0.0131954273271638,0.0119550849150849,0.0214897559614852,0.4804325274725275,0.0096533866133866,0.0144485914085914,0.1914932692190059,1225,49653,50.87799835205078,28.61969757080078,1225.0,2995.0,2543.9,1000,medium,hard,False,2995.0,2995,2995,instances/ta70,CPO in < 1h,0.6213743657550729,0.0054080491646254,0.0001494636883036,6.38731316950329e-05,-0.0028409100551421,-0.0002252787474299,0.0010261344782718,9.017562287127003e-05,-0.0003797834090113,0.0005331837719148,-0.0022309484295679,-0.0002575288944224,0.0001616504265984,0.0002783815503842,0.0004440014599235,-0.0001895277894411,0.0001809725291438,-0.0002779821981679,0.0002323311207266,-0.0010452338978841,0.00087176528868,0.0034479111542071,0.0200148566788074,0.0015297458692725,0.0181235331602769,0.0004991306429699,0.007011823081077,0.0140499540494169,0.0056116154885031,0.0008602551471562,0.0050572495692424,0.0063489301299818,0.0076252990775645,0.0020980872938578,-5.477631935456877e-08,0.0035536908830152,-1.0521488341418097e-07,0.0012466176975448,-9.86280611218424e-09,-7.504210503377587e-09,-1.0601968232919005e-07,0.0026012420606666,0.0026619445887376,0.0068581279851044,0.000584083320878,0.0012267828059358,0.0053754862963644,-2.519289385776369e-09,0.0004970553444813,0.0072413831766607,0.006184566127105,0.0167512504559443,0.0089073333753509,0.0009453452484721,0.0155122320476717,0.0065548282500954,0.0052434973229948,0.0004502525406492,0.0004302721648241,0.0055032102704724,-0.0028708084253299,0.0012825418592425,0.0003058324593978,0.0046155789873667,0.0165893755796036,0.0039714027774755
ta71.pt,100,20,0.0,99.0,50.39510489510489,51.0,28.37141693175141,99.0,26.0,75.0,0.3249364892078314,-1.0,19.0,9.48951048951049,9.0,5.77293799092739,20.0,4.0,14.0,0.3506493506493506,29.94230842590332,28.93871116638184,2100,198000,2002,200100,0.0494258365322833,0.0,99.0,98.9010989010989,99.0,3.1275273562104844,99.0,99.0,99.0,0.0009990009990008,0.0,1.0,0.999000999000999,1.0,0.0315911854162675,1.0,1.0,1.0,0.0009990009990008,0.0010484268355332,2.0,100.0,2.097902097902098,2.0,3.095936170794217,98.0,2.0,2.0,0.0466200466200465,0.0045319890054972,0.4947526236881558,0.0066362972359973,0.0060012543728135,0.0155035781851352,0.4902206346826586,0.0048258420789605,0.0072746176911544,0.1950049602833012,1341,99550,50.445499420166016,28.340784072875977,1341.0,5464.0,5044.55,2000,easy,hard,False,5464.0,5464,5464,instances/ta71,OptalCP in < 1 min,0.7244326111630428,0.005896740285811,1.3797140097217666e-05,6.419373035683806e-05,-0.0030309862664211,-0.0007576615041897,-0.0001624682331262,8.917115983792824e-05,-0.0005631445040094,-0.0017135837046228,-0.0038352376112203,-0.0008015518197656,-0.0007390713487671,0.0001097357745413,0.0002109171606105,-0.0003398625594083,0.0002149546086179,-0.000390042173681,-5.985294180511976e-05,-0.0014314576688004,0.0006191016186008,0.0166862395734825,0.0234686052478424,0.0111952209169334,0.0215910857087899,-0.0003975816619726,0.0079075814879085,0.0154324729296592,0.0059442187272112,0.0015534609058207,0.0053432921616287,0.0068980459773028,0.0084191284397335,0.011413292090721,-5.205052633116363e-08,0.0116411570697185,-1.1057547338524681e-07,0.0094392579865553,-1.0025997455555385e-08,-7.551716536733582e-09,-1.0299438702130964e-07,0.0133998869433211,0.010320274536676,0.0074010066077977,8.962036310097366e-05,0.0016276928881602,0.0059782614795827,-2.519289385776369e-09,0.0002656440027226,0.0075253790353757,0.0061720669472808,0.0181688530886125,0.0093442550901545,0.0060766528235318,0.0167542425018696,0.0070759877311214,0.0051459889171578,0.0004553595610407,0.000498923849239,0.0185045195403953,-0.0029278474584972,0.0005611033952323,0.0006892429463343,0.0047008889439401,0.0192666990263418,0.0125286791188149
ta72.pt,100,20,0.0,99.0,48.633866133866135,48.0,28.53702770065716,99.0,24.0,73.0,0.338632029912264,-1.0,19.0,9.48951048951049,9.0,5.77293799092739,20.0,4.0,14.0,0.3506493506493506,29.061687469482425,28.40624237060547,2100,198000,2002,200100,0.0494258365322833,0.0,99.0,98.9010989010989,99.0,3.1275273562104844,99.0,99.0,99.0,0.0009990009990008,0.0,1.0,0.999000999000999,1.0,0.0315911854162675,1.0,1.0,1.0,0.0009990009990008,0.0010484268355332,2.0,100.0,2.097902097902098,2.0,3.095936170794217,98.0,2.0,2.0,0.0466200466200465,0.0045319890054972,0.4947526236881558,0.0066362972359973,0.0060012543728135,0.0155035781851352,0.4902206346826586,0.0048258420789605,0.0072746176911544,0.1950049602833012,1275,96090,48.682498931884766,28.50979995727539,1275.0,5181.0,4868.25,2000,easy,hard,False,5181.0,5181,5181,instances/ta72,OptalCP in < 1 min,0.7233225787497565,0.0059223801248359,1.993872459910884e-05,6.338063121137685e-05,-0.0029787722706384,-0.0007494950319416,-0.0001263926142529,8.976445315741321e-05,-0.000544334188258,-0.0018584142731555,-0.0038304262881773,-0.000729465836691,-0.0006775924949676,0.0001075746459864,0.000252046511727,-0.0003271951976223,0.0002208907910023,-0.000438697068637,-4.18758416554666e-05,-0.0022806667134958,0.0009310156983743,0.016800117516173,0.0235435569960528,0.0112384206961087,0.0216979015475695,-0.0004259962745136,0.0078974127185902,0.0154306308554136,0.0059479413885519,0.0015741126629504,0.0053228311958588,0.0069607690283017,0.0084309883147711,0.0113666988700171,-5.267301962958857e-08,0.011748029053671,-1.0788206697870745e-07,0.0093960051324808,-1.0510778733747888e-08,-7.869748284029231e-09,-1.0980814785435278e-07,0.0135548329244986,0.0105261475424351,0.0073527303426228,0.0001140076257256,0.001654885788007,0.0059875746057895,-2.5273552305492602e-09,0.0002684494236781,0.0074988003860016,0.006141041666662,0.0180375601840313,0.0093382395163129,0.0060060772205715,0.0168624483851346,0.0070131203433646,0.0051482152550576,0.0004261406376686,-0.0002587099269477,0.0189467516426672,-0.0028426939344475,0.0005425979569709,-0.0002996857752231,0.0047405129368996,0.0191940485507471,0.0125363469621118
ta73.pt,100,20,0.0,99.0,50.260739260739264,50.0,28.45065038879431,99.0,26.0,75.0,0.3267251323143672,-1.0,19.0,9.48951048951049,9.0,5.77293799092739,20.0,4.0,14.0,0.3506493506493506,29.875123977661133,28.930200576782227,2100,198000,2002,200100,0.0494258365322833,0.0,99.0,98.9010989010989,99.0,3.1275273562104844,99.0,99.0,99.0,0.0009990009990008,0.0,1.0,0.999000999000999,1.0,0.0315911854162675,1.0,1.0,1.0,0.0009990009990008,0.0010484268355332,2.0,100.0,2.097902097902098,2.0,3.095936170794217,98.0,2.0,2.0,0.0466200466200465,0.0045319890054972,0.4947526236881558,0.0066362972359973,0.0060012543728135,0.0155035781851352,0.4902206346826586,0.0048258420789605,0.0072746176911544,0.1950049602833012,1306,99316,50.31100082397461,28.4204216003418,1306.0,5552.0,5031.1,2000,easy,hard,False,5568.0,5568,5568,instances/ta73,OptalCP in < 1 min,0.7230624410764531,0.0058970098802442,2.643064763290014e-06,6.41676370694266e-05,-0.002996474795642,-0.0007495974216506,-0.0001272440831799,8.976348948429523e-05,-0.0005626463610196,-0.0017146095440787,-0.0038310129238223,-0.0007360436540042,-0.0006990571304267,0.0001086410351321,0.0002212360433171,-0.0003482466499082,0.0002157948158898,-0.0004309958410506,-4.965556511890574e-05,-0.0014634368854288,0.0006114174725977,0.0167884522540465,0.0234983511626465,0.0112149027005468,0.0215961865720307,-0.0004250615222681,0.0079014636912814,0.0154379272764625,0.0059294667698679,0.0015543049331009,0.0053093591834661,0.0068976744074768,0.0084309402434836,0.0114670718055895,-5.293077968102768e-08,0.0116729554123555,-1.0776289369594565e-07,0.0093022550647029,-1.0350287106639429e-08,-7.427265986707138e-09,-1.1035859986460657e-07,0.0134953090733823,0.0104270370380287,0.0074023186186875,0.0001072586348633,0.0016417002620565,0.0059748775257006,-2.519289385776369e-09,0.0002743418919997,0.0074865375609221,0.0061517206286787,0.018093690726509,0.0093481035848776,0.0060669080207916,0.016746781615939,0.0070247412804702,0.0051389124844079,0.0004534668514093,-0.0002600120851556,0.0187428573747132,-0.0028964453361621,0.0005598386922377,-0.0003310743604595,0.0047260984621801,0.0191678327214324,0.0125616823229664
ta74.pt,100,20,0.0,99.0,49.97452547452547,50.0,28.429555233749465,99.0,25.0,75.0,0.3283901327909764,-1.0,19.0,9.48951048951049,9.0,5.77293799092739,20.0,4.0,14.0,0.3506493506493506,29.732017517089844,28.81913185119629,2100,198000,2002,200100,0.0494258365322833,0.0,99.0,98.9010989010989,99.0,3.1275273562104844,99.0,99.0,99.0,0.0009990009990008,0.0,1.0,0.999000999000999,1.0,0.0315911854162675,1.0,1.0,1.0,0.0009990009990008,0.0010484268355332,2.0,100.0,2.097902097902098,2.0,3.095936170794217,98.0,2.0,2.0,0.0466200466200465,0.0045319890054972,0.4947526236881558,0.0066362972359973,0.0060012543728135,0.0155035781851352,0.4902206346826586,0.0048258420789605,0.0072746176911544,0.1950049602833012,1297,98752,50.02450180053711,28.39978790283203,1297.0,5339.0,5002.45,2000,easy,hard,False,5339.0,5339,5339,instances/ta74,OptalCP in < 1 min,0.7230624410764531,0.0058969358818751,2.5734179777624915e-06,6.407576177278119e-05,-0.0029960897327923,-0.0007496332583989,-0.0001247846059391,8.977688892462632e-05,-0.0005667576340788,-0.001715193949297,-0.0038252372688627,-0.0007374879246995,-0.0006957484620724,0.0001077875395925,0.0002223793778219,-0.0003490654408654,0.0002153381493716,-0.0004319091925883,-5.779834566108824e-05,-0.0014317098708523,0.000515984741501,0.0168117329988696,0.0234930498882491,0.0112143340136252,0.0216398850426248,-0.0004291717640364,0.0079035279603503,0.015435390670918,0.0059285068601334,0.0015531530141516,0.0053117129864622,0.0068962046107219,0.0083997760629651,0.0114587417142643,-5.30625590153311e-08,0.0116673994306203,-1.0778436008830877e-07,0.009298664702967,-1.034728315161776e-08,-7.586281068488255e-09,-1.1008164770231032e-07,0.0134932098467595,0.0104273785128703,0.0073999609038166,0.0001079140520487,0.0016430092081927,0.0059751350850821,-2.519289385776369e-09,0.0002802023713016,0.0074803517532259,0.0061438011246557,0.0180997469572047,0.0093507819679147,0.0060691214692049,0.0167514265012405,0.007021161132335,0.0051414391368475,0.0004493935180057,-0.0002619347003672,0.0187658610790797,-0.0028890712512321,0.0005647399103809,-0.000331379638469,0.0047365329212426,0.0191794435870689,0.0125678164467126
ta75.pt,100,20,0.0,99.0,49.31068931068931,50.0,28.41793090334953,99.0,25.0,74.0,0.3326598846858166,-1.0,19.0,9.48951048951049,9.0,5.77293799092739,20.0,4.0,14.0,0.3506493506493506,29.40010070800781,28.58119010925293,2100,198000,2002,200100,0.0494258365322833,0.0,99.0,98.9010989010989,99.0,3.1275273562104844,99.0,99.0,99.0,0.0009990009990008,0.0,1.0,0.999000999000999,1.0,0.0315911854162675,1.0,1.0,1.0,0.0009990009990008,0.0010484268355332,2.0,100.0,2.097902097902098,2.0,3.095936170794217,98.0,2.0,2.0,0.0466200466200465,0.0045319890054972,0.4947526236881558,0.0066362972359973,0.0060012543728135,0.0155035781851352,0.4902206346826586,0.0048258420789605,0.0072746176911544,0.1950049602833012,1347,97373,49.36000061035156,28.389301300048828,1347.0,5392.0,4936.0,2000,medium,hard,False,5392.0,5392,5392,instances/ta75,CPO in < 1h,0.724741139901802,0.005924763877327,2.919902930617477e-05,6.423690430771561e-05,-0.0030260075950615,-0.0007551429511742,-0.0001616433709293,8.908274454239544e-05,-0.0005444855700133,-0.0019322148586653,-0.0038083779781129,-0.0007996114706276,-0.000731296891011,0.0001097933176373,0.0002341990357315,-0.0003410608416902,0.0002226648770658,-0.0003887259485048,-5.326223176760879e-05,-0.0016190896245272,0.0009482117945622,0.0166154642432046,0.0235080219828825,0.0111790768948906,0.0216005256644073,-0.0003923734240477,0.007906393614125,0.0154025146333333,0.0059613405174261,0.0015662263062972,0.0053537097608499,0.0069453058285076,0.0083820579952888,0.0112937887287174,-5.2184008995747424e-08,0.0116550338802423,-1.0743047605143988e-07,0.0095097086290688,-9.242834105910077e-09,-8.07089464075469e-09,-1.0278974782485674e-07,0.0134809434002087,0.0102872171441878,0.0074010804699278,9.672491302607313e-05,0.0016348208350223,0.0059761795846411,-2.5273552305492602e-09,0.0002683849653755,0.0075246100922843,0.0061693143675941,0.0181368229498845,0.0093655982347461,0.0059950122606547,0.0168865140022003,0.0070785259543344,0.0051526525030308,0.0004461589100968,0.0005013720787868,0.0186840148436168,-0.0028741514281132,0.0005506663906638,0.0006875516604387,0.0047253015743636,0.0192729744234166,0.0124647582160066
ta76.pt,100,20,0.0,99.0,50.13536463536464,50.0,28.412126094024103,99.0,26.0,74.0,0.3271136660412446,-1.0,19.0,9.48951048951049,9.0,5.77293799092739,20.0,4.0,14.0,0.3506493506493506,29.81243705749512,28.867095947265625,2100,198000,2002,200100,0.0494258365322833,0.0,99.0,98.9010989010989,99.0,3.1275273562104844,99.0,99.0,99.0,0.0009990009990008,0.0,1.0,0.999000999000999,1.0,0.0315911854162675,1.0,1.0,1.0,0.0009990009990008,0.0010484268355332,2.0,100.0,2.097902097902098,2.0,3.095936170794217,98.0,2.0,2.0,0.0466200466200465,0.0045319890054972,0.4947526236881558,0.0066362972359973,0.0060012543728135,0.0155035781851352,0.4902206346826586,0.0048258420789605,0.0072746176911544,0.1950049602833012,1270,99101,50.18550109863281,28.38203811645508,1270.0,5342.0,5018.55,2000,easy,hard,False,5342.0,5342,5342,instances/ta76,OptalCP in < 1 min,0.7226709357764574,0.0059216581887312,1.2140373786289127e-05,6.418294473863096e-05,-0.0029872783856936,-0.0007478122537186,-0.0001188464793504,8.971955442043781e-05,-0.0005622671700766,-0.0019306263615505,-0.003816113915432,-0.0007380903958917,-0.0007009128831772,0.0001093261544041,0.0002204981176775,-0.0003574023801016,0.000216029363423,-0.0004319466960453,-5.326515534899723e-05,-0.0014619923977256,0.0005453674721024,0.0166497796611435,0.0235067826348681,0.0112133763254288,0.0216060612447735,-0.0004378782221244,0.0078977101953434,0.0154270486640002,0.0059425892677775,0.0015536133571653,0.0053184657728639,0.0069016434976614,0.0084274028528822,0.0113310501015866,-5.293077968102768e-08,0.0116544271615072,-1.0495011977520817e-07,0.0093841041837496,-1.0089043880617004e-08,-7.427265986707138e-09,-1.1037049790010237e-07,0.0134841660808979,0.0104210212652572,0.0073975920081707,0.0001023697344418,0.0016315795280389,0.0059571865219455,-2.519289385776369e-09,0.0002801635561545,0.007500177507102,0.0061587170631302,0.0181121136910624,0.0093552223621507,0.0060126277215845,0.0168699212150604,0.0070343544709508,0.0051390105898998,0.0004558076231209,-0.0003032321510644,0.0187882751833694,-0.0028618401544086,0.0005625166720473,-0.0003676098366657,0.004726099646916,0.0191430783167181,0.0125430147566397
ta77.pt,100,20,0.0,99.0,50.807192807192806,52.0,28.77293704691064,99.0,26.0,76.0,0.3268679097064011,-1.0,19.0,9.48951048951049,9.0,5.77293799092739,20.0,4.0,14.0,0.3506493506493506,30.148351669311523,29.2812557220459,2100,198000,2002,200100,0.0494258365322833,0.0,99.0,98.9010989010989,99.0,3.1275273562104844,99.0,99.0,99.0,0.0009990009990008,0.0,1.0,0.999000999000999,1.0,0.0315911854162675,1.0,1.0,1.0,0.0009990009990008,0.0010484268355332,2.0,100.0,2.097902097902098,2.0,3.095936170794217,98.0,2.0,2.0,0.0466200466200465,0.0045319890054972,0.4947526236881558,0.0066362972359973,0.0060012543728135,0.0155035781851352,0.4902206346826586,0.0048258420789605,0.0072746176911544,0.1950049602833012,1244,100472,50.858001708984375,28.74240493774414,1244.0,5436.0,5085.8,2000,easy,hard,False,5436.0,5436,5436,instances/ta77,OptalCP in < 1 min,0.7256249761890792,0.0059261455806702,6.029452892015883e-06,6.41434218552187e-05,-0.0030111437689241,-0.0004306123971875,-0.0001823982379817,8.982851487013975e-05,-0.0005408317069681,0.0006151509192626,-0.0037943753445906,-0.0006976558440855,-0.0006751604944573,0.0001130641327062,0.0002250754209158,-0.0003804609887087,0.0002187899444225,-0.0004279081160591,-3.2435133806119136e-05,-0.0011711183534784,0.000682462320919,0.0167082627669307,0.0232883117576856,0.0110253808666044,0.0214994926457327,-0.0002783119377014,0.0078877538248787,0.0155257174245266,0.0059176452152163,0.0015492810240214,0.0053265103918126,0.0069216670927941,0.0084302674980083,0.0113589260834427,-5.2911796686632064e-08,0.0116354787795966,-1.0451476178066757e-07,0.0092589110057777,-9.916950302831593e-09,-6.962435681396521e-09,-1.1046927189891577e-07,0.0134094111547767,0.0103431681955396,0.0073915353491879,9.674517891461626e-05,0.0016323867038924,0.0059717577473687,-2.519289385776369e-09,0.0002886253911286,0.0075592929123468,0.0061892785538219,0.0182509676409805,0.0093147519075667,0.0061042146971172,0.0167897502002897,0.0070286856412361,0.0051552330198266,0.000453616460918,-0.0002744510464966,0.0187723303465267,-0.0028445716719358,0.0005134563996128,-0.0003855356066788,0.0047311530660879,0.0191517204218572,0.0124495107609703
ta78.pt,100,20,0.0,99.0,49.5004995004995,49.0,28.43369084335121,99.0,25.0,74.0,0.331594863259848,-1.0,19.0,9.48951048951049,9.0,5.77293799092739,20.0,4.0,14.0,0.3506493506493506,29.495004653930664,28.655202865600582,2100,198000,2002,200100,0.0494258365322833,0.0,99.0,98.9010989010989,99.0,3.1275273562104844,99.0,99.0,99.0,0.0009990009990008,0.0,1.0,0.999000999000999,1.0,0.0315911854162675,1.0,1.0,1.0,0.0009990009990008,0.0010484268355332,2.0,100.0,2.097902097902098,2.0,3.095936170794217,98.0,2.0,2.0,0.0466200466200465,0.0045319890054972,0.4947526236881558,0.0066362972359973,0.0060012543728135,0.0155035781851352,0.4902206346826586,0.0048258420789605,0.0072746176911544,0.1950049602833012,1299,97801,49.54999923706055,28.404762268066406,1299.0,5394.0,4955.0,2000,easy,hard,False,5394.0,5394,5394,instances/ta78,OptalCP in < 1 min,0.723048138928887,0.0059273229494158,1.796706952929016e-05,6.414474567445523e-05,-0.0029938038054916,-0.000748996085422,-0.0001273465420251,8.973710984821365e-05,-0.0005441317537285,-0.0019321323619846,-0.0038058454949416,-0.0007335292990715,-0.000695398619617,0.0001021096096813,0.0002285021699308,-0.0003473526190633,0.0002236143701332,-0.0004324742482876,-5.002452627304714e-05,-0.0014590559009522,0.0006520665995373,0.0166466708975212,0.0235222288129103,0.011195131900371,0.0216177182491486,-0.0004318802129128,0.0078999464537075,0.0154106011722005,0.0059463216286246,0.001567838804298,0.0053203613267077,0.0068990540702206,0.0083948405390694,0.0113438330320088,-5.303932699459093e-08,0.0116651410968439,-1.046393627545019e-07,0.009363751454098,-9.359299248798982e-09,-7.916338260005192e-09,-1.0977233372972357e-07,0.0134983809296102,0.0104188066053554,0.0074002660773711,0.0001153983122601,0.0016535695230747,0.0059742006993977,-2.5273552305492602e-09,0.0002741087003448,0.0074821912281903,0.0061479506769747,0.0181126279378111,0.0093673102233132,0.0060079026969709,0.0168774436892191,0.0070344919827177,0.0051536095137497,0.000441956134499,-0.000257496480862,0.0188017451367198,-0.0028448306902932,0.0005468511525037,-0.0003331376486664,0.0047487582120662,0.0191594085929045,0.0125896340888262
ta79.pt,100,20,0.0,99.0,49.81668331668332,50.0,28.79556696284863,99.0,25.0,74.0,0.3336695139859589,-1.0,19.0,9.48951048951049,9.0,5.77293799092739,20.0,4.0,14.0,0.3506493506493506,29.65309715270996,28.945220947265625,2100,198000,2002,200100,0.0494258365322833,0.0,99.0,98.9010989010989,99.0,3.1275273562104844,99.0,99.0,99.0,0.0009990009990008,0.0,1.0,0.999000999000999,1.0,0.0315911854162675,1.0,1.0,1.0,0.0009990009990008,0.0010484268355332,2.0,100.0,2.097902097902098,2.0,3.095936170794217,98.0,2.0,2.0,0.0466200466200465,0.0045319890054972,0.4947526236881558,0.0066362972359973,0.0060012543728135,0.0155035781851352,0.4902206346826586,0.0048258420789605,0.0072746176911544,0.1950049602833012,1302,98431,49.86650085449219,28.766815185546875,1302.0,5358.0,4986.65,2000,easy,hard,False,5358.0,5358,5358,instances/ta79,OptalCP in < 1 min,0.7228826287664054,0.0059295320357273,1.433536075335287e-05,6.413888135156156e-05,-0.0029871802607876,-0.0007474539073963,-0.0001237749776092,8.969941105282444e-05,-0.0005662055849954,-0.0019336538531217,-0.0038205143956869,-0.0007383364110164,-0.0006997295064077,0.000108241043346,0.0002272437215659,-0.0003476000878273,0.0002169814171922,-0.0004307780400798,-4.869965684399237e-05,-0.001409438011023,0.000598009380269,0.0166293040708108,0.0234995024921158,0.0112059676136786,0.0215800365010846,-0.0004301627007216,0.0079041226851353,0.015427341568005,0.0059444480210164,0.0015560836192178,0.0053181254811995,0.0069068918879227,0.0083995483350204,0.0113376683441284,-5.3055970215591775e-08,0.0116813410452172,-1.051249125334011e-07,0.0093977438314145,-9.384517802034285e-09,-7.427265986707138e-09,-1.0973973181523769e-07,0.0134840930246249,0.0104155485857441,0.0074001326191824,9.719144423566748e-05,0.0016434412627598,0.0059763129925626,-2.5273552305492602e-09,0.0002741328990513,0.0074981581818579,0.0061572512705119,0.0181119541148884,0.0093557748030591,0.0060094888424399,0.0168794869838132,0.0070313506578902,0.0051373488267107,0.0004545162778574,-0.000252596311123,0.0187608216684919,-0.0028593318411073,0.0005564369785567,-0.0003329268626823,0.0047527791557382,0.0191541072407008,0.0125443175595504
ta80.pt,100,20,0.0,99.0,48.3001998001998,47.0,28.45316691078143,99.0,24.0,73.0,0.3398705961194972,-1.0,19.0,9.48951048951049,9.0,5.77293799092739,20.0,4.0,14.0,0.3506493506493506,28.89485549926757,28.249286651611328,2100,198000,2002,200100,0.0494258365322833,0.0,99.0,98.9010989010989,99.0,3.1275273562104844,99.0,99.0,99.0,0.0009990009990008,0.0,1.0,0.999000999000999,1.0,0.0315911854162675,1.0,1.0,1.0,0.0009990009990008,0.0010484268355332,2.0,100.0,2.097902097902098,2.0,3.095936170794217,98.0,2.0,2.0,0.0466200466200465,0.0045319890054972,0.4947526236881558,0.0066362972359973,0.0060012543728135,0.0155035781851352,0.4902206346826586,0.0048258420789605,0.0072746176911544,0.1950049602833012,1226,95471,48.3484992980957,28.42634391784668,1226.0,5183.0,4834.85,2000,easy,hard,False,5183.0,5183,5183,instances/ta80,OptalCP in < 1 min,0.7230763971555004,0.0059200371248691,2.0538887192865708e-05,6.365448114861849e-05,-0.0029829369058504,-0.0007504488426159,-0.0001343960769952,8.976775357320931e-05,-0.0005446903185057,-0.0018585848312122,-0.0038241345620619,-0.0007251331801806,-0.0006816386544088,0.0001069239289329,0.0002575044439366,-0.0003378069934312,0.0002213732462346,-0.0004401482367062,-6.094729700218026e-05,-0.0022711218345072,0.0008854286868558,0.0168402361962598,0.0235267620689173,0.0112446189833247,0.0216894548198469,-0.0004377721139295,0.0078916861530682,0.0154243413030104,0.0059448484911474,0.0015756789793639,0.005324169003579,0.006962926462516,0.0084303499365378,0.0113553821086904,-5.295115075565287e-08,0.0117188531441433,-1.111871605954728e-07,0.0093715156194569,-9.948668163326787e-09,-8.566910158247964e-09,-1.0940343715562753e-07,0.0135711874362411,0.0105328568990997,0.0073484756957592,0.0001145127879528,0.0016379019709537,0.0059703231913459,-2.5273552305492602e-09,0.0002666226018017,0.0074948678210221,0.0061449334158711,0.0180328310872602,0.0093423015155514,0.0060169703119148,0.0168437325482603,0.0070177483326283,0.0051429713485904,0.0004268583056472,-0.0002763098937705,0.0189589626291339,-0.0028422416477101,0.0005431577729247,-0.000332707304763,0.0047176477943125,0.0191899759566242,0.0125164728911966
yn1.pt,20,20,0.0,49.0,29.253731343283583,30.0,11.488921703013425,49.0,20.0,39.0,0.226182015094595,-1.0,19.0,9.447761194029852,9.0,5.799168533873217,20.0,4.0,14.0,0.3532338308457712,19.35074615478516,13.449235916137695,420,7600,402,8020,0.0471458170494162,0.0,19.0,18.90547263681592,19.0,1.3368187903029258,19.0,19.0,19.0,0.0049751243781093,0.0,1.0,0.9950248756218906,1.0,0.0703588837001539,1.0,1.0,1.0,0.0049751243781093,0.0052108534633565,2.0,20.0,2.08955223880597,2.0,1.2664599066027713,18.0,2.0,2.0,0.0426439232409381,0.0227998753117207,0.4738154613466334,0.0324133695611717,0.0295330423940149,0.0319088750838009,0.4510155860349127,0.0241465087281795,0.0353684538653366,0.1808672089972143,694,11066,29.39999961853028,11.329386711120604,694.0,643.0,588.0,400,hard,medium,False,884.0,884,884,instances/yn1,OptalCP in 6h,0.3778771382050334,0.0039337850333221,0.0004720549175124,-0.0001160931094938,0.0005363929491307,0.0005063174778284,0.0007615266332597,-0.0001199076094503,-2.618378361682877e-05,-0.0009279998456813,0.0018931590139894,-0.0003759095725424,0.0005427398975822,1.0832948500608144e-05,0.000523696316021,2.9954836842456288e-05,0.0002898545419717,-0.0005851177173128,0.0010543994585391,-0.0023684522227261,0.0016297389234849,-0.0082821121400077,-0.0114175228605252,-0.0059349068963152,-0.0109607268625364,0.0004214169106108,0.0051563086241704,0.0093606408196934,0.0040398119104688,6.650275833550714e-05,0.0038224191612266,0.0048561493145497,0.0054034459654578,-0.0059074157165955,-8.189835438935842e-08,-0.0069975948815008,-1.4399056675088165e-07,-0.0060821208993817,-4.1050088665180695e-09,-7.614448923943943e-09,-1.3590637378470056e-07,-0.0072293873915248,-0.0055503184709064,0.0047311821828729,0.0003397450618477,-0.0003864458201988,0.0039388386206638,-2.9482727412855446e-09,-0.0002672114086647,0.0052993847205258,0.0021916706949584,0.0126929739178973,0.0057961593306976,-0.0037374127636444,0.0122418295475341,0.0045968062778341,0.0025154696733935,0.0002771704107194,-0.0022777145898615,-0.0105201040569916,0.0007382479044681,9.98985646019294e-05,-0.0020638668843221,-0.0038397290483487,-0.0256735946682994,-0.0061255077291412
yn2.pt,20,20,0.0,49.0,29.2636815920398,30.0,11.525663528804465,49.0,20.0,39.0,0.2268329383345089,-1.0,19.0,9.447761194029852,9.0,5.799168533873217,20.0,4.0,14.0,0.3532338308457712,19.35572052001953,13.468605041503906,420,7600,402,8020,0.0471458170494162,0.0,19.0,18.90547263681592,19.0,1.3368187903029258,19.0,19.0,19.0,0.0049751243781093,0.0,1.0,0.9950248756218906,1.0,0.0703588837001539,1.0,1.0,1.0,0.0049751243781093,0.0052108534633565,2.0,20.0,2.08955223880597,2.0,1.2664599066027713,18.0,2.0,2.0,0.0426439232409381,0.0227998753117207,0.4738154613466334,0.0324133695611717,0.0295330423940149,0.0319088750838009,0.4510155860349127,0.0241465087281795,0.0353684538653366,0.1808672089972143,713,11051,29.40999984741211,11.366701126098633,713.0,686.0,588.2,400,hard,medium,False,904.0,904,904,instances/yn2,OptalCP in 40h,0.3779003729679115,0.0039049008322456,0.0004676813846658,-0.0001166677896627,0.0004784910170739,0.0005064630057495,0.0007743547641074,-0.0001198958039305,-2.5967680594387364e-05,-0.0009136545395073,0.0018927432809287,-0.0003725925549257,0.0004859580690843,1.1169016426520432e-05,0.0004914714220532,3.0727907773921536e-05,0.0002899859057577,-0.0005771819877834,0.001081410797972,-0.002337156383775,0.0016646246040412,-0.0083049854825746,-0.0114190933739956,-0.0059580500010493,-0.0109321485389076,0.0004171134981534,0.005157086821509,0.0093608872883523,0.0040414040032675,6.693720627630132e-05,0.003794352439937,0.0048558338926519,0.0053889719094563,-0.005902608680326,-8.192705044525524e-08,-0.0070039399622962,-1.4382314716084214e-07,-0.0060821324846154,-3.397663379965853e-09,-7.80579071037261e-09,-1.3590637378470056e-07,-0.007247560992481,-0.005554938270005,0.0047460635355694,0.0003338060953333,-0.0003936879310598,0.0039385594049034,-2.9482727412855446e-09,-0.0002639945726645,0.0052880562113925,0.0021926946237357,0.0126500548783918,0.0058006817469806,-0.0037383929234647,0.0122384768466808,0.0046222171015617,0.0024948301292654,0.0002814514684504,-0.0023806886965131,-0.0105539911691194,0.0007336849929083,9.745471631233598e-05,-0.002103606464927,-0.0035080290078328,-0.0255941895970368,-0.0061550434508475
yn3.pt,20,20,0.0,49.0,28.912935323383085,29.0,11.06515672613481,49.0,20.0,37.0,0.220186386316717,-1.0,19.0,9.447761194029852,9.0,5.7991685338732175,20.0,4.0,14.0,0.3532338308457712,19.18034744262696,13.143715858459473,420,7600,402,8020,0.0471458170494162,0.0,19.0,18.90547263681592,19.0,1.3368187903029258,19.0,19.0,19.0,0.0049751243781093,0.0,1.0,0.9950248756218906,1.0,0.0703588837001539,1.0,1.0,1.0,0.0049751243781093,0.0052108534633565,2.0,20.0,2.08955223880597,2.0,1.2664599066027713,18.0,2.0,2.0,0.0426439232409381,0.0227998753117207,0.4738154613466334,0.0324133695611717,0.0295330423940149,0.0319088750838009,0.4510155860349127,0.0241465087281795,0.0353684538653366,0.1808672089972143,680,10943,29.0575008392334,10.901798248291016,680.0,659.0,581.15,400,hard,medium,False,892.0,892,892,instances/yn3,OptalCP in 40h,0.37806185011602,0.003904786000987,0.0004664031380039,-0.0001191167008152,0.0005367897619543,0.0005069801150139,0.0007644517843181,-0.0001198664677137,-2.3660389166900983e-05,-0.00092806463466,0.0018930219262361,-0.000376081337171,0.0005494634673513,7.8698027390228e-06,0.0005239474641383,2.9922362826210407e-05,0.0002896857970413,-0.0005848260802973,0.0009928128395035,-0.0023362076324688,0.0016247208595952,-0.0082945868518228,-0.0114225046558037,-0.0059546521969557,-0.0109247050909839,0.0004207697926978,0.0051554039799165,0.0093594905900142,0.0040395001567115,6.800083686639927e-05,0.0038117574270809,0.0048583469674864,0.0053790897215338,-0.0059089394543411,-8.192705044525524e-08,-0.006998415129207,-1.4382314716084214e-07,-0.0060812907132823,-3.512946633474994e-09,-7.827574499833231e-09,-1.3590434660700486e-07,-0.0072308468312237,-0.005546520169853,0.0047437633779594,0.0003360674828882,-0.0003875432901093,0.0039409614080563,-2.9482727412855446e-09,-0.0002642278496518,0.0052998825285446,0.0021895811602002,0.0127250492757521,0.0057985594891065,-0.003737710216361,0.0122936222927089,0.0046126027629,0.0025144275485521,0.0002807667758845,-0.0022565641756178,-0.0105850524155023,0.0007390529051406,9.416909874897028e-05,-0.00206945580069,-0.0036298480398219,-0.0256629947345661,-0.0061261602781497
yn4.pt,20,20,0.0,49.0,30.054726368159205,30.0,11.863317350428016,49.0,20.0,40.0,0.2273613722481779,-1.0,19.0,9.447761194029852,9.0,5.799168533873217,20.0,4.0,14.0,0.3532338308457712,19.7512435913086,13.90489387512207,420,7600,402,8020,0.0471458170494162,0.0,19.0,18.90547263681592,19.0,1.3368187903029258,19.0,19.0,19.0,0.0049751243781093,0.0,1.0,0.9950248756218906,1.0,0.0703588837001539,1.0,1.0,1.0,0.0049751243781093,0.0052108534633565,2.0,20.0,2.08955223880597,2.0,1.2664599066027713,18.0,2.0,2.0,0.0426439232409381,0.0227998753117207,0.4738154613466334,0.0324133695611717,0.0295330423940149,0.0319088750838009,0.4510155860349127,0.0241465087281795,0.0353684538653366,0.1808672089972143,719,11363,30.20499992370605,11.700553894042969,719.0,676.0,604.1,400,hard,medium,False,967.0,967,967,instances/yn4,OptalCP in 16h,0.3781132675831127,0.0039086933558638,0.0004742508549484,-0.0001169677969399,0.0004777471016629,0.0004481464921988,0.0007665355496356,-0.0001196980817046,-2.581227844648795e-05,-0.0009314301940747,0.0018978904357357,-0.0003575809912937,0.0004845406184789,1.2109136128992212e-05,0.0004829785004354,3.286500957329579e-05,0.0002896023607711,-0.000577112448335,0.0010736632776177,-0.0023365219885447,0.0016664937921486,-0.0082911878880413,-0.0113878075055089,-0.0059584532591655,-0.0109245445170303,0.0004174979286072,0.0051545885923112,0.0093303618249624,0.0040325245165901,6.76231667983008e-05,0.0037898174551057,0.0048479800665093,0.0053794226302796,-0.0059030477807786,-8.236942421397217e-08,-0.0070013124762855,-1.438954095392637e-07,-0.006067496049842,-6.201173271782341e-11,-7.839801647241903e-09,-1.3590276750699866e-07,-0.0072059518281357,-0.0055627439338032,0.0047253045771213,0.0003706765007407,-0.0003928624633291,0.0039336574348534,-2.9482727412855446e-09,-0.0002270757648363,0.0052952575006889,0.0022158181984024,0.0126706075763543,0.0057815670084385,-0.0037355146696847,0.0122355234783131,0.0045953647242303,0.0024939067928904,0.0002837346900769,-0.0023810373415961,-0.0103344817831389,0.0007358170238004,0.0001002977319509,-0.0020984024675026,-0.0036166152727977,-0.0255535216503043,-0.0061323911694409
