exact_class_id,n_instances,signed_diff_m0,signed_diff_m1,signed_diff_m2,signed_diff_m3,abs_diff_m0,abs_diff_m1,abs_diff_m2,abs_diff_m3,mean_perm_matrix_json,std_perm_matrix_json
0,24,-5.217391304347826,0.5797101449275363,2.028985507246377,2.608695652173913,5.217391304347826,5.217391304347826,5.217391304347826,5.217391304347826,"[[1.5, 1.5, 1.5, 1.5], [1.5, 1.5, 1.5, 1.5], [1.5, 1.5, 1.5, 1.5], [1.5, 1.5, 1.5, 1.5]]","[[1.118033988749895, 1.118033988749895, 1.118033988749895, 1.118033988749895], [1.118033988749895, 1.118033988749895, 1.118033988749895, 1.118033988749895], [1.118033988749895, 1.118033988749895, 1.118033988749895, 1.118033988749895], [1.118033988749895, 1.118033988749895, 1.118033988749895, 1.118033988749895]]"
1,192,-4.033595113438046,-0.4341186736474695,2.026614310645724,2.4410994764397906,4.467713787085515,4.467713787085515,4.467713787085515,4.467713787085515,"[[1.5, 1.5, 1.5, 1.5], [1.5, 1.5, 1.5, 1.5], [1.5, 1.5, 1.5, 1.5], [1.5, 1.5, 1.5, 1.5]]","[[1.118033988749895, 1.118033988749895, 1.118033988749895, 1.118033988749895], [1.118033988749895, 1.118033988749895, 1.118033988749895, 1.118033988749895], [1.118033988749895, 1.118033988749895, 1.118033988749895, 1.118033988749895], [1.118033988749895, 1.118033988749895, 1.118033988749895, 1.118033988749895]]"
2,96,-5.052631578947368,1.0350877192982457,1.4912280701754386,2.526315789473684,5.052631578947368,3.6491228070175437,3.6491228070175437,5.052631578947368,"[[1.5, 1.5, 1.5, 1.5], [1.5, 1.5, 1.5, 1.5], [1.5, 1.5, 1.5, 1.5], [1.5, 1.5, 1.5, 1.5]]","[[1.118033988749895, 1.118033988749895, 1.118033988749895, 1.118033988749895], [1.118033988749895, 1.118033988749895, 1.118033988749895, 1.118033988749895], [1.118033988749895, 1.118033988749895, 1.118033988749895, 1.118033988749895], [1.118033988749895, 1.118033988749895, 1.118033988749895, 1.118033988749895]]"
3,192,-3.901614310645724,0.4788394415357766,1.1212914485165795,2.3014834205933683,4.467713787085515,3.630017452006981,3.630017452006981,4.467713787085515,"[[1.5, 1.5, 1.5, 1.5], [1.5, 1.5, 1.5, 1.5], [1.5, 1.5, 1.5, 1.5], [1.5, 1.5, 1.5, 1.5]]","[[1.118033988749895, 1.118033988749895, 1.118033988749895, 1.118033988749895], [1.118033988749895, 1.118033988749895, 1.118033988749895, 1.118033988749895], [1.118033988749895, 1.118033988749895, 1.118033988749895, 1.118033988749895], [1.118033988749895, 1.118033988749895, 1.118033988749895, 1.118033988749895]]"
4,192,-3.9103403141361257,0.4744764397905759,1.1343804537521816,2.3014834205933683,4.467713787085515,3.630017452006981,3.630017452006981,4.467713787085515,"[[1.5, 1.5, 1.5, 1.5], [1.5, 1.5, 1.5, 1.5], [1.5, 1.5, 1.5, 1.5], [1.5, 1.5, 1.5, 1.5]]","[[1.118033988749895, 1.118033988749895, 1.118033988749895, 1.118033988749895], [1.118033988749895, 1.118033988749895, 1.118033988749895, 1.118033988749895], [1.118033988749895, 1.118033988749895, 1.118033988749895, 1.118033988749895], [1.118033988749895, 1.118033988749895, 1.118033988749895, 1.118033988749895]]"
5,192,-3.7718150087260036,0.8922338568935427,0.7002617801047121,2.1793193717277486,4.467713787085515,4.467713787085515,4.467713787085515,4.467713787085515,"[[1.5, 1.5, 1.5, 1.5], [1.5, 1.5, 1.5, 1.5], [1.5, 1.5, 1.5, 1.5], [1.5, 1.5, 1.5, 1.5]]","[[1.118033988749895, 1.118033988749895, 1.118033988749895, 1.118033988749895], [1.118033988749895, 1.118033988749895, 1.118033988749895, 1.118033988749895], [1.118033988749895, 1.118033988749895, 1.118033988749895, 1.118033988749895], [1.118033988749895, 1.118033988749895, 1.118033988749895, 1.118033988749895]]"
6,96,-3.0,-1.4912280701754386,2.175438596491228,2.3157894736842106,3.6491228070175437,3.6491228070175437,3.6491228070175437,3.6491228070175437,"[[1.5, 1.5, 1.5, 1.5], [1.5, 1.5, 1.5, 1.5], [1.5, 1.5, 1.5, 1.5], [1.5, 1.5, 1.5, 1.5]]","[[1.118033988749895, 1.118033988749895, 1.118033988749895, 1.118033988749895], [1.118033988749895, 1.118033988749895, 1.118033988749895, 1.118033988749895], [1.118033988749895, 1.118033988749895, 1.118033988749895, 1.118033988749895], [1.118033988749895, 1.118033988749895, 1.118033988749895, 1.118033988749895]]"
7,192,-2.641797556719023,-0.20506108202443282,1.8302792321116927,1.0165794066317626,3.630017452006981,3.630017452006981,3.630017452006981,3.630017452006981,"[[1.5, 1.5, 1.5, 1.5], [1.5, 1.5, 1.5, 1.5], [1.5, 1.5, 1.5, 1.5], [1.5, 1.5, 1.5, 1.5]]","[[1.118033988749895, 1.118033988749895, 1.118033988749895, 1.118033988749895], [1.118033988749895, 1.118033988749895, 1.118033988749895, 1.118033988749895], [1.118033988749895, 1.118033988749895, 1.118033988749895, 1.118033988749895], [1.118033988749895, 1.118033988749895, 1.118033988749895, 1.118033988749895]]"
8,96,-2.745614035087719,-0.10526315789473684,0.7719298245614035,2.0789473684210527,3.6491228070175437,3.6491228070175437,3.6491228070175437,3.6491228070175437,"[[1.5, 1.5, 1.5, 1.5], [1.5, 1.5, 1.5, 1.5], [1.5, 1.5, 1.5, 1.5], [1.5, 1.5, 1.5, 1.5]]","[[1.118033988749895, 1.118033988749895, 1.118033988749895, 1.118033988749895], [1.118033988749895, 1.118033988749895, 1.118033988749895, 1.118033988749895], [1.118033988749895, 1.118033988749895, 1.118033988749895, 1.118033988749895], [1.118033988749895, 1.118033988749895, 1.118033988749895, 1.118033988749895]]"
9,192,-2.506544502617801,0.2399650959860384,1.37543630017452,0.8911431064572426,3.630017452006981,4.467713787085515,4.467713787085515,3.630017452006981,"[[1.5, 1.5, 1.5, 1.5], [1.5, 1.5, 1.5, 1.5], [1.5, 1.5, 1.5, 1.5], [1.5, 1.5, 1.5, 1.5]]","[[1.118033988749895, 1.118033988749895, 1.118033988749895, 1.118033988749895], [1.118033988749895, 1.118033988749895, 1.118033988749895, 1.118033988749895], [1.118033988749895, 1.118033988749895, 1.118033988749895, 1.118033988749895], [1.118033988749895, 1.118033988749895, 1.118033988749895, 1.118033988749895]]"
10,96,-2.745614035087719,-0.10526315789473684,0.7719298245614035,2.0789473684210527,3.6491228070175437,3.6491228070175437,3.6491228070175437,3.6491228070175437,"[[1.5, 1.5, 1.5, 1.5], [1.5, 1.5, 1.5, 1.5], [1.5, 1.5, 1.5, 1.5], [1.5, 1.5, 1.5, 1.5]]","[[1.118033988749895, 1.118033988749895, 1.118033988749895, 1.118033988749895], [1.118033988749895, 1.118033988749895, 1.118033988749895, 1.118033988749895], [1.118033988749895, 1.118033988749895, 1.118033988749895, 1.118033988749895], [1.118033988749895, 1.118033988749895, 1.118033988749895, 1.118033988749895]]"
11,192,-2.5109075043630016,0.23778359511343805,1.3841623036649215,0.8889616055846422,3.630017452006981,4.467713787085515,4.467713787085515,3.630017452006981,"[[1.5, 1.5, 1.5, 1.5], [1.5, 1.5, 1.5, 1.5], [1.5, 1.5, 1.5, 1.5], [1.5, 1.5, 1.5, 1.5]]","[[1.118033988749895, 1.118033988749895, 1.118033988749895, 1.118033988749895], [1.118033988749895, 1.118033988749895, 1.118033988749895, 1.118033988749895], [1.118033988749895, 1.118033988749895, 1.118033988749895, 1.118033988749895], [1.118033988749895, 1.118033988749895, 1.118033988749895, 1.118033988749895]]"
12,96,-2.473684210526316,1.2982456140350878,-0.6140350877192983,1.7894736842105263,3.6491228070175437,3.6491228070175437,3.6491228070175437,3.6491228070175437,"[[1.5, 1.5, 1.5, 1.5], [1.5, 1.5, 1.5, 1.5], [1.5, 1.5, 1.5, 1.5], [1.5, 1.5, 1.5, 1.5]]","[[1.118033988749895, 1.118033988749895, 1.118033988749895, 1.118033988749895], [1.118033988749895, 1.118033988749895, 1.118033988749895, 1.118033988749895], [1.118033988749895, 1.118033988749895, 1.118033988749895, 1.118033988749895], [1.118033988749895, 1.118033988749895, 1.118033988749895, 1.118033988749895]]"
13,192,-2.380017452006981,1.219458987783595,0.40575916230366493,0.7547993019197208,3.630017452006981,3.630017452006981,3.630017452006981,3.630017452006981,"[[1.5, 1.5, 1.5, 1.5], [1.5, 1.5, 1.5, 1.5], [1.5, 1.5, 1.5, 1.5], [1.5, 1.5, 1.5, 1.5]]","[[1.118033988749895, 1.118033988749895, 1.118033988749895, 1.118033988749895], [1.118033988749895, 1.118033988749895, 1.118033988749895, 1.118033988749895], [1.118033988749895, 1.118033988749895, 1.118033988749895, 1.118033988749895], [1.118033988749895, 1.118033988749895, 1.118033988749895, 1.118033988749895]]"
14,96,-2.263157894736842,0.5614035087719298,1.9649122807017543,-0.2631578947368421,3.6491228070175437,5.052631578947368,5.052631578947368,3.6491228070175437,"[[1.5, 1.5, 1.5, 1.5], [1.5, 1.5, 1.5, 1.5], [1.5, 1.5, 1.5, 1.5], [1.5, 1.5, 1.5, 1.5]]","[[1.118033988749895, 1.118033988749895, 1.118033988749895, 1.118033988749895], [1.118033988749895, 1.118033988749895, 1.118033988749895, 1.118033988749895], [1.118033988749895, 1.118033988749895, 1.118033988749895, 1.118033988749895], [1.118033988749895, 1.118033988749895, 1.118033988749895, 1.118033988749895]]"
15,96,-2.263157894736842,1.087719298245614,1.4385964912280702,-0.2631578947368421,3.6491228070175437,3.6491228070175437,3.6491228070175437,3.6491228070175437,"[[1.5, 1.5, 1.5, 1.5], [1.5, 1.5, 1.5, 1.5], [1.5, 1.5, 1.5, 1.5], [1.5, 1.5, 1.5, 1.5]]","[[1.118033988749895, 1.118033988749895, 1.118033988749895, 1.118033988749895], [1.118033988749895, 1.118033988749895, 1.118033988749895, 1.118033988749895], [1.118033988749895, 1.118033988749895, 1.118033988749895, 1.118033988749895], [1.118033988749895, 1.118033988749895, 1.118033988749895, 1.118033988749895]]"
16,144,-3.6907536907536906,-0.7847707847707848,2.0823620823620823,2.393162393162393,4.1678321678321675,4.1678321678321675,4.1678321678321675,4.1678321678321675,"[[1.5, 1.5, 1.5, 1.5], [1.5, 1.5, 1.5, 1.5], [1.5, 1.5, 1.5, 1.5], [1.5, 1.5, 1.5, 1.5]]","[[1.118033988749895, 1.118033988749895, 1.118033988749895, 1.118033988749895], [1.118033988749895, 1.118033988749895, 1.118033988749895, 1.118033988749895], [1.118033988749895, 1.118033988749895, 1.118033988749895, 1.118033988749895], [1.118033988749895, 1.118033988749895, 1.118033988749895, 1.118033988749895]]"
17,576,-3.9783816425120775,0.17717391304347826,1.4108695652173913,2.3903381642512076,4.452173913043478,2.9495652173913043,2.9495652173913043,4.452173913043478,"[[1.5, 1.5, 1.5, 1.5], [1.5, 1.5, 1.5, 1.5], [1.5, 1.5, 1.5, 1.5], [1.5, 1.5, 1.5, 1.5]]","[[1.118033988749895, 1.118033988749895, 1.118033988749895, 1.118033988749895], [1.118033988749895, 1.118033988749895, 1.118033988749895, 1.118033988749895], [1.118033988749895, 1.118033988749895, 1.118033988749895, 1.118033988749895], [1.118033988749895, 1.118033988749895, 1.118033988749895, 1.118033988749895]]"
18,576,-3.1620772946859903,-0.06884057971014493,1.0427536231884058,2.1881642512077293,3.812173913043478,3.2973913043478262,3.2973913043478262,3.812173913043478,"[[1.5, 1.5, 1.5, 1.5], [1.5, 1.5, 1.5, 1.5], [1.5, 1.5, 1.5, 1.5], [1.5, 1.5, 1.5, 1.5]]","[[1.118033988749895, 1.118033988749895, 1.118033988749895, 1.118033988749895], [1.118033988749895, 1.118033988749895, 1.118033988749895, 1.118033988749895], [1.118033988749895, 1.118033988749895, 1.118033988749895, 1.118033988749895], [1.118033988749895, 1.118033988749895, 1.118033988749895, 1.118033988749895]]"
19,576,-3.594685990338164,-0.015458937198067632,1.2990338164251207,2.311111111111111,4.1460869565217395,2.9495652173913043,2.9495652173913043,4.1460869565217395,"[[1.5, 1.5, 1.5, 1.5], [1.5, 1.5, 1.5, 1.5], [1.5, 1.5, 1.5, 1.5], [1.5, 1.5, 1.5, 1.5]]","[[1.118033988749895, 1.118033988749895, 1.118033988749895, 1.118033988749895], [1.118033988749895, 1.118033988749895, 1.118033988749895, 1.118033988749895], [1.118033988749895, 1.118033988749895, 1.118033988749895, 1.118033988749895], [1.118033988749895, 1.118033988749895, 1.118033988749895, 1.118033988749895]]"
20,576,-3.1183574879227054,0.07922705314009662,0.8955314009661836,2.1435990338164252,3.812173913043478,3.617391304347826,3.617391304347826,3.812173913043478,"[[1.5, 1.5, 1.5, 1.5], [1.5, 1.5, 1.5, 1.5], [1.5, 1.5, 1.5, 1.5], [1.5, 1.5, 1.5, 1.5]]","[[1.118033988749895, 1.118033988749895, 1.118033988749895, 1.118033988749895], [1.118033988749895, 1.118033988749895, 1.118033988749895, 1.118033988749895], [1.118033988749895, 1.118033988749895, 1.118033988749895, 1.118033988749895], [1.118033988749895, 1.118033988749895, 1.118033988749895, 1.118033988749895]]"
21,288,-2.9713511420828493,-1.4885791715060008,2.140921409214092,2.319008904374758,3.6236933797909407,3.6236933797909407,3.6236933797909407,3.6236933797909407,"[[1.5, 1.5, 1.5, 1.5], [1.5, 1.5, 1.5, 1.5], [1.5, 1.5, 1.5, 1.5], [1.5, 1.5, 1.5, 1.5]]","[[1.118033988749895, 1.118033988749895, 1.118033988749895, 1.118033988749895], [1.118033988749895, 1.118033988749895, 1.118033988749895, 1.118033988749895], [1.118033988749895, 1.118033988749895, 1.118033988749895, 1.118033988749895], [1.118033988749895, 1.118033988749895, 1.118033988749895, 1.118033988749895]]"
22,576,-2.6031400966183575,-1.8490338164251208,2.177053140096618,2.27512077294686,3.2973913043478262,3.2973913043478262,3.2973913043478262,3.2973913043478262,"[[1.5, 1.5, 1.5, 1.5], [1.5, 1.5, 1.5, 1.5], [1.5, 1.5, 1.5, 1.5], [1.5, 1.5, 1.5, 1.5]]","[[1.118033988749895, 1.118033988749895, 1.118033988749895, 1.118033988749895], [1.118033988749895, 1.118033988749895, 1.118033988749895, 1.118033988749895], [1.118033988749895, 1.118033988749895, 1.118033988749895, 1.118033988749895], [1.118033988749895, 1.118033988749895, 1.118033988749895, 1.118033988749895]]"
23,576,-2.81207729468599,-0.41304347826086957,1.065217391304348,2.159903381642512,3.617391304347826,2.9495652173913043,2.9495652173913043,3.617391304347826,"[[1.5, 1.5, 1.5, 1.5], [1.5, 1.5, 1.5, 1.5], [1.5, 1.5, 1.5, 1.5], [1.5, 1.5, 1.5, 1.5]]","[[1.118033988749895, 1.118033988749895, 1.118033988749895, 1.118033988749895], [1.118033988749895, 1.118033988749895, 1.118033988749895, 1.118033988749895], [1.118033988749895, 1.118033988749895, 1.118033988749895, 1.118033988749895], [1.118033988749895, 1.118033988749895, 1.118033988749895, 1.118033988749895]]"
24,576,-1.8708937198067632,-0.7754830917874396,1.7485507246376812,0.8978260869565218,2.9495652173913043,3.2973913043478262,3.2973913043478262,2.9495652173913043,"[[1.5, 1.5, 1.5, 1.5], [1.5, 1.5, 1.5, 1.5], [1.5, 1.5, 1.5, 1.5], [1.5, 1.5, 1.5, 1.5]]","[[1.118033988749895, 1.118033988749895, 1.118033988749895, 1.118033988749895], [1.118033988749895, 1.118033988749895, 1.118033988749895, 1.118033988749895], [1.118033988749895, 1.118033988749895, 1.118033988749895, 1.118033988749895], [1.118033988749895, 1.118033988749895, 1.118033988749895, 1.118033988749895]]"
25,576,-2.41268115942029,-0.6121980676328502,0.9420289855072463,2.0828502415458936,3.2973913043478262,2.9495652173913043,2.9495652173913043,3.2973913043478262,"[[1.5, 1.5, 1.5, 1.5], [1.5, 1.5, 1.5, 1.5], [1.5, 1.5, 1.5, 1.5], [1.5, 1.5, 1.5, 1.5]]","[[1.118033988749895, 1.118033988749895, 1.118033988749895, 1.118033988749895], [1.118033988749895, 1.118033988749895, 1.118033988749895, 1.118033988749895], [1.118033988749895, 1.118033988749895, 1.118033988749895, 1.118033988749895], [1.118033988749895, 1.118033988749895, 1.118033988749895, 1.118033988749895]]"
26,576,-1.8280193236714977,-0.6176328502415459,1.5903381642512078,0.8553140096618358,2.9495652173913043,3.617391304347826,3.617391304347826,2.9495652173913043,"[[1.5, 1.5, 1.5, 1.5], [1.5, 1.5, 1.5, 1.5], [1.5, 1.5, 1.5, 1.5], [1.5, 1.5, 1.5, 1.5]]","[[1.118033988749895, 1.118033988749895, 1.118033988749895, 1.118033988749895], [1.118033988749895, 1.118033988749895, 1.118033988749895, 1.118033988749895], [1.118033988749895, 1.118033988749895, 1.118033988749895, 1.118033988749895], [1.118033988749895, 1.118033988749895, 1.118033988749895, 1.118033988749895]]"
27,576,-2.7797101449275363,-0.4514492753623188,1.4231884057971014,1.8079710144927537,3.617391304347826,2.9495652173913043,2.9495652173913043,3.617391304347826,"[[1.5, 1.5, 1.5, 1.5], [1.5, 1.5, 1.5, 1.5], [1.5, 1.5, 1.5, 1.5], [1.5, 1.5, 1.5, 1.5]]","[[1.118033988749895, 1.118033988749895, 1.118033988749895, 1.118033988749895], [1.118033988749895, 1.118033988749895, 1.118033988749895, 1.118033988749895], [1.118033988749895, 1.118033988749895, 1.118033988749895, 1.118033988749895], [1.118033988749895, 1.118033988749895, 1.118033988749895, 1.118033988749895]]"
28,576,-1.9495169082125603,-0.7026570048309179,1.0332125603864735,1.6189613526570048,2.9495652173913043,3.2973913043478262,3.2973913043478262,2.9495652173913043,"[[1.5, 1.5, 1.5, 1.5], [1.5, 1.5, 1.5, 1.5], [1.5, 1.5, 1.5, 1.5], [1.5, 1.5, 1.5, 1.5]]","[[1.118033988749895, 1.118033988749895, 1.118033988749895, 1.118033988749895], [1.118033988749895, 1.118033988749895, 1.118033988749895, 1.118033988749895], [1.118033988749895, 1.118033988749895, 1.118033988749895, 1.118033988749895], [1.118033988749895, 1.118033988749895, 1.118033988749895, 1.118033988749895]]"
29,576,-2.657608695652174,0.001570048309178744,0.9698067632850241,1.686231884057971,3.617391304347826,3.812173913043478,3.812173913043478,3.617391304347826,"[[1.5, 1.5, 1.5, 1.5], [1.5, 1.5, 1.5, 1.5], [1.5, 1.5, 1.5, 1.5], [1.5, 1.5, 1.5, 1.5]]","[[1.118033988749895, 1.118033988749895, 1.118033988749895, 1.118033988749895], [1.118033988749895, 1.118033988749895, 1.118033988749895, 1.118033988749895], [1.118033988749895, 1.118033988749895, 1.118033988749895, 1.118033988749895], [1.118033988749895, 1.118033988749895, 1.118033988749895, 1.118033988749895]]"
30,576,-1.71256038647343,-0.34782608695652173,1.6371980676328501,0.42318840579710143,2.9495652173913043,4.1460869565217395,4.1460869565217395,2.9495652173913043,"[[1.5, 1.5, 1.5, 1.5], [1.5, 1.5, 1.5, 1.5], [1.5, 1.5, 1.5, 1.5], [1.5, 1.5, 1.5, 1.5]]","[[1.118033988749895, 1.118033988749895, 1.118033988749895, 1.118033988749895], [1.118033988749895, 1.118033988749895, 1.118033988749895, 1.118033988749895], [1.118033988749895, 1.118033988749895, 1.118033988749895, 1.118033988749895], [1.118033988749895, 1.118033988749895, 1.118033988749895, 1.118033988749895]]"
31,576,-1.7340579710144928,0.577536231884058,-0.24106280193236715,1.3975845410628018,2.9495652173913043,2.9495652173913043,2.9495652173913043,2.9495652173913043,"[[1.5, 1.5, 1.5, 1.5], [1.5, 1.5, 1.5, 1.5], [1.5, 1.5, 1.5, 1.5], [1.5, 1.5, 1.5, 1.5]]","[[1.118033988749895, 1.118033988749895, 1.118033988749895, 1.118033988749895], [1.118033988749895, 1.118033988749895, 1.118033988749895, 1.118033988749895], [1.118033988749895, 1.118033988749895, 1.118033988749895, 1.118033988749895], [1.118033988749895, 1.118033988749895, 1.118033988749895, 1.118033988749895]]"
32,576,-1.6314009661835749,0.4777777777777778,0.8169082125603865,0.3367149758454106,2.9495652173913043,2.9495652173913043,2.9495652173913043,2.9495652173913043,"[[1.5, 1.5, 1.5, 1.5], [1.5, 1.5, 1.5, 1.5], [1.5, 1.5, 1.5, 1.5], [1.5, 1.5, 1.5, 1.5]]","[[1.118033988749895, 1.118033988749895, 1.118033988749895, 1.118033988749895], [1.118033988749895, 1.118033988749895, 1.118033988749895, 1.118033988749895], [1.118033988749895, 1.118033988749895, 1.118033988749895, 1.118033988749895], [1.118033988749895, 1.118033988749895, 1.118033988749895, 1.118033988749895]]"
33,576,-2.3466183574879227,-0.6896135265700483,1.665096618357488,1.3711352657004832,3.2973913043478262,2.9495652173913043,2.9495652173913043,3.2973913043478262,"[[1.5, 1.5, 1.5, 1.5], [1.5, 1.5, 1.5, 1.5], [1.5, 1.5, 1.5, 1.5], [1.5, 1.5, 1.5, 1.5]]","[[1.118033988749895, 1.118033988749895, 1.118033988749895, 1.118033988749895], [1.118033988749895, 1.118033988749895, 1.118033988749895, 1.118033988749895], [1.118033988749895, 1.118033988749895, 1.118033988749895, 1.118033988749895], [1.118033988749895, 1.118033988749895, 1.118033988749895, 1.118033988749895]]"
34,576,-1.872463768115942,-0.5826086956521739,1.2367149758454106,1.2183574879227053,2.9495652173913043,3.617391304347826,3.617391304347826,2.9495652173913043,"[[1.5, 1.5, 1.5, 1.5], [1.5, 1.5, 1.5, 1.5], [1.5, 1.5, 1.5, 1.5], [1.5, 1.5, 1.5, 1.5]]","[[1.118033988749895, 1.118033988749895, 1.118033988749895, 1.118033988749895], [1.118033988749895, 1.118033988749895, 1.118033988749895, 1.118033988749895], [1.118033988749895, 1.118033988749895, 1.118033988749895, 1.118033988749895], [1.118033988749895, 1.118033988749895, 1.118033988749895, 1.118033988749895]]"
35,576,-2.22487922705314,-0.22729468599033817,1.20024154589372,1.2519323671497584,3.2973913043478262,3.812173913043478,3.812173913043478,3.2973913043478262,"[[1.5, 1.5, 1.5, 1.5], [1.5, 1.5, 1.5, 1.5], [1.5, 1.5, 1.5, 1.5], [1.5, 1.5, 1.5, 1.5]]","[[1.118033988749895, 1.118033988749895, 1.118033988749895, 1.118033988749895], [1.118033988749895, 1.118033988749895, 1.118033988749895, 1.118033988749895], [1.118033988749895, 1.118033988749895, 1.118033988749895, 1.118033988749895], [1.118033988749895, 1.118033988749895, 1.118033988749895, 1.118033988749895]]"
36,576,-1.62487922705314,-0.23550724637681159,1.833937198067633,0.02644927536231884,2.9495652173913043,4.452173913043478,4.452173913043478,2.9495652173913043,"[[1.5, 1.5, 1.5, 1.5], [1.5, 1.5, 1.5, 1.5], [1.5, 1.5, 1.5, 1.5], [1.5, 1.5, 1.5, 1.5]]","[[1.118033988749895, 1.118033988749895, 1.118033988749895, 1.118033988749895], [1.118033988749895, 1.118033988749895, 1.118033988749895, 1.118033988749895], [1.118033988749895, 1.118033988749895, 1.118033988749895, 1.118033988749895], [1.118033988749895, 1.118033988749895, 1.118033988749895, 1.118033988749895]]"
37,576,-1.7,0.5463768115942029,0.11159420289855072,1.0420289855072464,2.9495652173913043,2.9495652173913043,2.9495652173913043,2.9495652173913043,"[[1.5, 1.5, 1.5, 1.5], [1.5, 1.5, 1.5, 1.5], [1.5, 1.5, 1.5, 1.5], [1.5, 1.5, 1.5, 1.5]]","[[1.118033988749895, 1.118033988749895, 1.118033988749895, 1.118033988749895], [1.118033988749895, 1.118033988749895, 1.118033988749895, 1.118033988749895], [1.118033988749895, 1.118033988749895, 1.118033988749895, 1.118033988749895], [1.118033988749895, 1.118033988749895, 1.118033988749895, 1.118033988749895]]"
38,576,-1.5842995169082126,0.42777777777777776,1.1734299516908213,-0.016908212560386472,2.9495652173913043,2.9495652173913043,2.9495652173913043,2.9495652173913043,"[[1.5, 1.5, 1.5, 1.5], [1.5, 1.5, 1.5, 1.5], [1.5, 1.5, 1.5, 1.5], [1.5, 1.5, 1.5, 1.5]]","[[1.118033988749895, 1.118033988749895, 1.118033988749895, 1.118033988749895], [1.118033988749895, 1.118033988749895, 1.118033988749895, 1.118033988749895], [1.118033988749895, 1.118033988749895, 1.118033988749895, 1.118033988749895], [1.118033988749895, 1.118033988749895, 1.118033988749895, 1.118033988749895]]"
39,72,-5.070422535211268,1.267605633802817,1.267605633802817,2.535211267605634,5.070422535211268,2.9295774647887325,2.9295774647887325,5.070422535211268,"[[1.5, 1.5, 1.5, 1.5], [1.5, 1.5, 1.5, 1.5], [1.5, 1.5, 1.5, 1.5], [1.5, 1.5, 1.5, 1.5]]","[[1.118033988749895, 1.118033988749895, 1.118033988749895, 1.118033988749895], [1.118033988749895, 1.118033988749895, 1.118033988749895, 1.118033988749895], [1.118033988749895, 1.118033988749895, 1.118033988749895, 1.118033988749895], [1.118033988749895, 1.118033988749895, 1.118033988749895, 1.118033988749895]]"
40,576,-3.9306763285024156,0.509903381642512,1.0753623188405796,2.345410628019324,4.452173913043478,2.546086956521739,2.546086956521739,4.452173913043478,"[[1.5, 1.5, 1.5, 1.5], [1.5, 1.5, 1.5, 1.5], [1.5, 1.5, 1.5, 1.5], [1.5, 1.5, 1.5, 1.5]]","[[1.118033988749895, 1.118033988749895, 1.118033988749895, 1.118033988749895], [1.118033988749895, 1.118033988749895, 1.118033988749895, 1.118033988749895], [1.118033988749895, 1.118033988749895, 1.118033988749895, 1.118033988749895], [1.118033988749895, 1.118033988749895, 1.118033988749895, 1.118033988749895]]"
41,576,-3.85,0.9826086956521739,0.6079710144927536,2.2594202898550724,4.452173913043478,2.546086956521739,2.546086956521739,4.452173913043478,"[[1.5, 1.5, 1.5, 1.5], [1.5, 1.5, 1.5, 1.5], [1.5, 1.5, 1.5, 1.5], [1.5, 1.5, 1.5, 1.5]]","[[1.118033988749895, 1.118033988749895, 1.118033988749895, 1.118033988749895], [1.118033988749895, 1.118033988749895, 1.118033988749895, 1.118033988749895], [1.118033988749895, 1.118033988749895, 1.118033988749895, 1.118033988749895], [1.118033988749895, 1.118033988749895, 1.118033988749895, 1.118033988749895]]"
42,576,-3.7989130434782608,1.1228260869565216,0.47053140096618357,2.2055555555555557,4.452173913043478,2.9495652173913043,2.9495652173913043,4.452173913043478,"[[1.5, 1.5, 1.5, 1.5], [1.5, 1.5, 1.5, 1.5], [1.5, 1.5, 1.5, 1.5], [1.5, 1.5, 1.5, 1.5]]","[[1.118033988749895, 1.118033988749895, 1.118033988749895, 1.118033988749895], [1.118033988749895, 1.118033988749895, 1.118033988749895, 1.118033988749895], [1.118033988749895, 1.118033988749895, 1.118033988749895, 1.118033988749895], [1.118033988749895, 1.118033988749895, 1.118033988749895, 1.118033988749895]]"
43,288,-2.9055361982191252,-0.7113821138211383,1.381145954316686,2.2357723577235773,3.6236933797909407,2.062717770034843,2.062717770034843,3.6236933797909407,"[[1.5, 1.5, 1.5, 1.5], [1.5, 1.5, 1.5, 1.5], [1.5, 1.5, 1.5, 1.5], [1.5, 1.5, 1.5, 1.5]]","[[1.118033988749895, 1.118033988749895, 1.118033988749895, 1.118033988749895], [1.118033988749895, 1.118033988749895, 1.118033988749895, 1.118033988749895], [1.118033988749895, 1.118033988749895, 1.118033988749895, 1.118033988749895], [1.118033988749895, 1.118033988749895, 1.118033988749895, 1.118033988749895]]"
44,576,-2.5881642512077296,0.2763285024154589,1.3358695652173913,0.9759661835748792,3.617391304347826,2.546086956521739,2.546086956521739,3.617391304347826,"[[1.5, 1.5, 1.5, 1.5], [1.5, 1.5, 1.5, 1.5], [1.5, 1.5, 1.5, 1.5], [1.5, 1.5, 1.5, 1.5]]","[[1.118033988749895, 1.118033988749895, 1.118033988749895, 1.118033988749895], [1.118033988749895, 1.118033988749895, 1.118033988749895, 1.118033988749895], [1.118033988749895, 1.118033988749895, 1.118033988749895, 1.118033988749895], [1.118033988749895, 1.118033988749895, 1.118033988749895, 1.118033988749895]]"
45,288,-2.643244289585753,0.7133178474641889,-0.04936120789779326,1.9792876500193572,3.6236933797909407,2.062717770034843,2.062717770034843,3.6236933797909407,"[[1.5, 1.5, 1.5, 1.5], [1.5, 1.5, 1.5, 1.5], [1.5, 1.5, 1.5, 1.5], [1.5, 1.5, 1.5, 1.5]]","[[1.118033988749895, 1.118033988749895, 1.118033988749895, 1.118033988749895], [1.118033988749895, 1.118033988749895, 1.118033988749895, 1.118033988749895], [1.118033988749895, 1.118033988749895, 1.118033988749895, 1.118033988749895], [1.118033988749895, 1.118033988749895, 1.118033988749895, 1.118033988749895]]"
46,576,-2.4548309178743963,0.9026570048309178,0.7055555555555556,0.8466183574879227,3.617391304347826,2.9495652173913043,2.9495652173913043,3.617391304347826,"[[1.5, 1.5, 1.5, 1.5], [1.5, 1.5, 1.5, 1.5], [1.5, 1.5, 1.5, 1.5], [1.5, 1.5, 1.5, 1.5]]","[[1.118033988749895, 1.118033988749895, 1.118033988749895, 1.118033988749895], [1.118033988749895, 1.118033988749895, 1.118033988749895, 1.118033988749895], [1.118033988749895, 1.118033988749895, 1.118033988749895, 1.118033988749895], [1.118033988749895, 1.118033988749895, 1.118033988749895, 1.118033988749895]]"
47,288,-2.8116531165311653,-0.23712737127371275,0.9010840108401084,2.1476964769647697,3.6236933797909407,2.062717770034843,2.062717770034843,3.6236933797909407,"[[1.5, 1.5, 1.5, 1.5], [1.5, 1.5, 1.5, 1.5], [1.5, 1.5, 1.5, 1.5], [1.5, 1.5, 1.5, 1.5]]","[[1.118033988749895, 1.118033988749895, 1.118033988749895, 1.118033988749895], [1.118033988749895, 1.118033988749895, 1.118033988749895, 1.118033988749895], [1.118033988749895, 1.118033988749895, 1.118033988749895, 1.118033988749895], [1.118033988749895, 1.118033988749895, 1.118033988749895, 1.118033988749895]]"
48,576,-2.539855072463768,0.42729468599033815,1.183816425120773,0.928743961352657,3.617391304347826,2.9495652173913043,2.9495652173913043,3.617391304347826,"[[1.5, 1.5, 1.5, 1.5], [1.5, 1.5, 1.5, 1.5], [1.5, 1.5, 1.5, 1.5], [1.5, 1.5, 1.5, 1.5]]","[[1.118033988749895, 1.118033988749895, 1.118033988749895, 1.118033988749895], [1.118033988749895, 1.118033988749895, 1.118033988749895, 1.118033988749895], [1.118033988749895, 1.118033988749895, 1.118033988749895, 1.118033988749895], [1.118033988749895, 1.118033988749895, 1.118033988749895, 1.118033988749895]]"
49,288,-2.543554006968641,1.197251258226868,-0.5274874177313201,1.8737901664730934,3.6236933797909407,2.062717770034843,2.062717770034843,3.6236933797909407,"[[1.5, 1.5, 1.5, 1.5], [1.5, 1.5, 1.5, 1.5], [1.5, 1.5, 1.5, 1.5], [1.5, 1.5, 1.5, 1.5]]","[[1.118033988749895, 1.118033988749895, 1.118033988749895, 1.118033988749895], [1.118033988749895, 1.118033988749895, 1.118033988749895, 1.118033988749895], [1.118033988749895, 1.118033988749895, 1.118033988749895, 1.118033988749895], [1.118033988749895, 1.118033988749895, 1.118033988749895, 1.118033988749895]]"
50,576,-2.4079710144927535,1.243719806763285,0.3677536231884058,0.7964975845410628,3.617391304347826,2.546086956521739,2.546086956521739,3.617391304347826,"[[1.5, 1.5, 1.5, 1.5], [1.5, 1.5, 1.5, 1.5], [1.5, 1.5, 1.5, 1.5], [1.5, 1.5, 1.5, 1.5]]","[[1.118033988749895, 1.118033988749895, 1.118033988749895, 1.118033988749895], [1.118033988749895, 1.118033988749895, 1.118033988749895, 1.118033988749895], [1.118033988749895, 1.118033988749895, 1.118033988749895, 1.118033988749895], [1.118033988749895, 1.118033988749895, 1.118033988749895, 1.118033988749895]]"
51,288,-2.239643825009679,1.0607820363917926,1.4479287650019357,-0.2690669763840495,3.6236933797909407,3.6236933797909407,3.6236933797909407,3.6236933797909407,"[[1.5, 1.5, 1.5, 1.5], [1.5, 1.5, 1.5, 1.5], [1.5, 1.5, 1.5, 1.5], [1.5, 1.5, 1.5, 1.5]]","[[1.118033988749895, 1.118033988749895, 1.118033988749895, 1.118033988749895], [1.118033988749895, 1.118033988749895, 1.118033988749895, 1.118033988749895], [1.118033988749895, 1.118033988749895, 1.118033988749895, 1.118033988749895], [1.118033988749895, 1.118033988749895, 1.118033988749895, 1.118033988749895]]"
52,288,-2.239643825009679,1.254355400696864,1.254355400696864,-0.2690669763840495,3.6236933797909407,2.8989547038327528,2.8989547038327528,3.6236933797909407,"[[1.5, 1.5, 1.5, 1.5], [1.5, 1.5, 1.5, 1.5], [1.5, 1.5, 1.5, 1.5], [1.5, 1.5, 1.5, 1.5]]","[[1.118033988749895, 1.118033988749895, 1.118033988749895, 1.118033988749895], [1.118033988749895, 1.118033988749895, 1.118033988749895, 1.118033988749895], [1.118033988749895, 1.118033988749895, 1.118033988749895, 1.118033988749895], [1.118033988749895, 1.118033988749895, 1.118033988749895, 1.118033988749895]]"
53,288,-3.519163763066202,0.46070460704607047,0.835269066976384,2.2231900890437477,4.153310104529616,2.8989547038327528,2.8989547038327528,4.153310104529616,"[[1.5, 1.5, 1.5, 1.5], [1.5, 1.5, 1.5, 1.5], [1.5, 1.5, 1.5, 1.5], [1.5, 1.5, 1.5, 1.5]]","[[1.118033988749895, 1.118033988749895, 1.118033988749895, 1.118033988749895], [1.118033988749895, 1.118033988749895, 1.118033988749895, 1.118033988749895], [1.118033988749895, 1.118033988749895, 1.118033988749895, 1.118033988749895], [1.118033988749895, 1.118033988749895, 1.118033988749895, 1.118033988749895]]"
54,576,-3.119806763285024,0.4393719806763285,0.5404589371980676,2.139975845410628,3.812173913043478,2.0591304347826087,2.0591304347826087,3.812173913043478,"[[1.5, 1.5, 1.5, 1.5], [1.5, 1.5, 1.5, 1.5], [1.5, 1.5, 1.5, 1.5], [1.5, 1.5, 1.5, 1.5]]","[[1.118033988749895, 1.118033988749895, 1.118033988749895, 1.118033988749895], [1.118033988749895, 1.118033988749895, 1.118033988749895, 1.118033988749895], [1.118033988749895, 1.118033988749895, 1.118033988749895, 1.118033988749895], [1.118033988749895, 1.118033988749895, 1.118033988749895, 1.118033988749895]]"
55,576,-3.414975845410628,0.9304347826086956,0.3570048309178744,2.127536231884058,4.1460869565217395,2.9495652173913043,2.9495652173913043,4.1460869565217395,"[[1.5, 1.5, 1.5, 1.5], [1.5, 1.5, 1.5, 1.5], [1.5, 1.5, 1.5, 1.5], [1.5, 1.5, 1.5, 1.5]]","[[1.118033988749895, 1.118033988749895, 1.118033988749895, 1.118033988749895], [1.118033988749895, 1.118033988749895, 1.118033988749895, 1.118033988749895], [1.118033988749895, 1.118033988749895, 1.118033988749895, 1.118033988749895], [1.118033988749895, 1.118033988749895, 1.118033988749895, 1.118033988749895]]"
56,576,-2.032367149758454,-1.0108695652173914,1.3443236714975846,1.6989130434782609,2.9495652173913043,2.546086956521739,2.546086956521739,2.9495652173913043,"[[1.5, 1.5, 1.5, 1.5], [1.5, 1.5, 1.5, 1.5], [1.5, 1.5, 1.5, 1.5], [1.5, 1.5, 1.5, 1.5]]","[[1.118033988749895, 1.118033988749895, 1.118033988749895, 1.118033988749895], [1.118033988749895, 1.118033988749895, 1.118033988749895, 1.118033988749895], [1.118033988749895, 1.118033988749895, 1.118033988749895, 1.118033988749895], [1.118033988749895, 1.118033988749895, 1.118033988749895, 1.118033988749895]]"
57,576,-2.655917874396135,0.34939613526570046,0.6258454106280193,1.6806763285024156,3.617391304347826,2.546086956521739,2.546086956521739,3.617391304347826,"[[1.5, 1.5, 1.5, 1.5], [1.5, 1.5, 1.5, 1.5], [1.5, 1.5, 1.5, 1.5], [1.5, 1.5, 1.5, 1.5]]","[[1.118033988749895, 1.118033988749895, 1.118033988749895, 1.118033988749895], [1.118033988749895, 1.118033988749895, 1.118033988749895, 1.118033988749895], [1.118033988749895, 1.118033988749895, 1.118033988749895, 1.118033988749895], [1.118033988749895, 1.118033988749895, 1.118033988749895, 1.118033988749895]]"
58,576,-1.7144927536231884,-0.012077294685990338,1.3072463768115943,0.41932367149758454,2.9495652173913043,2.893913043478261,2.893913043478261,2.9495652173913043,"[[1.5, 1.5, 1.5, 1.5], [1.5, 1.5, 1.5, 1.5], [1.5, 1.5, 1.5, 1.5], [1.5, 1.5, 1.5, 1.5]]","[[1.118033988749895, 1.118033988749895, 1.118033988749895, 1.118033988749895], [1.118033988749895, 1.118033988749895, 1.118033988749895, 1.118033988749895], [1.118033988749895, 1.118033988749895, 1.118033988749895, 1.118033988749895], [1.118033988749895, 1.118033988749895, 1.118033988749895, 1.118033988749895]]"
59,576,-1.8183574879227054,0.2714975845410628,0.05821256038647343,1.488647342995169,2.9495652173913043,2.0591304347826087,2.0591304347826087,2.9495652173913043,"[[1.5, 1.5, 1.5, 1.5], [1.5, 1.5, 1.5, 1.5], [1.5, 1.5, 1.5, 1.5], [1.5, 1.5, 1.5, 1.5]]","[[1.118033988749895, 1.118033988749895, 1.118033988749895, 1.118033988749895], [1.118033988749895, 1.118033988749895, 1.118033988749895, 1.118033988749895], [1.118033988749895, 1.118033988749895, 1.118033988749895, 1.118033988749895], [1.118033988749895, 1.118033988749895, 1.118033988749895, 1.118033988749895]]"
60,576,-1.626086956521739,0.4647342995169082,0.8299516908212561,0.3314009661835749,2.9495652173913043,2.9495652173913043,2.9495652173913043,2.9495652173913043,"[[1.5, 1.5, 1.5, 1.5], [1.5, 1.5, 1.5, 1.5], [1.5, 1.5, 1.5, 1.5], [1.5, 1.5, 1.5, 1.5]]","[[1.118033988749895, 1.118033988749895, 1.118033988749895, 1.118033988749895], [1.118033988749895, 1.118033988749895, 1.118033988749895, 1.118033988749895], [1.118033988749895, 1.118033988749895, 1.118033988749895, 1.118033988749895], [1.118033988749895, 1.118033988749895, 1.118033988749895, 1.118033988749895]]"
61,288,-2.8145567169957415,-0.24583817266744096,0.8981804103755323,2.16221447928765,3.6236933797909407,2.062717770034843,2.062717770034843,3.6236933797909407,"[[1.5, 1.5, 1.5, 1.5], [1.5, 1.5, 1.5, 1.5], [1.5, 1.5, 1.5, 1.5], [1.5, 1.5, 1.5, 1.5]]","[[1.118033988749895, 1.118033988749895, 1.118033988749895, 1.118033988749895], [1.118033988749895, 1.118033988749895, 1.118033988749895, 1.118033988749895], [1.118033988749895, 1.118033988749895, 1.118033988749895, 1.118033988749895], [1.118033988749895, 1.118033988749895, 1.118033988749895, 1.118033988749895]]"
62,576,-2.373429951690821,-0.2975845410628019,0.6256038647342995,2.0454106280193236,3.2973913043478262,2.546086956521739,2.546086956521739,3.2973913043478262,"[[1.5, 1.5, 1.5, 1.5], [1.5, 1.5, 1.5, 1.5], [1.5, 1.5, 1.5, 1.5], [1.5, 1.5, 1.5, 1.5]]","[[1.118033988749895, 1.118033988749895, 1.118033988749895, 1.118033988749895], [1.118033988749895, 1.118033988749895, 1.118033988749895, 1.118033988749895], [1.118033988749895, 1.118033988749895, 1.118033988749895, 1.118033988749895], [1.118033988749895, 1.118033988749895, 1.118033988749895, 1.118033988749895]]"
63,576,-2.63719806763285,0.523671497584541,0.12560386473429952,1.9879227053140096,3.617391304347826,2.9495652173913043,2.9495652173913043,3.617391304347826,"[[1.5, 1.5, 1.5, 1.5], [1.5, 1.5, 1.5, 1.5], [1.5, 1.5, 1.5, 1.5], [1.5, 1.5, 1.5, 1.5]]","[[1.118033988749895, 1.118033988749895, 1.118033988749895, 1.118033988749895], [1.118033988749895, 1.118033988749895, 1.118033988749895, 1.118033988749895], [1.118033988749895, 1.118033988749895, 1.118033988749895, 1.118033988749895], [1.118033988749895, 1.118033988749895, 1.118033988749895, 1.118033988749895]]"
64,576,-1.7083333333333333,0.17451690821256038,0.8038647342995169,0.729951690821256,2.9495652173913043,3.2973913043478262,3.2973913043478262,2.9495652173913043,"[[1.5, 1.5, 1.5, 1.5], [1.5, 1.5, 1.5, 1.5], [1.5, 1.5, 1.5, 1.5], [1.5, 1.5, 1.5, 1.5]]","[[1.118033988749895, 1.118033988749895, 1.118033988749895, 1.118033988749895], [1.118033988749895, 1.118033988749895, 1.118033988749895, 1.118033988749895], [1.118033988749895, 1.118033988749895, 1.118033988749895, 1.118033988749895], [1.118033988749895, 1.118033988749895, 1.118033988749895, 1.118033988749895]]"
65,576,-2.1455314009661834,0.9834541062801933,-0.6478260869565218,1.809903381642512,3.2973913043478262,2.0591304347826087,2.0591304347826087,3.2973913043478262,"[[1.5, 1.5, 1.5, 1.5], [1.5, 1.5, 1.5, 1.5], [1.5, 1.5, 1.5, 1.5], [1.5, 1.5, 1.5, 1.5]]","[[1.118033988749895, 1.118033988749895, 1.118033988749895, 1.118033988749895], [1.118033988749895, 1.118033988749895, 1.118033988749895, 1.118033988749895], [1.118033988749895, 1.118033988749895, 1.118033988749895, 1.118033988749895], [1.118033988749895, 1.118033988749895, 1.118033988749895, 1.118033988749895]]"
66,576,-1.6620772946859903,0.6842995169082126,0.2886473429951691,0.6891304347826087,2.9495652173913043,2.0591304347826087,2.0591304347826087,2.9495652173913043,"[[1.5, 1.5, 1.5, 1.5], [1.5, 1.5, 1.5, 1.5], [1.5, 1.5, 1.5, 1.5], [1.5, 1.5, 1.5, 1.5]]","[[1.118033988749895, 1.118033988749895, 1.118033988749895, 1.118033988749895], [1.118033988749895, 1.118033988749895, 1.118033988749895, 1.118033988749895], [1.118033988749895, 1.118033988749895, 1.118033988749895, 1.118033988749895], [1.118033988749895, 1.118033988749895, 1.118033988749895, 1.118033988749895]]"
67,576,-1.872463768115942,-0.24492753623188407,0.8990338164251208,1.2183574879227053,2.9495652173913043,2.0591304347826087,2.0591304347826087,2.9495652173913043,"[[1.5, 1.5, 1.5, 1.5], [1.5, 1.5, 1.5, 1.5], [1.5, 1.5, 1.5, 1.5], [1.5, 1.5, 1.5, 1.5]]","[[1.118033988749895, 1.118033988749895, 1.118033988749895, 1.118033988749895], [1.118033988749895, 1.118033988749895, 1.118033988749895, 1.118033988749895], [1.118033988749895, 1.118033988749895, 1.118033988749895, 1.118033988749895], [1.118033988749895, 1.118033988749895, 1.118033988749895, 1.118033988749895]]"
68,576,-2.181642512077295,0.26014492753623186,0.7158212560386473,1.2056763285024155,3.2973913043478262,2.9495652173913043,2.9495652173913043,3.2973913043478262,"[[1.5, 1.5, 1.5, 1.5], [1.5, 1.5, 1.5, 1.5], [1.5, 1.5, 1.5, 1.5], [1.5, 1.5, 1.5, 1.5]]","[[1.118033988749895, 1.118033988749895, 1.118033988749895, 1.118033988749895], [1.118033988749895, 1.118033988749895, 1.118033988749895, 1.118033988749895], [1.118033988749895, 1.118033988749895, 1.118033988749895, 1.118033988749895], [1.118033988749895, 1.118033988749895, 1.118033988749895, 1.118033988749895]]"
69,576,-1.6956521739130435,0.5342995169082125,0.12270531400966184,1.038647342995169,2.9495652173913043,2.9495652173913043,2.9495652173913043,2.9495652173913043,"[[1.5, 1.5, 1.5, 1.5], [1.5, 1.5, 1.5, 1.5], [1.5, 1.5, 1.5, 1.5], [1.5, 1.5, 1.5, 1.5]]","[[1.118033988749895, 1.118033988749895, 1.118033988749895, 1.118033988749895], [1.118033988749895, 1.118033988749895, 1.118033988749895, 1.118033988749895], [1.118033988749895, 1.118033988749895, 1.118033988749895, 1.118033988749895], [1.118033988749895, 1.118033988749895, 1.118033988749895, 1.118033988749895]]"
70,576,-1.4958937198067632,0.7272946859903382,0.8736714975845411,-0.10507246376811594,2.9495652173913043,3.617391304347826,3.617391304347826,2.9495652173913043,"[[1.5, 1.5, 1.5, 1.5], [1.5, 1.5, 1.5, 1.5], [1.5, 1.5, 1.5, 1.5], [1.5, 1.5, 1.5, 1.5]]","[[1.118033988749895, 1.118033988749895, 1.118033988749895, 1.118033988749895], [1.118033988749895, 1.118033988749895, 1.118033988749895, 1.118033988749895], [1.118033988749895, 1.118033988749895, 1.118033988749895, 1.118033988749895], [1.118033988749895, 1.118033988749895, 1.118033988749895, 1.118033988749895]]"
71,576,-2.043961352657005,1.069806763285024,-0.09468599033816426,1.068840579710145,3.2973913043478262,2.546086956521739,2.546086956521739,3.2973913043478262,"[[1.5, 1.5, 1.5, 1.5], [1.5, 1.5, 1.5, 1.5], [1.5, 1.5, 1.5, 1.5], [1.5, 1.5, 1.5, 1.5]]","[[1.118033988749895, 1.118033988749895, 1.118033988749895, 1.118033988749895], [1.118033988749895, 1.118033988749895, 1.118033988749895, 1.118033988749895], [1.118033988749895, 1.118033988749895, 1.118033988749895, 1.118033988749895], [1.118033988749895, 1.118033988749895, 1.118033988749895, 1.118033988749895]]"
72,576,-1.5415458937198068,0.7572463768115942,0.8448067632850241,-0.060507246376811596,2.9495652173913043,2.546086956521739,2.546086956521739,2.9495652173913043,"[[1.5, 1.5, 1.5, 1.5], [1.5, 1.5, 1.5, 1.5], [1.5, 1.5, 1.5, 1.5], [1.5, 1.5, 1.5, 1.5]]","[[1.118033988749895, 1.118033988749895, 1.118033988749895, 1.118033988749895], [1.118033988749895, 1.118033988749895, 1.118033988749895, 1.118033988749895], [1.118033988749895, 1.118033988749895, 1.118033988749895, 1.118033988749895], [1.118033988749895, 1.118033988749895, 1.118033988749895, 1.118033988749895]]"
73,576,-3.0717391304347825,0.3997584541062802,0.5770531400966183,2.094927536231884,3.812173913043478,3.2973913043478262,3.2973913043478262,3.812173913043478,"[[1.5, 1.5, 1.5, 1.5], [1.5, 1.5, 1.5, 1.5], [1.5, 1.5, 1.5, 1.5], [1.5, 1.5, 1.5, 1.5]]","[[1.118033988749895, 1.118033988749895, 1.118033988749895, 1.118033988749895], [1.118033988749895, 1.118033988749895, 1.118033988749895, 1.118033988749895], [1.118033988749895, 1.118033988749895, 1.118033988749895, 1.118033988749895], [1.118033988749895, 1.118033988749895, 1.118033988749895, 1.118033988749895]]"
74,576,-2.5020531400966184,-0.9204106280193237,1.2560386473429952,2.166425120772947,3.2973913043478262,2.0591304347826087,2.0591304347826087,3.2973913043478262,"[[1.5, 1.5, 1.5, 1.5], [1.5, 1.5, 1.5, 1.5], [1.5, 1.5, 1.5, 1.5], [1.5, 1.5, 1.5, 1.5]]","[[1.118033988749895, 1.118033988749895, 1.118033988749895, 1.118033988749895], [1.118033988749895, 1.118033988749895, 1.118033988749895, 1.118033988749895], [1.118033988749895, 1.118033988749895, 1.118033988749895, 1.118033988749895], [1.118033988749895, 1.118033988749895, 1.118033988749895, 1.118033988749895]]"
75,288,-2.6422764227642275,0.7142857142857143,-0.05420054200542006,1.9821912504839334,3.6236933797909407,2.062717770034843,2.062717770034843,3.6236933797909407,"[[1.5, 1.5, 1.5, 1.5], [1.5, 1.5, 1.5, 1.5], [1.5, 1.5, 1.5, 1.5], [1.5, 1.5, 1.5, 1.5]]","[[1.118033988749895, 1.118033988749895, 1.118033988749895, 1.118033988749895], [1.118033988749895, 1.118033988749895, 1.118033988749895, 1.118033988749895], [1.118033988749895, 1.118033988749895, 1.118033988749895, 1.118033988749895], [1.118033988749895, 1.118033988749895, 1.118033988749895, 1.118033988749895]]"
76,576,-1.7533816425120774,0.2002415458937198,0.7756038647342995,0.777536231884058,2.9495652173913043,2.0591304347826087,2.0591304347826087,2.9495652173913043,"[[1.5, 1.5, 1.5, 1.5], [1.5, 1.5, 1.5, 1.5], [1.5, 1.5, 1.5, 1.5], [1.5, 1.5, 1.5, 1.5]]","[[1.118033988749895, 1.118033988749895, 1.118033988749895, 1.118033988749895], [1.118033988749895, 1.118033988749895, 1.118033988749895, 1.118033988749895], [1.118033988749895, 1.118033988749895, 1.118033988749895, 1.118033988749895], [1.118033988749895, 1.118033988749895, 1.118033988749895, 1.118033988749895]]"
77,576,-2.2893719806763286,0.17681159420289855,0.15072463768115943,1.9618357487922706,3.2973913043478262,2.546086956521739,2.546086956521739,3.2973913043478262,"[[1.5, 1.5, 1.5, 1.5], [1.5, 1.5, 1.5, 1.5], [1.5, 1.5, 1.5, 1.5], [1.5, 1.5, 1.5, 1.5]]","[[1.118033988749895, 1.118033988749895, 1.118033988749895, 1.118033988749895], [1.118033988749895, 1.118033988749895, 1.118033988749895, 1.118033988749895], [1.118033988749895, 1.118033988749895, 1.118033988749895, 1.118033988749895], [1.118033988749895, 1.118033988749895, 1.118033988749895, 1.118033988749895]]"
78,576,-1.7095410628019323,0.17379227053140098,0.803623188405797,0.7321256038647344,2.9495652173913043,3.2973913043478262,3.2973913043478262,2.9495652173913043,"[[1.5, 1.5, 1.5, 1.5], [1.5, 1.5, 1.5, 1.5], [1.5, 1.5, 1.5, 1.5], [1.5, 1.5, 1.5, 1.5]]","[[1.118033988749895, 1.118033988749895, 1.118033988749895, 1.118033988749895], [1.118033988749895, 1.118033988749895, 1.118033988749895, 1.118033988749895], [1.118033988749895, 1.118033988749895, 1.118033988749895, 1.118033988749895], [1.118033988749895, 1.118033988749895, 1.118033988749895, 1.118033988749895]]"
79,576,-1.904830917874396,-0.2113526570048309,0.5405797101449276,1.5756038647342996,2.9495652173913043,2.0591304347826087,2.0591304347826087,2.9495652173913043,"[[1.5, 1.5, 1.5, 1.5], [1.5, 1.5, 1.5, 1.5], [1.5, 1.5, 1.5, 1.5], [1.5, 1.5, 1.5, 1.5]]","[[1.118033988749895, 1.118033988749895, 1.118033988749895, 1.118033988749895], [1.118033988749895, 1.118033988749895, 1.118033988749895, 1.118033988749895], [1.118033988749895, 1.118033988749895, 1.118033988749895, 1.118033988749895], [1.118033988749895, 1.118033988749895, 1.118033988749895, 1.118033988749895]]"
80,576,-2.513526570048309,0.9618357487922705,0.010869565217391304,1.5408212560386474,3.617391304347826,2.9495652173913043,2.9495652173913043,3.617391304347826,"[[1.5, 1.5, 1.5, 1.5], [1.5, 1.5, 1.5, 1.5], [1.5, 1.5, 1.5, 1.5], [1.5, 1.5, 1.5, 1.5]]","[[1.118033988749895, 1.118033988749895, 1.118033988749895, 1.118033988749895], [1.118033988749895, 1.118033988749895, 1.118033988749895, 1.118033988749895], [1.118033988749895, 1.118033988749895, 1.118033988749895, 1.118033988749895], [1.118033988749895, 1.118033988749895, 1.118033988749895, 1.118033988749895]]"
81,576,-1.626086956521739,0.4647342995169082,0.8299516908212561,0.3314009661835749,2.9495652173913043,2.9495652173913043,2.9495652173913043,2.9495652173913043,"[[1.5, 1.5, 1.5, 1.5], [1.5, 1.5, 1.5, 1.5], [1.5, 1.5, 1.5, 1.5], [1.5, 1.5, 1.5, 1.5]]","[[1.118033988749895, 1.118033988749895, 1.118033988749895, 1.118033988749895], [1.118033988749895, 1.118033988749895, 1.118033988749895, 1.118033988749895], [1.118033988749895, 1.118033988749895, 1.118033988749895, 1.118033988749895], [1.118033988749895, 1.118033988749895, 1.118033988749895, 1.118033988749895]]"
82,576,-1.6758454106280194,0.8908212560386474,-0.5551932367149759,1.3402173913043478,2.9495652173913043,2.546086956521739,2.546086956521739,2.9495652173913043,"[[1.5, 1.5, 1.5, 1.5], [1.5, 1.5, 1.5, 1.5], [1.5, 1.5, 1.5, 1.5], [1.5, 1.5, 1.5, 1.5]]","[[1.118033988749895, 1.118033988749895, 1.118033988749895, 1.118033988749895], [1.118033988749895, 1.118033988749895, 1.118033988749895, 1.118033988749895], [1.118033988749895, 1.118033988749895, 1.118033988749895, 1.118033988749895], [1.118033988749895, 1.118033988749895, 1.118033988749895, 1.118033988749895]]"
83,576,-1.5342995169082125,0.9487922705314009,0.34251207729468597,0.2429951690821256,2.9495652173913043,2.893913043478261,2.893913043478261,2.9495652173913043,"[[1.5, 1.5, 1.5, 1.5], [1.5, 1.5, 1.5, 1.5], [1.5, 1.5, 1.5, 1.5], [1.5, 1.5, 1.5, 1.5]]","[[1.118033988749895, 1.118033988749895, 1.118033988749895, 1.118033988749895], [1.118033988749895, 1.118033988749895, 1.118033988749895, 1.118033988749895], [1.118033988749895, 1.118033988749895, 1.118033988749895, 1.118033988749895], [1.118033988749895, 1.118033988749895, 1.118033988749895, 1.118033988749895]]"
84,576,-2.3091787439613527,-0.36280193236714975,1.3388888888888888,1.3330917874396135,3.2973913043478262,2.546086956521739,2.546086956521739,3.2973913043478262,"[[1.5, 1.5, 1.5, 1.5], [1.5, 1.5, 1.5, 1.5], [1.5, 1.5, 1.5, 1.5], [1.5, 1.5, 1.5, 1.5]]","[[1.118033988749895, 1.118033988749895, 1.118033988749895, 1.118033988749895], [1.118033988749895, 1.118033988749895, 1.118033988749895, 1.118033988749895], [1.118033988749895, 1.118033988749895, 1.118033988749895, 1.118033988749895], [1.118033988749895, 1.118033988749895, 1.118033988749895, 1.118033988749895]]"
85,576,-1.872463768115942,-0.41932367149758454,1.076328502415459,1.2154589371980675,2.9495652173913043,2.9495652173913043,2.9495652173913043,2.9495652173913043,"[[1.5, 1.5, 1.5, 1.5], [1.5, 1.5, 1.5, 1.5], [1.5, 1.5, 1.5, 1.5], [1.5, 1.5, 1.5, 1.5]]","[[1.118033988749895, 1.118033988749895, 1.118033988749895, 1.118033988749895], [1.118033988749895, 1.118033988749895, 1.118033988749895, 1.118033988749895], [1.118033988749895, 1.118033988749895, 1.118033988749895, 1.118033988749895], [1.118033988749895, 1.118033988749895, 1.118033988749895, 1.118033988749895]]"
86,576,-2.1855072463768117,0.2611111111111111,0.7158212560386473,1.2085748792270532,3.2973913043478262,2.9495652173913043,2.9495652173913043,3.2973913043478262,"[[1.5, 1.5, 1.5, 1.5], [1.5, 1.5, 1.5, 1.5], [1.5, 1.5, 1.5, 1.5], [1.5, 1.5, 1.5, 1.5]]","[[1.118033988749895, 1.118033988749895, 1.118033988749895, 1.118033988749895], [1.118033988749895, 1.118033988749895, 1.118033988749895, 1.118033988749895], [1.118033988749895, 1.118033988749895, 1.118033988749895, 1.118033988749895], [1.118033988749895, 1.118033988749895, 1.118033988749895, 1.118033988749895]]"
87,576,-1.588647342995169,0.25,1.356280193236715,-0.017632850241545893,2.9495652173913043,3.617391304347826,3.617391304347826,2.9495652173913043,"[[1.5, 1.5, 1.5, 1.5], [1.5, 1.5, 1.5, 1.5], [1.5, 1.5, 1.5, 1.5], [1.5, 1.5, 1.5, 1.5]]","[[1.118033988749895, 1.118033988749895, 1.118033988749895, 1.118033988749895], [1.118033988749895, 1.118033988749895, 1.118033988749895, 1.118033988749895], [1.118033988749895, 1.118033988749895, 1.118033988749895, 1.118033988749895], [1.118033988749895, 1.118033988749895, 1.118033988749895, 1.118033988749895]]"
88,576,-1.6971014492753622,0.721256038647343,-0.0642512077294686,1.040096618357488,2.9495652173913043,2.0591304347826087,2.0591304347826087,2.9495652173913043,"[[1.5, 1.5, 1.5, 1.5], [1.5, 1.5, 1.5, 1.5], [1.5, 1.5, 1.5, 1.5], [1.5, 1.5, 1.5, 1.5]]","[[1.118033988749895, 1.118033988749895, 1.118033988749895, 1.118033988749895], [1.118033988749895, 1.118033988749895, 1.118033988749895, 1.118033988749895], [1.118033988749895, 1.118033988749895, 1.118033988749895, 1.118033988749895], [1.118033988749895, 1.118033988749895, 1.118033988749895, 1.118033988749895]]"
89,576,-1.5429951690821255,0.7560386473429952,0.8491545893719806,-0.06219806763285024,2.9495652173913043,2.546086956521739,2.546086956521739,2.9495652173913043,"[[1.5, 1.5, 1.5, 1.5], [1.5, 1.5, 1.5, 1.5], [1.5, 1.5, 1.5, 1.5], [1.5, 1.5, 1.5, 1.5]]","[[1.118033988749895, 1.118033988749895, 1.118033988749895, 1.118033988749895], [1.118033988749895, 1.118033988749895, 1.118033988749895, 1.118033988749895], [1.118033988749895, 1.118033988749895, 1.118033988749895, 1.118033988749895], [1.118033988749895, 1.118033988749895, 1.118033988749895, 1.118033988749895]]"
90,144,-3.341103341103341,1.0334110334110334,0.2641802641802642,2.0435120435120435,4.1678321678321675,4.1678321678321675,4.1678321678321675,4.1678321678321675,"[[1.5, 1.5, 1.5, 1.5], [1.5, 1.5, 1.5, 1.5], [1.5, 1.5, 1.5, 1.5], [1.5, 1.5, 1.5, 1.5]]","[[1.118033988749895, 1.118033988749895, 1.118033988749895, 1.118033988749895], [1.118033988749895, 1.118033988749895, 1.118033988749895, 1.118033988749895], [1.118033988749895, 1.118033988749895, 1.118033988749895, 1.118033988749895], [1.118033988749895, 1.118033988749895, 1.118033988749895, 1.118033988749895]]"
91,576,-1.9949275362318841,-0.8497584541062801,1.186231884057971,1.6584541062801932,2.9495652173913043,2.9495652173913043,2.9495652173913043,2.9495652173913043,"[[1.5, 1.5, 1.5, 1.5], [1.5, 1.5, 1.5, 1.5], [1.5, 1.5, 1.5, 1.5], [1.5, 1.5, 1.5, 1.5]]","[[1.118033988749895, 1.118033988749895, 1.118033988749895, 1.118033988749895], [1.118033988749895, 1.118033988749895, 1.118033988749895, 1.118033988749895], [1.118033988749895, 1.118033988749895, 1.118033988749895, 1.118033988749895], [1.118033988749895, 1.118033988749895, 1.118033988749895, 1.118033988749895]]"
92,576,-1.6314009661835749,0.46908212560386475,0.8256038647342995,0.3367149758454106,2.9495652173913043,2.9495652173913043,2.9495652173913043,2.9495652173913043,"[[1.5, 1.5, 1.5, 1.5], [1.5, 1.5, 1.5, 1.5], [1.5, 1.5, 1.5, 1.5], [1.5, 1.5, 1.5, 1.5]]","[[1.118033988749895, 1.118033988749895, 1.118033988749895, 1.118033988749895], [1.118033988749895, 1.118033988749895, 1.118033988749895, 1.118033988749895], [1.118033988749895, 1.118033988749895, 1.118033988749895, 1.118033988749895], [1.118033988749895, 1.118033988749895, 1.118033988749895, 1.118033988749895]]"
93,576,-1.7739130434782608,0.23526570048309178,0.0926328502415459,1.4460144927536231,2.9495652173913043,3.2973913043478262,3.2973913043478262,2.9495652173913043,"[[1.5, 1.5, 1.5, 1.5], [1.5, 1.5, 1.5, 1.5], [1.5, 1.5, 1.5, 1.5], [1.5, 1.5, 1.5, 1.5]]","[[1.118033988749895, 1.118033988749895, 1.118033988749895, 1.118033988749895], [1.118033988749895, 1.118033988749895, 1.118033988749895, 1.118033988749895], [1.118033988749895, 1.118033988749895, 1.118033988749895, 1.118033988749895], [1.118033988749895, 1.118033988749895, 1.118033988749895, 1.118033988749895]]"
94,576,-1.5381642512077294,0.5908212560386473,0.6985507246376812,0.24879227053140096,2.9495652173913043,4.1460869565217395,4.1460869565217395,2.9495652173913043,"[[1.5, 1.5, 1.5, 1.5], [1.5, 1.5, 1.5, 1.5], [1.5, 1.5, 1.5, 1.5], [1.5, 1.5, 1.5, 1.5]]","[[1.118033988749895, 1.118033988749895, 1.118033988749895, 1.118033988749895], [1.118033988749895, 1.118033988749895, 1.118033988749895, 1.118033988749895], [1.118033988749895, 1.118033988749895, 1.118033988749895, 1.118033988749895], [1.118033988749895, 1.118033988749895, 1.118033988749895, 1.118033988749895]]"
95,576,-2.2407004830917874,0.3213768115942029,0.009903381642512078,1.9094202898550725,3.2973913043478262,2.9495652173913043,2.9495652173913043,3.2973913043478262,"[[1.5, 1.5, 1.5, 1.5], [1.5, 1.5, 1.5, 1.5], [1.5, 1.5, 1.5, 1.5], [1.5, 1.5, 1.5, 1.5]]","[[1.118033988749895, 1.118033988749895, 1.118033988749895, 1.118033988749895], [1.118033988749895, 1.118033988749895, 1.118033988749895, 1.118033988749895], [1.118033988749895, 1.118033988749895, 1.118033988749895, 1.118033988749895], [1.118033988749895, 1.118033988749895, 1.118033988749895, 1.118033988749895]]"
96,288,-2.448703058459156,1.2698412698412698,-0.6174990321331785,1.7963608207510646,3.6236933797909407,3.6236933797909407,3.6236933797909407,3.6236933797909407,"[[1.5, 1.5, 1.5, 1.5], [1.5, 1.5, 1.5, 1.5], [1.5, 1.5, 1.5, 1.5], [1.5, 1.5, 1.5, 1.5]]","[[1.118033988749895, 1.118033988749895, 1.118033988749895, 1.118033988749895], [1.118033988749895, 1.118033988749895, 1.118033988749895, 1.118033988749895], [1.118033988749895, 1.118033988749895, 1.118033988749895, 1.118033988749895], [1.118033988749895, 1.118033988749895, 1.118033988749895, 1.118033988749895]]"
97,576,-1.5657004830917873,0.7927536231884058,0.17898550724637682,0.5939613526570048,2.9495652173913043,3.617391304347826,3.617391304347826,2.9495652173913043,"[[1.5, 1.5, 1.5, 1.5], [1.5, 1.5, 1.5, 1.5], [1.5, 1.5, 1.5, 1.5], [1.5, 1.5, 1.5, 1.5]]","[[1.118033988749895, 1.118033988749895, 1.118033988749895, 1.118033988749895], [1.118033988749895, 1.118033988749895, 1.118033988749895, 1.118033988749895], [1.118033988749895, 1.118033988749895, 1.118033988749895, 1.118033988749895], [1.118033988749895, 1.118033988749895, 1.118033988749895, 1.118033988749895]]"
98,576,-1.9944444444444445,1.3944444444444444,-1.066425120772947,1.6664251207729468,3.2973913043478262,3.2973913043478262,3.2973913043478262,3.2973913043478262,"[[1.5, 1.5, 1.5, 1.5], [1.5, 1.5, 1.5, 1.5], [1.5, 1.5, 1.5, 1.5], [1.5, 1.5, 1.5, 1.5]]","[[1.118033988749895, 1.118033988749895, 1.118033988749895, 1.118033988749895], [1.118033988749895, 1.118033988749895, 1.118033988749895, 1.118033988749895], [1.118033988749895, 1.118033988749895, 1.118033988749895, 1.118033988749895], [1.118033988749895, 1.118033988749895, 1.118033988749895, 1.118033988749895]]"
99,576,-1.5170289855072463,1.1254830917874397,-0.15241545893719807,0.5439613526570048,2.9495652173913043,3.2973913043478262,3.2973913043478262,2.9495652173913043,"[[1.5, 1.5, 1.5, 1.5], [1.5, 1.5, 1.5, 1.5], [1.5, 1.5, 1.5, 1.5], [1.5, 1.5, 1.5, 1.5]]","[[1.118033988749895, 1.118033988749895, 1.118033988749895, 1.118033988749895], [1.118033988749895, 1.118033988749895, 1.118033988749895, 1.118033988749895], [1.118033988749895, 1.118033988749895, 1.118033988749895, 1.118033988749895], [1.118033988749895, 1.118033988749895, 1.118033988749895, 1.118033988749895]]"
100,576,-1.873913043478261,-0.4101449275362319,1.0681159420289854,1.2159420289855072,2.9495652173913043,2.9495652173913043,2.9495652173913043,2.9495652173913043,"[[1.5, 1.5, 1.5, 1.5], [1.5, 1.5, 1.5, 1.5], [1.5, 1.5, 1.5, 1.5], [1.5, 1.5, 1.5, 1.5]]","[[1.118033988749895, 1.118033988749895, 1.118033988749895, 1.118033988749895], [1.118033988749895, 1.118033988749895, 1.118033988749895, 1.118033988749895], [1.118033988749895, 1.118033988749895, 1.118033988749895, 1.118033988749895], [1.118033988749895, 1.118033988749895, 1.118033988749895, 1.118033988749895]]"
101,576,-2.1384057971014494,0.23647342995169082,0.7374396135265701,1.1644927536231884,3.2973913043478262,3.812173913043478,3.812173913043478,3.2973913043478262,"[[1.5, 1.5, 1.5, 1.5], [1.5, 1.5, 1.5, 1.5], [1.5, 1.5, 1.5, 1.5], [1.5, 1.5, 1.5, 1.5]]","[[1.118033988749895, 1.118033988749895, 1.118033988749895, 1.118033988749895], [1.118033988749895, 1.118033988749895, 1.118033988749895, 1.118033988749895], [1.118033988749895, 1.118033988749895, 1.118033988749895, 1.118033988749895], [1.118033988749895, 1.118033988749895, 1.118033988749895, 1.118033988749895]]"
102,576,-1.6951690821256038,0.357487922705314,0.293719806763285,1.0439613526570048,2.9495652173913043,3.617391304347826,3.617391304347826,2.9495652173913043,"[[1.5, 1.5, 1.5, 1.5], [1.5, 1.5, 1.5, 1.5], [1.5, 1.5, 1.5, 1.5], [1.5, 1.5, 1.5, 1.5]]","[[1.118033988749895, 1.118033988749895, 1.118033988749895, 1.118033988749895], [1.118033988749895, 1.118033988749895, 1.118033988749895, 1.118033988749895], [1.118033988749895, 1.118033988749895, 1.118033988749895, 1.118033988749895], [1.118033988749895, 1.118033988749895, 1.118033988749895, 1.118033988749895]]"
103,576,-1.451207729468599,0.7031400966183575,0.8960144927536232,-0.14794685990338163,2.9495652173913043,4.452173913043478,4.452173913043478,2.9495652173913043,"[[1.5, 1.5, 1.5, 1.5], [1.5, 1.5, 1.5, 1.5], [1.5, 1.5, 1.5, 1.5], [1.5, 1.5, 1.5, 1.5]]","[[1.118033988749895, 1.118033988749895, 1.118033988749895, 1.118033988749895], [1.118033988749895, 1.118033988749895, 1.118033988749895, 1.118033988749895], [1.118033988749895, 1.118033988749895, 1.118033988749895, 1.118033988749895], [1.118033988749895, 1.118033988749895, 1.118033988749895, 1.118033988749895]]"
104,576,-1.992512077294686,1.2120772946859903,-0.23659420289855074,1.0170289855072463,3.2973913043478262,2.9495652173913043,2.9495652173913043,3.2973913043478262,"[[1.5, 1.5, 1.5, 1.5], [1.5, 1.5, 1.5, 1.5], [1.5, 1.5, 1.5, 1.5], [1.5, 1.5, 1.5, 1.5]]","[[1.118033988749895, 1.118033988749895, 1.118033988749895, 1.118033988749895], [1.118033988749895, 1.118033988749895, 1.118033988749895, 1.118033988749895], [1.118033988749895, 1.118033988749895, 1.118033988749895, 1.118033988749895], [1.118033988749895, 1.118033988749895, 1.118033988749895, 1.118033988749895]]"
105,576,-1.4973429951690822,0.91256038647343,0.688647342995169,-0.10386473429951691,2.9495652173913043,2.9495652173913043,2.9495652173913043,2.9495652173913043,"[[1.5, 1.5, 1.5, 1.5], [1.5, 1.5, 1.5, 1.5], [1.5, 1.5, 1.5, 1.5], [1.5, 1.5, 1.5, 1.5]]","[[1.118033988749895, 1.118033988749895, 1.118033988749895, 1.118033988749895], [1.118033988749895, 1.118033988749895, 1.118033988749895, 1.118033988749895], [1.118033988749895, 1.118033988749895, 1.118033988749895, 1.118033988749895], [1.118033988749895, 1.118033988749895, 1.118033988749895, 1.118033988749895]]"
106,72,-2.2535211267605635,-2.2535211267605635,2.2535211267605635,2.2535211267605635,2.9295774647887325,2.9295774647887325,2.9295774647887325,2.9295774647887325,"[[1.5, 1.5, 1.5, 1.5], [1.5, 1.5, 1.5, 1.5], [1.5, 1.5, 1.5, 1.5], [1.5, 1.5, 1.5, 1.5]]","[[1.118033988749895, 1.118033988749895, 1.118033988749895, 1.118033988749895], [1.118033988749895, 1.118033988749895, 1.118033988749895, 1.118033988749895], [1.118033988749895, 1.118033988749895, 1.118033988749895, 1.118033988749895], [1.118033988749895, 1.118033988749895, 1.118033988749895, 1.118033988749895]]"
107,576,-1.5881642512077294,-1.260144927536232,1.5881642512077294,1.260144927536232,2.546086956521739,2.546086956521739,2.546086956521739,2.546086956521739,"[[1.5, 1.5, 1.5, 1.5], [1.5, 1.5, 1.5, 1.5], [1.5, 1.5, 1.5, 1.5], [1.5, 1.5, 1.5, 1.5]]","[[1.118033988749895, 1.118033988749895, 1.118033988749895, 1.118033988749895], [1.118033988749895, 1.118033988749895, 1.118033988749895, 1.118033988749895], [1.118033988749895, 1.118033988749895, 1.118033988749895, 1.118033988749895], [1.118033988749895, 1.118033988749895, 1.118033988749895, 1.118033988749895]]"
108,288,-2.0963995354239255,-1.1362756484707703,1.1362756484707703,2.0963995354239255,2.8989547038327528,2.062717770034843,2.062717770034843,2.8989547038327528,"[[1.5, 1.5, 1.5, 1.5], [1.5, 1.5, 1.5, 1.5], [1.5, 1.5, 1.5, 1.5], [1.5, 1.5, 1.5, 1.5]]","[[1.118033988749895, 1.118033988749895, 1.118033988749895, 1.118033988749895], [1.118033988749895, 1.118033988749895, 1.118033988749895, 1.118033988749895], [1.118033988749895, 1.118033988749895, 1.118033988749895, 1.118033988749895], [1.118033988749895, 1.118033988749895, 1.118033988749895, 1.118033988749895]]"
109,576,-1.5501207729468598,-1.0964975845410627,1.430193236714976,1.2164251207729468,2.546086956521739,2.9495652173913043,2.9495652173913043,2.546086956521739,"[[1.5, 1.5, 1.5, 1.5], [1.5, 1.5, 1.5, 1.5], [1.5, 1.5, 1.5, 1.5], [1.5, 1.5, 1.5, 1.5]]","[[1.118033988749895, 1.118033988749895, 1.118033988749895, 1.118033988749895], [1.118033988749895, 1.118033988749895, 1.118033988749895, 1.118033988749895], [1.118033988749895, 1.118033988749895, 1.118033988749895, 1.118033988749895], [1.118033988749895, 1.118033988749895, 1.118033988749895, 1.118033988749895]]"
110,288,-1.145954316686024,-1.3182346109175378,1.3182346109175378,1.145954316686024,2.062717770034843,2.8989547038327528,2.8989547038327528,2.062717770034843,"[[1.5, 1.5, 1.5, 1.5], [1.5, 1.5, 1.5, 1.5], [1.5, 1.5, 1.5, 1.5], [1.5, 1.5, 1.5, 1.5]]","[[1.118033988749895, 1.118033988749895, 1.118033988749895, 1.118033988749895], [1.118033988749895, 1.118033988749895, 1.118033988749895, 1.118033988749895], [1.118033988749895, 1.118033988749895, 1.118033988749895, 1.118033988749895], [1.118033988749895, 1.118033988749895, 1.118033988749895, 1.118033988749895]]"
111,576,-1.0736714975845412,-1.1852657004830918,1.5233091787439614,0.7356280193236715,2.0591304347826087,3.2973913043478262,3.2973913043478262,2.0591304347826087,"[[1.5, 1.5, 1.5, 1.5], [1.5, 1.5, 1.5, 1.5], [1.5, 1.5, 1.5, 1.5], [1.5, 1.5, 1.5, 1.5]]","[[1.118033988749895, 1.118033988749895, 1.118033988749895, 1.118033988749895], [1.118033988749895, 1.118033988749895, 1.118033988749895, 1.118033988749895], [1.118033988749895, 1.118033988749895, 1.118033988749895, 1.118033988749895], [1.118033988749895, 1.118033988749895, 1.118033988749895, 1.118033988749895]]"
112,288,-0.9852884243128146,-0.17421602787456447,0.17421602787456447,0.9852884243128146,2.062717770034843,2.062717770034843,2.062717770034843,2.062717770034843,"[[1.5, 1.5, 1.5, 1.5], [1.5, 1.5, 1.5, 1.5], [1.5, 1.5, 1.5, 1.5], [1.5, 1.5, 1.5, 1.5]]","[[1.118033988749895, 1.118033988749895, 1.118033988749895, 1.118033988749895], [1.118033988749895, 1.118033988749895, 1.118033988749895, 1.118033988749895], [1.118033988749895, 1.118033988749895, 1.118033988749895, 1.118033988749895], [1.118033988749895, 1.118033988749895, 1.118033988749895, 1.118033988749895]]"
113,576,-0.9553140096618358,-0.20120772946859902,0.5434782608695652,0.6130434782608696,2.0591304347826087,2.0591304347826087,2.0591304347826087,2.0591304347826087,"[[1.5, 1.5, 1.5, 1.5], [1.5, 1.5, 1.5, 1.5], [1.5, 1.5, 1.5, 1.5], [1.5, 1.5, 1.5, 1.5]]","[[1.118033988749895, 1.118033988749895, 1.118033988749895, 1.118033988749895], [1.118033988749895, 1.118033988749895, 1.118033988749895, 1.118033988749895], [1.118033988749895, 1.118033988749895, 1.118033988749895, 1.118033988749895], [1.118033988749895, 1.118033988749895, 1.118033988749895, 1.118033988749895]]"
114,288,-0.9949670925280681,-1.0617499032133177,1.7315137437088657,0.3252032520325203,2.062717770034843,3.6236933797909407,3.6236933797909407,2.062717770034843,"[[1.5, 1.5, 1.5, 1.5], [1.5, 1.5, 1.5, 1.5], [1.5, 1.5, 1.5, 1.5], [1.5, 1.5, 1.5, 1.5]]","[[1.118033988749895, 1.118033988749895, 1.118033988749895, 1.118033988749895], [1.118033988749895, 1.118033988749895, 1.118033988749895, 1.118033988749895], [1.118033988749895, 1.118033988749895, 1.118033988749895, 1.118033988749895], [1.118033988749895, 1.118033988749895, 1.118033988749895, 1.118033988749895]]"
115,288,-0.9156020131629887,-0.24390243902439024,0.9156020131629887,0.24390243902439024,2.062717770034843,2.062717770034843,2.062717770034843,2.062717770034843,"[[1.5, 1.5, 1.5, 1.5], [1.5, 1.5, 1.5, 1.5], [1.5, 1.5, 1.5, 1.5], [1.5, 1.5, 1.5, 1.5]]","[[1.118033988749895, 1.118033988749895, 1.118033988749895, 1.118033988749895], [1.118033988749895, 1.118033988749895, 1.118033988749895, 1.118033988749895], [1.118033988749895, 1.118033988749895, 1.118033988749895, 1.118033988749895], [1.118033988749895, 1.118033988749895, 1.118033988749895, 1.118033988749895]]"
116,144,-1.8026418026418027,-0.48951048951048953,1.8026418026418027,0.48951048951048953,2.909090909090909,2.909090909090909,2.909090909090909,2.909090909090909,"[[1.5, 1.5, 1.5, 1.5], [1.5, 1.5, 1.5, 1.5], [1.5, 1.5, 1.5, 1.5], [1.5, 1.5, 1.5, 1.5]]","[[1.118033988749895, 1.118033988749895, 1.118033988749895, 1.118033988749895], [1.118033988749895, 1.118033988749895, 1.118033988749895, 1.118033988749895], [1.118033988749895, 1.118033988749895, 1.118033988749895, 1.118033988749895], [1.118033988749895, 1.118033988749895, 1.118033988749895, 1.118033988749895]]"
117,576,-1.472342995169082,-0.45181159420289857,0.7855072463768116,1.1386473429951691,2.546086956521739,2.0591304347826087,2.0591304347826087,2.546086956521739,"[[1.5, 1.5, 1.5, 1.5], [1.5, 1.5, 1.5, 1.5], [1.5, 1.5, 1.5, 1.5], [1.5, 1.5, 1.5, 1.5]]","[[1.118033988749895, 1.118033988749895, 1.118033988749895, 1.118033988749895], [1.118033988749895, 1.118033988749895, 1.118033988749895, 1.118033988749895], [1.118033988749895, 1.118033988749895, 1.118033988749895, 1.118033988749895], [1.118033988749895, 1.118033988749895, 1.118033988749895, 1.118033988749895]]"
118,576,-1.713526570048309,-0.015458937198067632,1.3125603864734299,0.41642512077294686,2.893913043478261,2.9495652173913043,2.9495652173913043,2.893913043478261,"[[1.5, 1.5, 1.5, 1.5], [1.5, 1.5, 1.5, 1.5], [1.5, 1.5, 1.5, 1.5], [1.5, 1.5, 1.5, 1.5]]","[[1.118033988749895, 1.118033988749895, 1.118033988749895, 1.118033988749895], [1.118033988749895, 1.118033988749895, 1.118033988749895, 1.118033988749895], [1.118033988749895, 1.118033988749895, 1.118033988749895, 1.118033988749895], [1.118033988749895, 1.118033988749895, 1.118033988749895, 1.118033988749895]]"
119,576,-0.9893719806763285,-0.5415458937198068,0.8718599033816425,0.6590579710144927,2.0591304347826087,2.546086956521739,2.546086956521739,2.0591304347826087,"[[1.5, 1.5, 1.5, 1.5], [1.5, 1.5, 1.5, 1.5], [1.5, 1.5, 1.5, 1.5], [1.5, 1.5, 1.5, 1.5]]","[[1.118033988749895, 1.118033988749895, 1.118033988749895, 1.118033988749895], [1.118033988749895, 1.118033988749895, 1.118033988749895, 1.118033988749895], [1.118033988749895, 1.118033988749895, 1.118033988749895, 1.118033988749895], [1.118033988749895, 1.118033988749895, 1.118033988749895, 1.118033988749895]]"
120,576,-1.3509661835748792,-0.5432367149758454,1.5183574879227053,0.37584541062801935,2.546086956521739,3.2973913043478262,3.2973913043478262,2.546086956521739,"[[1.5, 1.5, 1.5, 1.5], [1.5, 1.5, 1.5, 1.5], [1.5, 1.5, 1.5, 1.5], [1.5, 1.5, 1.5, 1.5]]","[[1.118033988749895, 1.118033988749895, 1.118033988749895, 1.118033988749895], [1.118033988749895, 1.118033988749895, 1.118033988749895, 1.118033988749895], [1.118033988749895, 1.118033988749895, 1.118033988749895, 1.118033988749895], [1.118033988749895, 1.118033988749895, 1.118033988749895, 1.118033988749895]]"
121,576,-0.8683574879227053,0.2826086956521739,0.05966183574879227,0.5260869565217391,2.0591304347826087,2.0591304347826087,2.0591304347826087,2.0591304347826087,"[[1.5, 1.5, 1.5, 1.5], [1.5, 1.5, 1.5, 1.5], [1.5, 1.5, 1.5, 1.5], [1.5, 1.5, 1.5, 1.5]]","[[1.118033988749895, 1.118033988749895, 1.118033988749895, 1.118033988749895], [1.118033988749895, 1.118033988749895, 1.118033988749895, 1.118033988749895], [1.118033988749895, 1.118033988749895, 1.118033988749895, 1.118033988749895], [1.118033988749895, 1.118033988749895, 1.118033988749895, 1.118033988749895]]"
122,576,-1.2256038647342995,0.4427536231884058,0.5344202898550725,0.24842995169082124,2.546086956521739,2.0591304347826087,2.0591304347826087,2.546086956521739,"[[1.5, 1.5, 1.5, 1.5], [1.5, 1.5, 1.5, 1.5], [1.5, 1.5, 1.5, 1.5], [1.5, 1.5, 1.5, 1.5]]","[[1.118033988749895, 1.118033988749895, 1.118033988749895, 1.118033988749895], [1.118033988749895, 1.118033988749895, 1.118033988749895, 1.118033988749895], [1.118033988749895, 1.118033988749895, 1.118033988749895, 1.118033988749895], [1.118033988749895, 1.118033988749895, 1.118033988749895, 1.118033988749895]]"
123,288,-0.9156020131629887,-0.24390243902439024,0.9156020131629887,0.24390243902439024,2.062717770034843,2.062717770034843,2.062717770034843,2.062717770034843,"[[1.5, 1.5, 1.5, 1.5], [1.5, 1.5, 1.5, 1.5], [1.5, 1.5, 1.5, 1.5], [1.5, 1.5, 1.5, 1.5]]","[[1.118033988749895, 1.118033988749895, 1.118033988749895, 1.118033988749895], [1.118033988749895, 1.118033988749895, 1.118033988749895, 1.118033988749895], [1.118033988749895, 1.118033988749895, 1.118033988749895, 1.118033988749895], [1.118033988749895, 1.118033988749895, 1.118033988749895, 1.118033988749895]]"
124,576,-0.778743961352657,0.015942028985507246,0.9570048309178744,-0.19420289855072465,2.0591304347826087,2.9495652173913043,2.9495652173913043,2.0591304347826087,"[[1.5, 1.5, 1.5, 1.5], [1.5, 1.5, 1.5, 1.5], [1.5, 1.5, 1.5, 1.5], [1.5, 1.5, 1.5, 1.5]]","[[1.118033988749895, 1.118033988749895, 1.118033988749895, 1.118033988749895], [1.118033988749895, 1.118033988749895, 1.118033988749895, 1.118033988749895], [1.118033988749895, 1.118033988749895, 1.118033988749895, 1.118033988749895], [1.118033988749895, 1.118033988749895, 1.118033988749895, 1.118033988749895]]"
125,576,-0.9057971014492754,-0.4236714975845411,1.0797101449275361,0.2497584541062802,2.0591304347826087,2.9495652173913043,2.9495652173913043,2.0591304347826087,"[[1.5, 1.5, 1.5, 1.5], [1.5, 1.5, 1.5, 1.5], [1.5, 1.5, 1.5, 1.5], [1.5, 1.5, 1.5, 1.5]]","[[1.118033988749895, 1.118033988749895, 1.118033988749895, 1.118033988749895], [1.118033988749895, 1.118033988749895, 1.118033988749895, 1.118033988749895], [1.118033988749895, 1.118033988749895, 1.118033988749895, 1.118033988749895], [1.118033988749895, 1.118033988749895, 1.118033988749895, 1.118033988749895]]"
126,576,-1.1385265700483091,0.003985507246376811,1.6024154589371982,-0.4678743961352657,2.546086956521739,3.617391304347826,3.617391304347826,2.546086956521739,"[[1.5, 1.5, 1.5, 1.5], [1.5, 1.5, 1.5, 1.5], [1.5, 1.5, 1.5, 1.5], [1.5, 1.5, 1.5, 1.5]]","[[1.118033988749895, 1.118033988749895, 1.118033988749895, 1.118033988749895], [1.118033988749895, 1.118033988749895, 1.118033988749895, 1.118033988749895], [1.118033988749895, 1.118033988749895, 1.118033988749895, 1.118033988749895], [1.118033988749895, 1.118033988749895, 1.118033988749895, 1.118033988749895]]"
127,576,-0.7341787439613526,0.34891304347826085,0.6248792270531401,-0.2396135265700483,2.0591304347826087,2.546086956521739,2.546086956521739,2.0591304347826087,"[[1.5, 1.5, 1.5, 1.5], [1.5, 1.5, 1.5, 1.5], [1.5, 1.5, 1.5, 1.5], [1.5, 1.5, 1.5, 1.5]]","[[1.118033988749895, 1.118033988749895, 1.118033988749895, 1.118033988749895], [1.118033988749895, 1.118033988749895, 1.118033988749895, 1.118033988749895], [1.118033988749895, 1.118033988749895, 1.118033988749895, 1.118033988749895], [1.118033988749895, 1.118033988749895, 1.118033988749895, 1.118033988749895]]"
128,576,-1.0954106280193237,0.5021739130434782,1.0954106280193237,-0.5021739130434782,2.546086956521739,2.546086956521739,2.546086956521739,2.546086956521739,"[[1.5, 1.5, 1.5, 1.5], [1.5, 1.5, 1.5, 1.5], [1.5, 1.5, 1.5, 1.5], [1.5, 1.5, 1.5, 1.5]]","[[1.118033988749895, 1.118033988749895, 1.118033988749895, 1.118033988749895], [1.118033988749895, 1.118033988749895, 1.118033988749895, 1.118033988749895], [1.118033988749895, 1.118033988749895, 1.118033988749895, 1.118033988749895], [1.118033988749895, 1.118033988749895, 1.118033988749895, 1.118033988749895]]"
129,144,-1.9425019425019425,-0.34965034965034963,0.34965034965034963,1.9425019425019425,2.909090909090909,2.909090909090909,2.909090909090909,2.909090909090909,"[[1.5, 1.5, 1.5, 1.5], [1.5, 1.5, 1.5, 1.5], [1.5, 1.5, 1.5, 1.5], [1.5, 1.5, 1.5, 1.5]]","[[1.118033988749895, 1.118033988749895, 1.118033988749895, 1.118033988749895], [1.118033988749895, 1.118033988749895, 1.118033988749895, 1.118033988749895], [1.118033988749895, 1.118033988749895, 1.118033988749895, 1.118033988749895], [1.118033988749895, 1.118033988749895, 1.118033988749895, 1.118033988749895]]"
130,576,-1.4258454106280194,-0.4673913043478261,0.7968599033816425,1.096376811594203,2.546086956521739,3.2973913043478262,3.2973913043478262,2.546086956521739,"[[1.5, 1.5, 1.5, 1.5], [1.5, 1.5, 1.5, 1.5], [1.5, 1.5, 1.5, 1.5], [1.5, 1.5, 1.5, 1.5]]","[[1.118033988749895, 1.118033988749895, 1.118033988749895, 1.118033988749895], [1.118033988749895, 1.118033988749895, 1.118033988749895, 1.118033988749895], [1.118033988749895, 1.118033988749895, 1.118033988749895, 1.118033988749895], [1.118033988749895, 1.118033988749895, 1.118033988749895, 1.118033988749895]]"
131,288,-0.9852884243128146,-0.17421602787456447,0.17421602787456447,0.9852884243128146,2.062717770034843,2.062717770034843,2.062717770034843,2.062717770034843,"[[1.5, 1.5, 1.5, 1.5], [1.5, 1.5, 1.5, 1.5], [1.5, 1.5, 1.5, 1.5], [1.5, 1.5, 1.5, 1.5]]","[[1.118033988749895, 1.118033988749895, 1.118033988749895, 1.118033988749895], [1.118033988749895, 1.118033988749895, 1.118033988749895, 1.118033988749895], [1.118033988749895, 1.118033988749895, 1.118033988749895, 1.118033988749895], [1.118033988749895, 1.118033988749895, 1.118033988749895, 1.118033988749895]]"
132,576,-0.9456521739130435,-0.3864734299516908,0.7185990338164251,0.6135265700483091,2.0591304347826087,2.9495652173913043,2.9495652173913043,2.0591304347826087,"[[1.5, 1.5, 1.5, 1.5], [1.5, 1.5, 1.5, 1.5], [1.5, 1.5, 1.5, 1.5], [1.5, 1.5, 1.5, 1.5]]","[[1.118033988749895, 1.118033988749895, 1.118033988749895, 1.118033988749895], [1.118033988749895, 1.118033988749895, 1.118033988749895, 1.118033988749895], [1.118033988749895, 1.118033988749895, 1.118033988749895, 1.118033988749895], [1.118033988749895, 1.118033988749895, 1.118033988749895, 1.118033988749895]]"
133,288,-0.7897793263646922,0.586527293844367,-0.586527293844367,0.7897793263646922,2.062717770034843,2.8989547038327528,2.8989547038327528,2.062717770034843,"[[1.5, 1.5, 1.5, 1.5], [1.5, 1.5, 1.5, 1.5], [1.5, 1.5, 1.5, 1.5], [1.5, 1.5, 1.5, 1.5]]","[[1.118033988749895, 1.118033988749895, 1.118033988749895, 1.118033988749895], [1.118033988749895, 1.118033988749895, 1.118033988749895, 1.118033988749895], [1.118033988749895, 1.118033988749895, 1.118033988749895, 1.118033988749895], [1.118033988749895, 1.118033988749895, 1.118033988749895, 1.118033988749895]]"
134,576,-0.8106280193236715,0.4236714975845411,-0.09070048309178744,0.4776570048309179,2.0591304347826087,2.546086956521739,2.546086956521739,2.0591304347826087,"[[1.5, 1.5, 1.5, 1.5], [1.5, 1.5, 1.5, 1.5], [1.5, 1.5, 1.5, 1.5], [1.5, 1.5, 1.5, 1.5]]","[[1.118033988749895, 1.118033988749895, 1.118033988749895, 1.118033988749895], [1.118033988749895, 1.118033988749895, 1.118033988749895, 1.118033988749895], [1.118033988749895, 1.118033988749895, 1.118033988749895, 1.118033988749895], [1.118033988749895, 1.118033988749895, 1.118033988749895, 1.118033988749895]]"
135,288,-0.9068912117692606,-0.5855594270228417,1.2495160665892373,0.24293457220286488,2.062717770034843,3.6236933797909407,3.6236933797909407,2.062717770034843,"[[1.5, 1.5, 1.5, 1.5], [1.5, 1.5, 1.5, 1.5], [1.5, 1.5, 1.5, 1.5], [1.5, 1.5, 1.5, 1.5]]","[[1.118033988749895, 1.118033988749895, 1.118033988749895, 1.118033988749895], [1.118033988749895, 1.118033988749895, 1.118033988749895, 1.118033988749895], [1.118033988749895, 1.118033988749895, 1.118033988749895, 1.118033988749895], [1.118033988749895, 1.118033988749895, 1.118033988749895, 1.118033988749895]]"
136,288,-0.8313975996902826,0.24777390631049168,0.42198993418505615,0.1616337591947348,2.062717770034843,2.062717770034843,2.062717770034843,2.062717770034843,"[[1.5, 1.5, 1.5, 1.5], [1.5, 1.5, 1.5, 1.5], [1.5, 1.5, 1.5, 1.5], [1.5, 1.5, 1.5, 1.5]]","[[1.118033988749895, 1.118033988749895, 1.118033988749895, 1.118033988749895], [1.118033988749895, 1.118033988749895, 1.118033988749895, 1.118033988749895], [1.118033988749895, 1.118033988749895, 1.118033988749895, 1.118033988749895], [1.118033988749895, 1.118033988749895, 1.118033988749895, 1.118033988749895]]"
137,288,-1.6356949283778552,0.12195121951219512,1.1817653890824622,0.3319783197831978,2.8989547038327528,4.153310104529616,4.153310104529616,2.8989547038327528,"[[1.5, 1.5, 1.5, 1.5], [1.5, 1.5, 1.5, 1.5], [1.5, 1.5, 1.5, 1.5], [1.5, 1.5, 1.5, 1.5]]","[[1.118033988749895, 1.118033988749895, 1.118033988749895, 1.118033988749895], [1.118033988749895, 1.118033988749895, 1.118033988749895, 1.118033988749895], [1.118033988749895, 1.118033988749895, 1.118033988749895, 1.118033988749895], [1.118033988749895, 1.118033988749895, 1.118033988749895, 1.118033988749895]]"
138,576,-0.8582125603864734,0.0968599033816425,0.23429951690821257,0.5270531400966184,2.0591304347826087,2.9495652173913043,2.9495652173913043,2.0591304347826087,"[[1.5, 1.5, 1.5, 1.5], [1.5, 1.5, 1.5, 1.5], [1.5, 1.5, 1.5, 1.5], [1.5, 1.5, 1.5, 1.5]]","[[1.118033988749895, 1.118033988749895, 1.118033988749895, 1.118033988749895], [1.118033988749895, 1.118033988749895, 1.118033988749895, 1.118033988749895], [1.118033988749895, 1.118033988749895, 1.118033988749895, 1.118033988749895], [1.118033988749895, 1.118033988749895, 1.118033988749895, 1.118033988749895]]"
139,576,-1.2270531400966183,0.08792270531400966,0.8919082125603864,0.24722222222222223,2.546086956521739,3.617391304347826,3.617391304347826,2.546086956521739,"[[1.5, 1.5, 1.5, 1.5], [1.5, 1.5, 1.5, 1.5], [1.5, 1.5, 1.5, 1.5], [1.5, 1.5, 1.5, 1.5]]","[[1.118033988749895, 1.118033988749895, 1.118033988749895, 1.118033988749895], [1.118033988749895, 1.118033988749895, 1.118033988749895, 1.118033988749895], [1.118033988749895, 1.118033988749895, 1.118033988749895, 1.118033988749895], [1.118033988749895, 1.118033988749895, 1.118033988749895, 1.118033988749895]]"
140,576,-0.7166666666666667,0.7193236714975846,-0.3810386473429952,0.3783816425120773,2.0591304347826087,3.2973913043478262,3.2973913043478262,2.0591304347826087,"[[1.5, 1.5, 1.5, 1.5], [1.5, 1.5, 1.5, 1.5], [1.5, 1.5, 1.5, 1.5], [1.5, 1.5, 1.5, 1.5]]","[[1.118033988749895, 1.118033988749895, 1.118033988749895, 1.118033988749895], [1.118033988749895, 1.118033988749895, 1.118033988749895, 1.118033988749895], [1.118033988749895, 1.118033988749895, 1.118033988749895, 1.118033988749895], [1.118033988749895, 1.118033988749895, 1.118033988749895, 1.118033988749895]]"
141,576,-1.083816425120773,0.8898550724637682,0.08623188405797101,0.10772946859903382,2.546086956521739,3.2973913043478262,3.2973913043478262,2.546086956521739,"[[1.5, 1.5, 1.5, 1.5], [1.5, 1.5, 1.5, 1.5], [1.5, 1.5, 1.5, 1.5], [1.5, 1.5, 1.5, 1.5]]","[[1.118033988749895, 1.118033988749895, 1.118033988749895, 1.118033988749895], [1.118033988749895, 1.118033988749895, 1.118033988749895, 1.118033988749895], [1.118033988749895, 1.118033988749895, 1.118033988749895, 1.118033988749895], [1.118033988749895, 1.118033988749895, 1.118033988749895, 1.118033988749895]]"
142,576,-0.7404589371980677,0.002777777777777778,0.9760869565217392,-0.23840579710144927,2.0591304347826087,3.812173913043478,3.812173913043478,2.0591304347826087,"[[1.5, 1.5, 1.5, 1.5], [1.5, 1.5, 1.5, 1.5], [1.5, 1.5, 1.5, 1.5], [1.5, 1.5, 1.5, 1.5]]","[[1.118033988749895, 1.118033988749895, 1.118033988749895, 1.118033988749895], [1.118033988749895, 1.118033988749895, 1.118033988749895, 1.118033988749895], [1.118033988749895, 1.118033988749895, 1.118033988749895, 1.118033988749895], [1.118033988749895, 1.118033988749895, 1.118033988749895, 1.118033988749895]]"
143,288,-0.9039876113046845,-0.5962059620596206,1.2524196670538135,0.24777390631049168,2.062717770034843,3.6236933797909407,3.6236933797909407,2.062717770034843,"[[1.5, 1.5, 1.5, 1.5], [1.5, 1.5, 1.5, 1.5], [1.5, 1.5, 1.5, 1.5], [1.5, 1.5, 1.5, 1.5]]","[[1.118033988749895, 1.118033988749895, 1.118033988749895, 1.118033988749895], [1.118033988749895, 1.118033988749895, 1.118033988749895, 1.118033988749895], [1.118033988749895, 1.118033988749895, 1.118033988749895, 1.118033988749895], [1.118033988749895, 1.118033988749895, 1.118033988749895, 1.118033988749895]]"
144,576,-1.0915458937198068,-0.00748792270531401,1.6,-0.5009661835748792,2.546086956521739,4.452173913043478,4.452173913043478,2.546086956521739,"[[1.5, 1.5, 1.5, 1.5], [1.5, 1.5, 1.5, 1.5], [1.5, 1.5, 1.5, 1.5], [1.5, 1.5, 1.5, 1.5]]","[[1.118033988749895, 1.118033988749895, 1.118033988749895, 1.118033988749895], [1.118033988749895, 1.118033988749895, 1.118033988749895, 1.118033988749895], [1.118033988749895, 1.118033988749895, 1.118033988749895, 1.118033988749895], [1.118033988749895, 1.118033988749895, 1.118033988749895, 1.118033988749895]]"
145,576,-0.6855072463768116,0.4985507246376812,0.47342995169082125,-0.28647342995169084,2.0591304347826087,2.9495652173913043,2.9495652173913043,2.0591304347826087,"[[1.5, 1.5, 1.5, 1.5], [1.5, 1.5, 1.5, 1.5], [1.5, 1.5, 1.5, 1.5], [1.5, 1.5, 1.5, 1.5]]","[[1.118033988749895, 1.118033988749895, 1.118033988749895, 1.118033988749895], [1.118033988749895, 1.118033988749895, 1.118033988749895, 1.118033988749895], [1.118033988749895, 1.118033988749895, 1.118033988749895, 1.118033988749895], [1.118033988749895, 1.118033988749895, 1.118033988749895, 1.118033988749895]]"
146,576,-1.0510869565217391,0.6605072463768116,0.9398550724637681,-0.5492753623188406,2.546086956521739,2.9495652173913043,2.9495652173913043,2.546086956521739,"[[1.5, 1.5, 1.5, 1.5], [1.5, 1.5, 1.5, 1.5], [1.5, 1.5, 1.5, 1.5], [1.5, 1.5, 1.5, 1.5]]","[[1.118033988749895, 1.118033988749895, 1.118033988749895, 1.118033988749895], [1.118033988749895, 1.118033988749895, 1.118033988749895, 1.118033988749895], [1.118033988749895, 1.118033988749895, 1.118033988749895, 1.118033988749895], [1.118033988749895, 1.118033988749895, 1.118033988749895, 1.118033988749895]]"
147,576,-1.3417874396135265,0.00748792270531401,0.3229468599033816,1.011352657004831,2.546086956521739,3.2973913043478262,3.2973913043478262,2.546086956521739,"[[1.5, 1.5, 1.5, 1.5], [1.5, 1.5, 1.5, 1.5], [1.5, 1.5, 1.5, 1.5], [1.5, 1.5, 1.5, 1.5]]","[[1.118033988749895, 1.118033988749895, 1.118033988749895, 1.118033988749895], [1.118033988749895, 1.118033988749895, 1.118033988749895, 1.118033988749895], [1.118033988749895, 1.118033988749895, 1.118033988749895, 1.118033988749895], [1.118033988749895, 1.118033988749895, 1.118033988749895, 1.118033988749895]]"
148,288,-1.740224545102594,0.7684862562911343,-0.7684862562911343,1.740224545102594,2.8989547038327528,2.062717770034843,2.062717770034843,2.8989547038327528,"[[1.5, 1.5, 1.5, 1.5], [1.5, 1.5, 1.5, 1.5], [1.5, 1.5, 1.5, 1.5], [1.5, 1.5, 1.5, 1.5]]","[[1.118033988749895, 1.118033988749895, 1.118033988749895, 1.118033988749895], [1.118033988749895, 1.118033988749895, 1.118033988749895, 1.118033988749895], [1.118033988749895, 1.118033988749895, 1.118033988749895, 1.118033988749895], [1.118033988749895, 1.118033988749895, 1.118033988749895, 1.118033988749895]]"
149,576,-1.2948067632850242,0.5158212560386474,-0.18357487922705315,0.9625603864734299,2.546086956521739,2.0591304347826087,2.0591304347826087,2.546086956521739,"[[1.5, 1.5, 1.5, 1.5], [1.5, 1.5, 1.5, 1.5], [1.5, 1.5, 1.5, 1.5], [1.5, 1.5, 1.5, 1.5]]","[[1.118033988749895, 1.118033988749895, 1.118033988749895, 1.118033988749895], [1.118033988749895, 1.118033988749895, 1.118033988749895, 1.118033988749895], [1.118033988749895, 1.118033988749895, 1.118033988749895, 1.118033988749895], [1.118033988749895, 1.118033988749895, 1.118033988749895, 1.118033988749895]]"
150,288,-0.7384823848238482,0.36488579171506,0.29907084785133564,0.07452574525745258,2.062717770034843,3.6236933797909407,3.6236933797909407,2.062717770034843,"[[1.5, 1.5, 1.5, 1.5], [1.5, 1.5, 1.5, 1.5], [1.5, 1.5, 1.5, 1.5], [1.5, 1.5, 1.5, 1.5]]","[[1.118033988749895, 1.118033988749895, 1.118033988749895, 1.118033988749895], [1.118033988749895, 1.118033988749895, 1.118033988749895, 1.118033988749895], [1.118033988749895, 1.118033988749895, 1.118033988749895, 1.118033988749895], [1.118033988749895, 1.118033988749895, 1.118033988749895, 1.118033988749895]]"
151,288,-0.8313975996902826,0.24777390631049168,0.42198993418505615,0.1616337591947348,2.062717770034843,2.062717770034843,2.062717770034843,2.062717770034843,"[[1.5, 1.5, 1.5, 1.5], [1.5, 1.5, 1.5, 1.5], [1.5, 1.5, 1.5, 1.5], [1.5, 1.5, 1.5, 1.5]]","[[1.118033988749895, 1.118033988749895, 1.118033988749895, 1.118033988749895], [1.118033988749895, 1.118033988749895, 1.118033988749895, 1.118033988749895], [1.118033988749895, 1.118033988749895, 1.118033988749895, 1.118033988749895], [1.118033988749895, 1.118033988749895, 1.118033988749895, 1.118033988749895]]"
152,576,-1.1964975845410628,0.8035024154589372,-0.4683574879227053,0.8613526570048309,2.546086956521739,2.9495652173913043,2.9495652173913043,2.546086956521739,"[[1.5, 1.5, 1.5, 1.5], [1.5, 1.5, 1.5, 1.5], [1.5, 1.5, 1.5, 1.5], [1.5, 1.5, 1.5, 1.5]]","[[1.118033988749895, 1.118033988749895, 1.118033988749895, 1.118033988749895], [1.118033988749895, 1.118033988749895, 1.118033988749895, 1.118033988749895], [1.118033988749895, 1.118033988749895, 1.118033988749895, 1.118033988749895], [1.118033988749895, 1.118033988749895, 1.118033988749895, 1.118033988749895]]"
153,576,-1.5357487922705313,0.9468599033816425,0.3502415458937198,0.23864734299516907,2.893913043478261,2.9495652173913043,2.9495652173913043,2.893913043478261,"[[1.5, 1.5, 1.5, 1.5], [1.5, 1.5, 1.5, 1.5], [1.5, 1.5, 1.5, 1.5], [1.5, 1.5, 1.5, 1.5]]","[[1.118033988749895, 1.118033988749895, 1.118033988749895, 1.118033988749895], [1.118033988749895, 1.118033988749895, 1.118033988749895, 1.118033988749895], [1.118033988749895, 1.118033988749895, 1.118033988749895, 1.118033988749895], [1.118033988749895, 1.118033988749895, 1.118033988749895, 1.118033988749895]]"
154,288,-0.7336430507162215,0.36585365853658536,0.2981029810298103,0.06968641114982578,2.062717770034843,3.6236933797909407,3.6236933797909407,2.062717770034843,"[[1.5, 1.5, 1.5, 1.5], [1.5, 1.5, 1.5, 1.5], [1.5, 1.5, 1.5, 1.5], [1.5, 1.5, 1.5, 1.5]]","[[1.118033988749895, 1.118033988749895, 1.118033988749895, 1.118033988749895], [1.118033988749895, 1.118033988749895, 1.118033988749895, 1.118033988749895], [1.118033988749895, 1.118033988749895, 1.118033988749895, 1.118033988749895], [1.118033988749895, 1.118033988749895, 1.118033988749895, 1.118033988749895]]"
155,576,-1.0060386473429952,0.4681159420289855,1.127294685990338,-0.5893719806763285,2.546086956521739,4.452173913043478,4.452173913043478,2.546086956521739,"[[1.5, 1.5, 1.5, 1.5], [1.5, 1.5, 1.5, 1.5], [1.5, 1.5, 1.5, 1.5], [1.5, 1.5, 1.5, 1.5]]","[[1.118033988749895, 1.118033988749895, 1.118033988749895, 1.118033988749895], [1.118033988749895, 1.118033988749895, 1.118033988749895, 1.118033988749895], [1.118033988749895, 1.118033988749895, 1.118033988749895, 1.118033988749895], [1.118033988749895, 1.118033988749895, 1.118033988749895, 1.118033988749895]]"
156,576,-0.729951690821256,0.5420289855072464,0.11690821256038647,0.07101449275362319,2.0591304347826087,2.9495652173913043,2.9495652173913043,2.0591304347826087,"[[1.5, 1.5, 1.5, 1.5], [1.5, 1.5, 1.5, 1.5], [1.5, 1.5, 1.5, 1.5], [1.5, 1.5, 1.5, 1.5]]","[[1.118033988749895, 1.118033988749895, 1.118033988749895, 1.118033988749895], [1.118033988749895, 1.118033988749895, 1.118033988749895, 1.118033988749895], [1.118033988749895, 1.118033988749895, 1.118033988749895, 1.118033988749895], [1.118033988749895, 1.118033988749895, 1.118033988749895, 1.118033988749895]]"
157,576,-1.0525362318840579,0.6614734299516908,0.9422705314009662,-0.5512077294685991,2.546086956521739,2.9495652173913043,2.9495652173913043,2.546086956521739,"[[1.5, 1.5, 1.5, 1.5], [1.5, 1.5, 1.5, 1.5], [1.5, 1.5, 1.5, 1.5], [1.5, 1.5, 1.5, 1.5]]","[[1.118033988749895, 1.118033988749895, 1.118033988749895, 1.118033988749895], [1.118033988749895, 1.118033988749895, 1.118033988749895, 1.118033988749895], [1.118033988749895, 1.118033988749895, 1.118033988749895, 1.118033988749895], [1.118033988749895, 1.118033988749895, 1.118033988749895, 1.118033988749895]]"
158,72,-1.5492957746478873,1.5492957746478873,-1.5492957746478873,1.5492957746478873,2.9295774647887325,2.9295774647887325,2.9295774647887325,2.9295774647887325,"[[1.5, 1.5, 1.5, 1.5], [1.5, 1.5, 1.5, 1.5], [1.5, 1.5, 1.5, 1.5], [1.5, 1.5, 1.5, 1.5]]","[[1.118033988749895, 1.118033988749895, 1.118033988749895, 1.118033988749895], [1.118033988749895, 1.118033988749895, 1.118033988749895, 1.118033988749895], [1.118033988749895, 1.118033988749895, 1.118033988749895, 1.118033988749895], [1.118033988749895, 1.118033988749895, 1.118033988749895, 1.118033988749895]]"
159,576,-1.1533816425120773,1.1533816425120773,-0.8253623188405798,0.8253623188405798,2.546086956521739,2.546086956521739,2.546086956521739,2.546086956521739,"[[1.5, 1.5, 1.5, 1.5], [1.5, 1.5, 1.5, 1.5], [1.5, 1.5, 1.5, 1.5], [1.5, 1.5, 1.5, 1.5]]","[[1.118033988749895, 1.118033988749895, 1.118033988749895, 1.118033988749895], [1.118033988749895, 1.118033988749895, 1.118033988749895, 1.118033988749895], [1.118033988749895, 1.118033988749895, 1.118033988749895, 1.118033988749895], [1.118033988749895, 1.118033988749895, 1.118033988749895, 1.118033988749895]]"
160,288,-0.6368563685636857,0.8468834688346883,-0.17711962833914052,-0.03290747193186218,2.062717770034843,3.6236933797909407,3.6236933797909407,2.062717770034843,"[[1.5, 1.5, 1.5, 1.5], [1.5, 1.5, 1.5, 1.5], [1.5, 1.5, 1.5, 1.5], [1.5, 1.5, 1.5, 1.5]]","[[1.118033988749895, 1.118033988749895, 1.118033988749895, 1.118033988749895], [1.118033988749895, 1.118033988749895, 1.118033988749895, 1.118033988749895], [1.118033988749895, 1.118033988749895, 1.118033988749895, 1.118033988749895], [1.118033988749895, 1.118033988749895, 1.118033988749895, 1.118033988749895]]"
161,288,-0.7413859852884244,0.7413859852884244,-0.06968641114982578,0.06968641114982578,2.062717770034843,2.062717770034843,2.062717770034843,2.062717770034843,"[[1.5, 1.5, 1.5, 1.5], [1.5, 1.5, 1.5, 1.5], [1.5, 1.5, 1.5, 1.5], [1.5, 1.5, 1.5, 1.5]]","[[1.118033988749895, 1.118033988749895, 1.118033988749895, 1.118033988749895], [1.118033988749895, 1.118033988749895, 1.118033988749895, 1.118033988749895], [1.118033988749895, 1.118033988749895, 1.118033988749895, 1.118033988749895], [1.118033988749895, 1.118033988749895, 1.118033988749895, 1.118033988749895]]"
162,144,-1.452991452991453,1.452991452991453,-0.13986013986013987,0.13986013986013987,2.909090909090909,2.909090909090909,2.909090909090909,2.909090909090909,"[[1.5, 1.5, 1.5, 1.5], [1.5, 1.5, 1.5, 1.5], [1.5, 1.5, 1.5, 1.5], [1.5, 1.5, 1.5, 1.5]]","[[1.118033988749895, 1.118033988749895, 1.118033988749895, 1.118033988749895], [1.118033988749895, 1.118033988749895, 1.118033988749895, 1.118033988749895], [1.118033988749895, 1.118033988749895, 1.118033988749895, 1.118033988749895], [1.118033988749895, 1.118033988749895, 1.118033988749895, 1.118033988749895]]"
163,576,-0.9573671497584542,0.9701690821256038,0.6309178743961352,-0.643719806763285,2.546086956521739,3.617391304347826,3.617391304347826,2.546086956521739,"[[1.5, 1.5, 1.5, 1.5], [1.5, 1.5, 1.5, 1.5], [1.5, 1.5, 1.5, 1.5], [1.5, 1.5, 1.5, 1.5]]","[[1.118033988749895, 1.118033988749895, 1.118033988749895, 1.118033988749895], [1.118033988749895, 1.118033988749895, 1.118033988749895, 1.118033988749895], [1.118033988749895, 1.118033988749895, 1.118033988749895, 1.118033988749895], [1.118033988749895, 1.118033988749895, 1.118033988749895, 1.118033988749895]]"
164,288,-0.7413859852884244,0.7413859852884244,-0.06968641114982578,0.06968641114982578,2.062717770034843,2.062717770034843,2.062717770034843,2.062717770034843,"[[1.5, 1.5, 1.5, 1.5], [1.5, 1.5, 1.5, 1.5], [1.5, 1.5, 1.5, 1.5], [1.5, 1.5, 1.5, 1.5]]","[[1.118033988749895, 1.118033988749895, 1.118033988749895, 1.118033988749895], [1.118033988749895, 1.118033988749895, 1.118033988749895, 1.118033988749895], [1.118033988749895, 1.118033988749895, 1.118033988749895, 1.118033988749895], [1.118033988749895, 1.118033988749895, 1.118033988749895, 1.118033988749895]]"
165,576,-1.0084541062801933,1.0084541062801933,0.5891304347826087,-0.5891304347826087,2.546086956521739,2.546086956521739,2.546086956521739,2.546086956521739,"[[1.5, 1.5, 1.5, 1.5], [1.5, 1.5, 1.5, 1.5], [1.5, 1.5, 1.5, 1.5], [1.5, 1.5, 1.5, 1.5]]","[[1.118033988749895, 1.118033988749895, 1.118033988749895, 1.118033988749895], [1.118033988749895, 1.118033988749895, 1.118033988749895, 1.118033988749895], [1.118033988749895, 1.118033988749895, 1.118033988749895, 1.118033988749895], [1.118033988749895, 1.118033988749895, 1.118033988749895, 1.118033988749895]]"
166,72,-1.267605633802817,0.5633802816901409,1.971830985915493,-1.267605633802817,2.9295774647887325,5.070422535211268,5.070422535211268,2.9295774647887325,"[[1.5, 1.5, 1.5, 1.5], [1.5, 1.5, 1.5, 1.5], [1.5, 1.5, 1.5, 1.5], [1.5, 1.5, 1.5, 1.5]]","[[1.118033988749895, 1.118033988749895, 1.118033988749895, 1.118033988749895], [1.118033988749895, 1.118033988749895, 1.118033988749895, 1.118033988749895], [1.118033988749895, 1.118033988749895, 1.118033988749895, 1.118033988749895], [1.118033988749895, 1.118033988749895, 1.118033988749895, 1.118033988749895]]"
167,288,-1.254355400696864,1.0549748354626403,1.4537359659310878,-1.254355400696864,2.8989547038327528,3.6236933797909407,3.6236933797909407,2.8989547038327528,"[[1.5, 1.5, 1.5, 1.5], [1.5, 1.5, 1.5, 1.5], [1.5, 1.5, 1.5, 1.5], [1.5, 1.5, 1.5, 1.5]]","[[1.118033988749895, 1.118033988749895, 1.118033988749895, 1.118033988749895], [1.118033988749895, 1.118033988749895, 1.118033988749895, 1.118033988749895], [1.118033988749895, 1.118033988749895, 1.118033988749895, 1.118033988749895], [1.118033988749895, 1.118033988749895, 1.118033988749895, 1.118033988749895]]"
168,72,-1.267605633802817,1.267605633802817,1.267605633802817,-1.267605633802817,2.9295774647887325,2.9295774647887325,2.9295774647887325,2.9295774647887325,"[[1.5, 1.5, 1.5, 1.5], [1.5, 1.5, 1.5, 1.5], [1.5, 1.5, 1.5, 1.5], [1.5, 1.5, 1.5, 1.5]]","[[1.118033988749895, 1.118033988749895, 1.118033988749895, 1.118033988749895], [1.118033988749895, 1.118033988749895, 1.118033988749895, 1.118033988749895], [1.118033988749895, 1.118033988749895, 1.118033988749895, 1.118033988749895], [1.118033988749895, 1.118033988749895, 1.118033988749895, 1.118033988749895]]"
169,576,-3.161594202898551,0.1070048309178744,0.8666666666666667,2.18792270531401,3.812173913043478,2.546086956521739,2.546086956521739,3.812173913043478,"[[1.5, 1.5, 1.5, 1.5], [1.5, 1.5, 1.5, 1.5], [1.5, 1.5, 1.5, 1.5], [1.5, 1.5, 1.5, 1.5]]","[[1.118033988749895, 1.118033988749895, 1.118033988749895, 1.118033988749895], [1.118033988749895, 1.118033988749895, 1.118033988749895, 1.118033988749895], [1.118033988749895, 1.118033988749895, 1.118033988749895, 1.118033988749895], [1.118033988749895, 1.118033988749895, 1.118033988749895, 1.118033988749895]]"
170,576,-3.5140096618357486,0.643719806763285,0.643719806763285,2.2265700483091786,4.1460869565217395,2.0591304347826087,2.0591304347826087,4.1460869565217395,"[[1.5, 1.5, 1.5, 1.5], [1.5, 1.5, 1.5, 1.5], [1.5, 1.5, 1.5, 1.5], [1.5, 1.5, 1.5, 1.5]]","[[1.118033988749895, 1.118033988749895, 1.118033988749895, 1.118033988749895], [1.118033988749895, 1.118033988749895, 1.118033988749895, 1.118033988749895], [1.118033988749895, 1.118033988749895, 1.118033988749895, 1.118033988749895], [1.118033988749895, 1.118033988749895, 1.118033988749895, 1.118033988749895]]"
171,1152,-3.115768896611642,0.4386282459696882,0.5357660005792065,2.1413746500627475,3.808861859252824,2.057341442224153,2.057341442224153,3.808861859252824,"[[1.5, 1.5, 1.5, 1.5], [1.5, 1.5, 1.5, 1.5], [1.5, 1.5, 1.5, 1.5], [1.5, 1.5, 1.5, 1.5]]","[[1.118033988749895, 1.118033988749895, 1.118033988749895, 1.118033988749895], [1.118033988749895, 1.118033988749895, 1.118033988749895, 1.118033988749895], [1.118033988749895, 1.118033988749895, 1.118033988749895, 1.118033988749895], [1.118033988749895, 1.118033988749895, 1.118033988749895, 1.118033988749895]]"
172,576,-2.895893719806763,-0.7181159420289855,1.3693236714975845,2.2446859903381644,3.617391304347826,2.0591304347826087,2.0591304347826087,3.617391304347826,"[[1.5, 1.5, 1.5, 1.5], [1.5, 1.5, 1.5, 1.5], [1.5, 1.5, 1.5, 1.5], [1.5, 1.5, 1.5, 1.5]]","[[1.118033988749895, 1.118033988749895, 1.118033988749895, 1.118033988749895], [1.118033988749895, 1.118033988749895, 1.118033988749895, 1.118033988749895], [1.118033988749895, 1.118033988749895, 1.118033988749895, 1.118033988749895], [1.118033988749895, 1.118033988749895, 1.118033988749895, 1.118033988749895]]"
173,1152,-2.4968022975190656,-0.9212399845544936,1.250241336036297,2.1678009460372625,3.2945264986967855,2.057341442224153,2.057341442224153,3.2945264986967855,"[[1.5, 1.5, 1.5, 1.5], [1.5, 1.5, 1.5, 1.5], [1.5, 1.5, 1.5, 1.5], [1.5, 1.5, 1.5, 1.5]]","[[1.118033988749895, 1.118033988749895, 1.118033988749895, 1.118033988749895], [1.118033988749895, 1.118033988749895, 1.118033988749895, 1.118033988749895], [1.118033988749895, 1.118033988749895, 1.118033988749895, 1.118033988749895], [1.118033988749895, 1.118033988749895, 1.118033988749895, 1.118033988749895]]"
174,1152,-2.727278212182643,0.23373395115358625,0.4171493387392605,2.076394922289796,3.6142484795829715,1.7237185056472633,1.7237185056472633,3.6142484795829715,"[[1.5, 1.5, 1.5, 1.5], [1.5, 1.5, 1.5, 1.5], [1.5, 1.5, 1.5, 1.5], [1.5, 1.5, 1.5, 1.5]]","[[1.118033988749895, 1.118033988749895, 1.118033988749895, 1.118033988749895], [1.118033988749895, 1.118033988749895, 1.118033988749895, 1.118033988749895], [1.118033988749895, 1.118033988749895, 1.118033988749895, 1.118033988749895], [1.118033988749895, 1.118033988749895, 1.118033988749895, 1.118033988749895]]"
175,1152,-1.7932474177044115,-0.12971811950960518,1.1040520320494256,0.8189135051645912,2.947002606429192,2.543874891398784,2.543874891398784,2.947002606429192,"[[1.5, 1.5, 1.5, 1.5], [1.5, 1.5, 1.5, 1.5], [1.5, 1.5, 1.5, 1.5], [1.5, 1.5, 1.5, 1.5]]","[[1.118033988749895, 1.118033988749895, 1.118033988749895, 1.118033988749895], [1.118033988749895, 1.118033988749895, 1.118033988749895, 1.118033988749895], [1.118033988749895, 1.118033988749895, 1.118033988749895, 1.118033988749895], [1.118033988749895, 1.118033988749895, 1.118033988749895, 1.118033988749895]]"
176,1152,-2.2856332657592433,0.3601337001641085,-0.03077034462785983,1.9562699102229946,3.2945264986967855,1.3483927019982624,1.3483927019982624,3.2945264986967855,"[[1.5, 1.5, 1.5, 1.5], [1.5, 1.5, 1.5, 1.5], [1.5, 1.5, 1.5, 1.5], [1.5, 1.5, 1.5, 1.5]]","[[1.118033988749895, 1.118033988749895, 1.118033988749895, 1.118033988749895], [1.118033988749895, 1.118033988749895, 1.118033988749895, 1.118033988749895], [1.118033988749895, 1.118033988749895, 1.118033988749895, 1.118033988749895], [1.118033988749895, 1.118033988749895, 1.118033988749895, 1.118033988749895]]"
177,1152,-1.750470605270779,0.19819721980886185,0.776257360749107,0.7760160247128102,2.947002606429192,2.057341442224153,2.057341442224153,2.947002606429192,"[[1.5, 1.5, 1.5, 1.5], [1.5, 1.5, 1.5, 1.5], [1.5, 1.5, 1.5, 1.5], [1.5, 1.5, 1.5, 1.5]]","[[1.118033988749895, 1.118033988749895, 1.118033988749895, 1.118033988749895], [1.118033988749895, 1.118033988749895, 1.118033988749895, 1.118033988749895], [1.118033988749895, 1.118033988749895, 1.118033988749895, 1.118033988749895], [1.118033988749895, 1.118033988749895, 1.118033988749895, 1.118033988749895]]"
178,576,-2.7782608695652176,-0.28019323671497587,1.2490338164251207,1.8094202898550724,3.617391304347826,2.0591304347826087,2.0591304347826087,3.617391304347826,"[[1.5, 1.5, 1.5, 1.5], [1.5, 1.5, 1.5, 1.5], [1.5, 1.5, 1.5, 1.5], [1.5, 1.5, 1.5, 1.5]]","[[1.118033988749895, 1.118033988749895, 1.118033988749895, 1.118033988749895], [1.118033988749895, 1.118033988749895, 1.118033988749895, 1.118033988749895], [1.118033988749895, 1.118033988749895, 1.118033988749895, 1.118033988749895], [1.118033988749895, 1.118033988749895, 1.118033988749895, 1.118033988749895]]"
179,1152,-1.98697992084178,-0.6896780577275798,1.017110724973453,1.659547253595907,2.947002606429192,2.057341442224153,2.057341442224153,2.947002606429192,"[[1.5, 1.5, 1.5, 1.5], [1.5, 1.5, 1.5, 1.5], [1.5, 1.5, 1.5, 1.5], [1.5, 1.5, 1.5, 1.5]]","[[1.118033988749895, 1.118033988749895, 1.118033988749895, 1.118033988749895], [1.118033988749895, 1.118033988749895, 1.118033988749895, 1.118033988749895], [1.118033988749895, 1.118033988749895, 1.118033988749895, 1.118033988749895], [1.118033988749895, 1.118033988749895, 1.118033988749895, 1.118033988749895]]"
180,1152,-2.6513176947581814,0.3467395501496283,0.6228883096824018,1.681689834926151,3.6142484795829715,2.2380538662033014,2.2380538662033014,3.6142484795829715,"[[1.5, 1.5, 1.5, 1.5], [1.5, 1.5, 1.5, 1.5], [1.5, 1.5, 1.5, 1.5], [1.5, 1.5, 1.5, 1.5]]","[[1.118033988749895, 1.118033988749895, 1.118033988749895, 1.118033988749895], [1.118033988749895, 1.118033988749895, 1.118033988749895, 1.118033988749895], [1.118033988749895, 1.118033988749895, 1.118033988749895, 1.118033988749895], [1.118033988749895, 1.118033988749895, 1.118033988749895, 1.118033988749895]]"
181,1152,-1.7098054831547447,-0.018281204749493195,1.307256974611449,0.4208297132927889,2.947002606429192,2.947002606429192,2.947002606429192,2.947002606429192,"[[1.5, 1.5, 1.5, 1.5], [1.5, 1.5, 1.5, 1.5], [1.5, 1.5, 1.5, 1.5], [1.5, 1.5, 1.5, 1.5]]","[[1.118033988749895, 1.118033988749895, 1.118033988749895, 1.118033988749895], [1.118033988749895, 1.118033988749895, 1.118033988749895, 1.118033988749895], [1.118033988749895, 1.118033988749895, 1.118033988749895, 1.118033988749895], [1.118033988749895, 1.118033988749895, 1.118033988749895, 1.118033988749895]]"
182,1152,-1.7694154841200889,0.6038830968240178,-0.27343372912443287,1.4389661164205039,2.947002606429192,1.3483927019982624,1.3483927019982624,2.947002606429192,"[[1.5, 1.5, 1.5, 1.5], [1.5, 1.5, 1.5, 1.5], [1.5, 1.5, 1.5, 1.5], [1.5, 1.5, 1.5, 1.5]]","[[1.118033988749895, 1.118033988749895, 1.118033988749895, 1.118033988749895], [1.118033988749895, 1.118033988749895, 1.118033988749895, 1.118033988749895], [1.118033988749895, 1.118033988749895, 1.118033988749895, 1.118033988749895], [1.118033988749895, 1.118033988749895, 1.118033988749895, 1.118033988749895]]"
183,1152,-1.6240708562602568,0.6446085529491263,0.6446085529491263,0.33485375036200404,2.947002606429192,2.057341442224153,2.057341442224153,2.947002606429192,"[[1.5, 1.5, 1.5, 1.5], [1.5, 1.5, 1.5, 1.5], [1.5, 1.5, 1.5, 1.5], [1.5, 1.5, 1.5, 1.5]]","[[1.118033988749895, 1.118033988749895, 1.118033988749895, 1.118033988749895], [1.118033988749895, 1.118033988749895, 1.118033988749895, 1.118033988749895], [1.118033988749895, 1.118033988749895, 1.118033988749895, 1.118033988749895], [1.118033988749895, 1.118033988749895, 1.118033988749895, 1.118033988749895]]"
184,1152,-2.266085046819191,-0.04265614441548412,1.0127063423110338,1.2960348489236413,3.2945264986967855,2.057341442224153,2.057341442224153,3.2945264986967855,"[[1.5, 1.5, 1.5, 1.5], [1.5, 1.5, 1.5, 1.5], [1.5, 1.5, 1.5, 1.5], [1.5, 1.5, 1.5, 1.5]]","[[1.118033988749895, 1.118033988749895, 1.118033988749895, 1.118033988749895], [1.118033988749895, 1.118033988749895, 1.118033988749895, 1.118033988749895], [1.118033988749895, 1.118033988749895, 1.118033988749895, 1.118033988749895], [1.118033988749895, 1.118033988749895, 1.118033988749895, 1.118033988749895]]"
185,1152,-1.8697509412105415,-0.24682643112269523,0.9001230813785115,1.2164542909547253,2.947002606429192,2.057341442224153,2.057341442224153,2.947002606429192,"[[1.5, 1.5, 1.5, 1.5], [1.5, 1.5, 1.5, 1.5], [1.5, 1.5, 1.5, 1.5], [1.5, 1.5, 1.5, 1.5]]","[[1.118033988749895, 1.118033988749895, 1.118033988749895, 1.118033988749895], [1.118033988749895, 1.118033988749895, 1.118033988749895, 1.118033988749895], [1.118033988749895, 1.118033988749895, 1.118033988749895, 1.118033988749895], [1.118033988749895, 1.118033988749895, 1.118033988749895, 1.118033988749895]]"
186,1152,-2.1372116034366253,0.5878342504102713,0.3856549860025099,1.163722367023844,3.2945264986967855,2.2380538662033014,2.2380538662033014,3.2945264986967855,"[[1.5, 1.5, 1.5, 1.5], [1.5, 1.5, 1.5, 1.5], [1.5, 1.5, 1.5, 1.5], [1.5, 1.5, 1.5, 1.5]]","[[1.118033988749895, 1.118033988749895, 1.118033988749895, 1.118033988749895], [1.118033988749895, 1.118033988749895, 1.118033988749895, 1.118033988749895], [1.118033988749895, 1.118033988749895, 1.118033988749895, 1.118033988749895], [1.118033988749895, 1.118033988749895, 1.118033988749895, 1.118033988749895]]"
187,1152,-1.5806303697268076,0.4176320108118544,1.1792885413649967,-0.01629018245004344,2.947002606429192,2.947002606429192,2.947002606429192,2.947002606429192,"[[1.5, 1.5, 1.5, 1.5], [1.5, 1.5, 1.5, 1.5], [1.5, 1.5, 1.5, 1.5], [1.5, 1.5, 1.5, 1.5]]","[[1.118033988749895, 1.118033988749895, 1.118033988749895, 1.118033988749895], [1.118033988749895, 1.118033988749895, 1.118033988749895, 1.118033988749895], [1.118033988749895, 1.118033988749895, 1.118033988749895, 1.118033988749895], [1.118033988749895, 1.118033988749895, 1.118033988749895, 1.118033988749895]]"
188,1152,-1.695023650931557,0.7219567525822956,-0.06576406989091611,1.0388309682401777,2.947002606429192,1.7237185056472633,1.7237185056472633,2.947002606429192,"[[1.5, 1.5, 1.5, 1.5], [1.5, 1.5, 1.5, 1.5], [1.5, 1.5, 1.5, 1.5], [1.5, 1.5, 1.5, 1.5]]","[[1.118033988749895, 1.118033988749895, 1.118033988749895, 1.118033988749895], [1.118033988749895, 1.118033988749895, 1.118033988749895, 1.118033988749895], [1.118033988749895, 1.118033988749895, 1.118033988749895, 1.118033988749895], [1.118033988749895, 1.118033988749895, 1.118033988749895, 1.118033988749895]]"
189,1152,-1.5353798629211315,0.7550197895549764,0.8427454387489139,-0.062385365382758955,2.947002606429192,2.543874891398784,2.543874891398784,2.947002606429192,"[[1.5, 1.5, 1.5, 1.5], [1.5, 1.5, 1.5, 1.5], [1.5, 1.5, 1.5, 1.5], [1.5, 1.5, 1.5, 1.5]]","[[1.118033988749895, 1.118033988749895, 1.118033988749895, 1.118033988749895], [1.118033988749895, 1.118033988749895, 1.118033988749895, 1.118033988749895], [1.118033988749895, 1.118033988749895, 1.118033988749895, 1.118033988749895], [1.118033988749895, 1.118033988749895, 1.118033988749895, 1.118033988749895]]"
190,576,-3.0717391304347825,0.5876811594202899,0.39154589371980675,2.092512077294686,3.812173913043478,2.546086956521739,2.546086956521739,3.812173913043478,"[[1.5, 1.5, 1.5, 1.5], [1.5, 1.5, 1.5, 1.5], [1.5, 1.5, 1.5, 1.5], [1.5, 1.5, 1.5, 1.5]]","[[1.118033988749895, 1.118033988749895, 1.118033988749895, 1.118033988749895], [1.118033988749895, 1.118033988749895, 1.118033988749895, 1.118033988749895], [1.118033988749895, 1.118033988749895, 1.118033988749895, 1.118033988749895], [1.118033988749895, 1.118033988749895, 1.118033988749895, 1.118033988749895]]"
191,1152,-2.027222704894295,-1.011680664156772,1.3416473597837628,1.6972560092673037,2.947002606429192,2.543874891398784,2.543874891398784,2.947002606429192,"[[1.5, 1.5, 1.5, 1.5], [1.5, 1.5, 1.5, 1.5], [1.5, 1.5, 1.5, 1.5], [1.5, 1.5, 1.5, 1.5]]","[[1.118033988749895, 1.118033988749895, 1.118033988749895, 1.118033988749895], [1.118033988749895, 1.118033988749895, 1.118033988749895, 1.118033988749895], [1.118033988749895, 1.118033988749895, 1.118033988749895, 1.118033988749895], [1.118033988749895, 1.118033988749895, 1.118033988749895, 1.118033988749895]]"
192,1152,-1.9881866010232647,-0.8533038903369051,1.1857442803359397,1.65574621102423,2.947002606429192,2.947002606429192,2.947002606429192,2.947002606429192,"[[1.5, 1.5, 1.5, 1.5], [1.5, 1.5, 1.5, 1.5], [1.5, 1.5, 1.5, 1.5], [1.5, 1.5, 1.5, 1.5]]","[[1.118033988749895, 1.118033988749895, 1.118033988749895, 1.118033988749895], [1.118033988749895, 1.118033988749895, 1.118033988749895, 1.118033988749895], [1.118033988749895, 1.118033988749895, 1.118033988749895, 1.118033988749895], [1.118033988749895, 1.118033988749895, 1.118033988749895, 1.118033988749895]]"
193,1152,-1.8602181677768124,-0.061058017183125785,0.3910247128101168,1.5302514721498215,2.947002606429192,2.543874891398784,2.543874891398784,2.947002606429192,"[[1.5, 1.5, 1.5, 1.5], [1.5, 1.5, 1.5, 1.5], [1.5, 1.5, 1.5, 1.5], [1.5, 1.5, 1.5, 1.5]]","[[1.118033988749895, 1.118033988749895, 1.118033988749895, 1.118033988749895], [1.118033988749895, 1.118033988749895, 1.118033988749895, 1.118033988749895], [1.118033988749895, 1.118033988749895, 1.118033988749895, 1.118033988749895], [1.118033988749895, 1.118033988749895, 1.118033988749895, 1.118033988749895]]"
194,1152,-1.26695385654986,-0.0666087460179554,1.0400979824307366,0.29346462013707886,2.2380538662033014,3.2945264986967855,3.2945264986967855,2.2380538662033014,"[[1.5, 1.5, 1.5, 1.5], [1.5, 1.5, 1.5, 1.5], [1.5, 1.5, 1.5, 1.5], [1.5, 1.5, 1.5, 1.5]]","[[1.118033988749895, 1.118033988749895, 1.118033988749895, 1.118033988749895], [1.118033988749895, 1.118033988749895, 1.118033988749895, 1.118033988749895], [1.118033988749895, 1.118033988749895, 1.118033988749895, 1.118033988749895], [1.118033988749895, 1.118033988749895, 1.118033988749895, 1.118033988749895]]"
195,1152,-1.8153899990346558,0.2669779901534897,0.06479872574572836,1.4836132831354378,2.947002606429192,2.057341442224153,2.057341442224153,2.947002606429192,"[[1.5, 1.5, 1.5, 1.5], [1.5, 1.5, 1.5, 1.5], [1.5, 1.5, 1.5, 1.5], [1.5, 1.5, 1.5, 1.5]]","[[1.118033988749895, 1.118033988749895, 1.118033988749895, 1.118033988749895], [1.118033988749895, 1.118033988749895, 1.118033988749895, 1.118033988749895], [1.118033988749895, 1.118033988749895, 1.118033988749895, 1.118033988749895], [1.118033988749895, 1.118033988749895, 1.118033988749895, 1.118033988749895]]"
196,1152,-1.2674365286224538,0.10769620619750941,0.8662757022878657,0.29346462013707886,2.2380538662033014,2.543874891398784,2.543874891398784,2.2380538662033014,"[[1.5, 1.5, 1.5, 1.5], [1.5, 1.5, 1.5, 1.5], [1.5, 1.5, 1.5, 1.5], [1.5, 1.5, 1.5, 1.5]]","[[1.118033988749895, 1.118033988749895, 1.118033988749895, 1.118033988749895], [1.118033988749895, 1.118033988749895, 1.118033988749895, 1.118033988749895], [1.118033988749895, 1.118033988749895, 1.118033988749895, 1.118033988749895], [1.118033988749895, 1.118033988749895, 1.118033988749895, 1.118033988749895]]"
197,1152,-1.986436914760112,-0.6887730475914664,1.0181364031277151,1.6570735592238632,2.947002606429192,2.057341442224153,2.057341442224153,2.947002606429192,"[[1.5, 1.5, 1.5, 1.5], [1.5, 1.5, 1.5, 1.5], [1.5, 1.5, 1.5, 1.5], [1.5, 1.5, 1.5, 1.5]]","[[1.118033988749895, 1.118033988749895, 1.118033988749895, 1.118033988749895], [1.118033988749895, 1.118033988749895, 1.118033988749895, 1.118033988749895], [1.118033988749895, 1.118033988749895, 1.118033988749895, 1.118033988749895], [1.118033988749895, 1.118033988749895, 1.118033988749895, 1.118033988749895]]"
198,1152,-1.904261994401004,-0.38649966212954917,0.7183367120378414,1.5724249444927116,2.947002606429192,2.947002606429192,2.947002606429192,2.947002606429192,"[[1.5, 1.5, 1.5, 1.5], [1.5, 1.5, 1.5, 1.5], [1.5, 1.5, 1.5, 1.5], [1.5, 1.5, 1.5, 1.5]]","[[1.118033988749895, 1.118033988749895, 1.118033988749895, 1.118033988749895], [1.118033988749895, 1.118033988749895, 1.118033988749895, 1.118033988749895], [1.118033988749895, 1.118033988749895, 1.118033988749895, 1.118033988749895], [1.118033988749895, 1.118033988749895, 1.118033988749895, 1.118033988749895]]"
199,1152,-1.8170793512887344,0.08899266338449657,0.24187904237860797,1.48620764552563,2.947002606429192,2.947002606429192,2.947002606429192,2.947002606429192,"[[1.5, 1.5, 1.5, 1.5], [1.5, 1.5, 1.5, 1.5], [1.5, 1.5, 1.5, 1.5], [1.5, 1.5, 1.5, 1.5]]","[[1.118033988749895, 1.118033988749895, 1.118033988749895, 1.118033988749895], [1.118033988749895, 1.118033988749895, 1.118033988749895, 1.118033988749895], [1.118033988749895, 1.118033988749895, 1.118033988749895, 1.118033988749895], [1.118033988749895, 1.118033988749895, 1.118033988749895, 1.118033988749895]]"
200,1152,-1.223815040061782,0.08742397914856646,0.8852809151462496,0.25111014576696594,2.2380538662033014,3.6142484795829715,3.6142484795829715,2.2380538662033014,"[[1.5, 1.5, 1.5, 1.5], [1.5, 1.5, 1.5, 1.5], [1.5, 1.5, 1.5, 1.5], [1.5, 1.5, 1.5, 1.5]]","[[1.118033988749895, 1.118033988749895, 1.118033988749895, 1.118033988749895], [1.118033988749895, 1.118033988749895, 1.118033988749895, 1.118033988749895], [1.118033988749895, 1.118033988749895, 1.118033988749895, 1.118033988749895], [1.118033988749895, 1.118033988749895, 1.118033988749895, 1.118033988749895]]"
201,1152,-1.7204846027608842,0.7468746983299547,-0.4165459986485182,1.390155903079448,2.947002606429192,2.057341442224153,2.057341442224153,2.947002606429192,"[[1.5, 1.5, 1.5, 1.5], [1.5, 1.5, 1.5, 1.5], [1.5, 1.5, 1.5, 1.5], [1.5, 1.5, 1.5, 1.5]]","[[1.118033988749895, 1.118033988749895, 1.118033988749895, 1.118033988749895], [1.118033988749895, 1.118033988749895, 1.118033988749895, 1.118033988749895], [1.118033988749895, 1.118033988749895, 1.118033988749895, 1.118033988749895], [1.118033988749895, 1.118033988749895, 1.118033988749895, 1.118033988749895]]"
202,1152,-1.2241770441162274,0.44146394439617725,0.5324476300801235,0.25026546963992663,2.2380538662033014,2.057341442224153,2.057341442224153,2.2380538662033014,"[[1.5, 1.5, 1.5, 1.5], [1.5, 1.5, 1.5, 1.5], [1.5, 1.5, 1.5, 1.5], [1.5, 1.5, 1.5, 1.5]]","[[1.118033988749895, 1.118033988749895, 1.118033988749895, 1.118033988749895], [1.118033988749895, 1.118033988749895, 1.118033988749895, 1.118033988749895], [1.118033988749895, 1.118033988749895, 1.118033988749895, 1.118033988749895], [1.118033988749895, 1.118033988749895, 1.118033988749895, 1.118033988749895]]"
203,1152,-1.901486629983589,-0.2118930398687132,0.5416787334684815,1.5717009363838208,2.947002606429192,2.057341442224153,2.057341442224153,2.947002606429192,"[[1.5, 1.5, 1.5, 1.5], [1.5, 1.5, 1.5, 1.5], [1.5, 1.5, 1.5, 1.5], [1.5, 1.5, 1.5, 1.5]]","[[1.118033988749895, 1.118033988749895, 1.118033988749895, 1.118033988749895], [1.118033988749895, 1.118033988749895, 1.118033988749895, 1.118033988749895], [1.118033988749895, 1.118033988749895, 1.118033988749895, 1.118033988749895], [1.118033988749895, 1.118033988749895, 1.118033988749895, 1.118033988749895]]"
204,1152,-1.8573221353412492,-0.061721691282942366,0.3912057148373395,1.527838111786852,2.947002606429192,2.543874891398784,2.543874891398784,2.947002606429192,"[[1.5, 1.5, 1.5, 1.5], [1.5, 1.5, 1.5, 1.5], [1.5, 1.5, 1.5, 1.5], [1.5, 1.5, 1.5, 1.5]]","[[1.118033988749895, 1.118033988749895, 1.118033988749895, 1.118033988749895], [1.118033988749895, 1.118033988749895, 1.118033988749895, 1.118033988749895], [1.118033988749895, 1.118033988749895, 1.118033988749895, 1.118033988749895], [1.118033988749895, 1.118033988749895, 1.118033988749895, 1.118033988749895]]"
205,1152,-1.7201225987064388,0.5571242397914856,-0.22649387006467805,1.3894922289796312,2.947002606429192,2.947002606429192,2.947002606429192,2.947002606429192,"[[1.5, 1.5, 1.5, 1.5], [1.5, 1.5, 1.5, 1.5], [1.5, 1.5, 1.5, 1.5], [1.5, 1.5, 1.5, 1.5]]","[[1.118033988749895, 1.118033988749895, 1.118033988749895, 1.118033988749895], [1.118033988749895, 1.118033988749895, 1.118033988749895, 1.118033988749895], [1.118033988749895, 1.118033988749895, 1.118033988749895, 1.118033988749895], [1.118033988749895, 1.118033988749895, 1.118033988749895, 1.118033988749895]]"
206,1152,-1.1780215271744376,0.4129862921131383,0.5614682884448305,0.20356694661646876,2.2380538662033014,3.2945264986967855,3.2945264986967855,2.2380538662033014,"[[1.5, 1.5, 1.5, 1.5], [1.5, 1.5, 1.5, 1.5], [1.5, 1.5, 1.5, 1.5], [1.5, 1.5, 1.5, 1.5]]","[[1.118033988749895, 1.118033988749895, 1.118033988749895, 1.118033988749895], [1.118033988749895, 1.118033988749895, 1.118033988749895, 1.118033988749895], [1.118033988749895, 1.118033988749895, 1.118033988749895, 1.118033988749895], [1.118033988749895, 1.118033988749895, 1.118033988749895, 1.118033988749895]]"
207,1152,-1.6720363934742737,0.8913746500627474,-0.5592359301090839,1.33989767352061,2.947002606429192,2.543874891398784,2.543874891398784,2.947002606429192,"[[1.5, 1.5, 1.5, 1.5], [1.5, 1.5, 1.5, 1.5], [1.5, 1.5, 1.5, 1.5], [1.5, 1.5, 1.5, 1.5]]","[[1.118033988749895, 1.118033988749895, 1.118033988749895, 1.118033988749895], [1.118033988749895, 1.118033988749895, 1.118033988749895, 1.118033988749895], [1.118033988749895, 1.118033988749895, 1.118033988749895, 1.118033988749895], [1.118033988749895, 1.118033988749895, 1.118033988749895, 1.118033988749895]]"
208,1152,-1.1775388551018438,0.5956173375808476,0.37835457090452745,0.20356694661646876,2.2380538662033014,2.543874891398784,2.543874891398784,2.2380538662033014,"[[1.5, 1.5, 1.5, 1.5], [1.5, 1.5, 1.5, 1.5], [1.5, 1.5, 1.5, 1.5], [1.5, 1.5, 1.5, 1.5]]","[[1.118033988749895, 1.118033988749895, 1.118033988749895, 1.118033988749895], [1.118033988749895, 1.118033988749895, 1.118033988749895, 1.118033988749895], [1.118033988749895, 1.118033988749895, 1.118033988749895, 1.118033988749895], [1.118033988749895, 1.118033988749895, 1.118033988749895, 1.118033988749895]]"
209,144,-2.237762237762238,-2.237762237762238,2.237762237762238,2.237762237762238,2.909090909090909,2.909090909090909,2.909090909090909,2.909090909090909,"[[1.5, 1.5, 1.5, 1.5], [1.5, 1.5, 1.5, 1.5], [1.5, 1.5, 1.5, 1.5], [1.5, 1.5, 1.5, 1.5]]","[[1.118033988749895, 1.118033988749895, 1.118033988749895, 1.118033988749895], [1.118033988749895, 1.118033988749895, 1.118033988749895, 1.118033988749895], [1.118033988749895, 1.118033988749895, 1.118033988749895, 1.118033988749895], [1.118033988749895, 1.118033988749895, 1.118033988749895, 1.118033988749895]]"
210,1152,-1.5847934163529298,-1.2598344434791002,1.5847934163529298,1.2598344434791002,2.543874891398784,2.543874891398784,2.543874891398784,2.543874891398784,"[[1.5, 1.5, 1.5, 1.5], [1.5, 1.5, 1.5, 1.5], [1.5, 1.5, 1.5, 1.5], [1.5, 1.5, 1.5, 1.5]]","[[1.118033988749895, 1.118033988749895, 1.118033988749895, 1.118033988749895], [1.118033988749895, 1.118033988749895, 1.118033988749895, 1.118033988749895], [1.118033988749895, 1.118033988749895, 1.118033988749895, 1.118033988749895], [1.118033988749895, 1.118033988749895, 1.118033988749895, 1.118033988749895]]"
211,576,-2.0917874396135265,-1.1323671497584542,1.1323671497584542,2.0917874396135265,2.893913043478261,2.0591304347826087,2.0591304347826087,2.893913043478261,"[[1.5, 1.5, 1.5, 1.5], [1.5, 1.5, 1.5, 1.5], [1.5, 1.5, 1.5, 1.5], [1.5, 1.5, 1.5, 1.5]]","[[1.118033988749895, 1.118033988749895, 1.118033988749895, 1.118033988749895], [1.118033988749895, 1.118033988749895, 1.118033988749895, 1.118033988749895], [1.118033988749895, 1.118033988749895, 1.118033988749895, 1.118033988749895], [1.118033988749895, 1.118033988749895, 1.118033988749895, 1.118033988749895]]"
212,1152,-1.547084660681533,-1.0945795926247708,1.4244256202336132,1.2172386330726903,2.543874891398784,2.947002606429192,2.947002606429192,2.543874891398784,"[[1.5, 1.5, 1.5, 1.5], [1.5, 1.5, 1.5, 1.5], [1.5, 1.5, 1.5, 1.5], [1.5, 1.5, 1.5, 1.5]]","[[1.118033988749895, 1.118033988749895, 1.118033988749895, 1.118033988749895], [1.118033988749895, 1.118033988749895, 1.118033988749895, 1.118033988749895], [1.118033988749895, 1.118033988749895, 1.118033988749895, 1.118033988749895], [1.118033988749895, 1.118033988749895, 1.118033988749895, 1.118033988749895]]"
213,576,-1.1473429951690821,-1.314975845410628,1.314975845410628,1.1473429951690821,2.0591304347826087,2.893913043478261,2.893913043478261,2.0591304347826087,"[[1.5, 1.5, 1.5, 1.5], [1.5, 1.5, 1.5, 1.5], [1.5, 1.5, 1.5, 1.5], [1.5, 1.5, 1.5, 1.5]]","[[1.118033988749895, 1.118033988749895, 1.118033988749895, 1.118033988749895], [1.118033988749895, 1.118033988749895, 1.118033988749895, 1.118033988749895], [1.118033988749895, 1.118033988749895, 1.118033988749895, 1.118033988749895], [1.118033988749895, 1.118033988749895, 1.118033988749895, 1.118033988749895]]"
214,1152,-1.0690583067863693,-1.1859856163722367,1.5163143160536732,0.738729607104933,2.057341442224153,3.2945264986967855,3.2945264986967855,2.057341442224153,"[[1.5, 1.5, 1.5, 1.5], [1.5, 1.5, 1.5, 1.5], [1.5, 1.5, 1.5, 1.5], [1.5, 1.5, 1.5, 1.5]]","[[1.118033988749895, 1.118033988749895, 1.118033988749895, 1.118033988749895], [1.118033988749895, 1.118033988749895, 1.118033988749895, 1.118033988749895], [1.118033988749895, 1.118033988749895, 1.118033988749895, 1.118033988749895], [1.118033988749895, 1.118033988749895, 1.118033988749895, 1.118033988749895]]"
215,576,-0.9840579710144928,-0.16956521739130434,0.16956521739130434,0.9840579710144928,2.0591304347826087,2.0591304347826087,2.0591304347826087,2.0591304347826087,"[[1.5, 1.5, 1.5, 1.5], [1.5, 1.5, 1.5, 1.5], [1.5, 1.5, 1.5, 1.5], [1.5, 1.5, 1.5, 1.5]]","[[1.118033988749895, 1.118033988749895, 1.118033988749895, 1.118033988749895], [1.118033988749895, 1.118033988749895, 1.118033988749895, 1.118033988749895], [1.118033988749895, 1.118033988749895, 1.118033988749895, 1.118033988749895], [1.118033988749895, 1.118033988749895, 1.118033988749895, 1.118033988749895]]"
216,1152,-0.9482092866106767,-0.2034462785983203,0.5355246645429096,0.6161309006660874,2.057341442224153,2.057341442224153,2.057341442224153,2.057341442224153,"[[1.5, 1.5, 1.5, 1.5], [1.5, 1.5, 1.5, 1.5], [1.5, 1.5, 1.5, 1.5], [1.5, 1.5, 1.5, 1.5]]","[[1.118033988749895, 1.118033988749895, 1.118033988749895, 1.118033988749895], [1.118033988749895, 1.118033988749895, 1.118033988749895, 1.118033988749895], [1.118033988749895, 1.118033988749895, 1.118033988749895, 1.118033988749895], [1.118033988749895, 1.118033988749895, 1.118033988749895, 1.118033988749895]]"
217,576,-0.9838164251207729,-1.066425120772947,1.7195652173913043,0.33067632850241546,2.0591304347826087,3.617391304347826,3.617391304347826,2.0591304347826087,"[[1.5, 1.5, 1.5, 1.5], [1.5, 1.5, 1.5, 1.5], [1.5, 1.5, 1.5, 1.5], [1.5, 1.5, 1.5, 1.5]]","[[1.118033988749895, 1.118033988749895, 1.118033988749895, 1.118033988749895], [1.118033988749895, 1.118033988749895, 1.118033988749895, 1.118033988749895], [1.118033988749895, 1.118033988749895, 1.118033988749895, 1.118033988749895], [1.118033988749895, 1.118033988749895, 1.118033988749895, 1.118033988749895]]"
218,576,-0.9057971014492754,-0.24782608695652175,0.9057971014492754,0.24782608695652175,2.0591304347826087,2.0591304347826087,2.0591304347826087,2.0591304347826087,"[[1.5, 1.5, 1.5, 1.5], [1.5, 1.5, 1.5, 1.5], [1.5, 1.5, 1.5, 1.5], [1.5, 1.5, 1.5, 1.5]]","[[1.118033988749895, 1.118033988749895, 1.118033988749895, 1.118033988749895], [1.118033988749895, 1.118033988749895, 1.118033988749895, 1.118033988749895], [1.118033988749895, 1.118033988749895, 1.118033988749895, 1.118033988749895], [1.118033988749895, 1.118033988749895, 1.118033988749895, 1.118033988749895]]"
219,1152,-1.509315571001062,-0.7814460855294912,1.1101457669659234,1.1806158895646297,2.543874891398784,2.543874891398784,2.543874891398784,2.543874891398784,"[[1.5, 1.5, 1.5, 1.5], [1.5, 1.5, 1.5, 1.5], [1.5, 1.5, 1.5, 1.5], [1.5, 1.5, 1.5, 1.5]]","[[1.118033988749895, 1.118033988749895, 1.118033988749895, 1.118033988749895], [1.118033988749895, 1.118033988749895, 1.118033988749895, 1.118033988749895], [1.118033988749895, 1.118033988749895, 1.118033988749895, 1.118033988749895], [1.118033988749895, 1.118033988749895, 1.118033988749895, 1.118033988749895]]"
220,576,-1.9304347826086956,-0.18164251207729468,0.18164251207729468,1.9304347826086956,2.893913043478261,2.0591304347826087,2.0591304347826087,2.893913043478261,"[[1.5, 1.5, 1.5, 1.5], [1.5, 1.5, 1.5, 1.5], [1.5, 1.5, 1.5, 1.5], [1.5, 1.5, 1.5, 1.5]]","[[1.118033988749895, 1.118033988749895, 1.118033988749895, 1.118033988749895], [1.118033988749895, 1.118033988749895, 1.118033988749895, 1.118033988749895], [1.118033988749895, 1.118033988749895, 1.118033988749895, 1.118033988749895], [1.118033988749895, 1.118033988749895, 1.118033988749895, 1.118033988749895]]"
221,1152,-1.4691331209576215,-0.45334974418380153,0.7812650835022685,1.1412177816391544,2.543874891398784,2.057341442224153,2.057341442224153,2.543874891398784,"[[1.5, 1.5, 1.5, 1.5], [1.5, 1.5, 1.5, 1.5], [1.5, 1.5, 1.5, 1.5], [1.5, 1.5, 1.5, 1.5]]","[[1.118033988749895, 1.118033988749895, 1.118033988749895, 1.118033988749895], [1.118033988749895, 1.118033988749895, 1.118033988749895, 1.118033988749895], [1.118033988749895, 1.118033988749895, 1.118033988749895, 1.118033988749895], [1.118033988749895, 1.118033988749895, 1.118033988749895, 1.118033988749895]]"
222,1152,-1.948185153007047,-0.36309006660874604,0.6939014383627763,1.6173737812530167,2.947002606429192,1.3483927019982624,1.3483927019982624,2.947002606429192,"[[1.5, 1.5, 1.5, 1.5], [1.5, 1.5, 1.5, 1.5], [1.5, 1.5, 1.5, 1.5], [1.5, 1.5, 1.5, 1.5]]","[[1.118033988749895, 1.118033988749895, 1.118033988749895, 1.118033988749895], [1.118033988749895, 1.118033988749895, 1.118033988749895, 1.118033988749895], [1.118033988749895, 1.118033988749895, 1.118033988749895, 1.118033988749895], [1.118033988749895, 1.118033988749895, 1.118033988749895, 1.118033988749895]]"
223,1152,-1.0658002702963607,-0.6634930977893619,0.6634930977893619,1.0658002702963607,2.057341442224153,2.057341442224153,2.057341442224153,2.057341442224153,"[[1.5, 1.5, 1.5, 1.5], [1.5, 1.5, 1.5, 1.5], [1.5, 1.5, 1.5, 1.5], [1.5, 1.5, 1.5, 1.5]]","[[1.118033988749895, 1.118033988749895, 1.118033988749895, 1.118033988749895], [1.118033988749895, 1.118033988749895, 1.118033988749895, 1.118033988749895], [1.118033988749895, 1.118033988749895, 1.118033988749895, 1.118033988749895], [1.118033988749895, 1.118033988749895, 1.118033988749895, 1.118033988749895]]"
224,1152,-1.0264021623708852,-0.8635003378704508,1.1918983492615118,0.6980041509798243,2.057341442224153,2.947002606429192,2.947002606429192,2.057341442224153,"[[1.5, 1.5, 1.5, 1.5], [1.5, 1.5, 1.5, 1.5], [1.5, 1.5, 1.5, 1.5], [1.5, 1.5, 1.5, 1.5]]","[[1.118033988749895, 1.118033988749895, 1.118033988749895, 1.118033988749895], [1.118033988749895, 1.118033988749895, 1.118033988749895, 1.118033988749895], [1.118033988749895, 1.118033988749895, 1.118033988749895, 1.118033988749895], [1.118033988749895, 1.118033988749895, 1.118033988749895, 1.118033988749895]]"
225,1152,-0.8867892653731055,0.300946037262284,-0.300946037262284,0.8867892653731055,2.057341442224153,2.057341442224153,2.057341442224153,2.057341442224153,"[[1.5, 1.5, 1.5, 1.5], [1.5, 1.5, 1.5, 1.5], [1.5, 1.5, 1.5, 1.5], [1.5, 1.5, 1.5, 1.5]]","[[1.118033988749895, 1.118033988749895, 1.118033988749895, 1.118033988749895], [1.118033988749895, 1.118033988749895, 1.118033988749895, 1.118033988749895], [1.118033988749895, 1.118033988749895, 1.118033988749895, 1.118033988749895], [1.118033988749895, 1.118033988749895, 1.118033988749895, 1.118033988749895]]"
226,1152,-0.9051308041316729,0.12223670238440004,0.20972101554204073,0.5731730862052322,2.057341442224153,1.3483927019982624,1.3483927019982624,2.057341442224153,"[[1.5, 1.5, 1.5, 1.5], [1.5, 1.5, 1.5, 1.5], [1.5, 1.5, 1.5, 1.5], [1.5, 1.5, 1.5, 1.5]]","[[1.118033988749895, 1.118033988749895, 1.118033988749895, 1.118033988749895], [1.118033988749895, 1.118033988749895, 1.118033988749895, 1.118033988749895], [1.118033988749895, 1.118033988749895, 1.118033988749895, 1.118033988749895], [1.118033988749895, 1.118033988749895, 1.118033988749895, 1.118033988749895]]"
227,1152,-1.4270803166328796,-0.1242277246838498,0.4538324162563954,1.097475625060334,2.543874891398784,1.3483927019982624,1.3483927019982624,2.543874891398784,"[[1.5, 1.5, 1.5, 1.5], [1.5, 1.5, 1.5, 1.5], [1.5, 1.5, 1.5, 1.5], [1.5, 1.5, 1.5, 1.5]]","[[1.118033988749895, 1.118033988749895, 1.118033988749895, 1.118033988749895], [1.118033988749895, 1.118033988749895, 1.118033988749895, 1.118033988749895], [1.118033988749895, 1.118033988749895, 1.118033988749895, 1.118033988749895], [1.118033988749895, 1.118033988749895, 1.118033988749895, 1.118033988749895]]"
228,1152,-0.9472439424654889,-0.21141036779611933,0.54179940148663,0.6168549087749783,2.057341442224153,2.057341442224153,2.057341442224153,2.057341442224153,"[[1.5, 1.5, 1.5, 1.5], [1.5, 1.5, 1.5, 1.5], [1.5, 1.5, 1.5, 1.5], [1.5, 1.5, 1.5, 1.5]]","[[1.118033988749895, 1.118033988749895, 1.118033988749895, 1.118033988749895], [1.118033988749895, 1.118033988749895, 1.118033988749895, 1.118033988749895], [1.118033988749895, 1.118033988749895, 1.118033988749895, 1.118033988749895], [1.118033988749895, 1.118033988749895, 1.118033988749895, 1.118033988749895]]"
229,1152,-1.383519162081282,-0.1480596582681726,0.4763973356501593,1.0551814846992953,2.543874891398784,2.947002606429192,2.947002606429192,2.543874891398784,"[[1.5, 1.5, 1.5, 1.5], [1.5, 1.5, 1.5, 1.5], [1.5, 1.5, 1.5, 1.5], [1.5, 1.5, 1.5, 1.5]]","[[1.118033988749895, 1.118033988749895, 1.118033988749895, 1.118033988749895], [1.118033988749895, 1.118033988749895, 1.118033988749895, 1.118033988749895], [1.118033988749895, 1.118033988749895, 1.118033988749895, 1.118033988749895], [1.118033988749895, 1.118033988749895, 1.118033988749895, 1.118033988749895]]"
230,1152,-0.9045877980500048,-0.4237860797374264,1.0770827299932426,0.25129114779418865,2.057341442224153,2.947002606429192,2.947002606429192,2.057341442224153,"[[1.5, 1.5, 1.5, 1.5], [1.5, 1.5, 1.5, 1.5], [1.5, 1.5, 1.5, 1.5], [1.5, 1.5, 1.5, 1.5]]","[[1.118033988749895, 1.118033988749895, 1.118033988749895, 1.118033988749895], [1.118033988749895, 1.118033988749895, 1.118033988749895, 1.118033988749895], [1.118033988749895, 1.118033988749895, 1.118033988749895, 1.118033988749895], [1.118033988749895, 1.118033988749895, 1.118033988749895, 1.118033988749895]]"
231,1152,-0.8089583936673425,0.4205280432474177,-0.09128535572931751,0.4797157061492422,2.057341442224153,2.543874891398784,2.543874891398784,2.057341442224153,"[[1.5, 1.5, 1.5, 1.5], [1.5, 1.5, 1.5, 1.5], [1.5, 1.5, 1.5, 1.5], [1.5, 1.5, 1.5, 1.5]]","[[1.118033988749895, 1.118033988749895, 1.118033988749895, 1.118033988749895], [1.118033988749895, 1.118033988749895, 1.118033988749895, 1.118033988749895], [1.118033988749895, 1.118033988749895, 1.118033988749895, 1.118033988749895], [1.118033988749895, 1.118033988749895, 1.118033988749895, 1.118033988749895]]"
232,1152,-0.8175258229558837,0.23614731151655566,0.4171493387392605,0.16422917270006757,2.057341442224153,1.7237185056472633,1.7237185056472633,2.057341442224153,"[[1.5, 1.5, 1.5, 1.5], [1.5, 1.5, 1.5, 1.5], [1.5, 1.5, 1.5, 1.5], [1.5, 1.5, 1.5, 1.5]]","[[1.118033988749895, 1.118033988749895, 1.118033988749895, 1.118033988749895], [1.118033988749895, 1.118033988749895, 1.118033988749895, 1.118033988749895], [1.118033988749895, 1.118033988749895, 1.118033988749895, 1.118033988749895], [1.118033988749895, 1.118033988749895, 1.118033988749895, 1.118033988749895]]"
233,576,-1.3536231884057972,-0.3751207729468599,1.3536231884057972,0.3751207729468599,2.546086956521739,2.546086956521739,2.546086956521739,2.546086956521739,"[[1.5, 1.5, 1.5, 1.5], [1.5, 1.5, 1.5, 1.5], [1.5, 1.5, 1.5, 1.5], [1.5, 1.5, 1.5, 1.5]]","[[1.118033988749895, 1.118033988749895, 1.118033988749895, 1.118033988749895], [1.118033988749895, 1.118033988749895, 1.118033988749895, 1.118033988749895], [1.118033988749895, 1.118033988749895, 1.118033988749895, 1.118033988749895], [1.118033988749895, 1.118033988749895, 1.118033988749895, 1.118033988749895]]"
234,1152,-1.029961868906265,-0.6993314991794575,1.029961868906265,0.6993314991794575,2.057341442224153,2.057341442224153,2.057341442224153,2.057341442224153,"[[1.5, 1.5, 1.5, 1.5], [1.5, 1.5, 1.5, 1.5], [1.5, 1.5, 1.5, 1.5], [1.5, 1.5, 1.5, 1.5]]","[[1.118033988749895, 1.118033988749895, 1.118033988749895, 1.118033988749895], [1.118033988749895, 1.118033988749895, 1.118033988749895, 1.118033988749895], [1.118033988749895, 1.118033988749895, 1.118033988749895, 1.118033988749895], [1.118033988749895, 1.118033988749895, 1.118033988749895, 1.118033988749895]]"
235,1152,-0.4983589149531808,-0.6333864272613187,0.9613017665797857,0.17044357563471377,1.3483927019982624,2.947002606429192,2.947002606429192,1.3483927019982624,"[[1.5, 1.5, 1.5, 1.5], [1.5, 1.5, 1.5, 1.5], [1.5, 1.5, 1.5, 1.5], [1.5, 1.5, 1.5, 1.5]]","[[1.118033988749895, 1.118033988749895, 1.118033988749895, 1.118033988749895], [1.118033988749895, 1.118033988749895, 1.118033988749895, 1.118033988749895], [1.118033988749895, 1.118033988749895, 1.118033988749895, 1.118033988749895], [1.118033988749895, 1.118033988749895, 1.118033988749895, 1.118033988749895]]"
236,1152,-1.0269451684525532,-0.8634400038613765,1.1928033593976253,0.6975818129163046,2.057341442224153,2.947002606429192,2.947002606429192,2.057341442224153,"[[1.5, 1.5, 1.5, 1.5], [1.5, 1.5, 1.5, 1.5], [1.5, 1.5, 1.5, 1.5], [1.5, 1.5, 1.5, 1.5]]","[[1.118033988749895, 1.118033988749895, 1.118033988749895, 1.118033988749895], [1.118033988749895, 1.118033988749895, 1.118033988749895, 1.118033988749895], [1.118033988749895, 1.118033988749895, 1.118033988749895, 1.118033988749895], [1.118033988749895, 1.118033988749895, 1.118033988749895, 1.118033988749895]]"
237,576,-0.8594202898550725,-0.6396135265700483,1.6089371980676328,-0.10990338164251208,2.0591304347826087,3.617391304347826,3.617391304347826,2.0591304347826087,"[[1.5, 1.5, 1.5, 1.5], [1.5, 1.5, 1.5, 1.5], [1.5, 1.5, 1.5, 1.5], [1.5, 1.5, 1.5, 1.5]]","[[1.118033988749895, 1.118033988749895, 1.118033988749895, 1.118033988749895], [1.118033988749895, 1.118033988749895, 1.118033988749895, 1.118033988749895], [1.118033988749895, 1.118033988749895, 1.118033988749895, 1.118033988749895], [1.118033988749895, 1.118033988749895, 1.118033988749895, 1.118033988749895]]"
238,1152,-0.41334829616758373,0.026908968047108794,0.30209238343469447,0.08434694468578048,1.3483927019982624,2.057341442224153,2.057341442224153,1.3483927019982624,"[[1.5, 1.5, 1.5, 1.5], [1.5, 1.5, 1.5, 1.5], [1.5, 1.5, 1.5, 1.5], [1.5, 1.5, 1.5, 1.5]]","[[1.118033988749895, 1.118033988749895, 1.118033988749895, 1.118033988749895], [1.118033988749895, 1.118033988749895, 1.118033988749895, 1.118033988749895], [1.118033988749895, 1.118033988749895, 1.118033988749895, 1.118033988749895], [1.118033988749895, 1.118033988749895, 1.118033988749895, 1.118033988749895]]"
239,1152,-0.7799980693117097,0.19192248286514144,0.7799980693117097,-0.19192248286514144,2.057341442224153,2.057341442224153,2.057341442224153,2.057341442224153,"[[1.5, 1.5, 1.5, 1.5], [1.5, 1.5, 1.5, 1.5], [1.5, 1.5, 1.5, 1.5], [1.5, 1.5, 1.5, 1.5]]","[[1.118033988749895, 1.118033988749895, 1.118033988749895, 1.118033988749895], [1.118033988749895, 1.118033988749895, 1.118033988749895, 1.118033988749895], [1.118033988749895, 1.118033988749895, 1.118033988749895, 1.118033988749895], [1.118033988749895, 1.118033988749895, 1.118033988749895, 1.118033988749895]]"
240,1152,-0.9486919586832706,-0.20996235157833767,0.5446954339221932,0.613958876339415,2.057341442224153,2.057341442224153,2.057341442224153,2.057341442224153,"[[1.5, 1.5, 1.5, 1.5], [1.5, 1.5, 1.5, 1.5], [1.5, 1.5, 1.5, 1.5], [1.5, 1.5, 1.5, 1.5]]","[[1.118033988749895, 1.118033988749895, 1.118033988749895, 1.118033988749895], [1.118033988749895, 1.118033988749895, 1.118033988749895, 1.118033988749895], [1.118033988749895, 1.118033988749895, 1.118033988749895, 1.118033988749895], [1.118033988749895, 1.118033988749895, 1.118033988749895, 1.118033988749895]]"
241,1152,-0.4560647745921421,-0.3080051163239695,0.6354377835698426,0.12863210734626895,1.3483927019982624,2.543874891398784,2.543874891398784,1.3483927019982624,"[[1.5, 1.5, 1.5, 1.5], [1.5, 1.5, 1.5, 1.5], [1.5, 1.5, 1.5, 1.5], [1.5, 1.5, 1.5, 1.5]]","[[1.118033988749895, 1.118033988749895, 1.118033988749895, 1.118033988749895], [1.118033988749895, 1.118033988749895, 1.118033988749895, 1.118033988749895], [1.118033988749895, 1.118033988749895, 1.118033988749895, 1.118033988749895], [1.118033988749895, 1.118033988749895, 1.118033988749895, 1.118033988749895]]"
242,1152,-0.9438049039482576,-0.3869220001930688,0.7167076937928372,0.6140192103484893,2.057341442224153,2.947002606429192,2.947002606429192,2.057341442224153,"[[1.5, 1.5, 1.5, 1.5], [1.5, 1.5, 1.5, 1.5], [1.5, 1.5, 1.5, 1.5], [1.5, 1.5, 1.5, 1.5]]","[[1.118033988749895, 1.118033988749895, 1.118033988749895, 1.118033988749895], [1.118033988749895, 1.118033988749895, 1.118033988749895, 1.118033988749895], [1.118033988749895, 1.118033988749895, 1.118033988749895, 1.118033988749895], [1.118033988749895, 1.118033988749895, 1.118033988749895, 1.118033988749895]]"
243,1152,-0.8192151752099623,-0.3125301670045371,1.2830027029636066,-0.15125736074910706,2.057341442224153,3.2945264986967855,3.2945264986967855,2.057341442224153,"[[1.5, 1.5, 1.5, 1.5], [1.5, 1.5, 1.5, 1.5], [1.5, 1.5, 1.5, 1.5], [1.5, 1.5, 1.5, 1.5]]","[[1.118033988749895, 1.118033988749895, 1.118033988749895, 1.118033988749895], [1.118033988749895, 1.118033988749895, 1.118033988749895, 1.118033988749895], [1.118033988749895, 1.118033988749895, 1.118033988749895, 1.118033988749895], [1.118033988749895, 1.118033988749895, 1.118033988749895, 1.118033988749895]]"
244,1152,-0.36520175692634427,0.1801573510956656,0.14811999227724684,0.0369244135534318,1.3483927019982624,2.543874891398784,2.543874891398784,1.3483927019982624,"[[1.5, 1.5, 1.5, 1.5], [1.5, 1.5, 1.5, 1.5], [1.5, 1.5, 1.5, 1.5], [1.5, 1.5, 1.5, 1.5]]","[[1.118033988749895, 1.118033988749895, 1.118033988749895, 1.118033988749895], [1.118033988749895, 1.118033988749895, 1.118033988749895, 1.118033988749895], [1.118033988749895, 1.118033988749895, 1.118033988749895, 1.118033988749895], [1.118033988749895, 1.118033988749895, 1.118033988749895, 1.118033988749895]]"
245,1152,-0.7352905685877015,0.34885124046722654,0.623974321845738,-0.23753499372526304,2.057341442224153,2.543874891398784,2.543874891398784,2.057341442224153,"[[1.5, 1.5, 1.5, 1.5], [1.5, 1.5, 1.5, 1.5], [1.5, 1.5, 1.5, 1.5], [1.5, 1.5, 1.5, 1.5]]","[[1.118033988749895, 1.118033988749895, 1.118033988749895, 1.118033988749895], [1.118033988749895, 1.118033988749895, 1.118033988749895, 1.118033988749895], [1.118033988749895, 1.118033988749895, 1.118033988749895, 1.118033988749895], [1.118033988749895, 1.118033988749895, 1.118033988749895, 1.118033988749895]]"
246,1152,-2.223911574476301,0.11023023457862728,0.8621729896708177,1.2515083502268558,3.2945264986967855,2.2380538662033014,2.2380538662033014,3.2945264986967855,"[[1.5, 1.5, 1.5, 1.5], [1.5, 1.5, 1.5, 1.5], [1.5, 1.5, 1.5, 1.5], [1.5, 1.5, 1.5, 1.5]]","[[1.118033988749895, 1.118033988749895, 1.118033988749895, 1.118033988749895], [1.118033988749895, 1.118033988749895, 1.118033988749895, 1.118033988749895], [1.118033988749895, 1.118033988749895, 1.118033988749895, 1.118033988749895], [1.118033988749895, 1.118033988749895, 1.118033988749895, 1.118033988749895]]"
247,1152,-1.3107563471377546,-0.2200381310937349,1.1958803938604112,0.3349140843710783,2.543874891398784,2.947002606429192,2.947002606429192,2.543874891398784,"[[1.5, 1.5, 1.5, 1.5], [1.5, 1.5, 1.5, 1.5], [1.5, 1.5, 1.5, 1.5], [1.5, 1.5, 1.5, 1.5]]","[[1.118033988749895, 1.118033988749895, 1.118033988749895, 1.118033988749895], [1.118033988749895, 1.118033988749895, 1.118033988749895, 1.118033988749895], [1.118033988749895, 1.118033988749895, 1.118033988749895, 1.118033988749895], [1.118033988749895, 1.118033988749895, 1.118033988749895, 1.118033988749895]]"
248,1152,-1.3379669852302345,0.36242639250892944,-0.03221836084564147,1.0077589535669467,2.543874891398784,1.3483927019982624,1.3483927019982624,2.543874891398784,"[[1.5, 1.5, 1.5, 1.5], [1.5, 1.5, 1.5, 1.5], [1.5, 1.5, 1.5, 1.5], [1.5, 1.5, 1.5, 1.5]]","[[1.118033988749895, 1.118033988749895, 1.118033988749895, 1.118033988749895], [1.118033988749895, 1.118033988749895, 1.118033988749895, 1.118033988749895], [1.118033988749895, 1.118033988749895, 1.118033988749895, 1.118033988749895], [1.118033988749895, 1.118033988749895, 1.118033988749895, 1.118033988749895]]"
249,1152,-1.2259870643884545,0.4417052804324742,0.5317236219712328,0.25255816198474756,2.543874891398784,2.057341442224153,2.057341442224153,2.543874891398784,"[[1.5, 1.5, 1.5, 1.5], [1.5, 1.5, 1.5, 1.5], [1.5, 1.5, 1.5, 1.5], [1.5, 1.5, 1.5, 1.5]]","[[1.118033988749895, 1.118033988749895, 1.118033988749895, 1.118033988749895], [1.118033988749895, 1.118033988749895, 1.118033988749895, 1.118033988749895], [1.118033988749895, 1.118033988749895, 1.118033988749895, 1.118033988749895], [1.118033988749895, 1.118033988749895, 1.118033988749895, 1.118033988749895]]"
250,576,-1.3533816425120773,-0.37222222222222223,1.3533816425120773,0.37222222222222223,2.546086956521739,2.546086956521739,2.546086956521739,2.546086956521739,"[[1.5, 1.5, 1.5, 1.5], [1.5, 1.5, 1.5, 1.5], [1.5, 1.5, 1.5, 1.5], [1.5, 1.5, 1.5, 1.5]]","[[1.118033988749895, 1.118033988749895, 1.118033988749895, 1.118033988749895], [1.118033988749895, 1.118033988749895, 1.118033988749895, 1.118033988749895], [1.118033988749895, 1.118033988749895, 1.118033988749895, 1.118033988749895], [1.118033988749895, 1.118033988749895, 1.118033988749895, 1.118033988749895]]"
251,1152,-0.9864610483637417,-0.544092093831451,0.8735157833767738,0.6570373588184187,2.057341442224153,2.543874891398784,2.543874891398784,2.057341442224153,"[[1.5, 1.5, 1.5, 1.5], [1.5, 1.5, 1.5, 1.5], [1.5, 1.5, 1.5, 1.5], [1.5, 1.5, 1.5, 1.5]]","[[1.118033988749895, 1.118033988749895, 1.118033988749895, 1.118033988749895], [1.118033988749895, 1.118033988749895, 1.118033988749895, 1.118033988749895], [1.118033988749895, 1.118033988749895, 1.118033988749895, 1.118033988749895], [1.118033988749895, 1.118033988749895, 1.118033988749895, 1.118033988749895]]"
252,1152,-1.268462206776716,0.10872188435177141,0.8652500241336036,0.2944902982913409,2.543874891398784,2.2380538662033014,2.2380538662033014,2.543874891398784,"[[1.5, 1.5, 1.5, 1.5], [1.5, 1.5, 1.5, 1.5], [1.5, 1.5, 1.5, 1.5], [1.5, 1.5, 1.5, 1.5]]","[[1.118033988749895, 1.118033988749895, 1.118033988749895, 1.118033988749895], [1.118033988749895, 1.118033988749895, 1.118033988749895, 1.118033988749895], [1.118033988749895, 1.118033988749895, 1.118033988749895, 1.118033988749895], [1.118033988749895, 1.118033988749895, 1.118033988749895, 1.118033988749895]]"
253,1152,-0.7780070470122599,0.015867844386523795,0.9576213920262574,-0.19548218940052128,2.057341442224153,2.947002606429192,2.947002606429192,2.057341442224153,"[[1.5, 1.5, 1.5, 1.5], [1.5, 1.5, 1.5, 1.5], [1.5, 1.5, 1.5, 1.5], [1.5, 1.5, 1.5, 1.5]]","[[1.118033988749895, 1.118033988749895, 1.118033988749895, 1.118033988749895], [1.118033988749895, 1.118033988749895, 1.118033988749895, 1.118033988749895], [1.118033988749895, 1.118033988749895, 1.118033988749895, 1.118033988749895], [1.118033988749895, 1.118033988749895, 1.118033988749895, 1.118033988749895]]"
254,1152,-0.9034414518775944,0.12036634810309875,0.21297905203204942,0.5700960517424462,2.057341442224153,1.3483927019982624,1.3483927019982624,2.057341442224153,"[[1.5, 1.5, 1.5, 1.5], [1.5, 1.5, 1.5, 1.5], [1.5, 1.5, 1.5, 1.5], [1.5, 1.5, 1.5, 1.5]]","[[1.118033988749895, 1.118033988749895, 1.118033988749895, 1.118033988749895], [1.118033988749895, 1.118033988749895, 1.118033988749895, 1.118033988749895], [1.118033988749895, 1.118033988749895, 1.118033988749895, 1.118033988749895], [1.118033988749895, 1.118033988749895, 1.118033988749895, 1.118033988749895]]"
255,1152,-0.7780070470122599,0.1939135051645912,0.7780070470122599,-0.1939135051645912,2.057341442224153,2.057341442224153,2.057341442224153,2.057341442224153,"[[1.5, 1.5, 1.5, 1.5], [1.5, 1.5, 1.5, 1.5], [1.5, 1.5, 1.5, 1.5], [1.5, 1.5, 1.5, 1.5]]","[[1.118033988749895, 1.118033988749895, 1.118033988749895, 1.118033988749895], [1.118033988749895, 1.118033988749895, 1.118033988749895, 1.118033988749895], [1.118033988749895, 1.118033988749895, 1.118033988749895, 1.118033988749895], [1.118033988749895, 1.118033988749895, 1.118033988749895, 1.118033988749895]]"
256,1152,-1.3823728159088715,-0.14842166232261803,0.47724201177719855,1.053552466454291,2.543874891398784,2.947002606429192,2.947002606429192,2.543874891398784,"[[1.5, 1.5, 1.5, 1.5], [1.5, 1.5, 1.5, 1.5], [1.5, 1.5, 1.5, 1.5], [1.5, 1.5, 1.5, 1.5]]","[[1.118033988749895, 1.118033988749895, 1.118033988749895, 1.118033988749895], [1.118033988749895, 1.118033988749895, 1.118033988749895, 1.118033988749895], [1.118033988749895, 1.118033988749895, 1.118033988749895, 1.118033988749895], [1.118033988749895, 1.118033988749895, 1.118033988749895, 1.118033988749895]]"
257,1152,-0.8215078675547833,-0.11324693503233903,0.7663022492518583,0.16845255333526402,1.7237185056472633,3.6142484795829715,3.6142484795829715,1.7237185056472633,"[[1.5, 1.5, 1.5, 1.5], [1.5, 1.5, 1.5, 1.5], [1.5, 1.5, 1.5, 1.5], [1.5, 1.5, 1.5, 1.5]]","[[1.118033988749895, 1.118033988749895, 1.118033988749895, 1.118033988749895], [1.118033988749895, 1.118033988749895, 1.118033988749895, 1.118033988749895], [1.118033988749895, 1.118033988749895, 1.118033988749895, 1.118033988749895], [1.118033988749895, 1.118033988749895, 1.118033988749895, 1.118033988749895]]"
258,1152,-1.2936214885606718,0.5112100588859928,-0.1810020272227049,0.9634134568973839,2.543874891398784,2.057341442224153,2.057341442224153,2.543874891398784,"[[1.5, 1.5, 1.5, 1.5], [1.5, 1.5, 1.5, 1.5], [1.5, 1.5, 1.5, 1.5], [1.5, 1.5, 1.5, 1.5]]","[[1.118033988749895, 1.118033988749895, 1.118033988749895, 1.118033988749895], [1.118033988749895, 1.118033988749895, 1.118033988749895, 1.118033988749895], [1.118033988749895, 1.118033988749895, 1.118033988749895, 1.118033988749895], [1.118033988749895, 1.118033988749895, 1.118033988749895, 1.118033988749895]]"
259,1152,-0.8215078675547833,0.2351819673713679,0.4181146828844483,0.16821121729896707,1.7237185056472633,2.057341442224153,2.057341442224153,1.7237185056472633,"[[1.5, 1.5, 1.5, 1.5], [1.5, 1.5, 1.5, 1.5], [1.5, 1.5, 1.5, 1.5], [1.5, 1.5, 1.5, 1.5]]","[[1.118033988749895, 1.118033988749895, 1.118033988749895, 1.118033988749895], [1.118033988749895, 1.118033988749895, 1.118033988749895, 1.118033988749895], [1.118033988749895, 1.118033988749895, 1.118033988749895, 1.118033988749895], [1.118033988749895, 1.118033988749895, 1.118033988749895, 1.118033988749895]]"
260,576,-0.9797101449275363,-0.35555555555555557,0.35555555555555557,0.9797101449275363,2.0591304347826087,2.893913043478261,2.893913043478261,2.0591304347826087,"[[1.5, 1.5, 1.5, 1.5], [1.5, 1.5, 1.5, 1.5], [1.5, 1.5, 1.5, 1.5], [1.5, 1.5, 1.5, 1.5]]","[[1.118033988749895, 1.118033988749895, 1.118033988749895, 1.118033988749895], [1.118033988749895, 1.118033988749895, 1.118033988749895, 1.118033988749895], [1.118033988749895, 1.118033988749895, 1.118033988749895, 1.118033988749895], [1.118033988749895, 1.118033988749895, 1.118033988749895, 1.118033988749895]]"
261,1152,-0.8566825948450623,0.0897166714933874,0.23988802007915822,0.5270779032725167,2.057341442224153,2.947002606429192,2.947002606429192,2.057341442224153,"[[1.5, 1.5, 1.5, 1.5], [1.5, 1.5, 1.5, 1.5], [1.5, 1.5, 1.5, 1.5], [1.5, 1.5, 1.5, 1.5]]","[[1.118033988749895, 1.118033988749895, 1.118033988749895, 1.118033988749895], [1.118033988749895, 1.118033988749895, 1.118033988749895, 1.118033988749895], [1.118033988749895, 1.118033988749895, 1.118033988749895, 1.118033988749895], [1.118033988749895, 1.118033988749895, 1.118033988749895, 1.118033988749895]]"
262,1152,-0.37069215175209963,0.005671396852978087,0.3248986388647553,0.04012211603436625,1.3483927019982624,3.2945264986967855,3.2945264986967855,1.3483927019982624,"[[1.5, 1.5, 1.5, 1.5], [1.5, 1.5, 1.5, 1.5], [1.5, 1.5, 1.5, 1.5], [1.5, 1.5, 1.5, 1.5]]","[[1.118033988749895, 1.118033988749895, 1.118033988749895, 1.118033988749895], [1.118033988749895, 1.118033988749895, 1.118033988749895, 1.118033988749895], [1.118033988749895, 1.118033988749895, 1.118033988749895, 1.118033988749895], [1.118033988749895, 1.118033988749895, 1.118033988749895, 1.118033988749895]]"
263,1152,-0.8876339415001449,0.30142870933487786,-0.30142870933487786,0.8876339415001449,2.057341442224153,2.057341442224153,2.057341442224153,2.057341442224153,"[[1.5, 1.5, 1.5, 1.5], [1.5, 1.5, 1.5, 1.5], [1.5, 1.5, 1.5, 1.5], [1.5, 1.5, 1.5, 1.5]]","[[1.118033988749895, 1.118033988749895, 1.118033988749895, 1.118033988749895], [1.118033988749895, 1.118033988749895, 1.118033988749895, 1.118033988749895], [1.118033988749895, 1.118033988749895, 1.118033988749895, 1.118033988749895], [1.118033988749895, 1.118033988749895, 1.118033988749895, 1.118033988749895]]"
264,1152,-0.41515831643981077,0.029865334491746307,0.30136837532580363,0.08392460662226084,1.3483927019982624,2.057341442224153,2.057341442224153,1.3483927019982624,"[[1.5, 1.5, 1.5, 1.5], [1.5, 1.5, 1.5, 1.5], [1.5, 1.5, 1.5, 1.5], [1.5, 1.5, 1.5, 1.5]]","[[1.118033988749895, 1.118033988749895, 1.118033988749895, 1.118033988749895], [1.118033988749895, 1.118033988749895, 1.118033988749895, 1.118033988749895], [1.118033988749895, 1.118033988749895, 1.118033988749895, 1.118033988749895], [1.118033988749895, 1.118033988749895, 1.118033988749895, 1.118033988749895]]"
265,576,-1.2707729468599034,-0.2321256038647343,1.2072463768115942,0.2956521739130435,2.546086956521739,3.812173913043478,3.812173913043478,2.546086956521739,"[[1.5, 1.5, 1.5, 1.5], [1.5, 1.5, 1.5, 1.5], [1.5, 1.5, 1.5, 1.5], [1.5, 1.5, 1.5, 1.5]]","[[1.118033988749895, 1.118033988749895, 1.118033988749895, 1.118033988749895], [1.118033988749895, 1.118033988749895, 1.118033988749895, 1.118033988749895], [1.118033988749895, 1.118033988749895, 1.118033988749895, 1.118033988749895], [1.118033988749895, 1.118033988749895, 1.118033988749895, 1.118033988749895]]"
266,1152,-1.1948547157061493,0.8016579785693599,-0.4738633072690414,0.8670600444058307,2.543874891398784,2.947002606429192,2.947002606429192,2.543874891398784,"[[1.5, 1.5, 1.5, 1.5], [1.5, 1.5, 1.5, 1.5], [1.5, 1.5, 1.5, 1.5], [1.5, 1.5, 1.5, 1.5]]","[[1.118033988749895, 1.118033988749895, 1.118033988749895, 1.118033988749895], [1.118033988749895, 1.118033988749895, 1.118033988749895, 1.118033988749895], [1.118033988749895, 1.118033988749895, 1.118033988749895, 1.118033988749895], [1.118033988749895, 1.118033988749895, 1.118033988749895, 1.118033988749895]]"
267,1152,-1.1795298774012937,0.5936263152813979,0.3803455932039772,0.20555796891591852,2.543874891398784,2.2380538662033014,2.2380538662033014,2.543874891398784,"[[1.5, 1.5, 1.5, 1.5], [1.5, 1.5, 1.5, 1.5], [1.5, 1.5, 1.5, 1.5], [1.5, 1.5, 1.5, 1.5]]","[[1.118033988749895, 1.118033988749895, 1.118033988749895, 1.118033988749895], [1.118033988749895, 1.118033988749895, 1.118033988749895, 1.118033988749895], [1.118033988749895, 1.118033988749895, 1.118033988749895, 1.118033988749895], [1.118033988749895, 1.118033988749895, 1.118033988749895, 1.118033988749895]]"
268,576,-1.1842995169082127,0.24347826086956523,0.7326086956521739,0.20821256038647343,2.546086956521739,3.812173913043478,3.812173913043478,2.546086956521739,"[[1.5, 1.5, 1.5, 1.5], [1.5, 1.5, 1.5, 1.5], [1.5, 1.5, 1.5, 1.5], [1.5, 1.5, 1.5, 1.5]]","[[1.118033988749895, 1.118033988749895, 1.118033988749895, 1.118033988749895], [1.118033988749895, 1.118033988749895, 1.118033988749895, 1.118033988749895], [1.118033988749895, 1.118033988749895, 1.118033988749895, 1.118033988749895], [1.118033988749895, 1.118033988749895, 1.118033988749895, 1.118033988749895]]"
269,1152,-0.7355319046239984,0.004163046626122212,0.9685418476686939,-0.23717298967081765,2.057341442224153,3.808861859252824,3.808861859252824,2.057341442224153,"[[1.5, 1.5, 1.5, 1.5], [1.5, 1.5, 1.5, 1.5], [1.5, 1.5, 1.5, 1.5], [1.5, 1.5, 1.5, 1.5]]","[[1.118033988749895, 1.118033988749895, 1.118033988749895, 1.118033988749895], [1.118033988749895, 1.118033988749895, 1.118033988749895, 1.118033988749895], [1.118033988749895, 1.118033988749895, 1.118033988749895, 1.118033988749895], [1.118033988749895, 1.118033988749895, 1.118033988749895, 1.118033988749895]]"
270,1152,-0.7602688483444348,0.5689497055700358,-0.24055169417897482,0.43187083695337386,2.057341442224153,2.947002606429192,2.947002606429192,2.057341442224153,"[[1.5, 1.5, 1.5, 1.5], [1.5, 1.5, 1.5, 1.5], [1.5, 1.5, 1.5, 1.5], [1.5, 1.5, 1.5, 1.5]]","[[1.118033988749895, 1.118033988749895, 1.118033988749895, 1.118033988749895], [1.118033988749895, 1.118033988749895, 1.118033988749895, 1.118033988749895], [1.118033988749895, 1.118033988749895, 1.118033988749895, 1.118033988749895], [1.118033988749895, 1.118033988749895, 1.118033988749895, 1.118033988749895]]"
271,1152,-0.7329978762428806,0.3490925765035235,0.6232503137368471,-0.2393450139974901,2.057341442224153,2.2380538662033014,2.2380538662033014,2.057341442224153,"[[1.5, 1.5, 1.5, 1.5], [1.5, 1.5, 1.5, 1.5], [1.5, 1.5, 1.5, 1.5], [1.5, 1.5, 1.5, 1.5]]","[[1.118033988749895, 1.118033988749895, 1.118033988749895, 1.118033988749895], [1.118033988749895, 1.118033988749895, 1.118033988749895, 1.118033988749895], [1.118033988749895, 1.118033988749895, 1.118033988749895, 1.118033988749895], [1.118033988749895, 1.118033988749895, 1.118033988749895, 1.118033988749895]]"
272,1152,-0.7302828458345401,0.5424027415773723,0.11378994111400714,0.07409016314316054,1.7237185056472633,2.947002606429192,2.947002606429192,1.7237185056472633,"[[1.5, 1.5, 1.5, 1.5], [1.5, 1.5, 1.5, 1.5], [1.5, 1.5, 1.5, 1.5], [1.5, 1.5, 1.5, 1.5]]","[[1.118033988749895, 1.118033988749895, 1.118033988749895, 1.118033988749895], [1.118033988749895, 1.118033988749895, 1.118033988749895, 1.118033988749895], [1.118033988749895, 1.118033988749895, 1.118033988749895, 1.118033988749895], [1.118033988749895, 1.118033988749895, 1.118033988749895, 1.118033988749895]]"
273,1152,-1.0501134279370596,0.6579423689545323,0.9378921710589825,-0.5457211120764552,2.543874891398784,2.947002606429192,2.947002606429192,2.543874891398784,"[[1.5, 1.5, 1.5, 1.5], [1.5, 1.5, 1.5, 1.5], [1.5, 1.5, 1.5, 1.5], [1.5, 1.5, 1.5, 1.5]]","[[1.118033988749895, 1.118033988749895, 1.118033988749895, 1.118033988749895], [1.118033988749895, 1.118033988749895, 1.118033988749895, 1.118033988749895], [1.118033988749895, 1.118033988749895, 1.118033988749895, 1.118033988749895], [1.118033988749895, 1.118033988749895, 1.118033988749895, 1.118033988749895]]"
274,576,-0.6456521739130435,0.12028985507246377,1.1710144927536232,-0.6456521739130435,2.0591304347826087,4.1460869565217395,4.1460869565217395,2.0591304347826087,"[[1.5, 1.5, 1.5, 1.5], [1.5, 1.5, 1.5, 1.5], [1.5, 1.5, 1.5, 1.5], [1.5, 1.5, 1.5, 1.5]]","[[1.118033988749895, 1.118033988749895, 1.118033988749895, 1.118033988749895], [1.118033988749895, 1.118033988749895, 1.118033988749895, 1.118033988749895], [1.118033988749895, 1.118033988749895, 1.118033988749895, 1.118033988749895], [1.118033988749895, 1.118033988749895, 1.118033988749895, 1.118033988749895]]"
275,1152,-0.32073559223863307,0.3349744183801525,-0.003559706535379863,-0.010679119606139589,1.3483927019982624,2.947002606429192,2.947002606429192,1.3483927019982624,"[[1.5, 1.5, 1.5, 1.5], [1.5, 1.5, 1.5, 1.5], [1.5, 1.5, 1.5, 1.5], [1.5, 1.5, 1.5, 1.5]]","[[1.118033988749895, 1.118033988749895, 1.118033988749895, 1.118033988749895], [1.118033988749895, 1.118033988749895, 1.118033988749895, 1.118033988749895], [1.118033988749895, 1.118033988749895, 1.118033988749895, 1.118033988749895], [1.118033988749895, 1.118033988749895, 1.118033988749895, 1.118033988749895]]"
276,1152,-0.6446085529491263,0.45877980500048265,0.83043730089777,-0.6446085529491263,2.057341442224153,2.947002606429192,2.947002606429192,2.057341442224153,"[[1.5, 1.5, 1.5, 1.5], [1.5, 1.5, 1.5, 1.5], [1.5, 1.5, 1.5, 1.5], [1.5, 1.5, 1.5, 1.5]]","[[1.118033988749895, 1.118033988749895, 1.118033988749895, 1.118033988749895], [1.118033988749895, 1.118033988749895, 1.118033988749895, 1.118033988749895], [1.118033988749895, 1.118033988749895, 1.118033988749895, 1.118033988749895], [1.118033988749895, 1.118033988749895, 1.118033988749895, 1.118033988749895]]"
277,576,-0.736231884057971,0.736231884057971,-0.0782608695652174,0.0782608695652174,1.7252173913043478,1.7252173913043478,1.7252173913043478,1.7252173913043478,"[[1.5, 1.5, 1.5, 1.5], [1.5, 1.5, 1.5, 1.5], [1.5, 1.5, 1.5, 1.5], [1.5, 1.5, 1.5, 1.5]]","[[1.118033988749895, 1.118033988749895, 1.118033988749895, 1.118033988749895], [1.118033988749895, 1.118033988749895, 1.118033988749895, 1.118033988749895], [1.118033988749895, 1.118033988749895, 1.118033988749895, 1.118033988749895], [1.118033988749895, 1.118033988749895, 1.118033988749895, 1.118033988749895]]"
278,288,-0.797522260936895,0.797522260936895,-0.797522260936895,0.797522260936895,2.062717770034843,2.062717770034843,2.062717770034843,2.062717770034843,"[[1.5, 1.5, 1.5, 1.5], [1.5, 1.5, 1.5, 1.5], [1.5, 1.5, 1.5, 1.5], [1.5, 1.5, 1.5, 1.5]]","[[1.118033988749895, 1.118033988749895, 1.118033988749895, 1.118033988749895], [1.118033988749895, 1.118033988749895, 1.118033988749895, 1.118033988749895], [1.118033988749895, 1.118033988749895, 1.118033988749895, 1.118033988749895], [1.118033988749895, 1.118033988749895, 1.118033988749895, 1.118033988749895]]"
279,1152,-0.3723815040061782,0.3723815040061782,-0.04199247031566754,0.04199247031566754,1.3483927019982624,1.3483927019982624,1.3483927019982624,1.3483927019982624,"[[1.5, 1.5, 1.5, 1.5], [1.5, 1.5, 1.5, 1.5], [1.5, 1.5, 1.5, 1.5], [1.5, 1.5, 1.5, 1.5]]","[[1.118033988749895, 1.118033988749895, 1.118033988749895, 1.118033988749895], [1.118033988749895, 1.118033988749895, 1.118033988749895, 1.118033988749895], [1.118033988749895, 1.118033988749895, 1.118033988749895, 1.118033988749895], [1.118033988749895, 1.118033988749895, 1.118033988749895, 1.118033988749895]]"
280,288,-0.6504065040650406,0.6504065040650406,0.6504065040650406,-0.6504065040650406,2.062717770034843,2.062717770034843,2.062717770034843,2.062717770034843,"[[1.5, 1.5, 1.5, 1.5], [1.5, 1.5, 1.5, 1.5], [1.5, 1.5, 1.5, 1.5], [1.5, 1.5, 1.5, 1.5]]","[[1.118033988749895, 1.118033988749895, 1.118033988749895, 1.118033988749895], [1.118033988749895, 1.118033988749895, 1.118033988749895, 1.118033988749895], [1.118033988749895, 1.118033988749895, 1.118033988749895, 1.118033988749895], [1.118033988749895, 1.118033988749895, 1.118033988749895, 1.118033988749895]]"
281,1152,-2.3751689352254077,-0.1219953663481031,0.45256540206583645,2.0445988995076747,3.2945264986967855,1.3483927019982624,1.3483927019982624,3.2945264986967855,"[[1.5, 1.5, 1.5, 1.5], [1.5, 1.5, 1.5, 1.5], [1.5, 1.5, 1.5, 1.5], [1.5, 1.5, 1.5, 1.5]]","[[1.118033988749895, 1.118033988749895, 1.118033988749895, 1.118033988749895], [1.118033988749895, 1.118033988749895, 1.118033988749895, 1.118033988749895], [1.118033988749895, 1.118033988749895, 1.118033988749895, 1.118033988749895], [1.118033988749895, 1.118033988749895, 1.118033988749895, 1.118033988749895]]"
282,576,-2.541304347826087,1.1929951690821257,-0.5408212560386474,1.8891304347826088,3.617391304347826,2.0591304347826087,2.0591304347826087,3.617391304347826,"[[1.5, 1.5, 1.5, 1.5], [1.5, 1.5, 1.5, 1.5], [1.5, 1.5, 1.5, 1.5], [1.5, 1.5, 1.5, 1.5]]","[[1.118033988749895, 1.118033988749895, 1.118033988749895, 1.118033988749895], [1.118033988749895, 1.118033988749895, 1.118033988749895, 1.118033988749895], [1.118033988749895, 1.118033988749895, 1.118033988749895, 1.118033988749895], [1.118033988749895, 1.118033988749895, 1.118033988749895, 1.118033988749895]]"
283,1152,-1.660331595713872,0.6844289989381215,0.2890602374746597,0.6868423593010908,2.947002606429192,2.057341442224153,2.057341442224153,2.947002606429192,"[[1.5, 1.5, 1.5, 1.5], [1.5, 1.5, 1.5, 1.5], [1.5, 1.5, 1.5, 1.5], [1.5, 1.5, 1.5, 1.5]]","[[1.118033988749895, 1.118033988749895, 1.118033988749895, 1.118033988749895], [1.118033988749895, 1.118033988749895, 1.118033988749895, 1.118033988749895], [1.118033988749895, 1.118033988749895, 1.118033988749895, 1.118033988749895], [1.118033988749895, 1.118033988749895, 1.118033988749895, 1.118033988749895]]"
284,1152,-2.1422796601988607,0.9812723235833575,-0.6532363162467419,1.8142436528622454,3.2945264986967855,2.057341442224153,2.057341442224153,3.2945264986967855,"[[1.5, 1.5, 1.5, 1.5], [1.5, 1.5, 1.5, 1.5], [1.5, 1.5, 1.5, 1.5], [1.5, 1.5, 1.5, 1.5]]","[[1.118033988749895, 1.118033988749895, 1.118033988749895, 1.118033988749895], [1.118033988749895, 1.118033988749895, 1.118033988749895, 1.118033988749895], [1.118033988749895, 1.118033988749895, 1.118033988749895, 1.118033988749895], [1.118033988749895, 1.118033988749895, 1.118033988749895, 1.118033988749895]]"
285,1152,-1.6142967467902307,0.8336350033787046,0.1392508929433343,0.6414108504681919,2.947002606429192,2.543874891398784,2.543874891398784,2.947002606429192,"[[1.5, 1.5, 1.5, 1.5], [1.5, 1.5, 1.5, 1.5], [1.5, 1.5, 1.5, 1.5], [1.5, 1.5, 1.5, 1.5]]","[[1.118033988749895, 1.118033988749895, 1.118033988749895, 1.118033988749895], [1.118033988749895, 1.118033988749895, 1.118033988749895, 1.118033988749895], [1.118033988749895, 1.118033988749895, 1.118033988749895, 1.118033988749895], [1.118033988749895, 1.118033988749895, 1.118033988749895, 1.118033988749895]]"
286,1152,-1.948426489043344,-0.36230572449078097,0.6939617723718505,1.6167704411622743,2.947002606429192,1.3483927019982624,1.3483927019982624,2.947002606429192,"[[1.5, 1.5, 1.5, 1.5], [1.5, 1.5, 1.5, 1.5], [1.5, 1.5, 1.5, 1.5], [1.5, 1.5, 1.5, 1.5]]","[[1.118033988749895, 1.118033988749895, 1.118033988749895, 1.118033988749895], [1.118033988749895, 1.118033988749895, 1.118033988749895, 1.118033988749895], [1.118033988749895, 1.118033988749895, 1.118033988749895, 1.118033988749895], [1.118033988749895, 1.118033988749895, 1.118033988749895, 1.118033988749895]]"
287,576,-2.514975845410628,1.1635265700483093,-0.18792270531400967,1.5393719806763284,3.617391304347826,2.0591304347826087,2.0591304347826087,3.617391304347826,"[[1.5, 1.5, 1.5, 1.5], [1.5, 1.5, 1.5, 1.5], [1.5, 1.5, 1.5, 1.5], [1.5, 1.5, 1.5, 1.5]]","[[1.118033988749895, 1.118033988749895, 1.118033988749895, 1.118033988749895], [1.118033988749895, 1.118033988749895, 1.118033988749895, 1.118033988749895], [1.118033988749895, 1.118033988749895, 1.118033988749895, 1.118033988749895], [1.118033988749895, 1.118033988749895, 1.118033988749895, 1.118033988749895]]"
288,1152,-1.6255188724780385,0.6455738970943141,0.6455738970943141,0.33437107828941015,2.947002606429192,2.057341442224153,2.057341442224153,2.947002606429192,"[[1.5, 1.5, 1.5, 1.5], [1.5, 1.5, 1.5, 1.5], [1.5, 1.5, 1.5, 1.5], [1.5, 1.5, 1.5, 1.5]]","[[1.118033988749895, 1.118033988749895, 1.118033988749895, 1.118033988749895], [1.118033988749895, 1.118033988749895, 1.118033988749895, 1.118033988749895], [1.118033988749895, 1.118033988749895, 1.118033988749895, 1.118033988749895], [1.118033988749895, 1.118033988749895, 1.118033988749895, 1.118033988749895]]"
289,1152,-1.7225962930784824,0.7497103967564437,-0.42119171734723426,1.3940776136692732,2.947002606429192,2.057341442224153,2.057341442224153,2.947002606429192,"[[1.5, 1.5, 1.5, 1.5], [1.5, 1.5, 1.5, 1.5], [1.5, 1.5, 1.5, 1.5], [1.5, 1.5, 1.5, 1.5]]","[[1.118033988749895, 1.118033988749895, 1.118033988749895, 1.118033988749895], [1.118033988749895, 1.118033988749895, 1.118033988749895, 1.118033988749895], [1.118033988749895, 1.118033988749895, 1.118033988749895, 1.118033988749895], [1.118033988749895, 1.118033988749895, 1.118033988749895, 1.118033988749895]]"
290,1152,-1.5331475045853846,0.9492349647649387,0.3397408050970171,0.2441717347234289,2.947002606429192,2.947002606429192,2.947002606429192,2.947002606429192,"[[1.5, 1.5, 1.5, 1.5], [1.5, 1.5, 1.5, 1.5], [1.5, 1.5, 1.5, 1.5], [1.5, 1.5, 1.5, 1.5]]","[[1.118033988749895, 1.118033988749895, 1.118033988749895, 1.118033988749895], [1.118033988749895, 1.118033988749895, 1.118033988749895, 1.118033988749895], [1.118033988749895, 1.118033988749895, 1.118033988749895, 1.118033988749895], [1.118033988749895, 1.118033988749895, 1.118033988749895, 1.118033988749895]]"
291,1152,-1.8711989574283232,-0.2443527367506516,0.8995800752968434,1.2159716188821315,2.947002606429192,1.7237185056472633,1.7237185056472633,2.947002606429192,"[[1.5, 1.5, 1.5, 1.5], [1.5, 1.5, 1.5, 1.5], [1.5, 1.5, 1.5, 1.5], [1.5, 1.5, 1.5, 1.5]]","[[1.118033988749895, 1.118033988749895, 1.118033988749895, 1.118033988749895], [1.118033988749895, 1.118033988749895, 1.118033988749895, 1.118033988749895], [1.118033988749895, 1.118033988749895, 1.118033988749895, 1.118033988749895], [1.118033988749895, 1.118033988749895, 1.118033988749895, 1.118033988749895]]"
292,1152,-2.09069408244039,0.9249806931170963,0.04844820928661068,1.117265180036683,3.2945264986967855,2.057341442224153,2.057341442224153,3.2945264986967855,"[[1.5, 1.5, 1.5, 1.5], [1.5, 1.5, 1.5, 1.5], [1.5, 1.5, 1.5, 1.5], [1.5, 1.5, 1.5, 1.5]]","[[1.118033988749895, 1.118033988749895, 1.118033988749895, 1.118033988749895], [1.118033988749895, 1.118033988749895, 1.118033988749895, 1.118033988749895], [1.118033988749895, 1.118033988749895, 1.118033988749895, 1.118033988749895], [1.118033988749895, 1.118033988749895, 1.118033988749895, 1.118033988749895]]"
293,1152,-1.5394825755381794,0.7536924413553432,0.8468481513659619,-0.061058017183125785,2.947002606429192,2.543874891398784,2.543874891398784,2.947002606429192,"[[1.5, 1.5, 1.5, 1.5], [1.5, 1.5, 1.5, 1.5], [1.5, 1.5, 1.5, 1.5], [1.5, 1.5, 1.5, 1.5]]","[[1.118033988749895, 1.118033988749895, 1.118033988749895, 1.118033988749895], [1.118033988749895, 1.118033988749895, 1.118033988749895, 1.118033988749895], [1.118033988749895, 1.118033988749895, 1.118033988749895, 1.118033988749895], [1.118033988749895, 1.118033988749895, 1.118033988749895, 1.118033988749895]]"
294,1152,-1.6940583067863693,0.7204484023554397,-0.06715175209962351,1.040761656530553,2.947002606429192,2.057341442224153,2.057341442224153,2.947002606429192,"[[1.5, 1.5, 1.5, 1.5], [1.5, 1.5, 1.5, 1.5], [1.5, 1.5, 1.5, 1.5], [1.5, 1.5, 1.5, 1.5]]","[[1.118033988749895, 1.118033988749895, 1.118033988749895, 1.118033988749895], [1.118033988749895, 1.118033988749895, 1.118033988749895, 1.118033988749895], [1.118033988749895, 1.118033988749895, 1.118033988749895, 1.118033988749895], [1.118033988749895, 1.118033988749895, 1.118033988749895, 1.118033988749895]]"
295,1152,-1.4914567043150884,0.9065788203494546,0.6923930881359205,-0.1075152041702867,2.947002606429192,2.947002606429192,2.947002606429192,2.947002606429192,"[[1.5, 1.5, 1.5, 1.5], [1.5, 1.5, 1.5, 1.5], [1.5, 1.5, 1.5, 1.5], [1.5, 1.5, 1.5, 1.5]]","[[1.118033988749895, 1.118033988749895, 1.118033988749895, 1.118033988749895], [1.118033988749895, 1.118033988749895, 1.118033988749895, 1.118033988749895], [1.118033988749895, 1.118033988749895, 1.118033988749895, 1.118033988749895], [1.118033988749895, 1.118033988749895, 1.118033988749895, 1.118033988749895]]"
296,1152,-1.4704001351481804,-0.4535910802200985,0.7827130997200502,1.1412781156482286,2.543874891398784,2.057341442224153,2.057341442224153,2.543874891398784,"[[1.5, 1.5, 1.5, 1.5], [1.5, 1.5, 1.5, 1.5], [1.5, 1.5, 1.5, 1.5], [1.5, 1.5, 1.5, 1.5]]","[[1.118033988749895, 1.118033988749895, 1.118033988749895, 1.118033988749895], [1.118033988749895, 1.118033988749895, 1.118033988749895, 1.118033988749895], [1.118033988749895, 1.118033988749895, 1.118033988749895, 1.118033988749895], [1.118033988749895, 1.118033988749895, 1.118033988749895, 1.118033988749895]]"
297,288,-1.9357336430507162,0.0,0.0,1.9357336430507162,2.8989547038327528,0.0,0.0,2.8989547038327528,"[[1.5, 1.5, 1.5, 1.5], [1.5, 1.5, 1.5, 1.5], [1.5, 1.5, 1.5, 1.5], [1.5, 1.5, 1.5, 1.5]]","[[1.118033988749895, 1.118033988749895, 1.118033988749895, 1.118033988749895], [1.118033988749895, 1.118033988749895, 1.118033988749895, 1.118033988749895], [1.118033988749895, 1.118033988749895, 1.118033988749895, 1.118033988749895], [1.118033988749895, 1.118033988749895, 1.118033988749895, 1.118033988749895]]"
298,1152,-1.428467998841587,-0.12223670238440004,0.452444734047688,1.098259967178299,2.543874891398784,1.3483927019982624,1.3483927019982624,2.543874891398784,"[[1.5, 1.5, 1.5, 1.5], [1.5, 1.5, 1.5, 1.5], [1.5, 1.5, 1.5, 1.5], [1.5, 1.5, 1.5, 1.5]]","[[1.118033988749895, 1.118033988749895, 1.118033988749895, 1.118033988749895], [1.118033988749895, 1.118033988749895, 1.118033988749895, 1.118033988749895], [1.118033988749895, 1.118033988749895, 1.118033988749895, 1.118033988749895], [1.118033988749895, 1.118033988749895, 1.118033988749895, 1.118033988749895]]"
299,288,-1.145954316686024,-1.145954316686024,1.145954316686024,1.145954316686024,2.062717770034843,2.062717770034843,2.062717770034843,2.062717770034843,"[[1.5, 1.5, 1.5, 1.5], [1.5, 1.5, 1.5, 1.5], [1.5, 1.5, 1.5, 1.5], [1.5, 1.5, 1.5, 1.5]]","[[1.118033988749895, 1.118033988749895, 1.118033988749895, 1.118033988749895], [1.118033988749895, 1.118033988749895, 1.118033988749895, 1.118033988749895], [1.118033988749895, 1.118033988749895, 1.118033988749895, 1.118033988749895], [1.118033988749895, 1.118033988749895, 1.118033988749895, 1.118033988749895]]"
300,1152,-1.0292981948064486,-0.6993314991794575,1.0292981948064486,0.6993314991794575,2.057341442224153,2.057341442224153,2.057341442224153,2.057341442224153,"[[1.5, 1.5, 1.5, 1.5], [1.5, 1.5, 1.5, 1.5], [1.5, 1.5, 1.5, 1.5], [1.5, 1.5, 1.5, 1.5]]","[[1.118033988749895, 1.118033988749895, 1.118033988749895, 1.118033988749895], [1.118033988749895, 1.118033988749895, 1.118033988749895, 1.118033988749895], [1.118033988749895, 1.118033988749895, 1.118033988749895, 1.118033988749895], [1.118033988749895, 1.118033988749895, 1.118033988749895, 1.118033988749895]]"
301,576,-0.9797101449275363,0.0,0.0,0.9797101449275363,2.0591304347826087,0.0,0.0,2.0591304347826087,"[[1.5, 1.5, 1.5, 1.5], [1.5, 1.5, 1.5, 1.5], [1.5, 1.5, 1.5, 1.5], [1.5, 1.5, 1.5, 1.5]]","[[1.118033988749895, 1.118033988749895, 1.118033988749895, 1.118033988749895], [1.118033988749895, 1.118033988749895, 1.118033988749895, 1.118033988749895], [1.118033988749895, 1.118033988749895, 1.118033988749895, 1.118033988749895], [1.118033988749895, 1.118033988749895, 1.118033988749895, 1.118033988749895]]"
302,1152,-0.9040447919683368,0.12175403031180616,0.21219470991408437,0.5700960517424462,2.057341442224153,1.3483927019982624,1.3483927019982624,2.057341442224153,"[[1.5, 1.5, 1.5, 1.5], [1.5, 1.5, 1.5, 1.5], [1.5, 1.5, 1.5, 1.5], [1.5, 1.5, 1.5, 1.5]]","[[1.118033988749895, 1.118033988749895, 1.118033988749895, 1.118033988749895], [1.118033988749895, 1.118033988749895, 1.118033988749895, 1.118033988749895], [1.118033988749895, 1.118033988749895, 1.118033988749895, 1.118033988749895], [1.118033988749895, 1.118033988749895, 1.118033988749895, 1.118033988749895]]"
303,576,-0.9144927536231884,-0.24782608695652175,0.9144927536231884,0.24782608695652175,2.0591304347826087,2.0591304347826087,2.0591304347826087,2.0591304347826087,"[[1.5, 1.5, 1.5, 1.5], [1.5, 1.5, 1.5, 1.5], [1.5, 1.5, 1.5, 1.5], [1.5, 1.5, 1.5, 1.5]]","[[1.118033988749895, 1.118033988749895, 1.118033988749895, 1.118033988749895], [1.118033988749895, 1.118033988749895, 1.118033988749895, 1.118033988749895], [1.118033988749895, 1.118033988749895, 1.118033988749895, 1.118033988749895], [1.118033988749895, 1.118033988749895, 1.118033988749895, 1.118033988749895]]"
304,576,-0.8241545893719807,0.2400966183574879,0.4246376811594203,0.15942028985507245,2.0591304347826087,2.0591304347826087,2.0591304347826087,2.0591304347826087,"[[1.5, 1.5, 1.5, 1.5], [1.5, 1.5, 1.5, 1.5], [1.5, 1.5, 1.5, 1.5], [1.5, 1.5, 1.5, 1.5]]","[[1.118033988749895, 1.118033988749895, 1.118033988749895, 1.118033988749895], [1.118033988749895, 1.118033988749895, 1.118033988749895, 1.118033988749895], [1.118033988749895, 1.118033988749895, 1.118033988749895, 1.118033988749895], [1.118033988749895, 1.118033988749895, 1.118033988749895, 1.118033988749895]]"
305,1152,-1.3392943334298677,0.3631504006178203,-0.03185635679119606,1.0080002896032436,2.543874891398784,1.3483927019982624,1.3483927019982624,2.543874891398784,"[[1.5, 1.5, 1.5, 1.5], [1.5, 1.5, 1.5, 1.5], [1.5, 1.5, 1.5, 1.5], [1.5, 1.5, 1.5, 1.5]]","[[1.118033988749895, 1.118033988749895, 1.118033988749895, 1.118033988749895], [1.118033988749895, 1.118033988749895, 1.118033988749895, 1.118033988749895], [1.118033988749895, 1.118033988749895, 1.118033988749895, 1.118033988749895], [1.118033988749895, 1.118033988749895, 1.118033988749895, 1.118033988749895]]"
306,576,-1.6328502415458936,0.6495169082125604,0.6495169082125604,0.3338164251207729,2.893913043478261,2.0591304347826087,2.0591304347826087,2.893913043478261,"[[1.5, 1.5, 1.5, 1.5], [1.5, 1.5, 1.5, 1.5], [1.5, 1.5, 1.5, 1.5], [1.5, 1.5, 1.5, 1.5]]","[[1.118033988749895, 1.118033988749895, 1.118033988749895, 1.118033988749895], [1.118033988749895, 1.118033988749895, 1.118033988749895, 1.118033988749895], [1.118033988749895, 1.118033988749895, 1.118033988749895, 1.118033988749895], [1.118033988749895, 1.118033988749895, 1.118033988749895, 1.118033988749895]]"
307,1152,-0.9047084660681532,0.12151269427550922,0.21352205811371755,0.5696737136789265,2.057341442224153,1.3483927019982624,1.3483927019982624,2.057341442224153,"[[1.5, 1.5, 1.5, 1.5], [1.5, 1.5, 1.5, 1.5], [1.5, 1.5, 1.5, 1.5], [1.5, 1.5, 1.5, 1.5]]","[[1.118033988749895, 1.118033988749895, 1.118033988749895, 1.118033988749895], [1.118033988749895, 1.118033988749895, 1.118033988749895, 1.118033988749895], [1.118033988749895, 1.118033988749895, 1.118033988749895, 1.118033988749895], [1.118033988749895, 1.118033988749895, 1.118033988749895, 1.118033988749895]]"
308,1152,-1.2245390481706728,0.44273095858673617,0.5329906361617917,0.248817453422145,2.543874891398784,2.057341442224153,2.057341442224153,2.543874891398784,"[[1.5, 1.5, 1.5, 1.5], [1.5, 1.5, 1.5, 1.5], [1.5, 1.5, 1.5, 1.5], [1.5, 1.5, 1.5, 1.5]]","[[1.118033988749895, 1.118033988749895, 1.118033988749895, 1.118033988749895], [1.118033988749895, 1.118033988749895, 1.118033988749895, 1.118033988749895], [1.118033988749895, 1.118033988749895, 1.118033988749895, 1.118033988749895], [1.118033988749895, 1.118033988749895, 1.118033988749895, 1.118033988749895]]"
309,576,-0.8243961352657004,0.2427536231884058,0.420048309178744,0.16159420289855073,2.0591304347826087,2.0591304347826087,2.0591304347826087,2.0591304347826087,"[[1.5, 1.5, 1.5, 1.5], [1.5, 1.5, 1.5, 1.5], [1.5, 1.5, 1.5, 1.5], [1.5, 1.5, 1.5, 1.5]]","[[1.118033988749895, 1.118033988749895, 1.118033988749895, 1.118033988749895], [1.118033988749895, 1.118033988749895, 1.118033988749895, 1.118033988749895], [1.118033988749895, 1.118033988749895, 1.118033988749895, 1.118033988749895], [1.118033988749895, 1.118033988749895, 1.118033988749895, 1.118033988749895]]"
310,576,-0.778743961352657,0.19420289855072465,0.778743961352657,-0.19420289855072465,2.0591304347826087,2.0591304347826087,2.0591304347826087,2.0591304347826087,"[[1.5, 1.5, 1.5, 1.5], [1.5, 1.5, 1.5, 1.5], [1.5, 1.5, 1.5, 1.5], [1.5, 1.5, 1.5, 1.5]]","[[1.118033988749895, 1.118033988749895, 1.118033988749895, 1.118033988749895], [1.118033988749895, 1.118033988749895, 1.118033988749895, 1.118033988749895], [1.118033988749895, 1.118033988749895, 1.118033988749895, 1.118033988749895], [1.118033988749895, 1.118033988749895, 1.118033988749895, 1.118033988749895]]"
311,1152,-0.8216888695820059,0.23711265566174342,0.42028670721112077,0.1642895067091418,2.057341442224153,1.7237185056472633,1.7237185056472633,2.057341442224153,"[[1.5, 1.5, 1.5, 1.5], [1.5, 1.5, 1.5, 1.5], [1.5, 1.5, 1.5, 1.5], [1.5, 1.5, 1.5, 1.5]]","[[1.118033988749895, 1.118033988749895, 1.118033988749895, 1.118033988749895], [1.118033988749895, 1.118033988749895, 1.118033988749895, 1.118033988749895], [1.118033988749895, 1.118033988749895, 1.118033988749895, 1.118033988749895], [1.118033988749895, 1.118033988749895, 1.118033988749895, 1.118033988749895]]"
312,1152,-1.0926489043343952,0.5031856356791196,1.0926489043343952,-0.5031856356791196,2.543874891398784,2.543874891398784,2.543874891398784,2.543874891398784,"[[1.5, 1.5, 1.5, 1.5], [1.5, 1.5, 1.5, 1.5], [1.5, 1.5, 1.5, 1.5], [1.5, 1.5, 1.5, 1.5]]","[[1.118033988749895, 1.118033988749895, 1.118033988749895, 1.118033988749895], [1.118033988749895, 1.118033988749895, 1.118033988749895, 1.118033988749895], [1.118033988749895, 1.118033988749895, 1.118033988749895, 1.118033988749895], [1.118033988749895, 1.118033988749895, 1.118033988749895, 1.118033988749895]]"
313,1152,-0.7339632203880684,0.3483685683946327,0.623732985809441,-0.2381383338160054,2.057341442224153,2.2380538662033014,2.2380538662033014,2.057341442224153,"[[1.5, 1.5, 1.5, 1.5], [1.5, 1.5, 1.5, 1.5], [1.5, 1.5, 1.5, 1.5], [1.5, 1.5, 1.5, 1.5]]","[[1.118033988749895, 1.118033988749895, 1.118033988749895, 1.118033988749895], [1.118033988749895, 1.118033988749895, 1.118033988749895, 1.118033988749895], [1.118033988749895, 1.118033988749895, 1.118033988749895, 1.118033988749895], [1.118033988749895, 1.118033988749895, 1.118033988749895, 1.118033988749895]]"
314,1152,-1.048906747755575,0.6604763973356501,0.9383748431315764,-0.5499444927116517,2.543874891398784,2.947002606429192,2.947002606429192,2.543874891398784,"[[1.5, 1.5, 1.5, 1.5], [1.5, 1.5, 1.5, 1.5], [1.5, 1.5, 1.5, 1.5], [1.5, 1.5, 1.5, 1.5]]","[[1.118033988749895, 1.118033988749895, 1.118033988749895, 1.118033988749895], [1.118033988749895, 1.118033988749895, 1.118033988749895, 1.118033988749895], [1.118033988749895, 1.118033988749895, 1.118033988749895, 1.118033988749895], [1.118033988749895, 1.118033988749895, 1.118033988749895, 1.118033988749895]]"
315,288,-0.7897793263646922,0.7897793263646922,-0.7897793263646922,0.7897793263646922,2.062717770034843,2.062717770034843,2.062717770034843,2.062717770034843,"[[1.5, 1.5, 1.5, 1.5], [1.5, 1.5, 1.5, 1.5], [1.5, 1.5, 1.5, 1.5], [1.5, 1.5, 1.5, 1.5]]","[[1.118033988749895, 1.118033988749895, 1.118033988749895, 1.118033988749895], [1.118033988749895, 1.118033988749895, 1.118033988749895, 1.118033988749895], [1.118033988749895, 1.118033988749895, 1.118033988749895, 1.118033988749895], [1.118033988749895, 1.118033988749895, 1.118033988749895, 1.118033988749895]]"
316,1152,-0.7609325224442514,0.7609325224442514,-0.4300004826720726,0.4300004826720726,2.057341442224153,2.057341442224153,2.057341442224153,2.057341442224153,"[[1.5, 1.5, 1.5, 1.5], [1.5, 1.5, 1.5, 1.5], [1.5, 1.5, 1.5, 1.5], [1.5, 1.5, 1.5, 1.5]]","[[1.118033988749895, 1.118033988749895, 1.118033988749895, 1.118033988749895], [1.118033988749895, 1.118033988749895, 1.118033988749895, 1.118033988749895], [1.118033988749895, 1.118033988749895, 1.118033988749895, 1.118033988749895], [1.118033988749895, 1.118033988749895, 1.118033988749895, 1.118033988749895]]"
317,576,-0.8260869565217391,0.2400966183574879,0.4246376811594203,0.16135265700483092,2.0591304347826087,2.0591304347826087,2.0591304347826087,2.0591304347826087,"[[1.5, 1.5, 1.5, 1.5], [1.5, 1.5, 1.5, 1.5], [1.5, 1.5, 1.5, 1.5], [1.5, 1.5, 1.5, 1.5]]","[[1.118033988749895, 1.118033988749895, 1.118033988749895, 1.118033988749895], [1.118033988749895, 1.118033988749895, 1.118033988749895, 1.118033988749895], [1.118033988749895, 1.118033988749895, 1.118033988749895, 1.118033988749895], [1.118033988749895, 1.118033988749895, 1.118033988749895, 1.118033988749895]]"
318,576,-0.7318840579710145,0.7318840579710145,-0.06521739130434782,0.06521739130434782,2.0591304347826087,2.0591304347826087,2.0591304347826087,2.0591304347826087,"[[1.5, 1.5, 1.5, 1.5], [1.5, 1.5, 1.5, 1.5], [1.5, 1.5, 1.5, 1.5], [1.5, 1.5, 1.5, 1.5]]","[[1.118033988749895, 1.118033988749895, 1.118033988749895, 1.118033988749895], [1.118033988749895, 1.118033988749895, 1.118033988749895, 1.118033988749895], [1.118033988749895, 1.118033988749895, 1.118033988749895, 1.118033988749895], [1.118033988749895, 1.118033988749895, 1.118033988749895, 1.118033988749895]]"
319,576,-1.0814009661835748,1.0814009661835748,-0.10652173913043478,0.10652173913043478,2.546086956521739,2.546086956521739,2.546086956521739,2.546086956521739,"[[1.5, 1.5, 1.5, 1.5], [1.5, 1.5, 1.5, 1.5], [1.5, 1.5, 1.5, 1.5], [1.5, 1.5, 1.5, 1.5]]","[[1.118033988749895, 1.118033988749895, 1.118033988749895, 1.118033988749895], [1.118033988749895, 1.118033988749895, 1.118033988749895, 1.118033988749895], [1.118033988749895, 1.118033988749895, 1.118033988749895, 1.118033988749895], [1.118033988749895, 1.118033988749895, 1.118033988749895, 1.118033988749895]]"
320,576,-0.8253623188405798,0.23792270531400966,0.42391304347826086,0.16352657004830917,2.0591304347826087,2.0591304347826087,2.0591304347826087,2.0591304347826087,"[[1.5, 1.5, 1.5, 1.5], [1.5, 1.5, 1.5, 1.5], [1.5, 1.5, 1.5, 1.5], [1.5, 1.5, 1.5, 1.5]]","[[1.118033988749895, 1.118033988749895, 1.118033988749895, 1.118033988749895], [1.118033988749895, 1.118033988749895, 1.118033988749895, 1.118033988749895], [1.118033988749895, 1.118033988749895, 1.118033988749895, 1.118033988749895], [1.118033988749895, 1.118033988749895, 1.118033988749895, 1.118033988749895]]"
321,576,-0.6855072463768116,0.6855072463768116,0.28647342995169084,-0.28647342995169084,2.0591304347826087,2.0591304347826087,2.0591304347826087,2.0591304347826087,"[[1.5, 1.5, 1.5, 1.5], [1.5, 1.5, 1.5, 1.5], [1.5, 1.5, 1.5, 1.5], [1.5, 1.5, 1.5, 1.5]]","[[1.118033988749895, 1.118033988749895, 1.118033988749895, 1.118033988749895], [1.118033988749895, 1.118033988749895, 1.118033988749895, 1.118033988749895], [1.118033988749895, 1.118033988749895, 1.118033988749895, 1.118033988749895], [1.118033988749895, 1.118033988749895, 1.118033988749895, 1.118033988749895]]"
322,1152,-1.0013032145960035,1.0013032145960035,0.5924799691089874,-0.5924799691089874,2.543874891398784,2.543874891398784,2.543874891398784,2.543874891398784,"[[1.5, 1.5, 1.5, 1.5], [1.5, 1.5, 1.5, 1.5], [1.5, 1.5, 1.5, 1.5], [1.5, 1.5, 1.5, 1.5]]","[[1.118033988749895, 1.118033988749895, 1.118033988749895, 1.118033988749895], [1.118033988749895, 1.118033988749895, 1.118033988749895, 1.118033988749895], [1.118033988749895, 1.118033988749895, 1.118033988749895, 1.118033988749895], [1.118033988749895, 1.118033988749895, 1.118033988749895, 1.118033988749895]]"
323,144,-1.2587412587412588,1.2587412587412588,1.2587412587412588,-1.2587412587412588,2.909090909090909,2.909090909090909,2.909090909090909,2.909090909090909,"[[1.5, 1.5, 1.5, 1.5], [1.5, 1.5, 1.5, 1.5], [1.5, 1.5, 1.5, 1.5], [1.5, 1.5, 1.5, 1.5]]","[[1.118033988749895, 1.118033988749895, 1.118033988749895, 1.118033988749895], [1.118033988749895, 1.118033988749895, 1.118033988749895, 1.118033988749895], [1.118033988749895, 1.118033988749895, 1.118033988749895, 1.118033988749895], [1.118033988749895, 1.118033988749895, 1.118033988749895, 1.118033988749895]]"
324,1152,-1.9501761753064968,-0.36128004633651895,0.6955907906168549,1.6158654310261609,2.947002606429192,1.3483927019982624,1.3483927019982624,2.947002606429192,"[[1.5, 1.5, 1.5, 1.5], [1.5, 1.5, 1.5, 1.5], [1.5, 1.5, 1.5, 1.5], [1.5, 1.5, 1.5, 1.5]]","[[1.118033988749895, 1.118033988749895, 1.118033988749895, 1.118033988749895], [1.118033988749895, 1.118033988749895, 1.118033988749895, 1.118033988749895], [1.118033988749895, 1.118033988749895, 1.118033988749895, 1.118033988749895], [1.118033988749895, 1.118033988749895, 1.118033988749895, 1.118033988749895]]"
325,1152,-1.7699584902017569,0.6047277729510571,-0.2707790327251665,1.4360097499758664,2.947002606429192,1.3483927019982624,1.3483927019982624,2.947002606429192,"[[1.5, 1.5, 1.5, 1.5], [1.5, 1.5, 1.5, 1.5], [1.5, 1.5, 1.5, 1.5], [1.5, 1.5, 1.5, 1.5]]","[[1.118033988749895, 1.118033988749895, 1.118033988749895, 1.118033988749895], [1.118033988749895, 1.118033988749895, 1.118033988749895, 1.118033988749895], [1.118033988749895, 1.118033988749895, 1.118033988749895, 1.118033988749895], [1.118033988749895, 1.118033988749895, 1.118033988749895, 1.118033988749895]]"
326,1152,-1.2246597161888213,0.44110194034173184,0.5326889661164205,0.250868809730669,2.2380538662033014,2.057341442224153,2.057341442224153,2.2380538662033014,"[[1.5, 1.5, 1.5, 1.5], [1.5, 1.5, 1.5, 1.5], [1.5, 1.5, 1.5, 1.5], [1.5, 1.5, 1.5, 1.5]]","[[1.118033988749895, 1.118033988749895, 1.118033988749895, 1.118033988749895], [1.118033988749895, 1.118033988749895, 1.118033988749895, 1.118033988749895], [1.118033988749895, 1.118033988749895, 1.118033988749895, 1.118033988749895], [1.118033988749895, 1.118033988749895, 1.118033988749895, 1.118033988749895]]"
327,1152,-1.7685104739839752,0.6032797567332754,-0.2724683849792451,1.437699102229945,2.947002606429192,1.3483927019982624,1.3483927019982624,2.947002606429192,"[[1.5, 1.5, 1.5, 1.5], [1.5, 1.5, 1.5, 1.5], [1.5, 1.5, 1.5, 1.5], [1.5, 1.5, 1.5, 1.5]]","[[1.118033988749895, 1.118033988749895, 1.118033988749895, 1.118033988749895], [1.118033988749895, 1.118033988749895, 1.118033988749895, 1.118033988749895], [1.118033988749895, 1.118033988749895, 1.118033988749895, 1.118033988749895], [1.118033988749895, 1.118033988749895, 1.118033988749895, 1.118033988749895]]"
328,1152,-1.2257457283521576,0.44206728448691957,0.5355849985519838,0.24809344531325417,2.2380538662033014,2.057341442224153,2.057341442224153,2.2380538662033014,"[[1.5, 1.5, 1.5, 1.5], [1.5, 1.5, 1.5, 1.5], [1.5, 1.5, 1.5, 1.5], [1.5, 1.5, 1.5, 1.5]]","[[1.118033988749895, 1.118033988749895, 1.118033988749895, 1.118033988749895], [1.118033988749895, 1.118033988749895, 1.118033988749895, 1.118033988749895], [1.118033988749895, 1.118033988749895, 1.118033988749895, 1.118033988749895], [1.118033988749895, 1.118033988749895, 1.118033988749895, 1.118033988749895]]"
329,1152,-1.4710034752389227,-0.4541340863017666,0.7848247900376484,1.1403127715030408,2.543874891398784,2.057341442224153,2.057341442224153,2.543874891398784,"[[1.5, 1.5, 1.5, 1.5], [1.5, 1.5, 1.5, 1.5], [1.5, 1.5, 1.5, 1.5], [1.5, 1.5, 1.5, 1.5]]","[[1.118033988749895, 1.118033988749895, 1.118033988749895, 1.118033988749895], [1.118033988749895, 1.118033988749895, 1.118033988749895, 1.118033988749895], [1.118033988749895, 1.118033988749895, 1.118033988749895, 1.118033988749895], [1.118033988749895, 1.118033988749895, 1.118033988749895, 1.118033988749895]]"
330,1152,-0.9069408244039,-0.42342407568298096,1.0786514142291728,0.25171348585770825,1.7237185056472633,2.947002606429192,2.947002606429192,1.7237185056472633,"[[1.5, 1.5, 1.5, 1.5], [1.5, 1.5, 1.5, 1.5], [1.5, 1.5, 1.5, 1.5], [1.5, 1.5, 1.5, 1.5]]","[[1.118033988749895, 1.118033988749895, 1.118033988749895, 1.118033988749895], [1.118033988749895, 1.118033988749895, 1.118033988749895, 1.118033988749895], [1.118033988749895, 1.118033988749895, 1.118033988749895, 1.118033988749895], [1.118033988749895, 1.118033988749895, 1.118033988749895, 1.118033988749895]]"
331,576,-0.9091787439613527,-0.25217391304347825,0.9091787439613527,0.25217391304347825,1.7252173913043478,1.7252173913043478,1.7252173913043478,1.7252173913043478,"[[1.5, 1.5, 1.5, 1.5], [1.5, 1.5, 1.5, 1.5], [1.5, 1.5, 1.5, 1.5], [1.5, 1.5, 1.5, 1.5]]","[[1.118033988749895, 1.118033988749895, 1.118033988749895, 1.118033988749895], [1.118033988749895, 1.118033988749895, 1.118033988749895, 1.118033988749895], [1.118033988749895, 1.118033988749895, 1.118033988749895, 1.118033988749895], [1.118033988749895, 1.118033988749895, 1.118033988749895, 1.118033988749895]]"
332,576,-1.1487922705314009,-1.1487922705314009,1.1487922705314009,1.1487922705314009,2.0591304347826087,2.0591304347826087,2.0591304347826087,2.0591304347826087,"[[1.5, 1.5, 1.5, 1.5], [1.5, 1.5, 1.5, 1.5], [1.5, 1.5, 1.5, 1.5], [1.5, 1.5, 1.5, 1.5]]","[[1.118033988749895, 1.118033988749895, 1.118033988749895, 1.118033988749895], [1.118033988749895, 1.118033988749895, 1.118033988749895, 1.118033988749895], [1.118033988749895, 1.118033988749895, 1.118033988749895, 1.118033988749895], [1.118033988749895, 1.118033988749895, 1.118033988749895, 1.118033988749895]]"
333,1152,-1.065377932232841,-0.6634327637802877,0.6634327637802877,1.065377932232841,2.057341442224153,2.057341442224153,2.057341442224153,2.057341442224153,"[[1.5, 1.5, 1.5, 1.5], [1.5, 1.5, 1.5, 1.5], [1.5, 1.5, 1.5, 1.5], [1.5, 1.5, 1.5, 1.5]]","[[1.118033988749895, 1.118033988749895, 1.118033988749895, 1.118033988749895], [1.118033988749895, 1.118033988749895, 1.118033988749895, 1.118033988749895], [1.118033988749895, 1.118033988749895, 1.118033988749895, 1.118033988749895], [1.118033988749895, 1.118033988749895, 1.118033988749895, 1.118033988749895]]"
334,1152,-0.501496283425041,-0.633205425234096,0.9655251472149822,0.16917656144415485,1.3483927019982624,2.947002606429192,2.947002606429192,1.3483927019982624,"[[1.5, 1.5, 1.5, 1.5], [1.5, 1.5, 1.5, 1.5], [1.5, 1.5, 1.5, 1.5], [1.5, 1.5, 1.5, 1.5]]","[[1.118033988749895, 1.118033988749895, 1.118033988749895, 1.118033988749895], [1.118033988749895, 1.118033988749895, 1.118033988749895, 1.118033988749895], [1.118033988749895, 1.118033988749895, 1.118033988749895, 1.118033988749895], [1.118033988749895, 1.118033988749895, 1.118033988749895, 1.118033988749895]]"
335,1152,-0.904889468095376,0.12090935418476687,0.21201370788686166,0.5719664060237475,2.057341442224153,1.3483927019982624,1.3483927019982624,2.057341442224153,"[[1.5, 1.5, 1.5, 1.5], [1.5, 1.5, 1.5, 1.5], [1.5, 1.5, 1.5, 1.5], [1.5, 1.5, 1.5, 1.5]]","[[1.118033988749895, 1.118033988749895, 1.118033988749895, 1.118033988749895], [1.118033988749895, 1.118033988749895, 1.118033988749895, 1.118033988749895], [1.118033988749895, 1.118033988749895, 1.118033988749895, 1.118033988749895], [1.118033988749895, 1.118033988749895, 1.118033988749895, 1.118033988749895]]"
336,1152,-0.45859880297325994,-0.12953711748238247,0.45859880297325994,0.12953711748238247,1.3483927019982624,1.3483927019982624,1.3483927019982624,1.3483927019982624,"[[1.5, 1.5, 1.5, 1.5], [1.5, 1.5, 1.5, 1.5], [1.5, 1.5, 1.5, 1.5], [1.5, 1.5, 1.5, 1.5]]","[[1.118033988749895, 1.118033988749895, 1.118033988749895, 1.118033988749895], [1.118033988749895, 1.118033988749895, 1.118033988749895, 1.118033988749895], [1.118033988749895, 1.118033988749895, 1.118033988749895, 1.118033988749895], [1.118033988749895, 1.118033988749895, 1.118033988749895, 1.118033988749895]]"
337,1152,-1.0633265759243171,-0.6639154358528816,0.6639154358528816,1.0633265759243171,2.057341442224153,2.057341442224153,2.057341442224153,2.057341442224153,"[[1.5, 1.5, 1.5, 1.5], [1.5, 1.5, 1.5, 1.5], [1.5, 1.5, 1.5, 1.5], [1.5, 1.5, 1.5, 1.5]]","[[1.118033988749895, 1.118033988749895, 1.118033988749895, 1.118033988749895], [1.118033988749895, 1.118033988749895, 1.118033988749895, 1.118033988749895], [1.118033988749895, 1.118033988749895, 1.118033988749895, 1.118033988749895], [1.118033988749895, 1.118033988749895, 1.118033988749895, 1.118033988749895]]"
338,1152,-0.9883917366541172,-0.5445747659040447,0.8758688097306689,0.657097692827493,2.057341442224153,2.543874891398784,2.543874891398784,2.057341442224153,"[[1.5, 1.5, 1.5, 1.5], [1.5, 1.5, 1.5, 1.5], [1.5, 1.5, 1.5, 1.5], [1.5, 1.5, 1.5, 1.5]]","[[1.118033988749895, 1.118033988749895, 1.118033988749895, 1.118033988749895], [1.118033988749895, 1.118033988749895, 1.118033988749895, 1.118033988749895], [1.118033988749895, 1.118033988749895, 1.118033988749895, 1.118033988749895], [1.118033988749895, 1.118033988749895, 1.118033988749895, 1.118033988749895]]"
339,576,-0.978743961352657,-0.1826086956521739,0.1826086956521739,0.978743961352657,2.0591304347826087,2.0591304347826087,2.0591304347826087,2.0591304347826087,"[[1.5, 1.5, 1.5, 1.5], [1.5, 1.5, 1.5, 1.5], [1.5, 1.5, 1.5, 1.5], [1.5, 1.5, 1.5, 1.5]]","[[1.118033988749895, 1.118033988749895, 1.118033988749895, 1.118033988749895], [1.118033988749895, 1.118033988749895, 1.118033988749895, 1.118033988749895], [1.118033988749895, 1.118033988749895, 1.118033988749895, 1.118033988749895], [1.118033988749895, 1.118033988749895, 1.118033988749895, 1.118033988749895]]"
340,1152,-0.45835746693696305,-0.30510908388840624,0.6343517714065064,0.12911477941886282,1.3483927019982624,2.543874891398784,2.543874891398784,1.3483927019982624,"[[1.5, 1.5, 1.5, 1.5], [1.5, 1.5, 1.5, 1.5], [1.5, 1.5, 1.5, 1.5], [1.5, 1.5, 1.5, 1.5]]","[[1.118033988749895, 1.118033988749895, 1.118033988749895, 1.118033988749895], [1.118033988749895, 1.118033988749895, 1.118033988749895, 1.118033988749895], [1.118033988749895, 1.118033988749895, 1.118033988749895, 1.118033988749895], [1.118033988749895, 1.118033988749895, 1.118033988749895, 1.118033988749895]]"
341,1152,-0.85764793899025,0.27120137078868617,0.05954966695626991,0.526896901245294,2.057341442224153,2.057341442224153,2.057341442224153,2.057341442224153,"[[1.5, 1.5, 1.5, 1.5], [1.5, 1.5, 1.5, 1.5], [1.5, 1.5, 1.5, 1.5], [1.5, 1.5, 1.5, 1.5]]","[[1.118033988749895, 1.118033988749895, 1.118033988749895, 1.118033988749895], [1.118033988749895, 1.118033988749895, 1.118033988749895, 1.118033988749895], [1.118033988749895, 1.118033988749895, 1.118033988749895, 1.118033988749895], [1.118033988749895, 1.118033988749895, 1.118033988749895, 1.118033988749895]]"
342,1152,-0.4146153103581427,0.027874312192296552,0.30432474177044117,0.08241625639540497,1.3483927019982624,2.057341442224153,2.057341442224153,1.3483927019982624,"[[1.5, 1.5, 1.5, 1.5], [1.5, 1.5, 1.5, 1.5], [1.5, 1.5, 1.5, 1.5], [1.5, 1.5, 1.5, 1.5]]","[[1.118033988749895, 1.118033988749895, 1.118033988749895, 1.118033988749895], [1.118033988749895, 1.118033988749895, 1.118033988749895, 1.118033988749895], [1.118033988749895, 1.118033988749895, 1.118033988749895, 1.118033988749895], [1.118033988749895, 1.118033988749895, 1.118033988749895, 1.118033988749895]]"
343,1152,-1.2911477941886282,0.5108480548315475,-0.1829327155130804,0.9632324548701612,2.543874891398784,2.057341442224153,2.057341442224153,2.543874891398784,"[[1.5, 1.5, 1.5, 1.5], [1.5, 1.5, 1.5, 1.5], [1.5, 1.5, 1.5, 1.5], [1.5, 1.5, 1.5, 1.5]]","[[1.118033988749895, 1.118033988749895, 1.118033988749895, 1.118033988749895], [1.118033988749895, 1.118033988749895, 1.118033988749895, 1.118033988749895], [1.118033988749895, 1.118033988749895, 1.118033988749895, 1.118033988749895], [1.118033988749895, 1.118033988749895, 1.118033988749895, 1.118033988749895]]"
344,1152,-1.2273144125880877,0.44339463268655277,0.5339559803069794,0.24996379959455545,2.543874891398784,2.057341442224153,2.057341442224153,2.543874891398784,"[[1.5, 1.5, 1.5, 1.5], [1.5, 1.5, 1.5, 1.5], [1.5, 1.5, 1.5, 1.5], [1.5, 1.5, 1.5, 1.5]]","[[1.118033988749895, 1.118033988749895, 1.118033988749895, 1.118033988749895], [1.118033988749895, 1.118033988749895, 1.118033988749895, 1.118033988749895], [1.118033988749895, 1.118033988749895, 1.118033988749895, 1.118033988749895], [1.118033988749895, 1.118033988749895, 1.118033988749895, 1.118033988749895]]"
345,1152,-1.2931991504971523,0.5127184091128487,-0.1791316729414036,0.9596124143257071,2.543874891398784,2.057341442224153,2.057341442224153,2.543874891398784,"[[1.5, 1.5, 1.5, 1.5], [1.5, 1.5, 1.5, 1.5], [1.5, 1.5, 1.5, 1.5], [1.5, 1.5, 1.5, 1.5]]","[[1.118033988749895, 1.118033988749895, 1.118033988749895, 1.118033988749895], [1.118033988749895, 1.118033988749895, 1.118033988749895, 1.118033988749895], [1.118033988749895, 1.118033988749895, 1.118033988749895, 1.118033988749895], [1.118033988749895, 1.118033988749895, 1.118033988749895, 1.118033988749895]]"
346,1152,-0.9016917656144415,0.11970267400328218,0.20941934549666957,0.5725697461144899,2.057341442224153,1.3483927019982624,1.3483927019982624,2.057341442224153,"[[1.5, 1.5, 1.5, 1.5], [1.5, 1.5, 1.5, 1.5], [1.5, 1.5, 1.5, 1.5], [1.5, 1.5, 1.5, 1.5]]","[[1.118033988749895, 1.118033988749895, 1.118033988749895, 1.118033988749895], [1.118033988749895, 1.118033988749895, 1.118033988749895, 1.118033988749895], [1.118033988749895, 1.118033988749895, 1.118033988749895, 1.118033988749895], [1.118033988749895, 1.118033988749895, 1.118033988749895, 1.118033988749895]]"
347,1152,-0.9014504295781446,0.11867699584902018,0.20996235157833767,0.5728110821507868,2.057341442224153,1.3483927019982624,1.3483927019982624,2.057341442224153,"[[1.5, 1.5, 1.5, 1.5], [1.5, 1.5, 1.5, 1.5], [1.5, 1.5, 1.5, 1.5], [1.5, 1.5, 1.5, 1.5]]","[[1.118033988749895, 1.118033988749895, 1.118033988749895, 1.118033988749895], [1.118033988749895, 1.118033988749895, 1.118033988749895, 1.118033988749895], [1.118033988749895, 1.118033988749895, 1.118033988749895, 1.118033988749895], [1.118033988749895, 1.118033988749895, 1.118033988749895, 1.118033988749895]]"
348,1152,-0.8117940920938315,0.4228810696013129,-0.08881166135727386,0.47772468384979244,2.057341442224153,2.543874891398784,2.543874891398784,2.057341442224153,"[[1.5, 1.5, 1.5, 1.5], [1.5, 1.5, 1.5, 1.5], [1.5, 1.5, 1.5, 1.5], [1.5, 1.5, 1.5, 1.5]]","[[1.118033988749895, 1.118033988749895, 1.118033988749895, 1.118033988749895], [1.118033988749895, 1.118033988749895, 1.118033988749895, 1.118033988749895], [1.118033988749895, 1.118033988749895, 1.118033988749895, 1.118033988749895], [1.118033988749895, 1.118033988749895, 1.118033988749895, 1.118033988749895]]"
349,1152,-0.7347475625060333,0.3507819287576021,0.6218626315281398,-0.23789699777970846,2.057341442224153,2.543874891398784,2.543874891398784,2.057341442224153,"[[1.5, 1.5, 1.5, 1.5], [1.5, 1.5, 1.5, 1.5], [1.5, 1.5, 1.5, 1.5], [1.5, 1.5, 1.5, 1.5]]","[[1.118033988749895, 1.118033988749895, 1.118033988749895, 1.118033988749895], [1.118033988749895, 1.118033988749895, 1.118033988749895, 1.118033988749895], [1.118033988749895, 1.118033988749895, 1.118033988749895, 1.118033988749895], [1.118033988749895, 1.118033988749895, 1.118033988749895, 1.118033988749895]]"
350,1152,-1.131624674196351,0.7434959938217974,0.2289675644367217,0.15916111593783183,2.543874891398784,2.947002606429192,2.947002606429192,2.543874891398784,"[[1.5, 1.5, 1.5, 1.5], [1.5, 1.5, 1.5, 1.5], [1.5, 1.5, 1.5, 1.5], [1.5, 1.5, 1.5, 1.5]]","[[1.118033988749895, 1.118033988749895, 1.118033988749895, 1.118033988749895], [1.118033988749895, 1.118033988749895, 1.118033988749895, 1.118033988749895], [1.118033988749895, 1.118033988749895, 1.118033988749895, 1.118033988749895], [1.118033988749895, 1.118033988749895, 1.118033988749895, 1.118033988749895]]"
351,1152,-0.7366179167873347,0.34921324452167196,0.627051356308524,-0.23964668404286127,2.057341442224153,2.2380538662033014,2.2380538662033014,2.057341442224153,"[[1.5, 1.5, 1.5, 1.5], [1.5, 1.5, 1.5, 1.5], [1.5, 1.5, 1.5, 1.5], [1.5, 1.5, 1.5, 1.5]]","[[1.118033988749895, 1.118033988749895, 1.118033988749895, 1.118033988749895], [1.118033988749895, 1.118033988749895, 1.118033988749895, 1.118033988749895], [1.118033988749895, 1.118033988749895, 1.118033988749895, 1.118033988749895], [1.118033988749895, 1.118033988749895, 1.118033988749895, 1.118033988749895]]"
352,1152,-0.8215078675547833,0.23717298967081765,0.41805434887537407,0.16628052900859155,1.7237185056472633,2.057341442224153,2.057341442224153,1.7237185056472633,"[[1.5, 1.5, 1.5, 1.5], [1.5, 1.5, 1.5, 1.5], [1.5, 1.5, 1.5, 1.5], [1.5, 1.5, 1.5, 1.5]]","[[1.118033988749895, 1.118033988749895, 1.118033988749895, 1.118033988749895], [1.118033988749895, 1.118033988749895, 1.118033988749895, 1.118033988749895], [1.118033988749895, 1.118033988749895, 1.118033988749895, 1.118033988749895], [1.118033988749895, 1.118033988749895, 1.118033988749895, 1.118033988749895]]"
353,1152,-1.029961868906265,-0.6990298291340863,1.029961868906265,0.6990298291340863,2.057341442224153,2.057341442224153,2.057341442224153,2.057341442224153,"[[1.5, 1.5, 1.5, 1.5], [1.5, 1.5, 1.5, 1.5], [1.5, 1.5, 1.5, 1.5], [1.5, 1.5, 1.5, 1.5]]","[[1.118033988749895, 1.118033988749895, 1.118033988749895, 1.118033988749895], [1.118033988749895, 1.118033988749895, 1.118033988749895, 1.118033988749895], [1.118033988749895, 1.118033988749895, 1.118033988749895, 1.118033988749895], [1.118033988749895, 1.118033988749895, 1.118033988749895, 1.118033988749895]]"
354,1152,-0.9872453904817067,-0.5431267496862632,0.8735761173858481,0.6567960227821218,2.057341442224153,2.543874891398784,2.543874891398784,2.057341442224153,"[[1.5, 1.5, 1.5, 1.5], [1.5, 1.5, 1.5, 1.5], [1.5, 1.5, 1.5, 1.5], [1.5, 1.5, 1.5, 1.5]]","[[1.118033988749895, 1.118033988749895, 1.118033988749895, 1.118033988749895], [1.118033988749895, 1.118033988749895, 1.118033988749895, 1.118033988749895], [1.118033988749895, 1.118033988749895, 1.118033988749895, 1.118033988749895], [1.118033988749895, 1.118033988749895, 1.118033988749895, 1.118033988749895]]"
355,576,-0.8253623188405798,0.2427536231884058,0.4181159420289855,0.1644927536231884,2.0591304347826087,2.0591304347826087,2.0591304347826087,2.0591304347826087,"[[1.5, 1.5, 1.5, 1.5], [1.5, 1.5, 1.5, 1.5], [1.5, 1.5, 1.5, 1.5], [1.5, 1.5, 1.5, 1.5]]","[[1.118033988749895, 1.118033988749895, 1.118033988749895, 1.118033988749895], [1.118033988749895, 1.118033988749895, 1.118033988749895, 1.118033988749895], [1.118033988749895, 1.118033988749895, 1.118033988749895, 1.118033988749895], [1.118033988749895, 1.118033988749895, 1.118033988749895, 1.118033988749895]]"
356,576,-0.7809178743961352,0.19516908212560385,0.7809178743961352,-0.19516908212560385,2.0591304347826087,2.0591304347826087,2.0591304347826087,2.0591304347826087,"[[1.5, 1.5, 1.5, 1.5], [1.5, 1.5, 1.5, 1.5], [1.5, 1.5, 1.5, 1.5], [1.5, 1.5, 1.5, 1.5]]","[[1.118033988749895, 1.118033988749895, 1.118033988749895, 1.118033988749895], [1.118033988749895, 1.118033988749895, 1.118033988749895, 1.118033988749895], [1.118033988749895, 1.118033988749895, 1.118033988749895, 1.118033988749895], [1.118033988749895, 1.118033988749895, 1.118033988749895, 1.118033988749895]]"
357,1152,-0.415218650448885,0.028175982237667728,0.30348006564340185,0.08356260256781542,1.3483927019982624,2.057341442224153,2.057341442224153,1.3483927019982624,"[[1.5, 1.5, 1.5, 1.5], [1.5, 1.5, 1.5, 1.5], [1.5, 1.5, 1.5, 1.5], [1.5, 1.5, 1.5, 1.5]]","[[1.118033988749895, 1.118033988749895, 1.118033988749895, 1.118033988749895], [1.118033988749895, 1.118033988749895, 1.118033988749895, 1.118033988749895], [1.118033988749895, 1.118033988749895, 1.118033988749895, 1.118033988749895], [1.118033988749895, 1.118033988749895, 1.118033988749895, 1.118033988749895]]"
358,1152,-0.36797712134375904,0.18232937542233807,0.14799932425909837,0.037648421662322615,1.3483927019982624,2.543874891398784,2.543874891398784,1.3483927019982624,"[[1.5, 1.5, 1.5, 1.5], [1.5, 1.5, 1.5, 1.5], [1.5, 1.5, 1.5, 1.5], [1.5, 1.5, 1.5, 1.5]]","[[1.118033988749895, 1.118033988749895, 1.118033988749895, 1.118033988749895], [1.118033988749895, 1.118033988749895, 1.118033988749895, 1.118033988749895], [1.118033988749895, 1.118033988749895, 1.118033988749895, 1.118033988749895], [1.118033988749895, 1.118033988749895, 1.118033988749895, 1.118033988749895]]"
359,576,-0.6475845410628019,0.4671497584541063,0.8280193236714976,-0.6475845410628019,2.0591304347826087,2.893913043478261,2.893913043478261,2.0591304347826087,"[[1.5, 1.5, 1.5, 1.5], [1.5, 1.5, 1.5, 1.5], [1.5, 1.5, 1.5, 1.5], [1.5, 1.5, 1.5, 1.5]]","[[1.118033988749895, 1.118033988749895, 1.118033988749895, 1.118033988749895], [1.118033988749895, 1.118033988749895, 1.118033988749895, 1.118033988749895], [1.118033988749895, 1.118033988749895, 1.118033988749895, 1.118033988749895], [1.118033988749895, 1.118033988749895, 1.118033988749895, 1.118033988749895]]"
360,1152,-0.6875663674099817,0.5021599575248576,0.4702432667245873,-0.28483685683946325,2.057341442224153,2.947002606429192,2.947002606429192,2.057341442224153,"[[1.5, 1.5, 1.5, 1.5], [1.5, 1.5, 1.5, 1.5], [1.5, 1.5, 1.5, 1.5], [1.5, 1.5, 1.5, 1.5]]","[[1.118033988749895, 1.118033988749895, 1.118033988749895, 1.118033988749895], [1.118033988749895, 1.118033988749895, 1.118033988749895, 1.118033988749895], [1.118033988749895, 1.118033988749895, 1.118033988749895, 1.118033988749895], [1.118033988749895, 1.118033988749895, 1.118033988749895, 1.118033988749895]]"
361,1152,-0.6455738970943141,0.46119316536345206,0.8299546288251761,-0.6455738970943141,2.057341442224153,2.947002606429192,2.947002606429192,2.057341442224153,"[[1.5, 1.5, 1.5, 1.5], [1.5, 1.5, 1.5, 1.5], [1.5, 1.5, 1.5, 1.5], [1.5, 1.5, 1.5, 1.5]]","[[1.118033988749895, 1.118033988749895, 1.118033988749895, 1.118033988749895], [1.118033988749895, 1.118033988749895, 1.118033988749895, 1.118033988749895], [1.118033988749895, 1.118033988749895, 1.118033988749895, 1.118033988749895], [1.118033988749895, 1.118033988749895, 1.118033988749895, 1.118033988749895]]"
362,576,-0.9806763285024155,0.0,0.0,0.9806763285024155,2.0591304347826087,0.0,0.0,2.0591304347826087,"[[1.5, 1.5, 1.5, 1.5], [1.5, 1.5, 1.5, 1.5], [1.5, 1.5, 1.5, 1.5], [1.5, 1.5, 1.5, 1.5]]","[[1.118033988749895, 1.118033988749895, 1.118033988749895, 1.118033988749895], [1.118033988749895, 1.118033988749895, 1.118033988749895, 1.118033988749895], [1.118033988749895, 1.118033988749895, 1.118033988749895, 1.118033988749895], [1.118033988749895, 1.118033988749895, 1.118033988749895, 1.118033988749895]]"
363,1152,-0.8891422917270007,0.30402307172507,-0.30402307172507,0.8891422917270007,2.057341442224153,2.057341442224153,2.057341442224153,2.057341442224153,"[[1.5, 1.5, 1.5, 1.5], [1.5, 1.5, 1.5, 1.5], [1.5, 1.5, 1.5, 1.5], [1.5, 1.5, 1.5, 1.5]]","[[1.118033988749895, 1.118033988749895, 1.118033988749895, 1.118033988749895], [1.118033988749895, 1.118033988749895, 1.118033988749895, 1.118033988749895], [1.118033988749895, 1.118033988749895, 1.118033988749895, 1.118033988749895], [1.118033988749895, 1.118033988749895, 1.118033988749895, 1.118033988749895]]"
364,1152,-0.4114176078772082,0.026727966019886088,0.3007650352350613,0.08392460662226084,1.3483927019982624,2.057341442224153,2.057341442224153,1.3483927019982624,"[[1.5, 1.5, 1.5, 1.5], [1.5, 1.5, 1.5, 1.5], [1.5, 1.5, 1.5, 1.5], [1.5, 1.5, 1.5, 1.5]]","[[1.118033988749895, 1.118033988749895, 1.118033988749895, 1.118033988749895], [1.118033988749895, 1.118033988749895, 1.118033988749895, 1.118033988749895], [1.118033988749895, 1.118033988749895, 1.118033988749895, 1.118033988749895], [1.118033988749895, 1.118033988749895, 1.118033988749895, 1.118033988749895]]"
365,1152,-0.7608721884351771,0.7608721884351771,-0.4311468288444831,0.4311468288444831,2.057341442224153,2.057341442224153,2.057341442224153,2.057341442224153,"[[1.5, 1.5, 1.5, 1.5], [1.5, 1.5, 1.5, 1.5], [1.5, 1.5, 1.5, 1.5], [1.5, 1.5, 1.5, 1.5]]","[[1.118033988749895, 1.118033988749895, 1.118033988749895, 1.118033988749895], [1.118033988749895, 1.118033988749895, 1.118033988749895, 1.118033988749895], [1.118033988749895, 1.118033988749895, 1.118033988749895, 1.118033988749895], [1.118033988749895, 1.118033988749895, 1.118033988749895, 1.118033988749895]]"
366,1152,-0.3649000868809731,0.3649000868809731,-0.03644174148083792,0.03644174148083792,1.3483927019982624,1.3483927019982624,1.3483927019982624,1.3483927019982624,"[[1.5, 1.5, 1.5, 1.5], [1.5, 1.5, 1.5, 1.5], [1.5, 1.5, 1.5, 1.5], [1.5, 1.5, 1.5, 1.5]]","[[1.118033988749895, 1.118033988749895, 1.118033988749895, 1.118033988749895], [1.118033988749895, 1.118033988749895, 1.118033988749895, 1.118033988749895], [1.118033988749895, 1.118033988749895, 1.118033988749895, 1.118033988749895], [1.118033988749895, 1.118033988749895, 1.118033988749895, 1.118033988749895]]"
367,576,-0.9806763285024155,0.0,0.0,0.9806763285024155,2.0591304347826087,0.0,0.0,2.0591304347826087,"[[1.5, 1.5, 1.5, 1.5], [1.5, 1.5, 1.5, 1.5], [1.5, 1.5, 1.5, 1.5], [1.5, 1.5, 1.5, 1.5]]","[[1.118033988749895, 1.118033988749895, 1.118033988749895, 1.118033988749895], [1.118033988749895, 1.118033988749895, 1.118033988749895, 1.118033988749895], [1.118033988749895, 1.118033988749895, 1.118033988749895, 1.118033988749895], [1.118033988749895, 1.118033988749895, 1.118033988749895, 1.118033988749895]]"
368,1152,-0.41594265855777585,0.028718988319335843,0.3039024037069215,0.08332126653151849,1.3483927019982624,2.057341442224153,2.057341442224153,1.3483927019982624,"[[1.5, 1.5, 1.5, 1.5], [1.5, 1.5, 1.5, 1.5], [1.5, 1.5, 1.5, 1.5], [1.5, 1.5, 1.5, 1.5]]","[[1.118033988749895, 1.118033988749895, 1.118033988749895, 1.118033988749895], [1.118033988749895, 1.118033988749895, 1.118033988749895, 1.118033988749895], [1.118033988749895, 1.118033988749895, 1.118033988749895, 1.118033988749895], [1.118033988749895, 1.118033988749895, 1.118033988749895, 1.118033988749895]]"
369,1152,-0.7579158219905396,0.7579158219905396,-0.4282507964089198,0.4282507964089198,2.057341442224153,2.057341442224153,2.057341442224153,2.057341442224153,"[[1.5, 1.5, 1.5, 1.5], [1.5, 1.5, 1.5, 1.5], [1.5, 1.5, 1.5, 1.5], [1.5, 1.5, 1.5, 1.5]]","[[1.118033988749895, 1.118033988749895, 1.118033988749895, 1.118033988749895], [1.118033988749895, 1.118033988749895, 1.118033988749895, 1.118033988749895], [1.118033988749895, 1.118033988749895, 1.118033988749895, 1.118033988749895], [1.118033988749895, 1.118033988749895, 1.118033988749895, 1.118033988749895]]"
370,1152,-0.3679167873346848,0.3679167873346848,-0.039217105898252724,0.039217105898252724,1.3483927019982624,1.3483927019982624,1.3483927019982624,1.3483927019982624,"[[1.5, 1.5, 1.5, 1.5], [1.5, 1.5, 1.5, 1.5], [1.5, 1.5, 1.5, 1.5], [1.5, 1.5, 1.5, 1.5]]","[[1.118033988749895, 1.118033988749895, 1.118033988749895, 1.118033988749895], [1.118033988749895, 1.118033988749895, 1.118033988749895, 1.118033988749895], [1.118033988749895, 1.118033988749895, 1.118033988749895, 1.118033988749895], [1.118033988749895, 1.118033988749895, 1.118033988749895, 1.118033988749895]]"
371,1152,-0.9039241239501883,0.12066801814846993,0.21322038806834637,0.5700357177333719,2.057341442224153,1.3483927019982624,1.3483927019982624,2.057341442224153,"[[1.5, 1.5, 1.5, 1.5], [1.5, 1.5, 1.5, 1.5], [1.5, 1.5, 1.5, 1.5], [1.5, 1.5, 1.5, 1.5]]","[[1.118033988749895, 1.118033988749895, 1.118033988749895, 1.118033988749895], [1.118033988749895, 1.118033988749895, 1.118033988749895, 1.118033988749895], [1.118033988749895, 1.118033988749895, 1.118033988749895, 1.118033988749895], [1.118033988749895, 1.118033988749895, 1.118033988749895, 1.118033988749895]]"
372,1152,-0.8587942851626605,0.27512308137851144,0.0553866203301477,0.5282845834540013,2.057341442224153,2.057341442224153,2.057341442224153,2.057341442224153,"[[1.5, 1.5, 1.5, 1.5], [1.5, 1.5, 1.5, 1.5], [1.5, 1.5, 1.5, 1.5], [1.5, 1.5, 1.5, 1.5]]","[[1.118033988749895, 1.118033988749895, 1.118033988749895, 1.118033988749895], [1.118033988749895, 1.118033988749895, 1.118033988749895, 1.118033988749895], [1.118033988749895, 1.118033988749895, 1.118033988749895, 1.118033988749895], [1.118033988749895, 1.118033988749895, 1.118033988749895, 1.118033988749895]]"
373,1152,-0.7371005888599286,0.3499372526305628,0.6266290182450044,-0.2394656820156386,2.057341442224153,2.543874891398784,2.543874891398784,2.057341442224153,"[[1.5, 1.5, 1.5, 1.5], [1.5, 1.5, 1.5, 1.5], [1.5, 1.5, 1.5, 1.5], [1.5, 1.5, 1.5, 1.5]]","[[1.118033988749895, 1.118033988749895, 1.118033988749895, 1.118033988749895], [1.118033988749895, 1.118033988749895, 1.118033988749895, 1.118033988749895], [1.118033988749895, 1.118033988749895, 1.118033988749895, 1.118033988749895], [1.118033988749895, 1.118033988749895, 1.118033988749895, 1.118033988749895]]"
374,576,-0.7265700483091787,0.7265700483091787,-0.06956521739130435,0.06956521739130435,2.0591304347826087,2.0591304347826087,2.0591304347826087,2.0591304347826087,"[[1.5, 1.5, 1.5, 1.5], [1.5, 1.5, 1.5, 1.5], [1.5, 1.5, 1.5, 1.5], [1.5, 1.5, 1.5, 1.5]]","[[1.118033988749895, 1.118033988749895, 1.118033988749895, 1.118033988749895], [1.118033988749895, 1.118033988749895, 1.118033988749895, 1.118033988749895], [1.118033988749895, 1.118033988749895, 1.118033988749895, 1.118033988749895], [1.118033988749895, 1.118033988749895, 1.118033988749895, 1.118033988749895]]"
375,1152,-0.6886523795733179,0.6886523795733179,0.28326817260353315,-0.28326817260353315,2.057341442224153,2.057341442224153,2.057341442224153,2.057341442224153,"[[1.5, 1.5, 1.5, 1.5], [1.5, 1.5, 1.5, 1.5], [1.5, 1.5, 1.5, 1.5], [1.5, 1.5, 1.5, 1.5]]","[[1.118033988749895, 1.118033988749895, 1.118033988749895, 1.118033988749895], [1.118033988749895, 1.118033988749895, 1.118033988749895, 1.118033988749895], [1.118033988749895, 1.118033988749895, 1.118033988749895, 1.118033988749895], [1.118033988749895, 1.118033988749895, 1.118033988749895, 1.118033988749895]]"
376,1152,-0.4585384689641857,-0.12971811950960518,0.4585384689641857,0.12971811950960518,1.3483927019982624,1.3483927019982624,1.3483927019982624,1.3483927019982624,"[[1.5, 1.5, 1.5, 1.5], [1.5, 1.5, 1.5, 1.5], [1.5, 1.5, 1.5, 1.5], [1.5, 1.5, 1.5, 1.5]]","[[1.118033988749895, 1.118033988749895, 1.118033988749895, 1.118033988749895], [1.118033988749895, 1.118033988749895, 1.118033988749895, 1.118033988749895], [1.118033988749895, 1.118033988749895, 1.118033988749895, 1.118033988749895], [1.118033988749895, 1.118033988749895, 1.118033988749895, 1.118033988749895]]"
377,1152,-0.4155806545033304,0.027391640119702673,0.30553142195192584,0.0826575924317019,1.3483927019982624,2.057341442224153,2.057341442224153,1.3483927019982624,"[[1.5, 1.5, 1.5, 1.5], [1.5, 1.5, 1.5, 1.5], [1.5, 1.5, 1.5, 1.5], [1.5, 1.5, 1.5, 1.5]]","[[1.118033988749895, 1.118033988749895, 1.118033988749895, 1.118033988749895], [1.118033988749895, 1.118033988749895, 1.118033988749895, 1.118033988749895], [1.118033988749895, 1.118033988749895, 1.118033988749895, 1.118033988749895], [1.118033988749895, 1.118033988749895, 1.118033988749895, 1.118033988749895]]"
378,1152,-0.6876267014190559,0.6876267014190559,0.2842938507577952,-0.2842938507577952,2.057341442224153,2.057341442224153,2.057341442224153,2.057341442224153,"[[1.5, 1.5, 1.5, 1.5], [1.5, 1.5, 1.5, 1.5], [1.5, 1.5, 1.5, 1.5], [1.5, 1.5, 1.5, 1.5]]","[[1.118033988749895, 1.118033988749895, 1.118033988749895, 1.118033988749895], [1.118033988749895, 1.118033988749895, 1.118033988749895, 1.118033988749895], [1.118033988749895, 1.118033988749895, 1.118033988749895, 1.118033988749895], [1.118033988749895, 1.118033988749895, 1.118033988749895, 1.118033988749895]]"
379,576,-0.648792270531401,0.648792270531401,0.648792270531401,-0.648792270531401,2.0591304347826087,2.0591304347826087,2.0591304347826087,2.0591304347826087,"[[1.5, 1.5, 1.5, 1.5], [1.5, 1.5, 1.5, 1.5], [1.5, 1.5, 1.5, 1.5], [1.5, 1.5, 1.5, 1.5]]","[[1.118033988749895, 1.118033988749895, 1.118033988749895, 1.118033988749895], [1.118033988749895, 1.118033988749895, 1.118033988749895, 1.118033988749895], [1.118033988749895, 1.118033988749895, 1.118033988749895, 1.118033988749895], [1.118033988749895, 1.118033988749895, 1.118033988749895, 1.118033988749895]]"
380,288,-1.9318621757646148,0.0,0.0,1.9318621757646148,2.8989547038327528,0.0,0.0,2.8989547038327528,"[[1.5, 1.5, 1.5, 1.5], [1.5, 1.5, 1.5, 1.5], [1.5, 1.5, 1.5, 1.5], [1.5, 1.5, 1.5, 1.5]]","[[1.118033988749895, 1.118033988749895, 1.118033988749895, 1.118033988749895], [1.118033988749895, 1.118033988749895, 1.118033988749895, 1.118033988749895], [1.118033988749895, 1.118033988749895, 1.118033988749895, 1.118033988749895], [1.118033988749895, 1.118033988749895, 1.118033988749895, 1.118033988749895]]"
381,1152,-1.427985326768993,-0.1232020465295878,0.452444734047688,1.098742639250893,2.543874891398784,1.3483927019982624,1.3483927019982624,2.543874891398784,"[[1.5, 1.5, 1.5, 1.5], [1.5, 1.5, 1.5, 1.5], [1.5, 1.5, 1.5, 1.5], [1.5, 1.5, 1.5, 1.5]]","[[1.118033988749895, 1.118033988749895, 1.118033988749895, 1.118033988749895], [1.118033988749895, 1.118033988749895, 1.118033988749895, 1.118033988749895], [1.118033988749895, 1.118033988749895, 1.118033988749895, 1.118033988749895], [1.118033988749895, 1.118033988749895, 1.118033988749895, 1.118033988749895]]"
382,576,-0.8219806763285025,0.23840579710144927,0.4214975845410628,0.16207729468599033,2.0591304347826087,2.0591304347826087,2.0591304347826087,2.0591304347826087,"[[1.5, 1.5, 1.5, 1.5], [1.5, 1.5, 1.5, 1.5], [1.5, 1.5, 1.5, 1.5], [1.5, 1.5, 1.5, 1.5]]","[[1.118033988749895, 1.118033988749895, 1.118033988749895, 1.118033988749895], [1.118033988749895, 1.118033988749895, 1.118033988749895, 1.118033988749895], [1.118033988749895, 1.118033988749895, 1.118033988749895, 1.118033988749895], [1.118033988749895, 1.118033988749895, 1.118033988749895, 1.118033988749895]]"
383,576,-0.9091787439613527,-0.25217391304347825,0.9091787439613527,0.25217391304347825,2.0591304347826087,2.0591304347826087,2.0591304347826087,2.0591304347826087,"[[1.5, 1.5, 1.5, 1.5], [1.5, 1.5, 1.5, 1.5], [1.5, 1.5, 1.5, 1.5], [1.5, 1.5, 1.5, 1.5]]","[[1.118033988749895, 1.118033988749895, 1.118033988749895, 1.118033988749895], [1.118033988749895, 1.118033988749895, 1.118033988749895, 1.118033988749895], [1.118033988749895, 1.118033988749895, 1.118033988749895, 1.118033988749895], [1.118033988749895, 1.118033988749895, 1.118033988749895, 1.118033988749895]]"
384,576,-1.7439613526570048,0.7714975845410628,-0.7714975845410628,1.7439613526570048,2.893913043478261,2.0591304347826087,2.0591304347826087,2.893913043478261,"[[1.5, 1.5, 1.5, 1.5], [1.5, 1.5, 1.5, 1.5], [1.5, 1.5, 1.5, 1.5], [1.5, 1.5, 1.5, 1.5]]","[[1.118033988749895, 1.118033988749895, 1.118033988749895, 1.118033988749895], [1.118033988749895, 1.118033988749895, 1.118033988749895, 1.118033988749895], [1.118033988749895, 1.118033988749895, 1.118033988749895, 1.118033988749895], [1.118033988749895, 1.118033988749895, 1.118033988749895, 1.118033988749895]]"
385,1152,-1.3365793030215272,0.3613403803455932,-0.03372671107249735,1.0089656337484314,2.543874891398784,1.3483927019982624,1.3483927019982624,2.543874891398784,"[[1.5, 1.5, 1.5, 1.5], [1.5, 1.5, 1.5, 1.5], [1.5, 1.5, 1.5, 1.5], [1.5, 1.5, 1.5, 1.5]]","[[1.118033988749895, 1.118033988749895, 1.118033988749895, 1.118033988749895], [1.118033988749895, 1.118033988749895, 1.118033988749895, 1.118033988749895], [1.118033988749895, 1.118033988749895, 1.118033988749895, 1.118033988749895], [1.118033988749895, 1.118033988749895, 1.118033988749895, 1.118033988749895]]"
386,1152,-0.904889468095376,0.12066801814846993,0.21068635968722849,0.5735350902596775,2.057341442224153,1.3483927019982624,1.3483927019982624,2.057341442224153,"[[1.5, 1.5, 1.5, 1.5], [1.5, 1.5, 1.5, 1.5], [1.5, 1.5, 1.5, 1.5], [1.5, 1.5, 1.5, 1.5]]","[[1.118033988749895, 1.118033988749895, 1.118033988749895, 1.118033988749895], [1.118033988749895, 1.118033988749895, 1.118033988749895, 1.118033988749895], [1.118033988749895, 1.118033988749895, 1.118033988749895, 1.118033988749895], [1.118033988749895, 1.118033988749895, 1.118033988749895, 1.118033988749895]]"
387,1152,-0.7651559030794478,0.5719060720146733,-0.2424220484602761,0.43567187952505065,2.057341442224153,2.947002606429192,2.947002606429192,2.057341442224153,"[[1.5, 1.5, 1.5, 1.5], [1.5, 1.5, 1.5, 1.5], [1.5, 1.5, 1.5, 1.5], [1.5, 1.5, 1.5, 1.5]]","[[1.118033988749895, 1.118033988749895, 1.118033988749895, 1.118033988749895], [1.118033988749895, 1.118033988749895, 1.118033988749895, 1.118033988749895], [1.118033988749895, 1.118033988749895, 1.118033988749895, 1.118033988749895], [1.118033988749895, 1.118033988749895, 1.118033988749895, 1.118033988749895]]"
388,1152,-0.7279298194806448,0.5405927213051452,0.11270392895067091,0.07463316922482865,2.057341442224153,2.947002606429192,2.947002606429192,2.057341442224153,"[[1.5, 1.5, 1.5, 1.5], [1.5, 1.5, 1.5, 1.5], [1.5, 1.5, 1.5, 1.5], [1.5, 1.5, 1.5, 1.5]]","[[1.118033988749895, 1.118033988749895, 1.118033988749895, 1.118033988749895], [1.118033988749895, 1.118033988749895, 1.118033988749895, 1.118033988749895], [1.118033988749895, 1.118033988749895, 1.118033988749895, 1.118033988749895], [1.118033988749895, 1.118033988749895, 1.118033988749895, 1.118033988749895]]"
389,1152,-1.2454749493194324,0.659390385172314,-0.3297253595906941,0.9158099237378126,2.543874891398784,2.543874891398784,2.543874891398784,2.543874891398784,"[[1.5, 1.5, 1.5, 1.5], [1.5, 1.5, 1.5, 1.5], [1.5, 1.5, 1.5, 1.5], [1.5, 1.5, 1.5, 1.5]]","[[1.118033988749895, 1.118033988749895, 1.118033988749895, 1.118033988749895], [1.118033988749895, 1.118033988749895, 1.118033988749895, 1.118033988749895], [1.118033988749895, 1.118033988749895, 1.118033988749895, 1.118033988749895], [1.118033988749895, 1.118033988749895, 1.118033988749895, 1.118033988749895]]"
390,1152,-0.8199391833188532,0.23566463944396177,0.4166666666666667,0.16760787720822473,2.057341442224153,1.7237185056472633,1.7237185056472633,2.057341442224153,"[[1.5, 1.5, 1.5, 1.5], [1.5, 1.5, 1.5, 1.5], [1.5, 1.5, 1.5, 1.5], [1.5, 1.5, 1.5, 1.5]]","[[1.118033988749895, 1.118033988749895, 1.118033988749895, 1.118033988749895], [1.118033988749895, 1.118033988749895, 1.118033988749895, 1.118033988749895], [1.118033988749895, 1.118033988749895, 1.118033988749895, 1.118033988749895], [1.118033988749895, 1.118033988749895, 1.118033988749895, 1.118033988749895]]"
391,1152,-0.41232261801332176,0.026969302056183028,0.30100637127135826,0.08434694468578048,1.3483927019982624,2.057341442224153,2.057341442224153,1.3483927019982624,"[[1.5, 1.5, 1.5, 1.5], [1.5, 1.5, 1.5, 1.5], [1.5, 1.5, 1.5, 1.5], [1.5, 1.5, 1.5, 1.5]]","[[1.118033988749895, 1.118033988749895, 1.118033988749895, 1.118033988749895], [1.118033988749895, 1.118033988749895, 1.118033988749895, 1.118033988749895], [1.118033988749895, 1.118033988749895, 1.118033988749895, 1.118033988749895], [1.118033988749895, 1.118033988749895, 1.118033988749895, 1.118033988749895]]"
392,1152,-0.3209165942658558,0.33231972198088616,-0.0004826720725938797,-0.010920455642436528,1.3483927019982624,2.947002606429192,2.947002606429192,1.3483927019982624,"[[1.5, 1.5, 1.5, 1.5], [1.5, 1.5, 1.5, 1.5], [1.5, 1.5, 1.5, 1.5], [1.5, 1.5, 1.5, 1.5]]","[[1.118033988749895, 1.118033988749895, 1.118033988749895, 1.118033988749895], [1.118033988749895, 1.118033988749895, 1.118033988749895, 1.118033988749895], [1.118033988749895, 1.118033988749895, 1.118033988749895, 1.118033988749895], [1.118033988749895, 1.118033988749895, 1.118033988749895, 1.118033988749895]]"
393,1152,-0.6423158606043055,0.6557703446278599,0.3161502075489912,-0.3296046915725456,2.057341442224153,3.2945264986967855,3.2945264986967855,2.057341442224153,"[[1.5, 1.5, 1.5, 1.5], [1.5, 1.5, 1.5, 1.5], [1.5, 1.5, 1.5, 1.5], [1.5, 1.5, 1.5, 1.5]]","[[1.118033988749895, 1.118033988749895, 1.118033988749895, 1.118033988749895], [1.118033988749895, 1.118033988749895, 1.118033988749895, 1.118033988749895], [1.118033988749895, 1.118033988749895, 1.118033988749895, 1.118033988749895], [1.118033988749895, 1.118033988749895, 1.118033988749895, 1.118033988749895]]"
394,1152,-0.808837725649194,0.4228810696013129,-0.09345738005598996,0.479414036103871,2.057341442224153,2.543874891398784,2.543874891398784,2.057341442224153,"[[1.5, 1.5, 1.5, 1.5], [1.5, 1.5, 1.5, 1.5], [1.5, 1.5, 1.5, 1.5], [1.5, 1.5, 1.5, 1.5]]","[[1.118033988749895, 1.118033988749895, 1.118033988749895, 1.118033988749895], [1.118033988749895, 1.118033988749895, 1.118033988749895, 1.118033988749895], [1.118033988749895, 1.118033988749895, 1.118033988749895, 1.118033988749895], [1.118033988749895, 1.118033988749895, 1.118033988749895, 1.118033988749895]]"
395,576,-0.9821256038647344,0.0,0.0,0.9821256038647344,2.0591304347826087,0.0,0.0,2.0591304347826087,"[[1.5, 1.5, 1.5, 1.5], [1.5, 1.5, 1.5, 1.5], [1.5, 1.5, 1.5, 1.5], [1.5, 1.5, 1.5, 1.5]]","[[1.118033988749895, 1.118033988749895, 1.118033988749895, 1.118033988749895], [1.118033988749895, 1.118033988749895, 1.118033988749895, 1.118033988749895], [1.118033988749895, 1.118033988749895, 1.118033988749895, 1.118033988749895], [1.118033988749895, 1.118033988749895, 1.118033988749895, 1.118033988749895]]"
396,576,-0.7879227053140097,0.7879227053140097,-0.7879227053140097,0.7879227053140097,2.0591304347826087,2.0591304347826087,2.0591304347826087,2.0591304347826087,"[[1.5, 1.5, 1.5, 1.5], [1.5, 1.5, 1.5, 1.5], [1.5, 1.5, 1.5, 1.5], [1.5, 1.5, 1.5, 1.5]]","[[1.118033988749895, 1.118033988749895, 1.118033988749895, 1.118033988749895], [1.118033988749895, 1.118033988749895, 1.118033988749895, 1.118033988749895], [1.118033988749895, 1.118033988749895, 1.118033988749895, 1.118033988749895], [1.118033988749895, 1.118033988749895, 1.118033988749895, 1.118033988749895]]"
397,1152,-0.45739212279177527,-0.12989912153682787,0.45739212279177527,0.12989912153682787,1.3483927019982624,1.3483927019982624,1.3483927019982624,1.3483927019982624,"[[1.5, 1.5, 1.5, 1.5], [1.5, 1.5, 1.5, 1.5], [1.5, 1.5, 1.5, 1.5], [1.5, 1.5, 1.5, 1.5]]","[[1.118033988749895, 1.118033988749895, 1.118033988749895, 1.118033988749895], [1.118033988749895, 1.118033988749895, 1.118033988749895, 1.118033988749895], [1.118033988749895, 1.118033988749895, 1.118033988749895, 1.118033988749895], [1.118033988749895, 1.118033988749895, 1.118033988749895, 1.118033988749895]]"
398,1152,-0.3664687711169032,0.3664687711169032,-0.039217105898252724,0.039217105898252724,1.3483927019982624,1.3483927019982624,1.3483927019982624,1.3483927019982624,"[[1.5, 1.5, 1.5, 1.5], [1.5, 1.5, 1.5, 1.5], [1.5, 1.5, 1.5, 1.5], [1.5, 1.5, 1.5, 1.5]]","[[1.118033988749895, 1.118033988749895, 1.118033988749895, 1.118033988749895], [1.118033988749895, 1.118033988749895, 1.118033988749895, 1.118033988749895], [1.118033988749895, 1.118033988749895, 1.118033988749895, 1.118033988749895], [1.118033988749895, 1.118033988749895, 1.118033988749895, 1.118033988749895]]"
399,576,-0.6864734299516908,0.6864734299516908,0.28405797101449276,-0.28405797101449276,2.0591304347826087,2.0591304347826087,2.0591304347826087,2.0591304347826087,"[[1.5, 1.5, 1.5, 1.5], [1.5, 1.5, 1.5, 1.5], [1.5, 1.5, 1.5, 1.5], [1.5, 1.5, 1.5, 1.5]]","[[1.118033988749895, 1.118033988749895, 1.118033988749895, 1.118033988749895], [1.118033988749895, 1.118033988749895, 1.118033988749895, 1.118033988749895], [1.118033988749895, 1.118033988749895, 1.118033988749895, 1.118033988749895], [1.118033988749895, 1.118033988749895, 1.118033988749895, 1.118033988749895]]"
400,1152,-0.9036224539048171,0.12109035621198957,0.21008301959648615,0.5724490780963414,2.057341442224153,1.3483927019982624,1.3483927019982624,2.057341442224153,"[[1.5, 1.5, 1.5, 1.5], [1.5, 1.5, 1.5, 1.5], [1.5, 1.5, 1.5, 1.5], [1.5, 1.5, 1.5, 1.5]]","[[1.118033988749895, 1.118033988749895, 1.118033988749895, 1.118033988749895], [1.118033988749895, 1.118033988749895, 1.118033988749895, 1.118033988749895], [1.118033988749895, 1.118033988749895, 1.118033988749895, 1.118033988749895], [1.118033988749895, 1.118033988749895, 1.118033988749895, 1.118033988749895]]"
401,1152,-0.8190945071918139,0.23566463944396177,0.4166666666666667,0.16676320108118545,1.7237185056472633,2.057341442224153,2.057341442224153,1.7237185056472633,"[[1.5, 1.5, 1.5, 1.5], [1.5, 1.5, 1.5, 1.5], [1.5, 1.5, 1.5, 1.5], [1.5, 1.5, 1.5, 1.5]]","[[1.118033988749895, 1.118033988749895, 1.118033988749895, 1.118033988749895], [1.118033988749895, 1.118033988749895, 1.118033988749895, 1.118033988749895], [1.118033988749895, 1.118033988749895, 1.118033988749895, 1.118033988749895], [1.118033988749895, 1.118033988749895, 1.118033988749895, 1.118033988749895]]"
402,1152,-1.139347427357853,1.139347427357853,-0.810406409885124,0.810406409885124,2.543874891398784,2.543874891398784,2.543874891398784,2.543874891398784,"[[1.5, 1.5, 1.5, 1.5], [1.5, 1.5, 1.5, 1.5], [1.5, 1.5, 1.5, 1.5], [1.5, 1.5, 1.5, 1.5]]","[[1.118033988749895, 1.118033988749895, 1.118033988749895, 1.118033988749895], [1.118033988749895, 1.118033988749895, 1.118033988749895, 1.118033988749895], [1.118033988749895, 1.118033988749895, 1.118033988749895, 1.118033988749895], [1.118033988749895, 1.118033988749895, 1.118033988749895, 1.118033988749895]]"
403,576,-0.7265700483091787,0.7265700483091787,-0.06956521739130435,0.06956521739130435,1.7252173913043478,1.7252173913043478,1.7252173913043478,1.7252173913043478,"[[1.5, 1.5, 1.5, 1.5], [1.5, 1.5, 1.5, 1.5], [1.5, 1.5, 1.5, 1.5], [1.5, 1.5, 1.5, 1.5]]","[[1.118033988749895, 1.118033988749895, 1.118033988749895, 1.118033988749895], [1.118033988749895, 1.118033988749895, 1.118033988749895, 1.118033988749895], [1.118033988749895, 1.118033988749895, 1.118033988749895, 1.118033988749895], [1.118033988749895, 1.118033988749895, 1.118033988749895, 1.118033988749895]]"
404,576,-1.0814009661835748,1.0814009661835748,-0.1070048309178744,0.1070048309178744,2.546086956521739,2.546086956521739,2.546086956521739,2.546086956521739,"[[1.5, 1.5, 1.5, 1.5], [1.5, 1.5, 1.5, 1.5], [1.5, 1.5, 1.5, 1.5], [1.5, 1.5, 1.5, 1.5]]","[[1.118033988749895, 1.118033988749895, 1.118033988749895, 1.118033988749895], [1.118033988749895, 1.118033988749895, 1.118033988749895, 1.118033988749895], [1.118033988749895, 1.118033988749895, 1.118033988749895, 1.118033988749895], [1.118033988749895, 1.118033988749895, 1.118033988749895, 1.118033988749895]]"
405,576,-0.9101449275362319,-0.25217391304347825,0.9101449275362319,0.25217391304347825,1.7252173913043478,1.7252173913043478,1.7252173913043478,1.7252173913043478,"[[1.5, 1.5, 1.5, 1.5], [1.5, 1.5, 1.5, 1.5], [1.5, 1.5, 1.5, 1.5], [1.5, 1.5, 1.5, 1.5]]","[[1.118033988749895, 1.118033988749895, 1.118033988749895, 1.118033988749895], [1.118033988749895, 1.118033988749895, 1.118033988749895, 1.118033988749895], [1.118033988749895, 1.118033988749895, 1.118033988749895, 1.118033988749895], [1.118033988749895, 1.118033988749895, 1.118033988749895, 1.118033988749895]]"
406,576,-0.9840579710144928,-0.1782608695652174,0.1782608695652174,0.9840579710144928,2.0591304347826087,2.0591304347826087,2.0591304347826087,2.0591304347826087,"[[1.5, 1.5, 1.5, 1.5], [1.5, 1.5, 1.5, 1.5], [1.5, 1.5, 1.5, 1.5], [1.5, 1.5, 1.5, 1.5]]","[[1.118033988749895, 1.118033988749895, 1.118033988749895, 1.118033988749895], [1.118033988749895, 1.118033988749895, 1.118033988749895, 1.118033988749895], [1.118033988749895, 1.118033988749895, 1.118033988749895, 1.118033988749895], [1.118033988749895, 1.118033988749895, 1.118033988749895, 1.118033988749895]]"
407,1152,-0.45787479486436916,-0.30607442803359397,0.6353171155516942,0.12863210734626895,1.3483927019982624,2.543874891398784,2.543874891398784,1.3483927019982624,"[[1.5, 1.5, 1.5, 1.5], [1.5, 1.5, 1.5, 1.5], [1.5, 1.5, 1.5, 1.5], [1.5, 1.5, 1.5, 1.5]]","[[1.118033988749895, 1.118033988749895, 1.118033988749895, 1.118033988749895], [1.118033988749895, 1.118033988749895, 1.118033988749895, 1.118033988749895], [1.118033988749895, 1.118033988749895, 1.118033988749895, 1.118033988749895], [1.118033988749895, 1.118033988749895, 1.118033988749895, 1.118033988749895]]"
408,1152,-0.8613283135437784,0.2748817453422145,0.05719664060237475,0.5292499275991891,2.057341442224153,2.057341442224153,2.057341442224153,2.057341442224153,"[[1.5, 1.5, 1.5, 1.5], [1.5, 1.5, 1.5, 1.5], [1.5, 1.5, 1.5, 1.5], [1.5, 1.5, 1.5, 1.5]]","[[1.118033988749895, 1.118033988749895, 1.118033988749895, 1.118033988749895], [1.118033988749895, 1.118033988749895, 1.118033988749895, 1.118033988749895], [1.118033988749895, 1.118033988749895, 1.118033988749895, 1.118033988749895], [1.118033988749895, 1.118033988749895, 1.118033988749895, 1.118033988749895]]"
409,1152,-0.4139516362583261,0.02769331016507385,0.3033593976252534,0.08289892846799884,1.3483927019982624,2.057341442224153,2.057341442224153,1.3483927019982624,"[[1.5, 1.5, 1.5, 1.5], [1.5, 1.5, 1.5, 1.5], [1.5, 1.5, 1.5, 1.5], [1.5, 1.5, 1.5, 1.5]]","[[1.118033988749895, 1.118033988749895, 1.118033988749895, 1.118033988749895], [1.118033988749895, 1.118033988749895, 1.118033988749895, 1.118033988749895], [1.118033988749895, 1.118033988749895, 1.118033988749895, 1.118033988749895], [1.118033988749895, 1.118033988749895, 1.118033988749895, 1.118033988749895]]"
410,288,-1.145954316686024,-1.145954316686024,1.145954316686024,1.145954316686024,2.062717770034843,2.062717770034843,2.062717770034843,2.062717770034843,"[[1.5, 1.5, 1.5, 1.5], [1.5, 1.5, 1.5, 1.5], [1.5, 1.5, 1.5, 1.5], [1.5, 1.5, 1.5, 1.5]]","[[1.118033988749895, 1.118033988749895, 1.118033988749895, 1.118033988749895], [1.118033988749895, 1.118033988749895, 1.118033988749895, 1.118033988749895], [1.118033988749895, 1.118033988749895, 1.118033988749895, 1.118033988749895], [1.118033988749895, 1.118033988749895, 1.118033988749895, 1.118033988749895]]"
411,1152,-0.49944492711651706,-0.6316367409981658,0.9619654406796023,0.16911622743508062,1.3483927019982624,2.947002606429192,2.947002606429192,1.3483927019982624,"[[1.5, 1.5, 1.5, 1.5], [1.5, 1.5, 1.5, 1.5], [1.5, 1.5, 1.5, 1.5], [1.5, 1.5, 1.5, 1.5]]","[[1.118033988749895, 1.118033988749895, 1.118033988749895, 1.118033988749895], [1.118033988749895, 1.118033988749895, 1.118033988749895, 1.118033988749895], [1.118033988749895, 1.118033988749895, 1.118033988749895, 1.118033988749895], [1.118033988749895, 1.118033988749895, 1.118033988749895, 1.118033988749895]]"
412,1152,-0.45926247707307655,-0.12887344338256587,0.45926247707307655,0.12887344338256587,1.3483927019982624,1.3483927019982624,1.3483927019982624,1.3483927019982624,"[[1.5, 1.5, 1.5, 1.5], [1.5, 1.5, 1.5, 1.5], [1.5, 1.5, 1.5, 1.5], [1.5, 1.5, 1.5, 1.5]]","[[1.118033988749895, 1.118033988749895, 1.118033988749895, 1.118033988749895], [1.118033988749895, 1.118033988749895, 1.118033988749895, 1.118033988749895], [1.118033988749895, 1.118033988749895, 1.118033988749895, 1.118033988749895], [1.118033988749895, 1.118033988749895, 1.118033988749895, 1.118033988749895]]"
413,576,-0.7318840579710145,0.7318840579710145,-0.07391304347826087,0.07391304347826087,2.0591304347826087,2.0591304347826087,2.0591304347826087,2.0591304347826087,"[[1.5, 1.5, 1.5, 1.5], [1.5, 1.5, 1.5, 1.5], [1.5, 1.5, 1.5, 1.5], [1.5, 1.5, 1.5, 1.5]]","[[1.118033988749895, 1.118033988749895, 1.118033988749895, 1.118033988749895], [1.118033988749895, 1.118033988749895, 1.118033988749895, 1.118033988749895], [1.118033988749895, 1.118033988749895, 1.118033988749895, 1.118033988749895], [1.118033988749895, 1.118033988749895, 1.118033988749895, 1.118033988749895]]"
414,1152,-0.41371030022202915,0.02805531421951926,0.3023337194709914,0.08332126653151849,1.3483927019982624,2.057341442224153,2.057341442224153,1.3483927019982624,"[[1.5, 1.5, 1.5, 1.5], [1.5, 1.5, 1.5, 1.5], [1.5, 1.5, 1.5, 1.5], [1.5, 1.5, 1.5, 1.5]]","[[1.118033988749895, 1.118033988749895, 1.118033988749895, 1.118033988749895], [1.118033988749895, 1.118033988749895, 1.118033988749895, 1.118033988749895], [1.118033988749895, 1.118033988749895, 1.118033988749895, 1.118033988749895], [1.118033988749895, 1.118033988749895, 1.118033988749895, 1.118033988749895]]"
415,288,-0.6504065040650406,0.6504065040650406,0.6504065040650406,-0.6504065040650406,2.062717770034843,2.062717770034843,2.062717770034843,2.062717770034843,"[[1.5, 1.5, 1.5, 1.5], [1.5, 1.5, 1.5, 1.5], [1.5, 1.5, 1.5, 1.5], [1.5, 1.5, 1.5, 1.5]]","[[1.118033988749895, 1.118033988749895, 1.118033988749895, 1.118033988749895], [1.118033988749895, 1.118033988749895, 1.118033988749895, 1.118033988749895], [1.118033988749895, 1.118033988749895, 1.118033988749895, 1.118033988749895], [1.118033988749895, 1.118033988749895, 1.118033988749895, 1.118033988749895]]"
416,576,-0.7932367149758454,0.5980676328502416,-0.5980676328502416,0.7932367149758454,2.0591304347826087,2.893913043478261,2.893913043478261,2.0591304347826087,"[[1.5, 1.5, 1.5, 1.5], [1.5, 1.5, 1.5, 1.5], [1.5, 1.5, 1.5, 1.5], [1.5, 1.5, 1.5, 1.5]]","[[1.118033988749895, 1.118033988749895, 1.118033988749895, 1.118033988749895], [1.118033988749895, 1.118033988749895, 1.118033988749895, 1.118033988749895], [1.118033988749895, 1.118033988749895, 1.118033988749895, 1.118033988749895], [1.118033988749895, 1.118033988749895, 1.118033988749895, 1.118033988749895]]"
417,1152,-0.3655034269717154,0.17870933487788396,0.1489043343952119,0.03788975769861956,1.3483927019982624,2.543874891398784,2.543874891398784,1.3483927019982624,"[[1.5, 1.5, 1.5, 1.5], [1.5, 1.5, 1.5, 1.5], [1.5, 1.5, 1.5, 1.5], [1.5, 1.5, 1.5, 1.5]]","[[1.118033988749895, 1.118033988749895, 1.118033988749895, 1.118033988749895], [1.118033988749895, 1.118033988749895, 1.118033988749895, 1.118033988749895], [1.118033988749895, 1.118033988749895, 1.118033988749895, 1.118033988749895], [1.118033988749895, 1.118033988749895, 1.118033988749895, 1.118033988749895]]"
418,1152,-0.7156820156385751,0.7185177140650642,-0.38710300222029154,0.3842673037938025,2.057341442224153,3.2945264986967855,3.2945264986967855,2.057341442224153,"[[1.5, 1.5, 1.5, 1.5], [1.5, 1.5, 1.5, 1.5], [1.5, 1.5, 1.5, 1.5], [1.5, 1.5, 1.5, 1.5]]","[[1.118033988749895, 1.118033988749895, 1.118033988749895, 1.118033988749895], [1.118033988749895, 1.118033988749895, 1.118033988749895, 1.118033988749895], [1.118033988749895, 1.118033988749895, 1.118033988749895, 1.118033988749895], [1.118033988749895, 1.118033988749895, 1.118033988749895, 1.118033988749895]]"
419,1152,-0.31964958007529687,0.33189738391736656,-0.003982044598899508,-0.00826575924317019,1.3483927019982624,2.947002606429192,2.947002606429192,1.3483927019982624,"[[1.5, 1.5, 1.5, 1.5], [1.5, 1.5, 1.5, 1.5], [1.5, 1.5, 1.5, 1.5], [1.5, 1.5, 1.5, 1.5]]","[[1.118033988749895, 1.118033988749895, 1.118033988749895, 1.118033988749895], [1.118033988749895, 1.118033988749895, 1.118033988749895, 1.118033988749895], [1.118033988749895, 1.118033988749895, 1.118033988749895, 1.118033988749895], [1.118033988749895, 1.118033988749895, 1.118033988749895, 1.118033988749895]]"
420,1152,-0.45612510860121636,-0.47585432956849116,0.8054590211410367,0.12652041702867073,1.3483927019982624,3.2945264986967855,3.2945264986967855,1.3483927019982624,"[[1.5, 1.5, 1.5, 1.5], [1.5, 1.5, 1.5, 1.5], [1.5, 1.5, 1.5, 1.5], [1.5, 1.5, 1.5, 1.5]]","[[1.118033988749895, 1.118033988749895, 1.118033988749895, 1.118033988749895], [1.118033988749895, 1.118033988749895, 1.118033988749895, 1.118033988749895], [1.118033988749895, 1.118033988749895, 1.118033988749895, 1.118033988749895], [1.118033988749895, 1.118033988749895, 1.118033988749895, 1.118033988749895]]"
421,576,-0.6326086956521739,0.8432367149758454,-0.1891304347826087,-0.021497584541062802,2.0591304347826087,3.617391304347826,3.617391304347826,2.0591304347826087,"[[1.5, 1.5, 1.5, 1.5], [1.5, 1.5, 1.5, 1.5], [1.5, 1.5, 1.5, 1.5], [1.5, 1.5, 1.5, 1.5]]","[[1.118033988749895, 1.118033988749895, 1.118033988749895, 1.118033988749895], [1.118033988749895, 1.118033988749895, 1.118033988749895, 1.118033988749895], [1.118033988749895, 1.118033988749895, 1.118033988749895, 1.118033988749895], [1.118033988749895, 1.118033988749895, 1.118033988749895, 1.118033988749895]]"
422,576,-0.5937198067632851,0.8082125603864734,0.1647342995169082,-0.37922705314009664,2.0591304347826087,3.617391304347826,3.617391304347826,2.0591304347826087,"[[1.5, 1.5, 1.5, 1.5], [1.5, 1.5, 1.5, 1.5], [1.5, 1.5, 1.5, 1.5], [1.5, 1.5, 1.5, 1.5]]","[[1.118033988749895, 1.118033988749895, 1.118033988749895, 1.118033988749895], [1.118033988749895, 1.118033988749895, 1.118033988749895, 1.118033988749895], [1.118033988749895, 1.118033988749895, 1.118033988749895, 1.118033988749895], [1.118033988749895, 1.118033988749895, 1.118033988749895, 1.118033988749895]]"
423,144,-1.5384615384615385,1.5384615384615385,-1.5384615384615385,1.5384615384615385,2.909090909090909,2.909090909090909,2.909090909090909,2.909090909090909,"[[1.5, 1.5, 1.5, 1.5], [1.5, 1.5, 1.5, 1.5], [1.5, 1.5, 1.5, 1.5], [1.5, 1.5, 1.5, 1.5]]","[[1.118033988749895, 1.118033988749895, 1.118033988749895, 1.118033988749895], [1.118033988749895, 1.118033988749895, 1.118033988749895, 1.118033988749895], [1.118033988749895, 1.118033988749895, 1.118033988749895, 1.118033988749895], [1.118033988749895, 1.118033988749895, 1.118033988749895, 1.118033988749895]]"
424,288,0.0,-0.3677893921796361,0.3677893921796361,0.0,0.0,2.8989547038327528,2.8989547038327528,0.0,"[[1.5, 1.5, 1.5, 1.5], [1.5, 1.5, 1.5, 1.5], [1.5, 1.5, 1.5, 1.5], [1.5, 1.5, 1.5, 1.5]]","[[1.118033988749895, 1.118033988749895, 1.118033988749895, 1.118033988749895], [1.118033988749895, 1.118033988749895, 1.118033988749895, 1.118033988749895], [1.118033988749895, 1.118033988749895, 1.118033988749895, 1.118033988749895], [1.118033988749895, 1.118033988749895, 1.118033988749895, 1.118033988749895]]"
425,576,0.0,-0.18840579710144928,0.18840579710144928,0.0,0.0,2.0591304347826087,2.0591304347826087,0.0,"[[1.5, 1.5, 1.5, 1.5], [1.5, 1.5, 1.5, 1.5], [1.5, 1.5, 1.5, 1.5], [1.5, 1.5, 1.5, 1.5]]","[[1.118033988749895, 1.118033988749895, 1.118033988749895, 1.118033988749895], [1.118033988749895, 1.118033988749895, 1.118033988749895, 1.118033988749895], [1.118033988749895, 1.118033988749895, 1.118033988749895, 1.118033988749895], [1.118033988749895, 1.118033988749895, 1.118033988749895, 1.118033988749895]]"
426,288,0.0,-0.36391792489353464,0.36391792489353464,0.0,0.0,2.8989547038327528,2.8989547038327528,0.0,"[[1.5, 1.5, 1.5, 1.5], [1.5, 1.5, 1.5, 1.5], [1.5, 1.5, 1.5, 1.5], [1.5, 1.5, 1.5, 1.5]]","[[1.118033988749895, 1.118033988749895, 1.118033988749895, 1.118033988749895], [1.118033988749895, 1.118033988749895, 1.118033988749895, 1.118033988749895], [1.118033988749895, 1.118033988749895, 1.118033988749895, 1.118033988749895], [1.118033988749895, 1.118033988749895, 1.118033988749895, 1.118033988749895]]"
427,576,0.0,-0.18647342995169083,0.18647342995169083,0.0,0.0,2.0591304347826087,2.0591304347826087,0.0,"[[1.5, 1.5, 1.5, 1.5], [1.5, 1.5, 1.5, 1.5], [1.5, 1.5, 1.5, 1.5], [1.5, 1.5, 1.5, 1.5]]","[[1.118033988749895, 1.118033988749895, 1.118033988749895, 1.118033988749895], [1.118033988749895, 1.118033988749895, 1.118033988749895, 1.118033988749895], [1.118033988749895, 1.118033988749895, 1.118033988749895, 1.118033988749895], [1.118033988749895, 1.118033988749895, 1.118033988749895, 1.118033988749895]]"
428,144,0.0,0.0,0.0,0.0,0.0,0.0,0.0,0.0,"[[1.5, 1.5, 1.5, 1.5], [1.5, 1.5, 1.5, 1.5], [1.5, 1.5, 1.5, 1.5], [1.5, 1.5, 1.5, 1.5]]","[[1.118033988749895, 1.118033988749895, 1.118033988749895, 1.118033988749895], [1.118033988749895, 1.118033988749895, 1.118033988749895, 1.118033988749895], [1.118033988749895, 1.118033988749895, 1.118033988749895, 1.118033988749895], [1.118033988749895, 1.118033988749895, 1.118033988749895, 1.118033988749895]]"
429,144,0.0,0.0,0.0,0.0,0.0,0.0,0.0,0.0,"[[1.5, 1.5, 1.5, 1.5], [1.5, 1.5, 1.5, 1.5], [1.5, 1.5, 1.5, 1.5], [1.5, 1.5, 1.5, 1.5]]","[[1.118033988749895, 1.118033988749895, 1.118033988749895, 1.118033988749895], [1.118033988749895, 1.118033988749895, 1.118033988749895, 1.118033988749895], [1.118033988749895, 1.118033988749895, 1.118033988749895, 1.118033988749895], [1.118033988749895, 1.118033988749895, 1.118033988749895, 1.118033988749895]]"
430,576,0.0,-0.1859903381642512,0.1859903381642512,0.0,0.0,2.0591304347826087,2.0591304347826087,0.0,"[[1.5, 1.5, 1.5, 1.5], [1.5, 1.5, 1.5, 1.5], [1.5, 1.5, 1.5, 1.5], [1.5, 1.5, 1.5, 1.5]]","[[1.118033988749895, 1.118033988749895, 1.118033988749895, 1.118033988749895], [1.118033988749895, 1.118033988749895, 1.118033988749895, 1.118033988749895], [1.118033988749895, 1.118033988749895, 1.118033988749895, 1.118033988749895], [1.118033988749895, 1.118033988749895, 1.118033988749895, 1.118033988749895]]"
431,576,0.0,-0.18454106280193236,0.18454106280193236,0.0,0.0,2.0591304347826087,2.0591304347826087,0.0,"[[1.5, 1.5, 1.5, 1.5], [1.5, 1.5, 1.5, 1.5], [1.5, 1.5, 1.5, 1.5], [1.5, 1.5, 1.5, 1.5]]","[[1.118033988749895, 1.118033988749895, 1.118033988749895, 1.118033988749895], [1.118033988749895, 1.118033988749895, 1.118033988749895, 1.118033988749895], [1.118033988749895, 1.118033988749895, 1.118033988749895, 1.118033988749895], [1.118033988749895, 1.118033988749895, 1.118033988749895, 1.118033988749895]]"
432,144,0.0,0.0,0.0,0.0,0.0,0.0,0.0,0.0,"[[1.5, 1.5, 1.5, 1.5], [1.5, 1.5, 1.5, 1.5], [1.5, 1.5, 1.5, 1.5], [1.5, 1.5, 1.5, 1.5]]","[[1.118033988749895, 1.118033988749895, 1.118033988749895, 1.118033988749895], [1.118033988749895, 1.118033988749895, 1.118033988749895, 1.118033988749895], [1.118033988749895, 1.118033988749895, 1.118033988749895, 1.118033988749895], [1.118033988749895, 1.118033988749895, 1.118033988749895, 1.118033988749895]]"
433,144,0.0,0.0,0.0,0.0,0.0,0.0,0.0,0.0,"[[1.5, 1.5, 1.5, 1.5], [1.5, 1.5, 1.5, 1.5], [1.5, 1.5, 1.5, 1.5], [1.5, 1.5, 1.5, 1.5]]","[[1.118033988749895, 1.118033988749895, 1.118033988749895, 1.118033988749895], [1.118033988749895, 1.118033988749895, 1.118033988749895, 1.118033988749895], [1.118033988749895, 1.118033988749895, 1.118033988749895, 1.118033988749895], [1.118033988749895, 1.118033988749895, 1.118033988749895, 1.118033988749895]]"
