exact_class_id,n_permutations,n_distinct_perm_tuples,makespan_mean,makespan_median,makespan_min,makespan_max,failures_mean,failures_median,failures_max,nSolutions_mean,nSolutions_median,solveTime_mean,time_mean,propagations_mean,opt_rate,b_00,b_01,b_02,b_03,b_10,b_11,b_12,b_13,b_20,b_21,b_22,b_23,b_30,b_31,b_32,b_33,betweenness_mean,betweenness_std,betweenness_range,row_dispersion,col_dispersion,diag_proxy,anti_diag_proxy,matrix_json,macro_class_id
428,144,144,20.0,20.0,20,20,0.0,0.0,0,4.333333333333333,4.0,18.90467361111111,119.91666666666667,451.1736111111111,1.0,0.05,0.05,0.058333333333,0.058333333333,0.05,0.05,0.058333333333,0.058333333333,0.058333333333,0.058333333333,0.05,0.05,0.058333333333,0.058333333333,0.05,0.05,0.054166666666499996,0.004166666666499997,0.008333333332999994,1.962615573354719e-17,1.962615573354719e-17,0.2,0.233333333332,"[[0.05, 0.05, 0.058333333333, 0.058333333333], [0.05, 0.05, 0.058333333333, 0.058333333333], [0.058333333333, 0.058333333333, 0.05, 0.05], [0.058333333333, 0.058333333333, 0.05, 0.05]]",0
429,144,144,20.0,20.0,20,20,0.020833333333333332,0.0,2,4.006944444444445,4.0,18.873631944444444,115.16666666666667,470.4583333333333,1.0,0.045588235294,0.045588235294,0.059068627451,0.059068627451,0.045588235294,0.059068627451,0.045588235294,0.059068627451,0.059068627451,0.045588235294,0.059068627451,0.045588235294,0.059068627451,0.059068627451,0.045588235294,0.045588235294,0.0523284313725,0.0067401960784999985,0.013480392156999997,0.0,0.0,0.20931372549,0.20931372549,"[[0.045588235294, 0.045588235294, 0.059068627451, 0.059068627451], [0.045588235294, 0.059068627451, 0.045588235294, 0.059068627451], [0.059068627451, 0.045588235294, 0.059068627451, 0.045588235294], [0.059068627451, 0.059068627451, 0.045588235294, 0.045588235294]]",0
432,144,144,20.0,20.0,20,20,0.0,0.0,0,4.395833333333333,4.0,19.47967361111111,118.76388888888889,421.49305555555554,1.0,0.054411764706,0.054411764706,0.055759803922,0.055759803922,0.054411764706,0.055759803922,0.054411764706,0.055759803922,0.055759803922,0.054411764706,0.055759803922,0.054411764706,0.055759803922,0.055759803922,0.054411764706,0.054411764706,0.055085784314000005,0.000674019607999999,0.001348039215999998,1.3877787807814457e-17,1.3877787807814457e-17,0.22034313725600002,0.22034313725600002,"[[0.054411764706, 0.054411764706, 0.055759803922, 0.055759803922], [0.054411764706, 0.055759803922, 0.054411764706, 0.055759803922], [0.055759803922, 0.054411764706, 0.055759803922, 0.054411764706], [0.055759803922, 0.055759803922, 0.054411764706, 0.054411764706]]",0
433,144,144,20.0,20.0,20,20,0.020833333333333332,0.0,3,4.291666666666667,4.0,18.977770833333334,111.65972222222223,441.22222222222223,1.0,0.04900210084,0.04900210084,0.052205882353,0.052205882353,0.04900210084,0.04900210084,0.052205882353,0.052205882353,0.052205882353,0.052205882353,0.04900210084,0.04900210084,0.052205882353,0.052205882353,0.04900210084,0.04900210084,0.0506039915965,0.0016018907564999997,0.0032037815129999994,0.0,0.0,0.19600840336,0.208823529412,"[[0.04900210084, 0.04900210084, 0.052205882353, 0.052205882353], [0.04900210084, 0.04900210084, 0.052205882353, 0.052205882353], [0.052205882353, 0.052205882353, 0.04900210084, 0.04900210084], [0.052205882353, 0.052205882353, 0.04900210084, 0.04900210084]]",0
278,288,288,21.166666666666668,21.0,21,22,0.1527777777777778,0.0,3,5.347222222222222,5.0,19.573506944444446,117.91319444444444,391.19444444444446,1.0,0.039705882353,0.048284313725,0.06262254902,0.071200980392,0.039705882353,0.06262254902,0.048284313725,0.071200980392,0.071200980392,0.048284313725,0.06262254902,0.039705882353,0.071200980392,0.06262254902,0.048284313725,0.039705882353,0.0554534313725,0.012234818101738402,0.031495098039,0.0,0.0,0.20465686274599998,0.23897058823400003,"[[0.039705882353, 0.048284313725, 0.06262254902, 0.071200980392], [0.039705882353, 0.06262254902, 0.048284313725, 0.071200980392], [0.071200980392, 0.048284313725, 0.06262254902, 0.039705882353], [0.071200980392, 0.06262254902, 0.048284313725, 0.039705882353]]",0
279,1152,1152,21.166666666666668,21.0,21,22,0.052083333333333336,0.0,7,4.822916666666667,5.0,19.044444444444444,116.84548611111111,400.0685763888889,1.0,0.041421568627,0.042647058824,0.055759803922,0.066176470588,0.045343137255,0.052941176471,0.045955882353,0.064950980392,0.057475490196,0.055882352941,0.049509803922,0.059803921569,0.06237745098,0.055269607843,0.065318627451,0.042769607843,0.0539751838235625,0.008271374421296296,0.024754901960999998,0.00844849732546658,0.011038046388619067,0.18664215686299998,0.23039215686199999,"[[0.041421568627, 0.042647058824, 0.055759803922, 0.066176470588], [0.045343137255, 0.052941176471, 0.045955882353, 0.064950980392], [0.057475490196, 0.055882352941, 0.049509803922, 0.059803921569], [0.06237745098, 0.055269607843, 0.065318627451, 0.042769607843]]",0
280,288,288,21.166666666666668,21.0,21,22,0.2013888888888889,0.0,8,5.152777777777778,5.0,19.224659722222224,117.90277777777777,344.47569444444446,1.0,0.04987745098,0.050490196078,0.050735294118,0.065318627451,0.04987745098,0.050490196078,0.050735294118,0.065318627451,0.04987745098,0.050735294118,0.050490196078,0.065318627451,0.04987745098,0.050735294118,0.050490196078,0.065318627451,0.054105392156750004,0.006481499360427109,0.015441176471000004,1.962615573354719e-17,0.02592368024122055,0.216176470587,0.21666666666700002,"[[0.04987745098, 0.050490196078, 0.050735294118, 0.065318627451], [0.04987745098, 0.050490196078, 0.050735294118, 0.065318627451], [0.04987745098, 0.050735294118, 0.050490196078, 0.065318627451], [0.04987745098, 0.050735294118, 0.050490196078, 0.065318627451]]",0
299,288,288,21.166666666666668,21.0,21,22,0.14930555555555555,0.0,3,5.34375,5.0,19.412368055555554,118.99652777777777,368.84722222222223,1.0,0.035784313725,0.035784313725,0.066176470588,0.066176470588,0.035784313725,0.035784313725,0.066176470588,0.066176470588,0.064093137255,0.064093137255,0.063848039216,0.063848039216,0.064093137255,0.064093137255,0.063848039216,0.063848039216,0.057475490196,0.012556042669645428,0.030392156862999994,0.02598039215800001,0.03014705882400001,0.19926470588200001,0.26053921568599997,"[[0.035784313725, 0.035784313725, 0.066176470588, 0.066176470588], [0.035784313725, 0.035784313725, 0.066176470588, 0.066176470588], [0.064093137255, 0.064093137255, 0.063848039216, 0.063848039216], [0.064093137255, 0.064093137255, 0.063848039216, 0.063848039216]]",0
301,576,576,21.166666666666668,21.0,21,22,0.026041666666666668,0.0,3,4.96875,5.0,19.565086805555556,118.80208333333333,376.38368055555554,1.0,0.032913165266,0.032913165266,0.060294117647,0.060294117647,0.041684173669,0.041684173669,0.06293767507,0.06293767507,0.064355742297,0.064355742297,0.052345938375,0.052345938375,0.069572829132,0.069572829132,0.067279411765,0.067279411765,0.056422881652625,0.012235718145477834,0.036659663865999996,0.03231844284634033,0.017165616246499996,0.194222689075,0.25716036414599996,"[[0.032913165266, 0.032913165266, 0.060294117647, 0.060294117647], [0.041684173669, 0.041684173669, 0.06293767507, 0.06293767507], [0.064355742297, 0.064355742297, 0.052345938375, 0.052345938375], [0.069572829132, 0.069572829132, 0.067279411765, 0.067279411765]]",0
315,288,288,21.166666666666668,21.0,21,22,0.16319444444444445,0.0,4,5.409722222222222,5.0,20.167784722222223,117.61111111111111,399.14930555555554,1.0,0.033088235294,0.033088235294,0.054411764706,0.054411764706,0.033088235294,0.033088235294,0.054411764706,0.054411764706,0.063970588235,0.063970588235,0.060294117647,0.060294117647,0.063970588235,0.063970588235,0.060294117647,0.060294117647,0.0529411764705,0.011958423505336317,0.030882352941000002,0.036764705881999996,0.017647058824,0.186764705882,0.236764705882,"[[0.033088235294, 0.033088235294, 0.054411764706, 0.054411764706], [0.033088235294, 0.033088235294, 0.054411764706, 0.054411764706], [0.063970588235, 0.063970588235, 0.060294117647, 0.060294117647], [0.063970588235, 0.063970588235, 0.060294117647, 0.060294117647]]",0
336,1152,1152,21.166666666666668,21.0,21,22,0.12239583333333333,0.0,3,4.926215277777778,5.0,19.4381796875,118.50520833333333,383.81597222222223,1.0,0.034803921569,0.035906862745,0.060049019608,0.067156862745,0.047181372549,0.054901960784,0.060294117647,0.05943627451,0.058700980392,0.058578431373,0.065073529412,0.052450980392,0.062132352941,0.064828431373,0.044485294118,0.048284313725,0.0546415441176875,0.009650479980292509,0.032352941176,0.013247344958589372,0.010864957225484402,0.20306372548999999,0.24816176470600002,"[[0.034803921569, 0.035906862745, 0.060049019608, 0.067156862745], [0.047181372549, 0.054901960784, 0.060294117647, 0.05943627451], [0.058700980392, 0.058578431373, 0.065073529412, 0.052450980392], [0.062132352941, 0.064828431373, 0.044485294118, 0.048284313725]]",0
366,1152,1152,21.166666666666668,21.0,21,22,0.1189236111111111,0.0,3,5.022569444444445,5.0,19.538263888888892,119.01215277777777,389.2369791666667,1.0,0.036397058824,0.039215686275,0.054656862745,0.063480392157,0.043014705882,0.047426470588,0.055147058824,0.051225490196,0.061151960784,0.065073529412,0.049632352941,0.051593137255,0.061519607843,0.05,0.061151960784,0.050735294118,0.05258884803925,0.008264324974822016,0.02867647058799999,0.015179886415787037,0.008549715593317764,0.18419117647099997,0.245220588236,"[[0.036397058824, 0.039215686275, 0.054656862745, 0.063480392157], [0.043014705882, 0.047426470588, 0.055147058824, 0.051225490196], [0.061151960784, 0.065073529412, 0.049632352941, 0.051593137255], [0.061519607843, 0.05, 0.061151960784, 0.050735294118]]",0
367,576,576,21.166666666666668,21.0,21,22,0.109375,0.0,2,5.055555555555555,5.0,19.276944444444446,117.84895833333333,386.14930555555554,1.0,0.039110644258,0.052783613445,0.058403361345,0.064163165266,0.047916666667,0.070710784314,0.055042016807,0.05756302521,0.052783613445,0.039110644258,0.058403361345,0.064163165266,0.070710784314,0.047916666667,0.055042016807,0.05756302521,0.055711659664000004,0.009030863774311325,0.031600140056,0.00838585434200001,0.013645139251299673,0.22578781512700002,0.22902661064500002,"[[0.039110644258, 0.052783613445, 0.058403361345, 0.064163165266], [0.047916666667, 0.070710784314, 0.055042016807, 0.05756302521], [0.052783613445, 0.039110644258, 0.058403361345, 0.064163165266], [0.070710784314, 0.047916666667, 0.055042016807, 0.05756302521]]",0
370,1152,1152,21.166666666666668,21.0,21,22,0.10850694444444445,0.0,5,5.055555555555555,5.0,19.57214496527778,118.43836805555556,373.7630208333333,1.0,0.040826330532,0.045115546218,0.04880952381,0.058665966387,0.048599439776,0.045973389356,0.053746498599,0.053518907563,0.055094537815,0.054481792717,0.053781512605,0.054989495798,0.059996498599,0.060066526611,0.044992997199,0.049597338936,0.051766018907562494,0.005539382353730182,0.019240196079000002,0.009980623146501106,0.005823144681038999,0.190178571429,0.22689075630199998,"[[0.040826330532, 0.045115546218, 0.04880952381, 0.058665966387], [0.048599439776, 0.045973389356, 0.053746498599, 0.053518907563], [0.055094537815, 0.054481792717, 0.053781512605, 0.054989495798], [0.059996498599, 0.060066526611, 0.044992997199, 0.049597338936]]",0
376,1152,1152,21.166666666666668,21.0,21,22,0.12065972222222222,0.0,7,4.901041666666667,5.0,19.37987934027778,118.10503472222223,400.16840277777777,1.0,0.040581232493,0.046883753501,0.048196778711,0.06018907563,0.05012254902,0.049054621849,0.063550420168,0.050945378151,0.058053221289,0.067226890756,0.043417366947,0.056512605042,0.06293767507,0.050280112045,0.049509803922,0.059103641457,0.0535353203781875,0.007453511270742758,0.026645658263,0.011362364303465891,0.00798576876188612,0.192156862746,0.25390406162400003,"[[0.040581232493, 0.046883753501, 0.048196778711, 0.06018907563], [0.05012254902, 0.049054621849, 0.063550420168, 0.050945378151], [0.058053221289, 0.067226890756, 0.043417366947, 0.056512605042], [0.06293767507, 0.050280112045, 0.049509803922, 0.059103641457]]",0
379,576,576,21.166666666666668,21.0,21,22,0.16493055555555555,0.0,5,5.121527777777778,5.0,19.911020833333332,119.45486111111111,354.3767361111111,1.0,0.043820028011,0.050647759104,0.056197478992,0.060364145658,0.043820028011,0.050647759104,0.056197478992,0.060364145658,0.055882352941,0.057475490196,0.046708683473,0.05756302521,0.055882352941,0.057475490196,0.046708683473,0.05756302521,0.053582370448125,0.00548048842597935,0.016544117647,0.0033000700275000044,0.013804743512631326,0.19873949579800002,0.22991946778699998,"[[0.043820028011, 0.050647759104, 0.056197478992, 0.060364145658], [0.043820028011, 0.050647759104, 0.056197478992, 0.060364145658], [0.055882352941, 0.057475490196, 0.046708683473, 0.05756302521], [0.055882352941, 0.057475490196, 0.046708683473, 0.05756302521]]",0
395,576,576,21.166666666666668,21.0,21,22,0.13020833333333334,0.0,5,4.894097222222222,5.0,19.72693923611111,119.17534722222223,387.5763888888889,1.0,0.046708683473,0.046708683473,0.059996498599,0.059996498599,0.049947478992,0.072741596639,0.051715686275,0.05406162465,0.058158263305,0.058158263305,0.065161064426,0.065161064426,0.072741596639,0.049947478992,0.05406162465,0.051715686275,0.057311362044875,0.008032380672415892,0.026032913165999996,0.011773778280672895,0.0016894257705000124,0.236327030813,0.24261204481799997,"[[0.046708683473, 0.046708683473, 0.059996498599, 0.059996498599], [0.049947478992, 0.072741596639, 0.051715686275, 0.05406162465], [0.058158263305, 0.058158263305, 0.065161064426, 0.065161064426], [0.072741596639, 0.049947478992, 0.05406162465, 0.051715686275]]",0
396,576,576,21.166666666666668,21.0,21,22,0.1701388888888889,0.0,5,5.350694444444445,5.0,19.48571527777778,119.19791666666667,362.31944444444446,1.0,0.039093137255,0.039093137255,0.053799019608,0.053799019608,0.039828431373,0.070098039216,0.045343137255,0.059681372549,0.053799019608,0.053799019608,0.070343137255,0.070343137255,0.070098039216,0.039828431373,0.059681372549,0.045343137255,0.053998161764875,0.011492350401533685,0.031249999999999993,0.02212162560582058,0.01317401960749999,0.22487745098099998,0.223039215687,"[[0.039093137255, 0.039093137255, 0.053799019608, 0.053799019608], [0.039828431373, 0.070098039216, 0.045343137255, 0.059681372549], [0.053799019608, 0.053799019608, 0.070343137255, 0.070343137255], [0.070098039216, 0.039828431373, 0.059681372549, 0.045343137255]]",0
397,1152,1152,21.166666666666668,21.0,21,22,0.12760416666666666,0.0,7,5.016493055555555,5.0,19.41591493055556,119.13888888888889,395.4201388888889,1.0,0.045605742297,0.050490196078,0.053011204482,0.059681372549,0.049754901961,0.057668067227,0.073231792717,0.055164565826,0.051295518207,0.058455882353,0.052030812325,0.050367647059,0.065511204482,0.049142156863,0.046446078431,0.048301820728,0.0541349352240625,0.007107735924279775,0.027626050420000006,0.011202822436832967,0.004893690737251952,0.203606442577,0.256880252101,"[[0.045605742297, 0.050490196078, 0.053011204482, 0.059681372549], [0.049754901961, 0.057668067227, 0.073231792717, 0.055164565826], [0.051295518207, 0.058455882353, 0.052030812325, 0.050367647059], [0.065511204482, 0.049142156863, 0.046446078431, 0.048301820728]]",0
398,1152,1152,21.166666666666668,21.0,21,22,0.11458333333333333,0.0,4,4.9765625,5.0,19.45918923611111,118.89322916666667,373.2673611111111,1.0,0.041299019608,0.044975490196,0.054901960784,0.06556372549,0.046078431373,0.050367647059,0.057598039216,0.048161764706,0.05,0.069607843137,0.058946078431,0.056004901961,0.061029411765,0.050735294118,0.051593137255,0.054166666667,0.053814338235375,0.007304512057181769,0.028308823529,0.01245561733333282,0.01023871206562267,0.20477941176499997,0.253799019608,"[[0.041299019608, 0.044975490196, 0.054901960784, 0.06556372549], [0.046078431373, 0.050367647059, 0.057598039216, 0.048161764706], [0.05, 0.069607843137, 0.058946078431, 0.056004901961], [0.061029411765, 0.050735294118, 0.051593137255, 0.054166666667]]",0
412,1152,1152,21.166666666666668,21.0,21,22,0.036458333333333336,0.0,3,4.763888888888889,5.0,19.41058767361111,117.40364583333333,400.6579861111111,1.0,0.041544117647,0.051838235294,0.056617647059,0.066789215686,0.048161764706,0.063480392157,0.052941176471,0.059068627451,0.058823529412,0.063848039216,0.044485294118,0.057107843137,0.062990196078,0.070588235294,0.062254901961,0.055024509804,0.057222732843187504,0.007747830277956602,0.029044117647000003,0.013017733194786617,0.015639861012209176,0.204534313726,0.246568627451,"[[0.041544117647, 0.051838235294, 0.056617647059, 0.066789215686], [0.048161764706, 0.063480392157, 0.052941176471, 0.059068627451], [0.058823529412, 0.063848039216, 0.044485294118, 0.057107843137], [0.062990196078, 0.070588235294, 0.062254901961, 0.055024509804]]",0
415,288,288,21.166666666666668,21.0,21,22,0.13194444444444445,0.0,3,5.288194444444445,5.0,20.25496875,120.375,359.12847222222223,1.0,0.049509803922,0.055882352941,0.06262254902,0.062867647059,0.049509803922,0.055882352941,0.06262254902,0.062867647059,0.049509803922,0.055882352941,0.062867647059,0.06262254902,0.049509803922,0.055882352941,0.062867647059,0.06262254902,0.0577205882355,0.005507211683468054,0.013357843136999996,1.962615573354719e-17,0.022026119547641373,0.23088235294200002,0.230882352942,"[[0.049509803922, 0.055882352941, 0.06262254902, 0.062867647059], [0.049509803922, 0.055882352941, 0.06262254902, 0.062867647059], [0.049509803922, 0.055882352941, 0.062867647059, 0.06262254902], [0.049509803922, 0.055882352941, 0.062867647059, 0.06262254902]]",0
425,576,576,21.166666666666668,21.0,21,22,0.04861111111111111,0.0,5,4.814236111111111,5.0,19.38226215277778,120.0625,395.21180555555554,1.0,0.041789215686,0.041789215686,0.055637254902,0.055637254902,0.050612745098,0.050612745098,0.050245098039,0.050245098039,0.052450980392,0.052450980392,0.047181372549,0.047181372549,0.055392156863,0.055392156863,0.056985294118,0.056985294118,0.051286764705875,0.004719728532426074,0.015196078432,0.011584610096874514,0.00490196078449999,0.19656862745099998,0.213725490196,"[[0.041789215686, 0.041789215686, 0.055637254902, 0.055637254902], [0.050612745098, 0.050612745098, 0.050245098039, 0.050245098039], [0.052450980392, 0.052450980392, 0.047181372549, 0.047181372549], [0.055392156863, 0.055392156863, 0.056985294118, 0.056985294118]]",0
427,576,576,21.166666666666668,21.0,21,22,0.11631944444444445,0.0,5,4.904513888888889,5.0,19.23073090277778,116.80729166666667,328.8767361111111,1.0,0.045588235294,0.047794117647,0.050735294118,0.053431372549,0.047671568627,0.053921568627,0.047671568627,0.053921568627,0.050735294118,0.053431372549,0.045588235294,0.047794117647,0.057843137255,0.049142156863,0.057843137255,0.049142156863,0.0507659313725,0.003791476342581651,0.012254901961,0.006704450670111362,0.0012254901959999967,0.194240196078,0.21237745098,"[[0.045588235294, 0.047794117647, 0.050735294118, 0.053431372549], [0.047671568627, 0.053921568627, 0.047671568627, 0.053921568627], [0.050735294118, 0.053431372549, 0.045588235294, 0.047794117647], [0.057843137255, 0.049142156863, 0.057843137255, 0.049142156863]]",0
430,576,576,21.166666666666668,21.0,21,22,0.10416666666666667,0.0,2,4.972222222222222,5.0,19.318727430555555,118.93055555555556,400.6736111111111,1.0,0.049142156863,0.05,0.051593137255,0.052941176471,0.052941176471,0.051593137255,0.05,0.049142156863,0.053431372549,0.050612745098,0.050612745098,0.053431372549,0.060171568627,0.050735294118,0.050735294118,0.060171568627,0.052328431372624995,0.0032539014820140554,0.011029411764000005,0.007438230835658927,0.006372549019500018,0.211519607843,0.213725490196,"[[0.049142156863, 0.05, 0.051593137255, 0.052941176471], [0.052941176471, 0.051593137255, 0.05, 0.049142156863], [0.053431372549, 0.050612745098, 0.050612745098, 0.053431372549], [0.060171568627, 0.050735294118, 0.050735294118, 0.060171568627]]",0
431,576,576,21.166666666666668,21.0,21,22,0.11631944444444445,0.0,4,5.053819444444445,5.0,19.603159722222223,119.26388888888889,369.77777777777777,1.0,0.047321428571,0.049947478992,0.051505602241,0.054131652661,0.048109243697,0.050385154062,0.053203781513,0.050577731092,0.051505602241,0.049947478992,0.047321428571,0.054131652661,0.053203781513,0.050385154062,0.048109243697,0.050577731092,0.050647759103625,0.0021644702750231387,0.006810224089999997,0.00031512605050000586,0.003947819426597153,0.195605742296,0.21048669467900002,"[[0.047321428571, 0.049947478992, 0.051505602241, 0.054131652661], [0.048109243697, 0.050385154062, 0.053203781513, 0.050577731092], [0.051505602241, 0.049947478992, 0.047321428571, 0.054131652661], [0.053203781513, 0.050385154062, 0.048109243697, 0.050577731092]]",0
335,1152,1152,21.25,21.0,21,22,0.21614583333333334,0.0,3,5.180555555555555,5.0,19.645565972222222,117.86024305555556,372.0685763888889,1.0,0.034383753501,0.037990196078,0.064460784314,0.070833333333,0.050140056022,0.053431372549,0.05987394958,0.056495098039,0.063602941176,0.058841036415,0.052521008403,0.058158263305,0.068697478992,0.062394957983,0.063848039216,0.053676470588,0.056834296218375005,0.009617789663619598,0.036449579832,0.015230662302330842,0.012693829625328293,0.19401260504099999,0.25824579832,"[[0.034383753501, 0.037990196078, 0.064460784314, 0.070833333333], [0.050140056022, 0.053431372549, 0.05987394958, 0.056495098039], [0.063602941176, 0.058841036415, 0.052521008403, 0.058158263305], [0.068697478992, 0.062394957983, 0.063848039216, 0.053676470588]]",0
342,1152,1152,21.25,21.0,21,22,0.2204861111111111,0.0,4,5.28125,5.0,19.565006076388887,119.51736111111111,367.23350694444446,1.0,0.035906862745,0.041053921569,0.054779411765,0.063235294118,0.056495098039,0.047794117647,0.05931372549,0.063602941176,0.057352941176,0.06237745098,0.054534313725,0.053799019608,0.061029411765,0.060784313725,0.040196078431,0.048406862745,0.053791360294,0.00845715534046858,0.027696078431000005,0.01361545942865083,0.008093049944995765,0.186642156862,0.24595588235299998,"[[0.035906862745, 0.041053921569, 0.054779411765, 0.063235294118], [0.056495098039, 0.047794117647, 0.05931372549, 0.063602941176], [0.057352941176, 0.06237745098, 0.054534313725, 0.053799019608], [0.061029411765, 0.060784313725, 0.040196078431, 0.048406862745]]",0
377,1152,1152,21.25,21.0,21,22,0.22569444444444445,0.0,6,5.3359375,5.0,19.605735243055555,119.296875,366.34375,1.0,0.042401960784,0.046323529412,0.055514705882,0.064705882353,0.052328431373,0.047671568627,0.06237745098,0.054044117647,0.057475490196,0.060416666667,0.044607843137,0.055882352941,0.058823529412,0.054289215686,0.054411764706,0.049387254902,0.0537913602940625,0.006187128013823969,0.022303921568999997,0.0036625297371583538,0.0059232994553602425,0.18406862745,0.24632352941199998,"[[0.042401960784, 0.046323529412, 0.055514705882, 0.064705882353], [0.052328431373, 0.047671568627, 0.06237745098, 0.054044117647], [0.057475490196, 0.060416666667, 0.044607843137, 0.055882352941], [0.058823529412, 0.054289215686, 0.054411764706, 0.049387254902]]",0
123,288,288,21.333333333333332,21.0,21,22,0.0798611111111111,0.0,7,5.097222222222222,5.0,19.877635416666667,120.85069444444444,405.2083333333333,1.0,0.043014705882,0.043014705882,0.064215686275,0.064215686275,0.043014705882,0.043014705882,0.064215686275,0.064215686275,0.059068627451,0.07818627451,0.065441176471,0.067892156863,0.07818627451,0.059068627451,0.067892156863,0.065441176471,0.060631127451125005,0.011362539636502581,0.035171568628,0.028063725490499986,0.019240196079500005,0.21691176470600002,0.28480392157,"[[0.043014705882, 0.043014705882, 0.064215686275, 0.064215686275], [0.043014705882, 0.043014705882, 0.064215686275, 0.064215686275], [0.059068627451, 0.07818627451, 0.065441176471, 0.067892156863], [0.07818627451, 0.059068627451, 0.067892156863, 0.065441176471]]",0
131,288,288,21.333333333333332,21.0,21,22,0.052083333333333336,0.0,2,5.107638888888889,5.0,19.640583333333336,118.34027777777777,347.4270833333333,1.0,0.033946078431,0.033946078431,0.057781862745,0.057781862745,0.033946078431,0.033946078431,0.057781862745,0.057781862745,0.062867647059,0.062867647059,0.065073529412,0.065073529412,0.074325980392,0.074325980392,0.060784313725,0.060784313725,0.0558134191175,0.013541820458703759,0.040379901961000005,0.04011935369082868,0.018167892156999987,0.193749999999,0.252757352941,"[[0.033946078431, 0.033946078431, 0.057781862745, 0.057781862745], [0.033946078431, 0.033946078431, 0.057781862745, 0.057781862745], [0.062867647059, 0.062867647059, 0.065073529412, 0.065073529412], [0.074325980392, 0.074325980392, 0.060784313725, 0.060784313725]]",0
164,288,288,21.333333333333332,21.0,21,22,0.09375,0.0,5,5.28125,5.0,19.53050347222222,121.65972222222223,420.34027777777777,1.0,0.041911764706,0.041911764706,0.058210784314,0.058210784314,0.041911764706,0.041911764706,0.058210784314,0.058210784314,0.061151960784,0.063112745098,0.043995098039,0.067279411765,0.063112745098,0.061151960784,0.067279411765,0.043995098039,0.05447303921575,0.00959528303176756,0.025367647059000006,0.017647058823,0.009803921569000007,0.17181372549,0.24264705882399998,"[[0.041911764706, 0.041911764706, 0.058210784314, 0.058210784314], [0.041911764706, 0.041911764706, 0.058210784314, 0.058210784314], [0.061151960784, 0.063112745098, 0.043995098039, 0.067279411765], [0.063112745098, 0.061151960784, 0.067279411765, 0.043995098039]]",0
238,1152,1152,21.333333333333332,21.0,21,22,0.15538194444444445,0.0,6,5.241319444444445,5.0,19.85554947916667,119.90017361111111,379.0807291666667,1.0,0.037272408964,0.042156862745,0.054901960784,0.064530812325,0.041071428571,0.056495098039,0.038357843137,0.061099439776,0.052888655462,0.073161764706,0.066666666667,0.054306722689,0.072058823529,0.052521008403,0.054971988796,0.058455882353,0.055057335434125,0.010783100236867411,0.035889355742,0.02252260941268858,0.012865482320618076,0.218890056023,0.248109243697,"[[0.037272408964, 0.042156862745, 0.054901960784, 0.064530812325], [0.041071428571, 0.056495098039, 0.038357843137, 0.061099439776], [0.052888655462, 0.073161764706, 0.066666666667, 0.054306722689], [0.072058823529, 0.052521008403, 0.054971988796, 0.058455882353]]",0
239,1152,1152,21.333333333333332,21.0,21,22,0.1918402777777778,0.0,6,5.270833333333333,5.0,19.567072916666667,119.38715277777777,378.93836805555554,1.0,0.039583333333,0.045833333333,0.054971988796,0.062692577031,0.05087535014,0.045413165266,0.054359243697,0.063848039216,0.055532212885,0.055024509804,0.066176470588,0.067226890756,0.061764705882,0.066911764706,0.051540616246,0.053693977591,0.055965511204375,0.008021843796203486,0.027643557422999995,0.0160037707253357,0.015334195770734221,0.204866946778,0.233841036414,"[[0.039583333333, 0.045833333333, 0.054971988796, 0.062692577031], [0.05087535014, 0.045413165266, 0.054359243697, 0.063848039216], [0.055532212885, 0.055024509804, 0.066176470588, 0.067226890756], [0.061764705882, 0.066911764706, 0.051540616246, 0.053693977591]]",0
255,1152,1152,21.333333333333332,21.0,21,22,0.19791666666666666,0.0,4,5.366319444444445,5.0,19.455886284722222,119.0,364.83159722222223,1.0,0.035294117647,0.039583333333,0.058700980392,0.060049019608,0.052083333333,0.054411764706,0.072916666667,0.058578431373,0.052328431373,0.043259803922,0.047916666667,0.064950980392,0.062867647059,0.069485294118,0.051960784314,0.053921568627,0.0548943014706875,0.009949749237023664,0.03762254902,0.019262892313367037,0.015142461298156613,0.19154411764700002,0.23909313725599998,"[[0.035294117647, 0.039583333333, 0.058700980392, 0.060049019608], [0.052083333333, 0.054411764706, 0.072916666667, 0.058578431373], [0.052328431373, 0.043259803922, 0.047916666667, 0.064950980392], [0.062867647059, 0.069485294118, 0.051960784314, 0.053921568627]]",0
263,1152,1152,21.333333333333332,21.0,21,22,0.2170138888888889,0.0,10,5.305555555555555,5.0,19.38769184027778,119.13628472222223,372.6536458333333,1.0,0.037254901961,0.041911764706,0.061397058824,0.07181372549,0.042769607843,0.051593137255,0.05318627451,0.065318627451,0.061764705882,0.067892156863,0.055024509804,0.039460784314,0.066299019608,0.059926470588,0.053676470588,0.047671568627,0.054810049019625,0.01043138917775833,0.03455882352899999,0.006730161871057089,0.00652508799614585,0.191544117647,0.259191176471,"[[0.037254901961, 0.041911764706, 0.061397058824, 0.07181372549], [0.042769607843, 0.051593137255, 0.05318627451, 0.065318627451], [0.061764705882, 0.067892156863, 0.055024509804, 0.039460784314], [0.066299019608, 0.059926470588, 0.053676470588, 0.047671568627]]",0
264,1152,1152,21.333333333333332,21.0,21,22,0.1423611111111111,0.0,4,5.2421875,5.0,19.415286458333334,117.32552083333333,398.30815972222223,1.0,0.040318627451,0.04068627451,0.051978291317,0.062570028011,0.046638655462,0.042647058824,0.044607843137,0.059996498599,0.055217086835,0.057668067227,0.049772408964,0.052083333333,0.059138655462,0.065318627451,0.063602941176,0.043767507003,0.052250744047625,0.008246887716078965,0.02500000000000001,0.015517646624919529,0.006242656659384549,0.17650560224200001,0.223984593837,"[[0.040318627451, 0.04068627451, 0.051978291317, 0.062570028011], [0.046638655462, 0.042647058824, 0.044607843137, 0.059996498599], [0.055217086835, 0.057668067227, 0.049772408964, 0.052083333333], [0.059138655462, 0.065318627451, 0.063602941176, 0.043767507003]]",0
300,1152,1152,21.333333333333332,21.0,21,22,0.1987847222222222,0.0,3,5.340277777777778,5.0,19.610570312500002,119.54253472222223,380.09461805555554,1.0,0.038357843137,0.045290616246,0.054359243697,0.063602941176,0.045833333333,0.050245098039,0.068942577031,0.05724789916,0.057965686275,0.065266106443,0.055042016807,0.057352941176,0.059261204482,0.076908263305,0.053799019608,0.059453781513,0.05680803571425,0.009146621271700522,0.038550420168000005,0.017634951305280568,0.01507446725756122,0.203098739496,0.257072829132,"[[0.038357843137, 0.045290616246, 0.054359243697, 0.063602941176], [0.045833333333, 0.050245098039, 0.068942577031, 0.05724789916], [0.057965686275, 0.065266106443, 0.055042016807, 0.057352941176], [0.059261204482, 0.076908263305, 0.053799019608, 0.059453781513]]",0
302,1152,1152,21.333333333333332,21.0,21,22,0.1519097222222222,0.0,5,5.170138888888889,5.0,19.658914930555554,119.45225694444444,372.9296875,1.0,0.030147058824,0.036764705882,0.058455882353,0.059803921569,0.038848039216,0.045588235294,0.062990196078,0.061274509804,0.057965686275,0.073284313725,0.055882352941,0.067156862745,0.064705882353,0.067156862745,0.044607843137,0.047794117647,0.05452665441175,0.012062091430119503,0.043137254901,0.025101224659458694,0.01625527979372724,0.179411764706,0.260784313725,"[[0.030147058824, 0.036764705882, 0.058455882353, 0.059803921569], [0.038848039216, 0.045588235294, 0.062990196078, 0.061274509804], [0.057965686275, 0.073284313725, 0.055882352941, 0.067156862745], [0.064705882353, 0.067156862745, 0.044607843137, 0.047794117647]]",0
307,1152,1152,21.333333333333332,21.0,21,22,0.15711805555555555,0.0,6,5.197916666666667,5.0,19.668555555555557,119.37326388888889,393.62934027777777,1.0,0.044117647059,0.046271008403,0.052696078431,0.061397058824,0.049387254902,0.048056722689,0.05987394958,0.053676470588,0.059453781513,0.07237394958,0.058455882353,0.05931372549,0.071341036415,0.059803921569,0.055217086835,0.051295518207,0.05642069327737499,0.007785786800313467,0.028256302520999997,0.01857775546355544,0.0008520174617982489,0.20192577030800002,0.264985994399,"[[0.044117647059, 0.046271008403, 0.052696078431, 0.061397058824], [0.049387254902, 0.048056722689, 0.05987394958, 0.053676470588], [0.059453781513, 0.07237394958, 0.058455882353, 0.05931372549], [0.071341036415, 0.059803921569, 0.055217086835, 0.051295518207]]",0
316,1152,1152,21.333333333333332,21.0,21,22,0.2144097222222222,0.0,6,5.3828125,5.0,19.610792534722222,119.09982638888889,379.38715277777777,1.0,0.035171568627,0.037009803922,0.054166666667,0.055269607843,0.037009803922,0.037990196078,0.056862745098,0.055392156863,0.049264705882,0.071446078431,0.052941176471,0.063970588235,0.070465686275,0.065808823529,0.050245098039,0.051715686275,0.0527956495098125,0.011274777772627037,0.036274509803999995,0.026821355013395956,0.012366336193348301,0.177818627451,0.25404411764699997,"[[0.035171568627, 0.037009803922, 0.054166666667, 0.055269607843], [0.037009803922, 0.037990196078, 0.056862745098, 0.055392156863], [0.049264705882, 0.071446078431, 0.052941176471, 0.063970588235], [0.070465686275, 0.065808823529, 0.050245098039, 0.051715686275]]",0
333,1152,1152,21.333333333333332,21.0,21,22,0.2265625,0.0,6,5.370659722222222,5.0,19.44263888888889,118.99652777777777,378.28559027777777,1.0,0.032107843137,0.038427871148,0.06237745098,0.066053921569,0.051960784314,0.052468487395,0.077818627451,0.064775910364,0.054411764706,0.077030812325,0.051855742297,0.06887254902,0.061099439776,0.065318627451,0.05075280112,0.054604341737,0.058121060924375,0.011992858974743092,0.045710784314000004,0.020753702666213198,0.02040839945682119,0.191036414566,0.282002801121,"[[0.032107843137, 0.038427871148, 0.06237745098, 0.066053921569], [0.051960784314, 0.052468487395, 0.077818627451, 0.064775910364], [0.054411764706, 0.077030812325, 0.051855742297, 0.06887254902], [0.061099439776, 0.065318627451, 0.05075280112, 0.054604341737]]",0
337,1152,1152,21.333333333333332,21.0,21,22,0.1857638888888889,0.0,5,5.3203125,5.0,19.471067708333337,117.4921875,368.71875,1.0,0.033455882353,0.050857843137,0.056004901961,0.073039215686,0.051102941176,0.071568627451,0.044852941176,0.064950980392,0.056740196078,0.068259803922,0.038357843137,0.057598039216,0.058823529412,0.05318627451,0.078921568627,0.074387254902,0.058256740196,0.012644902973460112,0.04546568627400001,0.019847172213202383,0.026397084426017604,0.21776960784299998,0.24497549019599998,"[[0.033455882353, 0.050857843137, 0.056004901961, 0.073039215686], [0.051102941176, 0.071568627451, 0.044852941176, 0.064950980392], [0.056740196078, 0.068259803922, 0.038357843137, 0.057598039216], [0.058823529412, 0.05318627451, 0.078921568627, 0.074387254902]]",0
353,1152,1152,21.333333333333332,21.0,21,22,0.21614583333333334,0.0,6,5.384548611111111,5.0,19.959383680555554,120.11892361111111,396.2682291666667,1.0,0.036887254902,0.055042016807,0.057300420168,0.068995098039,0.042034313725,0.071025910364,0.038848039216,0.05712535014,0.053308823529,0.062079831933,0.045045518207,0.057107843137,0.062692577031,0.052328431373,0.089040616246,0.064968487395,0.05711440826325,0.012818454332870113,0.052153361344000004,0.023702744282078754,0.020382657236577395,0.21792717086799998,0.232615546219,"[[0.036887254902, 0.055042016807, 0.057300420168, 0.068995098039], [0.042034313725, 0.071025910364, 0.038848039216, 0.05712535014], [0.053308823529, 0.062079831933, 0.045045518207, 0.057107843137], [0.062692577031, 0.052328431373, 0.089040616246, 0.064968487395]]",0
357,1152,1152,21.333333333333332,21.0,21,22,0.17274305555555555,0.0,5,5.167534722222222,5.0,19.68186197916667,118.63454861111111,391.6067708333333,1.0,0.042034313725,0.045955882353,0.049264705882,0.057843137255,0.051102941176,0.051225490196,0.062009803922,0.057720588235,0.05318627451,0.061397058824,0.044852941176,0.053431372549,0.063480392157,0.051715686275,0.052941176471,0.060171568627,0.0536458333333125,0.006178783146637136,0.021446078432000006,0.012518908709170613,0.00843098066772521,0.19828431372400002,0.24473039215800002,"[[0.042034313725, 0.045955882353, 0.049264705882, 0.057843137255], [0.051102941176, 0.051225490196, 0.062009803922, 0.057720588235], [0.05318627451, 0.061397058824, 0.044852941176, 0.053431372549], [0.063480392157, 0.051715686275, 0.052941176471, 0.060171568627]]",0
365,1152,1152,21.333333333333332,21.0,21,22,0.2013888888888889,0.0,7,5.349826388888889,5.0,19.6556640625,118.24045138888889,375.85590277777777,1.0,0.035171568627,0.039215686275,0.057720588235,0.065931372549,0.037254901961,0.050857843137,0.052205882353,0.043014705882,0.057230392157,0.061274509804,0.061151960784,0.062254901961,0.063970588235,0.05625,0.05612745098,0.048897058824,0.05303308823525,0.00950718004719706,0.030759803922,0.022840520446920542,0.012783337243057368,0.196078431372,0.24338235294100002,"[[0.035171568627, 0.039215686275, 0.057720588235, 0.065931372549], [0.037254901961, 0.050857843137, 0.052205882353, 0.043014705882], [0.057230392157, 0.061274509804, 0.061151960784, 0.062254901961], [0.063970588235, 0.05625, 0.05612745098, 0.048897058824]]",0
368,1152,1152,21.333333333333332,21.0,21,22,0.15104166666666666,0.0,6,5.184895833333333,5.0,19.726046874999998,118.17621527777777,385.9427083333333,1.0,0.037254901961,0.045710784314,0.062867647059,0.062867647059,0.049754901961,0.062254901961,0.050857843137,0.051225490196,0.054044117647,0.052083333333,0.054166666667,0.051225490196,0.059926470588,0.05012254902,0.048406862745,0.047181372549,0.052496936274562506,0.006676936176162816,0.025612745097999996,0.00315370324316516,0.005641582418238755,0.20085784313800004,0.225735294117,"[[0.037254901961, 0.045710784314, 0.062867647059, 0.062867647059], [0.049754901961, 0.062254901961, 0.050857843137, 0.051225490196], [0.054044117647, 0.052083333333, 0.054166666667, 0.051225490196], [0.059926470588, 0.05012254902, 0.048406862745, 0.047181372549]]",0
375,1152,1152,21.333333333333332,21.0,21,22,0.19791666666666666,0.0,6,5.300347222222222,5.0,19.574250868055557,119.14409722222223,385.46875,1.0,0.038970588235,0.052205882353,0.057965686275,0.067647058824,0.050612745098,0.05306372549,0.056740196078,0.058823529412,0.051225490196,0.04987745098,0.062254901961,0.052941176471,0.058455882353,0.04987745098,0.060416666667,0.061519607843,0.055162377451,0.006524494583283425,0.028676470589000004,0.005664827602705586,0.018658968596109417,0.21580882352900002,0.232720588235,"[[0.038970588235, 0.052205882353, 0.057965686275, 0.067647058824], [0.050612745098, 0.05306372549, 0.056740196078, 0.058823529412], [0.051225490196, 0.04987745098, 0.062254901961, 0.052941176471], [0.058455882353, 0.04987745098, 0.060416666667, 0.061519607843]]",0
378,1152,1152,21.333333333333332,21.0,21,22,0.19270833333333334,0.0,3,5.338541666666667,5.0,19.400967881944446,120.140625,373.8064236111111,1.0,0.039600840336,0.050980392157,0.061519607843,0.065878851541,0.047619047619,0.054901960784,0.05625,0.045168067227,0.054849439776,0.065441176471,0.055269607843,0.04474789916,0.06887254902,0.052275910364,0.053869047619,0.062867647059,0.055007002801187505,0.008078246439909847,0.02927170868400001,0.012062394805541502,0.00601073054601039,0.212640056022,0.256442577032,"[[0.039600840336, 0.050980392157, 0.061519607843, 0.065878851541], [0.047619047619, 0.054901960784, 0.05625, 0.045168067227], [0.054849439776, 0.065441176471, 0.055269607843, 0.04474789916], [0.06887254902, 0.052275910364, 0.053869047619, 0.062867647059]]",0
386,1152,1152,21.333333333333332,21.0,21,22,0.15538194444444445,0.0,4,5.176215277777778,5.0,19.410442708333335,117.84375,391.9192708333333,1.0,0.041911764706,0.043329831933,0.052573529412,0.060784313725,0.056495098039,0.068207282913,0.05637254902,0.054429271709,0.057230392157,0.042542016807,0.063672969188,0.063235294118,0.070413165266,0.057107843137,0.053256302521,0.052958683473,0.055907519257750005,0.008158481596881356,0.02850140056,0.014823657904813534,0.0075202957722113,0.22675070028000002,0.23011204481800002,"[[0.041911764706, 0.043329831933, 0.052573529412, 0.060784313725], [0.056495098039, 0.068207282913, 0.05637254902, 0.054429271709], [0.057230392157, 0.042542016807, 0.063672969188, 0.063235294118], [0.070413165266, 0.057107843137, 0.053256302521, 0.052958683473]]",0
400,1152,1152,21.333333333333332,21.0,21,22,0.1484375,0.0,3,5.2265625,5.0,19.617486979166667,118.23090277777777,372.35503472222223,1.0,0.036642156863,0.058578431373,0.061397058824,0.066421568627,0.04387254902,0.055392156863,0.060661764706,0.052573529412,0.060784313725,0.040441176471,0.061887254902,0.064215686275,0.073774509804,0.067769607843,0.061642156863,0.050735294118,0.0572993259805625,0.009855673833927001,0.037132352940999994,0.01526027488937412,0.011618065566684937,0.20465686274599998,0.24129901960799996,"[[0.036642156863, 0.058578431373, 0.061397058824, 0.066421568627], [0.04387254902, 0.055392156863, 0.060661764706, 0.052573529412], [0.060784313725, 0.040441176471, 0.061887254902, 0.064215686275], [0.073774509804, 0.067769607843, 0.061642156863, 0.050735294118]]",0
409,1152,1152,21.333333333333332,21.0,21,22,0.13975694444444445,0.0,5,5.292534722222222,5.0,19.507870659722222,117.8125,381.55815972222223,1.0,0.04056372549,0.042769607843,0.053921568627,0.062990196078,0.054411764706,0.057352941176,0.060784313725,0.057598039216,0.055147058824,0.060171568627,0.047181372549,0.059803921569,0.057475490196,0.059926470588,0.047058823529,0.048897058824,0.0541283700979375,0.0066078129587101835,0.022426470587999993,0.011113302622978537,0.008855968675098793,0.19399509803899997,0.241421568626,"[[0.04056372549, 0.042769607843, 0.053921568627, 0.062990196078], [0.054411764706, 0.057352941176, 0.060784313725, 0.057598039216], [0.055147058824, 0.060171568627, 0.047181372549, 0.059803921569], [0.057475490196, 0.059926470588, 0.047058823529, 0.048897058824]]",0
414,1152,1152,21.333333333333332,21.0,21,22,0.1449652777777778,0.0,4,5.220486111111111,5.0,19.408367187499998,118.79947916666667,366.10590277777777,1.0,0.045220588235,0.047181372549,0.052328431373,0.058210784314,0.045465686275,0.048897058824,0.055514705882,0.051838235294,0.056617647059,0.058333333333,0.056985294118,0.053921568627,0.062254901961,0.054411764706,0.05612745098,0.061397058824,0.054044117647124995,0.005074513556638468,0.017034313726000005,0.014164620501394724,0.007162044021479766,0.212500000001,0.23431372549,"[[0.045220588235, 0.047181372549, 0.052328431373, 0.058210784314], [0.045465686275, 0.048897058824, 0.055514705882, 0.051838235294], [0.056617647059, 0.058333333333, 0.056985294118, 0.053921568627], [0.062254901961, 0.054411764706, 0.05612745098, 0.061397058824]]",0
113,576,576,21.5,21.5,21,22,0.12152777777777778,0.0,3,5.284722222222222,5.0,19.787236111111113,120.58854166666667,379.60590277777777,1.0,0.029656862745,0.036887254902,0.063970588235,0.065073529412,0.029656862745,0.036887254902,0.063970588235,0.065073529412,0.067034313725,0.08112745098,0.072181372549,0.07487745098,0.076102941176,0.078308823529,0.037745098039,0.049387254902,0.05799632352924999,0.017671641927145546,0.051470588235,0.041047427785586954,0.018783810666955062,0.188112745098,0.28627450980299995,"[[0.029656862745, 0.036887254902, 0.063970588235, 0.065073529412], [0.029656862745, 0.036887254902, 0.063970588235, 0.065073529412], [0.067034313725, 0.08112745098, 0.072181372549, 0.07487745098], [0.076102941176, 0.078308823529, 0.037745098039, 0.049387254902]]",0
121,576,576,21.5,21.5,21,22,0.13368055555555555,0.0,3,5.121527777777778,5.0,19.47889236111111,117.81770833333333,397.55555555555554,1.0,0.042419467787,0.042892156863,0.056932773109,0.064828431373,0.042419467787,0.042892156863,0.056932773109,0.064828431373,0.060976890756,0.074509803922,0.064600840336,0.073897058824,0.076348039216,0.065143557423,0.053799019608,0.059628851541,0.058940607493125,0.011205696820221801,0.033928571429,0.02947080038444863,0.01624519861068191,0.209541316527,0.27261904762,"[[0.042419467787, 0.042892156863, 0.056932773109, 0.064828431373], [0.042419467787, 0.042892156863, 0.056932773109, 0.064828431373], [0.060976890756, 0.074509803922, 0.064600840336, 0.073897058824], [0.076348039216, 0.065143557423, 0.053799019608, 0.059628851541]]",0
136,288,288,21.5,21.5,21,22,0.12152777777777778,0.0,3,5.204861111111111,5.0,20.04835416666667,120.68402777777777,443.40277777777777,1.0,0.039215686275,0.039215686275,0.056495098039,0.056495098039,0.039215686275,0.039215686275,0.056495098039,0.056495098039,0.068382352941,0.068382352941,0.059191176471,0.059191176471,0.073406862745,0.073406862745,0.055637254902,0.055637254902,0.056004901960875,0.01134985216090431,0.034191176469999994,0.03261462057994445,0.0037990196075000093,0.19325980392300002,0.254779411764,"[[0.039215686275, 0.039215686275, 0.056495098039, 0.056495098039], [0.039215686275, 0.039215686275, 0.056495098039, 0.056495098039], [0.068382352941, 0.068382352941, 0.059191176471, 0.059191176471], [0.073406862745, 0.073406862745, 0.055637254902, 0.055637254902]]",0
151,288,288,21.5,21.5,21,22,0.1388888888888889,0.0,4,5.163194444444445,5.0,19.376864583333333,118.26041666666667,386.5833333333333,1.0,0.04056372549,0.04056372549,0.058088235294,0.058088235294,0.04056372549,0.04056372549,0.058088235294,0.058088235294,0.063725490196,0.063725490196,0.052328431373,0.052328431373,0.066544117647,0.066544117647,0.057843137255,0.057843137255,0.054718137254874996,0.009082073034620587,0.025980392156999994,0.022359067788283213,0.007475490196499998,0.191299019608,0.246446078431,"[[0.04056372549, 0.04056372549, 0.058088235294, 0.058088235294], [0.04056372549, 0.04056372549, 0.058088235294, 0.058088235294], [0.063725490196, 0.063725490196, 0.052328431373, 0.052328431373], [0.066544117647, 0.066544117647, 0.057843137255, 0.057843137255]]",0
241,1152,1152,21.5,21.5,21,22,0.22743055555555555,0.0,8,5.481770833333333,6.0,19.686383680555554,118.32118055555556,381.2404513888889,1.0,0.03431372549,0.037517507003,0.057965686275,0.065021008403,0.047794117647,0.045973389356,0.045465686275,0.058403361345,0.055584733894,0.066299019608,0.049387254902,0.061764705882,0.057738095238,0.064460784314,0.06281512605,0.04725140056,0.053609725140125,0.009588842942869038,0.031985294117999996,0.018240937533855993,0.013103745273998992,0.176925770308,0.23452380952399998,"[[0.03431372549, 0.037517507003, 0.057965686275, 0.065021008403], [0.047794117647, 0.045973389356, 0.045465686275, 0.058403361345], [0.055584733894, 0.066299019608, 0.049387254902, 0.061764705882], [0.057738095238, 0.064460784314, 0.06281512605, 0.04725140056]]",0
310,576,576,21.5,21.5,21,22,0.2013888888888889,0.0,3,5.479166666666667,6.0,19.742696180555555,117.60069444444444,396.61284722222223,1.0,0.049264705882,0.051225490196,0.052941176471,0.054411764706,0.051225490196,0.049264705882,0.052941176471,0.054411764706,0.056617647059,0.065441176471,0.053676470588,0.054166666667,0.065441176471,0.056617647059,0.053676470588,0.054166666667,0.054718137255,0.004543826137785077,0.016176470589000007,0.011029411764999983,0.003929220475799652,0.20637254901899998,0.23823529411900002,"[[0.049264705882, 0.051225490196, 0.052941176471, 0.054411764706], [0.051225490196, 0.049264705882, 0.052941176471, 0.054411764706], [0.056617647059, 0.065441176471, 0.053676470588, 0.054166666667], [0.065441176471, 0.056617647059, 0.053676470588, 0.054166666667]]",0
311,1152,1152,21.5,21.5,21,22,0.18663194444444445,0.0,4,5.597222222222222,6.0,19.833272569444446,120.77604166666667,392.98090277777777,1.0,0.042542016807,0.043084733894,0.051050420168,0.054656862745,0.050490196078,0.046761204482,0.057965686275,0.051172969188,0.061169467787,0.072916666667,0.045220588235,0.057790616246,0.066176470588,0.053746498599,0.05318627451,0.055164565826,0.0539434523809375,0.007901676428065087,0.030374649860000005,0.01800208587091595,0.005013594194926331,0.18968837535,0.25171568627499996,"[[0.042542016807, 0.043084733894, 0.051050420168, 0.054656862745], [0.050490196078, 0.046761204482, 0.057965686275, 0.051172969188], [0.061169467787, 0.072916666667, 0.045220588235, 0.057790616246], [0.066176470588, 0.053746498599, 0.05318627451, 0.055164565826]]",0
321,576,576,21.5,21.5,21,22,0.1684027777777778,0.0,3,5.458333333333333,5.0,19.391491319444444,121.62326388888889,382.14930555555554,1.0,0.039530812325,0.039775910364,0.054779411765,0.055024509804,0.039775910364,0.039530812325,0.054779411765,0.055024509804,0.047619047619,0.072671568627,0.054429271709,0.058088235294,0.072671568627,0.047619047619,0.054429271709,0.058088235294,0.052739845938374996,0.010042891050474598,0.033140756302,0.021848739495499994,0.011692600696149571,0.191579131653,0.25514705882300004,"[[0.039530812325, 0.039775910364, 0.054779411765, 0.055024509804], [0.039775910364, 0.039530812325, 0.054779411765, 0.055024509804], [0.047619047619, 0.072671568627, 0.054429271709, 0.058088235294], [0.072671568627, 0.047619047619, 0.054429271709, 0.058088235294]]",0
346,1152,1152,21.5,21.5,21,22,0.17100694444444445,0.0,6,5.486111111111111,6.0,19.6338125,118.80815972222223,377.12847222222223,1.0,0.041421568627,0.041859243697,0.056740196078,0.061029411765,0.046761204482,0.05318627451,0.062149859944,0.056197478992,0.062867647059,0.065511204482,0.059331232493,0.05625,0.070045518207,0.052223389356,0.052941176471,0.050367647059,0.055555190826375,0.007776998844024648,0.028623949580000002,0.015390449751159396,0.006576127278852281,0.20430672268899996,0.258735994398,"[[0.041421568627, 0.041859243697, 0.056740196078, 0.061029411765], [0.046761204482, 0.05318627451, 0.062149859944, 0.056197478992], [0.062867647059, 0.065511204482, 0.059331232493, 0.05625], [0.070045518207, 0.052223389356, 0.052941176471, 0.050367647059]]",0
347,1152,1152,21.5,21.5,21,22,0.1440972222222222,0.0,6,5.4296875,6.0,19.552309895833332,118.62152777777777,374.2291666666667,1.0,0.038480392157,0.042279411765,0.052941176471,0.058088235294,0.039950980392,0.057230392157,0.063602941176,0.06887254902,0.055882352941,0.068995098039,0.047058823529,0.053553921569,0.068504901961,0.055269607843,0.051838235294,0.056740196078,0.054955575980375,0.009366282225796633,0.030514705882000004,0.01636852509175554,0.012528314900697638,0.19950980392099998,0.25919117647,"[[0.038480392157, 0.042279411765, 0.052941176471, 0.058088235294], [0.039950980392, 0.057230392157, 0.063602941176, 0.06887254902], [0.055882352941, 0.068995098039, 0.047058823529, 0.053553921569], [0.068504901961, 0.055269607843, 0.051838235294, 0.056740196078]]",0
352,1152,1152,21.5,21.5,21,22,0.19444444444444445,0.0,7,5.506944444444445,6.0,19.831590277777778,121.22829861111111,389.50086805555554,1.0,0.036414565826,0.049509803922,0.052398459384,0.063672969188,0.046568627451,0.054114145658,0.05350140056,0.062990196078,0.049159663866,0.057790616246,0.061642156863,0.050612745098,0.072916666667,0.046708683473,0.054604341737,0.054901960784,0.0542191876750625,0.00821940730402601,0.036502100841,0.00970998887184554,0.010933477168092471,0.207072829131,0.247881652661,"[[0.036414565826, 0.049509803922, 0.052398459384, 0.063672969188], [0.046568627451, 0.054114145658, 0.05350140056, 0.062990196078], [0.049159663866, 0.057790616246, 0.061642156863, 0.050612745098], [0.072916666667, 0.046708683473, 0.054604341737, 0.054901960784]]",0
356,576,576,21.5,21.5,21,22,0.2552083333333333,0.0,4,5.560763888888889,6.0,19.68926388888889,119.53993055555556,394.0677083333333,1.0,0.045343137255,0.054289215686,0.05931372549,0.060294117647,0.045343137255,0.05931372549,0.054289215686,0.060294117647,0.062009803922,0.047549019608,0.062745098039,0.058088235294,0.062009803922,0.062745098039,0.047549019608,0.058088235294,0.056204044117625,0.006154028604035885,0.017401960783999998,0.005575980392500006,0.00785294461841396,0.225490196078,0.224142156863,"[[0.045343137255, 0.054289215686, 0.05931372549, 0.060294117647], [0.045343137255, 0.05931372549, 0.054289215686, 0.060294117647], [0.062009803922, 0.047549019608, 0.062745098039, 0.058088235294], [0.062009803922, 0.062745098039, 0.047549019608, 0.058088235294]]",0
363,1152,1152,21.5,21.5,21,22,0.22569444444444445,0.0,6,5.513888888888889,6.0,19.569805555555558,119.17274305555556,394.98524305555554,1.0,0.033946078431,0.03762254902,0.056862745098,0.058088235294,0.045343137255,0.06887254902,0.053431372549,0.057475490196,0.05012254902,0.037990196078,0.060294117647,0.058455882353,0.066299019608,0.05931372549,0.06262254902,0.061151960784,0.0542432598039375,0.010120211546383333,0.03492647058900001,0.023166384148840032,0.017467749674330173,0.224264705882,0.215808823529,"[[0.033946078431, 0.03762254902, 0.056862745098, 0.058088235294], [0.045343137255, 0.06887254902, 0.053431372549, 0.057475490196], [0.05012254902, 0.037990196078, 0.060294117647, 0.058455882353], [0.066299019608, 0.05931372549, 0.06262254902, 0.061151960784]]",0
364,1152,1152,21.5,21.5,21,22,0.15364583333333334,0.0,3,5.518229166666667,6.0,19.71224652777778,119.80642361111111,350.32725694444446,1.0,0.042349439776,0.046271008403,0.049702380952,0.056932773109,0.047198879552,0.042542016807,0.059016106443,0.052398459384,0.053886554622,0.064303221289,0.057598039216,0.051348039216,0.063865546218,0.052100840336,0.048179271709,0.060119047619,0.052988226540687494,0.0066607005557216955,0.021953781512999995,0.013941727677110346,0.006158825426467631,0.202608543418,0.24411764705900002,"[[0.042349439776, 0.046271008403, 0.049702380952, 0.056932773109], [0.047198879552, 0.042542016807, 0.059016106443, 0.052398459384], [0.053886554622, 0.064303221289, 0.057598039216, 0.051348039216], [0.063865546218, 0.052100840336, 0.048179271709, 0.060119047619]]",0
369,1152,1152,21.5,21.5,21,22,0.22395833333333334,0.0,5,5.484375,6.0,19.433977430555554,119.84982638888889,382.4236111111111,1.0,0.037254901961,0.043382352941,0.057475490196,0.066789215686,0.041176470588,0.052696078431,0.054289215686,0.044852941176,0.055759803922,0.062254901961,0.050857843137,0.053431372549,0.063357843137,0.064705882353,0.051593137255,0.055514705882,0.05346200980381251,0.00831320332177771,0.029534313725000004,0.016126491791988405,0.009946119502101199,0.196323529411,0.24669117647,"[[0.037254901961, 0.043382352941, 0.057475490196, 0.066789215686], [0.041176470588, 0.052696078431, 0.054289215686, 0.044852941176], [0.055759803922, 0.062254901961, 0.050857843137, 0.053431372549], [0.063357843137, 0.064705882353, 0.051593137255, 0.055514705882]]",0
385,1152,1152,21.5,21.5,21,22,0.21614583333333334,0.0,6,5.465277777777778,6.0,19.5829296875,119.08246527777777,388.6701388888889,1.0,0.047128851541,0.052941176471,0.064338235294,0.065441176471,0.051960784314,0.060364145658,0.055042016807,0.065266106443,0.052100840336,0.064898459384,0.063848039216,0.048161764706,0.067594537815,0.060294117647,0.054551820728,0.048529411765,0.05765384278725,0.0068615202207525285,0.020465686273999993,0.0013567856577311457,0.008120554651304731,0.21987044818,0.25297619047700004,"[[0.047128851541, 0.052941176471, 0.064338235294, 0.065441176471], [0.051960784314, 0.060364145658, 0.055042016807, 0.065266106443], [0.052100840336, 0.064898459384, 0.063848039216, 0.048161764706], [0.067594537815, 0.060294117647, 0.054551820728, 0.048529411765]]",0
391,1152,1152,21.5,21.5,21,22,0.17274305555555555,0.0,4,5.459201388888889,6.0,19.94143142361111,120.13628472222223,377.5520833333333,1.0,0.045238095238,0.045955882353,0.050927871148,0.060906862745,0.051540616246,0.060416666667,0.051295518207,0.054044117647,0.051838235294,0.054114145658,0.060486694678,0.047566526611,0.058280812325,0.05,0.049632352941,0.046708683473,0.0524345675769375,0.0050538887048665404,0.015668767506999998,0.006052669610130498,0.001979428751053385,0.212850140056,0.224597338935,"[[0.045238095238, 0.045955882353, 0.050927871148, 0.060906862745], [0.051540616246, 0.060416666667, 0.051295518207, 0.054044117647], [0.051838235294, 0.054114145658, 0.060486694678, 0.047566526611], [0.058280812325, 0.05, 0.049632352941, 0.046708683473]]",0
399,576,576,21.5,21.5,21,22,0.22395833333333334,0.0,6,5.416666666666667,5.5,20.21915277777778,119.78472222222223,379.83680555555554,1.0,0.046446078431,0.047794117647,0.050735294118,0.057598039216,0.05012254902,0.059803921569,0.05012254902,0.0625,0.057598039216,0.047794117647,0.050735294118,0.046446078431,0.0625,0.059803921569,0.05012254902,0.05012254902,0.053140318627625,0.0055820161997409195,0.016053921569,0.009987745098499999,0.00629041861433682,0.207107843138,0.218014705883,"[[0.046446078431, 0.047794117647, 0.050735294118, 0.057598039216], [0.05012254902, 0.059803921569, 0.05012254902, 0.0625], [0.057598039216, 0.047794117647, 0.050735294118, 0.046446078431], [0.0625, 0.059803921569, 0.05012254902, 0.05012254902]]",0
417,1152,1152,21.5,21.5,21,22,0.1736111111111111,0.0,9,5.569444444444445,6.0,19.899452256944446,120.08159722222223,353.2317708333333,1.0,0.04431022409,0.047496498599,0.049947478992,0.058525910364,0.050140056022,0.048109243697,0.056320028011,0.049404761905,0.054184173669,0.055339635854,0.04768907563,0.053081232493,0.054866946779,0.059681372549,0.057107843137,0.055602240896,0.052612920167937505,0.004374393185050424,0.015371148458999999,0.010343001832501308,0.0046553322762294645,0.19571078431299999,0.225052521008,"[[0.04431022409, 0.047496498599, 0.049947478992, 0.058525910364], [0.050140056022, 0.048109243697, 0.056320028011, 0.049404761905], [0.054184173669, 0.055339635854, 0.04768907563, 0.053081232493], [0.054866946779, 0.059681372549, 0.057107843137, 0.055602240896]]",0
228,1152,1152,21.583333333333332,22.0,21,22,0.2517361111111111,0.0,8,5.530381944444445,6.0,19.635131076388888,119.71006944444444,390.01128472222223,1.0,0.034191176471,0.040336134454,0.061221988796,0.067095588235,0.041176470588,0.052030812325,0.04100140056,0.057169117647,0.061782212885,0.053431372549,0.073293067227,0.060302871148,0.073975840336,0.06281512605,0.053676470588,0.054901960784,0.05552510066518751,0.011356024018151776,0.03978466386500001,0.02534500136774646,0.012789965490503926,0.214417016807,0.23550420168000002,"[[0.034191176471, 0.040336134454, 0.061221988796, 0.067095588235], [0.041176470588, 0.052030812325, 0.04100140056, 0.057169117647], [0.061782212885, 0.053431372549, 0.073293067227, 0.060302871148], [0.073975840336, 0.06281512605, 0.053676470588, 0.054901960784]]",0
309,576,576,21.583333333333332,22.0,21,22,0.21875,0.0,4,5.434027777777778,6.0,19.76498090277778,118.60069444444444,401.94618055555554,1.0,0.043995098039,0.043995098039,0.054901960784,0.054901960784,0.054289215686,0.054289215686,0.055882352941,0.055882352941,0.056862745098,0.067156862745,0.05318627451,0.057598039216,0.067156862745,0.056862745098,0.057598039216,0.05318627451,0.055484068627375,0.005935330650502836,0.023161764706000003,0.015137160450629595,0.0003676470585000022,0.204656862745,0.245098039215,"[[0.043995098039, 0.043995098039, 0.054901960784, 0.054901960784], [0.054289215686, 0.054289215686, 0.055882352941, 0.055882352941], [0.056862745098, 0.067156862745, 0.05318627451, 0.057598039216], [0.067156862745, 0.056862745098, 0.057598039216, 0.05318627451]]",0
320,576,576,21.583333333333332,22.0,21,22,0.1892361111111111,0.0,5,5.451388888888889,6.0,19.687534722222225,119.21180555555556,379.28125,1.0,0.044485294118,0.044485294118,0.056862745098,0.056862745098,0.046568627451,0.046568627451,0.058946078431,0.058946078431,0.056985294118,0.066911764706,0.044975490196,0.057352941176,0.066911764706,0.056985294118,0.057352941176,0.044975490196,0.05413602941175,0.007471408299679142,0.022426470587999993,0.01011975938376542,0.00159313725400001,0.181004901961,0.24963235294099997,"[[0.044485294118, 0.044485294118, 0.056862745098, 0.056862745098], [0.046568627451, 0.046568627451, 0.058946078431, 0.058946078431], [0.056985294118, 0.066911764706, 0.044975490196, 0.057352941176], [0.066911764706, 0.056985294118, 0.057352941176, 0.044975490196]]",0
341,1152,1152,21.583333333333332,22.0,21,22,0.2126736111111111,0.0,3,5.552083333333333,6.0,19.655673611111112,119.85763888888889,414.11805555555554,1.0,0.031617647059,0.042279411765,0.062745098039,0.070465686275,0.047303921569,0.053799019608,0.058823529412,0.056617647059,0.063970588235,0.064705882353,0.055147058824,0.054534313725,0.064583333333,0.061397058824,0.045343137255,0.055269607843,0.055537683823625,0.009624216477997894,0.038848039216,0.011620327508973386,0.010398764533072652,0.195833333334,0.25857843137299996,"[[0.031617647059, 0.042279411765, 0.062745098039, 0.070465686275], [0.047303921569, 0.053799019608, 0.058823529412, 0.056617647059], [0.063970588235, 0.064705882353, 0.055147058824, 0.054534313725], [0.064583333333, 0.061397058824, 0.045343137255, 0.055269607843]]",0
355,576,576,21.583333333333332,22.0,21,22,0.1857638888888889,0.0,3,5.508680555555555,6.0,19.677789930555555,123.328125,376.4583333333333,1.0,0.043399859944,0.055637254902,0.05987394958,0.065441176471,0.052888655462,0.055024509804,0.052888655462,0.055024509804,0.05987394958,0.065441176471,0.043399859944,0.055637254902,0.066911764706,0.054481792717,0.066911764706,0.054481792717,0.05670737044825,0.006991414705223486,0.02351190476199999,0.009848716099577043,0.0037552521010000145,0.19630602240900002,0.25068277311,"[[0.043399859944, 0.055637254902, 0.05987394958, 0.065441176471], [0.052888655462, 0.055024509804, 0.052888655462, 0.055024509804], [0.05987394958, 0.065441176471, 0.043399859944, 0.055637254902], [0.066911764706, 0.054481792717, 0.066911764706, 0.054481792717]]",0
372,1152,1152,21.583333333333332,22.0,21,22,0.22135416666666666,0.0,8,5.592013888888889,6.0,19.822270833333334,119.375,394.0286458333333,1.0,0.038427871148,0.04068627451,0.055829831933,0.05987394958,0.04768907563,0.068329831933,0.053378851541,0.051733193277,0.050385154062,0.044380252101,0.061537114846,0.057370448179,0.059523809524,0.065441176471,0.062990196078,0.056337535014,0.05461966036418751,0.008380132175089655,0.029901960785000008,0.017722338589684555,0.013998020203560134,0.22463235294099998,0.217156862746,"[[0.038427871148, 0.04068627451, 0.055829831933, 0.05987394958], [0.04768907563, 0.068329831933, 0.053378851541, 0.051733193277], [0.050385154062, 0.044380252101, 0.061537114846, 0.057370448179], [0.059523809524, 0.065441176471, 0.062990196078, 0.056337535014]]",0
382,576,576,21.583333333333332,22.0,21,22,0.21875,0.0,5,5.413194444444445,5.5,19.61406597222222,118.87326388888889,381.94965277777777,1.0,0.038725490196,0.04375,0.054779411765,0.062254901961,0.044852941176,0.060906862745,0.044852941176,0.060906862745,0.054779411765,0.062254901961,0.038725490196,0.04375,0.070343137255,0.05306372549,0.070343137255,0.05306372549,0.0535845588235,0.010031771349507586,0.03161764705899999,0.019380188841261872,0.005637254901999997,0.191421568627,0.239705882353,"[[0.038725490196, 0.04375, 0.054779411765, 0.062254901961], [0.044852941176, 0.060906862745, 0.044852941176, 0.060906862745], [0.054779411765, 0.062254901961, 0.038725490196, 0.04375], [0.070343137255, 0.05306372549, 0.070343137255, 0.05306372549]]",0
106,72,72,21.666666666666668,22.0,21,22,0.5,0.0,7,4.583333333333333,4.0,19.15065277777778,115.75,496.15277777777777,1.0,0.044730392157,0.044730392157,0.107230392157,0.107230392157,0.044730392157,0.044730392157,0.107230392157,0.107230392157,0.107230392157,0.107230392157,0.044730392157,0.044730392157,0.107230392157,0.107230392157,0.044730392157,0.044730392157,0.075980392157,0.03125,0.0625,3.925231146709438e-17,3.925231146709438e-17,0.178921568628,0.428921568628,"[[0.044730392157, 0.044730392157, 0.107230392157, 0.107230392157], [0.044730392157, 0.044730392157, 0.107230392157, 0.107230392157], [0.107230392157, 0.107230392157, 0.044730392157, 0.044730392157], [0.107230392157, 0.107230392157, 0.044730392157, 0.044730392157]]",0
112,288,288,21.666666666666668,22.0,21,22,0.2048611111111111,0.0,5,5.229166666666667,5.0,19.613197916666664,120.54513888888889,428.2013888888889,1.0,0.032720588235,0.032720588235,0.066053921569,0.066053921569,0.032720588235,0.032720588235,0.066053921569,0.066053921569,0.074019607843,0.074019607843,0.082843137255,0.082843137255,0.077573529412,0.077573529412,0.046078431373,0.046078431373,0.059757965686375,0.018648596572856523,0.050122549020000004,0.04766869383686463,0.021997549020499996,0.194362745098,0.283700980393,"[[0.032720588235, 0.032720588235, 0.066053921569, 0.066053921569], [0.032720588235, 0.032720588235, 0.066053921569, 0.066053921569], [0.074019607843, 0.074019607843, 0.082843137255, 0.082843137255], [0.077573529412, 0.077573529412, 0.046078431373, 0.046078431373]]",0
115,288,288,21.666666666666668,22.0,21,22,0.18055555555555555,0.0,8,5.243055555555555,5.0,19.82265625,119.52430555555556,394.96527777777777,1.0,0.036642156863,0.036642156863,0.068504901961,0.068504901961,0.036642156863,0.036642156863,0.068504901961,0.068504901961,0.074142156863,0.074142156863,0.045833333333,0.045833333333,0.083333333333,0.083333333333,0.063357843137,0.063357843137,0.05962009803925,0.016549563373820318,0.04669117647,0.03393125428336092,0.007720588235000006,0.182475490196,0.29448529411799995,"[[0.036642156863, 0.036642156863, 0.068504901961, 0.068504901961], [0.036642156863, 0.036642156863, 0.068504901961, 0.068504901961], [0.074142156863, 0.074142156863, 0.045833333333, 0.045833333333], [0.083333333333, 0.083333333333, 0.063357843137, 0.063357843137]]",0
117,576,576,21.666666666666668,22.0,21,22,0.18055555555555555,0.0,5,5.345486111111111,5.0,20.038779513888887,118.515625,422.47569444444446,1.0,0.036397058824,0.052818627451,0.058946078431,0.061397058824,0.036397058824,0.052818627451,0.058946078431,0.061397058824,0.055882352941,0.07818627451,0.072303921569,0.049264705882,0.096078431373,0.069730392157,0.065441176471,0.066053921569,0.06075367647075,0.01434245711480694,0.059681372548999995,0.036555573486413175,0.012528502202720889,0.227573529413,0.294607843138,"[[0.036397058824, 0.052818627451, 0.058946078431, 0.061397058824], [0.036397058824, 0.052818627451, 0.058946078431, 0.061397058824], [0.055882352941, 0.07818627451, 0.072303921569, 0.049264705882], [0.096078431373, 0.069730392157, 0.065441176471, 0.066053921569]]",0
119,576,576,21.666666666666668,22.0,21,22,0.17708333333333334,0.0,3,5.387152777777778,5.0,20.107411458333335,122.76388888888889,411.6076388888889,1.0,0.037745098039,0.043277310924,0.055094537815,0.06556372549,0.037745098039,0.043277310924,0.055094537815,0.06556372549,0.057843137255,0.077696078431,0.051225490196,0.055217086835,0.060364145658,0.066789215686,0.06906512605,0.077100840336,0.0574164040614375,0.012226018688635607,0.039950980392,0.030098375820369123,0.024684664423493843,0.209348739495,0.258718487394,"[[0.037745098039, 0.043277310924, 0.055094537815, 0.06556372549], [0.037745098039, 0.043277310924, 0.055094537815, 0.06556372549], [0.057843137255, 0.077696078431, 0.051225490196, 0.055217086835], [0.060364145658, 0.066789215686, 0.06906512605, 0.077100840336]]",0
122,576,576,21.666666666666668,22.0,21,22,0.234375,0.0,5,5.402777777777778,5.0,19.75515451388889,119.66666666666667,412.1076388888889,1.0,0.042401960784,0.048897058824,0.058700980392,0.061029411765,0.042401960784,0.048897058824,0.058700980392,0.061029411765,0.067524509804,0.061274509804,0.085049019608,0.064705882353,0.072303921569,0.074019607843,0.047058823529,0.052328431373,0.0591452205883125,0.011570006288756436,0.042647058824,0.028066200443167412,0.00906137925746308,0.228676470589,0.25330882353,"[[0.042401960784, 0.048897058824, 0.058700980392, 0.061029411765], [0.042401960784, 0.048897058824, 0.058700980392, 0.061029411765], [0.067524509804, 0.061274509804, 0.085049019608, 0.064705882353], [0.072303921569, 0.074019607843, 0.047058823529, 0.052328431373]]",0
127,576,576,21.666666666666668,22.0,21,22,0.20833333333333334,0.0,6,5.487847222222222,5.0,19.527866319444442,120.03472222222223,445.5729166666667,1.0,0.037762605042,0.044117647059,0.053991596639,0.059803921569,0.037762605042,0.044117647059,0.053991596639,0.059803921569,0.05681022409,0.066176470588,0.056022408964,0.064338235294,0.080882352941,0.061099439776,0.061887254902,0.054726890756,0.0558309261205625,0.01072175196055612,0.043119747899000006,0.028168656999487028,0.010066841541592776,0.192629551821,0.260854341737,"[[0.037762605042, 0.044117647059, 0.053991596639, 0.059803921569], [0.037762605042, 0.044117647059, 0.053991596639, 0.059803921569], [0.05681022409, 0.066176470588, 0.056022408964, 0.064338235294], [0.080882352941, 0.061099439776, 0.061887254902, 0.054726890756]]",0
134,576,576,21.666666666666668,22.0,21,22,0.19270833333333334,0.0,3,5.345486111111111,5.0,19.379868055555555,119.12152777777777,433.0260416666667,1.0,0.032965686275,0.03443627451,0.054656862745,0.056004901961,0.032965686275,0.03443627451,0.054656862745,0.056004901961,0.051225490196,0.074019607843,0.061274509804,0.066299019608,0.078308823529,0.074387254902,0.048284313725,0.058333333333,0.054266237745125,0.014423947943796174,0.04534313725399999,0.03906877112219207,0.014604011692690199,0.187009803922,0.262990196078,"[[0.032965686275, 0.03443627451, 0.054656862745, 0.056004901961], [0.032965686275, 0.03443627451, 0.054656862745, 0.056004901961], [0.051225490196, 0.074019607843, 0.061274509804, 0.066299019608], [0.078308823529, 0.074387254902, 0.048284313725, 0.058333333333]]",0
149,576,576,21.666666666666668,22.0,21,22,0.171875,0.0,5,5.395833333333333,5.0,19.548279513888886,119.28125,368.46875,1.0,0.03737745098,0.045220588235,0.064338235294,0.065808823529,0.03737745098,0.045220588235,0.064338235294,0.065808823529,0.062132352941,0.070955882353,0.050490196078,0.053921568627,0.063112745098,0.080269607843,0.049019607843,0.044117647059,0.056219362744875004,0.012201899782942146,0.042892156863,0.012137303407040924,0.015285257771943289,0.17720588235200002,0.26421568627399994,"[[0.03737745098, 0.045220588235, 0.064338235294, 0.065808823529], [0.03737745098, 0.045220588235, 0.064338235294, 0.065808823529], [0.062132352941, 0.070955882353, 0.050490196078, 0.053921568627], [0.063112745098, 0.080269607843, 0.049019607843, 0.044117647059]]",0
158,72,72,21.666666666666668,22.0,21,22,0.625,0.0,7,4.638888888888889,4.0,20.168333333333333,125.04166666666667,521.9305555555555,1.0,0.046691176471,0.046691176471,0.074448529412,0.074448529412,0.046691176471,0.046691176471,0.074448529412,0.074448529412,0.074448529412,0.074448529412,0.046691176471,0.046691176471,0.074448529412,0.074448529412,0.046691176471,0.046691176471,0.060569852941499996,0.013878676470500003,0.027757352941000006,1.962615573354719e-17,1.962615573354719e-17,0.186764705884,0.297794117648,"[[0.046691176471, 0.046691176471, 0.074448529412, 0.074448529412], [0.046691176471, 0.046691176471, 0.074448529412, 0.074448529412], [0.074448529412, 0.074448529412, 0.046691176471, 0.046691176471], [0.074448529412, 0.074448529412, 0.046691176471, 0.046691176471]]",0
161,288,288,21.666666666666668,22.0,21,22,0.2048611111111111,0.0,5,5.222222222222222,5.0,20.292774305555557,122.29166666666667,419.60069444444446,1.0,0.045955882353,0.045955882353,0.060784313725,0.060784313725,0.045955882353,0.045955882353,0.060784313725,0.060784313725,0.058578431373,0.058578431373,0.061642156863,0.061642156863,0.069240196078,0.069240196078,0.051960784314,0.051960784314,0.056862745098,0.007678652057595296,0.023284313725,0.013987777523596616,0.007720588235000006,0.205514705883,0.249387254901,"[[0.045955882353, 0.045955882353, 0.060784313725, 0.060784313725], [0.045955882353, 0.045955882353, 0.060784313725, 0.060784313725], [0.058578431373, 0.058578431373, 0.061642156863, 0.061642156863], [0.069240196078, 0.069240196078, 0.051960784314, 0.051960784314]]",0
168,72,72,21.666666666666668,22.0,21,22,0.375,0.0,5,4.708333333333333,4.0,19.309708333333333,117.23611111111111,427.4861111111111,1.0,0.054289215686,0.054289215686,0.065931372549,0.065931372549,0.054289215686,0.054289215686,0.065931372549,0.065931372549,0.054289215686,0.054289215686,0.065931372549,0.065931372549,0.054289215686,0.054289215686,0.065931372549,0.065931372549,0.060110294117500004,0.005821078431499999,0.011642156862999999,0.0,0.023284313725999997,0.24044117647000002,0.24044117647000002,"[[0.054289215686, 0.054289215686, 0.065931372549, 0.065931372549], [0.054289215686, 0.054289215686, 0.065931372549, 0.065931372549], [0.054289215686, 0.054289215686, 0.065931372549, 0.065931372549], [0.054289215686, 0.054289215686, 0.065931372549, 0.065931372549]]",0
209,144,144,21.666666666666668,22.0,21,22,0.4722222222222222,0.0,8,5.319444444444445,5.0,19.84520138888889,118.88194444444444,374.9375,1.0,0.040318627451,0.040318627451,0.107965686275,0.107965686275,0.040318627451,0.107965686275,0.040318627451,0.107965686275,0.107965686275,0.040318627451,0.107965686275,0.040318627451,0.107965686275,0.107965686275,0.040318627451,0.040318627451,0.07414215686299999,0.033823529412,0.067647058824,2.7755575615628914e-17,2.7755575615628914e-17,0.29656862745199997,0.29656862745199997,"[[0.040318627451, 0.040318627451, 0.107965686275, 0.107965686275], [0.040318627451, 0.107965686275, 0.040318627451, 0.107965686275], [0.107965686275, 0.040318627451, 0.107965686275, 0.040318627451], [0.107965686275, 0.107965686275, 0.040318627451, 0.040318627451]]",0
216,1152,1152,21.666666666666668,22.0,21,22,0.22395833333333334,0.0,7,5.578993055555555,6.0,19.8321171875,121.04253472222223,380.76128472222223,1.0,0.028676470588,0.029901960784,0.067401960784,0.068137254902,0.032598039216,0.066421568627,0.037867647059,0.075857843137,0.063725490196,0.087990196078,0.069362745098,0.077696078431,0.065441176471,0.0375,0.076225490196,0.044485294118,0.05808057598031251,0.01890849708244634,0.059313725490000004,0.03979300602130194,0.02895742509223467,0.208946078431,0.25943627451,"[[0.028676470588, 0.029901960784, 0.067401960784, 0.068137254902], [0.032598039216, 0.066421568627, 0.037867647059, 0.075857843137], [0.063725490196, 0.087990196078, 0.069362745098, 0.077696078431], [0.065441176471, 0.0375, 0.076225490196, 0.044485294118]]",0
231,1152,1152,21.666666666666668,22.0,21,22,0.24739583333333334,0.0,8,5.643229166666667,6.0,19.93450607638889,120.22135416666667,395.8810763888889,1.0,0.030269607843,0.038235294118,0.057107843137,0.064338235294,0.032352941176,0.054901960784,0.033210784314,0.055269607843,0.056004901961,0.060661764706,0.071446078431,0.066053921569,0.073161764706,0.05931372549,0.054411764706,0.052450980392,0.053699448529375,0.013052780786528736,0.042892156863,0.032769591230112964,0.016414336414168812,0.20906862745000002,0.23137254901999998,"[[0.030269607843, 0.038235294118, 0.057107843137, 0.064338235294], [0.032352941176, 0.054901960784, 0.033210784314, 0.055269607843], [0.056004901961, 0.060661764706, 0.071446078431, 0.066053921569], [0.073161764706, 0.05931372549, 0.054411764706, 0.052450980392]]",0
232,1152,1152,21.666666666666668,22.0,21,22,0.2604166666666667,0.0,6,5.715277777777778,6.0,19.81488454861111,118.33767361111111,385.48871527777777,1.0,0.033333333333,0.044975490196,0.061642156863,0.066421568627,0.039460784314,0.056495098039,0.038480392157,0.055759803922,0.071446078431,0.050367647059,0.072058823529,0.056495098039,0.074387254902,0.067892156863,0.045588235294,0.043382352941,0.0548866421568125,0.01277759947543576,0.041053921569,0.023032125655652876,0.001608382934790816,0.205269607842,0.22965686274499997,"[[0.033333333333, 0.044975490196, 0.061642156863, 0.066421568627], [0.039460784314, 0.056495098039, 0.038480392157, 0.055759803922], [0.071446078431, 0.050367647059, 0.072058823529, 0.056495098039], [0.074387254902, 0.067892156863, 0.045588235294, 0.043382352941]]",0
233,576,576,21.666666666666668,22.0,21,22,0.4045138888888889,0.0,10,5.644097222222222,6.0,19.913067708333333,120.82986111111111,387.30381944444446,1.0,0.045343137255,0.052450980392,0.057720588235,0.069362745098,0.052450980392,0.045343137255,0.057720588235,0.069362745098,0.057598039216,0.069240196078,0.066666666667,0.057720588235,0.069240196078,0.057598039216,0.066666666667,0.057720588235,0.059512867647,0.007933792082830222,0.024019607843,0.013174019607999993,0.013553860626296805,0.215073529412,0.265563725489,"[[0.045343137255, 0.052450980392, 0.057720588235, 0.069362745098], [0.052450980392, 0.045343137255, 0.057720588235, 0.069362745098], [0.057598039216, 0.069240196078, 0.066666666667, 0.057720588235], [0.069240196078, 0.057598039216, 0.066666666667, 0.057720588235]]",0
244,1152,1152,21.666666666666668,22.0,21,22,0.2769097222222222,0.0,7,5.65625,6.0,19.75837152777778,119.44357638888889,385.72222222222223,1.0,0.034208683473,0.037009803922,0.055882352941,0.064163165266,0.037762605042,0.052328431373,0.041421568627,0.058403361345,0.059138655462,0.065441176471,0.061029411765,0.049772408964,0.074019607843,0.051050420168,0.053256302521,0.061764705882,0.0535407913165625,0.010962423810257886,0.03981092437000001,0.02363671337367279,0.011782362461240968,0.209331232493,0.245045518207,"[[0.034208683473, 0.037009803922, 0.055882352941, 0.064163165266], [0.037762605042, 0.052328431373, 0.041421568627, 0.058403361345], [0.059138655462, 0.065441176471, 0.061029411765, 0.049772408964], [0.074019607843, 0.051050420168, 0.053256302521, 0.061764705882]]",0
245,1152,1152,21.666666666666668,22.0,21,22,0.2803819444444444,0.0,7,5.681423611111111,6.0,19.71069357638889,120.07204861111111,387.20225694444446,1.0,0.038848039216,0.047794117647,0.055637254902,0.067892156863,0.046323529412,0.053676470588,0.045343137255,0.065073529412,0.060049019608,0.05012254902,0.065073529412,0.065808823529,0.063602941176,0.054044117647,0.059926470588,0.056740196078,0.055997242647062496,0.008310715407318951,0.029044117647000003,0.013900909560149827,0.01977759983147178,0.21433823529399998,0.22696078431400002,"[[0.038848039216, 0.047794117647, 0.055637254902, 0.067892156863], [0.046323529412, 0.053676470588, 0.045343137255, 0.065073529412], [0.060049019608, 0.05012254902, 0.065073529412, 0.065808823529], [0.063602941176, 0.054044117647, 0.059926470588, 0.056740196078]]",0
258,1152,1152,21.666666666666668,22.0,21,22,0.2569444444444444,0.0,8,5.671875,6.0,19.835546875,119.81597222222223,380.6744791666667,1.0,0.03737745098,0.056985294118,0.057107843137,0.067892156863,0.045588235294,0.066666666667,0.05318627451,0.064950980392,0.063357843137,0.052083333333,0.063112745098,0.046568627451,0.080024509804,0.03762254902,0.068014705882,0.041544117647,0.0563802083333125,0.011925762997626604,0.042647058824,0.004020256964379221,0.010274905843784425,0.208700980392,0.25318627451,"[[0.03737745098, 0.056985294118, 0.057107843137, 0.067892156863], [0.045588235294, 0.066666666667, 0.05318627451, 0.064950980392], [0.063357843137, 0.052083333333, 0.063112745098, 0.046568627451], [0.080024509804, 0.03762254902, 0.068014705882, 0.041544117647]]",0
259,1152,1152,21.666666666666668,22.0,21,22,0.2560763888888889,0.0,6,5.716145833333333,6.0,19.59941753472222,118.58333333333333,380.53993055555554,1.0,0.035784313725,0.042892156863,0.062990196078,0.074632352941,0.048161764706,0.050612745098,0.055882352941,0.060661764706,0.056617647059,0.075612745098,0.051593137255,0.037990196078,0.058578431373,0.061887254902,0.054534313725,0.048406862745,0.0548023897058125,0.01088491426191366,0.039828431373,0.003464449080035604,0.01205734606294016,0.186397058823,0.264705882353,"[[0.035784313725, 0.042892156863, 0.062990196078, 0.074632352941], [0.048161764706, 0.050612745098, 0.055882352941, 0.060661764706], [0.056617647059, 0.075612745098, 0.051593137255, 0.037990196078], [0.058578431373, 0.061887254902, 0.054534313725, 0.048406862745]]",0
260,576,576,21.666666666666668,22.0,21,22,0.4027777777777778,0.0,7,5.788194444444445,6.0,19.888946180555553,120.13888888888889,367.85590277777777,1.0,0.042892156863,0.04987745098,0.052573529412,0.070710784314,0.042892156863,0.052573529412,0.04987745098,0.070710784314,0.054289215686,0.0625,0.064460784314,0.045220588235,0.054289215686,0.064460784314,0.0625,0.045220588235,0.055315563725500005,0.009128655309625458,0.027818627451000007,0.005208333333000005,0.015562639880351024,0.205147058824,0.23737745098000002,"[[0.042892156863, 0.04987745098, 0.052573529412, 0.070710784314], [0.042892156863, 0.052573529412, 0.04987745098, 0.070710784314], [0.054289215686, 0.0625, 0.064460784314, 0.045220588235], [0.054289215686, 0.064460784314, 0.0625, 0.045220588235]]",0
296,1152,1152,21.666666666666668,22.0,21,22,0.24305555555555555,0.0,7,5.689236111111111,6.0,19.577932291666666,119.55989583333333,393.640625,1.0,0.031985294118,0.050857843137,0.0625,0.063112745098,0.055392156863,0.085416666667,0.06568627451,0.052450980392,0.058210784314,0.076593137255,0.048529411765,0.045220588235,0.058333333333,0.061642156863,0.064215686275,0.07806372549,0.059888174019687504,0.012793518882355472,0.053431372548999996,0.0222456641597286,0.024969851432698826,0.24399509804000002,0.263725490196,"[[0.031985294118, 0.050857843137, 0.0625, 0.063112745098], [0.055392156863, 0.085416666667, 0.06568627451, 0.052450980392], [0.058210784314, 0.076593137255, 0.048529411765, 0.045220588235], [0.058333333333, 0.061642156863, 0.064215686275, 0.07806372549]]",0
298,1152,1152,21.666666666666668,22.0,21,22,0.2230902777777778,0.0,6,5.697916666666667,6.0,19.728441840277778,119.49392361111111,355.9947916666667,1.0,0.03125,0.044852941176,0.059681372549,0.066299019608,0.04681372549,0.055882352941,0.073651960784,0.071078431373,0.062745098039,0.078553921569,0.036151960784,0.038480392157,0.06887254902,0.080147058824,0.049754901961,0.060049019608,0.057766544117687495,0.01476714891754575,0.048897058824,0.02295210966371503,0.01887762139011063,0.183333333333,0.287377450981,"[[0.03125, 0.044852941176, 0.059681372549, 0.066299019608], [0.04681372549, 0.055882352941, 0.073651960784, 0.071078431373], [0.062745098039, 0.078553921569, 0.036151960784, 0.038480392157], [0.06887254902, 0.080147058824, 0.049754901961, 0.060049019608]]",0
304,576,576,21.666666666666668,22.0,21,22,0.2361111111111111,0.0,5,5.592013888888889,6.0,20.298715277777777,121.22048611111111,402.5607638888889,1.0,0.035906862745,0.035906862745,0.057475490196,0.057475490196,0.05,0.05,0.061029411765,0.061029411765,0.061642156863,0.061642156863,0.044117647059,0.044117647059,0.070710784314,0.070710784314,0.053308823529,0.053308823529,0.054273897058875004,0.010247222912050857,0.03480392156900001,0.021984061078723367,0.001164215686499992,0.183333333333,0.250857843138,"[[0.035906862745, 0.035906862745, 0.057475490196, 0.057475490196], [0.05, 0.05, 0.061029411765, 0.061029411765], [0.061642156863, 0.061642156863, 0.044117647059, 0.044117647059], [0.070710784314, 0.070710784314, 0.053308823529, 0.053308823529]]",0
305,1152,1152,21.666666666666668,22.0,21,22,0.1970486111111111,0.0,5,5.669270833333333,6.0,19.921620659722223,119.42447916666667,376.45659722222223,1.0,0.037027310924,0.053799019608,0.057668067227,0.05975140056,0.051348039216,0.056320028011,0.055339635854,0.063970588235,0.055287114846,0.062079831933,0.069240196078,0.042769607843,0.079901960784,0.053448879552,0.059506302521,0.054289215686,0.056984199929875,0.009462839617853467,0.042874649859999996,0.013781644346138664,0.008162201195698665,0.216876750699,0.25707282913100005,"[[0.037027310924, 0.053799019608, 0.057668067227, 0.05975140056], [0.051348039216, 0.056320028011, 0.055339635854, 0.063970588235], [0.055287114846, 0.062079831933, 0.069240196078, 0.042769607843], [0.079901960784, 0.053448879552, 0.059506302521, 0.054289215686]]",0
317,576,576,21.666666666666668,22.0,21,22,0.1909722222222222,0.0,4,5.458333333333333,6.0,19.879881944444445,118.76388888888889,368.5885416666667,1.0,0.043504901961,0.043504901961,0.067034313725,0.067034313725,0.054289215686,0.054289215686,0.05943627451,0.05943627451,0.056740196078,0.056740196078,0.052328431373,0.052328431373,0.057598039216,0.057598039216,0.049509803922,0.049509803922,0.055055147058875,0.006559163667187746,0.023529411764000002,0.004832535331099411,0.00808823529450002,0.199632352942,0.24080882352900002,"[[0.043504901961, 0.043504901961, 0.067034313725, 0.067034313725], [0.054289215686, 0.054289215686, 0.05943627451, 0.05943627451], [0.056740196078, 0.056740196078, 0.052328431373, 0.052328431373], [0.057598039216, 0.057598039216, 0.049509803922, 0.049509803922]]",0
319,576,576,21.666666666666668,22.0,21,22,0.3524305555555556,0.0,6,5.684027777777778,6.0,19.461147569444442,120.31076388888889,388.2291666666667,1.0,0.042279411765,0.043382352941,0.053799019608,0.057352941176,0.042279411765,0.043382352941,0.057352941176,0.053799019608,0.050735294118,0.063357843137,0.057843137255,0.061397058824,0.050735294118,0.063357843137,0.061397058824,0.057843137255,0.053768382352999994,0.0073201243781742765,0.02107843137200001,0.018259803922000023,0.018134356551282763,0.201348039216,0.228799019607,"[[0.042279411765, 0.043382352941, 0.053799019608, 0.057352941176], [0.042279411765, 0.043382352941, 0.057352941176, 0.053799019608], [0.050735294118, 0.063357843137, 0.057843137255, 0.061397058824], [0.050735294118, 0.063357843137, 0.061397058824, 0.057843137255]]",0
323,144,144,21.666666666666668,22.0,21,22,0.5416666666666666,0.0,11,5.118055555555555,5.0,19.6986875,121.70833333333333,388.1666666666667,1.0,0.052696078431,0.052696078431,0.056004901961,0.056004901961,0.052696078431,0.052696078431,0.056004901961,0.056004901961,0.052696078431,0.052696078431,0.056004901961,0.056004901961,0.052696078431,0.052696078431,0.056004901961,0.056004901961,0.054350490195999995,0.0016544117649999988,0.0033088235299999977,0.0,0.006617647059999995,0.21740196078399998,0.21740196078399998,"[[0.052696078431, 0.052696078431, 0.056004901961, 0.056004901961], [0.052696078431, 0.052696078431, 0.056004901961, 0.056004901961], [0.052696078431, 0.052696078431, 0.056004901961, 0.056004901961], [0.052696078431, 0.052696078431, 0.056004901961, 0.056004901961]]",0
331,576,576,21.666666666666668,22.0,21,22,0.22395833333333334,0.0,9,5.508680555555555,6.0,19.664996527777777,120.75868055555556,390.6701388888889,1.0,0.033088235294,0.040441176471,0.060171568627,0.074264705882,0.047549019608,0.062990196078,0.066299019608,0.068137254902,0.060171568627,0.074264705882,0.033088235294,0.040441176471,0.066299019608,0.068137254902,0.047549019608,0.062990196078,0.05661764705875,0.013641115178197922,0.041176470588,0.018504901961000006,0.019362745097999998,0.19215686274399998,0.28112745098,"[[0.033088235294, 0.040441176471, 0.060171568627, 0.074264705882], [0.047549019608, 0.062990196078, 0.066299019608, 0.068137254902], [0.060171568627, 0.074264705882, 0.033088235294, 0.040441176471], [0.066299019608, 0.068137254902, 0.047549019608, 0.062990196078]]",0
340,1152,1152,21.666666666666668,22.0,21,22,0.2543402777777778,0.0,6,5.652777777777778,6.0,19.88669965277778,121.08246527777777,391.3515625,1.0,0.035539215686,0.048529411765,0.061642156863,0.062132352941,0.050980392157,0.061397058824,0.042156862745,0.039950980392,0.051838235294,0.050612745098,0.062990196078,0.060906862745,0.060539215686,0.05625,0.04362745098,0.052573529412,0.052604166666625,0.008542851195805374,0.027450980391999995,0.011411215643194104,0.007067583752939736,0.2125,0.21544117647,"[[0.035539215686, 0.048529411765, 0.061642156863, 0.062132352941], [0.050980392157, 0.061397058824, 0.042156862745, 0.039950980392], [0.051838235294, 0.050612745098, 0.062990196078, 0.060906862745], [0.060539215686, 0.05625, 0.04362745098, 0.052573529412]]",0
354,1152,1152,21.666666666666668,22.0,21,22,0.2699652777777778,0.0,8,5.714409722222222,6.0,19.9950234375,122.32638888888889,369.9635416666667,1.0,0.040931372549,0.051838235294,0.058088235294,0.070588235294,0.045710784314,0.067401960784,0.052941176471,0.048651960784,0.055147058824,0.060539215686,0.076593137255,0.056617647059,0.060049019608,0.055882352941,0.049632352941,0.066299019608,0.05730698529412501,0.009159245494402342,0.035661764706,0.01289635569646462,0.01599358610374235,0.251225490196,0.244117647059,"[[0.040931372549, 0.051838235294, 0.058088235294, 0.070588235294], [0.045710784314, 0.067401960784, 0.052941176471, 0.048651960784], [0.055147058824, 0.060539215686, 0.076593137255, 0.056617647059], [0.060049019608, 0.055882352941, 0.049632352941, 0.066299019608]]",0
358,1152,1152,21.666666666666668,22.0,21,22,0.24739583333333334,0.0,11,5.624131944444445,6.0,19.67300173611111,119.10503472222223,379.1666666666667,1.0,0.040756302521,0.042664565826,0.050017507003,0.055532212885,0.048109243697,0.045903361345,0.05668767507,0.055042016807,0.053011204482,0.060066526611,0.049404761905,0.051295518207,0.064583333333,0.055602240896,0.053273809524,0.053431372549,0.0522113532913125,0.005921935258088683,0.023827030811999994,0.013735018463680922,0.004150182164755059,0.18949579831999996,0.236869747899,"[[0.040756302521, 0.042664565826, 0.050017507003, 0.055532212885], [0.048109243697, 0.045903361345, 0.05668767507, 0.055042016807], [0.053011204482, 0.060066526611, 0.049404761905, 0.051295518207], [0.064583333333, 0.055602240896, 0.053273809524, 0.053431372549]]",0
380,288,288,21.666666666666668,22.0,21,22,0.2743055555555556,0.0,6,5.732638888888889,6.0,19.66472222222222,118.29166666666667,389.9479166666667,1.0,0.043075980392,0.043075980392,0.063602941176,0.063602941176,0.051164215686,0.092769607843,0.051164215686,0.092769607843,0.063602941176,0.063602941176,0.043075980392,0.043075980392,0.092769607843,0.051164215686,0.092769607843,0.051164215686,0.06265318627425,0.01886242506819938,0.04969362745099999,0.03725490196099999,0.0,0.23008578431299997,0.271139705881,"[[0.043075980392, 0.043075980392, 0.063602941176, 0.063602941176], [0.051164215686, 0.092769607843, 0.051164215686, 0.092769607843], [0.063602941176, 0.063602941176, 0.043075980392, 0.043075980392], [0.092769607843, 0.051164215686, 0.092769607843, 0.051164215686]]",0
381,1152,1152,21.666666666666668,22.0,21,22,0.19270833333333334,0.0,5,5.681423611111111,6.0,19.697056423611112,119.58159722222223,373.17881944444446,1.0,0.039093137255,0.045465686275,0.060294117647,0.066789215686,0.044240196078,0.077941176471,0.082720588235,0.050980392157,0.058333333333,0.071200980392,0.044240196078,0.051715686275,0.07181372549,0.059068627451,0.054044117647,0.082475490196,0.06002604166662501,0.013667115527877511,0.04362745098,0.022459824488463356,0.016086017674824687,0.24375000000000002,0.292524509803,"[[0.039093137255, 0.045465686275, 0.060294117647, 0.066789215686], [0.044240196078, 0.077941176471, 0.082720588235, 0.050980392157], [0.058333333333, 0.071200980392, 0.044240196078, 0.051715686275], [0.07181372549, 0.059068627451, 0.054044117647, 0.082475490196]]",0
390,1152,1152,21.666666666666668,22.0,21,22,0.2248263888888889,0.0,5,5.696180555555555,6.0,19.769814236111113,120.11111111111111,379.46440972222223,1.0,0.045955882353,0.049387254902,0.056617647059,0.059191176471,0.05,0.05637254902,0.067524509804,0.05625,0.058455882353,0.063970588235,0.053676470588,0.050490196078,0.060539215686,0.052573529412,0.058088235294,0.050245098039,0.055583639705875,0.005570922740938927,0.021568627451,0.007159094614632733,0.008316364192801502,0.20625,0.25122549019600005,"[[0.045955882353, 0.049387254902, 0.056617647059, 0.059191176471], [0.05, 0.05637254902, 0.067524509804, 0.05625], [0.058455882353, 0.063970588235, 0.053676470588, 0.050490196078], [0.060539215686, 0.052573529412, 0.058088235294, 0.050245098039]]",0
401,1152,1152,21.666666666666668,22.0,21,22,0.23177083333333334,0.0,5,5.712673611111111,6.0,19.680585069444444,120.00954861111111,378.6536458333333,1.0,0.045220588235,0.048161764706,0.056740196078,0.063480392157,0.049509803922,0.0625,0.054901960784,0.051348039216,0.058823529412,0.049142156863,0.053799019608,0.060906862745,0.064705882353,0.05637254902,0.058578431373,0.057720588235,0.055744485294187504,0.005644555661105044,0.019485294118,0.008910544188067887,0.006696886254954979,0.21924019607800002,0.23223039215700003,"[[0.045220588235, 0.048161764706, 0.056740196078, 0.063480392157], [0.049509803922, 0.0625, 0.054901960784, 0.051348039216], [0.058823529412, 0.049142156863, 0.053799019608, 0.060906862745], [0.064705882353, 0.05637254902, 0.058578431373, 0.057720588235]]",0
403,576,576,21.666666666666668,22.0,21,22,0.25,0.0,9,5.588541666666667,6.0,19.89170659722222,120.14583333333333,380.421875,1.0,0.048231792717,0.050385154062,0.053746498599,0.057195378151,0.049579831933,0.052345938375,0.055707282913,0.059261204482,0.053746498599,0.057195378151,0.048231792717,0.050385154062,0.055707282913,0.059261204482,0.049579831933,0.052345938375,0.053306635154,0.0036338148957438744,0.011029411765000004,0.0036677170870000053,0.005961134453999996,0.201155462184,0.225805322128,"[[0.048231792717, 0.050385154062, 0.053746498599, 0.057195378151], [0.049579831933, 0.052345938375, 0.055707282913, 0.059261204482], [0.053746498599, 0.057195378151, 0.048231792717, 0.050385154062], [0.055707282913, 0.059261204482, 0.049579831933, 0.052345938375]]",0
404,576,576,21.666666666666668,22.0,21,22,0.3645833333333333,0.0,9,5.739583333333333,6.0,19.896921875,119.84375,383.87847222222223,1.0,0.041176470588,0.051102941176,0.054411764706,0.056617647059,0.041176470588,0.054411764706,0.051102941176,0.056617647059,0.059191176471,0.053308823529,0.061397058824,0.054411764706,0.059191176471,0.061397058824,0.053308823529,0.054411764706,0.053952205882374996,0.005724413463111952,0.020220588235999995,0.0125000000005,0.008735003213493924,0.211397058824,0.220220588235,"[[0.041176470588, 0.051102941176, 0.054411764706, 0.056617647059], [0.041176470588, 0.054411764706, 0.051102941176, 0.056617647059], [0.059191176471, 0.053308823529, 0.061397058824, 0.054411764706], [0.059191176471, 0.061397058824, 0.053308823529, 0.054411764706]]",0
407,1152,1152,21.666666666666668,22.0,21,22,0.2387152777777778,0.0,7,5.702256944444445,6.0,19.695026041666665,120.93489583333333,395.734375,1.0,0.044607843137,0.047426470588,0.053308823529,0.05931372549,0.055147058824,0.057598039216,0.050980392157,0.055024509804,0.057352941176,0.056004901961,0.059558823529,0.055392156863,0.064583333333,0.054289215686,0.045955882353,0.055024509804,0.054473039215625,0.005043156456727004,0.019975490195999993,0.008489118399729625,0.0057786768398182305,0.21678921568600001,0.230882352941,"[[0.044607843137, 0.047426470588, 0.053308823529, 0.05931372549], [0.055147058824, 0.057598039216, 0.050980392157, 0.055024509804], [0.057352941176, 0.056004901961, 0.059558823529, 0.055392156863], [0.064583333333, 0.054289215686, 0.045955882353, 0.055024509804]]",0
408,1152,1152,21.666666666666668,22.0,21,22,0.22135416666666666,0.0,6,5.521701388888889,6.0,19.69634375,118.62326388888889,378.20746527777777,1.0,0.039460784314,0.055882352941,0.059681372549,0.067279411765,0.049019607843,0.063602941176,0.054901960784,0.052573529412,0.063480392157,0.062990196078,0.047181372549,0.058700980392,0.066176470588,0.056862745098,0.070465686275,0.058946078431,0.057950367647000005,0.007846472535888898,0.031004901960999996,0.012785539861751518,0.008309194059953184,0.20919117647,0.25134803921500004,"[[0.039460784314, 0.055882352941, 0.059681372549, 0.067279411765], [0.049019607843, 0.063602941176, 0.054901960784, 0.052573529412], [0.063480392157, 0.062990196078, 0.047181372549, 0.058700980392], [0.066176470588, 0.056862745098, 0.070465686275, 0.058946078431]]",0
423,144,144,21.666666666666668,22.0,21,22,0.6041666666666666,0.0,9,5.472222222222222,5.0,19.289402777777777,125.61111111111111,364.7986111111111,1.0,0.053676470588,0.053676470588,0.063786764706,0.063786764706,0.053676470588,0.063786764706,0.053676470588,0.063786764706,0.063786764706,0.053676470588,0.063786764706,0.053676470588,0.063786764706,0.063786764706,0.053676470588,0.053676470588,0.058731617647,0.005055147059000002,0.010110294118000004,1.962615573354719e-17,1.962615573354719e-17,0.23492647058800004,0.234926470588,"[[0.053676470588, 0.053676470588, 0.063786764706, 0.063786764706], [0.053676470588, 0.063786764706, 0.053676470588, 0.063786764706], [0.063786764706, 0.053676470588, 0.063786764706, 0.053676470588], [0.063786764706, 0.063786764706, 0.053676470588, 0.053676470588]]",0
426,288,288,21.666666666666668,22.0,21,22,0.22916666666666666,0.0,7,5.711805555555555,6.0,20.013625,121.75347222222223,382.18055555555554,1.0,0.048651960784,0.048651960784,0.055147058824,0.055147058824,0.050245098039,0.050490196078,0.050245098039,0.050490196078,0.050490196078,0.050245098039,0.050490196078,0.050245098039,0.055147058824,0.055147058824,0.048651960784,0.048651960784,0.05113357843125,0.002422281428221004,0.006495098040000001,0.003063725490999994,1.3877787807814457e-17,0.19828431372400002,0.21078431372599998,"[[0.048651960784, 0.048651960784, 0.055147058824, 0.055147058824], [0.050245098039, 0.050490196078, 0.050245098039, 0.050490196078], [0.050490196078, 0.050245098039, 0.050490196078, 0.050245098039], [0.055147058824, 0.055147058824, 0.048651960784, 0.048651960784]]",0
107,576,576,21.75,22.0,21,22,0.2725694444444444,0.0,8,5.331597222222222,5.0,19.960401041666668,118.78298611111111,432.0954861111111,1.0,0.032965686275,0.052328431373,0.073774509804,0.075367647059,0.032965686275,0.052328431373,0.073774509804,0.075367647059,0.063480392157,0.106004901961,0.064950980392,0.086887254902,0.074142156863,0.094975490196,0.043504901961,0.055024509804,0.06611519607862501,0.020045288856473217,0.073039215686,0.03551924303512844,0.03959518808076332,0.205269607844,0.329289215687,"[[0.032965686275, 0.052328431373, 0.073774509804, 0.075367647059], [0.032965686275, 0.052328431373, 0.073774509804, 0.075367647059], [0.063480392157, 0.106004901961, 0.064950980392, 0.086887254902], [0.074142156863, 0.094975490196, 0.043504901961, 0.055024509804]]",0
108,288,288,21.75,22.0,21,22,0.2708333333333333,0.0,8,5.402777777777778,5.0,19.5733125,118.16666666666667,407.2361111111111,1.0,0.036519607843,0.036519607843,0.080637254902,0.080637254902,0.074019607843,0.074019607843,0.105882352941,0.105882352941,0.075857843137,0.075857843137,0.039705882353,0.039705882353,0.075857843137,0.075857843137,0.039705882353,0.039705882353,0.066023284313625,0.023225443994368787,0.069362745098,0.05527395530908404,0.0018382352944999736,0.18995098039199998,0.338235294117,"[[0.036519607843, 0.036519607843, 0.080637254902, 0.080637254902], [0.074019607843, 0.074019607843, 0.105882352941, 0.105882352941], [0.075857843137, 0.075857843137, 0.039705882353, 0.039705882353], [0.075857843137, 0.075857843137, 0.039705882353, 0.039705882353]]",0
110,288,288,21.75,22.0,21,22,0.2326388888888889,0.0,5,5.340277777777778,5.0,19.68804513888889,118.88541666666667,378.34722222222223,1.0,0.03137254902,0.03137254902,0.065931372549,0.065931372549,0.03137254902,0.03137254902,0.065931372549,0.065931372549,0.069240196078,0.069240196078,0.088112745098,0.088112745098,0.070465686275,0.070465686275,0.048406862745,0.048406862745,0.05885416666675,0.01877018869364056,0.056740196078,0.04904824531072275,0.032965686274,0.199264705883,0.27156862745099997,"[[0.03137254902, 0.03137254902, 0.065931372549, 0.065931372549], [0.03137254902, 0.03137254902, 0.065931372549, 0.065931372549], [0.069240196078, 0.069240196078, 0.088112745098, 0.088112745098], [0.070465686275, 0.070465686275, 0.048406862745, 0.048406862745]]",0
128,576,576,21.75,22.0,21,22,0.28125,0.0,8,5.366319444444445,5.0,19.750041666666664,118.81076388888889,443.94618055555554,1.0,0.046446078431,0.047426470588,0.063848039216,0.06556372549,0.046446078431,0.047426470588,0.063848039216,0.06556372549,0.06556372549,0.06862745098,0.057230392157,0.058088235294,0.067524509804,0.073651960784,0.073039215686,0.056617647059,0.060431985294,0.009059915972663693,0.027205882353000005,0.019924959394546693,0.011722023524492487,0.20772058823499998,0.26556372549,"[[0.046446078431, 0.047426470588, 0.063848039216, 0.06556372549], [0.046446078431, 0.047426470588, 0.063848039216, 0.06556372549], [0.06556372549, 0.06862745098, 0.057230392157, 0.058088235294], [0.067524509804, 0.073651960784, 0.073039215686, 0.056617647059]]",0
133,288,288,21.75,22.0,21,22,0.3055555555555556,0.0,8,5.399305555555555,5.0,20.006493055555556,121.47222222222223,400.4826388888889,1.0,0.030147058824,0.030147058824,0.054901960784,0.054901960784,0.030147058824,0.030147058824,0.054901960784,0.054901960784,0.064950980392,0.064950980392,0.067892156863,0.067892156863,0.072303921569,0.072303921569,0.060049019608,0.060049019608,0.054411764705999996,0.01509443791389961,0.042156862744999996,0.04755028298316858,0.020098039214999988,0.188235294119,0.247058823529,"[[0.030147058824, 0.030147058824, 0.054901960784, 0.054901960784], [0.030147058824, 0.030147058824, 0.054901960784, 0.054901960784], [0.064950980392, 0.064950980392, 0.067892156863, 0.067892156863], [0.072303921569, 0.072303921569, 0.060049019608, 0.060049019608]]",0
148,288,288,21.75,22.0,21,22,0.2673611111111111,0.0,8,5.350694444444445,5.0,19.584395833333332,116.03125,415.00694444444446,1.0,0.043382352941,0.043382352941,0.073406862745,0.073406862745,0.043382352941,0.043382352941,0.073406862745,0.073406862745,0.068504901961,0.068504901961,0.047671568627,0.047671568627,0.07512254902,0.07512254902,0.051838235294,0.051838235294,0.059589460784249995,0.013370029238765587,0.031740196079,0.008999638219940636,0.007965686274000017,0.186274509803,0.290441176471,"[[0.043382352941, 0.043382352941, 0.073406862745, 0.073406862745], [0.043382352941, 0.043382352941, 0.073406862745, 0.073406862745], [0.068504901961, 0.068504901961, 0.047671568627, 0.047671568627], [0.07512254902, 0.07512254902, 0.051838235294, 0.051838235294]]",0
165,576,576,21.75,22.0,21,22,0.2829861111111111,0.0,8,5.309027777777778,5.0,19.371060763888888,118.62847222222223,433.1579861111111,1.0,0.045833333333,0.050612745098,0.058823529412,0.076470588235,0.053676470588,0.05612745098,0.059068627451,0.066789215686,0.05625,0.051470588235,0.047426470588,0.061397058824,0.05625,0.051470588235,0.047426470588,0.061397058824,0.0562806372548125,0.007647724074792877,0.030637254901999998,0.008689753872834199,0.023658785716953446,0.210784313725,0.243259803921,"[[0.045833333333, 0.050612745098, 0.058823529412, 0.076470588235], [0.053676470588, 0.05612745098, 0.059068627451, 0.066789215686], [0.05625, 0.051470588235, 0.047426470588, 0.061397058824], [0.05625, 0.051470588235, 0.047426470588, 0.061397058824]]",0
210,1152,1152,21.75,22.0,21,22,0.3532986111111111,0.0,9,5.744791666666667,6.0,19.818166666666666,118.93402777777777,364.6822916666667,1.0,0.025980392157,0.034558823529,0.07487745098,0.084191176471,0.030269607843,0.069117647059,0.069362745098,0.04681372549,0.062990196078,0.066299019608,0.079534313725,0.113480392157,0.076225490196,0.090196078431,0.04375,0.047426470588,0.063442095588125,0.023099950533252787,0.0875,0.04283201096352735,0.035652327498662616,0.222058823529,0.296078431373,"[[0.025980392157, 0.034558823529, 0.07487745098, 0.084191176471], [0.030269607843, 0.069117647059, 0.069362745098, 0.04681372549], [0.062990196078, 0.066299019608, 0.079534313725, 0.113480392157], [0.076225490196, 0.090196078431, 0.04375, 0.047426470588]]",0
211,576,576,21.75,22.0,21,22,0.3871527777777778,0.0,11,5.732638888888889,6.0,19.374296875,118.41493055555556,395.4322916666667,1.0,0.036029411765,0.042769607843,0.074632352941,0.077696078431,0.064950980392,0.11237745098,0.064950980392,0.11237745098,0.074632352941,0.077696078431,0.036029411765,0.042769607843,0.082352941176,0.03737745098,0.082352941176,0.03737745098,0.06602328431349999,0.024717999789263576,0.076348039215,0.0523975527317806,0.006127450980000004,0.22181372549,0.30269607843,"[[0.036029411765, 0.042769607843, 0.074632352941, 0.077696078431], [0.064950980392, 0.11237745098, 0.064950980392, 0.11237745098], [0.074632352941, 0.077696078431, 0.036029411765, 0.042769607843], [0.082352941176, 0.03737745098, 0.082352941176, 0.03737745098]]",0
312,1152,1152,21.75,22.0,21,22,0.3203125,0.0,9,5.642361111111111,6.0,19.828770833333333,118.23090277777777,389.8984375,1.0,0.043382352941,0.051348039216,0.054534313725,0.065441176471,0.047058823529,0.057230392157,0.05931372549,0.067401960784,0.057843137255,0.05306372549,0.059191176471,0.05,0.060784313725,0.053308823529,0.053921568627,0.058946078431,0.0557981004900625,0.006099464080292401,0.024019607843,0.006261628335191963,0.012524418371612767,0.21875,0.238602941176,"[[0.043382352941, 0.051348039216, 0.054534313725, 0.065441176471], [0.047058823529, 0.057230392157, 0.05931372549, 0.067401960784], [0.057843137255, 0.05306372549, 0.059191176471, 0.05], [0.060784313725, 0.053308823529, 0.053921568627, 0.058946078431]]",0
322,1152,1152,21.75,22.0,21,22,0.2899305555555556,0.0,8,5.678819444444445,6.0,19.736068576388888,120.09809027777777,361.4314236111111,1.0,0.046638655462,0.046883753501,0.050630252101,0.054289215686,0.047864145658,0.059191176471,0.058578431373,0.053816526611,0.050682773109,0.050490196078,0.054044117647,0.051172969188,0.064705882353,0.056004901961,0.047934173669,0.057422969188,0.0531468837535,0.00492874406113812,0.018067226890999995,0.010808869466536595,0.0025571912741897715,0.217296918768,0.22806372548999998,"[[0.046638655462, 0.046883753501, 0.050630252101, 0.054289215686], [0.047864145658, 0.059191176471, 0.058578431373, 0.053816526611], [0.050682773109, 0.050490196078, 0.054044117647, 0.051172969188], [0.064705882353, 0.056004901961, 0.047934173669, 0.057422969188]]",0
384,576,576,21.75,22.0,21,22,0.3020833333333333,0.0,8,5.727430555555555,6.0,20.085847222222224,121.19097222222223,357.61284722222223,1.0,0.048529411765,0.051593137255,0.070220588235,0.072181372549,0.055024509804,0.069730392157,0.069730392157,0.055024509804,0.058700980392,0.050735294118,0.050735294118,0.058700980392,0.072181372549,0.070220588235,0.051593137255,0.048529411765,0.059589460784375006,0.009087807205110359,0.023651960784000003,0.011605657439412371,0.00392156862749999,0.21752450980500002,0.26482843137300005,"[[0.048529411765, 0.051593137255, 0.070220588235, 0.072181372549], [0.055024509804, 0.069730392157, 0.069730392157, 0.055024509804], [0.058700980392, 0.050735294118, 0.050735294118, 0.058700980392], [0.072181372549, 0.070220588235, 0.051593137255, 0.048529411765]]",0
402,1152,1152,21.75,22.0,21,22,0.3159722222222222,0.0,9,5.705729166666667,6.0,20.06791579861111,121.44270833333333,372.95399305555554,1.0,0.043014705882,0.047794117647,0.05625,0.060171568627,0.046078431373,0.057230392157,0.056004901961,0.05931372549,0.061274509804,0.055392156863,0.061887254902,0.061274509804,0.064950980392,0.044485294118,0.053308823529,0.059926470588,0.055522365196062504,0.006551427026221089,0.021936274509999992,0.011702428802026234,0.013377609217160268,0.222058823529,0.23651960784299997,"[[0.043014705882, 0.047794117647, 0.05625, 0.060171568627], [0.046078431373, 0.057230392157, 0.056004901961, 0.05931372549], [0.061274509804, 0.055392156863, 0.061887254902, 0.061274509804], [0.064950980392, 0.044485294118, 0.053308823529, 0.059926470588]]",0
416,576,576,21.75,22.0,21,22,0.3402777777777778,0.0,9,5.710069444444445,6.0,19.879293402777776,118.015625,360.8333333333333,1.0,0.040441176471,0.040441176471,0.054411764706,0.054411764706,0.043259803922,0.062745098039,0.051960784314,0.057843137255,0.058823529412,0.058823529412,0.064215686275,0.064215686275,0.062745098039,0.043259803922,0.057843137255,0.051960784314,0.054212622549249995,0.008078001895689715,0.023774509804000005,0.019957908327820257,0.011580882353000012,0.219362745099,0.227941176471,"[[0.040441176471, 0.040441176471, 0.054411764706, 0.054411764706], [0.043259803922, 0.062745098039, 0.051960784314, 0.057843137255], [0.058823529412, 0.058823529412, 0.064215686275, 0.064215686275], [0.062745098039, 0.043259803922, 0.057843137255, 0.051960784314]]",0
218,576,576,21.833333333333332,22.0,21,22,0.1857638888888889,0.0,5,5.71875,6.0,19.65981076388889,119.92534722222223,362.25694444444446,1.0,0.035539215686,0.037254901961,0.068995098039,0.075490196078,0.035661764706,0.063848039216,0.035661764706,0.063848039216,0.068995098039,0.075490196078,0.035539215686,0.037254901961,0.08125,0.060049019608,0.08125,0.060049019608,0.05726102941175,0.017447183670349996,0.045710784314000004,0.03180530739261938,0.0075980392160000035,0.194975490196,0.267892156862,"[[0.035539215686, 0.037254901961, 0.068995098039, 0.075490196078], [0.035661764706, 0.063848039216, 0.035661764706, 0.063848039216], [0.068995098039, 0.075490196078, 0.035539215686, 0.037254901961], [0.08125, 0.060049019608, 0.08125, 0.060049019608]]",0
221,1152,1152,21.833333333333332,22.0,21,22,0.3020833333333333,0.0,6,5.737847222222222,6.0,19.73844357638889,120.19270833333333,384.05555555555554,1.0,0.035364145658,0.051960784314,0.056617647059,0.062990196078,0.051365546218,0.071761204482,0.078676470588,0.049264705882,0.058333333333,0.052398459384,0.046831232493,0.068820028011,0.076540616246,0.074387254902,0.051855742297,0.061764705882,0.0593082545516875,0.011787215689172018,0.04331232492999999,0.022211241379575503,0.01075295144168033,0.215721288515,0.270605742296,"[[0.035364145658, 0.051960784314, 0.056617647059, 0.062990196078], [0.051365546218, 0.071761204482, 0.078676470588, 0.049264705882], [0.058333333333, 0.052398459384, 0.046831232493, 0.068820028011], [0.076540616246, 0.074387254902, 0.051855742297, 0.061764705882]]",0
277,576,576,21.833333333333332,22.0,21,22,0.19444444444444445,0.0,6,5.602430555555555,6.0,19.527557291666668,118.93923611111111,395.12152777777777,1.0,0.039215686275,0.046446078431,0.061519607843,0.075245098039,0.053431372549,0.048161764706,0.054656862745,0.060416666667,0.060416666667,0.054656862745,0.048161764706,0.053431372549,0.075245098039,0.061519607843,0.046446078431,0.039215686275,0.054886642156875,0.010327515976637168,0.03602941176399999,0.002879901960499996,0.008762254902499989,0.174754901962,0.259803921568,"[[0.039215686275, 0.046446078431, 0.061519607843, 0.075245098039], [0.053431372549, 0.048161764706, 0.054656862745, 0.060416666667], [0.060416666667, 0.054656862745, 0.048161764706, 0.053431372549], [0.075245098039, 0.061519607843, 0.046446078431, 0.039215686275]]",0
297,288,288,21.833333333333332,22.0,21,22,0.28125,0.0,6,5.604166666666667,6.0,19.4908125,114.78819444444444,392.56944444444446,1.0,0.037683823529,0.037683823529,0.066789215686,0.066789215686,0.056066176471,0.056066176471,0.082720588235,0.082720588235,0.066789215686,0.066789215686,0.037683823529,0.037683823529,0.082720588235,0.082720588235,0.056066176471,0.056066176471,0.06081495098025,0.01637947418887993,0.045036764706,0.03431372549099998,0.0,0.1875,0.299019607842,"[[0.037683823529, 0.037683823529, 0.066789215686, 0.066789215686], [0.056066176471, 0.056066176471, 0.082720588235, 0.082720588235], [0.066789215686, 0.066789215686, 0.037683823529, 0.037683823529], [0.082720588235, 0.082720588235, 0.056066176471, 0.056066176471]]",0
303,576,576,21.833333333333332,22.0,21,22,0.203125,0.0,5,5.652777777777778,6.0,19.757371527777778,118.78645833333333,409.6388888888889,1.0,0.04112394958,0.04112394958,0.056074929972,0.056074929972,0.048529411765,0.048529411765,0.061239495798,0.061239495798,0.064653361345,0.064653361345,0.04462535014,0.04462535014,0.071341036415,0.071341036415,0.051242997199,0.051242997199,0.05485381652675,0.00972300364405382,0.030217086835000004,0.017957124876582336,0.006232492998000008,0.185521708684,0.25330882353,"[[0.04112394958, 0.04112394958, 0.056074929972, 0.056074929972], [0.048529411765, 0.048529411765, 0.061239495798, 0.061239495798], [0.064653361345, 0.064653361345, 0.04462535014, 0.04462535014], [0.071341036415, 0.071341036415, 0.051242997199, 0.051242997199]]",0
308,1152,1152,21.833333333333332,22.0,21,22,0.3003472222222222,0.0,10,5.705729166666667,6.0,19.738758680555556,119.51388888888889,347.93402777777777,1.0,0.045833333333,0.048039215686,0.066911764706,0.067279411765,0.057475490196,0.066544117647,0.059191176471,0.060171568627,0.057720588235,0.057475490196,0.058455882353,0.048774509804,0.058333333333,0.054289215686,0.049754901961,0.046078431373,0.05639552696075,0.006894977858674373,0.021446078432000006,0.012512721503676221,0.005618157523397976,0.216911764706,0.242279411765,"[[0.045833333333, 0.048039215686, 0.066911764706, 0.067279411765], [0.057475490196, 0.066544117647, 0.059191176471, 0.060171568627], [0.057720588235, 0.057475490196, 0.058455882353, 0.048774509804], [0.058333333333, 0.054289215686, 0.049754901961, 0.046078431373]]",0
318,576,576,21.833333333333332,22.0,21,22,0.2065972222222222,0.0,5,5.722222222222222,6.0,20.07703125,118.88715277777777,395.9166666666667,1.0,0.040581232493,0.040581232493,0.052223389356,0.052223389356,0.046025910364,0.046025910364,0.053991596639,0.053991596639,0.06293767507,0.06293767507,0.04768907563,0.04768907563,0.063602941176,0.063602941176,0.053641456583,0.053641456583,0.052586659663875004,0.007440433710084869,0.023021708683000006,0.018841919389332655,0.0028011204474999996,0.18793767506999998,0.232755602241,"[[0.040581232493, 0.040581232493, 0.052223389356, 0.052223389356], [0.046025910364, 0.046025910364, 0.053991596639, 0.053991596639], [0.06293767507, 0.06293767507, 0.04768907563, 0.04768907563], [0.063602941176, 0.063602941176, 0.053641456583, 0.053641456583]]",0
329,1152,1152,21.833333333333332,22.0,21,22,0.4027777777777778,0.0,9,5.805555555555555,6.0,19.937772569444444,121.59548611111111,391.9375,1.0,0.029289215686,0.043504901961,0.061397058824,0.067279411765,0.050980392157,0.076593137255,0.064338235294,0.052818627451,0.057352941176,0.073161764706,0.045833333333,0.05,0.058210784314,0.055392156863,0.062745098039,0.094607843137,0.058969056372562494,0.01455777251179631,0.065318627451,0.025414133870436,0.02549628966003369,0.246323529411,0.262990196079,"[[0.029289215686, 0.043504901961, 0.061397058824, 0.067279411765], [0.050980392157, 0.076593137255, 0.064338235294, 0.052818627451], [0.057352941176, 0.073161764706, 0.045833333333, 0.05], [0.058210784314, 0.055392156863, 0.062745098039, 0.094607843137]]",0
338,1152,1152,21.833333333333332,22.0,21,22,0.3298611111111111,0.0,6,5.837673611111111,6.0,19.647041666666667,119.04947916666667,352.9357638888889,1.0,0.041053921569,0.049142156863,0.052941176471,0.070833333333,0.046568627451,0.054534313725,0.06556372549,0.054166666667,0.053799019608,0.067401960784,0.05943627451,0.048774509804,0.059558823529,0.058333333333,0.050367647059,0.067034313725,0.0562193627450625,0.008121762341582297,0.029779411764,0.008129906024296644,0.014639094663080872,0.22205882352900003,0.263357843136,"[[0.041053921569, 0.049142156863, 0.052941176471, 0.070833333333], [0.046568627451, 0.054534313725, 0.06556372549, 0.054166666667], [0.053799019608, 0.067401960784, 0.05943627451, 0.048774509804], [0.059558823529, 0.058333333333, 0.050367647059, 0.067034313725]]",0
343,1152,1152,21.833333333333332,22.0,21,22,0.2751736111111111,0.0,6,5.756076388888889,6.0,19.700358506944447,118.87413194444444,384.8151041666667,1.0,0.030882352941,0.049509803922,0.053676470588,0.064338235294,0.049019607843,0.063357843137,0.055882352941,0.051593137255,0.05306372549,0.044607843137,0.056617647059,0.071078431373,0.077328431373,0.060661764706,0.052083333333,0.061397058824,0.055943627451,0.010480449189721684,0.04644607843199999,0.018897797918268597,0.014583075875581603,0.212254901961,0.242156862745,"[[0.030882352941, 0.049509803922, 0.053676470588, 0.064338235294], [0.049019607843, 0.063357843137, 0.055882352941, 0.051593137255], [0.05306372549, 0.044607843137, 0.056617647059, 0.071078431373], [0.077328431373, 0.060661764706, 0.052083333333, 0.061397058824]]",0
344,1152,1152,21.833333333333332,22.0,21,22,0.3350694444444444,0.0,9,5.888020833333333,6.0,19.826245659722222,120.04861111111111,375.3072916666667,1.0,0.034628851541,0.051838235294,0.054289215686,0.06262254902,0.051120448179,0.063918067227,0.054534313725,0.048284313725,0.052696078431,0.050070028011,0.055409663866,0.069922969188,0.067226890756,0.064215686275,0.050262605042,0.062745098039,0.0558615633753125,0.008591213169312006,0.03529411764700001,0.014972921717516685,0.014531800356250641,0.216701680673,0.234453781512,"[[0.034628851541, 0.051838235294, 0.054289215686, 0.06262254902], [0.051120448179, 0.063918067227, 0.054534313725, 0.048284313725], [0.052696078431, 0.050070028011, 0.055409663866, 0.069922969188], [0.067226890756, 0.064215686275, 0.050262605042, 0.062745098039]]",0
345,1152,1152,21.833333333333332,22.0,21,22,0.390625,0.0,9,5.776041666666667,6.0,20.20893142361111,121.26475694444444,394.9895833333333,1.0,0.038602941176,0.050490196078,0.05943627451,0.060294117647,0.039338235294,0.067034313725,0.060784313725,0.042769607843,0.067034313725,0.053431372549,0.065073529412,0.052573529412,0.067524509804,0.056617647059,0.058578431373,0.065196078431,0.056548713235187495,0.009362774046007504,0.028921568628,0.01717772169564983,0.011518426293122665,0.23590686274400002,0.242034313725,"[[0.038602941176, 0.050490196078, 0.05943627451, 0.060294117647], [0.039338235294, 0.067034313725, 0.060784313725, 0.042769607843], [0.067034313725, 0.053431372549, 0.065073529412, 0.052573529412], [0.067524509804, 0.056617647059, 0.058578431373, 0.065196078431]]",0
348,1152,1152,21.833333333333332,22.0,21,22,0.3480902777777778,0.0,11,5.848090277777778,6.0,19.83216753472222,122.375,360.15538194444446,1.0,0.0375,0.037990196078,0.054656862745,0.055882352941,0.039093137255,0.051470588235,0.05943627451,0.060661764706,0.05625,0.068014705882,0.054166666667,0.055637254902,0.062867647059,0.058210784314,0.049142156863,0.055147058824,0.0535079656863125,0.008502473037635122,0.030514705881999997,0.018203480214340786,0.011473396306652638,0.19828431372600003,0.246200980392,"[[0.0375, 0.037990196078, 0.054656862745, 0.055882352941], [0.039093137255, 0.051470588235, 0.05943627451, 0.060661764706], [0.05625, 0.068014705882, 0.054166666667, 0.055637254902], [0.062867647059, 0.058210784314, 0.049142156863, 0.055147058824]]",0
349,1152,1152,21.833333333333332,22.0,21,22,0.3298611111111111,0.0,9,5.722222222222222,6.0,19.8575,118.8125,390.15972222222223,1.0,0.041369047619,0.051838235294,0.05612745098,0.059506302521,0.048301820728,0.045098039216,0.052818627451,0.055584733894,0.058648459384,0.051715686275,0.049894957983,0.053799019608,0.063235294118,0.065931372549,0.051120448179,0.049334733894,0.0533952643558125,0.006175821574179129,0.024562324929999997,0.010231322019220567,0.0031534329343133934,0.18569677871200002,0.227275910365,"[[0.041369047619, 0.051838235294, 0.05612745098, 0.059506302521], [0.048301820728, 0.045098039216, 0.052818627451, 0.055584733894], [0.058648459384, 0.051715686275, 0.049894957983, 0.053799019608], [0.063235294118, 0.065931372549, 0.051120448179, 0.049334733894]]",0
373,1152,1152,21.833333333333332,22.0,21,22,0.3984375,0.0,8,5.809027777777778,6.0,20.03011284722222,120.29340277777777,365.8185763888889,1.0,0.04450280112,0.049947478992,0.05668767507,0.058333333333,0.045833333333,0.050612745098,0.061467086835,0.053378851541,0.052223389356,0.05318627451,0.057843137255,0.058648459384,0.05943627451,0.058578431373,0.047128851541,0.055532212885,0.053958771008499995,0.005044656128722394,0.016964285715,0.005508359416082381,0.009462745549365156,0.208490896358,0.23242296918799998,"[[0.04450280112, 0.049947478992, 0.05668767507, 0.058333333333], [0.045833333333, 0.050612745098, 0.061467086835, 0.053378851541], [0.052223389356, 0.05318627451, 0.057843137255, 0.058648459384], [0.05943627451, 0.058578431373, 0.047128851541, 0.055532212885]]",0
394,1152,1152,21.833333333333332,22.0,21,22,0.3324652777777778,0.0,9,5.783854166666667,6.0,19.910580729166668,119.81597222222223,364.0885416666667,1.0,0.041421568627,0.050367647059,0.056740196078,0.060294117647,0.041789215686,0.052205882353,0.053921568627,0.044730392157,0.059803921569,0.057230392157,0.055269607843,0.049387254902,0.061029411765,0.050612745098,0.059926470588,0.06887254902,0.0539751838235,0.007249964260455736,0.027450980393000007,0.01751130188417185,0.009004382513136469,0.217769607843,0.232475490196,"[[0.041421568627, 0.050367647059, 0.056740196078, 0.060294117647], [0.041789215686, 0.052205882353, 0.053921568627, 0.044730392157], [0.059803921569, 0.057230392157, 0.055269607843, 0.049387254902], [0.061029411765, 0.050612745098, 0.059926470588, 0.06887254902]]",0
405,576,576,21.833333333333332,22.0,21,22,0.18055555555555555,0.0,6,5.717013888888889,6.0,19.83200173611111,118.39756944444444,414.5295138888889,1.0,0.045098039216,0.049264705882,0.058700980392,0.069362745098,0.053308823529,0.067524509804,0.072916666667,0.06237745098,0.058700980392,0.069362745098,0.045098039216,0.049264705882,0.072916666667,0.06237745098,0.053308823529,0.067524509804,0.059819240196000004,0.009356045312866181,0.027818627451,0.016850490196000004,0.00925245098,0.22524509803999998,0.28455882353,"[[0.045098039216, 0.049264705882, 0.058700980392, 0.069362745098], [0.053308823529, 0.067524509804, 0.072916666667, 0.06237745098], [0.058700980392, 0.069362745098, 0.045098039216, 0.049264705882], [0.072916666667, 0.06237745098, 0.053308823529, 0.067524509804]]",0
406,576,576,21.833333333333332,22.0,21,22,0.203125,0.0,4,5.600694444444445,6.0,19.807541666666665,119.375,397.4513888888889,1.0,0.042156862745,0.042156862745,0.063357843137,0.063357843137,0.055637254902,0.07181372549,0.052573529412,0.070710784314,0.065318627451,0.065318627451,0.052450980392,0.052450980392,0.07181372549,0.055637254902,0.070710784314,0.052573529412,0.059252450980375,0.009610726670644396,0.02965686274499999,0.016232079108083414,0.002083333333500012,0.218995098039,0.25306372549,"[[0.042156862745, 0.042156862745, 0.063357843137, 0.063357843137], [0.055637254902, 0.07181372549, 0.052573529412, 0.070710784314], [0.065318627451, 0.065318627451, 0.052450980392, 0.052450980392], [0.07181372549, 0.055637254902, 0.070710784314, 0.052573529412]]",0
413,576,576,21.833333333333332,22.0,21,22,0.1909722222222222,0.0,6,5.586805555555555,6.0,19.788413194444445,117.92361111111111,419.9010416666667,1.0,0.048546918768,0.057668067227,0.05943627451,0.063602941176,0.051172969188,0.051172969188,0.058823529412,0.058823529412,0.057668067227,0.048546918768,0.063602941176,0.05943627451,0.059558823529,0.059558823529,0.057913165266,0.057913165266,0.0570903361345,0.004555640365453882,0.015056022408000004,0.005360846081130917,0.011414565825999992,0.221235994398,0.230532212885,"[[0.048546918768, 0.057668067227, 0.05943627451, 0.063602941176], [0.051172969188, 0.051172969188, 0.058823529412, 0.058823529412], [0.057668067227, 0.048546918768, 0.063602941176, 0.05943627451], [0.059558823529, 0.059558823529, 0.057913165266, 0.057913165266]]",0
424,288,288,21.833333333333332,22.0,21,22,0.2048611111111111,0.0,8,5.538194444444445,6.0,19.583364583333335,118.54861111111111,384.4861111111111,1.0,0.04375,0.04375,0.053431372549,0.053431372549,0.049754901961,0.049754901961,0.053553921569,0.053553921569,0.053431372549,0.053431372549,0.04375,0.04375,0.053553921569,0.053553921569,0.049754901961,0.049754901961,0.050122549019749996,0.003983314451822412,0.009803921569,0.006127450980999996,0.0,0.18700980392199998,0.213970588236,"[[0.04375, 0.04375, 0.053431372549, 0.053431372549], [0.049754901961, 0.049754901961, 0.053553921569, 0.053553921569], [0.053431372549, 0.053431372549, 0.04375, 0.04375], [0.053553921569, 0.053553921569, 0.049754901961, 0.049754901961]]",0
76,576,576,22.0,22.0,22,22,0.3680555555555556,0.0,8,5.498263888888889,5.0,19.719631944444444,118.63194444444444,401.41493055555554,1.0,0.036274509804,0.045710784314,0.055637254902,0.069730392157,0.036274509804,0.045710784314,0.055637254902,0.069730392157,0.0625,0.093137254902,0.064215686275,0.064460784314,0.099264705882,0.059558823529,0.052205882353,0.070343137255,0.061274509803999996,0.016932288093809814,0.062990196078,0.03775941923353235,0.017824037666267296,0.216544117648,0.317769607843,"[[0.036274509804, 0.045710784314, 0.055637254902, 0.069730392157], [0.036274509804, 0.045710784314, 0.055637254902, 0.069730392157], [0.0625, 0.093137254902, 0.064215686275, 0.064460784314], [0.099264705882, 0.059558823529, 0.052205882353, 0.070343137255]]",0
79,576,576,22.0,22.0,22,22,0.4201388888888889,0.0,9,5.484375,5.0,20.201317708333335,121.32118055555556,391.6875,1.0,0.039828431373,0.04056372549,0.054718137255,0.072549019608,0.039828431373,0.04056372549,0.054718137255,0.072549019608,0.065073529412,0.073958333333,0.093443627451,0.063725490196,0.089276960784,0.055637254902,0.049509803922,0.051348039216,0.05983072916675,0.016495494212500007,0.053615196078,0.03633824799738205,0.01905003593822225,0.22518382353,0.29050245098,"[[0.039828431373, 0.04056372549, 0.054718137255, 0.072549019608], [0.039828431373, 0.04056372549, 0.054718137255, 0.072549019608], [0.065073529412, 0.073958333333, 0.093443627451, 0.063725490196], [0.089276960784, 0.055637254902, 0.049509803922, 0.051348039216]]",0
116,144,144,22.0,22.0,22,22,0.3888888888888889,0.0,5,4.881944444444445,5.0,19.325777777777777,118.74305555555556,422.3541666666667,1.0,0.048039215686,0.073774509804,0.074509803922,0.074509803922,0.048039215686,0.073774509804,0.074509803922,0.074509803922,0.074509803922,0.073774509804,0.048039215686,0.074509803922,0.074509803922,0.073774509804,0.048039215686,0.074509803922,0.0677083333335,0.011359937173405766,0.026470588236,0.0,0.02575629395351543,0.244362745098,0.29730392157,"[[0.048039215686, 0.073774509804, 0.074509803922, 0.074509803922], [0.048039215686, 0.073774509804, 0.074509803922, 0.074509803922], [0.074509803922, 0.073774509804, 0.048039215686, 0.074509803922], [0.074509803922, 0.073774509804, 0.048039215686, 0.074509803922]]",0
124,576,576,22.0,22.0,22,22,0.375,0.0,7,5.472222222222222,5.0,19.67021875,119.55034722222223,397.1892361111111,1.0,0.045360644258,0.046341036415,0.054726890756,0.055584733894,0.045360644258,0.046341036415,0.054726890756,0.055584733894,0.055847338936,0.068207282913,0.059628851541,0.062447478992,0.068207282913,0.066544117647,0.056460084034,0.0543767507,0.055984112395125005,0.007430460125624477,0.022846638655,0.02192398394144768,0.005366237277258582,0.205707282914,0.24672619047599997,"[[0.045360644258, 0.046341036415, 0.054726890756, 0.055584733894], [0.045360644258, 0.046341036415, 0.054726890756, 0.055584733894], [0.055847338936, 0.068207282913, 0.059628851541, 0.062447478992], [0.068207282913, 0.066544117647, 0.056460084034, 0.0543767507]]",0
125,576,576,22.0,22.0,22,22,0.4027777777777778,0.0,10,5.472222222222222,5.0,19.551486111111114,120.59027777777777,386.5208333333333,1.0,0.04068627451,0.041299019608,0.054656862745,0.059068627451,0.04068627451,0.041299019608,0.054656862745,0.059068627451,0.061519607843,0.082230392157,0.051715686275,0.066911764706,0.082843137255,0.060539215686,0.055392156863,0.07193627451,0.0577818627451875,0.01304873740134608,0.042156862745,0.03553900439430656,0.015387833865858593,0.205637254903,0.278799019608,"[[0.04068627451, 0.041299019608, 0.054656862745, 0.059068627451], [0.04068627451, 0.041299019608, 0.054656862745, 0.059068627451], [0.061519607843, 0.082230392157, 0.051715686275, 0.066911764706], [0.082843137255, 0.060539215686, 0.055392156863, 0.07193627451]]",0
129,144,144,22.0,22.0,22,22,0.4375,0.0,5,4.819444444444445,5.0,19.21260416666667,115.02083333333333,464.34027777777777,1.0,0.04550070028,0.04550070028,0.068277310924,0.068277310924,0.04550070028,0.04550070028,0.068277310924,0.068277310924,0.08356092437,0.08356092437,0.048721988796,0.048721988796,0.08356092437,0.08356092437,0.048721988796,0.048721988796,0.0615152310925,0.01542619980207906,0.03806022409,0.018504901961999998,0.012062324930000007,0.18844537815200002,0.303676470588,"[[0.04550070028, 0.04550070028, 0.068277310924, 0.068277310924], [0.04550070028, 0.04550070028, 0.068277310924, 0.068277310924], [0.08356092437, 0.08356092437, 0.048721988796, 0.048721988796], [0.08356092437, 0.08356092437, 0.048721988796, 0.048721988796]]",0
132,576,576,22.0,22.0,22,22,0.3784722222222222,0.0,8,5.480902777777778,5.0,19.839494791666667,117.390625,421.1875,1.0,0.043522408964,0.04362745098,0.051172969188,0.058149509804,0.043522408964,0.04362745098,0.051172969188,0.058149509804,0.065633753501,0.078755252101,0.053676470588,0.063848039216,0.074019607843,0.063988095238,0.050008753501,0.061580882353,0.0565284707633125,0.010612703645687947,0.035232843136999994,0.02995967561595052,0.01286996678822377,0.202407212885,0.262097338936,"[[0.043522408964, 0.04362745098, 0.051172969188, 0.058149509804], [0.043522408964, 0.04362745098, 0.051172969188, 0.058149509804], [0.065633753501, 0.078755252101, 0.053676470588, 0.063848039216], [0.074019607843, 0.063988095238, 0.050008753501, 0.061580882353]]",0
138,576,576,22.0,22.0,22,22,0.421875,0.0,12,5.381944444444445,5.0,20.41576736111111,120.71180555555556,429.828125,1.0,0.03125,0.037885154062,0.056442577031,0.057843137255,0.03125,0.037885154062,0.056442577031,0.057843137255,0.056932773109,0.076225490196,0.066299019608,0.049632352941,0.064233193277,0.066911764706,0.053991596639,0.057668067227,0.0536709996499375,0.012629439639016313,0.044975490196,0.03134200038715248,0.01864696491383198,0.19310224089699998,0.25474439775900004,"[[0.03125, 0.037885154062, 0.056442577031, 0.057843137255], [0.03125, 0.037885154062, 0.056442577031, 0.057843137255], [0.056932773109, 0.076225490196, 0.066299019608, 0.049632352941], [0.064233193277, 0.066911764706, 0.053991596639, 0.057668067227]]",0
145,576,576,22.0,22.0,22,22,0.4027777777777778,0.0,6,5.461805555555555,5.0,20.067288194444444,120.25347222222223,397.6614583333333,1.0,0.036607142857,0.036607142857,0.054849439776,0.055584733894,0.036607142857,0.036607142857,0.054849439776,0.055584733894,0.049054621849,0.07599789916,0.063620448179,0.054744397759,0.07893907563,0.052836134454,0.052485994398,0.069240196078,0.05401348039218751,0.01293215038961154,0.04233193277299999,0.03260099609131256,0.014802566867248719,0.206074929971,0.26537114846,"[[0.036607142857, 0.036607142857, 0.054849439776, 0.055584733894], [0.036607142857, 0.036607142857, 0.054849439776, 0.055584733894], [0.049054621849, 0.07599789916, 0.063620448179, 0.054744397759], [0.07893907563, 0.052836134454, 0.052485994398, 0.069240196078]]",0
156,576,576,22.0,22.0,22,22,0.4184027777777778,0.0,10,5.538194444444445,6.0,20.185703125,120.61631944444444,437.5329861111111,1.0,0.041176470588,0.04375,0.049264705882,0.054779411765,0.041176470588,0.04375,0.049264705882,0.054779411765,0.05612745098,0.058088235294,0.05,0.060294117647,0.070833333333,0.069607843137,0.058333333333,0.044852941176,0.052879901960624996,0.00891370384324756,0.029656862745,0.023540259957967772,0.0035433412491699115,0.179779411764,0.232965686274,"[[0.041176470588, 0.04375, 0.049264705882, 0.054779411765], [0.041176470588, 0.04375, 0.049264705882, 0.054779411765], [0.05612745098, 0.058088235294, 0.05, 0.060294117647], [0.070833333333, 0.069607843137, 0.058333333333, 0.044852941176]]",0
162,144,144,22.0,22.0,22,22,0.3055555555555556,0.0,3,4.965277777777778,5.0,19.01107638888889,116.84722222222223,442.28472222222223,1.0,0.04387254902,0.056862745098,0.058333333333,0.067156862745,0.04387254902,0.056862745098,0.058333333333,0.067156862745,0.058333333333,0.056862745098,0.04387254902,0.067156862745,0.058333333333,0.056862745098,0.04387254902,0.067156862745,0.056556372549,0.008314162998717322,0.023284313725000005,3.925231146709438e-17,0.02622549019586917,0.211764705883,0.240686274509,"[[0.04387254902, 0.056862745098, 0.058333333333, 0.067156862745], [0.04387254902, 0.056862745098, 0.058333333333, 0.067156862745], [0.058333333333, 0.056862745098, 0.04387254902, 0.067156862745], [0.058333333333, 0.056862745098, 0.04387254902, 0.067156862745]]",0
185,1152,1152,22.0,22.0,22,22,0.4418402777777778,0.0,9,5.909722222222222,6.0,19.845802083333336,119.34982638888889,370.73003472222223,1.0,0.040931372549,0.049894957983,0.054849439776,0.078553921569,0.044485294118,0.05031512605,0.041369047619,0.071323529412,0.048897058824,0.077153361345,0.042401960784,0.051242997199,0.075070028011,0.055269607843,0.104236694678,0.056635154062,0.058914346988875,0.017046001913567792,0.063305322129,0.03265298054785433,0.01760410472926834,0.190283613445,0.272146358544,"[[0.040931372549, 0.049894957983, 0.054849439776, 0.078553921569], [0.044485294118, 0.05031512605, 0.041369047619, 0.071323529412], [0.048897058824, 0.077153361345, 0.042401960784, 0.051242997199], [0.075070028011, 0.055269607843, 0.104236694678, 0.056635154062]]",0
219,1152,1152,22.0,22.0,22,22,0.3350694444444444,0.0,8,5.8828125,6.0,19.92567013888889,120.11111111111111,377.078125,1.0,0.033946078431,0.059803921569,0.06262254902,0.06262254902,0.035294117647,0.079901960784,0.038725490196,0.081495098039,0.055269607843,0.076593137255,0.050980392157,0.07181372549,0.068504901961,0.054411764706,0.083700980392,0.055759803922,0.060715379902,0.015426091728045642,0.049754901961,0.01691917263686909,0.03216408399020599,0.220588235294,0.246446078432,"[[0.033946078431, 0.059803921569, 0.06262254902, 0.06262254902], [0.035294117647, 0.079901960784, 0.038725490196, 0.081495098039], [0.055269607843, 0.076593137255, 0.050980392157, 0.07181372549], [0.068504901961, 0.054411764706, 0.083700980392, 0.055759803922]]",0
224,1152,1152,22.0,22.0,22,22,0.4887152777777778,0.0,12,5.839409722222222,6.0,19.876855034722222,119.04861111111111,387.42881944444446,1.0,0.036151960784,0.038602941176,0.068137254902,0.077328431373,0.051715686275,0.04056372549,0.063357843137,0.05012254902,0.055637254902,0.064460784314,0.060661764706,0.069240196078,0.063112745098,0.057230392157,0.064705882353,0.048651960784,0.0568550857843125,0.01141018482616703,0.041176470588999994,0.016357740813703024,0.024116385262892056,0.18602941176399998,0.268259803922,"[[0.036151960784, 0.038602941176, 0.068137254902, 0.077328431373], [0.051715686275, 0.04056372549, 0.063357843137, 0.05012254902], [0.055637254902, 0.064460784314, 0.060661764706, 0.069240196078], [0.063112745098, 0.057230392157, 0.064705882353, 0.048651960784]]",0
230,1152,1152,22.0,22.0,22,22,0.4592013888888889,0.0,12,5.919270833333333,6.0,20.033486979166668,120.63975694444444,380.0607638888889,1.0,0.042174369748,0.054796918768,0.058280812325,0.059506302521,0.045238095238,0.054849439776,0.053378851541,0.044555322129,0.065651260504,0.069205182073,0.047058823529,0.050245098039,0.069380252101,0.054184173669,0.050630252101,0.074702380952,0.055864845938375,0.009375239063143963,0.03252801120400001,0.01901029159054024,0.008981186284867451,0.218785014005,0.251470588236,"[[0.042174369748, 0.054796918768, 0.058280812325, 0.059506302521], [0.045238095238, 0.054849439776, 0.053378851541, 0.044555322129], [0.065651260504, 0.069205182073, 0.047058823529, 0.050245098039], [0.069380252101, 0.054184173669, 0.050630252101, 0.074702380952]]",0
235,1152,1152,22.0,22.0,22,22,0.3081597222222222,0.0,8,5.913194444444445,6.0,20.63441753472222,120.82986111111111,360.60243055555554,1.0,0.033088235294,0.042542016807,0.059068627451,0.059506302521,0.046568627451,0.044992997199,0.044975490196,0.060731792717,0.04987745098,0.068259803922,0.051540616246,0.056740196078,0.050927871148,0.063602941176,0.077958683473,0.053746498599,0.054008009453625,0.010598757910685382,0.044870448179,0.02149776318892669,0.021207710249824048,0.183368347338,0.22366946778700003,"[[0.033088235294, 0.042542016807, 0.059068627451, 0.059506302521], [0.046568627451, 0.044992997199, 0.044975490196, 0.060731792717], [0.04987745098, 0.068259803922, 0.051540616246, 0.056740196078], [0.050927871148, 0.063602941176, 0.077958683473, 0.053746498599]]",0
236,1152,1152,22.0,22.0,22,22,0.4244791666666667,0.0,9,5.921875,6.0,20.70139322916667,121.73350694444444,369.7369791666667,1.0,0.037132352941,0.049142156863,0.057107843137,0.067156862745,0.047426470588,0.072058823529,0.05318627451,0.072794117647,0.05943627451,0.078553921569,0.045098039216,0.064215686275,0.063235294118,0.04375,0.069730392157,0.060416666667,0.0587775735295,0.0115756027070993,0.041421568628,0.014694772151533402,0.021308293379358342,0.214705882353,0.262132352942,"[[0.037132352941, 0.049142156863, 0.057107843137, 0.067156862745], [0.047426470588, 0.072058823529, 0.05318627451, 0.072794117647], [0.05943627451, 0.078553921569, 0.045098039216, 0.064215686275], [0.063235294118, 0.04375, 0.069730392157, 0.060416666667]]",0
242,1152,1152,22.0,22.0,22,22,0.4869791666666667,0.0,9,5.896701388888889,6.0,20.097128472222224,121.54861111111111,363.78472222222223,1.0,0.03793767507,0.040318627451,0.057107843137,0.060416666667,0.057598039216,0.041491596639,0.060854341737,0.049159663866,0.058473389356,0.06906512605,0.047794117647,0.068137254902,0.067349439776,0.078799019608,0.057352941176,0.058228291317,0.0568802521009375,0.010928053242741508,0.04086134453799999,0.026321285285131852,0.005766013166516968,0.185451680673,0.25768557423,"[[0.03793767507, 0.040318627451, 0.057107843137, 0.060416666667], [0.057598039216, 0.041491596639, 0.060854341737, 0.049159663866], [0.058473389356, 0.06906512605, 0.047794117647, 0.068137254902], [0.067349439776, 0.078799019608, 0.057352941176, 0.058228291317]]",0
253,1152,1152,22.0,22.0,22,22,0.4861111111111111,0.0,11,5.907986111111111,6.0,20.19448611111111,118.79079861111111,383.8142361111111,1.0,0.038007703081,0.040073529412,0.055094537815,0.058088235294,0.044380252101,0.051715686275,0.057422969188,0.05318627451,0.049107142857,0.049579831933,0.061151960784,0.061221988796,0.071078431373,0.065458683473,0.049334733894,0.05318627451,0.053630514706,0.008543091963242332,0.033070728292,0.017655139633740966,0.009980960940231966,0.20406162465,0.23616946778800002,"[[0.038007703081, 0.040073529412, 0.055094537815, 0.058088235294], [0.044380252101, 0.051715686275, 0.057422969188, 0.05318627451], [0.049107142857, 0.049579831933, 0.061151960784, 0.061221988796], [0.071078431373, 0.065458683473, 0.049334733894, 0.05318627451]]",0
261,1152,1152,22.0,22.0,22,22,0.453125,0.0,8,5.912326388888889,6.0,20.012566840277778,119.34201388888889,380.3298611111111,1.0,0.031495098039,0.044852941176,0.060171568627,0.067156862745,0.038480392157,0.052450980392,0.041421568627,0.05612745098,0.063602941176,0.057107843137,0.063725490196,0.053431372549,0.065196078431,0.063602941176,0.060049019608,0.046323529412,0.054074754901750004,0.010359515581715233,0.03566176470600001,0.020943874842374373,0.010460906632430128,0.19399509803899997,0.23088235294,"[[0.031495098039, 0.044852941176, 0.060171568627, 0.067156862745], [0.038480392157, 0.052450980392, 0.041421568627, 0.05612745098], [0.063602941176, 0.057107843137, 0.063725490196, 0.053431372549], [0.065196078431, 0.063602941176, 0.060049019608, 0.046323529412]]",0
270,1152,1152,22.0,22.0,22,22,0.4600694444444444,0.0,10,5.837673611111111,6.0,20.00699826388889,119.80989583333333,363.2578125,1.0,0.033210784314,0.043137254902,0.058088235294,0.066176470588,0.035294117647,0.056495098039,0.034803921569,0.056740196078,0.06262254902,0.063848039216,0.059068627451,0.057720588235,0.062867647059,0.064460784314,0.063235294118,0.04693627451,0.054044117647125,0.011128200015788322,0.032965686274,0.025045463995434752,0.013795612628849895,0.19571078431400002,0.22769607843200002,"[[0.033210784314, 0.043137254902, 0.058088235294, 0.066176470588], [0.035294117647, 0.056495098039, 0.034803921569, 0.056740196078], [0.06262254902, 0.063848039216, 0.059068627451, 0.057720588235], [0.062867647059, 0.064460784314, 0.063235294118, 0.04693627451]]",0
271,1152,1152,22.0,22.0,22,22,0.4088541666666667,0.0,9,5.776041666666667,6.0,20.861638020833333,119.90625,393.99913194444446,1.0,0.036292016807,0.048529411765,0.060539215686,0.065756302521,0.042664565826,0.057598039216,0.039583333333,0.058035714286,0.060784313725,0.066806722689,0.057720588235,0.05031512605,0.072076330532,0.050630252101,0.060486694678,0.05931372549,0.055445772058749995,0.009690443268196468,0.035784313724999996,0.018070506505169583,0.007903392638519227,0.210924369748,0.24422268907499997,"[[0.036292016807, 0.048529411765, 0.060539215686, 0.065756302521], [0.042664565826, 0.057598039216, 0.039583333333, 0.058035714286], [0.060784313725, 0.066806722689, 0.057720588235, 0.05031512605], [0.072076330532, 0.050630252101, 0.060486694678, 0.05931372549]]",0
275,1152,1152,22.0,22.0,22,22,0.3758680555555556,0.0,10,5.869791666666667,6.0,20.036427951388887,118.8125,392.80034722222223,1.0,0.040196078431,0.044240196078,0.048651960784,0.057352941176,0.040441176471,0.048529411765,0.041176470588,0.053799019608,0.05612745098,0.058088235294,0.051960784314,0.044607843137,0.065073529412,0.054166666667,0.058823529412,0.051593137255,0.05092677696075,0.007150628804646669,0.024877450980999992,0.01795800546569741,0.0026502553660407114,0.19227941176500002,0.22169117646999997,"[[0.040196078431, 0.044240196078, 0.048651960784, 0.057352941176], [0.040441176471, 0.048529411765, 0.041176470588, 0.053799019608], [0.05612745098, 0.058088235294, 0.051960784314, 0.044607843137], [0.065073529412, 0.054166666667, 0.058823529412, 0.051593137255]]",0
276,1152,1152,22.0,22.0,22,22,0.4357638888888889,0.0,10,5.849826388888889,6.0,19.90685763888889,119.78472222222223,362.17274305555554,1.0,0.04450280112,0.054481792717,0.055287114846,0.060661764706,0.048161764706,0.048406862745,0.048669467787,0.05681022409,0.053308823529,0.047916666667,0.044992997199,0.058158263305,0.055042016807,0.064093137255,0.054656862745,0.04725140056,0.052650122549,0.005555539416700015,0.019590336135000004,0.007741189041729449,0.00880468665922308,0.18515406162399997,0.212289915967,"[[0.04450280112, 0.054481792717, 0.055287114846, 0.060661764706], [0.048161764706, 0.048406862745, 0.048669467787, 0.05681022409], [0.053308823529, 0.047916666667, 0.044992997199, 0.058158263305], [0.055042016807, 0.064093137255, 0.054656862745, 0.04725140056]]",0
283,1152,1152,22.0,22.0,22,22,0.4236111111111111,0.0,7,5.944444444444445,6.0,19.954369791666668,119.83159722222223,377.47743055555554,1.0,0.037009803922,0.049632352941,0.04987745098,0.063970588235,0.044852941176,0.065931372549,0.057352941176,0.054656862745,0.059558823529,0.054289215686,0.079656862745,0.05943627451,0.081495098039,0.050367647059,0.057965686275,0.054044117647,0.057506127450875,0.011093013446081209,0.044485294117,0.020257690263407933,0.009628875413775207,0.236642156863,0.257107843136,"[[0.037009803922, 0.049632352941, 0.04987745098, 0.063970588235], [0.044852941176, 0.065931372549, 0.057352941176, 0.054656862745], [0.059558823529, 0.054289215686, 0.079656862745, 0.05943627451], [0.081495098039, 0.050367647059, 0.057965686275, 0.054044117647]]",0
286,1152,1152,22.0,22.0,22,22,0.3585069444444444,0.0,9,5.90625,6.0,20.41003559027778,121.37586805555556,373.80034722222223,1.0,0.037324929972,0.038848039216,0.053921568627,0.075367647059,0.047198879552,0.057352941176,0.085416666667,0.059261204482,0.067647058824,0.070535714286,0.047566526611,0.072864145658,0.089040616246,0.061519607843,0.048056722689,0.066789215686,0.061169467787125,0.01490423650029827,0.051715686274,0.023358357240602454,0.0176954017279974,0.209033613445,0.320360644258,"[[0.037324929972, 0.038848039216, 0.053921568627, 0.075367647059], [0.047198879552, 0.057352941176, 0.085416666667, 0.059261204482], [0.067647058824, 0.070535714286, 0.047566526611, 0.072864145658], [0.089040616246, 0.061519607843, 0.048056722689, 0.066789215686]]",0
288,1152,1152,22.0,22.0,22,22,0.4592013888888889,0.0,12,5.831597222222222,6.0,20.108090277777777,120.51909722222223,386.69965277777777,1.0,0.040878851541,0.048651960784,0.051593137255,0.063357843137,0.047321428571,0.054411764706,0.063602941176,0.055462184874,0.060049019608,0.078991596639,0.053326330532,0.064408263305,0.078256302521,0.060661764706,0.050385154062,0.05625,0.0579755339635625,0.010003783443369663,0.038112745098,0.02049507205659973,0.009648093002638506,0.204866946779,0.28420868347300005,"[[0.040878851541, 0.048651960784, 0.051593137255, 0.063357843137], [0.047321428571, 0.054411764706, 0.063602941176, 0.055462184874], [0.060049019608, 0.078991596639, 0.053326330532, 0.064408263305], [0.078256302521, 0.060661764706, 0.050385154062, 0.05625]]",0
289,1152,1152,22.0,22.0,22,22,0.4427083333333333,0.0,10,5.809027777777778,6.0,20.156422743055558,119.86024305555556,369.00086805555554,1.0,0.035784313725,0.044607843137,0.048284313725,0.069240196078,0.03762254902,0.044240196078,0.06862745098,0.051102941176,0.067524509804,0.076102941176,0.063235294118,0.076838235294,0.077328431373,0.051102941176,0.049509803922,0.055882352941,0.0573146446076875,0.013577643211177466,0.04154411764799999,0.034396605855112374,0.014681447990947586,0.19914215686199999,0.291299019607,"[[0.035784313725, 0.044607843137, 0.048284313725, 0.069240196078], [0.03762254902, 0.044240196078, 0.06862745098, 0.051102941176], [0.067524509804, 0.076102941176, 0.063235294118, 0.076838235294], [0.077328431373, 0.051102941176, 0.049509803922, 0.055882352941]]",0
294,1152,1152,22.0,22.0,22,22,0.3810763888888889,0.0,9,5.916666666666667,6.0,19.95488628472222,120.89930555555556,370.3072916666667,1.0,0.043137254902,0.047916666667,0.048651960784,0.079044117647,0.049509803922,0.066053921569,0.044852941176,0.043382352941,0.065441176471,0.06237745098,0.069975490196,0.078431372549,0.067524509804,0.050367647059,0.04681372549,0.045098039216,0.056786151960812506,0.012320357898514591,0.035906862745000004,0.028831919567894916,0.01265240733761485,0.224264705883,0.253799019607,"[[0.043137254902, 0.047916666667, 0.048651960784, 0.079044117647], [0.049509803922, 0.066053921569, 0.044852941176, 0.043382352941], [0.065441176471, 0.06237745098, 0.069975490196, 0.078431372549], [0.067524509804, 0.050367647059, 0.04681372549, 0.045098039216]]",0
306,576,576,22.0,22.0,22,22,0.296875,0.0,8,5.852430555555555,6.0,20.07759375,121.28645833333333,367.97743055555554,1.0,0.04056372549,0.051838235294,0.062867647059,0.064828431373,0.057107843137,0.056862745098,0.064828431373,0.05943627451,0.062867647059,0.051838235294,0.04056372549,0.064828431373,0.064828431373,0.056862745098,0.057107843137,0.05943627451,0.05729166666675,0.00757527424555679,0.024264705882999997,0.009068627450999983,0.011642479356287053,0.197426470588,0.246323529413,"[[0.04056372549, 0.051838235294, 0.062867647059, 0.064828431373], [0.057107843137, 0.056862745098, 0.064828431373, 0.05943627451], [0.062867647059, 0.051838235294, 0.04056372549, 0.064828431373], [0.064828431373, 0.056862745098, 0.057107843137, 0.05943627451]]",0
313,1152,1152,22.0,22.0,22,22,0.3767361111111111,0.0,8,5.879340277777778,6.0,20.538764756944445,119.46354166666667,387.71180555555554,1.0,0.039950980392,0.046691176471,0.050245098039,0.05625,0.042524509804,0.05012254902,0.05612745098,0.049019607843,0.050980392157,0.063970588235,0.057230392157,0.051470588235,0.076348039216,0.058823529412,0.053921568627,0.047058823529,0.0531709558823125,0.008408559123144614,0.036397058824,0.01785234709643612,0.00629698076820762,0.19436274509800003,0.252696078431,"[[0.039950980392, 0.046691176471, 0.050245098039, 0.05625], [0.042524509804, 0.05012254902, 0.05612745098, 0.049019607843], [0.050980392157, 0.063970588235, 0.057230392157, 0.051470588235], [0.076348039216, 0.058823529412, 0.053921568627, 0.047058823529]]",0
325,1152,1152,22.0,22.0,22,22,0.421875,0.0,11,5.946180555555555,6.0,20.64719097222222,119.98003472222223,369.0451388888889,1.0,0.035171568627,0.044607843137,0.048529411765,0.068504901961,0.050735294118,0.044730392157,0.071691176471,0.064093137255,0.056617647059,0.077450980392,0.058946078431,0.069485294118,0.08431372549,0.052328431373,0.044975490196,0.052573529412,0.057797181372625,0.01320518109774637,0.049142156863000004,0.023297290630562514,0.013829726091957855,0.191421568627,0.301960784314,"[[0.035171568627, 0.044607843137, 0.048529411765, 0.068504901961], [0.050735294118, 0.044730392157, 0.071691176471, 0.064093137255], [0.056617647059, 0.077450980392, 0.058946078431, 0.069485294118], [0.08431372549, 0.052328431373, 0.044975490196, 0.052573529412]]",0
326,1152,1152,22.0,22.0,22,22,0.3524305555555556,0.0,9,5.895833333333333,6.0,20.906796875,122.11197916666667,403.66319444444446,1.0,0.039215686275,0.044607843137,0.047303921569,0.067156862745,0.043995098039,0.070588235294,0.05625,0.052941176471,0.053431372549,0.04987745098,0.074632352941,0.065931372549,0.077450980392,0.041299019608,0.052450980392,0.047426470588,0.055284926470562504,0.011784545525700286,0.038235294117,0.016220393984857504,0.011287323547719205,0.231862745098,0.250735294117,"[[0.039215686275, 0.044607843137, 0.047303921569, 0.067156862745], [0.043995098039, 0.070588235294, 0.05625, 0.052941176471], [0.053431372549, 0.04987745098, 0.074632352941, 0.065931372549], [0.077450980392, 0.041299019608, 0.052450980392, 0.047426470588]]",0
327,1152,1152,22.0,22.0,22,22,0.3463541666666667,0.0,8,5.819444444444445,6.0,20.587784722222224,120.74913194444444,371.08159722222223,1.0,0.038480392157,0.046200980392,0.053553921569,0.069730392157,0.048651960784,0.04375,0.075245098039,0.049632352941,0.054779411765,0.077205882353,0.07193627451,0.063235294118,0.077205882353,0.049264705882,0.054779411765,0.05012254902,0.05773590686281249,0.012381460095619336,0.038725490195999995,0.02250710418552307,0.015472875376466143,0.20428921568699998,0.29938725490199997,"[[0.038480392157, 0.046200980392, 0.053553921569, 0.069730392157], [0.048651960784, 0.04375, 0.075245098039, 0.049632352941], [0.054779411765, 0.077205882353, 0.07193627451, 0.063235294118], [0.077205882353, 0.049264705882, 0.054779411765, 0.05012254902]]",0
328,1152,1152,22.0,22.0,22,22,0.4097222222222222,0.0,10,5.951388888888889,6.0,21.088239583333333,119.67708333333333,373.0729166666667,1.0,0.039828431373,0.044800420168,0.044852941176,0.070658263305,0.044257703081,0.071271008403,0.052205882353,0.048039215686,0.05075280112,0.05306372549,0.074457282913,0.068574929972,0.070833333333,0.044870448179,0.056495098039,0.047496498599,0.055153623949375,0.01149692664195243,0.03462885153999999,0.01682048785973873,0.01142372848776973,0.233053221288,0.24676120448099997,"[[0.039828431373, 0.044800420168, 0.044852941176, 0.070658263305], [0.044257703081, 0.071271008403, 0.052205882353, 0.048039215686], [0.05075280112, 0.05306372549, 0.074457282913, 0.068574929972], [0.070833333333, 0.044870448179, 0.056495098039, 0.047496498599]]",0
334,1152,1152,22.0,22.0,22,22,0.4513888888888889,0.0,10,5.9296875,6.0,20.594552083333333,121.19791666666667,372.9357638888889,1.0,0.035049019608,0.043259803922,0.057965686275,0.05931372549,0.04362745098,0.053921568627,0.059926470588,0.057107843137,0.052450980392,0.064093137255,0.065073529412,0.052205882353,0.052941176471,0.060661764706,0.047303921569,0.054044117647,0.053684129902,0.007864824865029502,0.030024509803999996,0.013518877494571547,0.018004151695397565,0.208088235294,0.236274509804,"[[0.035049019608, 0.043259803922, 0.057965686275, 0.05931372549], [0.04362745098, 0.053921568627, 0.059926470588, 0.057107843137], [0.052450980392, 0.064093137255, 0.065073529412, 0.052205882353], [0.052941176471, 0.060661764706, 0.047303921569, 0.054044117647]]",0
339,576,576,22.0,22.0,22,22,0.2517361111111111,0.0,6,5.847222222222222,6.0,20.074690972222225,121.72222222222223,385.99131944444446,1.0,0.032720588235,0.044607843137,0.061764705882,0.070955882353,0.053799019608,0.048774509804,0.067769607843,0.069730392157,0.061764705882,0.070955882353,0.032720588235,0.044607843137,0.067769607843,0.069730392157,0.053799019608,0.048774509804,0.056265318627375,0.012807023024534127,0.038235294118,0.015012254902499994,0.0090073529415,0.162990196078,0.277450980392,"[[0.032720588235, 0.044607843137, 0.061764705882, 0.070955882353], [0.053799019608, 0.048774509804, 0.067769607843, 0.069730392157], [0.061764705882, 0.070955882353, 0.032720588235, 0.044607843137], [0.067769607843, 0.069730392157, 0.053799019608, 0.048774509804]]",0
351,1152,1152,22.0,22.0,22,22,0.4539930555555556,0.0,12,5.905381944444445,6.0,20.886717013888887,121.390625,380.9114583333333,1.0,0.040318627451,0.045343137255,0.05318627451,0.055759803922,0.043995098039,0.054411764706,0.070343137255,0.051593137255,0.062254901961,0.064828431373,0.050980392157,0.04681372549,0.062990196078,0.050612745098,0.05012254902,0.048651960784,0.053262867647125,0.00795470526584113,0.030024509803999996,0.011550366996167507,0.007994151628642712,0.194362745098,0.25392156862799997,"[[0.040318627451, 0.045343137255, 0.05318627451, 0.055759803922], [0.043995098039, 0.054411764706, 0.070343137255, 0.051593137255], [0.062254901961, 0.064828431373, 0.050980392157, 0.04681372549], [0.062990196078, 0.050612745098, 0.05012254902, 0.048651960784]]",0
359,576,576,22.0,22.0,22,22,0.3368055555555556,0.0,6,5.805555555555555,6.0,20.08573263888889,119.19965277777777,369.71180555555554,1.0,0.04418767507,0.051838235294,0.055759803922,0.059208683473,0.051470588235,0.052328431373,0.047934173669,0.058893557423,0.058893557423,0.052328431373,0.047934173669,0.051470588235,0.059208683473,0.051838235294,0.055759803922,0.04418767507,0.052702643557375,0.004843170313825623,0.015021008402999997,0.00018382352949999903,0.002968805200419677,0.188637955182,0.218679971988,"[[0.04418767507, 0.051838235294, 0.055759803922, 0.059208683473], [0.051470588235, 0.052328431373, 0.047934173669, 0.058893557423], [0.058893557423, 0.052328431373, 0.047934173669, 0.051470588235], [0.059208683473, 0.051838235294, 0.055759803922, 0.04418767507]]",0
360,1152,1152,22.0,22.0,22,22,0.4114583333333333,0.0,11,5.915798611111111,6.0,19.949059895833333,119.58159722222223,368.2760416666667,1.0,0.039845938375,0.054779411765,0.056757703081,0.058841036415,0.045903361345,0.055094537815,0.052048319328,0.051102941176,0.05681022409,0.05681022409,0.043224789916,0.051102941176,0.072181372549,0.053571428571,0.06556372549,0.049719887955,0.053959865196062495,0.0076403256500816,0.032335434174000005,0.014708452817593944,0.0035185673143190866,0.18788515406099998,0.239880952382,"[[0.039845938375, 0.054779411765, 0.056757703081, 0.058841036415], [0.045903361345, 0.055094537815, 0.052048319328, 0.051102941176], [0.05681022409, 0.05681022409, 0.043224789916, 0.051102941176], [0.072181372549, 0.053571428571, 0.06556372549, 0.049719887955]]",0
361,1152,1152,22.0,22.0,22,22,0.4904513888888889,0.0,11,5.813368055555555,6.0,20.361246527777777,120.59635416666667,368.25434027777777,1.0,0.04387254902,0.054166666667,0.055882352941,0.057720588235,0.047549019608,0.04693627451,0.057720588235,0.058455882353,0.056495098039,0.047181372549,0.060294117647,0.05612745098,0.058946078431,0.058210784314,0.048774509804,0.06556372549,0.0546185661764375,0.0058048856870030014,0.021691176470000004,0.008364980546454131,0.012961948743098795,0.21666666666700002,0.22156862745,"[[0.04387254902, 0.054166666667, 0.055882352941, 0.057720588235], [0.047549019608, 0.04693627451, 0.057720588235, 0.058455882353], [0.056495098039, 0.047181372549, 0.060294117647, 0.05612745098], [0.058946078431, 0.058210784314, 0.048774509804, 0.06556372549]]",0
374,576,576,22.0,22.0,22,22,0.28125,0.0,5,5.847222222222222,6.0,19.932144097222224,120.98090277777777,398.2829861111111,1.0,0.037272408964,0.048284313725,0.064828431373,0.067104341737,0.043820028011,0.053553921569,0.053553921569,0.043820028011,0.067104341737,0.064828431373,0.048284313725,0.037272408964,0.06862745098,0.051418067227,0.051418067227,0.06862745098,0.05436362044825,0.01075210343292581,0.031355042016000007,0.016031258153526236,0.0006302521009999978,0.207738095238,0.254114145659,"[[0.037272408964, 0.048284313725, 0.064828431373, 0.067104341737], [0.043820028011, 0.053553921569, 0.053553921569, 0.043820028011], [0.067104341737, 0.064828431373, 0.048284313725, 0.037272408964], [0.06862745098, 0.051418067227, 0.051418067227, 0.06862745098]]",0
383,576,576,22.0,22.0,22,22,0.2482638888888889,0.0,4,5.828125,6.0,19.842347222222223,119.02604166666667,420.9982638888889,1.0,0.046446078431,0.046446078431,0.06393557423,0.06393557423,0.046638655462,0.05681022409,0.050262605042,0.059383753501,0.05681022409,0.046638655462,0.059383753501,0.050262605042,0.069135154062,0.069135154062,0.052958683473,0.052958683473,0.055696341036375004,0.007648150816713606,0.022689075631000005,0.012747006712791683,0.003755252100499998,0.215598739495,0.229971988796,"[[0.046446078431, 0.046446078431, 0.06393557423, 0.06393557423], [0.046638655462, 0.05681022409, 0.050262605042, 0.059383753501], [0.05681022409, 0.046638655462, 0.059383753501, 0.050262605042], [0.069135154062, 0.069135154062, 0.052958683473, 0.052958683473]]",0
387,1152,1152,22.0,22.0,22,22,0.5173611111111112,0.0,13,5.865451388888889,6.0,20.0371328125,118.47916666666667,367.7578125,1.0,0.035171568627,0.04987745098,0.054779411765,0.057107843137,0.035539215686,0.037009803922,0.055759803922,0.054166666667,0.052083333333,0.070955882353,0.052573529412,0.062990196078,0.065441176471,0.056004901961,0.050490196078,0.053308823529,0.0527037377450625,0.00971220007688265,0.035784313726,0.022226921971649844,0.014209709432855502,0.17806372549,0.249264705883,"[[0.035171568627, 0.04987745098, 0.054779411765, 0.057107843137], [0.035539215686, 0.037009803922, 0.055759803922, 0.054166666667], [0.052083333333, 0.070955882353, 0.052573529412, 0.062990196078], [0.065441176471, 0.056004901961, 0.050490196078, 0.053308823529]]",0
388,1152,1152,22.0,22.0,22,22,0.4539930555555556,0.0,10,5.9140625,6.0,19.799161458333334,119.99913194444444,410.5954861111111,1.0,0.037990196078,0.051348039216,0.054534313725,0.055514705882,0.04375,0.04681372549,0.052941176471,0.054411764706,0.062009803922,0.047426470588,0.053553921569,0.044730392157,0.063480392157,0.067524509804,0.047426470588,0.050735294118,0.052136948529437496,0.007452095035085246,0.029534313726000003,0.012477565110917303,0.00285222806040904,0.189093137255,0.21936274509800002,"[[0.037990196078, 0.051348039216, 0.054534313725, 0.055514705882], [0.04375, 0.04681372549, 0.052941176471, 0.054411764706], [0.062009803922, 0.047426470588, 0.053553921569, 0.044730392157], [0.063480392157, 0.067524509804, 0.047426470588, 0.050735294118]]",0
389,1152,1152,22.0,22.0,22,22,0.3020833333333333,0.0,6,5.862847222222222,6.0,19.893927083333335,119.16840277777777,384.26215277777777,1.0,0.037254901961,0.051225490196,0.05318627451,0.062254901961,0.041666666667,0.064460784314,0.061151960784,0.049264705882,0.060784313725,0.05306372549,0.05012254902,0.067769607843,0.067892156863,0.053799019608,0.059558823529,0.063970588235,0.05608915441175,0.008649664719614411,0.030637254901999998,0.015559955686011684,0.012664531067277114,0.21580882352999997,0.244362745098,"[[0.037254901961, 0.051225490196, 0.05318627451, 0.062254901961], [0.041666666667, 0.064460784314, 0.061151960784, 0.049264705882], [0.060784313725, 0.05306372549, 0.05012254902, 0.067769607843], [0.067892156863, 0.053799019608, 0.059558823529, 0.063970588235]]",0
392,1152,1152,22.0,22.0,22,22,0.4184027777777778,0.0,11,5.8984375,6.0,20.891678819444444,121.03298611111111,376.1822916666667,1.0,0.039460784314,0.044975490196,0.047058823529,0.056617647059,0.042524509804,0.055392156863,0.046446078431,0.049142156863,0.051348039216,0.051470588235,0.058946078431,0.052818627451,0.066421568627,0.045955882353,0.052450980392,0.054656862745,0.0509803921568125,0.0065066489962146085,0.026960784312999996,0.013363463469248927,0.005971042997649321,0.208455882353,0.220955882352,"[[0.039460784314, 0.044975490196, 0.047058823529, 0.056617647059], [0.042524509804, 0.055392156863, 0.046446078431, 0.049142156863], [0.051348039216, 0.051470588235, 0.058946078431, 0.052818627451], [0.066421568627, 0.045955882353, 0.052450980392, 0.054656862745]]",0
411,1152,1152,22.0,22.0,22,22,0.3689236111111111,0.0,7,5.7890625,6.0,20.828277777777778,120.43663194444444,404.8498263888889,1.0,0.036274509804,0.055147058824,0.057475490196,0.064093137255,0.045955882353,0.055147058824,0.045465686275,0.059681372549,0.049509803922,0.061519607843,0.044485294118,0.049754901961,0.054289215686,0.053676470588,0.072549019608,0.073529411765,0.0549096200981875,0.009676860137364152,0.037254901960999995,0.02008521511404585,0.021884931253434443,0.209436274511,0.225367647059,"[[0.036274509804, 0.055147058824, 0.057475490196, 0.064093137255], [0.045955882353, 0.055147058824, 0.045465686275, 0.059681372549], [0.049509803922, 0.061519607843, 0.044485294118, 0.049754901961], [0.054289215686, 0.053676470588, 0.072549019608, 0.073529411765]]",0
419,1152,1152,22.0,22.0,22,22,0.3810763888888889,0.0,8,5.890625,6.0,20.440577256944444,120.26302083333333,371.95225694444446,1.0,0.039583333333,0.044607843137,0.047058823529,0.056495098039,0.045710784314,0.052941176471,0.046078431373,0.053308823529,0.055269607843,0.046200980392,0.056740196078,0.051715686275,0.057475490196,0.05318627451,0.056495098039,0.051715686275,0.050911458333312495,0.005185570346274369,0.017892156862999997,0.011785232489133633,0.00663032950950178,0.20098039215700003,0.20625,"[[0.039583333333, 0.044607843137, 0.047058823529, 0.056495098039], [0.045710784314, 0.052941176471, 0.046078431373, 0.053308823529], [0.055269607843, 0.046200980392, 0.056740196078, 0.051715686275], [0.057475490196, 0.05318627451, 0.056495098039, 0.051715686275]]",0
75,288,288,22.083333333333332,22.0,22,23,0.6770833333333334,0.0,11,5.46875,6.0,20.306458333333335,120.09375,330.84375,1.0,0.037683823529,0.037683823529,0.060661764706,0.060661764706,0.037683823529,0.037683823529,0.060661764706,0.060661764706,0.064950980392,0.113051470588,0.054534313725,0.081801470588,0.113051470588,0.064950980392,0.081801470588,0.054534313725,0.063878676470375,0.022969258980686195,0.075367647059,0.0588235294115,0.0021446078434999988,0.18443627450800001,0.347426470588,"[[0.037683823529, 0.037683823529, 0.060661764706, 0.060661764706], [0.037683823529, 0.037683823529, 0.060661764706, 0.060661764706], [0.064950980392, 0.113051470588, 0.054534313725, 0.081801470588], [0.113051470588, 0.064950980392, 0.081801470588, 0.054534313725]]",0
81,576,576,22.083333333333332,22.0,22,23,0.859375,0.0,12,5.368055555555555,5.0,20.174197916666667,119.77083333333333,410.9114583333333,1.0,0.042156862745,0.044852941176,0.053982843137,0.05931372549,0.042156862745,0.044852941176,0.053982843137,0.05931372549,0.063970588235,0.083394607843,0.072365196078,0.049632352941,0.079105392157,0.054289215686,0.054289215686,0.056495098039,0.0571346507350625,0.011998954228775168,0.041237745097999996,0.029602988934625523,0.0036722235986902814,0.215870098038,0.275796568627,"[[0.042156862745, 0.044852941176, 0.053982843137, 0.05931372549], [0.042156862745, 0.044852941176, 0.053982843137, 0.05931372549], [0.063970588235, 0.083394607843, 0.072365196078, 0.049632352941], [0.079105392157, 0.054289215686, 0.054289215686, 0.056495098039]]",0
143,288,288,22.083333333333332,22.0,22,23,0.7465277777777778,0.0,10,5.381944444444445,5.0,19.66517361111111,119.42013888888889,392.94444444444446,1.0,0.043137254902,0.043137254902,0.057598039216,0.057598039216,0.043137254902,0.043137254902,0.057598039216,0.057598039216,0.061151960784,0.080147058824,0.05318627451,0.055024509804,0.080147058824,0.061151960784,0.055024509804,0.05318627451,0.05637254901975,0.010916669143059493,0.037009803922,0.024019607843,0.0020833333330000092,0.192647058824,0.27549019608,"[[0.043137254902, 0.043137254902, 0.057598039216, 0.057598039216], [0.043137254902, 0.043137254902, 0.057598039216, 0.057598039216], [0.061151960784, 0.080147058824, 0.05318627451, 0.055024509804], [0.080147058824, 0.061151960784, 0.055024509804, 0.05318627451]]",0
154,288,288,22.083333333333332,22.0,22,23,0.7743055555555556,0.0,17,5.430555555555555,5.0,20.198444444444444,117.49305555555556,356.97569444444446,1.0,0.045588235294,0.045588235294,0.050490196078,0.050490196078,0.045588235294,0.045588235294,0.050490196078,0.050490196078,0.062254901961,0.063480392157,0.049509803922,0.056862745098,0.063480392157,0.062254901961,0.056862745098,0.049509803922,0.053033088235250006,0.006567458444336843,0.017892156863000004,0.019975490196999984,0.004779411765000012,0.190196078432,0.22794117647,"[[0.045588235294, 0.045588235294, 0.050490196078, 0.050490196078], [0.045588235294, 0.045588235294, 0.050490196078, 0.050490196078], [0.062254901961, 0.063480392157, 0.049509803922, 0.056862745098], [0.063480392157, 0.062254901961, 0.056862745098, 0.049509803922]]",0
282,576,576,22.083333333333332,22.0,22,23,0.8385416666666666,0.0,18,5.75,6.0,19.7883125,119.70138888888889,347.6302083333333,1.0,0.042156862745,0.042156862745,0.058578431373,0.058578431373,0.047794117647,0.047794117647,0.065318627451,0.065318627451,0.061519607843,0.092279411765,0.060049019608,0.062009803922,0.092279411765,0.061519607843,0.062009803922,0.060049019608,0.061213235294250004,0.013848310339279295,0.05012254902,0.0322165266903863,0.001102941177000001,0.210049019608,0.308455882354,"[[0.042156862745, 0.042156862745, 0.058578431373, 0.058578431373], [0.047794117647, 0.047794117647, 0.065318627451, 0.065318627451], [0.061519607843, 0.092279411765, 0.060049019608, 0.062009803922], [0.092279411765, 0.061519607843, 0.062009803922, 0.060049019608]]",0
295,1152,1152,22.083333333333332,22.0,22,23,0.7465277777777778,0.0,17,5.730034722222222,6.0,19.8854921875,119.46527777777777,359.46788194444446,1.0,0.04112394958,0.048651960784,0.049457282913,0.064338235294,0.044432773109,0.067769607843,0.057790616246,0.048039215686,0.071025910364,0.043137254902,0.045728291317,0.048651960784,0.075735294118,0.052153361345,0.07818627451,0.05043767507,0.0554162289915625,0.011724052800946268,0.03706232493,0.020779232284217214,0.01008393103303828,0.20505952381,0.24100140056000002,"[[0.04112394958, 0.048651960784, 0.049457282913, 0.064338235294], [0.044432773109, 0.067769607843, 0.057790616246, 0.048039215686], [0.071025910364, 0.043137254902, 0.045728291317, 0.048651960784], [0.075735294118, 0.052153361345, 0.07818627451, 0.05043767507]]",0
421,576,576,22.083333333333332,22.0,22,23,0.7274305555555556,0.0,15,5.755208333333333,6.0,19.857022569444446,120.05381944444444,367.80381944444446,1.0,0.040703781513,0.052941176471,0.052941176471,0.056932773109,0.047006302521,0.052205882353,0.052205882353,0.047006302521,0.056932773109,0.052941176471,0.052941176471,0.040703781513,0.066911764706,0.050682773109,0.050682773109,0.066911764706,0.052540703781624995,0.007074997877198109,0.026207983192999995,0.014597840851399566,0.0013918067225000066,0.21276260504299999,0.22899159663899998,"[[0.040703781513, 0.052941176471, 0.052941176471, 0.056932773109], [0.047006302521, 0.052205882353, 0.052205882353, 0.047006302521], [0.056932773109, 0.052941176471, 0.052941176471, 0.040703781513], [0.066911764706, 0.050682773109, 0.050682773109, 0.066911764706]]",0
32,576,576,22.166666666666668,22.0,22,23,0.6215277777777778,0.0,14,5.201388888888889,5.0,20.13381423611111,119.30208333333333,376.4791666666667,1.0,0.028676470588,0.034208683473,0.059191176471,0.069922969188,0.028676470588,0.034208683473,0.059191176471,0.069922969188,0.058158263305,0.104131652661,0.086834733894,0.067156862745,0.058210784314,0.039968487395,0.045220588235,0.079971988796,0.0577282475490625,0.02114306743893999,0.075455182073,0.05092446378136739,0.04222956059034799,0.229691876751,0.291456582634,"[[0.028676470588, 0.034208683473, 0.059191176471, 0.069922969188], [0.028676470588, 0.034208683473, 0.059191176471, 0.069922969188], [0.058158263305, 0.104131652661, 0.086834733894, 0.067156862745], [0.058210784314, 0.039968487395, 0.045220588235, 0.079971988796]]",0
74,576,576,22.166666666666668,22.0,22,23,0.6597222222222222,0.0,13,5.361111111111111,5.0,20.088756944444444,120.54861111111111,370.7795138888889,1.0,0.036274509804,0.046609477124,0.068137254902,0.084395424837,0.036274509804,0.046609477124,0.068137254902,0.084395424837,0.067116013072,0.122385620915,0.049959150327,0.099060457516,0.083946078431,0.098651960784,0.041748366013,0.063112745098,0.068550857843125,0.024516040681646964,0.086111111111,0.04278235927242886,0.04879042027772542,0.195955882353,0.35886437908499996,"[[0.036274509804, 0.046609477124, 0.068137254902, 0.084395424837], [0.036274509804, 0.046609477124, 0.068137254902, 0.084395424837], [0.067116013072, 0.122385620915, 0.049959150327, 0.099060457516], [0.083946078431, 0.098651960784, 0.041748366013, 0.063112745098]]",0
82,576,576,22.166666666666668,22.0,22,23,0.6753472222222222,0.0,14,5.319444444444445,5.0,20.381296875,118.04861111111111,425.19965277777777,1.0,0.035416666667,0.036887254902,0.052573529412,0.067524509804,0.035416666667,0.036887254902,0.052573529412,0.067524509804,0.06887254902,0.074264705882,0.089338235294,0.072058823529,0.086151960784,0.048651960784,0.045220588235,0.058823529412,0.058011642156875,0.017244985250006988,0.053921568627000004,0.045945954809547704,0.024975733729658153,0.22046568627500002,0.280514705882,"[[0.035416666667, 0.036887254902, 0.052573529412, 0.067524509804], [0.035416666667, 0.036887254902, 0.052573529412, 0.067524509804], [0.06887254902, 0.074264705882, 0.089338235294, 0.072058823529], [0.086151960784, 0.048651960784, 0.045220588235, 0.058823529412]]",0
89,576,576,22.166666666666668,22.0,22,23,0.7309027777777778,0.0,13,5.3125,5.0,20.440427083333333,117.96006944444444,415.28819444444446,1.0,0.040633753501,0.04431022409,0.054166666667,0.06875,0.040633753501,0.04431022409,0.054166666667,0.06875,0.083700980392,0.08431372549,0.062324929972,0.055707282913,0.084138655462,0.043399859944,0.041911764706,0.061519607843,0.058296130952375,0.015373740238075079,0.043679971989000005,0.03194501198813563,0.01888451632800935,0.20878851540600002,0.291369047619,"[[0.040633753501, 0.04431022409, 0.054166666667, 0.06875], [0.040633753501, 0.04431022409, 0.054166666667, 0.06875], [0.083700980392, 0.08431372549, 0.062324929972, 0.055707282913], [0.084138655462, 0.043399859944, 0.041911764706, 0.061519607843]]",0
91,576,576,22.166666666666668,22.0,22,23,0.6423611111111112,0.0,11,5.21875,5.0,19.906897569444443,119.88020833333333,411.3576388888889,1.0,0.03737745098,0.038480392157,0.062745098039,0.085661764706,0.03737745098,0.038480392157,0.062745098039,0.085661764706,0.086642156863,0.084803921569,0.037990196078,0.069362745098,0.103431372549,0.077083333333,0.052573529412,0.093014705882,0.06583946078425001,0.022300028445860792,0.066053921569,0.042520359886790794,0.04412683727813683,0.206862745097,0.33664215686300003,"[[0.03737745098, 0.038480392157, 0.062745098039, 0.085661764706], [0.03737745098, 0.038480392157, 0.062745098039, 0.085661764706], [0.086642156863, 0.084803921569, 0.037990196078, 0.069362745098], [0.103431372549, 0.077083333333, 0.052573529412, 0.093014705882]]",0
92,576,576,22.166666666666668,22.0,22,23,0.6822916666666666,0.0,13,5.197916666666667,5.0,20.067774305555556,118.97395833333333,381.2447916666667,1.0,0.039478291317,0.044257703081,0.057422969188,0.068697478992,0.039478291317,0.044257703081,0.057422969188,0.068697478992,0.066088935574,0.082913165266,0.065633753501,0.067717086835,0.088725490196,0.072006302521,0.052153361345,0.067489495798,0.061402529762,0.014167238086516166,0.049247198879,0.03576051713395376,0.01613875233598784,0.216859243697,0.29775910364200003,"[[0.039478291317, 0.044257703081, 0.057422969188, 0.068697478992], [0.039478291317, 0.044257703081, 0.057422969188, 0.068697478992], [0.066088935574, 0.082913165266, 0.065633753501, 0.067717086835], [0.088725490196, 0.072006302521, 0.052153361345, 0.067489495798]]",0
100,576,576,22.166666666666668,22.0,22,23,0.6423611111111112,0.0,14,5.217013888888889,5.0,19.634609375,117.22222222222223,387.9704861111111,1.0,0.040808823529,0.071778711485,0.074894957983,0.092489495798,0.05668767507,0.082790616246,0.049369747899,0.053746498599,0.05668767507,0.082790616246,0.049369747899,0.053746498599,0.057422969188,0.068504901961,0.050682773109,0.090511204482,0.06451768207268749,0.01565171396133933,0.05168067226900001,0.016129266384488375,0.04072373460516101,0.263480392156,0.282072829131,"[[0.040808823529, 0.071778711485, 0.074894957983, 0.092489495798], [0.05668767507, 0.082790616246, 0.049369747899, 0.053746498599], [0.05668767507, 0.082790616246, 0.049369747899, 0.053746498599], [0.057422969188, 0.068504901961, 0.050682773109, 0.090511204482]]",0
109,576,576,22.166666666666668,22.0,22,23,0.8298611111111112,0.0,16,5.289930555555555,5.0,20.068399305555555,119.26388888888889,387.44097222222223,1.0,0.031740196078,0.045343137255,0.066911764706,0.072426470588,0.031740196078,0.045343137255,0.066911764706,0.072426470588,0.074632352941,0.091911764706,0.035294117647,0.03737745098,0.086029411765,0.106004901961,0.055269607843,0.080882352941,0.062515318627375,0.022272583691608373,0.07426470588299999,0.0460554069382042,0.027325614798373234,0.193259803921,0.317279411765,"[[0.031740196078, 0.045343137255, 0.066911764706, 0.072426470588], [0.031740196078, 0.045343137255, 0.066911764706, 0.072426470588], [0.074632352941, 0.091911764706, 0.035294117647, 0.03737745098], [0.086029411765, 0.106004901961, 0.055269607843, 0.080882352941]]",0
111,576,576,22.166666666666668,22.0,22,23,0.8003472222222222,0.0,15,5.364583333333333,5.0,19.970741319444446,117.85243055555556,390.03472222222223,1.0,0.036397058824,0.043382352941,0.057843137255,0.067524509804,0.036397058824,0.043382352941,0.057843137255,0.067524509804,0.065441176471,0.075367647059,0.041421568627,0.056495098039,0.071568627451,0.086397058824,0.060416666667,0.073406862745,0.058800551470687495,0.01457690960013874,0.05,0.035429955335790554,0.022473193954765405,0.194607843137,0.272303921569,"[[0.036397058824, 0.043382352941, 0.057843137255, 0.067524509804], [0.036397058824, 0.043382352941, 0.057843137255, 0.067524509804], [0.065441176471, 0.075367647059, 0.041421568627, 0.056495098039], [0.071568627451, 0.086397058824, 0.060416666667, 0.073406862745]]",0
114,288,288,22.166666666666668,22.0,22,23,0.7430555555555556,0.0,14,5.194444444444445,5.0,20.593006944444443,118.06597222222223,387.91319444444446,1.0,0.039093137255,0.039093137255,0.059926470588,0.059926470588,0.039093137255,0.039093137255,0.059926470588,0.059926470588,0.073897058824,0.073897058824,0.040808823529,0.040808823529,0.091789215686,0.091789215686,0.057475490196,0.057475490196,0.057751225490125,0.017364135525687666,0.052696078431,0.04103526061088244,0.012867647059499998,0.176470588235,0.285539215686,"[[0.039093137255, 0.039093137255, 0.059926470588, 0.059926470588], [0.039093137255, 0.039093137255, 0.059926470588, 0.059926470588], [0.073897058824, 0.073897058824, 0.040808823529, 0.040808823529], [0.091789215686, 0.091789215686, 0.057475490196, 0.057475490196]]",0
135,288,288,22.166666666666668,22.0,22,23,0.7743055555555556,0.0,17,5.145833333333333,5.0,19.66915625,115.40972222222223,419.71875,1.0,0.045220588235,0.045220588235,0.073406862745,0.073406862745,0.053799019608,0.053799019608,0.068504901961,0.068504901961,0.055147058824,0.055147058824,0.048039215686,0.048039215686,0.055147058824,0.055147058824,0.048039215686,0.048039215686,0.055912990196125,0.009411124413444215,0.028186274509999998,0.017473874467988818,0.014338235293499993,0.19509803921500002,0.252205882354,"[[0.045220588235, 0.045220588235, 0.073406862745, 0.073406862745], [0.053799019608, 0.053799019608, 0.068504901961, 0.068504901961], [0.055147058824, 0.055147058824, 0.048039215686, 0.048039215686], [0.055147058824, 0.055147058824, 0.048039215686, 0.048039215686]]",0
140,576,576,22.166666666666668,22.0,22,23,0.8767361111111112,0.0,12,5.322916666666667,5.0,20.354086805555553,118.64236111111111,431.6510416666667,1.0,0.033088235294,0.034698879552,0.055707282913,0.056740196078,0.033088235294,0.034698879552,0.055707282913,0.056740196078,0.053746498599,0.078921568627,0.068014705882,0.052521008403,0.07193627451,0.066614145658,0.053816526611,0.059068627451,0.0540692839634375,0.013616947128554008,0.045833333333000006,0.03604796325248849,0.015518451473398365,0.194870448179,0.263305322128,"[[0.033088235294, 0.034698879552, 0.055707282913, 0.056740196078], [0.033088235294, 0.034698879552, 0.055707282913, 0.056740196078], [0.053746498599, 0.078921568627, 0.068014705882, 0.052521008403], [0.07193627451, 0.066614145658, 0.053816526611, 0.059068627451]]",0
146,576,576,22.166666666666668,22.0,22,23,0.6857638888888888,0.0,11,5.3125,5.0,19.775118055555556,119.53819444444444,400.07465277777777,1.0,0.044607843137,0.044852941176,0.054044117647,0.058210784314,0.044607843137,0.044852941176,0.054044117647,0.058210784314,0.05612745098,0.070710784314,0.060416666667,0.066299019608,0.070098039216,0.058578431373,0.054656862745,0.062867647059,0.056449142156875,0.008361543384136371,0.026102941177000002,0.024220799179947034,0.01174889792793377,0.212745098039,0.253063725491,"[[0.044607843137, 0.044852941176, 0.054044117647, 0.058210784314], [0.044607843137, 0.044852941176, 0.054044117647, 0.058210784314], [0.05612745098, 0.070710784314, 0.060416666667, 0.066299019608], [0.070098039216, 0.058578431373, 0.054656862745, 0.062867647059]]",0
150,288,288,22.166666666666668,22.0,22,23,0.5763888888888888,0.0,17,5.253472222222222,5.0,20.46618402777778,118.24305555555556,347.3229166666667,1.0,0.039215686275,0.039215686275,0.053308823529,0.053308823529,0.039215686275,0.039215686275,0.053308823529,0.053308823529,0.058823529412,0.058823529412,0.050245098039,0.050245098039,0.06862745098,0.06862745098,0.050245098039,0.050245098039,0.05162377450975,0.00907168031194221,0.029411764705000003,0.022538693820280526,0.0006127450969999892,0.17892156862800002,0.23406862745,"[[0.039215686275, 0.039215686275, 0.053308823529, 0.053308823529], [0.039215686275, 0.039215686275, 0.053308823529, 0.053308823529], [0.058823529412, 0.058823529412, 0.050245098039, 0.050245098039], [0.06862745098, 0.06862745098, 0.050245098039, 0.050245098039]]",0
152,576,576,22.166666666666668,22.0,22,23,0.6701388888888888,0.0,13,5.25,5.0,20.121715277777778,118.78125,358.00347222222223,1.0,0.042401960784,0.061887254902,0.064093137255,0.067401960784,0.052450980392,0.054289215686,0.074142156863,0.057843137255,0.059926470588,0.055392156863,0.043995098039,0.051225490196,0.059926470588,0.055392156863,0.043995098039,0.051225490196,0.0559742647058125,0.008398352803643308,0.031740196079000006,0.013398256907470192,0.005331938705714988,0.19191176470500002,0.256862745098,"[[0.042401960784, 0.061887254902, 0.064093137255, 0.067401960784], [0.052450980392, 0.054289215686, 0.074142156863, 0.057843137255], [0.059926470588, 0.055392156863, 0.043995098039, 0.051225490196], [0.059926470588, 0.055392156863, 0.043995098039, 0.051225490196]]",0
157,576,576,22.166666666666668,22.0,22,23,0.6736111111111112,0.0,12,5.272569444444445,5.0,19.797347222222225,117.81770833333333,406.2604166666667,1.0,0.045483193277,0.054289215686,0.055339635854,0.07806372549,0.050017507003,0.060801820728,0.064828431373,0.06306022409,0.058088235294,0.05075280112,0.055339635854,0.050980392157,0.058088235294,0.05075280112,0.055339635854,0.050980392157,0.0563878676469375,0.0075002308767502385,0.032580532213,0.010572899917018935,0.012330315804885758,0.212605042016,0.251733193277,"[[0.045483193277, 0.054289215686, 0.055339635854, 0.07806372549], [0.050017507003, 0.060801820728, 0.064828431373, 0.06306022409], [0.058088235294, 0.05075280112, 0.055339635854, 0.050980392157], [0.058088235294, 0.05075280112, 0.055339635854, 0.050980392157]]",0
160,288,288,22.166666666666668,22.0,22,23,0.8472222222222222,0.0,9,5.211805555555555,5.0,19.833024305555554,119.91319444444444,466.46875,1.0,0.039828431373,0.039828431373,0.052205882353,0.052205882353,0.039828431373,0.039828431373,0.052205882353,0.052205882353,0.060906862745,0.060906862745,0.049264705882,0.049264705882,0.067401960784,0.067401960784,0.054534313725,0.054534313725,0.0520220588235,0.008851781091645998,0.027573529410999997,0.02541939639583227,0.0001225490189999956,0.183455882353,0.23272058823500003,"[[0.039828431373, 0.039828431373, 0.052205882353, 0.052205882353], [0.039828431373, 0.039828431373, 0.052205882353, 0.052205882353], [0.060906862745, 0.060906862745, 0.049264705882, 0.049264705882], [0.067401960784, 0.067401960784, 0.054534313725, 0.054534313725]]",0
204,1152,1152,22.166666666666668,22.0,22,23,0.7204861111111112,0.0,17,5.814236111111111,6.0,20.229321180555555,120.04166666666667,373.9479166666667,1.0,0.042279411765,0.060661764706,0.067892156863,0.094362745098,0.044607843137,0.076348039216,0.047916666667,0.052573529412,0.079656862745,0.048651960784,0.048529411765,0.048651960784,0.081862745098,0.045588235294,0.045833333333,0.055024509804,0.0587775735294375,0.015663691701858384,0.052083333333,0.017540463909018342,0.016232426061612484,0.22218137255,0.272794117647,"[[0.042279411765, 0.060661764706, 0.067892156863, 0.094362745098], [0.044607843137, 0.076348039216, 0.047916666667, 0.052573529412], [0.079656862745, 0.048651960784, 0.048529411765, 0.048651960784], [0.081862745098, 0.045588235294, 0.045833333333, 0.055024509804]]",0
208,1152,1152,22.166666666666668,22.0,22,23,0.6310763888888888,0.0,16,5.663194444444445,6.0,20.434738715277778,119.81423611111111,370.7526041666667,1.0,0.039215686275,0.041544117647,0.049457282913,0.071148459384,0.049527310924,0.040931372549,0.04068627451,0.069800420168,0.05075280112,0.068574929972,0.074212184874,0.054901960784,0.071568627451,0.059926470588,0.045413165266,0.052958683473,0.055038734243625,0.012092835014096847,0.034996498598999996,0.020103000096020625,0.01655165308919706,0.207317927171,0.251978291317,"[[0.039215686275, 0.041544117647, 0.049457282913, 0.071148459384], [0.049527310924, 0.040931372549, 0.04068627451, 0.069800420168], [0.05075280112, 0.068574929972, 0.074212184874, 0.054901960784], [0.071568627451, 0.059926470588, 0.045413165266, 0.052958683473]]",0
214,1152,1152,22.166666666666668,22.0,22,23,0.7291666666666666,0.0,13,5.646701388888889,6.0,20.07105902777778,120.72309027777777,382.0251736111111,1.0,0.031495098039,0.035171568627,0.068137254902,0.075367647059,0.034191176471,0.05625,0.036029411765,0.066421568627,0.060294117647,0.068137254902,0.039705882353,0.048529411765,0.070588235294,0.055024509804,0.098284313725,0.077083333333,0.0575444240195625,0.018430592787287366,0.066789215686,0.04179122592661497,0.02693464293588817,0.20453431372499997,0.25012254902,"[[0.031495098039, 0.035171568627, 0.068137254902, 0.075367647059], [0.034191176471, 0.05625, 0.036029411765, 0.066421568627], [0.060294117647, 0.068137254902, 0.039705882353, 0.048529411765], [0.070588235294, 0.055024509804, 0.098284313725, 0.077083333333]]",0
243,1152,1152,22.166666666666668,22.0,22,23,0.6979166666666666,0.0,13,5.799479166666667,6.0,20.18205121527778,119.68576388888889,359.57899305555554,1.0,0.044852941176,0.063235294118,0.064215686275,0.065318627451,0.051225490196,0.059926470588,0.058578431373,0.058455882353,0.060171568627,0.050735294118,0.049509803922,0.052328431373,0.060416666667,0.048897058824,0.052941176471,0.049142156863,0.0556219362746875,0.006157383233235174,0.020465686275000006,0.010948264941529348,0.003506594100759158,0.20343137254899998,0.23504901960900002,"[[0.044852941176, 0.063235294118, 0.064215686275, 0.065318627451], [0.051225490196, 0.059926470588, 0.058578431373, 0.058455882353], [0.060171568627, 0.050735294118, 0.049509803922, 0.052328431373], [0.060416666667, 0.048897058824, 0.052941176471, 0.049142156863]]",0
247,1152,1152,22.166666666666668,22.0,22,23,0.7013888888888888,0.0,12,5.814236111111111,6.0,19.91923263888889,120.81857638888889,358.01128472222223,1.0,0.040441176471,0.058986928105,0.059681372549,0.059926470588,0.040645424837,0.068096405229,0.042810457516,0.05714869281,0.055392156863,0.068300653595,0.048733660131,0.058660130719,0.060784313725,0.056944444444,0.090359477124,0.053635620915,0.0575342116013125,0.011782333642307389,0.049918300653,0.019883206017691942,0.020644597460432273,0.210906862746,0.231821895424,"[[0.040441176471, 0.058986928105, 0.059681372549, 0.059926470588], [0.040645424837, 0.068096405229, 0.042810457516, 0.05714869281], [0.055392156863, 0.068300653595, 0.048733660131, 0.058660130719], [0.060784313725, 0.056944444444, 0.090359477124, 0.053635620915]]",0
256,1152,1152,22.166666666666668,22.0,22,23,0.6788194444444444,0.0,15,5.730902777777778,6.0,19.834203993055556,119.26909722222223,351.0451388888889,1.0,0.036274509804,0.040931372549,0.063112745098,0.066666666667,0.053676470588,0.071078431373,0.058455882353,0.061029411765,0.054044117647,0.070343137255,0.055882352941,0.058333333333,0.054411764706,0.043995098039,0.060906862745,0.064705882353,0.057115502451,0.00963788523107423,0.034803921569,0.014428911108089445,0.019376580244407395,0.22794117647099998,0.249877450981,"[[0.036274509804, 0.040931372549, 0.063112745098, 0.066666666667], [0.053676470588, 0.071078431373, 0.058455882353, 0.061029411765], [0.054044117647, 0.070343137255, 0.055882352941, 0.058333333333], [0.054411764706, 0.043995098039, 0.060906862745, 0.064705882353]]",0
262,1152,1152,22.166666666666668,22.0,22,23,0.5625,0.0,12,5.647569444444445,6.0,20.14803559027778,117.890625,354.9236111111111,1.0,0.039705882353,0.042769607843,0.050735294118,0.058578431373,0.044485294118,0.045220588235,0.046078431373,0.053431372549,0.059068627451,0.055024509804,0.056004901961,0.042892156863,0.061274509804,0.057598039216,0.053553921569,0.049509803922,0.050995710784500006,0.006560791271462098,0.021568627451,0.013876342973735812,0.0020950148286014146,0.190441176471,0.22095588235400002,"[[0.039705882353, 0.042769607843, 0.050735294118, 0.058578431373], [0.044485294118, 0.045220588235, 0.046078431373, 0.053431372549], [0.059068627451, 0.055024509804, 0.056004901961, 0.042892156863], [0.061274509804, 0.057598039216, 0.053553921569, 0.049509803922]]",0
266,1152,1152,22.166666666666668,22.0,22,23,0.6675347222222222,0.0,14,5.7421875,6.0,20.1632265625,119.07638888888889,349.26996527777777,1.0,0.032598039216,0.042524509804,0.061151960784,0.063235294118,0.054656862745,0.063602941176,0.061274509804,0.055024509804,0.05931372549,0.039215686275,0.052818627451,0.0625,0.071691176471,0.060539215686,0.061029411765,0.061887254902,0.0564414828431875,0.009890754474047903,0.039093137255,0.021047481945282605,0.014552502578848216,0.210906862745,0.23541666666799999,"[[0.032598039216, 0.042524509804, 0.061151960784, 0.063235294118], [0.054656862745, 0.063602941176, 0.061274509804, 0.055024509804], [0.05931372549, 0.039215686275, 0.052818627451, 0.0625], [0.071691176471, 0.060539215686, 0.061029411765, 0.061887254902]]",0
267,1152,1152,22.166666666666668,22.0,22,23,0.5920138888888888,0.0,12,5.725694444444445,6.0,20.278844618055555,119.44878472222223,352.26909722222223,1.0,0.035486694678,0.046446078431,0.060416666667,0.061519607843,0.056757703081,0.064408263305,0.057230392157,0.053676470588,0.056862745098,0.045658263305,0.058403361345,0.060066526611,0.062447478992,0.068137254902,0.055024509804,0.059943977591,0.056405374649874995,0.007798239558099658,0.032650560223999994,0.015276655685772425,0.008950347100354465,0.21824229691900002,0.226855742297,"[[0.035486694678, 0.046446078431, 0.060416666667, 0.061519607843], [0.056757703081, 0.064408263305, 0.057230392157, 0.053676470588], [0.056862745098, 0.045658263305, 0.058403361345, 0.060066526611], [0.062447478992, 0.068137254902, 0.055024509804, 0.059943977591]]",0
272,1152,1152,22.166666666666668,22.0,22,23,0.6909722222222222,0.0,13,5.725694444444445,6.0,20.128991319444445,119.2421875,410.5138888888889,1.0,0.039828431373,0.047916666667,0.053553921569,0.059926470588,0.048897058824,0.046323529412,0.052573529412,0.054166666667,0.052328431373,0.0625,0.051348039216,0.055637254902,0.067524509804,0.050980392157,0.053921568627,0.047181372549,0.052787990196249995,0.006422506970880052,0.027696078431,0.00959410908102055,0.0035927978462613626,0.18468137255,0.24252450980399998,"[[0.039828431373, 0.047916666667, 0.053553921569, 0.059926470588], [0.048897058824, 0.046323529412, 0.052573529412, 0.054166666667], [0.052328431373, 0.0625, 0.051348039216, 0.055637254902], [0.067524509804, 0.050980392157, 0.053921568627, 0.047181372549]]",0
273,1152,1152,22.166666666666668,22.0,22,23,0.6970486111111112,0.0,13,5.668402777777778,6.0,20.088631944444444,120.61284722222223,376.5329861111111,1.0,0.044607843137,0.051960784314,0.052818627451,0.060906862745,0.048161764706,0.05318627451,0.061151960784,0.056495098039,0.053921568627,0.05318627451,0.051593137255,0.057352941176,0.060294117647,0.061274509804,0.050735294118,0.049632352941,0.054204963235249995,0.004827622362603146,0.016666666667,0.004303525673898204,0.006364516407125123,0.199019607843,0.235539215686,"[[0.044607843137, 0.051960784314, 0.052818627451, 0.060906862745], [0.048161764706, 0.05318627451, 0.061151960784, 0.056495098039], [0.053921568627, 0.05318627451, 0.051593137255, 0.057352941176], [0.060294117647, 0.061274509804, 0.050735294118, 0.049632352941]]",0
281,1152,1152,22.166666666666668,22.0,22,23,0.6215277777777778,0.0,14,5.707465277777778,6.0,20.126947916666666,119.75260416666667,359.00086805555554,1.0,0.035416666667,0.043995098039,0.058946078431,0.070955882353,0.057475490196,0.092769607843,0.047058823529,0.068259803922,0.066544117647,0.075857843137,0.043995098039,0.06237745098,0.069730392157,0.052941176471,0.096446078431,0.064583333333,0.0629595588234375,0.016216024364340807,0.061029411764,0.027483376585926037,0.015305631742281596,0.236764705882,0.263602941176,"[[0.035416666667, 0.043995098039, 0.058946078431, 0.070955882353], [0.057475490196, 0.092769607843, 0.047058823529, 0.068259803922], [0.066544117647, 0.075857843137, 0.043995098039, 0.06237745098], [0.069730392157, 0.052941176471, 0.096446078431, 0.064583333333]]",0
284,1152,1152,22.166666666666668,22.0,22,23,0.7404513888888888,0.0,14,5.659722222222222,6.0,20.00311892361111,119.796875,375.37934027777777,1.0,0.040864527629,0.048640819964,0.055147058824,0.063480392157,0.052005347594,0.047348484848,0.07486631016,0.057286096257,0.053598484848,0.075479055258,0.044229055258,0.058634135472,0.088279857398,0.070331996435,0.06247771836,0.066399286988,0.059941789215625,0.012419526607772355,0.047415329768999995,0.029187279794070996,0.0043301867826009525,0.19884135472300002,0.30210561497300004,"[[0.040864527629, 0.048640819964, 0.055147058824, 0.063480392157], [0.052005347594, 0.047348484848, 0.07486631016, 0.057286096257], [0.053598484848, 0.075479055258, 0.044229055258, 0.058634135472], [0.088279857398, 0.070331996435, 0.06247771836, 0.066399286988]]",0
285,1152,1152,22.166666666666668,22.0,22,23,0.7335069444444444,0.0,14,5.805555555555555,6.0,19.873944444444444,120.04947916666667,362.94097222222223,1.0,0.035784313725,0.047303921569,0.047426470588,0.064950980392,0.039093137255,0.068014705882,0.050857843137,0.051348039216,0.054411764706,0.057475490196,0.079289215686,0.065073529412,0.073651960784,0.047916666667,0.061397058824,0.050980392157,0.055935968137250006,0.011664063557161151,0.043504901961,0.02328421294508222,0.013674069635814608,0.23406862745,0.24693627450899996,"[[0.035784313725, 0.047303921569, 0.047426470588, 0.064950980392], [0.039093137255, 0.068014705882, 0.050857843137, 0.051348039216], [0.054411764706, 0.057475490196, 0.079289215686, 0.065073529412], [0.073651960784, 0.047916666667, 0.061397058824, 0.050980392157]]",0
291,1152,1152,22.166666666666668,22.0,22,23,0.6041666666666666,0.0,14,5.701388888888889,6.0,20.09973003472222,120.44184027777777,366.8411458333333,1.0,0.041421568627,0.046078431373,0.054411764706,0.082107843137,0.056617647059,0.081004901961,0.050245098039,0.05318627451,0.063112745098,0.050857843137,0.082598039216,0.058088235294,0.070710784314,0.061764705882,0.045465686275,0.078799019608,0.061029411764750005,0.013523840964705517,0.041176470588999994,0.01307403347521606,0.016485690219762008,0.283823529412,0.253921568627,"[[0.041421568627, 0.046078431373, 0.054411764706, 0.082107843137], [0.056617647059, 0.081004901961, 0.050245098039, 0.05318627451], [0.063112745098, 0.050857843137, 0.082598039216, 0.058088235294], [0.070710784314, 0.061764705882, 0.045465686275, 0.078799019608]]",0
292,1152,1152,22.166666666666668,22.0,22,23,0.7222222222222222,0.0,18,5.780381944444445,6.0,19.916819444444442,121.23611111111111,381.35503472222223,1.0,0.039460784314,0.049754901961,0.052818627451,0.072671568627,0.057843137255,0.040931372549,0.059926470588,0.058088235294,0.061151960784,0.075735294118,0.057720588235,0.074019607843,0.074264705882,0.054411764706,0.054534313725,0.051348039216,0.05841758578425,0.010784637391819502,0.036274509803999995,0.02160678147595611,0.013649060387614478,0.189460784314,0.282598039215,"[[0.039460784314, 0.049754901961, 0.052818627451, 0.072671568627], [0.057843137255, 0.040931372549, 0.059926470588, 0.058088235294], [0.061151960784, 0.075735294118, 0.057720588235, 0.074019607843], [0.074264705882, 0.054411764706, 0.054534313725, 0.051348039216]]",0
293,1152,1152,22.166666666666668,22.0,22,23,0.7248263888888888,0.0,13,5.618923611111111,6.0,20.061111979166668,119.47569444444444,363.40277777777777,1.0,0.045168067227,0.051102941176,0.05668767507,0.071323529412,0.050682773109,0.064583333333,0.054849439776,0.051715686275,0.067349439776,0.050735294118,0.048669467787,0.047426470588,0.071568627451,0.053011204482,0.077083333333,0.054726890756,0.0572927608543125,0.009528553111812344,0.031915266106000005,0.016150536854208777,0.007209616457208133,0.213147759103,0.24847689075700002,"[[0.045168067227, 0.051102941176, 0.05668767507, 0.071323529412], [0.050682773109, 0.064583333333, 0.054849439776, 0.051715686275], [0.067349439776, 0.050735294118, 0.048669467787, 0.047426470588], [0.071568627451, 0.053011204482, 0.077083333333, 0.054726890756]]",0
314,1152,1152,22.166666666666668,22.0,22,23,0.7447916666666666,0.0,13,5.675347222222222,6.0,20.48487673611111,120.56076388888889,379.3567708333333,1.0,0.047181372549,0.060539215686,0.060906862745,0.066299019608,0.047916666667,0.048161764706,0.058700980392,0.063725490196,0.055637254902,0.057475490196,0.057843137255,0.058700980392,0.057230392157,0.054656862745,0.047303921569,0.049632352941,0.055744485294125,0.005882811684195336,0.019117647059,0.010096172550007151,0.010835890756811992,0.202818627451,0.239705882353,"[[0.047181372549, 0.060539215686, 0.060906862745, 0.066299019608], [0.047916666667, 0.048161764706, 0.058700980392, 0.063725490196], [0.055637254902, 0.057475490196, 0.057843137255, 0.058700980392], [0.057230392157, 0.054656862745, 0.047303921569, 0.049632352941]]",0
330,1152,1152,22.166666666666668,22.0,22,23,0.5564236111111112,0.0,16,5.765625,6.0,20.078327256944444,118.90364583333333,353.82899305555554,1.0,0.032598039216,0.046119281046,0.058169934641,0.066544117647,0.050857843137,0.072099673203,0.062336601307,0.059517973856,0.052083333333,0.065400326797,0.062336601307,0.077614379085,0.055147058824,0.070833333333,0.04056372549,0.046732026144,0.057434640522874995,0.011785520094097963,0.045016339869000006,0.022121050422735388,0.025510792620352243,0.21376633987,0.249428104575,"[[0.032598039216, 0.046119281046, 0.058169934641, 0.066544117647], [0.050857843137, 0.072099673203, 0.062336601307, 0.059517973856], [0.052083333333, 0.065400326797, 0.062336601307, 0.077614379085], [0.055147058824, 0.070833333333, 0.04056372549, 0.046732026144]]",0
350,1152,1152,22.166666666666668,22.0,22,23,0.7447916666666666,0.0,20,5.783854166666667,6.0,20.114749131944443,120.59635416666667,376.90538194444446,1.0,0.035416666667,0.049754901961,0.055269607843,0.058946078431,0.036887254902,0.061887254902,0.058333333333,0.044852941176,0.056985294118,0.049019607843,0.058210784314,0.067524509804,0.063848039216,0.048774509804,0.063112745098,0.062254901961,0.0544424019608125,0.009197965221626072,0.032107843137,0.017261802667449706,0.01746764220223675,0.217769607844,0.23014705882300002,"[[0.035416666667, 0.049754901961, 0.055269607843, 0.058946078431], [0.036887254902, 0.061887254902, 0.058333333333, 0.044852941176], [0.056985294118, 0.049019607843, 0.058210784314, 0.067524509804], [0.063848039216, 0.048774509804, 0.063112745098, 0.062254901961]]",0
393,1152,1152,22.166666666666668,22.0,22,23,0.8237847222222222,0.0,14,5.728298611111111,6.0,19.978527777777778,121.52517361111111,368.33159722222223,1.0,0.043995098039,0.045343137255,0.050367647059,0.057352941176,0.052941176471,0.058333333333,0.043995098039,0.058088235294,0.053799019608,0.057107843137,0.046446078431,0.048651960784,0.054411764706,0.053921568627,0.059191176471,0.048039215686,0.05199908088225,0.005184982029634693,0.015196078432,0.007238890299310273,0.005791899909087517,0.196813725489,0.212867647058,"[[0.043995098039, 0.045343137255, 0.050367647059, 0.057352941176], [0.052941176471, 0.058333333333, 0.043995098039, 0.058088235294], [0.053799019608, 0.057107843137, 0.046446078431, 0.048651960784], [0.054411764706, 0.053921568627, 0.059191176471, 0.048039215686]]",0
418,1152,1152,22.166666666666668,22.0,22,23,0.6032986111111112,0.0,16,5.622395833333333,6.0,20.082411458333333,118.98003472222223,342.62586805555554,1.0,0.038602941176,0.050490196078,0.051715686275,0.05931372549,0.038970588235,0.051593137255,0.053553921569,0.043504901961,0.057352941176,0.061151960784,0.05637254902,0.065196078431,0.058700980392,0.060294117647,0.049264705882,0.052083333333,0.053010110294,0.007459774437586888,0.026593137255000003,0.019956567897329323,0.01158926808929068,0.198651960784,0.232720588235,"[[0.038602941176, 0.050490196078, 0.051715686275, 0.05931372549], [0.038970588235, 0.051593137255, 0.053553921569, 0.043504901961], [0.057352941176, 0.061151960784, 0.05637254902, 0.065196078431], [0.058700980392, 0.060294117647, 0.049264705882, 0.052083333333]]",0
420,1152,1152,22.166666666666668,22.0,22,23,0.5989583333333334,0.0,14,5.738715277777778,6.0,20.18329079861111,119.83246527777777,356.6536458333333,1.0,0.041666666667,0.054044117647,0.055392156863,0.0625,0.046323529412,0.060171568627,0.056495098039,0.055514705882,0.048161764706,0.051593137255,0.058455882353,0.047058823529,0.051960784314,0.051960784314,0.053676470588,0.059681372549,0.0534160539215625,0.005448588363601758,0.020833333332999998,0.005171437945487681,0.014999744686782444,0.219975490196,0.222549019608,"[[0.041666666667, 0.054044117647, 0.055392156863, 0.0625], [0.046323529412, 0.060171568627, 0.056495098039, 0.055514705882], [0.048161764706, 0.051593137255, 0.058455882353, 0.047058823529], [0.051960784314, 0.051960784314, 0.053676470588, 0.059681372549]]",0
62,576,576,22.25,22.0,22,23,0.7395833333333334,0.0,11,5.262152777777778,5.0,20.061991319444445,117.79340277777777,367.44618055555554,1.0,0.036764705882,0.052240896359,0.056757703081,0.071691176471,0.048406862745,0.08806022409,0.040143557423,0.073074229692,0.048406862745,0.08806022409,0.040143557423,0.073074229692,0.08762254902,0.048319327731,0.094012605042,0.066176470588,0.06330969887962501,0.018775722329726803,0.05724789916,0.028042445266739897,0.027455415402226967,0.231144957983,0.28751750700400003,"[[0.036764705882, 0.052240896359, 0.056757703081, 0.071691176471], [0.048406862745, 0.08806022409, 0.040143557423, 0.073074229692], [0.048406862745, 0.08806022409, 0.040143557423, 0.073074229692], [0.08762254902, 0.048319327731, 0.094012605042, 0.066176470588]]",0
77,576,576,22.25,22.0,22,23,0.921875,0.0,14,5.255208333333333,5.0,19.80597048611111,117.72916666666667,404.4982638888889,1.0,0.037071078431,0.044887955182,0.055164565826,0.065808823529,0.037071078431,0.044887955182,0.055164565826,0.065808823529,0.055278361345,0.085486694678,0.041797969188,0.071349789916,0.109462535014,0.078746498599,0.077337184874,0.070474439776,0.062237394957874996,0.019174582781065937,0.072391456583,0.05440855598024738,0.01663191987090069,0.19423144257699998,0.31592261904700003,"[[0.037071078431, 0.044887955182, 0.055164565826, 0.065808823529], [0.037071078431, 0.044887955182, 0.055164565826, 0.065808823529], [0.055278361345, 0.085486694678, 0.041797969188, 0.071349789916], [0.109462535014, 0.078746498599, 0.077337184874, 0.070474439776]]",0
83,576,576,22.25,22.0,22,23,0.9704861111111112,0.0,15,5.241319444444445,5.0,19.90654340277778,120.10590277777777,441.5451388888889,1.0,0.032965686275,0.039705882353,0.050490196078,0.062745098039,0.032965686275,0.039705882353,0.050490196078,0.062745098039,0.050980392157,0.08125,0.077205882353,0.058823529412,0.080759803922,0.059068627451,0.051470588235,0.052450980392,0.05523897058825,0.014812566206905749,0.048284313725,0.03610436381545628,0.014741837173108516,0.202328431373,0.275245098039,"[[0.032965686275, 0.039705882353, 0.050490196078, 0.062745098039], [0.032965686275, 0.039705882353, 0.050490196078, 0.062745098039], [0.050980392157, 0.08125, 0.077205882353, 0.058823529412], [0.080759803922, 0.059068627451, 0.051470588235, 0.052450980392]]",0
118,576,576,22.25,22.0,22,23,1.0208333333333333,0.0,12,5.251736111111111,5.0,19.565350694444444,119.88020833333333,410.6979166666667,1.0,0.040972222222,0.056699346405,0.06045751634,0.064828431373,0.040972222222,0.056699346405,0.06045751634,0.064828431373,0.06568627451,0.062009803922,0.07410130719,0.04681372549,0.08022875817,0.058251633987,0.07410130719,0.074836601307,0.061371527777875,0.011189221326018357,0.039256535948,0.026377780941486455,0.016146876504172604,0.246609477124,0.267524509805,"[[0.040972222222, 0.056699346405, 0.06045751634, 0.064828431373], [0.040972222222, 0.056699346405, 0.06045751634, 0.064828431373], [0.06568627451, 0.062009803922, 0.07410130719, 0.04681372549], [0.08022875817, 0.058251633987, 0.07410130719, 0.074836601307]]",0
120,576,576,22.25,22.0,22,23,0.9375,0.0,13,5.246527777777778,5.0,19.71576041666667,119.203125,412.890625,1.0,0.038235294118,0.05841503268,0.066748366013,0.072426470588,0.058333333333,0.058088235294,0.060008169935,0.082107843137,0.058823529412,0.06760620915,0.06352124183,0.052001633987,0.058823529412,0.06760620915,0.06352124183,0.052001633987,0.061141748366,0.00942644933652627,0.04387254901899999,0.008444922801858943,0.01769684505306106,0.21184640522900003,0.25886437908500004,"[[0.038235294118, 0.05841503268, 0.066748366013, 0.072426470588], [0.058333333333, 0.058088235294, 0.060008169935, 0.082107843137], [0.058823529412, 0.06760620915, 0.06352124183, 0.052001633987], [0.058823529412, 0.06760620915, 0.06352124183, 0.052001633987]]",0
141,576,576,22.25,22.0,22,23,0.7447916666666666,0.0,15,5.310763888888889,5.0,19.841836805555555,119.60763888888889,348.51215277777777,1.0,0.039215686275,0.04068627451,0.053553921569,0.057598039216,0.039215686275,0.04068627451,0.053553921569,0.057598039216,0.053308823529,0.063970588235,0.060784313725,0.070465686275,0.054656862745,0.073897058824,0.060906862745,0.060784313725,0.0550551470589375,0.010329662969038212,0.03468137254899999,0.029172973653970376,0.021830930646049775,0.20147058823499997,0.22977941176500002,"[[0.039215686275, 0.04068627451, 0.053553921569, 0.057598039216], [0.039215686275, 0.04068627451, 0.053553921569, 0.057598039216], [0.053308823529, 0.063970588235, 0.060784313725, 0.070465686275], [0.054656862745, 0.073897058824, 0.060906862745, 0.060784313725]]",0
147,576,576,22.25,22.0,22,23,0.8177083333333334,0.0,14,5.289930555555555,5.0,20.087774305555556,121.57638888888889,369.8923611111111,1.0,0.043382352941,0.049019607843,0.055759803922,0.065441176471,0.043382352941,0.049019607843,0.055759803922,0.065441176471,0.053553921569,0.073039215686,0.052941176471,0.054779411765,0.057230392157,0.077450980392,0.058333333333,0.048651960784,0.0564491421569375,0.009418340143833193,0.034068627451000005,0.012467668923983348,0.018683300401692537,0.193995098039,0.251470588236,"[[0.043382352941, 0.049019607843, 0.055759803922, 0.065441176471], [0.043382352941, 0.049019607843, 0.055759803922, 0.065441176471], [0.053553921569, 0.073039215686, 0.052941176471, 0.054779411765], [0.057230392157, 0.077450980392, 0.058333333333, 0.048651960784]]",0
153,576,576,22.25,22.0,22,23,0.8923611111111112,0.0,16,5.270833333333333,5.0,20.12799826388889,119.078125,394.484375,1.0,0.040318627451,0.051348039216,0.06556372549,0.070955882353,0.048897058824,0.066053921569,0.056985294118,0.059926470588,0.058210784314,0.05637254902,0.057230392157,0.048039215686,0.058210784314,0.05637254902,0.057230392157,0.048039215686,0.0562346813726875,0.00745636453170931,0.030637254902000005,0.0052492624800973995,0.011720421913741693,0.211642156863,0.242524509805,"[[0.040318627451, 0.051348039216, 0.06556372549, 0.070955882353], [0.048897058824, 0.066053921569, 0.056985294118, 0.059926470588], [0.058210784314, 0.05637254902, 0.057230392157, 0.048039215686], [0.058210784314, 0.05637254902, 0.057230392157, 0.048039215686]]",0
206,1152,1152,22.25,22.0,22,23,0.9661458333333334,0.0,30,5.620659722222222,6.0,20.06986111111111,120.09375,355.24305555555554,1.0,0.039828431373,0.045465686275,0.047794117647,0.063970588235,0.046568627451,0.042401960784,0.042524509804,0.065808823529,0.055269607843,0.073284313725,0.074019607843,0.046446078431,0.072181372549,0.053431372549,0.042892156863,0.047794117647,0.053730085784249995,0.0117138505191176,0.03419117647,0.02117801214586323,0.005983213508505404,0.204044117647,0.251960784313,"[[0.039828431373, 0.045465686275, 0.047794117647, 0.063970588235], [0.046568627451, 0.042401960784, 0.042524509804, 0.065808823529], [0.055269607843, 0.073284313725, 0.074019607843, 0.046446078431], [0.072181372549, 0.053431372549, 0.042892156863, 0.047794117647]]",0
257,1152,1152,22.25,22.0,22,23,1.078125,0.0,21,5.610243055555555,6.0,20.0648828125,119.34114583333333,351.3359375,1.0,0.038970588235,0.046691176471,0.059803921569,0.060661764706,0.04693627451,0.050980392157,0.058210784314,0.055024509804,0.048039215686,0.068382352941,0.056740196078,0.043137254902,0.049142156863,0.067524509804,0.05637254902,0.054534313725,0.0538219975490625,0.007964651463483855,0.029411764705999995,0.00795265478151779,0.02016171148381933,0.20122549019500002,0.23639705882399997,"[[0.038970588235, 0.046691176471, 0.059803921569, 0.060661764706], [0.04693627451, 0.050980392157, 0.058210784314, 0.055024509804], [0.048039215686, 0.068382352941, 0.056740196078, 0.043137254902], [0.049142156863, 0.067524509804, 0.05637254902, 0.054534313725]]",0
93,576,576,22.333333333333332,22.0,22,23,1.0642361111111112,0.0,30,5.173611111111111,5.0,19.910276041666666,118.98958333333333,376.46875,1.0,0.032965686275,0.039093137255,0.049509803922,0.069362745098,0.032965686275,0.039093137255,0.049509803922,0.069362745098,0.076225490196,0.089705882353,0.064215686275,0.079044117647,0.081495098039,0.060539215686,0.047426470588,0.071323529412,0.059489889706,0.017681118876097683,0.056740196078,0.0500455127792273,0.03022956376690724,0.20759803921699999,0.290073529412,"[[0.032965686275, 0.039093137255, 0.049509803922, 0.069362745098], [0.032965686275, 0.039093137255, 0.049509803922, 0.069362745098], [0.076225490196, 0.089705882353, 0.064215686275, 0.079044117647], [0.081495098039, 0.060539215686, 0.047426470588, 0.071323529412]]",0
95,576,576,22.333333333333332,22.0,22,23,0.8940972222222222,0.0,14,5.147569444444445,5.0,19.72924652777778,119.09722222222223,356.60069444444446,1.0,0.042565359477,0.047344771242,0.058782679739,0.077491830065,0.042565359477,0.047344771242,0.058782679739,0.077491830065,0.072794117647,0.067401960784,0.079166666667,0.052982026144,0.083619281046,0.057638888889,0.057434640523,0.051838235294,0.060952818627499995,0.013229563166468245,0.041053921569,0.019240011777044156,0.015395030056873881,0.22091503268,0.287295751634,"[[0.042565359477, 0.047344771242, 0.058782679739, 0.077491830065], [0.042565359477, 0.047344771242, 0.058782679739, 0.077491830065], [0.072794117647, 0.067401960784, 0.079166666667, 0.052982026144], [0.083619281046, 0.057638888889, 0.057434640523, 0.051838235294]]",0
99,576,576,22.333333333333332,22.0,22,23,1.0364583333333333,0.0,21,5.109375,5.0,20.136805555555554,118.79340277777777,379.94965277777777,1.0,0.035906862745,0.042769607843,0.051960784314,0.065441176471,0.035906862745,0.042769607843,0.051960784314,0.065441176471,0.057230392157,0.070343137255,0.06862745098,0.064338235294,0.076225490196,0.067279411765,0.048039215686,0.05637254902,0.0562882965686875,0.012255493149866757,0.040318627451000004,0.029415259059949957,0.016727464216548117,0.20367647058799998,0.263970588236,"[[0.035906862745, 0.042769607843, 0.051960784314, 0.065441176471], [0.035906862745, 0.042769607843, 0.051960784314, 0.065441176471], [0.057230392157, 0.070343137255, 0.06862745098, 0.064338235294], [0.076225490196, 0.067279411765, 0.048039215686, 0.05637254902]]",0
104,576,576,22.333333333333332,22.0,22,23,1.0069444444444444,0.0,20,5.142361111111111,5.0,19.584019097222225,118.83854166666667,364.5989583333333,1.0,0.043382352941,0.050490196078,0.056740196078,0.067892156863,0.043382352941,0.050490196078,0.056740196078,0.067892156863,0.057230392157,0.077205882353,0.052696078431,0.047671568627,0.074264705882,0.077205882353,0.075367647059,0.051348039216,0.059374999999875,0.011705596632806917,0.033823529411999995,0.02441448991640515,0.013359810522361194,0.197916666666,0.276102941176,"[[0.043382352941, 0.050490196078, 0.056740196078, 0.067892156863], [0.043382352941, 0.050490196078, 0.056740196078, 0.067892156863], [0.057230392157, 0.077205882353, 0.052696078431, 0.047671568627], [0.074264705882, 0.077205882353, 0.075367647059, 0.051348039216]]",0
163,576,576,22.333333333333332,22.0,22,23,1.234375,0.0,25,5.076388888888889,5.0,20.225347222222222,119.96527777777777,397.58680555555554,1.0,0.045098039216,0.045483193277,0.049264705882,0.052521008403,0.045098039216,0.045483193277,0.049264705882,0.052521008403,0.04781162465,0.05724789916,0.049947478992,0.066053921569,0.067542016807,0.063235294118,0.059191176471,0.047128851541,0.052680759804,0.0074091961614321435,0.022443977591000003,0.01921176602004557,0.004819237790987657,0.187657563026,0.226575630252,"[[0.045098039216, 0.045483193277, 0.049264705882, 0.052521008403], [0.045098039216, 0.045483193277, 0.049264705882, 0.052521008403], [0.04781162465, 0.05724789916, 0.049947478992, 0.066053921569], [0.067542016807, 0.063235294118, 0.059191176471, 0.047128851541]]",0
237,576,576,22.333333333333332,22.0,22,23,0.7673611111111112,0.0,14,5.557291666666667,6.0,20.114928819444444,117.70833333333333,357.5677083333333,1.0,0.043382352941,0.056740196078,0.058088235294,0.05931372549,0.048897058824,0.063602941176,0.055392156863,0.064093137255,0.05931372549,0.056740196078,0.058088235294,0.043382352941,0.064093137255,0.063602941176,0.055392156863,0.048897058824,0.056188725490125005,0.006604300720964683,0.020710784314000003,0.007230392157500008,0.010285360419993117,0.213970588235,0.235539215686,"[[0.043382352941, 0.056740196078, 0.058088235294, 0.05931372549], [0.048897058824, 0.063602941176, 0.055392156863, 0.064093137255], [0.05931372549, 0.056740196078, 0.058088235294, 0.043382352941], [0.064093137255, 0.063602941176, 0.055392156863, 0.048897058824]]",0
287,576,576,22.333333333333332,22.0,22,23,0.8854166666666666,0.0,11,5.548611111111111,6.0,20.09896701388889,121.09201388888889,345.0607638888889,1.0,0.041421568627,0.046078431373,0.058210784314,0.064705882353,0.046078431373,0.041421568627,0.058210784314,0.064705882353,0.05931372549,0.085784313725,0.057598039216,0.067892156863,0.085784313725,0.05931372549,0.057598039216,0.067892156863,0.060125612745125,0.012735511085373229,0.044362745098000006,0.030085784313500008,0.014262489510393654,0.20833333333299997,0.294485294117,"[[0.041421568627, 0.046078431373, 0.058210784314, 0.064705882353], [0.046078431373, 0.041421568627, 0.058210784314, 0.064705882353], [0.05931372549, 0.085784313725, 0.057598039216, 0.067892156863], [0.085784313725, 0.05931372549, 0.057598039216, 0.067892156863]]",0
290,1152,1152,22.333333333333332,22.0,22,23,0.8559027777777778,0.0,13,5.502604166666667,6.0,20.28006857638889,118.72569444444444,375.9427083333333,1.0,0.033333333333,0.045710784314,0.04681372549,0.064338235294,0.035171568627,0.046568627451,0.064215686275,0.049264705882,0.050490196078,0.079901960784,0.052818627451,0.072794117647,0.074264705882,0.061151960784,0.045220588235,0.052573529412,0.0546645220586875,0.013140023162873493,0.046568627450999996,0.02723035010278733,0.01847289283795192,0.185294117647,0.282720588235,"[[0.033333333333, 0.045710784314, 0.04681372549, 0.064338235294], [0.035171568627, 0.046568627451, 0.064215686275, 0.049264705882], [0.050490196078, 0.079901960784, 0.052818627451, 0.072794117647], [0.074264705882, 0.061151960784, 0.045220588235, 0.052573529412]]",0
422,576,576,22.333333333333332,22.0,22,23,0.9097222222222222,0.0,12,5.543402777777778,6.0,20.00296701388889,118.45833333333333,358.4010416666667,1.0,0.042401960784,0.047426470588,0.051593137255,0.057720588235,0.042401960784,0.051593137255,0.047426470588,0.057720588235,0.057598039216,0.044975490196,0.058210784314,0.05625,0.057598039216,0.058210784314,0.044975490196,0.05625,0.0520220588235,0.005950256562050845,0.015808823530000002,0.008946078431999988,0.011497423360842703,0.208455882353,0.207720588235,"[[0.042401960784, 0.047426470588, 0.051593137255, 0.057720588235], [0.042401960784, 0.051593137255, 0.047426470588, 0.057720588235], [0.057598039216, 0.044975490196, 0.058210784314, 0.05625], [0.057598039216, 0.058210784314, 0.044975490196, 0.05625]]",0
80,576,576,22.416666666666668,22.0,22,23,1.3697916666666667,0.0,19,5.071180555555555,5.0,20.059472222222222,117.94444444444444,409.68055555555554,1.0,0.035784313725,0.040073529412,0.059068627451,0.064583333333,0.035784313725,0.040073529412,0.059068627451,0.064583333333,0.054411764706,0.095833333333,0.072794117647,0.059926470588,0.090073529412,0.071078431373,0.053799019608,0.0875,0.06152726715681249,0.01815584864094258,0.06004901960799999,0.04710574335498963,0.02142074396454558,0.236151960784,0.309558823529,"[[0.035784313725, 0.040073529412, 0.059068627451, 0.064583333333], [0.035784313725, 0.040073529412, 0.059068627451, 0.064583333333], [0.054411764706, 0.095833333333, 0.072794117647, 0.059926470588], [0.090073529412, 0.071078431373, 0.053799019608, 0.0875]]",0
97,576,576,22.416666666666668,22.0,22,23,1.3871527777777777,0.0,12,5.126736111111111,5.0,20.04200173611111,118.83854166666667,424.8420138888889,1.0,0.039705882353,0.046691176471,0.052941176471,0.060539215686,0.039705882353,0.046691176471,0.052941176471,0.060539215686,0.067034313725,0.07512254902,0.065441176471,0.053308823529,0.077083333333,0.060416666667,0.048161764706,0.05612745098,0.056403186274562506,0.010813475431113658,0.037377450980000004,0.026608098709517445,0.004383590593280029,0.207965686275,0.26568627451,"[[0.039705882353, 0.046691176471, 0.052941176471, 0.060539215686], [0.039705882353, 0.046691176471, 0.052941176471, 0.060539215686], [0.067034313725, 0.07512254902, 0.065441176471, 0.053308823529], [0.077083333333, 0.060416666667, 0.048161764706, 0.05612745098]]",0
102,576,576,22.416666666666668,22.0,22,23,1.2048611111111112,0.0,20,5.078125,5.0,20.13773958333333,118.88020833333333,387.9479166666667,1.0,0.040073529412,0.042769607843,0.051102941176,0.065196078431,0.040073529412,0.042769607843,0.051102941176,0.065196078431,0.056862745098,0.082720588235,0.045710784314,0.057352941176,0.075367647059,0.090441176471,0.06862745098,0.059191176471,0.0584099264705,0.014863829273256473,0.050367647059,0.03892243487322234,0.0196799951596034,0.18774509804,0.274387254901,"[[0.040073529412, 0.042769607843, 0.051102941176, 0.065196078431], [0.040073529412, 0.042769607843, 0.051102941176, 0.065196078431], [0.056862745098, 0.082720588235, 0.045710784314, 0.057352941176], [0.075367647059, 0.090441176471, 0.06862745098, 0.059191176471]]",0
68,576,576,22.5,22.5,22,23,1.2239583333333333,0.0,13,5.135416666666667,5.0,19.605928819444443,118.22916666666667,375.00694444444446,1.0,0.042034313725,0.056004901961,0.060294117647,0.068014705882,0.04987745098,0.07487745098,0.046078431373,0.050980392157,0.04987745098,0.07487745098,0.046078431373,0.050980392157,0.074019607843,0.046691176471,0.110049019608,0.055392156863,0.059757965686250004,0.01677024537199958,0.06801470588299999,0.02726770763973127,0.01908432947131185,0.218382352941,0.262990196078,"[[0.042034313725, 0.056004901961, 0.060294117647, 0.068014705882], [0.04987745098, 0.07487745098, 0.046078431373, 0.050980392157], [0.04987745098, 0.07487745098, 0.046078431373, 0.050980392157], [0.074019607843, 0.046691176471, 0.110049019608, 0.055392156863]]",0
78,576,576,22.5,22.5,22,23,1.2673611111111112,0.0,18,5.232638888888889,5.0,19.883206597222223,118.58506944444444,375.22743055555554,1.0,0.033946078431,0.042524509804,0.048774509804,0.066053921569,0.033946078431,0.042524509804,0.048774509804,0.066053921569,0.058700980392,0.101102941176,0.061519607843,0.074632352941,0.082843137255,0.062132352941,0.045833333333,0.062990196078,0.0582720588234375,0.017481232126702585,0.06715686274499999,0.04436765355743675,0.027052956303249255,0.200980392156,0.298774509804,"[[0.033946078431, 0.042524509804, 0.048774509804, 0.066053921569], [0.033946078431, 0.042524509804, 0.048774509804, 0.066053921569], [0.058700980392, 0.101102941176, 0.061519607843, 0.074632352941], [0.082843137255, 0.062132352941, 0.045833333333, 0.062990196078]]",0
98,576,576,22.5,22.5,22,23,1.4861111111111112,0.0,16,4.821180555555555,5.0,19.903807291666666,119.69270833333333,380.34027777777777,1.0,0.042507002801,0.044467787115,0.058735994398,0.070780812325,0.042507002801,0.044467787115,0.058735994398,0.070780812325,0.059051120448,0.077888655462,0.056652661064,0.052801120448,0.081477591036,0.07225140056,0.077013305322,0.059733893557,0.06061580882343749,0.012769418819029004,0.038970588235,0.030289203217047252,0.011273493726911282,0.203361344537,0.288883053221,"[[0.042507002801, 0.044467787115, 0.058735994398, 0.070780812325], [0.042507002801, 0.044467787115, 0.058735994398, 0.070780812325], [0.059051120448, 0.077888655462, 0.056652661064, 0.052801120448], [0.081477591036, 0.07225140056, 0.077013305322, 0.059733893557]]",0
139,576,576,22.5,22.5,22,23,1.2291666666666667,0.0,20,5.138888888888889,5.0,19.938755208333333,117.95659722222223,367.53472222222223,1.0,0.044362745098,0.051838235294,0.054166666667,0.054534313725,0.044362745098,0.051838235294,0.054166666667,0.054534313725,0.062254901961,0.068504901961,0.057352941176,0.062009803922,0.072794117647,0.068504901961,0.045710784314,0.054044117647,0.0563112745098125,0.008278410778420089,0.028431372549,0.02059425244738368,0.01039682366071443,0.20759803921500003,0.25,"[[0.044362745098, 0.051838235294, 0.054166666667, 0.054534313725], [0.044362745098, 0.051838235294, 0.054166666667, 0.054534313725], [0.062254901961, 0.068504901961, 0.057352941176, 0.062009803922], [0.072794117647, 0.068504901961, 0.045710784314, 0.054044117647]]",0
167,288,288,22.5,22.5,22,23,1.8784722222222223,0.0,20,4.829861111111111,5.0,19.846979166666667,116.65972222222223,449.15972222222223,1.0,0.051715686275,0.051715686275,0.054166666667,0.054166666667,0.051715686275,0.051715686275,0.054166666667,0.054166666667,0.056617647059,0.056617647059,0.057475490196,0.057475490196,0.065196078431,0.065196078431,0.056004901961,0.056004901961,0.055882352941375,0.004038078526838418,0.013480392156000005,0.01279331940929718,0.001715686274500014,0.216911764707,0.230147058824,"[[0.051715686275, 0.051715686275, 0.054166666667, 0.054166666667], [0.051715686275, 0.051715686275, 0.054166666667, 0.054166666667], [0.056617647059, 0.056617647059, 0.057475490196, 0.057475490196], [0.065196078431, 0.065196078431, 0.056004901961, 0.056004901961]]",0
96,288,288,22.666666666666668,23.0,22,23,1.6631944444444444,0.0,13,4.611111111111111,5.0,20.096322916666665,121.69444444444444,362.0138888888889,1.0,0.040441176471,0.040441176471,0.063725490196,0.063725490196,0.040441176471,0.040441176471,0.063725490196,0.063725490196,0.064950980392,0.08762254902,0.055759803922,0.075980392157,0.08762254902,0.064950980392,0.075980392157,0.055759803922,0.061580882353125005,0.015139888603612648,0.047181372549,0.03799019607849999,0.012867647058499992,0.192401960786,0.30269607843199997,"[[0.040441176471, 0.040441176471, 0.063725490196, 0.063725490196], [0.040441176471, 0.040441176471, 0.063725490196, 0.063725490196], [0.064950980392, 0.08762254902, 0.055759803922, 0.075980392157], [0.08762254902, 0.064950980392, 0.075980392157, 0.055759803922]]",0
55,576,576,23.0,23.0,23,23,2.189236111111111,0.0,39,4.465277777777778,4.0,20.046842013888888,116.40798611111111,350.6875,1.0,0.038235294118,0.052573529412,0.055392156863,0.092524509804,0.038235294118,0.052573529412,0.055392156863,0.092524509804,0.053799019608,0.089460784314,0.060049019608,0.057475490196,0.121323529412,0.049387254902,0.09362745098,0.051348039216,0.06587009803937499,0.023259629588732126,0.083088235294,0.03145764348000262,0.019010706743004376,0.202205882354,0.358700980393,"[[0.038235294118, 0.052573529412, 0.055392156863, 0.092524509804], [0.038235294118, 0.052573529412, 0.055392156863, 0.092524509804], [0.053799019608, 0.089460784314, 0.060049019608, 0.057475490196], [0.121323529412, 0.049387254902, 0.09362745098, 0.051348039216]]",0
94,576,576,23.0,23.0,23,23,2.0711805555555554,0.0,34,4.560763888888889,4.0,19.947701388888888,118.25173611111111,338.31944444444446,1.0,0.030514705882,0.040581232493,0.048039215686,0.065266106443,0.030514705882,0.040581232493,0.048039215686,0.065266106443,0.05656512605,0.090931372549,0.056197478992,0.080882352941,0.079901960784,0.070168067227,0.044117647059,0.060241596639,0.056738007703062504,0.017383796898445922,0.06041666666699999,0.043865404344256606,0.03175807102603709,0.187535014006,0.284138655462,"[[0.030514705882, 0.040581232493, 0.048039215686, 0.065266106443], [0.030514705882, 0.040581232493, 0.048039215686, 0.065266106443], [0.05656512605, 0.090931372549, 0.056197478992, 0.080882352941], [0.079901960784, 0.070168067227, 0.044117647059, 0.060241596639]]",0
101,576,576,23.0,23.0,23,23,2.1805555555555554,0.0,28,4.421875,4.0,19.916597222222222,118.07986111111111,367.50347222222223,1.0,0.040318627451,0.064338235294,0.075980392157,0.080882352941,0.045220588235,0.054534313725,0.045343137255,0.078431372549,0.07806372549,0.050612745098,0.057598039216,0.057230392157,0.07806372549,0.050612745098,0.057598039216,0.057230392157,0.0607536764705625,0.013103185366730172,0.04056372549000001,0.013440504713764668,0.01946370119412916,0.209681372549,0.254901960784,"[[0.040318627451, 0.064338235294, 0.075980392157, 0.080882352941], [0.045220588235, 0.054534313725, 0.045343137255, 0.078431372549], [0.07806372549, 0.050612745098, 0.057598039216, 0.057230392157], [0.07806372549, 0.050612745098, 0.057598039216, 0.057230392157]]",0
137,288,288,23.0,23.0,23,23,1.5590277777777777,0.0,13,4.086805555555555,4.0,19.934083333333334,114.30902777777777,322.75694444444446,1.0,0.039950980392,0.051960784314,0.058823529412,0.068382352941,0.039950980392,0.051960784314,0.058823529412,0.068382352941,0.06568627451,0.053431372549,0.068137254902,0.059558823529,0.06568627451,0.053431372549,0.068137254902,0.059558823529,0.058241421568624996,0.009051170183858355,0.028431372548999995,0.0138480392155,0.02194791015723989,0.219607843137,0.246323529412,"[[0.039950980392, 0.051960784314, 0.058823529412, 0.068382352941], [0.039950980392, 0.051960784314, 0.058823529412, 0.068382352941], [0.06568627451, 0.053431372549, 0.068137254902, 0.059558823529], [0.06568627451, 0.053431372549, 0.068137254902, 0.059558823529]]",0
142,576,576,23.0,23.0,23,23,1.6736111111111112,0.0,13,4.657986111111111,5.0,20.005605902777777,117.99826388888889,337.1145833333333,1.0,0.037745098039,0.04474789916,0.047426470588,0.054604341737,0.037745098039,0.04474789916,0.047426470588,0.054604341737,0.053746498599,0.06887254902,0.047549019608,0.068137254902,0.079551820728,0.064828431373,0.045903361345,0.052643557423,0.053142507002875,0.011388905805937547,0.041806722689,0.028093781467978234,0.015964346820563382,0.18268557423,0.250455182073,"[[0.037745098039, 0.04474789916, 0.047426470588, 0.054604341737], [0.037745098039, 0.04474789916, 0.047426470588, 0.054604341737], [0.053746498599, 0.06887254902, 0.047549019608, 0.068137254902], [0.079551820728, 0.064828431373, 0.045903361345, 0.052643557423]]",0
144,576,576,23.0,23.0,23,23,2.7881944444444446,0.0,48,4.421875,4.0,20.215251736111114,117.99652777777777,413.74305555555554,1.0,0.047916666667,0.048406862745,0.055024509804,0.057475490196,0.047916666667,0.048406862745,0.055024509804,0.057475490196,0.05612745098,0.055514705882,0.061151960784,0.051960784314,0.071568627451,0.054289215686,0.059926470588,0.048774509804,0.054810049019562504,0.006049985200079668,0.023651960783999997,0.010978230923156597,0.009105812739516005,0.20625000000000002,0.23958333333299997,"[[0.047916666667, 0.048406862745, 0.055024509804, 0.057475490196], [0.047916666667, 0.048406862745, 0.055024509804, 0.057475490196], [0.05612745098, 0.055514705882, 0.061151960784, 0.051960784314], [0.071568627451, 0.054289215686, 0.059926470588, 0.048774509804]]",0
155,576,576,23.0,23.0,23,23,2.220486111111111,0.0,28,4.460069444444445,4.0,20.27566840277778,119.13368055555556,367.48784722222223,1.0,0.044852941176,0.05943627451,0.066789215686,0.067401960784,0.045465686275,0.046078431373,0.058823529412,0.068504901961,0.050367647059,0.051715686275,0.049754901961,0.050490196078,0.050367647059,0.051715686275,0.049754901961,0.050490196078,0.0538756127451875,0.007594811117439938,0.023651960784999995,0.014886679672654602,0.017252338510868735,0.191176470588,0.22830882352999998,"[[0.044852941176, 0.05943627451, 0.066789215686, 0.067401960784], [0.045465686275, 0.046078431373, 0.058823529412, 0.068504901961], [0.050367647059, 0.051715686275, 0.049754901961, 0.050490196078], [0.050367647059, 0.051715686275, 0.049754901961, 0.050490196078]]",0
265,576,576,23.0,23.0,23,23,1.8263888888888888,0.0,19,5.003472222222222,5.0,20.29619097222222,116.17361111111111,358.98784722222223,1.0,0.045588235294,0.052328431373,0.052941176471,0.065073529412,0.045588235294,0.065073529412,0.052941176471,0.052328431373,0.058700980392,0.049019607843,0.055024509804,0.071078431373,0.058700980392,0.071078431373,0.055024509804,0.049019607843,0.056219362745249996,0.007886043694972153,0.025490196079,0.00894607843100001,0.012887473055575872,0.214705882353,0.225735294118,"[[0.045588235294, 0.052328431373, 0.052941176471, 0.065073529412], [0.045588235294, 0.065073529412, 0.052941176471, 0.052328431373], [0.058700980392, 0.049019607843, 0.055024509804, 0.071078431373], [0.058700980392, 0.071078431373, 0.055024509804, 0.049019607843]]",0
269,1152,1152,23.0,23.0,23,23,1.5277777777777777,0.0,15,4.995659722222222,5.0,20.68843923611111,118.21006944444444,326.41059027777777,1.0,0.037009803922,0.053431372549,0.053799019608,0.055514705882,0.039338235294,0.054901960784,0.050367647059,0.04387254902,0.060416666667,0.057965686275,0.044117647059,0.055759803922,0.075367647059,0.055024509804,0.045833333333,0.06556372549,0.053017769607937505,0.009431088127009142,0.038357843137,0.020184627113479355,0.010983872489875379,0.201593137255,0.239215686275,"[[0.037009803922, 0.053431372549, 0.053799019608, 0.055514705882], [0.039338235294, 0.054901960784, 0.050367647059, 0.04387254902], [0.060416666667, 0.057965686275, 0.044117647059, 0.055759803922], [0.075367647059, 0.055024509804, 0.045833333333, 0.06556372549]]",0
274,576,576,23.0,23.0,23,23,1.8125,0.0,18,4.885416666666667,5.0,19.841791666666666,117.63194444444444,378.21006944444446,1.0,0.042156862745,0.055269607843,0.057965686275,0.060416666667,0.042156862745,0.060416666667,0.057965686275,0.055269607843,0.053308823529,0.047058823529,0.048406862745,0.053676470588,0.053308823529,0.053676470588,0.048406862745,0.047058823529,0.052282475490125005,0.005648212888560896,0.018259803921999995,0.006678921569499993,0.010613587058831165,0.198039215686,0.21875,"[[0.042156862745, 0.055269607843, 0.057965686275, 0.060416666667], [0.042156862745, 0.060416666667, 0.057965686275, 0.055269607843], [0.053308823529, 0.047058823529, 0.048406862745, 0.053676470588], [0.053308823529, 0.053676470588, 0.048406862745, 0.047058823529]]",0
90,144,144,23.166666666666668,23.0,23,24,3.3055555555555554,0.0,42,3.486111111111111,3.0,20.328388888888888,117.80555555555556,403.19444444444446,1.0,0.047916666667,0.052450980392,0.06556372549,0.101348039216,0.047916666667,0.052450980392,0.06556372549,0.101348039216,0.101348039216,0.052450980392,0.06556372549,0.047916666667,0.101348039216,0.052450980392,0.06556372549,0.047916666667,0.06681985294125001,0.02096168202490679,0.053431372548999996,3.925231146709438e-17,0.03633800583511354,0.213848039216,0.320710784314,"[[0.047916666667, 0.052450980392, 0.06556372549, 0.101348039216], [0.047916666667, 0.052450980392, 0.06556372549, 0.101348039216], [0.101348039216, 0.052450980392, 0.06556372549, 0.047916666667], [0.101348039216, 0.052450980392, 0.06556372549, 0.047916666667]]",0
166,72,72,23.166666666666668,23.0,23,24,2.1527777777777777,0.0,24,3.388888888888889,3.0,20.255652777777776,121.18055555555556,365.65277777777777,1.0,0.050980392157,0.050980392157,0.058210784314,0.058210784314,0.050980392157,0.050980392157,0.058210784314,0.058210784314,0.050980392157,0.050980392157,0.058210784314,0.058210784314,0.050980392157,0.050980392157,0.058210784314,0.058210784314,0.0545955882355,0.0036151960784999992,0.0072303921569999985,0.0,0.014460784313999997,0.218382352942,0.218382352942,"[[0.050980392157, 0.050980392157, 0.058210784314, 0.058210784314], [0.050980392157, 0.050980392157, 0.058210784314, 0.058210784314], [0.050980392157, 0.050980392157, 0.058210784314, 0.058210784314], [0.050980392157, 0.050980392157, 0.058210784314, 0.058210784314]]",0
332,576,576,21.166666666666668,21.0,21,22,0.1753472222222222,0.0,5,5.270833333333333,5.0,19.712390624999998,120.67708333333333,371.6614583333333,1.0,0.029044117647,0.029044117647,0.073406862745,0.073406862745,0.042279411765,0.051960784314,0.071323529412,0.071323529412,0.051960784314,0.042279411765,0.071323529412,0.071323529412,0.072303921569,0.072303921569,0.059558823529,0.059558823529,0.058900122549125,0.015471775808082252,0.04436274509799999,0.020837027498432872,0.0400122549015,0.211887254902,0.259313725491,"[[0.029044117647, 0.029044117647, 0.073406862745, 0.073406862745], [0.042279411765, 0.051960784314, 0.071323529412, 0.071323529412], [0.051960784314, 0.042279411765, 0.071323529412, 0.071323529412], [0.072303921569, 0.072303921569, 0.059558823529, 0.059558823529]]",1
362,576,576,21.166666666666668,21.0,21,22,0.11979166666666667,0.0,4,5.03125,5.0,19.149874999999998,118.94965277777777,360.6822916666667,1.0,0.031495098039,0.031495098039,0.067401960784,0.067401960784,0.033210784314,0.054411764706,0.056740196078,0.065931372549,0.054411764706,0.033210784314,0.065931372549,0.056740196078,0.076960784314,0.076960784314,0.065073529412,0.065073529412,0.0564031862745,0.01529676749097683,0.045465686275,0.03413314704602741,0.029534313725000004,0.216911764706,0.23431372549,"[[0.031495098039, 0.031495098039, 0.067401960784, 0.067401960784], [0.033210784314, 0.054411764706, 0.056740196078, 0.065931372549], [0.054411764706, 0.033210784314, 0.065931372549, 0.056740196078], [0.076960784314, 0.076960784314, 0.065073529412, 0.065073529412]]",1
371,1152,1152,21.25,21.0,21,22,0.2222222222222222,0.0,6,5.272569444444445,5.0,19.77787326388889,118.58246527777777,392.50434027777777,1.0,0.034558823529,0.036151960784,0.066544117647,0.069362745098,0.04068627451,0.055759803922,0.051715686275,0.066666666667,0.055147058824,0.036029411765,0.066421568627,0.051348039216,0.080392156863,0.058578431373,0.072426470588,0.056985294118,0.056173406862875,0.013490406471363228,0.045833333334,0.025400557060523,0.02778614919724162,0.21372549019599998,0.237500000001,"[[0.034558823529, 0.036151960784, 0.066544117647, 0.069362745098], [0.04068627451, 0.055759803922, 0.051715686275, 0.066666666667], [0.055147058824, 0.036029411765, 0.066421568627, 0.051348039216], [0.080392156863, 0.058578431373, 0.072426470588, 0.056985294118]]",1
225,1152,1152,21.333333333333332,21.0,21,22,0.20052083333333334,0.0,6,5.292534722222222,5.0,19.393728298611112,118.24739583333333,381.71527777777777,1.0,0.029289215686,0.034803921569,0.057107843137,0.058946078431,0.043504901961,0.078676470588,0.047671568627,0.062990196078,0.057843137255,0.033088235294,0.066421568627,0.04375,0.064460784314,0.058333333333,0.070343137255,0.072794117647,0.055001531862625,0.014355064042946876,0.049387254901999994,0.03248073567990978,0.020333053067956755,0.247181372548,0.20416666666599997,"[[0.029289215686, 0.034803921569, 0.057107843137, 0.058946078431], [0.043504901961, 0.078676470588, 0.047671568627, 0.062990196078], [0.057843137255, 0.033088235294, 0.066421568627, 0.04375], [0.064460784314, 0.058333333333, 0.070343137255, 0.072794117647]]",1
226,1152,1152,21.333333333333332,21.0,21,22,0.13802083333333334,0.0,4,5.193576388888889,5.0,19.602944444444447,118.52256944444444,358.83940972222223,1.0,0.032177871148,0.039093137255,0.056074929972,0.058648459384,0.046095938375,0.077153361345,0.041929271709,0.06281512605,0.056390056022,0.039968487395,0.063865546218,0.051855742297,0.061607142857,0.06875,0.066264005602,0.066421568627,0.055569415266000004,0.012225844770617795,0.044975490197000006,0.027905795902642846,0.015990826303938933,0.239618347338,0.202153361345,"[[0.032177871148, 0.039093137255, 0.056074929972, 0.058648459384], [0.046095938375, 0.077153361345, 0.041929271709, 0.06281512605], [0.056390056022, 0.039968487395, 0.063865546218, 0.051855742297], [0.061607142857, 0.06875, 0.066264005602, 0.066421568627]]",1
254,1152,1152,21.333333333333332,21.0,21,22,0.15364583333333334,0.0,8,5.350694444444445,5.0,19.574457465277778,120.35677083333333,391.98784722222223,1.0,0.03112745098,0.034803921569,0.065808823529,0.067647058824,0.048774509804,0.055637254902,0.06568627451,0.064705882353,0.053921568627,0.042401960784,0.050367647059,0.070588235294,0.072181372549,0.066299019608,0.060416666667,0.067279411765,0.0573529411765,0.012351260268327884,0.04105392156900001,0.024644391507899127,0.028701336211563237,0.20441176470600003,0.247916666667,"[[0.03112745098, 0.034803921569, 0.065808823529, 0.067647058824], [0.048774509804, 0.055637254902, 0.06568627451, 0.064705882353], [0.053921568627, 0.042401960784, 0.050367647059, 0.070588235294], [0.072181372549, 0.066299019608, 0.060416666667, 0.067279411765]]",1
223,1152,1152,21.5,21.5,21,22,0.23697916666666666,0.0,5,5.496527777777778,6.0,19.546725694444447,118.66927083333333,361.7560763888889,1.0,0.032352941176,0.039705882353,0.05949754902,0.064093137255,0.051348039216,0.08131127451,0.052573529412,0.055882352941,0.051960784314,0.043504901961,0.065379901961,0.05318627451,0.058762254902,0.062990196078,0.068933823529,0.069362745098,0.05692784926475,0.01181465404122838,0.048958333334,0.024700596822740683,0.020470793757395293,0.248406862745,0.21893382353000002,"[[0.032352941176, 0.039705882353, 0.05949754902, 0.064093137255], [0.051348039216, 0.08131127451, 0.052573529412, 0.055882352941], [0.051960784314, 0.043504901961, 0.065379901961, 0.05318627451], [0.058762254902, 0.062990196078, 0.068933823529, 0.069362745098]]",1
227,1152,1152,21.5,21.5,21,22,0.2152777777777778,0.0,5,5.447916666666667,6.0,19.683391493055556,118.92534722222223,390.1736111111111,1.0,0.025980392157,0.036029411765,0.065073529412,0.074264705882,0.035171568627,0.061642156863,0.058578431373,0.047549019608,0.05306372549,0.049142156863,0.065073529412,0.08125,0.097181372549,0.080514705882,0.054166666667,0.063848039216,0.059283088235374995,0.018070293430707395,0.071200980392,0.03876493012095756,0.02048420701267374,0.21654411764800002,0.27916666666699996,"[[0.025980392157, 0.036029411765, 0.065073529412, 0.074264705882], [0.035171568627, 0.061642156863, 0.058578431373, 0.047549019608], [0.05306372549, 0.049142156863, 0.065073529412, 0.08125], [0.097181372549, 0.080514705882, 0.054166666667, 0.063848039216]]",1
234,1152,1152,21.5,21.5,21,22,0.21788194444444445,0.0,9,5.499131944444445,6.0,19.666672743055557,120.29253472222223,389.6927083333333,1.0,0.031740196078,0.03737745098,0.057668067227,0.066736694678,0.047549019608,0.055532212885,0.072619047619,0.079166666667,0.053378851541,0.041193977591,0.065196078431,0.054114145658,0.060049019608,0.090073529412,0.058350840336,0.055707282913,0.057903317577,0.014528387730819365,0.058333333334,0.0290113919687743,0.025706693502425822,0.20817577030700002,0.24059873949599997,"[[0.031740196078, 0.03737745098, 0.057668067227, 0.066736694678], [0.047549019608, 0.055532212885, 0.072619047619, 0.079166666667], [0.053378851541, 0.041193977591, 0.065196078431, 0.054114145658], [0.060049019608, 0.090073529412, 0.058350840336, 0.055707282913]]",1
240,1152,1152,21.583333333333332,22.0,21,22,0.2248263888888889,0.0,6,5.491319444444445,6.0,19.72706510416667,118.78211805555556,391.9704861111111,1.0,0.032720588235,0.032965686275,0.065441176471,0.066421568627,0.043382352941,0.056617647059,0.067156862745,0.049387254902,0.051348039216,0.049632352941,0.068504901961,0.070220588235,0.082843137255,0.063602941176,0.066053921569,0.055759803922,0.057628676470625,0.013360126682377623,0.050122549020000004,0.026415355184617465,0.02571821912570931,0.213602941177,0.266053921568,"[[0.032720588235, 0.032965686275, 0.065441176471, 0.066421568627], [0.043382352941, 0.056617647059, 0.067156862745, 0.049387254902], [0.051348039216, 0.049632352941, 0.068504901961, 0.070220588235], [0.082843137255, 0.063602941176, 0.066053921569, 0.055759803922]]",1
220,576,576,21.666666666666668,22.0,21,22,0.3940972222222222,0.0,13,5.713541666666667,6.0,20.087444444444444,119.859375,373.96180555555554,1.0,0.039522058824,0.044642857143,0.062762605042,0.064338235294,0.057116596639,0.079481792717,0.056197478992,0.085259103641,0.064338235294,0.044642857143,0.062762605042,0.039522058824,0.085259103641,0.079481792717,0.056197478992,0.057116596639,0.0611650910365,0.01462496338375328,0.04573704481700001,0.033394607842999996,0.003977308232531285,0.23888305322199999,0.25043767507000003,"[[0.039522058824, 0.044642857143, 0.062762605042, 0.064338235294], [0.057116596639, 0.079481792717, 0.056197478992, 0.085259103641], [0.064338235294, 0.044642857143, 0.062762605042, 0.039522058824], [0.085259103641, 0.079481792717, 0.056197478992, 0.057116596639]]",1
248,1152,1152,21.666666666666668,22.0,21,22,0.2092013888888889,0.0,7,5.6875,6.0,19.718645833333333,119.56684027777777,384.9375,1.0,0.028676470588,0.035294117647,0.070955882353,0.075,0.040073529412,0.062009803922,0.064338235294,0.056740196078,0.055024509804,0.041666666667,0.060416666667,0.066544117647,0.088602941176,0.07806372549,0.060171568627,0.060906862745,0.0590303308823125,0.015614947671651074,0.059926470588,0.03030932029625932,0.0215104731757827,0.21200980392199997,0.269607843137,"[[0.028676470588, 0.035294117647, 0.070955882353, 0.075], [0.040073529412, 0.062009803922, 0.064338235294, 0.056740196078], [0.055024509804, 0.041666666667, 0.060416666667, 0.066544117647], [0.088602941176, 0.07806372549, 0.060171568627, 0.060906862745]]",1
249,1152,1152,21.666666666666668,22.0,21,22,0.2586805555555556,0.0,8,5.703125,6.0,19.572514756944443,118.97743055555556,384.5234375,1.0,0.03137254902,0.038112745098,0.069362745098,0.072549019608,0.044240196078,0.060539215686,0.060661764706,0.058946078431,0.05612745098,0.047916666667,0.057475490196,0.068259803922,0.065441176471,0.078921568627,0.063970588235,0.056740196078,0.0581648284313125,0.012221068108103708,0.047549019607000004,0.01987137170970186,0.0236224957428208,0.20612745098000002,0.24656862745200003,"[[0.03137254902, 0.038112745098, 0.069362745098, 0.072549019608], [0.044240196078, 0.060539215686, 0.060661764706, 0.058946078431], [0.05612745098, 0.047916666667, 0.057475490196, 0.068259803922], [0.065441176471, 0.078921568627, 0.063970588235, 0.056740196078]]",1
250,576,576,21.666666666666668,22.0,21,22,0.3107638888888889,0.0,8,5.763888888888889,6.0,19.83168923611111,119.60416666666667,355.4635416666667,1.0,0.033946078431,0.043504901961,0.0625,0.063480392157,0.033946078431,0.0625,0.043504901961,0.063480392157,0.061887254902,0.058700980392,0.091911764706,0.061029411765,0.061887254902,0.091911764706,0.058700980392,0.061029411765,0.05962009803925,0.015782796061884114,0.057965686275000004,0.035049019608,0.027205330325158972,0.24938725490199998,0.22757352941200001,"[[0.033946078431, 0.043504901961, 0.0625, 0.063480392157], [0.033946078431, 0.0625, 0.043504901961, 0.063480392157], [0.061887254902, 0.058700980392, 0.091911764706, 0.061029411765], [0.061887254902, 0.091911764706, 0.058700980392, 0.061029411765]]",1
159,576,576,21.75,22.0,21,22,0.3194444444444444,0.0,7,5.262152777777778,5.0,19.59170486111111,119.09548611111111,461.88715277777777,1.0,0.040318627451,0.05,0.063602941176,0.067034313725,0.040318627451,0.05,0.063602941176,0.067034313725,0.06556372549,0.05931372549,0.043014705882,0.062254901961,0.081495098039,0.069607843137,0.044485294118,0.042647058824,0.056893382352812494,0.012161446659435741,0.041176470588,0.007209070423723875,0.008621216832078935,0.175980392157,0.27144607843,"[[0.040318627451, 0.05, 0.063602941176, 0.067034313725], [0.040318627451, 0.05, 0.063602941176, 0.067034313725], [0.06556372549, 0.05931372549, 0.043014705882, 0.062254901961], [0.081495098039, 0.069607843137, 0.044485294118, 0.042647058824]]",1
213,576,576,21.75,22.0,21,22,0.296875,0.0,7,5.706597222222222,6.0,19.5869375,120.24479166666667,368.2673611111111,1.0,0.026593137255,0.026593137255,0.070710784314,0.070710784314,0.035906862745,0.056985294118,0.05,0.075367647059,0.056985294118,0.035906862745,0.075367647059,0.05,0.074264705882,0.074264705882,0.079166666667,0.079166666667,0.058624387255,0.018412550513127336,0.052573529412,0.042881344925547446,0.04074754902000002,0.238112745099,0.230882352941,"[[0.026593137255, 0.026593137255, 0.070710784314, 0.070710784314], [0.035906862745, 0.056985294118, 0.05, 0.075367647059], [0.056985294118, 0.035906862745, 0.075367647059, 0.05], [0.074264705882, 0.074264705882, 0.079166666667, 0.079166666667]]",1
215,576,576,21.833333333333332,22.0,21,22,0.16666666666666666,0.0,4,5.663194444444445,6.0,19.933755208333334,121.13368055555556,369.34722222222223,1.0,0.025612745098,0.025612745098,0.068259803922,0.068259803922,0.029534313725,0.065808823529,0.043259803922,0.076348039216,0.065808823529,0.029534313725,0.076348039216,0.043259803922,0.079411764706,0.079411764706,0.077328431373,0.077328431373,0.058195465686375,0.020649276841447847,0.053799019608,0.047896877652638836,0.032414215687499984,0.24509803921599999,0.22046568627500002,"[[0.025612745098, 0.025612745098, 0.068259803922, 0.068259803922], [0.029534313725, 0.065808823529, 0.043259803922, 0.076348039216], [0.065808823529, 0.029534313725, 0.076348039216, 0.043259803922], [0.079411764706, 0.079411764706, 0.077328431373, 0.077328431373]]",1
251,1152,1152,21.833333333333332,22.0,21,22,0.2951388888888889,0.0,6,5.8046875,6.0,19.625803819444442,119.67013888888889,383.2213541666667,1.0,0.036274509804,0.038112745098,0.056074929972,0.064653361345,0.03762254902,0.05393907563,0.050367647059,0.070780812325,0.050192577031,0.046586134454,0.066736694678,0.060539215686,0.063725490196,0.083088235294,0.055462184874,0.065213585434,0.05621060924375,0.012530618910081979,0.04681372549,0.026693980130496297,0.026058063653469306,0.222163865546,0.22533263305399998,"[[0.036274509804, 0.038112745098, 0.056074929972, 0.064653361345], [0.03762254902, 0.05393907563, 0.050367647059, 0.070780812325], [0.050192577031, 0.046586134454, 0.066736694678, 0.060539215686], [0.063725490196, 0.083088235294, 0.055462184874, 0.065213585434]]",1
88,576,576,22.0,22.0,22,22,0.4097222222222222,0.0,8,5.520833333333333,6.0,20.245062500000003,119.15104166666667,408.6770833333333,1.0,0.033088235294,0.047426470588,0.057475490196,0.089338235294,0.051225490196,0.037867647059,0.064828431373,0.041911764706,0.051225490196,0.037867647059,0.064828431373,0.041911764706,0.086397058824,0.077328431373,0.064215686275,0.082720588235,0.058103553921687506,0.01777926519821587,0.05625000000000001,0.04697037906272437,0.022573067020668722,0.21850490196099998,0.27843137255000006,"[[0.033088235294, 0.047426470588, 0.057475490196, 0.089338235294], [0.051225490196, 0.037867647059, 0.064828431373, 0.041911764706], [0.051225490196, 0.037867647059, 0.064828431373, 0.041911764706], [0.086397058824, 0.077328431373, 0.064215686275, 0.082720588235]]",1
177,1152,1152,22.0,22.0,22,22,0.4166666666666667,0.0,9,5.977430555555555,6.0,19.962596354166667,119.81336805555556,352.3142361111111,1.0,0.031495098039,0.038480392157,0.054779411765,0.069730392157,0.04056372549,0.051593137255,0.080024509804,0.06237745098,0.051470588235,0.046078431373,0.042524509804,0.074019607843,0.064460784314,0.097181372549,0.058088235294,0.072549019608,0.0584635416666875,0.016857589232666535,0.06568627451,0.03658692462907982,0.032075128217147926,0.198161764706,0.260294117648,"[[0.031495098039, 0.038480392157, 0.054779411765, 0.069730392157], [0.04056372549, 0.051593137255, 0.080024509804, 0.06237745098], [0.051470588235, 0.046078431373, 0.042524509804, 0.074019607843], [0.064460784314, 0.097181372549, 0.058088235294, 0.072549019608]]",1
179,1152,1152,22.0,22.0,22,22,0.4357638888888889,0.0,11,5.839409722222222,6.0,20.287155381944444,121.18142361111111,373.51996527777777,1.0,0.027573529412,0.036397058824,0.060539215686,0.079166666667,0.032107843137,0.04068627451,0.078553921569,0.066053921569,0.048897058824,0.051348039216,0.080514705882,0.070588235294,0.080514705882,0.088970588235,0.054534313725,0.078308823529,0.0609221813725625,0.019122697365347118,0.06139705882299999,0.03804357611175017,0.042255650114284025,0.22708333333300001,0.289583333334,"[[0.027573529412, 0.036397058824, 0.060539215686, 0.079166666667], [0.032107843137, 0.04068627451, 0.078553921569, 0.066053921569], [0.048897058824, 0.051348039216, 0.080514705882, 0.070588235294], [0.080514705882, 0.088970588235, 0.054534313725, 0.078308823529]]",1
182,1152,1152,22.0,22.0,22,22,0.3723958333333333,0.0,8,5.908854166666667,6.0,20.523263888888888,119.52951388888889,365.67534722222223,1.0,0.027205882353,0.033823529412,0.058455882353,0.069607843137,0.029411764706,0.041544117647,0.074632352941,0.054779411765,0.05012254902,0.038112745098,0.054779411765,0.071323529412,0.093259803922,0.089583333333,0.080514705882,0.063357843137,0.05815716911768751,0.020100139287387905,0.066053921569,0.055052299783097926,0.031289428101353566,0.18688725490200003,0.275612745098,"[[0.027205882353, 0.033823529412, 0.058455882353, 0.069607843137], [0.029411764706, 0.041544117647, 0.074632352941, 0.054779411765], [0.05012254902, 0.038112745098, 0.054779411765, 0.071323529412], [0.093259803922, 0.089583333333, 0.080514705882, 0.063357843137]]",1
183,1152,1152,22.0,22.0,22,22,0.4678819444444444,0.0,10,5.811631944444445,6.0,20.029359375,120.38454861111111,372.6640625,1.0,0.029901960784,0.036642156863,0.057475490196,0.067892156863,0.033333333333,0.042524509804,0.07193627451,0.055392156863,0.050245098039,0.045343137255,0.051348039216,0.072916666667,0.058823529412,0.091176470588,0.080882352941,0.056862745098,0.056418504902,0.016707159744163903,0.06127450980400001,0.037189690329940406,0.035327132996089555,0.180637254902,0.24399509804,"[[0.029901960784, 0.036642156863, 0.057475490196, 0.067892156863], [0.033333333333, 0.042524509804, 0.07193627451, 0.055392156863], [0.050245098039, 0.045343137255, 0.051348039216, 0.072916666667], [0.058823529412, 0.091176470588, 0.080882352941, 0.056862745098]]",1
195,1152,1152,22.0,22.0,22,22,0.4947916666666667,0.0,11,5.878472222222222,6.0,19.909033854166665,119.64670138888889,366.17621527777777,1.0,0.031862745098,0.033946078431,0.057230392157,0.080147058824,0.047303921569,0.058455882353,0.080882352941,0.071323529412,0.051960784314,0.039705882353,0.032107843137,0.06887254902,0.083823529412,0.092524509804,0.052328431373,0.067034313725,0.05934436274518751,0.018828157342282766,0.060661764705999995,0.04182253501776902,0.029091521462736424,0.189460784313,0.28455882353,"[[0.031862745098, 0.033946078431, 0.057230392157, 0.080147058824], [0.047303921569, 0.058455882353, 0.080882352941, 0.071323529412], [0.051960784314, 0.039705882353, 0.032107843137, 0.06887254902], [0.083823529412, 0.092524509804, 0.052328431373, 0.067034313725]]",1
201,1152,1152,22.0,22.0,22,22,0.5164930555555556,0.0,12,5.852430555555555,6.0,19.937171875,120.94878472222223,395.07465277777777,1.0,0.032107843137,0.0375,0.063357843137,0.083088235294,0.048897058824,0.049754901961,0.07193627451,0.043137254902,0.05318627451,0.043014705882,0.057843137255,0.074387254902,0.080147058824,0.084068627451,0.072549019608,0.049264705882,0.0590150122549375,0.0163412907799355,0.051960784313999996,0.029386270481656478,0.022429379264477984,0.188970588235,0.27818627451,"[[0.032107843137, 0.0375, 0.063357843137, 0.083088235294], [0.048897058824, 0.049754901961, 0.07193627451, 0.043137254902], [0.05318627451, 0.043014705882, 0.057843137255, 0.074387254902], [0.080147058824, 0.084068627451, 0.072549019608, 0.049264705882]]",1
202,1152,1152,22.0,22.0,22,22,0.4661458333333333,0.0,8,5.855902777777778,6.0,20.56001302083333,120.93489583333333,424.6953125,1.0,0.033823529412,0.038480392157,0.057965686275,0.079534313725,0.046446078431,0.053676470588,0.073897058824,0.05,0.05,0.048161764706,0.048406862745,0.075490196078,0.058333333333,0.07487745098,0.073161764706,0.056495098039,0.057421874999937506,0.013621281408201742,0.045710784313,0.019916077401278123,0.029474551931236187,0.192401960784,0.259926470588,"[[0.033823529412, 0.038480392157, 0.057965686275, 0.079534313725], [0.046446078431, 0.053676470588, 0.073897058824, 0.05], [0.05, 0.048161764706, 0.048406862745, 0.075490196078], [0.058333333333, 0.07487745098, 0.073161764706, 0.056495098039]]",1
203,1152,1152,22.0,22.0,22,22,0.4401041666666667,0.0,10,5.869791666666667,6.0,19.93739496527778,121.55989583333333,389.4609375,1.0,0.032352941176,0.035171568627,0.059138655462,0.074702380952,0.04156162465,0.062447478992,0.09725140056,0.061397058824,0.051365546218,0.039460784314,0.049754901961,0.079359243697,0.096200980392,0.068504901961,0.05056022409,0.065458683473,0.0602930234593125,0.01905555675982039,0.064898459384,0.03186449424799072,0.029475240832532588,0.210014005602,0.307615546218,"[[0.032352941176, 0.035171568627, 0.059138655462, 0.074702380952], [0.04156162465, 0.062447478992, 0.09725140056, 0.061397058824], [0.051365546218, 0.039460784314, 0.049754901961, 0.079359243697], [0.096200980392, 0.068504901961, 0.05056022409, 0.065458683473]]",1
222,1152,1152,22.0,22.0,22,22,0.359375,0.0,10,5.856770833333333,6.0,20.581558159722224,120.77170138888889,386.1822916666667,1.0,0.031495098039,0.03443627451,0.054236694678,0.075682773109,0.036659663866,0.063182773109,0.067524509804,0.070535714286,0.049159663866,0.051593137255,0.082300420168,0.074264705882,0.104166666667,0.069362745098,0.051365546218,0.057300420168,0.060829175420187495,0.01848292230689573,0.072671568628,0.03158284988840946,0.024614937379515603,0.234278711484,0.298967086835,"[[0.031495098039, 0.03443627451, 0.054236694678, 0.075682773109], [0.036659663866, 0.063182773109, 0.067524509804, 0.070535714286], [0.049159663866, 0.051593137255, 0.082300420168, 0.074264705882], [0.104166666667, 0.069362745098, 0.051365546218, 0.057300420168]]",1
324,1152,1152,22.0,22.0,22,22,0.4322916666666667,0.0,12,5.9453125,6.0,21.00943315972222,121.80815972222223,383.33940972222223,1.0,0.035784313725,0.064460784314,0.066299019608,0.073161764706,0.036642156863,0.047916666667,0.084558823529,0.060171568627,0.051960784314,0.037745098039,0.04681372549,0.081740196078,0.09362745098,0.070833333333,0.046078431373,0.069362745098,0.0604473039215,0.01740479234235685,0.057843137254999996,0.02327447547576761,0.02656064473785807,0.19987745097999998,0.289093137254,"[[0.035784313725, 0.064460784314, 0.066299019608, 0.073161764706], [0.036642156863, 0.047916666667, 0.084558823529, 0.060171568627], [0.051960784314, 0.037745098039, 0.04681372549, 0.081740196078], [0.09362745098, 0.070833333333, 0.046078431373, 0.069362745098]]",1
85,576,576,22.083333333333332,22.0,22,23,0.8524305555555556,0.0,14,5.402777777777778,5.0,19.81799826388889,117.52951388888889,427.0329861111111,1.0,0.030024509804,0.039653361345,0.063865546218,0.089775910364,0.05043767507,0.051207983193,0.07543767507,0.054604341737,0.05043767507,0.051207983193,0.07543767507,0.054604341737,0.06950280112,0.085434173669,0.055024509804,0.083420868347,0.061254814425687504,0.0165297235409003,0.05975140056,0.028130668907323582,0.03281593577683748,0.240091036414,0.28592436974700003,"[[0.030024509804, 0.039653361345, 0.063865546218, 0.089775910364], [0.05043767507, 0.051207983193, 0.07543767507, 0.054604341737], [0.05043767507, 0.051207983193, 0.07543767507, 0.054604341737], [0.06950280112, 0.085434173669, 0.055024509804, 0.083420868347]]",1
187,1152,1152,22.083333333333332,22.0,22,23,0.7977430555555556,0.0,12,5.737847222222222,6.0,19.876296874999998,121.26215277777777,371.0234375,1.0,0.041859243697,0.042401960784,0.051908263305,0.059681372549,0.043995098039,0.049387254902,0.068329831933,0.05406162465,0.052030812325,0.044117647059,0.049037114846,0.062990196078,0.08181022409,0.083280812325,0.054044117647,0.046708683473,0.055352766106375004,0.012517342491113845,0.041421568628,0.026620236827262167,0.0019781751160550323,0.186992296918,0.25393907563100004,"[[0.041859243697, 0.042401960784, 0.051908263305, 0.059681372549], [0.043995098039, 0.049387254902, 0.068329831933, 0.05406162465], [0.052030812325, 0.044117647059, 0.049037114846, 0.062990196078], [0.08181022409, 0.083280812325, 0.054044117647, 0.046708683473]]",1
192,1152,1152,22.083333333333332,22.0,22,23,0.8385416666666666,0.0,21,5.716145833333333,6.0,19.866802083333333,120.12673611111111,363.51909722222223,1.0,0.029656862745,0.032352941176,0.066053921569,0.091911764706,0.047549019608,0.085049019608,0.104044117647,0.092034313725,0.060171568627,0.034191176471,0.029656862745,0.081985294118,0.084681372549,0.081985294118,0.032107843137,0.061397058824,0.0634267769608125,0.025302402330017407,0.074387254902,0.04763275416854539,0.042731876212313065,0.205759803922,0.314828431373,"[[0.029656862745, 0.032352941176, 0.066053921569, 0.091911764706], [0.047549019608, 0.085049019608, 0.104044117647, 0.092034313725], [0.060171568627, 0.034191176471, 0.029656862745, 0.081985294118], [0.084681372549, 0.081985294118, 0.032107843137, 0.061397058824]]",1
205,1152,1152,22.083333333333332,22.0,22,23,0.8116319444444444,0.0,13,5.758680555555555,6.0,20.22469010416667,120.46006944444444,345.01649305555554,1.0,0.03431372549,0.044607843137,0.057598039216,0.074509803922,0.039093137255,0.056004901961,0.035049019608,0.067647058824,0.053799019608,0.048406862745,0.079901960784,0.059803921569,0.073161764706,0.088725490196,0.06237745098,0.05318627451,0.0580116421569375,0.015417686758543967,0.054411764705999996,0.030715769492369472,0.0198617332568421,0.223406862745,0.23112745098100002,"[[0.03431372549, 0.044607843137, 0.057598039216, 0.074509803922], [0.039093137255, 0.056004901961, 0.035049019608, 0.067647058824], [0.053799019608, 0.048406862745, 0.079901960784, 0.059803921569], [0.073161764706, 0.088725490196, 0.06237745098, 0.05318627451]]",1
217,576,576,22.083333333333332,22.0,22,23,0.7951388888888888,0.0,16,5.715277777777778,6.0,19.884609375,118.93923611111111,368.9392361111111,1.0,0.039705882353,0.039705882353,0.05943627451,0.05943627451,0.041789215686,0.066789215686,0.040318627451,0.064583333333,0.066789215686,0.041789215686,0.064583333333,0.040318627451,0.085784313725,0.085784313725,0.055637254902,0.055637254902,0.05675551470574999,0.014991286564104664,0.046078431372,0.03281997967206972,0.0070465686270000105,0.22671568627400002,0.22732843137199998,"[[0.039705882353, 0.039705882353, 0.05943627451, 0.05943627451], [0.041789215686, 0.066789215686, 0.040318627451, 0.064583333333], [0.066789215686, 0.041789215686, 0.064583333333, 0.040318627451], [0.085784313725, 0.085784313725, 0.055637254902, 0.055637254902]]",1
31,576,576,22.166666666666668,22.0,22,23,0.7430555555555556,0.0,14,5.217013888888889,5.0,20.214788194444445,119.09722222222223,409.33159722222223,1.0,0.025612745098,0.030882352941,0.060539215686,0.072181372549,0.025612745098,0.030882352941,0.060539215686,0.072181372549,0.060294117647,0.032107843137,0.041299019608,0.079411764706,0.10012254902,0.097181372549,0.096078431373,0.074509803922,0.059964767156875,0.02545466298229454,0.074509803922,0.07456095133869617,0.04164578980697132,0.17230392156899998,0.264950980392,"[[0.025612745098, 0.030882352941, 0.060539215686, 0.072181372549], [0.025612745098, 0.030882352941, 0.060539215686, 0.072181372549], [0.060294117647, 0.032107843137, 0.041299019608, 0.079411764706], [0.10012254902, 0.097181372549, 0.096078431373, 0.074509803922]]",1
37,576,576,22.166666666666668,22.0,22,23,0.6180555555555556,0.0,12,5.217013888888889,5.0,19.905664930555556,120.04166666666667,385.63194444444446,1.0,0.03125,0.03125,0.063602941176,0.083210784314,0.031862745098,0.057965686275,0.032107843137,0.06887254902,0.031862745098,0.057965686275,0.032107843137,0.06887254902,0.079044117647,0.08762254902,0.107230392157,0.073406862745,0.0586397058824375,0.02373875261065674,0.075980392157,0.06553033096756214,0.04254940080738896,0.194730392157,0.252328431373,"[[0.03125, 0.03125, 0.063602941176, 0.083210784314], [0.031862745098, 0.057965686275, 0.032107843137, 0.06887254902], [0.031862745098, 0.057965686275, 0.032107843137, 0.06887254902], [0.079044117647, 0.08762254902, 0.107230392157, 0.073406862745]]",1
38,576,576,22.166666666666668,22.0,22,23,0.7934027777777778,0.0,16,5.234375,5.0,19.958703125,120.43402777777777,389.34722222222223,1.0,0.033473389356,0.037745098039,0.064215686275,0.082177871148,0.038988095238,0.059191176471,0.035539215686,0.07225140056,0.038988095238,0.059191176471,0.035539215686,0.07225140056,0.095553221289,0.058648459384,0.092717086835,0.062009803922,0.058655024509875,0.02000171227207994,0.062079831933,0.0431644882043793,0.03210837173128606,0.190213585435,0.272461484594,"[[0.033473389356, 0.037745098039, 0.064215686275, 0.082177871148], [0.038988095238, 0.059191176471, 0.035539215686, 0.07225140056], [0.038988095238, 0.059191176471, 0.035539215686, 0.07225140056], [0.095553221289, 0.058648459384, 0.092717086835, 0.062009803922]]",1
72,576,576,22.166666666666668,22.0,22,23,0.8038194444444444,0.0,16,5.324652777777778,5.0,20.209234375,117.74652777777777,386.9375,1.0,0.039828431373,0.040196078431,0.054411764706,0.064583333333,0.039828431373,0.040196078431,0.054411764706,0.064583333333,0.052696078431,0.056617647059,0.06887254902,0.066911764706,0.083088235294,0.075245098039,0.052941176471,0.054411764706,0.05680147058825,0.012690482054430026,0.043259803921,0.02911100307131677,0.015131702667107162,0.20330882353000002,0.25870098039199996,"[[0.039828431373, 0.040196078431, 0.054411764706, 0.064583333333], [0.039828431373, 0.040196078431, 0.054411764706, 0.064583333333], [0.052696078431, 0.056617647059, 0.06887254902, 0.066911764706], [0.083088235294, 0.075245098039, 0.052941176471, 0.054411764706]]",1
105,576,576,22.166666666666668,22.0,22,23,0.5989583333333334,0.0,11,5.163194444444445,5.0,19.8844375,117.42881944444444,385.17881944444446,1.0,0.044082633053,0.047496498599,0.05668767507,0.071568627451,0.044082633053,0.047496498599,0.05668767507,0.071568627451,0.074457282913,0.056267507003,0.052643557423,0.059576330532,0.078448879552,0.071393557423,0.064408263305,0.059401260504,0.0597667191875625,0.010826315306744551,0.034366246499,0.022084282569045387,0.014826092959557736,0.20362394957899999,0.262972689076,"[[0.044082633053, 0.047496498599, 0.05668767507, 0.071568627451], [0.044082633053, 0.047496498599, 0.05668767507, 0.071568627451], [0.074457282913, 0.056267507003, 0.052643557423, 0.059576330532], [0.078448879552, 0.071393557423, 0.064408263305, 0.059401260504]]",1
173,1152,1152,22.166666666666668,22.0,22,23,0.7152777777777778,0.0,15,5.661458333333333,6.0,20.255681423611108,120.14496527777777,387.2326388888889,1.0,0.03112745098,0.034150326797,0.072671568627,0.081209150327,0.032107843137,0.066421568627,0.040645424837,0.078880718954,0.079738562092,0.056290849673,0.11760620915,0.086928104575,0.091789215686,0.100245098039,0.042933006536,0.054656862745,0.066712622548875,0.02541971180620548,0.08647875817,0.0514969757097393,0.024425073109189184,0.269812091502,0.269934640523,"[[0.03112745098, 0.034150326797, 0.072671568627, 0.081209150327], [0.032107843137, 0.066421568627, 0.040645424837, 0.078880718954], [0.079738562092, 0.056290849673, 0.11760620915, 0.086928104575], [0.091789215686, 0.100245098039, 0.042933006536, 0.054656862745]]",1
175,1152,1152,22.166666666666668,22.0,22,23,0.671875,0.0,12,5.815972222222222,6.0,19.83080295138889,120.01822916666667,350.33506944444446,1.0,0.030269607843,0.04287464986,0.055532212885,0.064530812325,0.045255602241,0.057825630252,0.070868347339,0.064740896359,0.05043767507,0.044345238095,0.046200980392,0.074457282913,0.067787114846,0.108420868347,0.05668767507,0.067454481793,0.059230567226875,0.017281871017606035,0.07815126050400001,0.03999580830610844,0.02902432714722536,0.20175070027999997,0.24753151260500003,"[[0.030269607843, 0.04287464986, 0.055532212885, 0.064530812325], [0.045255602241, 0.057825630252, 0.070868347339, 0.064740896359], [0.05043767507, 0.044345238095, 0.046200980392, 0.074457282913], [0.067787114846, 0.108420868347, 0.05668767507, 0.067454481793]]",1
184,1152,1152,22.166666666666668,22.0,22,23,0.6414930555555556,0.0,14,5.761284722222222,6.0,19.81343142361111,119.9453125,355.5842013888889,1.0,0.031862745098,0.040808823529,0.064950980392,0.069240196078,0.037009803922,0.058823529412,0.049264705882,0.068504901961,0.070343137255,0.049387254902,0.112990196078,0.061274509804,0.071200980392,0.093995098039,0.053921568627,0.055269607843,0.061803002450875,0.01985108388323466,0.08112745097999999,0.03769875312014896,0.025356747770437314,0.258946078431,0.239093137254,"[[0.031862745098, 0.040808823529, 0.064950980392, 0.069240196078], [0.037009803922, 0.058823529412, 0.049264705882, 0.068504901961], [0.070343137255, 0.049387254902, 0.112990196078, 0.061274509804], [0.071200980392, 0.093995098039, 0.053921568627, 0.055269607843]]",1
188,1152,1152,22.166666666666668,22.0,22,23,0.6423611111111112,0.0,12,5.685763888888889,6.0,20.256125,118.234375,391.8689236111111,1.0,0.032965686275,0.03443627451,0.055637254902,0.066421568627,0.038112745098,0.042524509804,0.071691176471,0.056862745098,0.051960784314,0.037254901961,0.044730392157,0.074264705882,0.095588235294,0.066544117647,0.065441176471,0.069240196078,0.0564797794118125,0.016993150281302806,0.062622549019,0.041679325138650115,0.03121303320975851,0.189460784314,0.270955882353,"[[0.032965686275, 0.03443627451, 0.055637254902, 0.066421568627], [0.038112745098, 0.042524509804, 0.071691176471, 0.056862745098], [0.051960784314, 0.037254901961, 0.044730392157, 0.074264705882], [0.095588235294, 0.066544117647, 0.065441176471, 0.069240196078]]",1
189,1152,1152,22.166666666666668,22.0,22,23,0.5998263888888888,0.0,12,5.625868055555555,6.0,20.395828993055556,120.47829861111111,355.7482638888889,1.0,0.035661764706,0.039705882353,0.052205882353,0.062990196078,0.044240196078,0.053799019608,0.069485294118,0.052328431373,0.050857843137,0.039093137255,0.043382352941,0.069117647059,0.082230392157,0.08112745098,0.049632352941,0.052450980392,0.0548943014705625,0.013868661220874823,0.046568627450999996,0.028454654593058803,0.0100124780227819,0.18529411764700002,0.253799019608,"[[0.035661764706, 0.039705882353, 0.052205882353, 0.062990196078], [0.044240196078, 0.053799019608, 0.069485294118, 0.052328431373], [0.050857843137, 0.039093137255, 0.043382352941, 0.069117647059], [0.082230392157, 0.08112745098, 0.049632352941, 0.052450980392]]",1
193,1152,1152,22.166666666666668,22.0,22,23,0.8029513888888888,0.0,20,5.794270833333333,6.0,20.14296006944444,119.68142361111111,369.26909722222223,1.0,0.024754901961,0.036642156863,0.055882352941,0.069730392157,0.049142156863,0.053921568627,0.075980392157,0.077573529412,0.051960784314,0.04068627451,0.042279411765,0.079166666667,0.068504901961,0.096446078431,0.062990196078,0.070098039216,0.0597349877451875,0.01811068498558691,0.07169117647,0.04218805622789468,0.03687100390767881,0.19105392156899997,0.254901960785,"[[0.024754901961, 0.036642156863, 0.055882352941, 0.069730392157], [0.049142156863, 0.053921568627, 0.075980392157, 0.077573529412], [0.051960784314, 0.04068627451, 0.042279411765, 0.079166666667], [0.068504901961, 0.096446078431, 0.062990196078, 0.070098039216]]",1
196,1152,1152,22.166666666666668,22.0,22,23,0.625,0.0,14,5.700520833333333,6.0,20.18887934027778,121.02083333333333,376.4348958333333,1.0,0.032352941176,0.035679271709,0.054289215686,0.077643557423,0.045955882353,0.062324929972,0.08125,0.057790616246,0.050490196078,0.044380252101,0.038970588235,0.072864145658,0.062079831933,0.083333333333,0.056442577031,0.074264705882,0.058132002801,0.01583126692110934,0.050980392156999996,0.031009332764593504,0.032737657559877904,0.20791316526499998,0.26535364145699997,"[[0.032352941176, 0.035679271709, 0.054289215686, 0.077643557423], [0.045955882353, 0.062324929972, 0.08125, 0.057790616246], [0.050490196078, 0.044380252101, 0.038970588235, 0.072864145658], [0.062079831933, 0.083333333333, 0.056442577031, 0.074264705882]]",1
207,1152,1152,22.166666666666668,22.0,22,23,0.5989583333333334,0.0,13,5.6796875,6.0,20.220508680555557,120.06597222222223,346.2126736111111,1.0,0.036887254902,0.041911764706,0.059068627451,0.077205882353,0.040808823529,0.055147058824,0.046323529412,0.076470588235,0.049754901961,0.052328431373,0.071323529412,0.046691176471,0.071200980392,0.086274509804,0.064828431373,0.053799019608,0.058126531862875,0.014359346283844391,0.04938725490200001,0.02523771650486515,0.0206574857687075,0.217156862746,0.24705882352999997,"[[0.036887254902, 0.041911764706, 0.059068627451, 0.077205882353], [0.040808823529, 0.055147058824, 0.046323529412, 0.076470588235], [0.049754901961, 0.052328431373, 0.071323529412, 0.046691176471], [0.071200980392, 0.086274509804, 0.064828431373, 0.053799019608]]",1
212,1152,1152,22.166666666666668,22.0,22,23,0.7534722222222222,0.0,21,5.699652777777778,6.0,20.09651388888889,118.63368055555556,362.24131944444446,1.0,0.031862745098,0.043014705882,0.070588235294,0.077941176471,0.037009803922,0.080392156863,0.069485294118,0.038480392157,0.070343137255,0.049632352941,0.036029411765,0.080514705882,0.085416666667,0.104534313725,0.055392156863,0.076348039216,0.0629365808824375,0.020918581387219456,0.072671568627,0.04069119970412623,0.023854816705417736,0.22463235294199999,0.28247549019699997,"[[0.031862745098, 0.043014705882, 0.070588235294, 0.077941176471], [0.037009803922, 0.080392156863, 0.069485294118, 0.038480392157], [0.070343137255, 0.049632352941, 0.036029411765, 0.080514705882], [0.085416666667, 0.104534313725, 0.055392156863, 0.076348039216]]",1
229,1152,1152,22.166666666666668,22.0,22,23,0.8159722222222222,0.0,15,5.785590277777778,6.0,19.750565104166668,119.69097222222223,361.2361111111111,1.0,0.032965686275,0.041421568627,0.056740196078,0.067647058824,0.033700980392,0.063970588235,0.055269607843,0.046078431373,0.067769607843,0.061151960784,0.051102941176,0.081862745098,0.077083333333,0.072426470588,0.052450980392,0.064460784314,0.0578814338234375,0.01400640127425382,0.048897058822999995,0.032668150199422985,0.01951944207715172,0.21250000000000002,0.261151960784,"[[0.032965686275, 0.041421568627, 0.056740196078, 0.067647058824], [0.033700980392, 0.063970588235, 0.055269607843, 0.046078431373], [0.067769607843, 0.061151960784, 0.051102941176, 0.081862745098], [0.077083333333, 0.072426470588, 0.052450980392, 0.064460784314]]",1
252,1152,1152,22.166666666666668,22.0,22,23,0.6571180555555556,0.0,15,5.761284722222222,6.0,20.368956597222223,120.19270833333333,375.37065972222223,1.0,0.029306722689,0.037990196078,0.064408263305,0.072058823529,0.038742997199,0.060784313725,0.060364145658,0.044975490196,0.055357142857,0.054481792717,0.066666666667,0.072496498599,0.074142156863,0.078326330532,0.050927871148,0.074019607843,0.0584405637253125,0.014357299261560466,0.049019607842999996,0.03111564406873228,0.023861709253548125,0.230777310924,0.26104691876700004,"[[0.029306722689, 0.037990196078, 0.064408263305, 0.072058823529], [0.038742997199, 0.060784313725, 0.060364145658, 0.044975490196], [0.055357142857, 0.054481792717, 0.066666666667, 0.072496498599], [0.074142156863, 0.078326330532, 0.050927871148, 0.074019607843]]",1
130,576,576,22.25,22.0,22,23,0.8784722222222222,0.0,18,5.338541666666667,5.0,19.821701388888886,118.72916666666667,414.16319444444446,1.0,0.037009803922,0.052696078431,0.058210784314,0.066666666667,0.037009803922,0.052696078431,0.058210784314,0.066666666667,0.069362745098,0.076470588235,0.049754901961,0.057475490196,0.089583333333,0.076715686275,0.040931372549,0.047058823529,0.05853247549025,0.01453568245655499,0.052573529411000006,0.019551370114843154,0.018325176601982275,0.186519607843,0.29093137254900003,"[[0.037009803922, 0.052696078431, 0.058210784314, 0.066666666667], [0.037009803922, 0.052696078431, 0.058210784314, 0.066666666667], [0.069362745098, 0.076470588235, 0.049754901961, 0.057475490196], [0.089583333333, 0.076715686275, 0.040931372549, 0.047058823529]]",1
186,1152,1152,22.25,22.0,22,23,1.0720486111111112,0.0,25,5.639756944444445,6.0,20.0712578125,119.99392361111111,358.8541666666667,1.0,0.032107843137,0.043014705882,0.062867647059,0.063235294118,0.036029411765,0.060661764706,0.041789215686,0.063602941176,0.047671568627,0.045465686275,0.077941176471,0.064093137255,0.077573529412,0.098161764706,0.072549019608,0.053676470588,0.05877757352943751,0.017039265385914975,0.066053921569,0.04095104354450989,0.024400722338369773,0.224387254902,0.228063725491,"[[0.032107843137, 0.043014705882, 0.062867647059, 0.063235294118], [0.036029411765, 0.060661764706, 0.041789215686, 0.063602941176], [0.047671568627, 0.045465686275, 0.077941176471, 0.064093137255], [0.077573529412, 0.098161764706, 0.072549019608, 0.053676470588]]",1
194,1152,1152,22.25,22.0,22,23,1.0121527777777777,0.0,34,5.672743055555555,6.0,19.941581597222225,120.16319444444444,365.0095486111111,1.0,0.029411764706,0.03987657563,0.051715686275,0.068881302521,0.044056372549,0.065021008403,0.075551470588,0.060793067227,0.048100490196,0.042327556022,0.03737745098,0.073293067227,0.061957282913,0.094546568627,0.05344012605,0.072120098039,0.05740436799706251,0.016642967499802513,0.065134803921,0.03671647462646343,0.03343907969019573,0.203930322128,0.248717612044,"[[0.029411764706, 0.03987657563, 0.051715686275, 0.068881302521], [0.044056372549, 0.065021008403, 0.075551470588, 0.060793067227], [0.048100490196, 0.042327556022, 0.03737745098, 0.073293067227], [0.061957282913, 0.094546568627, 0.05344012605, 0.072120098039]]",1
246,1152,1152,22.25,22.0,22,23,0.9435763888888888,0.0,15,5.686631944444445,6.0,20.025682291666666,120.12673611111111,358.921875,1.0,0.036519607843,0.039093137255,0.058700980392,0.078308823529,0.041421568627,0.066053921569,0.064093137255,0.079044117647,0.058333333333,0.047181372549,0.070343137255,0.066053921569,0.094485294118,0.077941176471,0.050857843137,0.060906862745,0.06183363970587499,0.015690400946027548,0.057965686275,0.02551218870644395,0.022048502316998106,0.23382352941200002,0.284068627451,"[[0.036519607843, 0.039093137255, 0.058700980392, 0.078308823529], [0.041421568627, 0.066053921569, 0.064093137255, 0.079044117647], [0.058333333333, 0.047181372549, 0.070343137255, 0.066053921569], [0.094485294118, 0.077941176471, 0.050857843137, 0.060906862745]]",1
25,576,576,22.333333333333332,22.0,22,23,0.9600694444444444,0.0,13,5.161458333333333,5.0,20.056989583333333,119.60069444444444,350.5364583333333,1.0,0.03125,0.035416666667,0.067034313725,0.073651960784,0.06556372549,0.034191176471,0.034803921569,0.075245098039,0.06556372549,0.034191176471,0.034803921569,0.075245098039,0.0875,0.145710784314,0.117524509804,0.072549019608,0.0656403186275,0.03147965268799319,0.114460784314,0.092798884668713,0.019789769531632213,0.172794117648,0.230147058824,"[[0.03125, 0.035416666667, 0.067034313725, 0.073651960784], [0.06556372549, 0.034191176471, 0.034803921569, 0.075245098039], [0.06556372549, 0.034191176471, 0.034803921569, 0.075245098039], [0.0875, 0.145710784314, 0.117524509804, 0.072549019608]]",1
28,576,576,22.333333333333332,22.0,22,23,1.15625,0.0,15,5.170138888888889,5.0,19.96386111111111,119.06076388888889,421.328125,1.0,0.026348039216,0.031495098039,0.06237745098,0.072916666667,0.026348039216,0.031495098039,0.06237745098,0.072916666667,0.051715686275,0.039705882353,0.048039215686,0.079656862745,0.084558823529,0.099387254902,0.103308823529,0.071691176471,0.060271139705875,0.0242519841698778,0.076960784313,0.06886902591757019,0.0463953153156036,0.177573529412,0.259558823529,"[[0.026348039216, 0.031495098039, 0.06237745098, 0.072916666667], [0.026348039216, 0.031495098039, 0.06237745098, 0.072916666667], [0.051715686275, 0.039705882353, 0.048039215686, 0.079656862745], [0.084558823529, 0.099387254902, 0.103308823529, 0.071691176471]]",1
33,576,576,22.333333333333332,22.0,22,23,1.0138888888888888,0.0,20,5.079861111111111,5.0,19.81845486111111,118.51041666666667,400.4704861111111,1.0,0.027048319328,0.031775210084,0.084226190476,0.08548085901,0.038480392157,0.068574929972,0.051949112979,0.082819794585,0.038480392157,0.068574929972,0.051949112979,0.082819794585,0.082528011204,0.058374183007,0.138883053221,0.081985294118,0.067121848739625,0.027119541100257556,0.111834733893,0.05412980083016804,0.06327013790288394,0.229557656397,0.28853291316499996,"[[0.027048319328, 0.031775210084, 0.084226190476, 0.08548085901], [0.038480392157, 0.068574929972, 0.051949112979, 0.082819794585], [0.038480392157, 0.068574929972, 0.051949112979, 0.082819794585], [0.082528011204, 0.058374183007, 0.138883053221, 0.081985294118]]",1
126,576,576,22.333333333333332,22.0,22,23,1.0868055555555556,0.0,24,5.135416666666667,5.0,19.839637152777776,121.49826388888889,384.80902777777777,1.0,0.047829131653,0.054709383754,0.055479691877,0.058893557423,0.047829131653,0.054709383754,0.055479691877,0.058893557423,0.064408263305,0.062535014006,0.057738095238,0.048529411765,0.082650560224,0.070850840336,0.059891456583,0.052766106443,0.058324579832124995,0.008646975236535574,0.034821428571,0.020105148271795558,0.01004175035245992,0.213042717088,0.25955882353000004,"[[0.047829131653, 0.054709383754, 0.055479691877, 0.058893557423], [0.047829131653, 0.054709383754, 0.055479691877, 0.058893557423], [0.064408263305, 0.062535014006, 0.057738095238, 0.048529411765], [0.082650560224, 0.070850840336, 0.059891456583, 0.052766106443]]",1
198,1152,1152,22.333333333333332,22.0,22,23,0.9357638888888888,0.0,16,5.543402777777778,6.0,19.903138020833335,120.17100694444444,381.1302083333333,1.0,0.031862745098,0.044975490196,0.068259803922,0.092647058824,0.047671568627,0.056617647059,0.069485294118,0.082965686275,0.050735294118,0.040318627451,0.076838235294,0.04068627451,0.074142156863,0.076838235294,0.075245098039,0.03737745098,0.06041666666675,0.018177938192436714,0.060784313725999996,0.021322649012470336,0.03307904284094049,0.20269607843100002,0.27659313725600004,"[[0.031862745098, 0.044975490196, 0.068259803922, 0.092647058824], [0.047671568627, 0.056617647059, 0.069485294118, 0.082965686275], [0.050735294118, 0.040318627451, 0.076838235294, 0.04068627451], [0.074142156863, 0.076838235294, 0.075245098039, 0.03737745098]]",1
199,1152,1152,22.333333333333332,22.0,22,23,0.8576388888888888,0.0,14,5.513888888888889,6.0,19.845780381944444,117.89930555555556,336.45746527777777,1.0,0.027450980392,0.035784313725,0.061519607843,0.068504901961,0.045588235294,0.04987745098,0.077696078431,0.060661764706,0.051715686275,0.040441176471,0.05625,0.072916666667,0.070098039216,0.087867647059,0.08112745098,0.053431372549,0.0588082107843125,0.016434874152659058,0.060416666667000005,0.03619228600116833,0.03242162801167285,0.18700980392100003,0.256740196079,"[[0.027450980392, 0.035784313725, 0.061519607843, 0.068504901961], [0.045588235294, 0.04987745098, 0.077696078431, 0.060661764706], [0.051715686275, 0.040441176471, 0.05625, 0.072916666667], [0.070098039216, 0.087867647059, 0.08112745098, 0.053431372549]]",1
34,576,576,22.416666666666668,22.0,22,23,1.3385416666666667,0.0,16,5.116319444444445,5.0,19.74926388888889,121.50173611111111,403.53472222222223,1.0,0.030024509804,0.031862745098,0.066053921569,0.083210784314,0.051225490196,0.039828431373,0.038848039216,0.07193627451,0.051225490196,0.039828431373,0.038848039216,0.07193627451,0.06556372549,0.09375,0.115196078431,0.067279411765,0.0597886029413125,0.023294384552849486,0.08517156862700001,0.0593780984233029,0.03961789186830532,0.175980392158,0.227450980393,"[[0.030024509804, 0.031862745098, 0.066053921569, 0.083210784314], [0.051225490196, 0.039828431373, 0.038848039216, 0.07193627451], [0.051225490196, 0.039828431373, 0.038848039216, 0.07193627451], [0.06556372549, 0.09375, 0.115196078431, 0.067279411765]]",1
70,576,576,22.416666666666668,22.0,22,23,1.0954861111111112,0.0,14,5.104166666666667,5.0,20.062609375,119.84201388888889,388.37152777777777,1.0,0.038130252101,0.041421568627,0.048476890756,0.060049019608,0.038130252101,0.041421568627,0.048476890756,0.060049019608,0.046043417367,0.049089635854,0.068259803922,0.055217086835,0.085539215686,0.080899859944,0.050070028011,0.047426470588,0.0536688112744375,0.013742703045736859,0.04740896358499999,0.03105204254139111,0.005373756971595175,0.195238095238,0.24315476190399998,"[[0.038130252101, 0.041421568627, 0.048476890756, 0.060049019608], [0.038130252101, 0.041421568627, 0.048476890756, 0.060049019608], [0.046043417367, 0.049089635854, 0.068259803922, 0.055217086835], [0.085539215686, 0.080899859944, 0.050070028011, 0.047426470588]]",1
87,576,576,22.416666666666668,22.0,22,23,1.2604166666666667,0.0,26,5.118055555555555,5.0,19.97522395833333,118.16493055555556,385.8732638888889,1.0,0.043382352941,0.047321428571,0.058800186741,0.072525676937,0.051254668534,0.047904995331,0.061968954248,0.046982959851,0.051254668534,0.047904995331,0.061968954248,0.046982959851,0.061823062558,0.097181372549,0.050659430439,0.080187908497,0.0580065359475625,0.014151850985041353,0.053799019608,0.03386571428343364,0.014801300324251712,0.233444211017,0.244222689074,"[[0.043382352941, 0.047321428571, 0.058800186741, 0.072525676937], [0.051254668534, 0.047904995331, 0.061968954248, 0.046982959851], [0.051254668534, 0.047904995331, 0.061968954248, 0.046982959851], [0.061823062558, 0.097181372549, 0.050659430439, 0.080187908497]]",1
22,576,576,22.5,22.5,22,23,1.5017361111111112,0.0,16,4.763888888888889,5.0,19.835156249999997,117.91493055555556,404.27430555555554,1.0,0.03425245098,0.034558823529,0.094485294118,0.105514705882,0.038786764706,0.091421568627,0.040808823529,0.105024509804,0.038786764706,0.091421568627,0.040808823529,0.105024509804,0.133210784314,0.045955882353,0.145098039216,0.058272058824,0.07521446078425001,0.03651600933065212,0.110845588236,0.04724964026039498,0.050650434176530736,0.22475490196,0.37095588235199994,"[[0.03425245098, 0.034558823529, 0.094485294118, 0.105514705882], [0.038786764706, 0.091421568627, 0.040808823529, 0.105024509804], [0.038786764706, 0.091421568627, 0.040808823529, 0.105024509804], [0.133210784314, 0.045955882353, 0.145098039216, 0.058272058824]]",1
52,288,288,22.5,22.5,22,23,1.0729166666666667,0.0,12,4.802083333333333,5.0,19.75921527777778,118.84375,365.4236111111111,1.0,0.039530812325,0.039530812325,0.05943627451,0.05943627451,0.039530812325,0.039530812325,0.05943627451,0.05943627451,0.052275910364,0.052275910364,0.062867647059,0.062867647059,0.092279411765,0.092279411765,0.053746498599,0.053746498599,0.057387955182125,0.015544212347313057,0.05274859944,0.038425713618645004,0.005934873949499986,0.19567577030799999,0.263427871149,"[[0.039530812325, 0.039530812325, 0.05943627451, 0.05943627451], [0.039530812325, 0.039530812325, 0.05943627451, 0.05943627451], [0.052275910364, 0.052275910364, 0.062867647059, 0.062867647059], [0.092279411765, 0.092279411765, 0.053746498599, 0.053746498599]]",1
86,576,576,22.5,22.5,22,23,0.9513888888888888,0.0,13,5.180555555555555,5.0,19.89597048611111,118.96875,320.7239583333333,1.0,0.03737745098,0.05031512605,0.063778011204,0.08168767507,0.058035714286,0.037972689076,0.061589635854,0.054481792717,0.058035714286,0.037972689076,0.061589635854,0.054481792717,0.083070728291,0.091894257703,0.05175070028,0.087464985994,0.060718662464875006,0.016766590462040296,0.054516806723,0.042058288783752174,0.0218562957992846,0.224404761904,0.26432072829099995,"[[0.03737745098, 0.05031512605, 0.063778011204, 0.08168767507], [0.058035714286, 0.037972689076, 0.061589635854, 0.054481792717], [0.058035714286, 0.037972689076, 0.061589635854, 0.054481792717], [0.083070728291, 0.091894257703, 0.05175070028, 0.087464985994]]",1
180,1152,1152,22.5,22.5,22,23,1.1493055555555556,0.0,15,5.458333333333333,5.0,19.95240017361111,119.55208333333333,343.58159722222223,1.0,0.03443627451,0.036151960784,0.059191176471,0.071078431373,0.038848039216,0.060784313725,0.069975490196,0.072916666667,0.044852941176,0.039828431373,0.067034313725,0.069607843137,0.107598039216,0.087745098039,0.048406862745,0.078799019608,0.0617034313725625,0.019866505820453843,0.073161764706,0.046140885788088545,0.02749962863716424,0.24105392156799998,0.28848039215800003,"[[0.03443627451, 0.036151960784, 0.059191176471, 0.071078431373], [0.038848039216, 0.060784313725, 0.069975490196, 0.072916666667], [0.044852941176, 0.039828431373, 0.067034313725, 0.069607843137], [0.107598039216, 0.087745098039, 0.048406862745, 0.078799019608]]",1
200,1152,1152,22.5,22.5,22,23,1.0329861111111112,0.0,15,5.469618055555555,5.0,20.059683159722223,120.91145833333333,337.9765625,1.0,0.032352941176,0.042156862745,0.053921568627,0.065441176471,0.041053921569,0.050490196078,0.070955882353,0.045955882353,0.044117647059,0.048039215686,0.048039215686,0.066421568627,0.059926470588,0.087867647059,0.074632352941,0.047181372549,0.0549096200979375,0.014221460538023546,0.055514705883000004,0.029391380676455102,0.02582157208320079,0.178063725489,0.244362745098,"[[0.032352941176, 0.042156862745, 0.053921568627, 0.065441176471], [0.041053921569, 0.050490196078, 0.070955882353, 0.045955882353], [0.044117647059, 0.048039215686, 0.048039215686, 0.066421568627], [0.059926470588, 0.087867647059, 0.074632352941, 0.047181372549]]",1
21,288,288,22.666666666666668,23.0,22,23,1.75,0.0,20,4.59375,4.5,20.323621527777778,119.20833333333333,367.9375,1.0,0.033026960784,0.033026960784,0.095465686275,0.095465686275,0.033026960784,0.033026960784,0.095465686275,0.095465686275,0.04375,0.115318627451,0.055637254902,0.138602941176,0.115318627451,0.04375,0.138602941176,0.055637254902,0.076286764705875,0.03769999802338072,0.105575980392,0.04816176470549996,0.08002450980450002,0.177328431372,0.42156862745199997,"[[0.033026960784, 0.033026960784, 0.095465686275, 0.095465686275], [0.033026960784, 0.033026960784, 0.095465686275, 0.095465686275], [0.04375, 0.115318627451, 0.055637254902, 0.138602941176], [0.115318627451, 0.04375, 0.138602941176, 0.055637254902]]",1
51,288,288,22.666666666666668,23.0,22,23,1.9375,0.0,16,4.666666666666667,5.0,20.266475694444445,120.92013888888889,416.5763888888889,1.0,0.042226890756,0.042226890756,0.055392156863,0.055392156863,0.042226890756,0.042226890756,0.055392156863,0.055392156863,0.046638655462,0.046638655462,0.061029411765,0.061029411765,0.095098039216,0.095098039216,0.049824929972,0.049824929972,0.055978641456625,0.016046223419395888,0.05287114846,0.038939746088989424,0.0022759103635,0.195308123249,0.252521008404,"[[0.042226890756, 0.042226890756, 0.055392156863, 0.055392156863], [0.042226890756, 0.042226890756, 0.055392156863, 0.055392156863], [0.046638655462, 0.046638655462, 0.061029411765, 0.061029411765], [0.095098039216, 0.095098039216, 0.049824929972, 0.049824929972]]",1
35,576,576,23.0,23.0,23,23,2.2552083333333335,0.0,31,4.491319444444445,4.0,20.399854166666668,118.06597222222223,358.5677083333333,1.0,0.03125,0.041911764706,0.064583333333,0.066911764706,0.03125,0.041911764706,0.064583333333,0.066911764706,0.031495098039,0.072303921569,0.033946078431,0.070588235294,0.097549019608,0.120220588235,0.096446078431,0.050980392157,0.061427696078375005,0.02575532819060265,0.088970588235,0.06900119257021987,0.032241922749151546,0.158088235294,0.301348039216,"[[0.03125, 0.041911764706, 0.064583333333, 0.066911764706], [0.03125, 0.041911764706, 0.064583333333, 0.066911764706], [0.031495098039, 0.072303921569, 0.033946078431, 0.070588235294], [0.097549019608, 0.120220588235, 0.096446078431, 0.050980392157]]",1
36,576,576,23.0,23.0,23,23,2.7604166666666665,0.0,44,4.482638888888889,4.0,20.493571180555556,120.5625,404.94965277777777,1.0,0.037254901961,0.039705882353,0.061151960784,0.066911764706,0.039460784314,0.05306372549,0.039950980392,0.061519607843,0.039460784314,0.05306372549,0.039950980392,0.061519607843,0.106740196078,0.062745098039,0.095955882353,0.046446078431,0.0565563725489375,0.019694155540866922,0.069485294117,0.049661393101545104,0.011641834360795283,0.17671568627400003,0.26666666666600003,"[[0.037254901961, 0.039705882353, 0.061151960784, 0.066911764706], [0.039460784314, 0.05306372549, 0.039950980392, 0.061519607843], [0.039460784314, 0.05306372549, 0.039950980392, 0.061519607843], [0.106740196078, 0.062745098039, 0.095955882353, 0.046446078431]]",1
73,576,576,23.0,23.0,23,23,2.217013888888889,0.0,28,4.505208333333333,4.0,19.90511284722222,118.11631944444444,367.33680555555554,1.0,0.025735294118,0.053308823529,0.065931372549,0.111274509804,0.050490196078,0.059681372549,0.10012254902,0.044607843137,0.050490196078,0.059681372549,0.10012254902,0.044607843137,0.053676470588,0.067892156863,0.061029411765,0.112132352941,0.06629901960781251,0.024929803710868878,0.086397058823,0.01706052258006732,0.05893416627876912,0.297671568628,0.32475490196100004,"[[0.025735294118, 0.053308823529, 0.065931372549, 0.111274509804], [0.050490196078, 0.059681372549, 0.10012254902, 0.044607843137], [0.050490196078, 0.059681372549, 0.10012254902, 0.044607843137], [0.053676470588, 0.067892156863, 0.061029411765, 0.112132352941]]",1
103,576,576,23.0,23.0,23,23,2.0225694444444446,0.0,33,4.486111111111111,4.0,20.230786458333334,117.109375,325.3732638888889,1.0,0.040388655462,0.047128851541,0.047426470588,0.06237745098,0.040388655462,0.047128851541,0.047426470588,0.06237745098,0.071761204482,0.052468487395,0.044485294118,0.05,0.083455882353,0.08431372549,0.053991596639,0.051663165266,0.0554238883053125,0.013406334213637381,0.043925070028,0.031116515490894087,0.016723414371522964,0.183665966387,0.245728291316,"[[0.040388655462, 0.047128851541, 0.047426470588, 0.06237745098], [0.040388655462, 0.047128851541, 0.047426470588, 0.06237745098], [0.071761204482, 0.052468487395, 0.044485294118, 0.05], [0.083455882353, 0.08431372549, 0.053991596639, 0.051663165266]]",1
170,576,576,23.0,23.0,23,23,1.9131944444444444,0.0,23,5.019097222222222,5.0,20.117626736111113,118.43923611111111,374.2204861111111,1.0,0.042156862745,0.042361111111,0.057107843137,0.081781045752,0.042156862745,0.057107843137,0.042361111111,0.081781045752,0.085620915033,0.04489379085,0.119199346405,0.055065359477,0.085620915033,0.119199346405,0.04489379085,0.055065359477,0.06602328431375,0.025582193456089253,0.07704248366,0.04068627451000001,0.006434439487106274,0.27352941176400003,0.254656862746,"[[0.042156862745, 0.042361111111, 0.057107843137, 0.081781045752], [0.042156862745, 0.057107843137, 0.042361111111, 0.081781045752], [0.085620915033, 0.04489379085, 0.119199346405, 0.055065359477], [0.085620915033, 0.119199346405, 0.04489379085, 0.055065359477]]",1
171,1152,1152,23.0,23.0,23,23,1.5286458333333333,0.0,16,5.026041666666667,5.0,19.955522569444444,118.11892361111111,312.7517361111111,1.0,0.032720588235,0.048651960784,0.050857843137,0.089093137255,0.036397058824,0.068259803922,0.103799019608,0.049632352941,0.049019607843,0.048039215686,0.043137254902,0.094607843137,0.119362745098,0.085661764706,0.044117647059,0.059926470588,0.0639552696078125,0.025475715678411354,0.086642156863,0.033437416347089896,0.02212417131554615,0.20404411764699998,0.360294117647,"[[0.032720588235, 0.048651960784, 0.050857843137, 0.089093137255], [0.036397058824, 0.068259803922, 0.103799019608, 0.049632352941], [0.049019607843, 0.048039215686, 0.043137254902, 0.094607843137], [0.119362745098, 0.085661764706, 0.044117647059, 0.059926470588]]",1
190,576,576,23.0,23.0,23,23,1.4739583333333333,0.0,12,4.967013888888889,5.0,19.66351909722222,117.96354166666667,290.30034722222223,1.0,0.041053921569,0.050857843137,0.054534313725,0.098651960784,0.045955882353,0.103553921569,0.072916666667,0.045955882353,0.050857843137,0.041053921569,0.054534313725,0.098651960784,0.103553921569,0.045955882353,0.072916666667,0.045955882353,0.06418504901962499,0.02314228402552115,0.06249999999999999,0.011642156863500008,0.019540709214166122,0.24509803921599999,0.316176470589,"[[0.041053921569, 0.050857843137, 0.054534313725, 0.098651960784], [0.045955882353, 0.103553921569, 0.072916666667, 0.045955882353], [0.050857843137, 0.041053921569, 0.054534313725, 0.098651960784], [0.103553921569, 0.045955882353, 0.072916666667, 0.045955882353]]",1
268,576,576,23.0,23.0,23,23,1.6180555555555556,0.0,24,4.907986111111111,5.0,20.125503472222224,116.81597222222223,309.13368055555554,1.0,0.030514705882,0.042769607843,0.054534313725,0.063112745098,0.030514705882,0.063112745098,0.054534313725,0.042769607843,0.065931372549,0.069975490196,0.047181372549,0.072058823529,0.065931372549,0.072058823529,0.047181372549,0.069975490196,0.055759803921375,0.01372234404596178,0.041544117647,0.03210784313750001,0.0251549587695286,0.21078431372499998,0.253553921568,"[[0.030514705882, 0.042769607843, 0.054534313725, 0.063112745098], [0.030514705882, 0.063112745098, 0.054534313725, 0.042769607843], [0.065931372549, 0.069975490196, 0.047181372549, 0.072058823529], [0.065931372549, 0.072058823529, 0.047181372549, 0.069975490196]]",1
410,288,288,21.166666666666668,21.0,21,22,0.1736111111111111,0.0,5,5.104166666666667,5.0,19.615722222222225,119.99305555555556,373.50694444444446,1.0,0.039950980392,0.058455882353,0.071446078431,0.078799019608,0.039950980392,0.058455882353,0.078799019608,0.071446078431,0.058455882353,0.039950980392,0.071446078431,0.078799019608,0.058455882353,0.039950980392,0.078799019608,0.071446078431,0.062162990195999995,0.014748298460062677,0.038848039216,0.0,0.051838235293999994,0.24129901960699995,0.25600490196099995,"[[0.039950980392, 0.058455882353, 0.071446078431, 0.078799019608], [0.039950980392, 0.058455882353, 0.078799019608, 0.071446078431], [0.058455882353, 0.039950980392, 0.071446078431, 0.078799019608], [0.058455882353, 0.039950980392, 0.078799019608, 0.071446078431]]",2
197,1152,1152,22.0,22.0,22,22,0.4730902777777778,0.0,10,5.834201388888889,6.0,20.187377604166667,121.0859375,370.46875,1.0,0.025367647059,0.034558823529,0.076348039216,0.089460784314,0.037009803922,0.066421568627,0.087745098039,0.077696078431,0.053921568627,0.046078431373,0.091176470588,0.064828431373,0.055514705882,0.049754901961,0.069607843137,0.090931372549,0.0635263480391875,0.020669722090895105,0.065808823529,0.017055129931372495,0.07035255731324205,0.273897058823,0.278799019608,"[[0.025367647059, 0.034558823529, 0.076348039216, 0.089460784314], [0.037009803922, 0.066421568627, 0.087745098039, 0.077696078431], [0.053921568627, 0.046078431373, 0.091176470588, 0.064828431373], [0.055514705882, 0.049754901961, 0.069607843137, 0.090931372549]]",2
61,288,288,22.083333333333332,22.0,22,23,0.9409722222222222,0.0,15,5.402777777777778,5.0,19.839315972222224,119.0625,372.3888888888889,1.0,0.037745098039,0.037745098039,0.086642156863,0.086642156863,0.037745098039,0.037745098039,0.086642156863,0.086642156863,0.045588235294,0.065073529412,0.082598039216,0.092279411765,0.065073529412,0.045588235294,0.092279411765,0.082598039216,0.066789215686375,0.021873197734504055,0.054534313726,0.018382352941499994,0.0810049019615,0.24068627451000002,0.30343137255,"[[0.037745098039, 0.037745098039, 0.086642156863, 0.086642156863], [0.037745098039, 0.037745098039, 0.086642156863, 0.086642156863], [0.045588235294, 0.065073529412, 0.082598039216, 0.092279411765], [0.065073529412, 0.045588235294, 0.092279411765, 0.082598039216]]",2
172,576,576,22.083333333333332,22.0,22,23,0.796875,0.0,11,5.746527777777778,6.0,19.883114583333334,119.12673611111111,388.11805555555554,1.0,0.028125,0.028125,0.080269607843,0.080269607843,0.038848039216,0.076348039216,0.063051470588,0.101409313725,0.055943627451,0.055943627451,0.102573529412,0.102573529412,0.076348039216,0.038848039216,0.101409313725,0.063051470588,0.068321078431375,0.025349102521123934,0.074448529412,0.03601033658738949,0.0740196078425,0.270098039216,0.27561274509800004,"[[0.028125, 0.028125, 0.080269607843, 0.080269607843], [0.038848039216, 0.076348039216, 0.063051470588, 0.101409313725], [0.055943627451, 0.055943627451, 0.102573529412, 0.102573529412], [0.076348039216, 0.038848039216, 0.101409313725, 0.063051470588]]",2
191,1152,1152,22.166666666666668,22.0,22,23,0.8133680555555556,0.0,15,5.723958333333333,6.0,20.05024652777778,119.4921875,394.60069444444446,1.0,0.021078431373,0.029105392157,0.071384803922,0.088602941176,0.033333333333,0.075612745098,0.088112745098,0.068259803922,0.054779411765,0.067156862745,0.098774509804,0.097426470588,0.066421568627,0.040134803922,0.046446078431,0.099387254902,0.0653760723039375,0.024901930523419043,0.078308823529,0.03853558683503062,0.07104612780916172,0.294852941177,0.310294117646,"[[0.021078431373, 0.029105392157, 0.071384803922, 0.088602941176], [0.033333333333, 0.075612745098, 0.088112745098, 0.068259803922], [0.054779411765, 0.067156862745, 0.098774509804, 0.097426470588], [0.066421568627, 0.040134803922, 0.046446078431, 0.099387254902]]",2
84,576,576,22.25,22.0,22,23,0.8628472222222222,0.0,12,5.34375,5.0,19.676390625,119.64756944444444,381.36284722222223,1.0,0.032843137255,0.039338235294,0.079411764706,0.095833333333,0.048529411765,0.074019607843,0.082107843137,0.096691176471,0.064705882353,0.046078431373,0.080147058824,0.067279411765,0.064705882353,0.046078431373,0.080147058824,0.067279411765,0.066574754902125,0.018785684476725992,0.063848039216,0.020708971378994988,0.05820917180436641,0.254289215687,0.28872549019599997,"[[0.032843137255, 0.039338235294, 0.079411764706, 0.095833333333], [0.048529411765, 0.074019607843, 0.082107843137, 0.096691176471], [0.064705882353, 0.046078431373, 0.080147058824, 0.067279411765], [0.064705882353, 0.046078431373, 0.080147058824, 0.067279411765]]",2
178,576,576,22.333333333333332,22.0,22,23,0.8836805555555556,0.0,11,5.538194444444445,6.0,19.700578125,119.69097222222223,354.109375,1.0,0.032046568627,0.035416666667,0.078125,0.085232843137,0.035416666667,0.032046568627,0.078125,0.085232843137,0.047549019608,0.067156862745,0.090073529412,0.09068627451,0.067156862745,0.047549019608,0.090073529412,0.09068627451,0.06578584558825,0.0227361241732307,0.058639705883,0.032322303922000015,0.08115808823539751,0.24485294117599998,0.297671568627,"[[0.032046568627, 0.035416666667, 0.078125, 0.085232843137], [0.035416666667, 0.032046568627, 0.078125, 0.085232843137], [0.047549019608, 0.067156862745, 0.090073529412, 0.09068627451], [0.067156862745, 0.047549019608, 0.090073529412, 0.09068627451]]",2
27,576,576,22.416666666666668,22.0,22,23,1.078125,0.0,11,5.059027777777778,5.0,20.119819444444445,118.40972222222223,337.77430555555554,1.0,0.027591036415,0.030575980392,0.077888655462,0.08443627451,0.027591036415,0.030575980392,0.077888655462,0.08443627451,0.040948879552,0.075735294118,0.098538165266,0.069669117647,0.074667366947,0.064276960784,0.097058823529,0.127521008403,0.06808746936275,0.028477049811637765,0.09992997198800002,0.058839890574255725,0.08718810863629535,0.284226190476,0.312727591037,"[[0.027591036415, 0.030575980392, 0.077888655462, 0.08443627451], [0.027591036415, 0.030575980392, 0.077888655462, 0.08443627451], [0.040948879552, 0.075735294118, 0.098538165266, 0.069669117647], [0.074667366947, 0.064276960784, 0.097058823529, 0.127521008403]]",2
0,24,24,23.0,23.0,23,23,5.125,6.0,11,1.0,1.0,17.990291666666668,105.79166666666667,386.4166666666667,1.0,0.047794117647,0.047794117647,0.125,0.125,0.047794117647,0.047794117647,0.125,0.125,0.047794117647,0.047794117647,0.125,0.125,0.047794117647,0.047794117647,0.125,0.125,0.0863970588235,0.038602941176500004,0.077205882353,0.0,0.15441176470600002,0.345588235294,0.34558823529399996,"[[0.047794117647, 0.047794117647, 0.125, 0.125], [0.047794117647, 0.047794117647, 0.125, 0.125], [0.047794117647, 0.047794117647, 0.125, 0.125], [0.047794117647, 0.047794117647, 0.125, 0.125]]",2
3,192,192,23.0,23.0,23,23,2.5989583333333335,0.0,17,3.578125,3.0,19.644328125,115.82291666666667,414.1979166666667,1.0,0.028571428571,0.041176470588,0.077275910364,0.099264705882,0.028571428571,0.041176470588,0.077275910364,0.099264705882,0.028571428571,0.041176470588,0.077275910364,0.099264705882,0.076628151261,0.095588235294,0.135661764706,0.11906512605,0.072863051470375,0.03321882361219254,0.10709033613499999,0.07822580656261263,0.10417559145355468,0.266088935573,0.294345238095,"[[0.028571428571, 0.041176470588, 0.077275910364, 0.099264705882], [0.028571428571, 0.041176470588, 0.077275910364, 0.099264705882], [0.028571428571, 0.041176470588, 0.077275910364, 0.099264705882], [0.076628151261, 0.095588235294, 0.135661764706, 0.11906512605]]",2
17,576,576,23.0,23.0,23,23,2.5538194444444446,0.0,32,4.460069444444445,4.0,20.021368055555556,118.43576388888889,391.7083333333333,1.0,0.029595588235,0.036703431373,0.080637254902,0.093933823529,0.029595588235,0.036703431373,0.080637254902,0.093933823529,0.046323529412,0.086029411765,0.133823529412,0.088112745098,0.080147058824,0.051960784314,0.065808823529,0.119240196078,0.07207414215687499,0.030490830397167188,0.10422794117699999,0.04920997426191169,0.09103905530665204,0.319362745098,0.34074754902000004,"[[0.029595588235, 0.036703431373, 0.080637254902, 0.093933823529], [0.029595588235, 0.036703431373, 0.080637254902, 0.093933823529], [0.046323529412, 0.086029411765, 0.133823529412, 0.088112745098], [0.080147058824, 0.051960784314, 0.065808823529, 0.119240196078]]",2
18,576,576,23.0,23.0,23,23,2.017361111111111,0.0,23,4.496527777777778,4.0,19.918340277777776,118.17708333333333,358.43055555555554,1.0,0.021568627451,0.038725490196,0.066299019608,0.098406862745,0.021568627451,0.038725490196,0.066299019608,0.098406862745,0.052573529412,0.094240196078,0.132843137255,0.089338235294,0.066666666667,0.051715686275,0.041053921569,0.11568627451,0.06838235294125,0.032337909182370214,0.111274509804,0.05879294803502392,0.09002349550723962,0.30882352941200003,0.325612745098,"[[0.021568627451, 0.038725490196, 0.066299019608, 0.098406862745], [0.021568627451, 0.038725490196, 0.066299019608, 0.098406862745], [0.052573529412, 0.094240196078, 0.132843137255, 0.089338235294], [0.066666666667, 0.051715686275, 0.041053921569, 0.11568627451]]",2
19,576,576,23.0,23.0,23,23,2.154513888888889,0.0,27,4.463541666666667,4.0,20.26538368055556,116.43402777777777,357.3125,1.0,0.03125,0.035539215686,0.075857843137,0.096078431373,0.042279411765,0.101715686275,0.152450980392,0.079534313725,0.067156862745,0.045343137255,0.045588235294,0.098284313725,0.067156862745,0.045343137255,0.045588235294,0.098284313725,0.0704656862744375,0.03170901119633806,0.121200980392,0.054814355876664146,0.0670062470363151,0.276838235294,0.361029411765,"[[0.03125, 0.035539215686, 0.075857843137, 0.096078431373], [0.042279411765, 0.101715686275, 0.152450980392, 0.079534313725], [0.067156862745, 0.045343137255, 0.045588235294, 0.098284313725], [0.067156862745, 0.045343137255, 0.045588235294, 0.098284313725]]",2
20,576,576,23.0,23.0,23,23,2.3020833333333335,0.0,43,4.475694444444445,4.0,20.028288194444443,117.703125,356.6892361111111,1.0,0.024509803922,0.037867647059,0.065196078431,0.103799019608,0.047181372549,0.106862745098,0.141299019608,0.08137254902,0.058088235294,0.046691176471,0.03137254902,0.098161764706,0.058088235294,0.046691176471,0.03137254902,0.098161764706,0.0672947303923125,0.0327713205457451,0.11678921568600001,0.06209798983031207,0.07104850092460811,0.260906862746,0.349877450981,"[[0.024509803922, 0.037867647059, 0.065196078431, 0.103799019608], [0.047181372549, 0.106862745098, 0.141299019608, 0.08137254902], [0.058088235294, 0.046691176471, 0.03137254902, 0.098161764706], [0.058088235294, 0.046691176471, 0.03137254902, 0.098161764706]]",2
40,576,576,23.0,23.0,23,23,1.8090277777777777,0.0,27,4.548611111111111,4.0,20.03392708333333,117.41666666666667,321.66840277777777,1.0,0.033026960784,0.044852941176,0.079289215686,0.094485294118,0.033210784314,0.052757352941,0.103982843137,0.077389705882,0.033210784314,0.052757352941,0.103982843137,0.077389705882,0.068504901961,0.064093137255,0.085355392157,0.114338235294,0.0699142156861875,0.025792765980005017,0.08131127451,0.031056143718193357,0.09002148314564049,0.304105392156,0.319730392157,"[[0.033026960784, 0.044852941176, 0.079289215686, 0.094485294118], [0.033210784314, 0.052757352941, 0.103982843137, 0.077389705882], [0.033210784314, 0.052757352941, 0.103982843137, 0.077389705882], [0.068504901961, 0.064093137255, 0.085355392157, 0.114338235294]]",2
53,288,288,23.0,23.0,23,23,2.2569444444444446,0.0,13,4.034722222222222,4.0,20.51532291666667,116.34027777777777,403.7986111111111,1.0,0.034097805789,0.05829248366,0.073360177404,0.11203898226,0.034097805789,0.05829248366,0.073360177404,0.11203898226,0.061904761905,0.059068627451,0.100163398693,0.060247432306,0.061904761905,0.059068627451,0.100163398693,0.060247432306,0.06989670868350001,0.023437379172618837,0.077941176471,0.0017973856210000139,0.06792912007358463,0.252801120448,0.30637254902,"[[0.034097805789, 0.05829248366, 0.073360177404, 0.11203898226], [0.034097805789, 0.05829248366, 0.073360177404, 0.11203898226], [0.061904761905, 0.059068627451, 0.100163398693, 0.060247432306], [0.061904761905, 0.059068627451, 0.100163398693, 0.060247432306]]",2
169,576,576,23.0,23.0,23,23,1.5902777777777777,0.0,20,4.975694444444445,5.0,20.54854166666667,118.94444444444444,332.671875,1.0,0.023284313725,0.047671568627,0.06568627451,0.100980392157,0.023284313725,0.047671568627,0.100980392157,0.06568627451,0.05318627451,0.063235294118,0.061274509804,0.111642156863,0.05318627451,0.063235294118,0.111642156863,0.061274509804,0.06587009803925001,0.02660245386653869,0.08835784313799999,0.025857843138,0.07990360540585113,0.19350490196,0.318382352942,"[[0.023284313725, 0.047671568627, 0.06568627451, 0.100980392157], [0.023284313725, 0.047671568627, 0.100980392157, 0.06568627451], [0.05318627451, 0.063235294118, 0.061274509804, 0.111642156863], [0.05318627451, 0.063235294118, 0.111642156863, 0.061274509804]]",2
1,192,192,23.166666666666668,23.0,23,24,4.4375,0.0,61,3.0208333333333335,3.0,20.339140625000002,118.27604166666667,495.3802083333333,1.0,0.035171568627,0.04375,0.10012254902,0.118504901961,0.035171568627,0.04375,0.10012254902,0.118504901961,0.035171568627,0.04375,0.10012254902,0.118504901961,0.122426470588,0.059926470588,0.052573529412,0.159191176471,0.0804227941176875,0.039415361275686366,0.12401960784400001,0.041815442290580644,0.12654484396772603,0.338235294118,0.384803921569,"[[0.035171568627, 0.04375, 0.10012254902, 0.118504901961], [0.035171568627, 0.04375, 0.10012254902, 0.118504901961], [0.035171568627, 0.04375, 0.10012254902, 0.118504901961], [0.122426470588, 0.059926470588, 0.052573529412, 0.159191176471]]",2
2,96,96,23.166666666666668,23.0,23,24,4.125,0.0,45,3.0625,3.0,18.821270833333333,110.51041666666667,474.6979166666667,1.0,0.04068627451,0.04068627451,0.100735294118,0.100735294118,0.04068627451,0.04068627451,0.100735294118,0.100735294118,0.04068627451,0.04068627451,0.100735294118,0.100735294118,0.076470588235,0.076470588235,0.124264705882,0.124264705882,0.07812500000012501,0.03136530773884531,0.083578431372,0.051367193066570595,0.11397058823550002,0.30637254902,0.318627450981,"[[0.04068627451, 0.04068627451, 0.100735294118, 0.100735294118], [0.04068627451, 0.04068627451, 0.100735294118, 0.100735294118], [0.04068627451, 0.04068627451, 0.100735294118, 0.100735294118], [0.076470588235, 0.076470588235, 0.124264705882, 0.124264705882]]",2
16,144,144,23.166666666666668,23.0,23,24,2.388888888888889,0.0,41,3.5,3.0,20.548729166666664,122.22916666666667,353.15972222222223,1.0,0.037316176471,0.047487745098,0.099816176471,0.129105392157,0.037316176471,0.047487745098,0.099816176471,0.129105392157,0.099816176471,0.047487745098,0.037316176471,0.129105392157,0.099816176471,0.047487745098,0.037316176471,0.129105392157,0.07843137254925,0.03766010332690626,0.09178921568600001,0.0,0.12198374531671051,0.251225490197,0.376225490197,"[[0.037316176471, 0.047487745098, 0.099816176471, 0.129105392157], [0.037316176471, 0.047487745098, 0.099816176471, 0.129105392157], [0.099816176471, 0.047487745098, 0.037316176471, 0.129105392157], [0.099816176471, 0.047487745098, 0.037316176471, 0.129105392157]]",2
39,72,72,23.166666666666668,23.0,23,24,1.5138888888888888,0.0,9,3.5,3.0,20.77738888888889,116.15277777777777,279.2361111111111,1.0,0.049448529412,0.049448529412,0.101286764706,0.101286764706,0.049448529412,0.049448529412,0.101286764706,0.101286764706,0.049448529412,0.049448529412,0.101286764706,0.101286764706,0.049448529412,0.049448529412,0.101286764706,0.101286764706,0.075367647059,0.025919117646999997,0.051838235293999994,0.0,0.10367647058799999,0.301470588236,0.301470588236,"[[0.049448529412, 0.049448529412, 0.101286764706, 0.101286764706], [0.049448529412, 0.049448529412, 0.101286764706, 0.101286764706], [0.049448529412, 0.049448529412, 0.101286764706, 0.101286764706], [0.049448529412, 0.049448529412, 0.101286764706, 0.101286764706]]",2
59,576,576,22.0,22.0,22,22,0.3055555555555556,0.0,6,5.480902777777778,6.0,19.650697916666665,121.47222222222223,390.56944444444446,1.0,0.025735294118,0.033578431373,0.052573529412,0.06887254902,0.025735294118,0.033578431373,0.052573529412,0.06887254902,0.046691176471,0.048529411765,0.072794117647,0.073161764706,0.105514705882,0.100980392157,0.059558823529,0.07806372549,0.0591758578433125,0.023351010439770784,0.079779411764,0.06674054374138025,0.03249900877946271,0.21017156862800002,0.275490196079,"[[0.025735294118, 0.033578431373, 0.052573529412, 0.06887254902], [0.025735294118, 0.033578431373, 0.052573529412, 0.06887254902], [0.046691176471, 0.048529411765, 0.072794117647, 0.073161764706], [0.105514705882, 0.100980392157, 0.059558823529, 0.07806372549]]",3
66,576,576,22.0,22.0,22,22,0.4357638888888889,0.0,10,5.506944444444445,5.0,19.942227430555555,119.50868055555556,428.1892361111111,1.0,0.034926470588,0.039338235294,0.058700980392,0.070098039216,0.034926470588,0.039338235294,0.058700980392,0.070098039216,0.049142156863,0.054901960784,0.074754901961,0.05637254902,0.062009803922,0.09056372549,0.070343137255,0.061397058824,0.057850796568687496,0.015137809593752233,0.055637254902,0.03324144980613579,0.03265458558947617,0.21041666666699999,0.245710784314,"[[0.034926470588, 0.039338235294, 0.058700980392, 0.070098039216], [0.034926470588, 0.039338235294, 0.058700980392, 0.070098039216], [0.049142156863, 0.054901960784, 0.074754901961, 0.05637254902], [0.062009803922, 0.09056372549, 0.070343137255, 0.061397058824]]",3
67,576,576,22.0,22.0,22,22,0.3472222222222222,0.0,11,5.446180555555555,5.0,19.891901041666667,118.5625,362.796875,1.0,0.039338235294,0.039338235294,0.052083333333,0.073039215686,0.039338235294,0.039338235294,0.052083333333,0.073039215686,0.054289215686,0.058700980392,0.088112745098,0.076838235294,0.110171568627,0.072671568627,0.05012254902,0.056004901961,0.0609068627449375,0.01946037336879914,0.07083333333300001,0.04001886975039522,0.02436661605746636,0.222794117647,0.293995098038,"[[0.039338235294, 0.039338235294, 0.052083333333, 0.073039215686], [0.039338235294, 0.039338235294, 0.052083333333, 0.073039215686], [0.054289215686, 0.058700980392, 0.088112745098, 0.076838235294], [0.110171568627, 0.072671568627, 0.05012254902, 0.056004901961]]",3
60,576,576,22.083333333333332,22.0,22,23,0.7013888888888888,0.0,10,5.425347222222222,5.0,19.842901041666668,120.65625,391.42534722222223,1.0,0.02906162465,0.03531162465,0.052766106443,0.067226890756,0.02906162465,0.03531162465,0.052766106443,0.067226890756,0.0481267507,0.055164565826,0.074509803922,0.063988095238,0.065021008403,0.099159663866,0.05406162465,0.085049019608,0.0571133140756875,0.01907450393537493,0.070098039216,0.049157684896850226,0.039822005928490604,0.22393207283,0.24017857142800003,"[[0.02906162465, 0.03531162465, 0.052766106443, 0.067226890756], [0.02906162465, 0.03531162465, 0.052766106443, 0.067226890756], [0.0481267507, 0.055164565826, 0.074509803922, 0.063988095238], [0.065021008403, 0.099159663866, 0.05406162465, 0.085049019608]]",3
69,576,576,22.083333333333332,22.0,22,23,0.8993055555555556,0.0,15,5.378472222222222,5.0,19.87254340277778,117.61111111111111,389.5625,1.0,0.033946078431,0.03431372549,0.054166666667,0.064705882353,0.033946078431,0.03431372549,0.054166666667,0.064705882353,0.047671568627,0.047794117647,0.075245098039,0.063112745098,0.065441176471,0.106004901961,0.070955882353,0.05637254902,0.056678921568625,0.01843125643685364,0.07205882353000001,0.04576209140280515,0.02904204923605219,0.19987745097999998,0.232107843138,"[[0.033946078431, 0.03431372549, 0.054166666667, 0.064705882353], [0.033946078431, 0.03431372549, 0.054166666667, 0.064705882353], [0.047671568627, 0.047794117647, 0.075245098039, 0.063112745098], [0.065441176471, 0.106004901961, 0.070955882353, 0.05637254902]]",3
7,192,192,22.166666666666668,22.0,22,23,1.109375,0.0,11,4.166666666666667,4.0,20.009208333333333,118.96875,424.765625,1.0,0.037793242297,0.047995448179,0.072680322129,0.074641106443,0.037793242297,0.047995448179,0.072680322129,0.074641106443,0.037793242297,0.047995448179,0.072680322129,0.074641106443,0.098634453782,0.157208508403,0.069117647059,0.078532037815,0.0689264377626875,0.028647630942802697,0.11941526610599999,0.07377779880926988,0.037259293926123385,0.23700105041999997,0.293951330533,"[[0.037793242297, 0.047995448179, 0.072680322129, 0.074641106443], [0.037793242297, 0.047995448179, 0.072680322129, 0.074641106443], [0.037793242297, 0.047995448179, 0.072680322129, 0.074641106443], [0.098634453782, 0.157208508403, 0.069117647059, 0.078532037815]]",3
8,96,96,22.166666666666668,22.0,22,23,1.03125,0.0,10,4.25,4.0,19.192552083333336,113.125,439.4166666666667,1.0,0.031862745098,0.031862745098,0.064338235294,0.064338235294,0.031862745098,0.031862745098,0.064338235294,0.064338235294,0.031862745098,0.031862745098,0.064338235294,0.064338235294,0.152573529412,0.152573529412,0.088235294118,0.088235294118,0.06617647058824999,0.03790362130945232,0.12071078431400001,0.12523406574398324,0.016544117646999992,0.21629901960800002,0.313112745098,"[[0.031862745098, 0.031862745098, 0.064338235294, 0.064338235294], [0.031862745098, 0.031862745098, 0.064338235294, 0.064338235294], [0.031862745098, 0.031862745098, 0.064338235294, 0.064338235294], [0.152573529412, 0.152573529412, 0.088235294118, 0.088235294118]]",3
10,96,96,22.166666666666668,22.0,22,23,1.5,0.0,17,4.208333333333333,4.0,19.215666666666667,115.27083333333333,463.9895833333333,1.0,0.032352941176,0.032352941176,0.068014705882,0.068014705882,0.032352941176,0.032352941176,0.068014705882,0.068014705882,0.032352941176,0.032352941176,0.068014705882,0.068014705882,0.113602941176,0.113602941176,0.091176470588,0.091176470588,0.06323529411725,0.027944804331081142,0.08125,0.09042324068935946,0.042279411765,0.223897058822,0.281985294116,"[[0.032352941176, 0.032352941176, 0.068014705882, 0.068014705882], [0.032352941176, 0.032352941176, 0.068014705882, 0.068014705882], [0.032352941176, 0.032352941176, 0.068014705882, 0.068014705882], [0.113602941176, 0.113602941176, 0.091176470588, 0.091176470588]]",3
13,192,192,22.166666666666668,22.0,22,23,1.2291666666666667,0.0,12,4.197916666666667,4.0,19.388927083333332,116.515625,501.4114583333333,1.0,0.031862745098,0.035801820728,0.0625,0.063550420168,0.031862745098,0.035801820728,0.0625,0.063550420168,0.031862745098,0.035801820728,0.0625,0.063550420168,0.06906512605,0.128151260504,0.081932773109,0.082720588235,0.058938419117499995,0.024867585140685985,0.096288515406,0.07281314778809385,0.043602471366563644,0.212885154061,0.230917366946,"[[0.031862745098, 0.035801820728, 0.0625, 0.063550420168], [0.031862745098, 0.035801820728, 0.0625, 0.063550420168], [0.031862745098, 0.035801820728, 0.0625, 0.063550420168], [0.06906512605, 0.128151260504, 0.081932773109, 0.082720588235]]",3
43,288,288,22.166666666666668,22.0,22,23,0.71875,0.0,16,5.204861111111111,5.0,20.288083333333333,119.71875,377.62152777777777,1.0,0.032046568627,0.032046568627,0.071262254902,0.071262254902,0.032046568627,0.032046568627,0.071262254902,0.071262254902,0.066053921569,0.066053921569,0.095465686275,0.095465686275,0.118014705882,0.118014705882,0.060416666667,0.060416666667,0.068321078431375,0.027209573753835283,0.085968137255,0.06773070453844549,0.025122549020500026,0.219975490196,0.326593137255,"[[0.032046568627, 0.032046568627, 0.071262254902, 0.071262254902], [0.032046568627, 0.032046568627, 0.071262254902, 0.071262254902], [0.066053921569, 0.066053921569, 0.095465686275, 0.095465686275], [0.118014705882, 0.118014705882, 0.060416666667, 0.060416666667]]",3
45,288,288,22.166666666666668,22.0,22,23,0.6979166666666666,0.0,11,5.131944444444445,5.0,20.238416666666666,118.4375,397.7395833333333,1.0,0.032414215686,0.032414215686,0.05943627451,0.05943627451,0.032414215686,0.032414215686,0.05943627451,0.05943627451,0.043995098039,0.043995098039,0.070036764706,0.070036764706,0.122120098039,0.122120098039,0.076470588235,0.076470588235,0.062040441176375,0.027332123393239035,0.08970588235299999,0.08792206795006502,0.017218137255500005,0.211335784313,0.284987745098,"[[0.032414215686, 0.032414215686, 0.05943627451, 0.05943627451], [0.032414215686, 0.032414215686, 0.05943627451, 0.05943627451], [0.043995098039, 0.043995098039, 0.070036764706, 0.070036764706], [0.122120098039, 0.122120098039, 0.076470588235, 0.076470588235]]",3
47,288,288,22.166666666666668,22.0,22,23,0.4722222222222222,0.0,10,5.246527777777778,5.0,20.139243055555553,119.37152777777777,376.38194444444446,1.0,0.033946078431,0.033946078431,0.06875,0.06875,0.043259803922,0.043259803922,0.075,0.075,0.043259803922,0.043259803922,0.075,0.075,0.103308823529,0.103308823529,0.070955882353,0.070955882353,0.064185049019625,0.021276178374560435,0.069362745098,0.05449684767176185,0.0329656862745,0.22316176470599997,0.290318627451,"[[0.033946078431, 0.033946078431, 0.06875, 0.06875], [0.043259803922, 0.043259803922, 0.075, 0.075], [0.043259803922, 0.043259803922, 0.075, 0.075], [0.103308823529, 0.103308823529, 0.070955882353, 0.070955882353]]",3
49,288,288,22.166666666666668,22.0,22,23,0.8020833333333334,0.0,12,5.225694444444445,5.0,19.93053472222222,119.97222222222223,463.8298611111111,1.0,0.035171568627,0.035171568627,0.063970588235,0.063970588235,0.035171568627,0.035171568627,0.063970588235,0.063970588235,0.038112745098,0.038112745098,0.062867647059,0.062867647059,0.113602941176,0.113602941176,0.076838235294,0.076838235294,0.061213235293875,0.024740489155074544,0.07843137254900001,0.07855095815879751,0.0227941176475,0.21004901960699998,0.27965686274400003,"[[0.035171568627, 0.035171568627, 0.063970588235, 0.063970588235], [0.035171568627, 0.035171568627, 0.063970588235, 0.063970588235], [0.038112745098, 0.038112745098, 0.062867647059, 0.062867647059], [0.113602941176, 0.113602941176, 0.076838235294, 0.076838235294]]",3
56,576,576,22.166666666666668,22.0,22,23,0.7204861111111112,0.0,17,5.348958333333333,5.0,19.815993055555555,118.13715277777777,385.62152777777777,1.0,0.025857843137,0.032965686275,0.062132352941,0.079901960784,0.025857843137,0.032965686275,0.062132352941,0.079901960784,0.053431372549,0.072794117647,0.094362745098,0.101470588235,0.097549019608,0.102328431373,0.043259803922,0.06556372549,0.06452971813725,0.026084378495230053,0.076470588236,0.0574554565378927,0.04499847269980878,0.21875,0.31237745098,"[[0.025857843137, 0.032965686275, 0.062132352941, 0.079901960784], [0.025857843137, 0.032965686275, 0.062132352941, 0.079901960784], [0.053431372549, 0.072794117647, 0.094362745098, 0.101470588235], [0.097549019608, 0.102328431373, 0.043259803922, 0.06556372549]]",3
65,576,576,22.166666666666668,22.0,22,23,0.6684027777777778,0.0,10,5.244791666666667,5.0,19.75826388888889,119.203125,372.47222222222223,1.0,0.036631016043,0.039382798574,0.065987076649,0.075969251337,0.036631016043,0.039382798574,0.065987076649,0.075969251337,0.055147058824,0.045398841355,0.065931372549,0.054155525847,0.097292780749,0.106662210339,0.067869875223,0.060082442068,0.061780024509999996,0.02001487602757231,0.070031194296,0.048963986444060574,0.018943221570940482,0.202027629234,0.28464795009,"[[0.036631016043, 0.039382798574, 0.065987076649, 0.075969251337], [0.036631016043, 0.039382798574, 0.065987076649, 0.075969251337], [0.055147058824, 0.045398841355, 0.065931372549, 0.054155525847], [0.097292780749, 0.106662210339, 0.067869875223, 0.060082442068]]",3
176,1152,1152,22.166666666666668,22.0,22,23,0.6553819444444444,0.0,14,5.766493055555555,6.0,20.404440104166667,119.92361111111111,404.19618055555554,1.0,0.032781862745,0.035232843137,0.061887254902,0.06862745098,0.037683823529,0.05637254902,0.039522058824,0.064950980392,0.053615196078,0.042892156863,0.08762254902,0.069546568627,0.11243872549,0.09681372549,0.066176470588,0.064031862745,0.061887254901875,0.02190510163198402,0.079656862745,0.05764365110955552,0.014391359291002317,0.24080882353,0.26348039215700003,"[[0.032781862745, 0.035232843137, 0.061887254902, 0.06862745098], [0.037683823529, 0.05637254902, 0.039522058824, 0.064950980392], [0.053615196078, 0.042892156863, 0.08762254902, 0.069546568627], [0.11243872549, 0.09681372549, 0.066176470588, 0.064031862745]]",3
58,576,576,22.25,22.0,22,23,0.7708333333333334,0.0,13,5.347222222222222,5.0,19.785894097222222,119.42361111111111,417.8385416666667,1.0,0.034068627451,0.04100140056,0.05700280112,0.063620448179,0.034068627451,0.04100140056,0.05700280112,0.063620448179,0.052836134454,0.063830532213,0.073179271709,0.077293417367,0.074614845938,0.110469187675,0.056460084034,0.068242296919,0.0605195203080625,0.01851785881269351,0.07640056022399999,0.04877393246588931,0.02875976040013322,0.216491596639,0.25906862745000003,"[[0.034068627451, 0.04100140056, 0.05700280112, 0.063620448179], [0.034068627451, 0.04100140056, 0.05700280112, 0.063620448179], [0.052836134454, 0.063830532213, 0.073179271709, 0.077293417367], [0.074614845938, 0.110469187675, 0.056460084034, 0.068242296919]]",3
71,576,576,22.25,22.0,22,23,0.8420138888888888,0.0,15,5.293402777777778,5.0,19.79876388888889,120.02951388888889,384.43055555555554,1.0,0.036887254902,0.040808823529,0.061274509804,0.069117647059,0.036887254902,0.040808823529,0.061274509804,0.069117647059,0.044485294118,0.059068627451,0.065073529412,0.056862745098,0.069607843137,0.100612745098,0.063848039216,0.060539215686,0.05851715686275,0.015758512625149785,0.063725490196,0.03566702845045812,0.027179234211039797,0.20330882352899998,0.259068627451,"[[0.036887254902, 0.040808823529, 0.061274509804, 0.069117647059], [0.036887254902, 0.040808823529, 0.061274509804, 0.069117647059], [0.044485294118, 0.059068627451, 0.065073529412, 0.056862745098], [0.069607843137, 0.100612745098, 0.063848039216, 0.060539215686]]",3
174,1152,1152,22.25,22.0,22,23,1.0399305555555556,0.0,32,5.644097222222222,6.0,19.993378472222222,119.0859375,349.2873263888889,1.0,0.032107843137,0.036397058824,0.060906862745,0.064828431373,0.047181372549,0.049264705882,0.076960784314,0.07181372549,0.060049019608,0.039460784314,0.076838235294,0.059681372549,0.085171568627,0.119852941176,0.062990196078,0.066299019608,0.063112745098,0.020738049838776973,0.08774509803899999,0.05101948385682247,0.01985804672926626,0.224509803921,0.266421568628,"[[0.032107843137, 0.036397058824, 0.060906862745, 0.064828431373], [0.047181372549, 0.049264705882, 0.076960784314, 0.07181372549], [0.060049019608, 0.039460784314, 0.076838235294, 0.059681372549], [0.085171568627, 0.119852941176, 0.062990196078, 0.066299019608]]",3
6,96,96,22.333333333333332,22.0,22,23,1.5520833333333333,0.0,12,3.96875,4.0,18.972989583333334,114.09375,479.2291666666667,1.0,0.038585434174,0.038585434174,0.089163165266,0.089163165266,0.038585434174,0.038585434174,0.089163165266,0.089163165266,0.038585434174,0.038585434174,0.089163165266,0.089163165266,0.17368697479,0.17368697479,0.060714285714,0.060714285714,0.077205882353,0.04255014814040819,0.135101540616,0.09236391386263548,0.019380252100000023,0.22704831932800001,0.390598739496,"[[0.038585434174, 0.038585434174, 0.089163165266, 0.089163165266], [0.038585434174, 0.038585434174, 0.089163165266, 0.089163165266], [0.038585434174, 0.038585434174, 0.089163165266, 0.089163165266], [0.17368697479, 0.17368697479, 0.060714285714, 0.060714285714]]",3
12,96,96,22.333333333333332,22.0,22,23,1.8333333333333333,0.0,17,3.9479166666666665,4.0,18.721677083333333,116.10416666666667,478.1041666666667,1.0,0.031862745098,0.031862745098,0.066176470588,0.066176470588,0.031862745098,0.031862745098,0.066176470588,0.066176470588,0.031862745098,0.031862745098,0.066176470588,0.066176470588,0.125,0.125,0.088235294118,0.088235294118,0.06341911764699999,0.03045133539167742,0.093137254902,0.09976273033845667,0.033088235293999985,0.21813725490200003,0.28921568627399996,"[[0.031862745098, 0.031862745098, 0.066176470588, 0.066176470588], [0.031862745098, 0.031862745098, 0.066176470588, 0.066176470588], [0.031862745098, 0.031862745098, 0.066176470588, 0.066176470588], [0.125, 0.125, 0.088235294118, 0.088235294118]]",3
15,96,96,22.333333333333332,22.0,22,23,1.7604166666666667,0.0,15,3.9166666666666665,4.0,19.96596875,112.11458333333333,408.6458333333333,1.0,0.03869047619,0.03869047619,0.06906512605,0.06906512605,0.03869047619,0.03869047619,0.06906512605,0.06906512605,0.03869047619,0.03869047619,0.06906512605,0.06906512605,0.103466386555,0.103466386555,0.06643907563,0.06643907563,0.061646533613125,0.020969969055587494,0.064775910365,0.05382335755401493,0.0270483193275,0.21288515406000003,0.280287114845,"[[0.03869047619, 0.03869047619, 0.06906512605, 0.06906512605], [0.03869047619, 0.03869047619, 0.06906512605, 0.06906512605], [0.03869047619, 0.03869047619, 0.06906512605, 0.06906512605], [0.103466386555, 0.103466386555, 0.06643907563, 0.06643907563]]",3
24,576,576,22.333333333333332,22.0,22,23,1.0798611111111112,0.0,22,5.154513888888889,5.0,19.61318923611111,116.85069444444444,384.7239583333333,1.0,0.030147058824,0.044257703081,0.062990196078,0.074824929972,0.030147058824,0.044257703081,0.062990196078,0.074824929972,0.064828431373,0.041316526611,0.045220588235,0.089775910364,0.076785714286,0.132843137255,0.074212184874,0.075857843137,0.0640800070028125,0.024984863369068848,0.102696078431,0.060842461904595566,0.040610007262477786,0.195483193277,0.255917366947,"[[0.030147058824, 0.044257703081, 0.062990196078, 0.074824929972], [0.030147058824, 0.044257703081, 0.062990196078, 0.074824929972], [0.064828431373, 0.041316526611, 0.045220588235, 0.089775910364], [0.076785714286, 0.132843137255, 0.074212184874, 0.075857843137]]",3
44,576,576,22.333333333333332,22.0,22,23,0.9861111111111112,0.0,12,5.177083333333333,5.0,20.365581597222224,119.44791666666667,404.24652777777777,1.0,0.036887254902,0.044852941176,0.061029411765,0.063235294118,0.036887254902,0.044852941176,0.061029411765,0.063235294118,0.061029411765,0.057598039216,0.080759803922,0.063725490196,0.082598039216,0.129044117647,0.063357843137,0.058455882353,0.063036151960875,0.021133394331732933,0.092156862745,0.05241557095716395,0.022371574432581885,0.22095588235299998,0.264460784315,"[[0.036887254902, 0.044852941176, 0.061029411765, 0.063235294118], [0.036887254902, 0.044852941176, 0.061029411765, 0.063235294118], [0.061029411765, 0.057598039216, 0.080759803922, 0.063725490196], [0.082598039216, 0.129044117647, 0.063357843137, 0.058455882353]]",3
50,576,576,22.333333333333332,22.0,22,23,1.0225694444444444,0.0,12,5.140625,5.0,19.589977430555553,117.74305555555556,373.2829861111111,1.0,0.03443627451,0.037867647059,0.060294117647,0.060661764706,0.03443627451,0.037867647059,0.060294117647,0.060661764706,0.038112745098,0.045098039216,0.06568627451,0.059926470588,0.065196078431,0.112132352941,0.078308823529,0.064460784314,0.057215073529437506,0.01936007263710637,0.077696078431,0.05305795857988633,0.03460285011956937,0.20245098039300002,0.23125,"[[0.03443627451, 0.037867647059, 0.060294117647, 0.060661764706], [0.03443627451, 0.037867647059, 0.060294117647, 0.060661764706], [0.038112745098, 0.045098039216, 0.06568627451, 0.059926470588], [0.065196078431, 0.112132352941, 0.078308823529, 0.064460784314]]",3
181,1152,1152,22.333333333333332,22.0,22,23,0.8446180555555556,0.0,13,5.521701388888889,5.0,19.857327256944444,118.97916666666667,360.0217013888889,1.0,0.037591911765,0.043535539216,0.059160539216,0.059895833333,0.038357843137,0.046599264706,0.056709558824,0.064767156863,0.049448529412,0.048897058824,0.066115196078,0.05925245098,0.069607843137,0.104350490196,0.048345588235,0.071507352941,0.057758884803937496,0.015762207026622267,0.066758578431,0.03725413350142337,0.02261524410777708,0.22181372548999997,0.235110294118,"[[0.037591911765, 0.043535539216, 0.059160539216, 0.059895833333], [0.038357843137, 0.046599264706, 0.056709558824, 0.064767156863], [0.049448529412, 0.048897058824, 0.066115196078, 0.05925245098], [0.069607843137, 0.104350490196, 0.048345588235, 0.071507352941]]",3
23,576,576,22.416666666666668,22.0,22,23,1.3350694444444444,0.0,13,5.064236111111111,5.0,19.562711805555555,118.15104166666667,421.91319444444446,1.0,0.030024509804,0.037071078431,0.066176470588,0.069546568627,0.030024509804,0.037071078431,0.066176470588,0.069546568627,0.077205882353,0.03737745098,0.094362745098,0.049632352941,0.100490196078,0.154411764706,0.061274509804,0.095588235294,0.06724877450962499,0.031803772726417275,0.12438725490199999,0.08551362228810237,0.019883554827717035,0.257046568627,0.273590686273,"[[0.030024509804, 0.037071078431, 0.066176470588, 0.069546568627], [0.030024509804, 0.037071078431, 0.066176470588, 0.069546568627], [0.077205882353, 0.03737745098, 0.094362745098, 0.049632352941], [0.100490196078, 0.154411764706, 0.061274509804, 0.095588235294]]",3
26,576,576,22.416666666666668,22.0,22,23,1.1354166666666667,0.0,13,5.168402777777778,5.0,19.782253472222223,119.55555555555556,394.9166666666667,1.0,0.031495098039,0.039215686275,0.058035714286,0.074894957983,0.031495098039,0.039215686275,0.058035714286,0.074894957983,0.061379551821,0.042892156863,0.034926470588,0.082492997199,0.074772408964,0.131214985994,0.066509103641,0.085836834734,0.061706713935625004,0.02540026046358503,0.099719887955,0.06479863871681851,0.045411407740514914,0.191474089636,0.250595238096,"[[0.031495098039, 0.039215686275, 0.058035714286, 0.074894957983], [0.031495098039, 0.039215686275, 0.058035714286, 0.074894957983], [0.061379551821, 0.042892156863, 0.034926470588, 0.082492997199], [0.074772408964, 0.131214985994, 0.066509103641, 0.085836834734]]",3
46,576,576,22.416666666666668,22.0,22,23,1.25,0.0,13,5.074652777777778,5.0,19.840682291666667,117.33854166666667,390.6388888888889,1.0,0.031740196078,0.038725490196,0.055392156863,0.061519607843,0.031740196078,0.038725490196,0.055392156863,0.061519607843,0.042647058824,0.045588235294,0.066176470588,0.066299019608,0.069975490196,0.118137254902,0.057352941176,0.084068627451,0.0578124999999375,0.021102975870254018,0.086397058824,0.05835341143989538,0.035093875554186776,0.22071078431299998,0.232475490196,"[[0.031740196078, 0.038725490196, 0.055392156863, 0.061519607843], [0.031740196078, 0.038725490196, 0.055392156863, 0.061519607843], [0.042647058824, 0.045588235294, 0.066176470588, 0.066299019608], [0.069975490196, 0.118137254902, 0.057352941176, 0.084068627451]]",3
48,576,576,22.416666666666668,22.0,22,23,1.3315972222222223,0.0,16,5.133680555555555,5.0,20.164800347222222,120.17881944444444,389.44965277777777,1.0,0.04387254902,0.049369747899,0.061344537815,0.064513305322,0.045378151261,0.045203081232,0.06755952381,0.055304621849,0.045378151261,0.045203081232,0.06755952381,0.055304621849,0.082492997199,0.121656162465,0.065493697479,0.052153361345,0.060486694678000004,0.01906327116638244,0.077783613445,0.046158860466279955,0.020072421947322044,0.208788515407,0.259768907563,"[[0.04387254902, 0.049369747899, 0.061344537815, 0.064513305322], [0.045378151261, 0.045203081232, 0.06755952381, 0.055304621849], [0.045378151261, 0.045203081232, 0.06755952381, 0.055304621849], [0.082492997199, 0.121656162465, 0.065493697479, 0.052153361345]]",3
63,576,576,22.416666666666668,22.0,22,23,1.2118055555555556,0.0,19,5.069444444444445,5.0,19.97162673611111,119.03819444444444,367.71180555555554,1.0,0.035968137255,0.0375,0.063541666667,0.068443627451,0.035968137255,0.0375,0.063541666667,0.068443627451,0.055392156863,0.046017156863,0.082291666667,0.072058823529,0.087683823529,0.113296568627,0.055085784314,0.072855392157,0.062224264705937504,0.02078384946460845,0.07732843137199999,0.05056114360774767,0.02591227225011831,0.228615196079,0.26568627451,"[[0.035968137255, 0.0375, 0.063541666667, 0.068443627451], [0.035968137255, 0.0375, 0.063541666667, 0.068443627451], [0.055392156863, 0.046017156863, 0.082291666667, 0.072058823529], [0.087683823529, 0.113296568627, 0.055085784314, 0.072855392157]]",3
57,576,576,22.5,22.5,22,23,1.1545138888888888,0.0,12,5.223958333333333,5.0,20.06890625,118.04861111111111,358.33159722222223,1.0,0.031495098039,0.03762254902,0.061764705882,0.064215686275,0.031495098039,0.03762254902,0.061764705882,0.064215686275,0.061887254902,0.050245098039,0.070220588235,0.100735294118,0.088235294118,0.117034313725,0.05612745098,0.066176470588,0.0625536151960625,0.023089271504036914,0.08553921568600001,0.05731655607739839,0.029463467500629902,0.20551470588200002,0.264460784314,"[[0.031495098039, 0.03762254902, 0.061764705882, 0.064215686275], [0.031495098039, 0.03762254902, 0.061764705882, 0.064215686275], [0.061887254902, 0.050245098039, 0.070220588235, 0.100735294118], [0.088235294118, 0.117034313725, 0.05612745098, 0.066176470588]]",3
64,576,576,22.5,22.5,22,23,1.1770833333333333,0.0,16,5.21875,5.0,19.36631597222222,119.39930555555556,371.2326388888889,1.0,0.036764705882,0.043014705882,0.058455882353,0.060049019608,0.036764705882,0.043014705882,0.058455882353,0.060049019608,0.044730392157,0.051838235294,0.071446078431,0.05637254902,0.070343137255,0.100735294118,0.068995098039,0.051102941176,0.05700827205875,0.01558983082769572,0.06397058823599999,0.03798143627274651,0.02513127165048755,0.20232843137099998,0.24068627451,"[[0.036764705882, 0.043014705882, 0.058455882353, 0.060049019608], [0.036764705882, 0.043014705882, 0.058455882353, 0.060049019608], [0.044730392157, 0.051838235294, 0.071446078431, 0.05637254902], [0.070343137255, 0.100735294118, 0.068995098039, 0.051102941176]]",3
4,192,192,23.0,23.0,23,23,2.7604166666666665,0.0,17,3.5104166666666665,3.0,19.170442708333333,118.61458333333333,421.0364583333333,1.0,0.040441176471,0.041929271709,0.064775910364,0.086046918768,0.040441176471,0.041929271709,0.064775910364,0.086046918768,0.040441176471,0.041929271709,0.064775910364,0.086046918768,0.186712184874,0.127888655462,0.051470588235,0.085084033613,0.0719209558825,0.03818058260150713,0.146271008403,0.09438039458175614,0.04003090656286713,0.23223039215699998,0.379464285715,"[[0.040441176471, 0.041929271709, 0.064775910364, 0.086046918768], [0.040441176471, 0.041929271709, 0.064775910364, 0.086046918768], [0.040441176471, 0.041929271709, 0.064775910364, 0.086046918768], [0.186712184874, 0.127888655462, 0.051470588235, 0.085084033613]]",3
9,192,192,23.0,23.0,23,23,3.046875,0.0,20,3.5260416666666665,3.0,19.545291666666667,115.75520833333333,430.2604166666667,1.0,0.030637254902,0.03825280112,0.058823529412,0.06600140056,0.030637254902,0.03825280112,0.058823529412,0.06600140056,0.030637254902,0.03825280112,0.058823529412,0.06600140056,0.083771008403,0.148897058824,0.05987394958,0.101102941176,0.0609243697478125,0.029854942294802463,0.118259803922,0.08657221736019259,0.0451348476869656,0.22881652661000002,0.24684873949500002,"[[0.030637254902, 0.03825280112, 0.058823529412, 0.06600140056], [0.030637254902, 0.03825280112, 0.058823529412, 0.06600140056], [0.030637254902, 0.03825280112, 0.058823529412, 0.06600140056], [0.083771008403, 0.148897058824, 0.05987394958, 0.101102941176]]",3
11,192,192,23.0,23.0,23,23,2.90625,0.0,22,3.4947916666666665,3.0,20.296119791666666,117.109375,425.9947916666667,1.0,0.040441176471,0.040441176471,0.05637254902,0.067401960784,0.040441176471,0.040441176471,0.05637254902,0.067401960784,0.040441176471,0.040441176471,0.05637254902,0.067401960784,0.097426470588,0.130514705882,0.055147058824,0.075367647059,0.06077665441193751,0.02387762646088607,0.09007352941100001,0.0665969290284015,0.023518458789514373,0.21262254902099997,0.26164215686299996,"[[0.040441176471, 0.040441176471, 0.05637254902, 0.067401960784], [0.040441176471, 0.040441176471, 0.05637254902, 0.067401960784], [0.040441176471, 0.040441176471, 0.05637254902, 0.067401960784], [0.097426470588, 0.130514705882, 0.055147058824, 0.075367647059]]",3
29,576,576,23.0,23.0,23,23,2.1927083333333335,0.0,25,4.4375,4.0,19.900621527777776,116.88541666666667,343.18055555555554,1.0,0.03125,0.032720588235,0.0625,0.073774509804,0.03125,0.032720588235,0.0625,0.073774509804,0.031862745098,0.071323529412,0.080882352941,0.058088235294,0.120343137255,0.105392156863,0.048039215686,0.102941176471,0.06371017156862499,0.0277956695604846,0.089093137255,0.0724150390354274,0.03413309204667099,0.247794117647,0.327941176471,"[[0.03125, 0.032720588235, 0.0625, 0.073774509804], [0.03125, 0.032720588235, 0.0625, 0.073774509804], [0.031862745098, 0.071323529412, 0.080882352941, 0.058088235294], [0.120343137255, 0.105392156863, 0.048039215686, 0.102941176471]]",3
30,576,576,23.0,23.0,23,23,2.232638888888889,0.0,24,4.572916666666667,4.0,20.253210069444446,117.39236111111111,362.4826388888889,1.0,0.034558823529,0.038235294118,0.059681372549,0.060416666667,0.034558823529,0.038235294118,0.059681372549,0.060416666667,0.053799019608,0.040073529412,0.069117647059,0.051102941176,0.076102941176,0.112745098039,0.046691176471,0.083946078431,0.057460171568625,0.02020047253099769,0.07818627451,0.05247506233131632,0.020352086533001645,0.22585784313700003,0.236274509804,"[[0.034558823529, 0.038235294118, 0.059681372549, 0.060416666667], [0.034558823529, 0.038235294118, 0.059681372549, 0.060416666667], [0.053799019608, 0.040073529412, 0.069117647059, 0.051102941176], [0.076102941176, 0.112745098039, 0.046691176471, 0.083946078431]]",3
41,576,576,23.0,23.0,23,23,2.1493055555555554,0.0,29,4.529513888888889,4.0,20.003208333333333,117.72916666666667,391.9791666666667,1.0,0.038541666667,0.041544117647,0.057352941176,0.075490196078,0.038541666667,0.041544117647,0.057352941176,0.075490196078,0.045465686275,0.070098039216,0.101225490196,0.060171568627,0.147058823529,0.108088235294,0.057843137255,0.057720588235,0.0670955882351875,0.0287280999297361,0.10851715686199999,0.06460430220572663,0.004509404287194172,0.23903186274500002,0.349999999999,"[[0.038541666667, 0.041544117647, 0.057352941176, 0.075490196078], [0.038541666667, 0.041544117647, 0.057352941176, 0.075490196078], [0.045465686275, 0.070098039216, 0.101225490196, 0.060171568627], [0.147058823529, 0.108088235294, 0.057843137255, 0.057720588235]]",3
42,576,576,23.0,23.0,23,23,2.4756944444444446,0.0,44,4.458333333333333,4.0,19.931774305555553,118.17881944444444,382.66493055555554,1.0,0.036151960784,0.049019607843,0.055147058824,0.083946078431,0.036151960784,0.049019607843,0.055147058824,0.083946078431,0.042769607843,0.055759803922,0.085171568627,0.059926470588,0.139583333333,0.108823529412,0.049142156863,0.069852941176,0.0662224264705,0.027195732731478597,0.10343137254899999,0.05971102732873183,0.019974080456035614,0.24019607843000002,0.33443627451,"[[0.036151960784, 0.049019607843, 0.055147058824, 0.083946078431], [0.036151960784, 0.049019607843, 0.055147058824, 0.083946078431], [0.042769607843, 0.055759803922, 0.085171568627, 0.059926470588], [0.139583333333, 0.108823529412, 0.049142156863, 0.069852941176]]",3
54,576,576,23.0,23.0,23,23,1.8072916666666667,0.0,14,4.654513888888889,5.0,20.445322916666665,117.36631944444444,376.14930555555554,1.0,0.033333333333,0.047426470588,0.048406862745,0.087254901961,0.033333333333,0.047426470588,0.048406862745,0.087254901961,0.044730392157,0.071323529412,0.107475490196,0.066666666667,0.127328431373,0.086887254902,0.04375,0.049632352941,0.064414828431375,0.026772609344792215,0.09399509804,0.04169418605393136,0.019818207482292297,0.237867647058,0.334313725491,"[[0.033333333333, 0.047426470588, 0.048406862745, 0.087254901961], [0.033333333333, 0.047426470588, 0.048406862745, 0.087254901961], [0.044730392157, 0.071323529412, 0.107475490196, 0.066666666667], [0.127328431373, 0.086887254902, 0.04375, 0.049632352941]]",3
5,192,192,23.166666666666668,23.0,23,24,3.4635416666666665,0.0,54,3.0520833333333335,3.0,20.631385416666667,116.09375,394.2291666666667,1.0,0.032475490196,0.044117647059,0.058823529412,0.08762254902,0.032475490196,0.044117647059,0.058823529412,0.08762254902,0.032475490196,0.044117647059,0.058823529412,0.08762254902,0.159926470588,0.130514705882,0.049632352941,0.090073529412,0.06870404411775,0.0354260441090601,0.127450980392,0.08968032673938928,0.047234063079632516,0.225490196079,0.350490196079,"[[0.032475490196, 0.044117647059, 0.058823529412, 0.08762254902], [0.032475490196, 0.044117647059, 0.058823529412, 0.08762254902], [0.032475490196, 0.044117647059, 0.058823529412, 0.08762254902], [0.159926470588, 0.130514705882, 0.049632352941, 0.090073529412]]",3
14,96,96,23.166666666666668,23.0,23,24,3.5104166666666665,0.0,51,3.0416666666666665,3.0,20.7294375,113.95833333333333,369.1979166666667,1.0,0.039653361345,0.039653361345,0.057598039216,0.057598039216,0.039653361345,0.039653361345,0.057598039216,0.057598039216,0.039653361345,0.039653361345,0.057598039216,0.057598039216,0.113970588235,0.113970588235,0.054359243697,0.054359243697,0.05751050420187501,0.02278795507490125,0.07431722689,0.06155572722843482,0.0028886554624999866,0.191264005603,0.268820028012,"[[0.039653361345, 0.039653361345, 0.057598039216, 0.057598039216], [0.039653361345, 0.039653361345, 0.057598039216, 0.057598039216], [0.039653361345, 0.039653361345, 0.057598039216, 0.057598039216], [0.113970588235, 0.113970588235, 0.054359243697, 0.054359243697]]",3
