{
  "status": "SATISFIED",
  "solution": {
    "objective": 2894,
    "start_time": [
      [
        286,
        197
      ],
      [
        864,
        526
      ],
      [
        580,
        755
      ],
      [
        51,
        256
      ],
      [
        928,
        0
      ],
      [
        1026,
        933
      ],
      [
        912,
        509
      ],
      [
        853,
        1026
      ],
      [
        629,
        845
      ],
      [
        755,
        674
      ],
      [
        529,
        594
      ],
      [
        509,
        442
      ],
      [
        447,
        347
      ],
      [
        230,
        300
      ],
      [
        197,
        118
      ],
      [
        0,
        57
      ]
    ],
    "SpeedScaling": [
      [
        1,
        1
      ],
      [
        1,
        1
      ],
      [
        1,
        1
      ],
      [
        1,
        1
      ],
      [
        1,
        1
      ],
      [
        1,
        1
      ],
      [
        1,
        1
      ],
      [
        1,
        1
      ],
      [
        1,
        1
      ],
      [
        1,
        1
      ],
      [
        1,
        1
      ],
      [
        1,
        1
      ],
      [
        1,
        1
      ],
      [
        1,
        1
      ],
      [
        1,
        1
      ],
      [
        1,
        1
      ]
    ],
    "_output_item": "Objective function: 1110 + 1784 = 2894 \nStart Times: [286, 197, 864, 526, 580, 755, 51, 256, 928, 0, 1026, 933, 912, 509, 853, 1026, 629, 845, 755, 674, 529, 594, 509, 442, 447, 347, 230, 300, 197, 118, 0, 57]\nSpeed Scaling; [1, 1, 1, 1, 1, 1, 1, 1, 1, 1, 1, 1, 1, 1, 1, 1, 1, 1, 1, 1, 1, 1, 1, 1, 1, 1, 1, 1, 1, 1, 1, 1]\n",
    "_checker": ""
  },
  "statistics": {
    "paths": 0,
    "flatBoolVars": 480,
    "flatIntVars": 66,
    "flatBoolConstraints": 240,
    "flatIntConstraints": 530,
    "evaluatedHalfReifiedConstraints": 480,
    "method": "minimize",
    "flatTime": 58.717999999999996,
    "objective": 2894,
    "objectiveBound": 2024,
    "boolVariables": 344,
    "failures": 63,
    "propagations": 21216,
    "solveTime": 28.730999999999998,
    "time": 125.0,
    "nSolutions": 25,
    "maxTime": 54328,
    "makespan": 1110.0,
    "energy": 1784.0
  }
}