{
  "status": "OPTIMAL_SOLUTION",
  "solution": {
    "objective": 3659,
    "start_time": [
      [
        490,
        397,
        0,
        219,
        16,
        602,
        33,
        686,
        121,
        316,
        551,
        236
      ],
      [
        674,
        598,
        576,
        236,
        520,
        331,
        0,
        121,
        70,
        459,
        33,
        378
      ],
      [
        609,
        70,
        430,
        331,
        135,
        545,
        247,
        594,
        0,
        177,
        402,
        524
      ],
      [
        0,
        287,
        702,
        653,
        329,
        38,
        459,
        57,
        219,
        427,
        602,
        487
      ]
    ],
    "SpeedScaling": [
      [
        1,
        1,
        1,
        1,
        1,
        1,
        1,
        1,
        1,
        1,
        1,
        1
      ],
      [
        1,
        1,
        1,
        1,
        1,
        1,
        1,
        1,
        1,
        1,
        1,
        1
      ],
      [
        1,
        1,
        1,
        1,
        1,
        1,
        1,
        1,
        1,
        1,
        1,
        1
      ],
      [
        1,
        1,
        1,
        1,
        1,
        1,
        1,
        1,
        1,
        1,
        1,
        1
      ]
    ],
    "_output_item": "Objective function: 774 + 2885 = 3659 \nStart Times: [490, 397, 0, 219, 16, 602, 33, 686, 121, 316, 551, 236, 674, 598, 576, 236, 520, 331, 0, 121, 70, 459, 33, 378, 609, 70, 430, 331, 135, 545, 247, 594, 0, 177, 402, 524, 0, 287, 702, 653, 329, 38, 459, 57, 219, 427, 602, 487]\nSpeed Scaling; [1, 1, 1, 1, 1, 1, 1, 1, 1, 1, 1, 1, 1, 1, 1, 1, 1, 1, 1, 1, 1, 1, 1, 1, 1, 1, 1, 1, 1, 1, 1, 1, 1, 1, 1, 1, 1, 1, 1, 1, 1, 1, 1, 1, 1, 1, 1, 1]\n",
    "_checker": ""
  },
  "statistics": {
    "paths": 0,
    "flatBoolVars": 144,
    "flatIntVars": 98,
    "flatBoolConstraints": 72,
    "flatIntConstraints": 458,
    "evaluatedHalfReifiedConstraints": 144,
    "method": "minimize",
    "flatTime": 56.041000000000004,
    "objective": 3659,
    "objectiveBound": 3659,
    "boolVariables": 72,
    "failures": 0,
    "propagations": 0,
    "solveTime": 34.333000000000006,
    "time": 110.0,
    "nSolutions": 24,
    "maxTime": 48336,
    "makespan": 774.0,
    "energy": 2885.0
  }
}