family_size,family,size,position,machine,count,jobs,total_jobs,frequency
abz_10x10,abz,10x10,0,0,2,20,20,0.1
abz_10x10,abz,10x10,0,1,2,20,20,0.1
abz_10x10,abz,10x10,0,2,0,20,20,0.0
abz_10x10,abz,10x10,0,3,3,20,20,0.15
abz_10x10,abz,10x10,0,4,4,20,20,0.2
abz_10x10,abz,10x10,0,5,3,20,20,0.15
abz_10x10,abz,10x10,0,6,0,20,20,0.0
abz_10x10,abz,10x10,0,7,3,20,20,0.15
abz_10x10,abz,10x10,0,8,1,20,20,0.05
abz_10x10,abz,10x10,0,9,2,20,20,0.1
abz_10x10,abz,10x10,1,0,1,20,20,0.05
abz_10x10,abz,10x10,1,1,1,20,20,0.05
abz_10x10,abz,10x10,1,2,3,20,20,0.15
abz_10x10,abz,10x10,1,3,2,20,20,0.1
abz_10x10,abz,10x10,1,4,2,20,20,0.1
abz_10x10,abz,10x10,1,5,0,20,20,0.0
abz_10x10,abz,10x10,1,6,4,20,20,0.2
abz_10x10,abz,10x10,1,7,1,20,20,0.05
abz_10x10,abz,10x10,1,8,4,20,20,0.2
abz_10x10,abz,10x10,1,9,2,20,20,0.1
abz_10x10,abz,10x10,2,0,1,20,20,0.05
abz_10x10,abz,10x10,2,1,2,20,20,0.1
abz_10x10,abz,10x10,2,2,0,20,20,0.0
abz_10x10,abz,10x10,2,3,2,20,20,0.1
abz_10x10,abz,10x10,2,4,1,20,20,0.05
abz_10x10,abz,10x10,2,5,6,20,20,0.3
abz_10x10,abz,10x10,2,6,3,20,20,0.15
abz_10x10,abz,10x10,2,7,3,20,20,0.15
abz_10x10,abz,10x10,2,8,1,20,20,0.05
abz_10x10,abz,10x10,2,9,1,20,20,0.05
abz_10x10,abz,10x10,3,0,0,20,20,0.0
abz_10x10,abz,10x10,3,1,1,20,20,0.05
abz_10x10,abz,10x10,3,2,4,20,20,0.2
abz_10x10,abz,10x10,3,3,3,20,20,0.15
abz_10x10,abz,10x10,3,4,2,20,20,0.1
abz_10x10,abz,10x10,3,5,1,20,20,0.05
abz_10x10,abz,10x10,3,6,2,20,20,0.1
abz_10x10,abz,10x10,3,7,1,20,20,0.05
abz_10x10,abz,10x10,3,8,4,20,20,0.2
abz_10x10,abz,10x10,3,9,2,20,20,0.1
abz_10x10,abz,10x10,4,0,2,20,20,0.1
abz_10x10,abz,10x10,4,1,5,20,20,0.25
abz_10x10,abz,10x10,4,2,1,20,20,0.05
abz_10x10,abz,10x10,4,3,2,20,20,0.1
abz_10x10,abz,10x10,4,4,3,20,20,0.15
abz_10x10,abz,10x10,4,5,0,20,20,0.0
abz_10x10,abz,10x10,4,6,1,20,20,0.05
abz_10x10,abz,10x10,4,7,2,20,20,0.1
abz_10x10,abz,10x10,4,8,1,20,20,0.05
abz_10x10,abz,10x10,4,9,3,20,20,0.15
abz_10x10,abz,10x10,5,0,4,20,20,0.2
abz_10x10,abz,10x10,5,1,1,20,20,0.05
abz_10x10,abz,10x10,5,2,5,20,20,0.25
abz_10x10,abz,10x10,5,3,0,20,20,0.0
abz_10x10,abz,10x10,5,4,1,20,20,0.05
abz_10x10,abz,10x10,5,5,3,20,20,0.15
abz_10x10,abz,10x10,5,6,3,20,20,0.15
abz_10x10,abz,10x10,5,7,0,20,20,0.0
abz_10x10,abz,10x10,5,8,2,20,20,0.1
abz_10x10,abz,10x10,5,9,1,20,20,0.05
abz_10x10,abz,10x10,6,0,2,20,20,0.1
abz_10x10,abz,10x10,6,1,1,20,20,0.05
abz_10x10,abz,10x10,6,2,3,20,20,0.15
abz_10x10,abz,10x10,6,3,1,20,20,0.05
abz_10x10,abz,10x10,6,4,3,20,20,0.15
abz_10x10,abz,10x10,6,5,1,20,20,0.05
abz_10x10,abz,10x10,6,6,3,20,20,0.15
abz_10x10,abz,10x10,6,7,4,20,20,0.2
abz_10x10,abz,10x10,6,8,1,20,20,0.05
abz_10x10,abz,10x10,6,9,1,20,20,0.05
abz_10x10,abz,10x10,7,0,3,20,20,0.15
abz_10x10,abz,10x10,7,1,4,20,20,0.2
abz_10x10,abz,10x10,7,2,0,20,20,0.0
abz_10x10,abz,10x10,7,3,2,20,20,0.1
abz_10x10,abz,10x10,7,4,3,20,20,0.15
abz_10x10,abz,10x10,7,5,4,20,20,0.2
abz_10x10,abz,10x10,7,6,0,20,20,0.0
abz_10x10,abz,10x10,7,7,1,20,20,0.05
abz_10x10,abz,10x10,7,8,2,20,20,0.1
abz_10x10,abz,10x10,7,9,1,20,20,0.05
abz_10x10,abz,10x10,8,0,4,20,20,0.2
abz_10x10,abz,10x10,8,1,0,20,20,0.0
abz_10x10,abz,10x10,8,2,1,20,20,0.05
abz_10x10,abz,10x10,8,3,2,20,20,0.1
abz_10x10,abz,10x10,8,4,1,20,20,0.05
abz_10x10,abz,10x10,8,5,1,20,20,0.05
abz_10x10,abz,10x10,8,6,2,20,20,0.1
abz_10x10,abz,10x10,8,7,3,20,20,0.15
abz_10x10,abz,10x10,8,8,3,20,20,0.15
abz_10x10,abz,10x10,8,9,3,20,20,0.15
abz_10x10,abz,10x10,9,0,1,20,20,0.05
abz_10x10,abz,10x10,9,1,3,20,20,0.15
abz_10x10,abz,10x10,9,2,3,20,20,0.15
abz_10x10,abz,10x10,9,3,3,20,20,0.15
abz_10x10,abz,10x10,9,4,0,20,20,0.0
abz_10x10,abz,10x10,9,5,1,20,20,0.05
abz_10x10,abz,10x10,9,6,2,20,20,0.1
abz_10x10,abz,10x10,9,7,2,20,20,0.1
abz_10x10,abz,10x10,9,8,1,20,20,0.05
abz_10x10,abz,10x10,9,9,4,20,20,0.2
abz_20x15,abz,20x15,0,0,3,60,60,0.05
abz_20x15,abz,20x15,0,1,4,60,60,0.06666666666666667
abz_20x15,abz,20x15,0,2,5,60,60,0.08333333333333333
abz_20x15,abz,20x15,0,3,2,60,60,0.03333333333333333
abz_20x15,abz,20x15,0,4,1,60,60,0.016666666666666666
abz_20x15,abz,20x15,0,5,5,60,60,0.08333333333333333
abz_20x15,abz,20x15,0,6,6,60,60,0.1
abz_20x15,abz,20x15,0,7,2,60,60,0.03333333333333333
abz_20x15,abz,20x15,0,8,7,60,60,0.11666666666666667
abz_20x15,abz,20x15,0,9,5,60,60,0.08333333333333333
abz_20x15,abz,20x15,0,10,2,60,60,0.03333333333333333
abz_20x15,abz,20x15,0,11,5,60,60,0.08333333333333333
abz_20x15,abz,20x15,0,12,4,60,60,0.06666666666666667
abz_20x15,abz,20x15,0,13,4,60,60,0.06666666666666667
abz_20x15,abz,20x15,0,14,5,60,60,0.08333333333333333
abz_20x15,abz,20x15,1,0,5,60,60,0.08333333333333333
abz_20x15,abz,20x15,1,1,2,60,60,0.03333333333333333
abz_20x15,abz,20x15,1,2,1,60,60,0.016666666666666666
abz_20x15,abz,20x15,1,3,10,60,60,0.16666666666666666
abz_20x15,abz,20x15,1,4,3,60,60,0.05
abz_20x15,abz,20x15,1,5,8,60,60,0.13333333333333333
abz_20x15,abz,20x15,1,6,2,60,60,0.03333333333333333
abz_20x15,abz,20x15,1,7,2,60,60,0.03333333333333333
abz_20x15,abz,20x15,1,8,3,60,60,0.05
abz_20x15,abz,20x15,1,9,2,60,60,0.03333333333333333
abz_20x15,abz,20x15,1,10,6,60,60,0.1
abz_20x15,abz,20x15,1,11,4,60,60,0.06666666666666667
abz_20x15,abz,20x15,1,12,5,60,60,0.08333333333333333
abz_20x15,abz,20x15,1,13,3,60,60,0.05
abz_20x15,abz,20x15,1,14,4,60,60,0.06666666666666667
abz_20x15,abz,20x15,2,0,6,60,60,0.1
abz_20x15,abz,20x15,2,1,4,60,60,0.06666666666666667
abz_20x15,abz,20x15,2,2,5,60,60,0.08333333333333333
abz_20x15,abz,20x15,2,3,4,60,60,0.06666666666666667
abz_20x15,abz,20x15,2,4,2,60,60,0.03333333333333333
abz_20x15,abz,20x15,2,5,5,60,60,0.08333333333333333
abz_20x15,abz,20x15,2,6,3,60,60,0.05
abz_20x15,abz,20x15,2,7,2,60,60,0.03333333333333333
abz_20x15,abz,20x15,2,8,4,60,60,0.06666666666666667
abz_20x15,abz,20x15,2,9,4,60,60,0.06666666666666667
abz_20x15,abz,20x15,2,10,2,60,60,0.03333333333333333
abz_20x15,abz,20x15,2,11,4,60,60,0.06666666666666667
abz_20x15,abz,20x15,2,12,6,60,60,0.1
abz_20x15,abz,20x15,2,13,3,60,60,0.05
abz_20x15,abz,20x15,2,14,6,60,60,0.1
abz_20x15,abz,20x15,3,0,0,60,60,0.0
abz_20x15,abz,20x15,3,1,4,60,60,0.06666666666666667
abz_20x15,abz,20x15,3,2,3,60,60,0.05
abz_20x15,abz,20x15,3,3,5,60,60,0.08333333333333333
abz_20x15,abz,20x15,3,4,3,60,60,0.05
abz_20x15,abz,20x15,3,5,2,60,60,0.03333333333333333
abz_20x15,abz,20x15,3,6,6,60,60,0.1
abz_20x15,abz,20x15,3,7,3,60,60,0.05
abz_20x15,abz,20x15,3,8,9,60,60,0.15
abz_20x15,abz,20x15,3,9,5,60,60,0.08333333333333333
abz_20x15,abz,20x15,3,10,2,60,60,0.03333333333333333
abz_20x15,abz,20x15,3,11,4,60,60,0.06666666666666667
abz_20x15,abz,20x15,3,12,7,60,60,0.11666666666666667
abz_20x15,abz,20x15,3,13,4,60,60,0.06666666666666667
abz_20x15,abz,20x15,3,14,3,60,60,0.05
abz_20x15,abz,20x15,4,0,4,60,60,0.06666666666666667
abz_20x15,abz,20x15,4,1,3,60,60,0.05
abz_20x15,abz,20x15,4,2,2,60,60,0.03333333333333333
abz_20x15,abz,20x15,4,3,2,60,60,0.03333333333333333
abz_20x15,abz,20x15,4,4,8,60,60,0.13333333333333333
abz_20x15,abz,20x15,4,5,8,60,60,0.13333333333333333
abz_20x15,abz,20x15,4,6,4,60,60,0.06666666666666667
abz_20x15,abz,20x15,4,7,6,60,60,0.1
abz_20x15,abz,20x15,4,8,4,60,60,0.06666666666666667
abz_20x15,abz,20x15,4,9,3,60,60,0.05
abz_20x15,abz,20x15,4,10,7,60,60,0.11666666666666667
abz_20x15,abz,20x15,4,11,0,60,60,0.0
abz_20x15,abz,20x15,4,12,2,60,60,0.03333333333333333
abz_20x15,abz,20x15,4,13,5,60,60,0.08333333333333333
abz_20x15,abz,20x15,4,14,2,60,60,0.03333333333333333
abz_20x15,abz,20x15,5,0,3,60,60,0.05
abz_20x15,abz,20x15,5,1,4,60,60,0.06666666666666667
abz_20x15,abz,20x15,5,2,0,60,60,0.0
abz_20x15,abz,20x15,5,3,5,60,60,0.08333333333333333
abz_20x15,abz,20x15,5,4,6,60,60,0.1
abz_20x15,abz,20x15,5,5,5,60,60,0.08333333333333333
abz_20x15,abz,20x15,5,6,9,60,60,0.15
abz_20x15,abz,20x15,5,7,5,60,60,0.08333333333333333
abz_20x15,abz,20x15,5,8,4,60,60,0.06666666666666667
abz_20x15,abz,20x15,5,9,4,60,60,0.06666666666666667
abz_20x15,abz,20x15,5,10,2,60,60,0.03333333333333333
abz_20x15,abz,20x15,5,11,3,60,60,0.05
abz_20x15,abz,20x15,5,12,3,60,60,0.05
abz_20x15,abz,20x15,5,13,3,60,60,0.05
abz_20x15,abz,20x15,5,14,4,60,60,0.06666666666666667
abz_20x15,abz,20x15,6,0,5,60,60,0.08333333333333333
abz_20x15,abz,20x15,6,1,1,60,60,0.016666666666666666
abz_20x15,abz,20x15,6,2,4,60,60,0.06666666666666667
abz_20x15,abz,20x15,6,3,1,60,60,0.016666666666666666
abz_20x15,abz,20x15,6,4,2,60,60,0.03333333333333333
abz_20x15,abz,20x15,6,5,6,60,60,0.1
abz_20x15,abz,20x15,6,6,4,60,60,0.06666666666666667
abz_20x15,abz,20x15,6,7,3,60,60,0.05
abz_20x15,abz,20x15,6,8,8,60,60,0.13333333333333333
abz_20x15,abz,20x15,6,9,5,60,60,0.08333333333333333
abz_20x15,abz,20x15,6,10,2,60,60,0.03333333333333333
abz_20x15,abz,20x15,6,11,4,60,60,0.06666666666666667
abz_20x15,abz,20x15,6,12,3,60,60,0.05
abz_20x15,abz,20x15,6,13,5,60,60,0.08333333333333333
abz_20x15,abz,20x15,6,14,7,60,60,0.11666666666666667
abz_20x15,abz,20x15,7,0,5,60,60,0.08333333333333333
abz_20x15,abz,20x15,7,1,0,60,60,0.0
abz_20x15,abz,20x15,7,2,5,60,60,0.08333333333333333
abz_20x15,abz,20x15,7,3,7,60,60,0.11666666666666667
abz_20x15,abz,20x15,7,4,8,60,60,0.13333333333333333
abz_20x15,abz,20x15,7,5,4,60,60,0.06666666666666667
abz_20x15,abz,20x15,7,6,4,60,60,0.06666666666666667
abz_20x15,abz,20x15,7,7,5,60,60,0.08333333333333333
abz_20x15,abz,20x15,7,8,2,60,60,0.03333333333333333
abz_20x15,abz,20x15,7,9,3,60,60,0.05
abz_20x15,abz,20x15,7,10,4,60,60,0.06666666666666667
abz_20x15,abz,20x15,7,11,2,60,60,0.03333333333333333
abz_20x15,abz,20x15,7,12,2,60,60,0.03333333333333333
abz_20x15,abz,20x15,7,13,7,60,60,0.11666666666666667
abz_20x15,abz,20x15,7,14,2,60,60,0.03333333333333333
abz_20x15,abz,20x15,8,0,6,60,60,0.1
abz_20x15,abz,20x15,8,1,6,60,60,0.1
abz_20x15,abz,20x15,8,2,4,60,60,0.06666666666666667
abz_20x15,abz,20x15,8,3,7,60,60,0.11666666666666667
abz_20x15,abz,20x15,8,4,1,60,60,0.016666666666666666
abz_20x15,abz,20x15,8,5,4,60,60,0.06666666666666667
abz_20x15,abz,20x15,8,6,1,60,60,0.016666666666666666
abz_20x15,abz,20x15,8,7,4,60,60,0.06666666666666667
abz_20x15,abz,20x15,8,8,2,60,60,0.03333333333333333
abz_20x15,abz,20x15,8,9,5,60,60,0.08333333333333333
abz_20x15,abz,20x15,8,10,6,60,60,0.1
abz_20x15,abz,20x15,8,11,4,60,60,0.06666666666666667
abz_20x15,abz,20x15,8,12,3,60,60,0.05
abz_20x15,abz,20x15,8,13,4,60,60,0.06666666666666667
abz_20x15,abz,20x15,8,14,3,60,60,0.05
abz_20x15,abz,20x15,9,0,2,60,60,0.03333333333333333
abz_20x15,abz,20x15,9,1,3,60,60,0.05
abz_20x15,abz,20x15,9,2,8,60,60,0.13333333333333333
abz_20x15,abz,20x15,9,3,5,60,60,0.08333333333333333
abz_20x15,abz,20x15,9,4,1,60,60,0.016666666666666666
abz_20x15,abz,20x15,9,5,3,60,60,0.05
abz_20x15,abz,20x15,9,6,4,60,60,0.06666666666666667
abz_20x15,abz,20x15,9,7,7,60,60,0.11666666666666667
abz_20x15,abz,20x15,9,8,2,60,60,0.03333333333333333
abz_20x15,abz,20x15,9,9,5,60,60,0.08333333333333333
abz_20x15,abz,20x15,9,10,4,60,60,0.06666666666666667
abz_20x15,abz,20x15,9,11,6,60,60,0.1
abz_20x15,abz,20x15,9,12,4,60,60,0.06666666666666667
abz_20x15,abz,20x15,9,13,5,60,60,0.08333333333333333
abz_20x15,abz,20x15,9,14,1,60,60,0.016666666666666666
abz_20x15,abz,20x15,10,0,2,60,60,0.03333333333333333
abz_20x15,abz,20x15,10,1,6,60,60,0.1
abz_20x15,abz,20x15,10,2,6,60,60,0.1
abz_20x15,abz,20x15,10,3,1,60,60,0.016666666666666666
abz_20x15,abz,20x15,10,4,9,60,60,0.15
abz_20x15,abz,20x15,10,5,1,60,60,0.016666666666666666
abz_20x15,abz,20x15,10,6,4,60,60,0.06666666666666667
abz_20x15,abz,20x15,10,7,6,60,60,0.1
abz_20x15,abz,20x15,10,8,1,60,60,0.016666666666666666
abz_20x15,abz,20x15,10,9,2,60,60,0.03333333333333333
abz_20x15,abz,20x15,10,10,7,60,60,0.11666666666666667
abz_20x15,abz,20x15,10,11,5,60,60,0.08333333333333333
abz_20x15,abz,20x15,10,12,3,60,60,0.05
abz_20x15,abz,20x15,10,13,1,60,60,0.016666666666666666
abz_20x15,abz,20x15,10,14,6,60,60,0.1
abz_20x15,abz,20x15,11,0,2,60,60,0.03333333333333333
abz_20x15,abz,20x15,11,1,10,60,60,0.16666666666666666
abz_20x15,abz,20x15,11,2,5,60,60,0.08333333333333333
abz_20x15,abz,20x15,11,3,5,60,60,0.08333333333333333
abz_20x15,abz,20x15,11,4,5,60,60,0.08333333333333333
abz_20x15,abz,20x15,11,5,1,60,60,0.016666666666666666
abz_20x15,abz,20x15,11,6,1,60,60,0.016666666666666666
abz_20x15,abz,20x15,11,7,2,60,60,0.03333333333333333
abz_20x15,abz,20x15,11,8,2,60,60,0.03333333333333333
abz_20x15,abz,20x15,11,9,3,60,60,0.05
abz_20x15,abz,20x15,11,10,5,60,60,0.08333333333333333
abz_20x15,abz,20x15,11,11,7,60,60,0.11666666666666667
abz_20x15,abz,20x15,11,12,3,60,60,0.05
abz_20x15,abz,20x15,11,13,3,60,60,0.05
abz_20x15,abz,20x15,11,14,6,60,60,0.1
abz_20x15,abz,20x15,12,0,5,60,60,0.08333333333333333
abz_20x15,abz,20x15,12,1,6,60,60,0.1
abz_20x15,abz,20x15,12,2,3,60,60,0.05
abz_20x15,abz,20x15,12,3,5,60,60,0.08333333333333333
abz_20x15,abz,20x15,12,4,2,60,60,0.03333333333333333
abz_20x15,abz,20x15,12,5,5,60,60,0.08333333333333333
abz_20x15,abz,20x15,12,6,4,60,60,0.06666666666666667
abz_20x15,abz,20x15,12,7,3,60,60,0.05
abz_20x15,abz,20x15,12,8,2,60,60,0.03333333333333333
abz_20x15,abz,20x15,12,9,3,60,60,0.05
abz_20x15,abz,20x15,12,10,2,60,60,0.03333333333333333
abz_20x15,abz,20x15,12,11,6,60,60,0.1
abz_20x15,abz,20x15,12,12,3,60,60,0.05
abz_20x15,abz,20x15,12,13,5,60,60,0.08333333333333333
abz_20x15,abz,20x15,12,14,6,60,60,0.1
abz_20x15,abz,20x15,13,0,4,60,60,0.06666666666666667
abz_20x15,abz,20x15,13,1,3,60,60,0.05
abz_20x15,abz,20x15,13,2,5,60,60,0.08333333333333333
abz_20x15,abz,20x15,13,3,0,60,60,0.0
abz_20x15,abz,20x15,13,4,6,60,60,0.1
abz_20x15,abz,20x15,13,5,1,60,60,0.016666666666666666
abz_20x15,abz,20x15,13,6,3,60,60,0.05
abz_20x15,abz,20x15,13,7,5,60,60,0.08333333333333333
abz_20x15,abz,20x15,13,8,4,60,60,0.06666666666666667
abz_20x15,abz,20x15,13,9,7,60,60,0.11666666666666667
abz_20x15,abz,20x15,13,10,3,60,60,0.05
abz_20x15,abz,20x15,13,11,4,60,60,0.06666666666666667
abz_20x15,abz,20x15,13,12,7,60,60,0.11666666666666667
abz_20x15,abz,20x15,13,13,5,60,60,0.08333333333333333
abz_20x15,abz,20x15,13,14,3,60,60,0.05
abz_20x15,abz,20x15,14,0,8,60,60,0.13333333333333333
abz_20x15,abz,20x15,14,1,4,60,60,0.06666666666666667
abz_20x15,abz,20x15,14,2,4,60,60,0.06666666666666667
abz_20x15,abz,20x15,14,3,1,60,60,0.016666666666666666
abz_20x15,abz,20x15,14,4,3,60,60,0.05
abz_20x15,abz,20x15,14,5,2,60,60,0.03333333333333333
abz_20x15,abz,20x15,14,6,5,60,60,0.08333333333333333
abz_20x15,abz,20x15,14,7,5,60,60,0.08333333333333333
abz_20x15,abz,20x15,14,8,6,60,60,0.1
abz_20x15,abz,20x15,14,9,4,60,60,0.06666666666666667
abz_20x15,abz,20x15,14,10,6,60,60,0.1
abz_20x15,abz,20x15,14,11,2,60,60,0.03333333333333333
abz_20x15,abz,20x15,14,12,5,60,60,0.08333333333333333
abz_20x15,abz,20x15,14,13,3,60,60,0.05
abz_20x15,abz,20x15,14,14,2,60,60,0.03333333333333333
ft_10x10,ft,10x10,0,0,3,10,10,0.3
ft_10x10,ft,10x10,0,1,4,10,10,0.4
ft_10x10,ft,10x10,0,2,3,10,10,0.3
ft_10x10,ft,10x10,0,3,0,10,10,0.0
ft_10x10,ft,10x10,0,4,0,10,10,0.0
ft_10x10,ft,10x10,0,5,0,10,10,0.0
ft_10x10,ft,10x10,0,6,0,10,10,0.0
ft_10x10,ft,10x10,0,7,0,10,10,0.0
ft_10x10,ft,10x10,0,8,0,10,10,0.0
ft_10x10,ft,10x10,0,9,0,10,10,0.0
ft_10x10,ft,10x10,1,0,5,10,10,0.5
ft_10x10,ft,10x10,1,1,3,10,10,0.3
ft_10x10,ft,10x10,1,2,2,10,10,0.2
ft_10x10,ft,10x10,1,3,0,10,10,0.0
ft_10x10,ft,10x10,1,4,0,10,10,0.0
ft_10x10,ft,10x10,1,5,0,10,10,0.0
ft_10x10,ft,10x10,1,6,0,10,10,0.0
ft_10x10,ft,10x10,1,7,0,10,10,0.0
ft_10x10,ft,10x10,1,8,0,10,10,0.0
ft_10x10,ft,10x10,1,9,0,10,10,0.0
ft_10x10,ft,10x10,2,0,1,10,10,0.1
ft_10x10,ft,10x10,2,1,2,10,10,0.2
ft_10x10,ft,10x10,2,2,2,10,10,0.2
ft_10x10,ft,10x10,2,3,3,10,10,0.3
ft_10x10,ft,10x10,2,4,1,10,10,0.1
ft_10x10,ft,10x10,2,5,1,10,10,0.1
ft_10x10,ft,10x10,2,6,0,10,10,0.0
ft_10x10,ft,10x10,2,7,0,10,10,0.0
ft_10x10,ft,10x10,2,8,0,10,10,0.0
ft_10x10,ft,10x10,2,9,0,10,10,0.0
ft_10x10,ft,10x10,3,0,0,10,10,0.0
ft_10x10,ft,10x10,3,1,0,10,10,0.0
ft_10x10,ft,10x10,3,2,2,10,10,0.2
ft_10x10,ft,10x10,3,3,2,10,10,0.2
ft_10x10,ft,10x10,3,4,1,10,10,0.1
ft_10x10,ft,10x10,3,5,3,10,10,0.3
ft_10x10,ft,10x10,3,6,1,10,10,0.1
ft_10x10,ft,10x10,3,7,0,10,10,0.0
ft_10x10,ft,10x10,3,8,0,10,10,0.0
ft_10x10,ft,10x10,3,9,1,10,10,0.1
ft_10x10,ft,10x10,4,0,0,10,10,0.0
ft_10x10,ft,10x10,4,1,0,10,10,0.0
ft_10x10,ft,10x10,4,2,1,10,10,0.1
ft_10x10,ft,10x10,4,3,2,10,10,0.2
ft_10x10,ft,10x10,4,4,2,10,10,0.2
ft_10x10,ft,10x10,4,5,0,10,10,0.0
ft_10x10,ft,10x10,4,6,2,10,10,0.2
ft_10x10,ft,10x10,4,7,0,10,10,0.0
ft_10x10,ft,10x10,4,8,3,10,10,0.3
ft_10x10,ft,10x10,4,9,0,10,10,0.0
ft_10x10,ft,10x10,5,0,0,10,10,0.0
ft_10x10,ft,10x10,5,1,1,10,10,0.1
ft_10x10,ft,10x10,5,2,0,10,10,0.0
ft_10x10,ft,10x10,5,3,0,10,10,0.0
ft_10x10,ft,10x10,5,4,1,10,10,0.1
ft_10x10,ft,10x10,5,5,3,10,10,0.3
ft_10x10,ft,10x10,5,6,1,10,10,0.1
ft_10x10,ft,10x10,5,7,0,10,10,0.0
ft_10x10,ft,10x10,5,8,1,10,10,0.1
ft_10x10,ft,10x10,5,9,3,10,10,0.3
ft_10x10,ft,10x10,6,0,1,10,10,0.1
ft_10x10,ft,10x10,6,1,0,10,10,0.0
ft_10x10,ft,10x10,6,2,0,10,10,0.0
ft_10x10,ft,10x10,6,3,0,10,10,0.0
ft_10x10,ft,10x10,6,4,0,10,10,0.0
ft_10x10,ft,10x10,6,5,1,10,10,0.1
ft_10x10,ft,10x10,6,6,3,10,10,0.3
ft_10x10,ft,10x10,6,7,2,10,10,0.2
ft_10x10,ft,10x10,6,8,2,10,10,0.2
ft_10x10,ft,10x10,6,9,1,10,10,0.1
ft_10x10,ft,10x10,7,0,0,10,10,0.0
ft_10x10,ft,10x10,7,1,0,10,10,0.0
ft_10x10,ft,10x10,7,2,0,10,10,0.0
ft_10x10,ft,10x10,7,3,2,10,10,0.2
ft_10x10,ft,10x10,7,4,0,10,10,0.0
ft_10x10,ft,10x10,7,5,1,10,10,0.1
ft_10x10,ft,10x10,7,6,2,10,10,0.2
ft_10x10,ft,10x10,7,7,3,10,10,0.3
ft_10x10,ft,10x10,7,8,1,10,10,0.1
ft_10x10,ft,10x10,7,9,1,10,10,0.1
ft_10x10,ft,10x10,8,0,0,10,10,0.0
ft_10x10,ft,10x10,8,1,0,10,10,0.0
ft_10x10,ft,10x10,8,2,0,10,10,0.0
ft_10x10,ft,10x10,8,3,0,10,10,0.0
ft_10x10,ft,10x10,8,4,3,10,10,0.3
ft_10x10,ft,10x10,8,5,0,10,10,0.0
ft_10x10,ft,10x10,8,6,0,10,10,0.0
ft_10x10,ft,10x10,8,7,3,10,10,0.3
ft_10x10,ft,10x10,8,8,1,10,10,0.1
ft_10x10,ft,10x10,8,9,3,10,10,0.3
ft_10x10,ft,10x10,9,0,0,10,10,0.0
ft_10x10,ft,10x10,9,1,0,10,10,0.0
ft_10x10,ft,10x10,9,2,0,10,10,0.0
ft_10x10,ft,10x10,9,3,1,10,10,0.1
ft_10x10,ft,10x10,9,4,2,10,10,0.2
ft_10x10,ft,10x10,9,5,1,10,10,0.1
ft_10x10,ft,10x10,9,6,1,10,10,0.1
ft_10x10,ft,10x10,9,7,2,10,10,0.2
ft_10x10,ft,10x10,9,8,2,10,10,0.2
ft_10x10,ft,10x10,9,9,1,10,10,0.1
ft_20x5,ft,20x5,0,0,8,20,20,0.4
ft_20x5,ft,20x5,0,1,7,20,20,0.35
ft_20x5,ft,20x5,0,2,5,20,20,0.25
ft_20x5,ft,20x5,0,3,0,20,20,0.0
ft_20x5,ft,20x5,0,4,0,20,20,0.0
ft_20x5,ft,20x5,1,0,6,20,20,0.3
ft_20x5,ft,20x5,1,1,8,20,20,0.4
ft_20x5,ft,20x5,1,2,4,20,20,0.2
ft_20x5,ft,20x5,1,3,2,20,20,0.1
ft_20x5,ft,20x5,1,4,0,20,20,0.0
ft_20x5,ft,20x5,2,0,5,20,20,0.25
ft_20x5,ft,20x5,2,1,4,20,20,0.2
ft_20x5,ft,20x5,2,2,5,20,20,0.25
ft_20x5,ft,20x5,2,3,2,20,20,0.1
ft_20x5,ft,20x5,2,4,4,20,20,0.2
ft_20x5,ft,20x5,3,0,1,20,20,0.05
ft_20x5,ft,20x5,3,1,1,20,20,0.05
ft_20x5,ft,20x5,3,2,4,20,20,0.2
ft_20x5,ft,20x5,3,3,11,20,20,0.55
ft_20x5,ft,20x5,3,4,3,20,20,0.15
ft_20x5,ft,20x5,4,0,0,20,20,0.0
ft_20x5,ft,20x5,4,1,0,20,20,0.0
ft_20x5,ft,20x5,4,2,2,20,20,0.1
ft_20x5,ft,20x5,4,3,5,20,20,0.25
ft_20x5,ft,20x5,4,4,13,20,20,0.65
ft_6x6,ft,6x6,0,0,0,6,6,0.0
ft_6x6,ft,6x6,0,1,3,6,6,0.5
ft_6x6,ft,6x6,0,2,3,6,6,0.5
ft_6x6,ft,6x6,0,3,0,6,6,0.0
ft_6x6,ft,6x6,0,4,0,6,6,0.0
ft_6x6,ft,6x6,0,5,0,6,6,0.0
ft_6x6,ft,6x6,1,0,2,6,6,0.3333333333333333
ft_6x6,ft,6x6,1,1,1,6,6,0.16666666666666666
ft_6x6,ft,6x6,1,2,1,6,6,0.16666666666666666
ft_6x6,ft,6x6,1,3,2,6,6,0.3333333333333333
ft_6x6,ft,6x6,1,4,0,6,6,0.0
ft_6x6,ft,6x6,1,5,0,6,6,0.0
ft_6x6,ft,6x6,2,0,0,6,6,0.0
ft_6x6,ft,6x6,2,1,1,6,6,0.16666666666666666
ft_6x6,ft,6x6,2,2,1,6,6,0.16666666666666666
ft_6x6,ft,6x6,2,3,0,6,6,0.0
ft_6x6,ft,6x6,2,4,2,6,6,0.3333333333333333
ft_6x6,ft,6x6,2,5,2,6,6,0.3333333333333333
ft_6x6,ft,6x6,3,0,2,6,6,0.3333333333333333
ft_6x6,ft,6x6,3,1,0,6,6,0.0
ft_6x6,ft,6x6,3,2,0,6,6,0.0
ft_6x6,ft,6x6,3,3,2,6,6,0.3333333333333333
ft_6x6,ft,6x6,3,4,0,6,6,0.0
ft_6x6,ft,6x6,3,5,2,6,6,0.3333333333333333
ft_6x6,ft,6x6,4,0,2,6,6,0.3333333333333333
ft_6x6,ft,6x6,4,1,1,6,6,0.16666666666666666
ft_6x6,ft,6x6,4,2,0,6,6,0.0
ft_6x6,ft,6x6,4,3,0,6,6,0.0
ft_6x6,ft,6x6,4,4,2,6,6,0.3333333333333333
ft_6x6,ft,6x6,4,5,1,6,6,0.16666666666666666
ft_6x6,ft,6x6,5,0,0,6,6,0.0
ft_6x6,ft,6x6,5,1,0,6,6,0.0
ft_6x6,ft,6x6,5,2,1,6,6,0.16666666666666666
ft_6x6,ft,6x6,5,3,2,6,6,0.3333333333333333
ft_6x6,ft,6x6,5,4,2,6,6,0.3333333333333333
ft_6x6,ft,6x6,5,5,1,6,6,0.16666666666666666
la_10x10,la,10x10,0,0,4,50,50,0.08
la_10x10,la,10x10,0,1,11,50,50,0.22
la_10x10,la,10x10,0,2,7,50,50,0.14
la_10x10,la,10x10,0,3,6,50,50,0.12
la_10x10,la,10x10,0,4,8,50,50,0.16
la_10x10,la,10x10,0,5,2,50,50,0.04
la_10x10,la,10x10,0,6,4,50,50,0.08
la_10x10,la,10x10,0,7,2,50,50,0.04
la_10x10,la,10x10,0,8,2,50,50,0.04
la_10x10,la,10x10,0,9,4,50,50,0.08
la_10x10,la,10x10,1,0,6,50,50,0.12
la_10x10,la,10x10,1,1,5,50,50,0.1
la_10x10,la,10x10,1,2,10,50,50,0.2
la_10x10,la,10x10,1,3,7,50,50,0.14
la_10x10,la,10x10,1,4,3,50,50,0.06
la_10x10,la,10x10,1,5,4,50,50,0.08
la_10x10,la,10x10,1,6,5,50,50,0.1
la_10x10,la,10x10,1,7,5,50,50,0.1
la_10x10,la,10x10,1,8,3,50,50,0.06
la_10x10,la,10x10,1,9,2,50,50,0.04
la_10x10,la,10x10,2,0,5,50,50,0.1
la_10x10,la,10x10,2,1,3,50,50,0.06
la_10x10,la,10x10,2,2,4,50,50,0.08
la_10x10,la,10x10,2,3,8,50,50,0.16
la_10x10,la,10x10,2,4,8,50,50,0.16
la_10x10,la,10x10,2,5,6,50,50,0.12
la_10x10,la,10x10,2,6,4,50,50,0.08
la_10x10,la,10x10,2,7,3,50,50,0.06
la_10x10,la,10x10,2,8,6,50,50,0.12
la_10x10,la,10x10,2,9,3,50,50,0.06
la_10x10,la,10x10,3,0,5,50,50,0.1
la_10x10,la,10x10,3,1,5,50,50,0.1
la_10x10,la,10x10,3,2,6,50,50,0.12
la_10x10,la,10x10,3,3,7,50,50,0.14
la_10x10,la,10x10,3,4,6,50,50,0.12
la_10x10,la,10x10,3,5,7,50,50,0.14
la_10x10,la,10x10,3,6,2,50,50,0.04
la_10x10,la,10x10,3,7,4,50,50,0.08
la_10x10,la,10x10,3,8,3,50,50,0.06
la_10x10,la,10x10,3,9,5,50,50,0.1
la_10x10,la,10x10,4,0,7,50,50,0.14
la_10x10,la,10x10,4,1,6,50,50,0.12
la_10x10,la,10x10,4,2,5,50,50,0.1
la_10x10,la,10x10,4,3,5,50,50,0.1
la_10x10,la,10x10,4,4,5,50,50,0.1
la_10x10,la,10x10,4,5,1,50,50,0.02
la_10x10,la,10x10,4,6,5,50,50,0.1
la_10x10,la,10x10,4,7,6,50,50,0.12
la_10x10,la,10x10,4,8,6,50,50,0.12
la_10x10,la,10x10,4,9,4,50,50,0.08
la_10x10,la,10x10,5,0,3,50,50,0.06
la_10x10,la,10x10,5,1,1,50,50,0.02
la_10x10,la,10x10,5,2,5,50,50,0.1
la_10x10,la,10x10,5,3,5,50,50,0.1
la_10x10,la,10x10,5,4,2,50,50,0.04
la_10x10,la,10x10,5,5,5,50,50,0.1
la_10x10,la,10x10,5,6,10,50,50,0.2
la_10x10,la,10x10,5,7,8,50,50,0.16
la_10x10,la,10x10,5,8,6,50,50,0.12
la_10x10,la,10x10,5,9,5,50,50,0.1
la_10x10,la,10x10,6,0,4,50,50,0.08
la_10x10,la,10x10,6,1,3,50,50,0.06
la_10x10,la,10x10,6,2,1,50,50,0.02
la_10x10,la,10x10,6,3,4,50,50,0.08
la_10x10,la,10x10,6,4,8,50,50,0.16
la_10x10,la,10x10,6,5,3,50,50,0.06
la_10x10,la,10x10,6,6,5,50,50,0.1
la_10x10,la,10x10,6,7,7,50,50,0.14
la_10x10,la,10x10,6,8,13,50,50,0.26
la_10x10,la,10x10,6,9,2,50,50,0.04
la_10x10,la,10x10,7,0,6,50,50,0.12
la_10x10,la,10x10,7,1,3,50,50,0.06
la_10x10,la,10x10,7,2,3,50,50,0.06
la_10x10,la,10x10,7,3,2,50,50,0.04
la_10x10,la,10x10,7,4,3,50,50,0.06
la_10x10,la,10x10,7,5,7,50,50,0.14
la_10x10,la,10x10,7,6,6,50,50,0.12
la_10x10,la,10x10,7,7,2,50,50,0.04
la_10x10,la,10x10,7,8,8,50,50,0.16
la_10x10,la,10x10,7,9,10,50,50,0.2
la_10x10,la,10x10,8,0,2,50,50,0.04
la_10x10,la,10x10,8,1,8,50,50,0.16
la_10x10,la,10x10,8,2,6,50,50,0.12
la_10x10,la,10x10,8,3,4,50,50,0.08
la_10x10,la,10x10,8,4,3,50,50,0.06
la_10x10,la,10x10,8,5,5,50,50,0.1
la_10x10,la,10x10,8,6,5,50,50,0.1
la_10x10,la,10x10,8,7,7,50,50,0.14
la_10x10,la,10x10,8,8,0,50,50,0.0
la_10x10,la,10x10,8,9,10,50,50,0.2
la_10x10,la,10x10,9,0,8,50,50,0.16
la_10x10,la,10x10,9,1,5,50,50,0.1
la_10x10,la,10x10,9,2,3,50,50,0.06
la_10x10,la,10x10,9,3,2,50,50,0.04
la_10x10,la,10x10,9,4,4,50,50,0.08
la_10x10,la,10x10,9,5,10,50,50,0.2
la_10x10,la,10x10,9,6,4,50,50,0.08
la_10x10,la,10x10,9,7,6,50,50,0.12
la_10x10,la,10x10,9,8,3,50,50,0.06
la_10x10,la,10x10,9,9,5,50,50,0.1
la_10x5,la,10x5,0,0,6,50,50,0.12
la_10x5,la,10x5,0,1,13,50,50,0.26
la_10x5,la,10x5,0,2,10,50,50,0.2
la_10x5,la,10x5,0,3,6,50,50,0.12
la_10x5,la,10x5,0,4,15,50,50,0.3
la_10x5,la,10x5,1,0,14,50,50,0.28
la_10x5,la,10x5,1,1,7,50,50,0.14
la_10x5,la,10x5,1,2,10,50,50,0.2
la_10x5,la,10x5,1,3,14,50,50,0.28
la_10x5,la,10x5,1,4,5,50,50,0.1
la_10x5,la,10x5,2,0,13,50,50,0.26
la_10x5,la,10x5,2,1,9,50,50,0.18
la_10x5,la,10x5,2,2,6,50,50,0.12
la_10x5,la,10x5,2,3,8,50,50,0.16
la_10x5,la,10x5,2,4,14,50,50,0.28
la_10x5,la,10x5,3,0,9,50,50,0.18
la_10x5,la,10x5,3,1,11,50,50,0.22
la_10x5,la,10x5,3,2,12,50,50,0.24
la_10x5,la,10x5,3,3,8,50,50,0.16
la_10x5,la,10x5,3,4,10,50,50,0.2
la_10x5,la,10x5,4,0,8,50,50,0.16
la_10x5,la,10x5,4,1,10,50,50,0.2
la_10x5,la,10x5,4,2,12,50,50,0.24
la_10x5,la,10x5,4,3,14,50,50,0.28
la_10x5,la,10x5,4,4,6,50,50,0.12
la_15x10,la,15x10,0,0,4,75,75,0.05333333333333334
la_15x10,la,15x10,0,1,11,75,75,0.14666666666666667
la_15x10,la,15x10,0,2,9,75,75,0.12
la_15x10,la,15x10,0,3,7,75,75,0.09333333333333334
la_15x10,la,15x10,0,4,10,75,75,0.13333333333333333
la_15x10,la,15x10,0,5,6,75,75,0.08
la_15x10,la,15x10,0,6,7,75,75,0.09333333333333334
la_15x10,la,15x10,0,7,6,75,75,0.08
la_15x10,la,15x10,0,8,9,75,75,0.12
la_15x10,la,15x10,0,9,6,75,75,0.08
la_15x10,la,15x10,1,0,7,75,75,0.09333333333333334
la_15x10,la,15x10,1,1,7,75,75,0.09333333333333334
la_15x10,la,15x10,1,2,14,75,75,0.18666666666666668
la_15x10,la,15x10,1,3,9,75,75,0.12
la_15x10,la,15x10,1,4,5,75,75,0.06666666666666667
la_15x10,la,15x10,1,5,11,75,75,0.14666666666666667
la_15x10,la,15x10,1,6,3,75,75,0.04
la_15x10,la,15x10,1,7,7,75,75,0.09333333333333334
la_15x10,la,15x10,1,8,5,75,75,0.06666666666666667
la_15x10,la,15x10,1,9,7,75,75,0.09333333333333334
la_15x10,la,15x10,2,0,11,75,75,0.14666666666666667
la_15x10,la,15x10,2,1,2,75,75,0.02666666666666667
la_15x10,la,15x10,2,2,7,75,75,0.09333333333333334
la_15x10,la,15x10,2,3,9,75,75,0.12
la_15x10,la,15x10,2,4,10,75,75,0.13333333333333333
la_15x10,la,15x10,2,5,6,75,75,0.08
la_15x10,la,15x10,2,6,9,75,75,0.12
la_15x10,la,15x10,2,7,7,75,75,0.09333333333333334
la_15x10,la,15x10,2,8,10,75,75,0.13333333333333333
la_15x10,la,15x10,2,9,4,75,75,0.05333333333333334
la_15x10,la,15x10,3,0,6,75,75,0.08
la_15x10,la,15x10,3,1,8,75,75,0.10666666666666667
la_15x10,la,15x10,3,2,8,75,75,0.10666666666666667
la_15x10,la,15x10,3,3,5,75,75,0.06666666666666667
la_15x10,la,15x10,3,4,10,75,75,0.13333333333333333
la_15x10,la,15x10,3,5,10,75,75,0.13333333333333333
la_15x10,la,15x10,3,6,13,75,75,0.17333333333333334
la_15x10,la,15x10,3,7,4,75,75,0.05333333333333334
la_15x10,la,15x10,3,8,5,75,75,0.06666666666666667
la_15x10,la,15x10,3,9,6,75,75,0.08
la_15x10,la,15x10,4,0,9,75,75,0.12
la_15x10,la,15x10,4,1,8,75,75,0.10666666666666667
la_15x10,la,15x10,4,2,9,75,75,0.12
la_15x10,la,15x10,4,3,7,75,75,0.09333333333333334
la_15x10,la,15x10,4,4,13,75,75,0.17333333333333334
la_15x10,la,15x10,4,5,3,75,75,0.04
la_15x10,la,15x10,4,6,3,75,75,0.04
la_15x10,la,15x10,4,7,8,75,75,0.10666666666666667
la_15x10,la,15x10,4,8,6,75,75,0.08
la_15x10,la,15x10,4,9,9,75,75,0.12
la_15x10,la,15x10,5,0,7,75,75,0.09333333333333334
la_15x10,la,15x10,5,1,3,75,75,0.04
la_15x10,la,15x10,5,2,5,75,75,0.06666666666666667
la_15x10,la,15x10,5,3,9,75,75,0.12
la_15x10,la,15x10,5,4,5,75,75,0.06666666666666667
la_15x10,la,15x10,5,5,6,75,75,0.08
la_15x10,la,15x10,5,6,13,75,75,0.17333333333333334
la_15x10,la,15x10,5,7,11,75,75,0.14666666666666667
la_15x10,la,15x10,5,8,10,75,75,0.13333333333333333
la_15x10,la,15x10,5,9,6,75,75,0.08
la_15x10,la,15x10,6,0,7,75,75,0.09333333333333334
la_15x10,la,15x10,6,1,6,75,75,0.08
la_15x10,la,15x10,6,2,7,75,75,0.09333333333333334
la_15x10,la,15x10,6,3,8,75,75,0.10666666666666667
la_15x10,la,15x10,6,4,5,75,75,0.06666666666666667
la_15x10,la,15x10,6,5,9,75,75,0.12
la_15x10,la,15x10,6,6,7,75,75,0.09333333333333334
la_15x10,la,15x10,6,7,8,75,75,0.10666666666666667
la_15x10,la,15x10,6,8,11,75,75,0.14666666666666667
la_15x10,la,15x10,6,9,7,75,75,0.09333333333333334
la_15x10,la,15x10,7,0,8,75,75,0.10666666666666667
la_15x10,la,15x10,7,1,11,75,75,0.14666666666666667
la_15x10,la,15x10,7,2,4,75,75,0.05333333333333334
la_15x10,la,15x10,7,3,8,75,75,0.10666666666666667
la_15x10,la,15x10,7,4,4,75,75,0.05333333333333334
la_15x10,la,15x10,7,5,12,75,75,0.16
la_15x10,la,15x10,7,6,8,75,75,0.10666666666666667
la_15x10,la,15x10,7,7,4,75,75,0.05333333333333334
la_15x10,la,15x10,7,8,7,75,75,0.09333333333333334
la_15x10,la,15x10,7,9,9,75,75,0.12
la_15x10,la,15x10,8,0,5,75,75,0.06666666666666667
la_15x10,la,15x10,8,1,9,75,75,0.12
la_15x10,la,15x10,8,2,6,75,75,0.08
la_15x10,la,15x10,8,3,6,75,75,0.08
la_15x10,la,15x10,8,4,4,75,75,0.05333333333333334
la_15x10,la,15x10,8,5,7,75,75,0.09333333333333334
la_15x10,la,15x10,8,6,5,75,75,0.06666666666666667
la_15x10,la,15x10,8,7,10,75,75,0.13333333333333333
la_15x10,la,15x10,8,8,6,75,75,0.08
la_15x10,la,15x10,8,9,17,75,75,0.22666666666666666
la_15x10,la,15x10,9,0,11,75,75,0.14666666666666667
la_15x10,la,15x10,9,1,10,75,75,0.13333333333333333
la_15x10,la,15x10,9,2,6,75,75,0.08
la_15x10,la,15x10,9,3,7,75,75,0.09333333333333334
la_15x10,la,15x10,9,4,9,75,75,0.12
la_15x10,la,15x10,9,5,5,75,75,0.06666666666666667
la_15x10,la,15x10,9,6,7,75,75,0.09333333333333334
la_15x10,la,15x10,9,7,10,75,75,0.13333333333333333
la_15x10,la,15x10,9,8,6,75,75,0.08
la_15x10,la,15x10,9,9,4,75,75,0.05333333333333334
la_15x15,la,15x15,0,0,5,75,75,0.06666666666666667
la_15x15,la,15x15,0,1,7,75,75,0.09333333333333334
la_15x15,la,15x15,0,2,4,75,75,0.05333333333333334
la_15x15,la,15x15,0,3,8,75,75,0.10666666666666667
la_15x15,la,15x15,0,4,5,75,75,0.06666666666666667
la_15x15,la,15x15,0,5,5,75,75,0.06666666666666667
la_15x15,la,15x15,0,6,3,75,75,0.04
la_15x15,la,15x15,0,7,4,75,75,0.05333333333333334
la_15x15,la,15x15,0,8,1,75,75,0.013333333333333334
la_15x15,la,15x15,0,9,7,75,75,0.09333333333333334
la_15x15,la,15x15,0,10,8,75,75,0.10666666666666667
la_15x15,la,15x15,0,11,7,75,75,0.09333333333333334
la_15x15,la,15x15,0,12,3,75,75,0.04
la_15x15,la,15x15,0,13,3,75,75,0.04
la_15x15,la,15x15,0,14,5,75,75,0.06666666666666667
la_15x15,la,15x15,1,0,5,75,75,0.06666666666666667
la_15x15,la,15x15,1,1,5,75,75,0.06666666666666667
la_15x15,la,15x15,1,2,3,75,75,0.04
la_15x15,la,15x15,1,3,7,75,75,0.09333333333333334
la_15x15,la,15x15,1,4,6,75,75,0.08
la_15x15,la,15x15,1,5,9,75,75,0.12
la_15x15,la,15x15,1,6,7,75,75,0.09333333333333334
la_15x15,la,15x15,1,7,8,75,75,0.10666666666666667
la_15x15,la,15x15,1,8,4,75,75,0.05333333333333334
la_15x15,la,15x15,1,9,2,75,75,0.02666666666666667
la_15x15,la,15x15,1,10,5,75,75,0.06666666666666667
la_15x15,la,15x15,1,11,1,75,75,0.013333333333333334
la_15x15,la,15x15,1,12,5,75,75,0.06666666666666667
la_15x15,la,15x15,1,13,3,75,75,0.04
la_15x15,la,15x15,1,14,5,75,75,0.06666666666666667
la_15x15,la,15x15,2,0,6,75,75,0.08
la_15x15,la,15x15,2,1,4,75,75,0.05333333333333334
la_15x15,la,15x15,2,2,4,75,75,0.05333333333333334
la_15x15,la,15x15,2,3,8,75,75,0.10666666666666667
la_15x15,la,15x15,2,4,11,75,75,0.14666666666666667
la_15x15,la,15x15,2,5,6,75,75,0.08
la_15x15,la,15x15,2,6,6,75,75,0.08
la_15x15,la,15x15,2,7,4,75,75,0.05333333333333334
la_15x15,la,15x15,2,8,2,75,75,0.02666666666666667
la_15x15,la,15x15,2,9,7,75,75,0.09333333333333334
la_15x15,la,15x15,2,10,4,75,75,0.05333333333333334
la_15x15,la,15x15,2,11,7,75,75,0.09333333333333334
la_15x15,la,15x15,2,12,3,75,75,0.04
la_15x15,la,15x15,2,13,3,75,75,0.04
la_15x15,la,15x15,2,14,0,75,75,0.0
la_15x15,la,15x15,3,0,2,75,75,0.02666666666666667
la_15x15,la,15x15,3,1,2,75,75,0.02666666666666667
la_15x15,la,15x15,3,2,6,75,75,0.08
la_15x15,la,15x15,3,3,4,75,75,0.05333333333333334
la_15x15,la,15x15,3,4,8,75,75,0.10666666666666667
la_15x15,la,15x15,3,5,9,75,75,0.12
la_15x15,la,15x15,3,6,7,75,75,0.09333333333333334
la_15x15,la,15x15,3,7,4,75,75,0.05333333333333334
la_15x15,la,15x15,3,8,5,75,75,0.06666666666666667
la_15x15,la,15x15,3,9,8,75,75,0.10666666666666667
la_15x15,la,15x15,3,10,1,75,75,0.013333333333333334
la_15x15,la,15x15,3,11,3,75,75,0.04
la_15x15,la,15x15,3,12,7,75,75,0.09333333333333334
la_15x15,la,15x15,3,13,4,75,75,0.05333333333333334
la_15x15,la,15x15,3,14,5,75,75,0.06666666666666667
la_15x15,la,15x15,4,0,5,75,75,0.06666666666666667
la_15x15,la,15x15,4,1,5,75,75,0.06666666666666667
la_15x15,la,15x15,4,2,4,75,75,0.05333333333333334
la_15x15,la,15x15,4,3,5,75,75,0.06666666666666667
la_15x15,la,15x15,4,4,10,75,75,0.13333333333333333
la_15x15,la,15x15,4,5,2,75,75,0.02666666666666667
la_15x15,la,15x15,4,6,2,75,75,0.02666666666666667
la_15x15,la,15x15,4,7,5,75,75,0.06666666666666667
la_15x15,la,15x15,4,8,4,75,75,0.05333333333333334
la_15x15,la,15x15,4,9,5,75,75,0.06666666666666667
la_15x15,la,15x15,4,10,7,75,75,0.09333333333333334
la_15x15,la,15x15,4,11,6,75,75,0.08
la_15x15,la,15x15,4,12,3,75,75,0.04
la_15x15,la,15x15,4,13,3,75,75,0.04
la_15x15,la,15x15,4,14,9,75,75,0.12
la_15x15,la,15x15,5,0,9,75,75,0.12
la_15x15,la,15x15,5,1,5,75,75,0.06666666666666667
la_15x15,la,15x15,5,2,4,75,75,0.05333333333333334
la_15x15,la,15x15,5,3,4,75,75,0.05333333333333334
la_15x15,la,15x15,5,4,1,75,75,0.013333333333333334
la_15x15,la,15x15,5,5,5,75,75,0.06666666666666667
la_15x15,la,15x15,5,6,7,75,75,0.09333333333333334
la_15x15,la,15x15,5,7,1,75,75,0.013333333333333334
la_15x15,la,15x15,5,8,5,75,75,0.06666666666666667
la_15x15,la,15x15,5,9,3,75,75,0.04
la_15x15,la,15x15,5,10,5,75,75,0.06666666666666667
la_15x15,la,15x15,5,11,4,75,75,0.05333333333333334
la_15x15,la,15x15,5,12,7,75,75,0.09333333333333334
la_15x15,la,15x15,5,13,6,75,75,0.08
la_15x15,la,15x15,5,14,9,75,75,0.12
la_15x15,la,15x15,6,0,5,75,75,0.06666666666666667
la_15x15,la,15x15,6,1,5,75,75,0.06666666666666667
la_15x15,la,15x15,6,2,6,75,75,0.08
la_15x15,la,15x15,6,3,5,75,75,0.06666666666666667
la_15x15,la,15x15,6,4,3,75,75,0.04
la_15x15,la,15x15,6,5,4,75,75,0.05333333333333334
la_15x15,la,15x15,6,6,7,75,75,0.09333333333333334
la_15x15,la,15x15,6,7,3,75,75,0.04
la_15x15,la,15x15,6,8,6,75,75,0.08
la_15x15,la,15x15,6,9,9,75,75,0.12
la_15x15,la,15x15,6,10,3,75,75,0.04
la_15x15,la,15x15,6,11,6,75,75,0.08
la_15x15,la,15x15,6,12,6,75,75,0.08
la_15x15,la,15x15,6,13,2,75,75,0.02666666666666667
la_15x15,la,15x15,6,14,5,75,75,0.06666666666666667
la_15x15,la,15x15,7,0,3,75,75,0.04
la_15x15,la,15x15,7,1,2,75,75,0.02666666666666667
la_15x15,la,15x15,7,2,4,75,75,0.05333333333333334
la_15x15,la,15x15,7,3,4,75,75,0.05333333333333334
la_15x15,la,15x15,7,4,8,75,75,0.10666666666666667
la_15x15,la,15x15,7,5,5,75,75,0.06666666666666667
la_15x15,la,15x15,7,6,6,75,75,0.08
la_15x15,la,15x15,7,7,7,75,75,0.09333333333333334
la_15x15,la,15x15,7,8,9,75,75,0.12
la_15x15,la,15x15,7,9,3,75,75,0.04
la_15x15,la,15x15,7,10,6,75,75,0.08
la_15x15,la,15x15,7,11,4,75,75,0.05333333333333334
la_15x15,la,15x15,7,12,4,75,75,0.05333333333333334
la_15x15,la,15x15,7,13,8,75,75,0.10666666666666667
la_15x15,la,15x15,7,14,2,75,75,0.02666666666666667
la_15x15,la,15x15,8,0,4,75,75,0.05333333333333334
la_15x15,la,15x15,8,1,6,75,75,0.08
la_15x15,la,15x15,8,2,4,75,75,0.05333333333333334
la_15x15,la,15x15,8,3,2,75,75,0.02666666666666667
la_15x15,la,15x15,8,4,3,75,75,0.04
la_15x15,la,15x15,8,5,3,75,75,0.04
la_15x15,la,15x15,8,6,7,75,75,0.09333333333333334
la_15x15,la,15x15,8,7,5,75,75,0.06666666666666667
la_15x15,la,15x15,8,8,4,75,75,0.05333333333333334
la_15x15,la,15x15,8,9,6,75,75,0.08
la_15x15,la,15x15,8,10,8,75,75,0.10666666666666667
la_15x15,la,15x15,8,11,6,75,75,0.08
la_15x15,la,15x15,8,12,6,75,75,0.08
la_15x15,la,15x15,8,13,8,75,75,0.10666666666666667
la_15x15,la,15x15,8,14,3,75,75,0.04
la_15x15,la,15x15,9,0,6,75,75,0.08
la_15x15,la,15x15,9,1,7,75,75,0.09333333333333334
la_15x15,la,15x15,9,2,1,75,75,0.013333333333333334
la_15x15,la,15x15,9,3,6,75,75,0.08
la_15x15,la,15x15,9,4,2,75,75,0.02666666666666667
la_15x15,la,15x15,9,5,6,75,75,0.08
la_15x15,la,15x15,9,6,4,75,75,0.05333333333333334
la_15x15,la,15x15,9,7,7,75,75,0.09333333333333334
la_15x15,la,15x15,9,8,8,75,75,0.10666666666666667
la_15x15,la,15x15,9,9,5,75,75,0.06666666666666667
la_15x15,la,15x15,9,10,6,75,75,0.08
la_15x15,la,15x15,9,11,4,75,75,0.05333333333333334
la_15x15,la,15x15,9,12,3,75,75,0.04
la_15x15,la,15x15,9,13,10,75,75,0.13333333333333333
la_15x15,la,15x15,9,14,0,75,75,0.0
la_15x15,la,15x15,10,0,4,75,75,0.05333333333333334
la_15x15,la,15x15,10,1,5,75,75,0.06666666666666667
la_15x15,la,15x15,10,2,8,75,75,0.10666666666666667
la_15x15,la,15x15,10,3,3,75,75,0.04
la_15x15,la,15x15,10,4,1,75,75,0.013333333333333334
la_15x15,la,15x15,10,5,8,75,75,0.10666666666666667
la_15x15,la,15x15,10,6,5,75,75,0.06666666666666667
la_15x15,la,15x15,10,7,5,75,75,0.06666666666666667
la_15x15,la,15x15,10,8,6,75,75,0.08
la_15x15,la,15x15,10,9,2,75,75,0.02666666666666667
la_15x15,la,15x15,10,10,1,75,75,0.013333333333333334
la_15x15,la,15x15,10,11,12,75,75,0.16
la_15x15,la,15x15,10,12,6,75,75,0.08
la_15x15,la,15x15,10,13,5,75,75,0.06666666666666667
la_15x15,la,15x15,10,14,4,75,75,0.05333333333333334
la_15x15,la,15x15,11,0,3,75,75,0.04
la_15x15,la,15x15,11,1,7,75,75,0.09333333333333334
la_15x15,la,15x15,11,2,2,75,75,0.02666666666666667
la_15x15,la,15x15,11,3,4,75,75,0.05333333333333334
la_15x15,la,15x15,11,4,3,75,75,0.04
la_15x15,la,15x15,11,5,4,75,75,0.05333333333333334
la_15x15,la,15x15,11,6,6,75,75,0.08
la_15x15,la,15x15,11,7,10,75,75,0.13333333333333333
la_15x15,la,15x15,11,8,9,75,75,0.12
la_15x15,la,15x15,11,9,3,75,75,0.04
la_15x15,la,15x15,11,10,6,75,75,0.08
la_15x15,la,15x15,11,11,3,75,75,0.04
la_15x15,la,15x15,11,12,2,75,75,0.02666666666666667
la_15x15,la,15x15,11,13,8,75,75,0.10666666666666667
la_15x15,la,15x15,11,14,5,75,75,0.06666666666666667
la_15x15,la,15x15,12,0,4,75,75,0.05333333333333334
la_15x15,la,15x15,12,1,4,75,75,0.05333333333333334
la_15x15,la,15x15,12,2,11,75,75,0.14666666666666667
la_15x15,la,15x15,12,3,7,75,75,0.09333333333333334
la_15x15,la,15x15,12,4,5,75,75,0.06666666666666667
la_15x15,la,15x15,12,5,1,75,75,0.013333333333333334
la_15x15,la,15x15,12,6,3,75,75,0.04
la_15x15,la,15x15,12,7,3,75,75,0.04
la_15x15,la,15x15,12,8,3,75,75,0.04
la_15x15,la,15x15,12,9,4,75,75,0.05333333333333334
la_15x15,la,15x15,12,10,9,75,75,0.12
la_15x15,la,15x15,12,11,2,75,75,0.02666666666666667
la_15x15,la,15x15,12,12,6,75,75,0.08
la_15x15,la,15x15,12,13,6,75,75,0.08
la_15x15,la,15x15,12,14,7,75,75,0.09333333333333334
la_15x15,la,15x15,13,0,2,75,75,0.02666666666666667
la_15x15,la,15x15,13,1,5,75,75,0.06666666666666667
la_15x15,la,15x15,13,2,9,75,75,0.12
la_15x15,la,15x15,13,3,3,75,75,0.04
la_15x15,la,15x15,13,4,3,75,75,0.04
la_15x15,la,15x15,13,5,4,75,75,0.05333333333333334
la_15x15,la,15x15,13,6,3,75,75,0.04
la_15x15,la,15x15,13,7,4,75,75,0.05333333333333334
la_15x15,la,15x15,13,8,4,75,75,0.05333333333333334
la_15x15,la,15x15,13,9,5,75,75,0.06666666666666667
la_15x15,la,15x15,13,10,5,75,75,0.06666666666666667
la_15x15,la,15x15,13,11,4,75,75,0.05333333333333334
la_15x15,la,15x15,13,12,10,75,75,0.13333333333333333
la_15x15,la,15x15,13,13,3,75,75,0.04
la_15x15,la,15x15,13,14,11,75,75,0.14666666666666667
la_15x15,la,15x15,14,0,12,75,75,0.16
la_15x15,la,15x15,14,1,6,75,75,0.08
la_15x15,la,15x15,14,2,5,75,75,0.06666666666666667
la_15x15,la,15x15,14,3,5,75,75,0.06666666666666667
la_15x15,la,15x15,14,4,6,75,75,0.08
la_15x15,la,15x15,14,5,4,75,75,0.05333333333333334
la_15x15,la,15x15,14,6,2,75,75,0.02666666666666667
la_15x15,la,15x15,14,7,5,75,75,0.06666666666666667
la_15x15,la,15x15,14,8,5,75,75,0.06666666666666667
la_15x15,la,15x15,14,9,6,75,75,0.08
la_15x15,la,15x15,14,10,1,75,75,0.013333333333333334
la_15x15,la,15x15,14,11,6,75,75,0.08
la_15x15,la,15x15,14,12,4,75,75,0.05333333333333334
la_15x15,la,15x15,14,13,3,75,75,0.04
la_15x15,la,15x15,14,14,5,75,75,0.06666666666666667
la_15x5,la,15x5,0,0,18,75,75,0.24
la_15x5,la,15x5,0,1,9,75,75,0.12
la_15x5,la,15x5,0,2,16,75,75,0.21333333333333335
la_15x5,la,15x5,0,3,16,75,75,0.21333333333333335
la_15x5,la,15x5,0,4,16,75,75,0.21333333333333335
la_15x5,la,15x5,1,0,12,75,75,0.16
la_15x5,la,15x5,1,1,21,75,75,0.28
la_15x5,la,15x5,1,2,12,75,75,0.16
la_15x5,la,15x5,1,3,16,75,75,0.21333333333333335
la_15x5,la,15x5,1,4,14,75,75,0.18666666666666668
la_15x5,la,15x5,2,0,20,75,75,0.26666666666666666
la_15x5,la,15x5,2,1,13,75,75,0.17333333333333334
la_15x5,la,15x5,2,2,18,75,75,0.24
la_15x5,la,15x5,2,3,11,75,75,0.14666666666666667
la_15x5,la,15x5,2,4,13,75,75,0.17333333333333334
la_15x5,la,15x5,3,0,13,75,75,0.17333333333333334
la_15x5,la,15x5,3,1,16,75,75,0.21333333333333335
la_15x5,la,15x5,3,2,14,75,75,0.18666666666666668
la_15x5,la,15x5,3,3,14,75,75,0.18666666666666668
la_15x5,la,15x5,3,4,18,75,75,0.24
la_15x5,la,15x5,4,0,12,75,75,0.16
la_15x5,la,15x5,4,1,16,75,75,0.21333333333333335
la_15x5,la,15x5,4,2,15,75,75,0.2
la_15x5,la,15x5,4,3,18,75,75,0.24
la_15x5,la,15x5,4,4,14,75,75,0.18666666666666668
la_20x10,la,20x10,0,0,10,100,100,0.1
la_20x10,la,20x10,0,1,15,100,100,0.15
la_20x10,la,20x10,0,2,13,100,100,0.13
la_20x10,la,20x10,0,3,10,100,100,0.1
la_20x10,la,20x10,0,4,12,100,100,0.12
la_20x10,la,20x10,0,5,10,100,100,0.1
la_20x10,la,20x10,0,6,8,100,100,0.08
la_20x10,la,20x10,0,7,7,100,100,0.07
la_20x10,la,20x10,0,8,8,100,100,0.08
la_20x10,la,20x10,0,9,7,100,100,0.07
la_20x10,la,20x10,1,0,6,100,100,0.06
la_20x10,la,20x10,1,1,5,100,100,0.05
la_20x10,la,20x10,1,2,20,100,100,0.2
la_20x10,la,20x10,1,3,13,100,100,0.13
la_20x10,la,20x10,1,4,11,100,100,0.11
la_20x10,la,20x10,1,5,16,100,100,0.16
la_20x10,la,20x10,1,6,8,100,100,0.08
la_20x10,la,20x10,1,7,11,100,100,0.11
la_20x10,la,20x10,1,8,6,100,100,0.06
la_20x10,la,20x10,1,9,4,100,100,0.04
la_20x10,la,20x10,2,0,10,100,100,0.1
la_20x10,la,20x10,2,1,6,100,100,0.06
la_20x10,la,20x10,2,2,8,100,100,0.08
la_20x10,la,20x10,2,3,13,100,100,0.13
la_20x10,la,20x10,2,4,17,100,100,0.17
la_20x10,la,20x10,2,5,11,100,100,0.11
la_20x10,la,20x10,2,6,9,100,100,0.09
la_20x10,la,20x10,2,7,7,100,100,0.07
la_20x10,la,20x10,2,8,10,100,100,0.1
la_20x10,la,20x10,2,9,9,100,100,0.09
la_20x10,la,20x10,3,0,11,100,100,0.11
la_20x10,la,20x10,3,1,7,100,100,0.07
la_20x10,la,20x10,3,2,6,100,100,0.06
la_20x10,la,20x10,3,3,8,100,100,0.08
la_20x10,la,20x10,3,4,10,100,100,0.1
la_20x10,la,20x10,3,5,13,100,100,0.13
la_20x10,la,20x10,3,6,15,100,100,0.15
la_20x10,la,20x10,3,7,13,100,100,0.13
la_20x10,la,20x10,3,8,10,100,100,0.1
la_20x10,la,20x10,3,9,7,100,100,0.07
la_20x10,la,20x10,4,0,12,100,100,0.12
la_20x10,la,20x10,4,1,14,100,100,0.14
la_20x10,la,20x10,4,2,19,100,100,0.19
la_20x10,la,20x10,4,3,6,100,100,0.06
la_20x10,la,20x10,4,4,12,100,100,0.12
la_20x10,la,20x10,4,5,6,100,100,0.06
la_20x10,la,20x10,4,6,4,100,100,0.04
la_20x10,la,20x10,4,7,8,100,100,0.08
la_20x10,la,20x10,4,8,10,100,100,0.1
la_20x10,la,20x10,4,9,9,100,100,0.09
la_20x10,la,20x10,5,0,9,100,100,0.09
la_20x10,la,20x10,5,1,7,100,100,0.07
la_20x10,la,20x10,5,2,7,100,100,0.07
la_20x10,la,20x10,5,3,16,100,100,0.16
la_20x10,la,20x10,5,4,10,100,100,0.1
la_20x10,la,20x10,5,5,8,100,100,0.08
la_20x10,la,20x10,5,6,13,100,100,0.13
la_20x10,la,20x10,5,7,10,100,100,0.1
la_20x10,la,20x10,5,8,14,100,100,0.14
la_20x10,la,20x10,5,9,6,100,100,0.06
la_20x10,la,20x10,6,0,8,100,100,0.08
la_20x10,la,20x10,6,1,6,100,100,0.06
la_20x10,la,20x10,6,2,8,100,100,0.08
la_20x10,la,20x10,6,3,11,100,100,0.11
la_20x10,la,20x10,6,4,6,100,100,0.06
la_20x10,la,20x10,6,5,10,100,100,0.1
la_20x10,la,20x10,6,6,11,100,100,0.11
la_20x10,la,20x10,6,7,10,100,100,0.1
la_20x10,la,20x10,6,8,19,100,100,0.19
la_20x10,la,20x10,6,9,11,100,100,0.11
la_20x10,la,20x10,7,0,13,100,100,0.13
la_20x10,la,20x10,7,1,10,100,100,0.1
la_20x10,la,20x10,7,2,4,100,100,0.04
la_20x10,la,20x10,7,3,12,100,100,0.12
la_20x10,la,20x10,7,4,4,100,100,0.04
la_20x10,la,20x10,7,5,9,100,100,0.09
la_20x10,la,20x10,7,6,12,100,100,0.12
la_20x10,la,20x10,7,7,10,100,100,0.1
la_20x10,la,20x10,7,8,11,100,100,0.11
la_20x10,la,20x10,7,9,15,100,100,0.15
la_20x10,la,20x10,8,0,4,100,100,0.04
la_20x10,la,20x10,8,1,13,100,100,0.13
la_20x10,la,20x10,8,2,8,100,100,0.08
la_20x10,la,20x10,8,3,6,100,100,0.06
la_20x10,la,20x10,8,4,5,100,100,0.05
la_20x10,la,20x10,8,5,10,100,100,0.1
la_20x10,la,20x10,8,6,9,100,100,0.09
la_20x10,la,20x10,8,7,14,100,100,0.14
la_20x10,la,20x10,8,8,6,100,100,0.06
la_20x10,la,20x10,8,9,25,100,100,0.25
la_20x10,la,20x10,9,0,17,100,100,0.17
la_20x10,la,20x10,9,1,17,100,100,0.17
la_20x10,la,20x10,9,2,7,100,100,0.07
la_20x10,la,20x10,9,3,5,100,100,0.05
la_20x10,la,20x10,9,4,13,100,100,0.13
la_20x10,la,20x10,9,5,7,100,100,0.07
la_20x10,la,20x10,9,6,11,100,100,0.11
la_20x10,la,20x10,9,7,10,100,100,0.1
la_20x10,la,20x10,9,8,6,100,100,0.06
la_20x10,la,20x10,9,9,7,100,100,0.07
la_20x5,la,20x5,0,0,23,100,100,0.23
la_20x5,la,20x5,0,1,25,100,100,0.25
la_20x5,la,20x5,0,2,20,100,100,0.2
la_20x5,la,20x5,0,3,15,100,100,0.15
la_20x5,la,20x5,0,4,17,100,100,0.17
la_20x5,la,20x5,1,0,20,100,100,0.2
la_20x5,la,20x5,1,1,20,100,100,0.2
la_20x5,la,20x5,1,2,18,100,100,0.18
la_20x5,la,20x5,1,3,21,100,100,0.21
la_20x5,la,20x5,1,4,21,100,100,0.21
la_20x5,la,20x5,2,0,21,100,100,0.21
la_20x5,la,20x5,2,1,20,100,100,0.2
la_20x5,la,20x5,2,2,23,100,100,0.23
la_20x5,la,20x5,2,3,19,100,100,0.19
la_20x5,la,20x5,2,4,17,100,100,0.17
la_20x5,la,20x5,3,0,20,100,100,0.2
la_20x5,la,20x5,3,1,16,100,100,0.16
la_20x5,la,20x5,3,2,19,100,100,0.19
la_20x5,la,20x5,3,3,21,100,100,0.21
la_20x5,la,20x5,3,4,24,100,100,0.24
la_20x5,la,20x5,4,0,16,100,100,0.16
la_20x5,la,20x5,4,1,19,100,100,0.19
la_20x5,la,20x5,4,2,20,100,100,0.2
la_20x5,la,20x5,4,3,24,100,100,0.24
la_20x5,la,20x5,4,4,21,100,100,0.21
la_30x10,la,30x10,0,0,16,150,150,0.10666666666666667
la_30x10,la,30x10,0,1,19,150,150,0.12666666666666668
la_30x10,la,30x10,0,2,18,150,150,0.12
la_30x10,la,30x10,0,3,13,150,150,0.08666666666666667
la_30x10,la,30x10,0,4,21,150,150,0.14
la_30x10,la,30x10,0,5,9,150,150,0.06
la_30x10,la,30x10,0,6,9,150,150,0.06
la_30x10,la,30x10,0,7,17,150,150,0.11333333333333333
la_30x10,la,30x10,0,8,11,150,150,0.07333333333333333
la_30x10,la,30x10,0,9,17,150,150,0.11333333333333333
la_30x10,la,30x10,1,0,19,150,150,0.12666666666666668
la_30x10,la,30x10,1,1,15,150,150,0.1
la_30x10,la,30x10,1,2,18,150,150,0.12
la_30x10,la,30x10,1,3,23,150,150,0.15333333333333332
la_30x10,la,30x10,1,4,8,150,150,0.05333333333333334
la_30x10,la,30x10,1,5,16,150,150,0.10666666666666667
la_30x10,la,30x10,1,6,13,150,150,0.08666666666666667
la_30x10,la,30x10,1,7,17,150,150,0.11333333333333333
la_30x10,la,30x10,1,8,11,150,150,0.07333333333333333
la_30x10,la,30x10,1,9,10,150,150,0.06666666666666667
la_30x10,la,30x10,2,0,13,150,150,0.08666666666666667
la_30x10,la,30x10,2,1,13,150,150,0.08666666666666667
la_30x10,la,30x10,2,2,14,150,150,0.09333333333333334
la_30x10,la,30x10,2,3,19,150,150,0.12666666666666668
la_30x10,la,30x10,2,4,18,150,150,0.12
la_30x10,la,30x10,2,5,12,150,150,0.08
la_30x10,la,30x10,2,6,20,150,150,0.13333333333333333
la_30x10,la,30x10,2,7,13,150,150,0.08666666666666667
la_30x10,la,30x10,2,8,14,150,150,0.09333333333333334
la_30x10,la,30x10,2,9,14,150,150,0.09333333333333334
la_30x10,la,30x10,3,0,15,150,150,0.1
la_30x10,la,30x10,3,1,14,150,150,0.09333333333333334
la_30x10,la,30x10,3,2,15,150,150,0.1
la_30x10,la,30x10,3,3,16,150,150,0.10666666666666667
la_30x10,la,30x10,3,4,19,150,150,0.12666666666666668
la_30x10,la,30x10,3,5,24,150,150,0.16
la_30x10,la,30x10,3,6,9,150,150,0.06
la_30x10,la,30x10,3,7,14,150,150,0.09333333333333334
la_30x10,la,30x10,3,8,15,150,150,0.1
la_30x10,la,30x10,3,9,9,150,150,0.06
la_30x10,la,30x10,4,0,16,150,150,0.10666666666666667
la_30x10,la,30x10,4,1,23,150,150,0.15333333333333332
la_30x10,la,30x10,4,2,18,150,150,0.12
la_30x10,la,30x10,4,3,7,150,150,0.04666666666666667
la_30x10,la,30x10,4,4,12,150,150,0.08
la_30x10,la,30x10,4,5,5,150,150,0.03333333333333333
la_30x10,la,30x10,4,6,19,150,150,0.12666666666666668
la_30x10,la,30x10,4,7,17,150,150,0.11333333333333333
la_30x10,la,30x10,4,8,18,150,150,0.12
la_30x10,la,30x10,4,9,15,150,150,0.1
la_30x10,la,30x10,5,0,12,150,150,0.08
la_30x10,la,30x10,5,1,10,150,150,0.06666666666666667
la_30x10,la,30x10,5,2,10,150,150,0.06666666666666667
la_30x10,la,30x10,5,3,18,150,150,0.12
la_30x10,la,30x10,5,4,11,150,150,0.07333333333333333
la_30x10,la,30x10,5,5,17,150,150,0.11333333333333333
la_30x10,la,30x10,5,6,25,150,150,0.16666666666666666
la_30x10,la,30x10,5,7,13,150,150,0.08666666666666667
la_30x10,la,30x10,5,8,21,150,150,0.14
la_30x10,la,30x10,5,9,13,150,150,0.08666666666666667
la_30x10,la,30x10,6,0,13,150,150,0.08666666666666667
la_30x10,la,30x10,6,1,11,150,150,0.07333333333333333
la_30x10,la,30x10,6,2,14,150,150,0.09333333333333334
la_30x10,la,30x10,6,3,14,150,150,0.09333333333333334
la_30x10,la,30x10,6,4,15,150,150,0.1
la_30x10,la,30x10,6,5,14,150,150,0.09333333333333334
la_30x10,la,30x10,6,6,14,150,150,0.09333333333333334
la_30x10,la,30x10,6,7,16,150,150,0.10666666666666667
la_30x10,la,30x10,6,8,19,150,150,0.12666666666666668
la_30x10,la,30x10,6,9,20,150,150,0.13333333333333333
la_30x10,la,30x10,7,0,21,150,150,0.14
la_30x10,la,30x10,7,1,11,150,150,0.07333333333333333
la_30x10,la,30x10,7,2,14,150,150,0.09333333333333334
la_30x10,la,30x10,7,3,13,150,150,0.08666666666666667
la_30x10,la,30x10,7,4,16,150,150,0.10666666666666667
la_30x10,la,30x10,7,5,18,150,150,0.12
la_30x10,la,30x10,7,6,12,150,150,0.08
la_30x10,la,30x10,7,7,6,150,150,0.04
la_30x10,la,30x10,7,8,19,150,150,0.12666666666666668
la_30x10,la,30x10,7,9,20,150,150,0.13333333333333333
la_30x10,la,30x10,8,0,11,150,150,0.07333333333333333
la_30x10,la,30x10,8,1,20,150,150,0.13333333333333333
la_30x10,la,30x10,8,2,14,150,150,0.09333333333333334
la_30x10,la,30x10,8,3,18,150,150,0.12
la_30x10,la,30x10,8,4,11,150,150,0.07333333333333333
la_30x10,la,30x10,8,5,18,150,150,0.12
la_30x10,la,30x10,8,6,13,150,150,0.08666666666666667
la_30x10,la,30x10,8,7,17,150,150,0.11333333333333333
la_30x10,la,30x10,8,8,9,150,150,0.06
la_30x10,la,30x10,8,9,19,150,150,0.12666666666666668
la_30x10,la,30x10,9,0,14,150,150,0.09333333333333334
la_30x10,la,30x10,9,1,14,150,150,0.09333333333333334
la_30x10,la,30x10,9,2,15,150,150,0.1
la_30x10,la,30x10,9,3,9,150,150,0.06
la_30x10,la,30x10,9,4,19,150,150,0.12666666666666668
la_30x10,la,30x10,9,5,17,150,150,0.11333333333333333
la_30x10,la,30x10,9,6,16,150,150,0.10666666666666667
la_30x10,la,30x10,9,7,20,150,150,0.13333333333333333
la_30x10,la,30x10,9,8,13,150,150,0.08666666666666667
la_30x10,la,30x10,9,9,13,150,150,0.08666666666666667
orb_10x10,orb,10x10,0,0,52,100,100,0.52
orb_10x10,orb,10x10,0,1,12,100,100,0.12
orb_10x10,orb,10x10,0,2,16,100,100,0.16
orb_10x10,orb,10x10,0,3,0,100,100,0.0
orb_10x10,orb,10x10,0,4,6,100,100,0.06
orb_10x10,orb,10x10,0,5,0,100,100,0.0
orb_10x10,orb,10x10,0,6,0,100,100,0.0
orb_10x10,orb,10x10,0,7,0,100,100,0.0
orb_10x10,orb,10x10,0,8,4,100,100,0.04
orb_10x10,orb,10x10,0,9,10,100,100,0.1
orb_10x10,orb,10x10,1,0,12,100,100,0.12
orb_10x10,orb,10x10,1,1,30,100,100,0.3
orb_10x10,orb,10x10,1,2,10,100,100,0.1
orb_10x10,orb,10x10,1,3,12,100,100,0.12
orb_10x10,orb,10x10,1,4,0,100,100,0.0
orb_10x10,orb,10x10,1,5,4,100,100,0.04
orb_10x10,orb,10x10,1,6,10,100,100,0.1
orb_10x10,orb,10x10,1,7,2,100,100,0.02
orb_10x10,orb,10x10,1,8,12,100,100,0.12
orb_10x10,orb,10x10,1,9,8,100,100,0.08
orb_10x10,orb,10x10,2,0,14,100,100,0.14
orb_10x10,orb,10x10,2,1,6,100,100,0.06
orb_10x10,orb,10x10,2,2,16,100,100,0.16
orb_10x10,orb,10x10,2,3,16,100,100,0.16
orb_10x10,orb,10x10,2,4,22,100,100,0.22
orb_10x10,orb,10x10,2,5,4,100,100,0.04
orb_10x10,orb,10x10,2,6,4,100,100,0.04
orb_10x10,orb,10x10,2,7,6,100,100,0.06
orb_10x10,orb,10x10,2,8,6,100,100,0.06
orb_10x10,orb,10x10,2,9,6,100,100,0.06
orb_10x10,orb,10x10,3,0,6,100,100,0.06
orb_10x10,orb,10x10,3,1,4,100,100,0.04
orb_10x10,orb,10x10,3,2,8,100,100,0.08
orb_10x10,orb,10x10,3,3,30,100,100,0.3
orb_10x10,orb,10x10,3,4,12,100,100,0.12
orb_10x10,orb,10x10,3,5,4,100,100,0.04
orb_10x10,orb,10x10,3,6,4,100,100,0.04
orb_10x10,orb,10x10,3,7,14,100,100,0.14
orb_10x10,orb,10x10,3,8,12,100,100,0.12
orb_10x10,orb,10x10,3,9,6,100,100,0.06
orb_10x10,orb,10x10,4,0,0,100,100,0.0
orb_10x10,orb,10x10,4,1,12,100,100,0.12
orb_10x10,orb,10x10,4,2,12,100,100,0.12
orb_10x10,orb,10x10,4,3,8,100,100,0.08
orb_10x10,orb,10x10,4,4,24,100,100,0.24
orb_10x10,orb,10x10,4,5,18,100,100,0.18
orb_10x10,orb,10x10,4,6,12,100,100,0.12
orb_10x10,orb,10x10,4,7,4,100,100,0.04
orb_10x10,orb,10x10,4,8,6,100,100,0.06
orb_10x10,orb,10x10,4,9,4,100,100,0.04
orb_10x10,orb,10x10,5,0,0,100,100,0.0
orb_10x10,orb,10x10,5,1,6,100,100,0.06
orb_10x10,orb,10x10,5,2,10,100,100,0.1
orb_10x10,orb,10x10,5,3,8,100,100,0.08
orb_10x10,orb,10x10,5,4,12,100,100,0.12
orb_10x10,orb,10x10,5,5,32,100,100,0.32
orb_10x10,orb,10x10,5,6,14,100,100,0.14
orb_10x10,orb,10x10,5,7,12,100,100,0.12
orb_10x10,orb,10x10,5,8,4,100,100,0.04
orb_10x10,orb,10x10,5,9,2,100,100,0.02
orb_10x10,orb,10x10,6,0,0,100,100,0.0
orb_10x10,orb,10x10,6,1,2,100,100,0.02
orb_10x10,orb,10x10,6,2,6,100,100,0.06
orb_10x10,orb,10x10,6,3,16,100,100,0.16
orb_10x10,orb,10x10,6,4,12,100,100,0.12
orb_10x10,orb,10x10,6,5,10,100,100,0.1
orb_10x10,orb,10x10,6,6,26,100,100,0.26
orb_10x10,orb,10x10,6,7,14,100,100,0.14
orb_10x10,orb,10x10,6,8,6,100,100,0.06
orb_10x10,orb,10x10,6,9,8,100,100,0.08
orb_10x10,orb,10x10,7,0,0,100,100,0.0
orb_10x10,orb,10x10,7,1,2,100,100,0.02
orb_10x10,orb,10x10,7,2,16,100,100,0.16
orb_10x10,orb,10x10,7,3,2,100,100,0.02
orb_10x10,orb,10x10,7,4,4,100,100,0.04
orb_10x10,orb,10x10,7,5,12,100,100,0.12
orb_10x10,orb,10x10,7,6,14,100,100,0.14
orb_10x10,orb,10x10,7,7,28,100,100,0.28
orb_10x10,orb,10x10,7,8,6,100,100,0.06
orb_10x10,orb,10x10,7,9,16,100,100,0.16
orb_10x10,orb,10x10,8,0,4,100,100,0.04
orb_10x10,orb,10x10,8,1,14,100,100,0.14
orb_10x10,orb,10x10,8,2,4,100,100,0.04
orb_10x10,orb,10x10,8,3,6,100,100,0.06
orb_10x10,orb,10x10,8,4,2,100,100,0.02
orb_10x10,orb,10x10,8,5,8,100,100,0.08
orb_10x10,orb,10x10,8,6,8,100,100,0.08
orb_10x10,orb,10x10,8,7,14,100,100,0.14
orb_10x10,orb,10x10,8,8,26,100,100,0.26
orb_10x10,orb,10x10,8,9,14,100,100,0.14
orb_10x10,orb,10x10,9,0,12,100,100,0.12
orb_10x10,orb,10x10,9,1,12,100,100,0.12
orb_10x10,orb,10x10,9,2,2,100,100,0.02
orb_10x10,orb,10x10,9,3,2,100,100,0.02
orb_10x10,orb,10x10,9,4,6,100,100,0.06
orb_10x10,orb,10x10,9,5,8,100,100,0.08
orb_10x10,orb,10x10,9,6,8,100,100,0.08
orb_10x10,orb,10x10,9,7,6,100,100,0.06
orb_10x10,orb,10x10,9,8,18,100,100,0.18
orb_10x10,orb,10x10,9,9,26,100,100,0.26
swv_20x10,swv,20x10,0,0,15,100,100,0.15
swv_20x10,swv,20x10,0,1,17,100,100,0.17
swv_20x10,swv,20x10,0,2,20,100,100,0.2
swv_20x10,swv,20x10,0,3,22,100,100,0.22
swv_20x10,swv,20x10,0,4,26,100,100,0.26
swv_20x10,swv,20x10,0,5,0,100,100,0.0
swv_20x10,swv,20x10,0,6,0,100,100,0.0
swv_20x10,swv,20x10,0,7,0,100,100,0.0
swv_20x10,swv,20x10,0,8,0,100,100,0.0
swv_20x10,swv,20x10,0,9,0,100,100,0.0
swv_20x10,swv,20x10,1,0,22,100,100,0.22
swv_20x10,swv,20x10,1,1,24,100,100,0.24
swv_20x10,swv,20x10,1,2,18,100,100,0.18
swv_20x10,swv,20x10,1,3,22,100,100,0.22
swv_20x10,swv,20x10,1,4,14,100,100,0.14
swv_20x10,swv,20x10,1,5,0,100,100,0.0
swv_20x10,swv,20x10,1,6,0,100,100,0.0
swv_20x10,swv,20x10,1,7,0,100,100,0.0
swv_20x10,swv,20x10,1,8,0,100,100,0.0
swv_20x10,swv,20x10,1,9,0,100,100,0.0
swv_20x10,swv,20x10,2,0,14,100,100,0.14
swv_20x10,swv,20x10,2,1,25,100,100,0.25
swv_20x10,swv,20x10,2,2,20,100,100,0.2
swv_20x10,swv,20x10,2,3,17,100,100,0.17
swv_20x10,swv,20x10,2,4,24,100,100,0.24
swv_20x10,swv,20x10,2,5,0,100,100,0.0
swv_20x10,swv,20x10,2,6,0,100,100,0.0
swv_20x10,swv,20x10,2,7,0,100,100,0.0
swv_20x10,swv,20x10,2,8,0,100,100,0.0
swv_20x10,swv,20x10,2,9,0,100,100,0.0
swv_20x10,swv,20x10,3,0,27,100,100,0.27
swv_20x10,swv,20x10,3,1,16,100,100,0.16
swv_20x10,swv,20x10,3,2,21,100,100,0.21
swv_20x10,swv,20x10,3,3,16,100,100,0.16
swv_20x10,swv,20x10,3,4,20,100,100,0.2
swv_20x10,swv,20x10,3,5,0,100,100,0.0
swv_20x10,swv,20x10,3,6,0,100,100,0.0
swv_20x10,swv,20x10,3,7,0,100,100,0.0
swv_20x10,swv,20x10,3,8,0,100,100,0.0
swv_20x10,swv,20x10,3,9,0,100,100,0.0
swv_20x10,swv,20x10,4,0,22,100,100,0.22
swv_20x10,swv,20x10,4,1,18,100,100,0.18
swv_20x10,swv,20x10,4,2,21,100,100,0.21
swv_20x10,swv,20x10,4,3,23,100,100,0.23
swv_20x10,swv,20x10,4,4,16,100,100,0.16
swv_20x10,swv,20x10,4,5,0,100,100,0.0
swv_20x10,swv,20x10,4,6,0,100,100,0.0
swv_20x10,swv,20x10,4,7,0,100,100,0.0
swv_20x10,swv,20x10,4,8,0,100,100,0.0
swv_20x10,swv,20x10,4,9,0,100,100,0.0
swv_20x10,swv,20x10,5,0,0,100,100,0.0
swv_20x10,swv,20x10,5,1,0,100,100,0.0
swv_20x10,swv,20x10,5,2,0,100,100,0.0
swv_20x10,swv,20x10,5,3,0,100,100,0.0
swv_20x10,swv,20x10,5,4,0,100,100,0.0
swv_20x10,swv,20x10,5,5,24,100,100,0.24
swv_20x10,swv,20x10,5,6,12,100,100,0.12
swv_20x10,swv,20x10,5,7,25,100,100,0.25
swv_20x10,swv,20x10,5,8,22,100,100,0.22
swv_20x10,swv,20x10,5,9,17,100,100,0.17
swv_20x10,swv,20x10,6,0,0,100,100,0.0
swv_20x10,swv,20x10,6,1,0,100,100,0.0
swv_20x10,swv,20x10,6,2,0,100,100,0.0
swv_20x10,swv,20x10,6,3,0,100,100,0.0
swv_20x10,swv,20x10,6,4,0,100,100,0.0
swv_20x10,swv,20x10,6,5,21,100,100,0.21
swv_20x10,swv,20x10,6,6,19,100,100,0.19
swv_20x10,swv,20x10,6,7,22,100,100,0.22
swv_20x10,swv,20x10,6,8,20,100,100,0.2
swv_20x10,swv,20x10,6,9,18,100,100,0.18
swv_20x10,swv,20x10,7,0,0,100,100,0.0
swv_20x10,swv,20x10,7,1,0,100,100,0.0
swv_20x10,swv,20x10,7,2,0,100,100,0.0
swv_20x10,swv,20x10,7,3,0,100,100,0.0
swv_20x10,swv,20x10,7,4,0,100,100,0.0
swv_20x10,swv,20x10,7,5,15,100,100,0.15
swv_20x10,swv,20x10,7,6,25,100,100,0.25
swv_20x10,swv,20x10,7,7,21,100,100,0.21
swv_20x10,swv,20x10,7,8,16,100,100,0.16
swv_20x10,swv,20x10,7,9,23,100,100,0.23
swv_20x10,swv,20x10,8,0,0,100,100,0.0
swv_20x10,swv,20x10,8,1,0,100,100,0.0
swv_20x10,swv,20x10,8,2,0,100,100,0.0
swv_20x10,swv,20x10,8,3,0,100,100,0.0
swv_20x10,swv,20x10,8,4,0,100,100,0.0
swv_20x10,swv,20x10,8,5,20,100,100,0.2
swv_20x10,swv,20x10,8,6,24,100,100,0.24
swv_20x10,swv,20x10,8,7,14,100,100,0.14
swv_20x10,swv,20x10,8,8,22,100,100,0.22
swv_20x10,swv,20x10,8,9,20,100,100,0.2
swv_20x10,swv,20x10,9,0,0,100,100,0.0
swv_20x10,swv,20x10,9,1,0,100,100,0.0
swv_20x10,swv,20x10,9,2,0,100,100,0.0
swv_20x10,swv,20x10,9,3,0,100,100,0.0
swv_20x10,swv,20x10,9,4,0,100,100,0.0
swv_20x10,swv,20x10,9,5,20,100,100,0.2
swv_20x10,swv,20x10,9,6,20,100,100,0.2
swv_20x10,swv,20x10,9,7,18,100,100,0.18
swv_20x10,swv,20x10,9,8,20,100,100,0.2
swv_20x10,swv,20x10,9,9,22,100,100,0.22
swv_20x15,swv,20x15,0,0,13,100,100,0.13
swv_20x15,swv,20x15,0,1,12,100,100,0.12
swv_20x15,swv,20x15,0,2,15,100,100,0.15
swv_20x15,swv,20x15,0,3,15,100,100,0.15
swv_20x15,swv,20x15,0,4,13,100,100,0.13
swv_20x15,swv,20x15,0,5,12,100,100,0.12
swv_20x15,swv,20x15,0,6,20,100,100,0.2
swv_20x15,swv,20x15,0,7,0,100,100,0.0
swv_20x15,swv,20x15,0,8,0,100,100,0.0
swv_20x15,swv,20x15,0,9,0,100,100,0.0
swv_20x15,swv,20x15,0,10,0,100,100,0.0
swv_20x15,swv,20x15,0,11,0,100,100,0.0
swv_20x15,swv,20x15,0,12,0,100,100,0.0
swv_20x15,swv,20x15,0,13,0,100,100,0.0
swv_20x15,swv,20x15,0,14,0,100,100,0.0
swv_20x15,swv,20x15,1,0,18,100,100,0.18
swv_20x15,swv,20x15,1,1,15,100,100,0.15
swv_20x15,swv,20x15,1,2,18,100,100,0.18
swv_20x15,swv,20x15,1,3,7,100,100,0.07
swv_20x15,swv,20x15,1,4,16,100,100,0.16
swv_20x15,swv,20x15,1,5,10,100,100,0.1
swv_20x15,swv,20x15,1,6,16,100,100,0.16
swv_20x15,swv,20x15,1,7,0,100,100,0.0
swv_20x15,swv,20x15,1,8,0,100,100,0.0
swv_20x15,swv,20x15,1,9,0,100,100,0.0
swv_20x15,swv,20x15,1,10,0,100,100,0.0
swv_20x15,swv,20x15,1,11,0,100,100,0.0
swv_20x15,swv,20x15,1,12,0,100,100,0.0
swv_20x15,swv,20x15,1,13,0,100,100,0.0
swv_20x15,swv,20x15,1,14,0,100,100,0.0
swv_20x15,swv,20x15,2,0,17,100,100,0.17
swv_20x15,swv,20x15,2,1,15,100,100,0.15
swv_20x15,swv,20x15,2,2,14,100,100,0.14
swv_20x15,swv,20x15,2,3,23,100,100,0.23
swv_20x15,swv,20x15,2,4,8,100,100,0.08
swv_20x15,swv,20x15,2,5,14,100,100,0.14
swv_20x15,swv,20x15,2,6,9,100,100,0.09
swv_20x15,swv,20x15,2,7,0,100,100,0.0
swv_20x15,swv,20x15,2,8,0,100,100,0.0
swv_20x15,swv,20x15,2,9,0,100,100,0.0
swv_20x15,swv,20x15,2,10,0,100,100,0.0
swv_20x15,swv,20x15,2,11,0,100,100,0.0
swv_20x15,swv,20x15,2,12,0,100,100,0.0
swv_20x15,swv,20x15,2,13,0,100,100,0.0
swv_20x15,swv,20x15,2,14,0,100,100,0.0
swv_20x15,swv,20x15,3,0,14,100,100,0.14
swv_20x15,swv,20x15,3,1,12,100,100,0.12
swv_20x15,swv,20x15,3,2,12,100,100,0.12
swv_20x15,swv,20x15,3,3,14,100,100,0.14
swv_20x15,swv,20x15,3,4,17,100,100,0.17
swv_20x15,swv,20x15,3,5,13,100,100,0.13
swv_20x15,swv,20x15,3,6,18,100,100,0.18
swv_20x15,swv,20x15,3,7,0,100,100,0.0
swv_20x15,swv,20x15,3,8,0,100,100,0.0
swv_20x15,swv,20x15,3,9,0,100,100,0.0
swv_20x15,swv,20x15,3,10,0,100,100,0.0
swv_20x15,swv,20x15,3,11,0,100,100,0.0
swv_20x15,swv,20x15,3,12,0,100,100,0.0
swv_20x15,swv,20x15,3,13,0,100,100,0.0
swv_20x15,swv,20x15,3,14,0,100,100,0.0
swv_20x15,swv,20x15,4,0,12,100,100,0.12
swv_20x15,swv,20x15,4,1,17,100,100,0.17
swv_20x15,swv,20x15,4,2,14,100,100,0.14
swv_20x15,swv,20x15,4,3,13,100,100,0.13
swv_20x15,swv,20x15,4,4,9,100,100,0.09
swv_20x15,swv,20x15,4,5,18,100,100,0.18
swv_20x15,swv,20x15,4,6,17,100,100,0.17
swv_20x15,swv,20x15,4,7,0,100,100,0.0
swv_20x15,swv,20x15,4,8,0,100,100,0.0
swv_20x15,swv,20x15,4,9,0,100,100,0.0
swv_20x15,swv,20x15,4,10,0,100,100,0.0
swv_20x15,swv,20x15,4,11,0,100,100,0.0
swv_20x15,swv,20x15,4,12,0,100,100,0.0
swv_20x15,swv,20x15,4,13,0,100,100,0.0
swv_20x15,swv,20x15,4,14,0,100,100,0.0
swv_20x15,swv,20x15,5,0,13,100,100,0.13
swv_20x15,swv,20x15,5,1,15,100,100,0.15
swv_20x15,swv,20x15,5,2,14,100,100,0.14
swv_20x15,swv,20x15,5,3,14,100,100,0.14
swv_20x15,swv,20x15,5,4,17,100,100,0.17
swv_20x15,swv,20x15,5,5,15,100,100,0.15
swv_20x15,swv,20x15,5,6,12,100,100,0.12
swv_20x15,swv,20x15,5,7,0,100,100,0.0
swv_20x15,swv,20x15,5,8,0,100,100,0.0
swv_20x15,swv,20x15,5,9,0,100,100,0.0
swv_20x15,swv,20x15,5,10,0,100,100,0.0
swv_20x15,swv,20x15,5,11,0,100,100,0.0
swv_20x15,swv,20x15,5,12,0,100,100,0.0
swv_20x15,swv,20x15,5,13,0,100,100,0.0
swv_20x15,swv,20x15,5,14,0,100,100,0.0
swv_20x15,swv,20x15,6,0,13,100,100,0.13
swv_20x15,swv,20x15,6,1,14,100,100,0.14
swv_20x15,swv,20x15,6,2,13,100,100,0.13
swv_20x15,swv,20x15,6,3,14,100,100,0.14
swv_20x15,swv,20x15,6,4,20,100,100,0.2
swv_20x15,swv,20x15,6,5,18,100,100,0.18
swv_20x15,swv,20x15,6,6,8,100,100,0.08
swv_20x15,swv,20x15,6,7,0,100,100,0.0
swv_20x15,swv,20x15,6,8,0,100,100,0.0
swv_20x15,swv,20x15,6,9,0,100,100,0.0
swv_20x15,swv,20x15,6,10,0,100,100,0.0
swv_20x15,swv,20x15,6,11,0,100,100,0.0
swv_20x15,swv,20x15,6,12,0,100,100,0.0
swv_20x15,swv,20x15,6,13,0,100,100,0.0
swv_20x15,swv,20x15,6,14,0,100,100,0.0
swv_20x15,swv,20x15,7,0,0,100,100,0.0
swv_20x15,swv,20x15,7,1,0,100,100,0.0
swv_20x15,swv,20x15,7,2,0,100,100,0.0
swv_20x15,swv,20x15,7,3,0,100,100,0.0
swv_20x15,swv,20x15,7,4,0,100,100,0.0
swv_20x15,swv,20x15,7,5,0,100,100,0.0
swv_20x15,swv,20x15,7,6,0,100,100,0.0
swv_20x15,swv,20x15,7,7,13,100,100,0.13
swv_20x15,swv,20x15,7,8,15,100,100,0.15
swv_20x15,swv,20x15,7,9,14,100,100,0.14
swv_20x15,swv,20x15,7,10,13,100,100,0.13
swv_20x15,swv,20x15,7,11,5,100,100,0.05
swv_20x15,swv,20x15,7,12,10,100,100,0.1
swv_20x15,swv,20x15,7,13,13,100,100,0.13
swv_20x15,swv,20x15,7,14,17,100,100,0.17
swv_20x15,swv,20x15,8,0,0,100,100,0.0
swv_20x15,swv,20x15,8,1,0,100,100,0.0
swv_20x15,swv,20x15,8,2,0,100,100,0.0
swv_20x15,swv,20x15,8,3,0,100,100,0.0
swv_20x15,swv,20x15,8,4,0,100,100,0.0
swv_20x15,swv,20x15,8,5,0,100,100,0.0
swv_20x15,swv,20x15,8,6,0,100,100,0.0
swv_20x15,swv,20x15,8,7,11,100,100,0.11
swv_20x15,swv,20x15,8,8,12,100,100,0.12
swv_20x15,swv,20x15,8,9,12,100,100,0.12
swv_20x15,swv,20x15,8,10,12,100,100,0.12
swv_20x15,swv,20x15,8,11,12,100,100,0.12
swv_20x15,swv,20x15,8,12,14,100,100,0.14
swv_20x15,swv,20x15,8,13,11,100,100,0.11
swv_20x15,swv,20x15,8,14,16,100,100,0.16
swv_20x15,swv,20x15,9,0,0,100,100,0.0
swv_20x15,swv,20x15,9,1,0,100,100,0.0
swv_20x15,swv,20x15,9,2,0,100,100,0.0
swv_20x15,swv,20x15,9,3,0,100,100,0.0
swv_20x15,swv,20x15,9,4,0,100,100,0.0
swv_20x15,swv,20x15,9,5,0,100,100,0.0
swv_20x15,swv,20x15,9,6,0,100,100,0.0
swv_20x15,swv,20x15,9,7,11,100,100,0.11
swv_20x15,swv,20x15,9,8,15,100,100,0.15
swv_20x15,swv,20x15,9,9,12,100,100,0.12
swv_20x15,swv,20x15,9,10,14,100,100,0.14
swv_20x15,swv,20x15,9,11,16,100,100,0.16
swv_20x15,swv,20x15,9,12,19,100,100,0.19
swv_20x15,swv,20x15,9,13,9,100,100,0.09
swv_20x15,swv,20x15,9,14,4,100,100,0.04
swv_20x15,swv,20x15,10,0,0,100,100,0.0
swv_20x15,swv,20x15,10,1,0,100,100,0.0
swv_20x15,swv,20x15,10,2,0,100,100,0.0
swv_20x15,swv,20x15,10,3,0,100,100,0.0
swv_20x15,swv,20x15,10,4,0,100,100,0.0
swv_20x15,swv,20x15,10,5,0,100,100,0.0
swv_20x15,swv,20x15,10,6,0,100,100,0.0
swv_20x15,swv,20x15,10,7,7,100,100,0.07
swv_20x15,swv,20x15,10,8,13,100,100,0.13
swv_20x15,swv,20x15,10,9,13,100,100,0.13
swv_20x15,swv,20x15,10,10,18,100,100,0.18
swv_20x15,swv,20x15,10,11,10,100,100,0.1
swv_20x15,swv,20x15,10,12,11,100,100,0.11
swv_20x15,swv,20x15,10,13,13,100,100,0.13
swv_20x15,swv,20x15,10,14,15,100,100,0.15
swv_20x15,swv,20x15,11,0,0,100,100,0.0
swv_20x15,swv,20x15,11,1,0,100,100,0.0
swv_20x15,swv,20x15,11,2,0,100,100,0.0
swv_20x15,swv,20x15,11,3,0,100,100,0.0
swv_20x15,swv,20x15,11,4,0,100,100,0.0
swv_20x15,swv,20x15,11,5,0,100,100,0.0
swv_20x15,swv,20x15,11,6,0,100,100,0.0
swv_20x15,swv,20x15,11,7,11,100,100,0.11
swv_20x15,swv,20x15,11,8,11,100,100,0.11
swv_20x15,swv,20x15,11,9,11,100,100,0.11
swv_20x15,swv,20x15,11,10,8,100,100,0.08
swv_20x15,swv,20x15,11,11,16,100,100,0.16
swv_20x15,swv,20x15,11,12,10,100,100,0.1
swv_20x15,swv,20x15,11,13,19,100,100,0.19
swv_20x15,swv,20x15,11,14,14,100,100,0.14
swv_20x15,swv,20x15,12,0,0,100,100,0.0
swv_20x15,swv,20x15,12,1,0,100,100,0.0
swv_20x15,swv,20x15,12,2,0,100,100,0.0
swv_20x15,swv,20x15,12,3,0,100,100,0.0
swv_20x15,swv,20x15,12,4,0,100,100,0.0
swv_20x15,swv,20x15,12,5,0,100,100,0.0
swv_20x15,swv,20x15,12,6,0,100,100,0.0
swv_20x15,swv,20x15,12,7,18,100,100,0.18
swv_20x15,swv,20x15,12,8,13,100,100,0.13
swv_20x15,swv,20x15,12,9,11,100,100,0.11
swv_20x15,swv,20x15,12,10,12,100,100,0.12
swv_20x15,swv,20x15,12,11,12,100,100,0.12
swv_20x15,swv,20x15,12,12,13,100,100,0.13
swv_20x15,swv,20x15,12,13,9,100,100,0.09
swv_20x15,swv,20x15,12,14,12,100,100,0.12
swv_20x15,swv,20x15,13,0,0,100,100,0.0
swv_20x15,swv,20x15,13,1,0,100,100,0.0
swv_20x15,swv,20x15,13,2,0,100,100,0.0
swv_20x15,swv,20x15,13,3,0,100,100,0.0
swv_20x15,swv,20x15,13,4,0,100,100,0.0
swv_20x15,swv,20x15,13,5,0,100,100,0.0
swv_20x15,swv,20x15,13,6,0,100,100,0.0
swv_20x15,swv,20x15,13,7,15,100,100,0.15
swv_20x15,swv,20x15,13,8,11,100,100,0.11
swv_20x15,swv,20x15,13,9,14,100,100,0.14
swv_20x15,swv,20x15,13,10,10,100,100,0.1
swv_20x15,swv,20x15,13,11,14,100,100,0.14
swv_20x15,swv,20x15,13,12,10,100,100,0.1
swv_20x15,swv,20x15,13,13,16,100,100,0.16
swv_20x15,swv,20x15,13,14,10,100,100,0.1
swv_20x15,swv,20x15,14,0,0,100,100,0.0
swv_20x15,swv,20x15,14,1,0,100,100,0.0
swv_20x15,swv,20x15,14,2,0,100,100,0.0
swv_20x15,swv,20x15,14,3,0,100,100,0.0
swv_20x15,swv,20x15,14,4,0,100,100,0.0
swv_20x15,swv,20x15,14,5,0,100,100,0.0
swv_20x15,swv,20x15,14,6,0,100,100,0.0
swv_20x15,swv,20x15,14,7,14,100,100,0.14
swv_20x15,swv,20x15,14,8,10,100,100,0.1
swv_20x15,swv,20x15,14,9,13,100,100,0.13
swv_20x15,swv,20x15,14,10,13,100,100,0.13
swv_20x15,swv,20x15,14,11,15,100,100,0.15
swv_20x15,swv,20x15,14,12,13,100,100,0.13
swv_20x15,swv,20x15,14,13,10,100,100,0.1
swv_20x15,swv,20x15,14,14,12,100,100,0.12
swv_50x10,swv,50x10,0,0,72,500,500,0.144
swv_50x10,swv,50x10,0,1,68,500,500,0.136
swv_50x10,swv,50x10,0,2,74,500,500,0.148
swv_50x10,swv,50x10,0,3,74,500,500,0.148
swv_50x10,swv,50x10,0,4,81,500,500,0.162
swv_50x10,swv,50x10,0,5,25,500,500,0.05
swv_50x10,swv,50x10,0,6,26,500,500,0.052
swv_50x10,swv,50x10,0,7,29,500,500,0.058
swv_50x10,swv,50x10,0,8,19,500,500,0.038
swv_50x10,swv,50x10,0,9,32,500,500,0.064
swv_50x10,swv,50x10,1,0,80,500,500,0.16
swv_50x10,swv,50x10,1,1,80,500,500,0.16
swv_50x10,swv,50x10,1,2,69,500,500,0.138
swv_50x10,swv,50x10,1,3,56,500,500,0.112
swv_50x10,swv,50x10,1,4,77,500,500,0.154
swv_50x10,swv,50x10,1,5,30,500,500,0.06
swv_50x10,swv,50x10,1,6,30,500,500,0.06
swv_50x10,swv,50x10,1,7,28,500,500,0.056
swv_50x10,swv,50x10,1,8,26,500,500,0.052
swv_50x10,swv,50x10,1,9,24,500,500,0.048
swv_50x10,swv,50x10,2,0,82,500,500,0.164
swv_50x10,swv,50x10,2,1,76,500,500,0.152
swv_50x10,swv,50x10,2,2,72,500,500,0.144
swv_50x10,swv,50x10,2,3,88,500,500,0.176
swv_50x10,swv,50x10,2,4,75,500,500,0.15
swv_50x10,swv,50x10,2,5,18,500,500,0.036
swv_50x10,swv,50x10,2,6,29,500,500,0.058
swv_50x10,swv,50x10,2,7,11,500,500,0.022
swv_50x10,swv,50x10,2,8,29,500,500,0.058
swv_50x10,swv,50x10,2,9,20,500,500,0.04
swv_50x10,swv,50x10,3,0,79,500,500,0.158
swv_50x10,swv,50x10,3,1,65,500,500,0.13
swv_50x10,swv,50x10,3,2,90,500,500,0.18
swv_50x10,swv,50x10,3,3,91,500,500,0.182
swv_50x10,swv,50x10,3,4,58,500,500,0.116
swv_50x10,swv,50x10,3,5,23,500,500,0.046
swv_50x10,swv,50x10,3,6,20,500,500,0.04
swv_50x10,swv,50x10,3,7,30,500,500,0.06
swv_50x10,swv,50x10,3,8,24,500,500,0.048
swv_50x10,swv,50x10,3,9,20,500,500,0.04
swv_50x10,swv,50x10,4,0,75,500,500,0.15
swv_50x10,swv,50x10,4,1,90,500,500,0.18
swv_50x10,swv,50x10,4,2,74,500,500,0.148
swv_50x10,swv,50x10,4,3,66,500,500,0.132
swv_50x10,swv,50x10,4,4,66,500,500,0.132
swv_50x10,swv,50x10,4,5,24,500,500,0.048
swv_50x10,swv,50x10,4,6,30,500,500,0.06
swv_50x10,swv,50x10,4,7,25,500,500,0.05
swv_50x10,swv,50x10,4,8,23,500,500,0.046
swv_50x10,swv,50x10,4,9,27,500,500,0.054
swv_50x10,swv,50x10,5,0,19,500,500,0.038
swv_50x10,swv,50x10,5,1,29,500,500,0.058
swv_50x10,swv,50x10,5,2,27,500,500,0.054
swv_50x10,swv,50x10,5,3,23,500,500,0.046
swv_50x10,swv,50x10,5,4,24,500,500,0.048
swv_50x10,swv,50x10,5,5,77,500,500,0.154
swv_50x10,swv,50x10,5,6,61,500,500,0.122
swv_50x10,swv,50x10,5,7,87,500,500,0.174
swv_50x10,swv,50x10,5,8,74,500,500,0.148
swv_50x10,swv,50x10,5,9,79,500,500,0.158
swv_50x10,swv,50x10,6,0,25,500,500,0.05
swv_50x10,swv,50x10,6,1,21,500,500,0.042
swv_50x10,swv,50x10,6,2,24,500,500,0.048
swv_50x10,swv,50x10,6,3,24,500,500,0.048
swv_50x10,swv,50x10,6,4,26,500,500,0.052
swv_50x10,swv,50x10,6,5,82,500,500,0.164
swv_50x10,swv,50x10,6,6,75,500,500,0.15
swv_50x10,swv,50x10,6,7,88,500,500,0.176
swv_50x10,swv,50x10,6,8,67,500,500,0.134
swv_50x10,swv,50x10,6,9,68,500,500,0.136
swv_50x10,swv,50x10,7,0,22,500,500,0.044
swv_50x10,swv,50x10,7,1,21,500,500,0.042
swv_50x10,swv,50x10,7,2,19,500,500,0.038
swv_50x10,swv,50x10,7,3,30,500,500,0.06
swv_50x10,swv,50x10,7,4,35,500,500,0.07
swv_50x10,swv,50x10,7,5,88,500,500,0.176
swv_50x10,swv,50x10,7,6,58,500,500,0.116
swv_50x10,swv,50x10,7,7,69,500,500,0.138
swv_50x10,swv,50x10,7,8,74,500,500,0.148
swv_50x10,swv,50x10,7,9,84,500,500,0.168
swv_50x10,swv,50x10,8,0,18,500,500,0.036
swv_50x10,swv,50x10,8,1,28,500,500,0.056
swv_50x10,swv,50x10,8,2,27,500,500,0.054
swv_50x10,swv,50x10,8,3,24,500,500,0.048
swv_50x10,swv,50x10,8,4,28,500,500,0.056
swv_50x10,swv,50x10,8,5,69,500,500,0.138
swv_50x10,swv,50x10,8,6,89,500,500,0.178
swv_50x10,swv,50x10,8,7,68,500,500,0.136
swv_50x10,swv,50x10,8,8,80,500,500,0.16
swv_50x10,swv,50x10,8,9,69,500,500,0.138
swv_50x10,swv,50x10,9,0,28,500,500,0.056
swv_50x10,swv,50x10,9,1,22,500,500,0.044
swv_50x10,swv,50x10,9,2,24,500,500,0.048
swv_50x10,swv,50x10,9,3,24,500,500,0.048
swv_50x10,swv,50x10,9,4,30,500,500,0.06
swv_50x10,swv,50x10,9,5,64,500,500,0.128
swv_50x10,swv,50x10,9,6,82,500,500,0.164
swv_50x10,swv,50x10,9,7,65,500,500,0.13
swv_50x10,swv,50x10,9,8,84,500,500,0.168
swv_50x10,swv,50x10,9,9,77,500,500,0.154
ta_100x20,ta,100x20,0,0,38,1000,1000,0.038
ta_100x20,ta,100x20,0,1,49,1000,1000,0.049
ta_100x20,ta,100x20,0,2,56,1000,1000,0.056
ta_100x20,ta,100x20,0,3,50,1000,1000,0.05
ta_100x20,ta,100x20,0,4,47,1000,1000,0.047
ta_100x20,ta,100x20,0,5,45,1000,1000,0.045
ta_100x20,ta,100x20,0,6,44,1000,1000,0.044
ta_100x20,ta,100x20,0,7,58,1000,1000,0.058
ta_100x20,ta,100x20,0,8,45,1000,1000,0.045
ta_100x20,ta,100x20,0,9,52,1000,1000,0.052
ta_100x20,ta,100x20,0,10,64,1000,1000,0.064
ta_100x20,ta,100x20,0,11,53,1000,1000,0.053
ta_100x20,ta,100x20,0,12,65,1000,1000,0.065
ta_100x20,ta,100x20,0,13,42,1000,1000,0.042
ta_100x20,ta,100x20,0,14,44,1000,1000,0.044
ta_100x20,ta,100x20,0,15,44,1000,1000,0.044
ta_100x20,ta,100x20,0,16,51,1000,1000,0.051
ta_100x20,ta,100x20,0,17,56,1000,1000,0.056
ta_100x20,ta,100x20,0,18,49,1000,1000,0.049
ta_100x20,ta,100x20,0,19,48,1000,1000,0.048
ta_100x20,ta,100x20,1,0,48,1000,1000,0.048
ta_100x20,ta,100x20,1,1,53,1000,1000,0.053
ta_100x20,ta,100x20,1,2,49,1000,1000,0.049
ta_100x20,ta,100x20,1,3,55,1000,1000,0.055
ta_100x20,ta,100x20,1,4,53,1000,1000,0.053
ta_100x20,ta,100x20,1,5,54,1000,1000,0.054
ta_100x20,ta,100x20,1,6,42,1000,1000,0.042
ta_100x20,ta,100x20,1,7,52,1000,1000,0.052
ta_100x20,ta,100x20,1,8,66,1000,1000,0.066
ta_100x20,ta,100x20,1,9,48,1000,1000,0.048
ta_100x20,ta,100x20,1,10,44,1000,1000,0.044
ta_100x20,ta,100x20,1,11,50,1000,1000,0.05
ta_100x20,ta,100x20,1,12,50,1000,1000,0.05
ta_100x20,ta,100x20,1,13,60,1000,1000,0.06
ta_100x20,ta,100x20,1,14,44,1000,1000,0.044
ta_100x20,ta,100x20,1,15,55,1000,1000,0.055
ta_100x20,ta,100x20,1,16,39,1000,1000,0.039
ta_100x20,ta,100x20,1,17,43,1000,1000,0.043
ta_100x20,ta,100x20,1,18,53,1000,1000,0.053
ta_100x20,ta,100x20,1,19,42,1000,1000,0.042
ta_100x20,ta,100x20,2,0,35,1000,1000,0.035
ta_100x20,ta,100x20,2,1,51,1000,1000,0.051
ta_100x20,ta,100x20,2,2,45,1000,1000,0.045
ta_100x20,ta,100x20,2,3,53,1000,1000,0.053
ta_100x20,ta,100x20,2,4,50,1000,1000,0.05
ta_100x20,ta,100x20,2,5,56,1000,1000,0.056
ta_100x20,ta,100x20,2,6,45,1000,1000,0.045
ta_100x20,ta,100x20,2,7,58,1000,1000,0.058
ta_100x20,ta,100x20,2,8,58,1000,1000,0.058
ta_100x20,ta,100x20,2,9,51,1000,1000,0.051
ta_100x20,ta,100x20,2,10,51,1000,1000,0.051
ta_100x20,ta,100x20,2,11,51,1000,1000,0.051
ta_100x20,ta,100x20,2,12,39,1000,1000,0.039
ta_100x20,ta,100x20,2,13,50,1000,1000,0.05
ta_100x20,ta,100x20,2,14,51,1000,1000,0.051
ta_100x20,ta,100x20,2,15,48,1000,1000,0.048
ta_100x20,ta,100x20,2,16,54,1000,1000,0.054
ta_100x20,ta,100x20,2,17,51,1000,1000,0.051
ta_100x20,ta,100x20,2,18,50,1000,1000,0.05
ta_100x20,ta,100x20,2,19,53,1000,1000,0.053
ta_100x20,ta,100x20,3,0,66,1000,1000,0.066
ta_100x20,ta,100x20,3,1,30,1000,1000,0.03
ta_100x20,ta,100x20,3,2,46,1000,1000,0.046
ta_100x20,ta,100x20,3,3,53,1000,1000,0.053
ta_100x20,ta,100x20,3,4,50,1000,1000,0.05
ta_100x20,ta,100x20,3,5,41,1000,1000,0.041
ta_100x20,ta,100x20,3,6,49,1000,1000,0.049
ta_100x20,ta,100x20,3,7,53,1000,1000,0.053
ta_100x20,ta,100x20,3,8,59,1000,1000,0.059
ta_100x20,ta,100x20,3,9,40,1000,1000,0.04
ta_100x20,ta,100x20,3,10,54,1000,1000,0.054
ta_100x20,ta,100x20,3,11,58,1000,1000,0.058
ta_100x20,ta,100x20,3,12,50,1000,1000,0.05
ta_100x20,ta,100x20,3,13,55,1000,1000,0.055
ta_100x20,ta,100x20,3,14,49,1000,1000,0.049
ta_100x20,ta,100x20,3,15,45,1000,1000,0.045
ta_100x20,ta,100x20,3,16,41,1000,1000,0.041
ta_100x20,ta,100x20,3,17,46,1000,1000,0.046
ta_100x20,ta,100x20,3,18,58,1000,1000,0.058
ta_100x20,ta,100x20,3,19,57,1000,1000,0.057
ta_100x20,ta,100x20,4,0,45,1000,1000,0.045
ta_100x20,ta,100x20,4,1,55,1000,1000,0.055
ta_100x20,ta,100x20,4,2,51,1000,1000,0.051
ta_100x20,ta,100x20,4,3,47,1000,1000,0.047
ta_100x20,ta,100x20,4,4,48,1000,1000,0.048
ta_100x20,ta,100x20,4,5,53,1000,1000,0.053
ta_100x20,ta,100x20,4,6,49,1000,1000,0.049
ta_100x20,ta,100x20,4,7,58,1000,1000,0.058
ta_100x20,ta,100x20,4,8,48,1000,1000,0.048
ta_100x20,ta,100x20,4,9,58,1000,1000,0.058
ta_100x20,ta,100x20,4,10,60,1000,1000,0.06
ta_100x20,ta,100x20,4,11,46,1000,1000,0.046
ta_100x20,ta,100x20,4,12,50,1000,1000,0.05
ta_100x20,ta,100x20,4,13,57,1000,1000,0.057
ta_100x20,ta,100x20,4,14,47,1000,1000,0.047
ta_100x20,ta,100x20,4,15,37,1000,1000,0.037
ta_100x20,ta,100x20,4,16,49,1000,1000,0.049
ta_100x20,ta,100x20,4,17,40,1000,1000,0.04
ta_100x20,ta,100x20,4,18,50,1000,1000,0.05
ta_100x20,ta,100x20,4,19,52,1000,1000,0.052
ta_100x20,ta,100x20,5,0,45,1000,1000,0.045
ta_100x20,ta,100x20,5,1,38,1000,1000,0.038
ta_100x20,ta,100x20,5,2,42,1000,1000,0.042
ta_100x20,ta,100x20,5,3,50,1000,1000,0.05
ta_100x20,ta,100x20,5,4,46,1000,1000,0.046
ta_100x20,ta,100x20,5,5,61,1000,1000,0.061
ta_100x20,ta,100x20,5,6,51,1000,1000,0.051
ta_100x20,ta,100x20,5,7,54,1000,1000,0.054
ta_100x20,ta,100x20,5,8,58,1000,1000,0.058
ta_100x20,ta,100x20,5,9,57,1000,1000,0.057
ta_100x20,ta,100x20,5,10,42,1000,1000,0.042
ta_100x20,ta,100x20,5,11,37,1000,1000,0.037
ta_100x20,ta,100x20,5,12,56,1000,1000,0.056
ta_100x20,ta,100x20,5,13,54,1000,1000,0.054
ta_100x20,ta,100x20,5,14,65,1000,1000,0.065
ta_100x20,ta,100x20,5,15,53,1000,1000,0.053
ta_100x20,ta,100x20,5,16,57,1000,1000,0.057
ta_100x20,ta,100x20,5,17,49,1000,1000,0.049
ta_100x20,ta,100x20,5,18,46,1000,1000,0.046
ta_100x20,ta,100x20,5,19,39,1000,1000,0.039
ta_100x20,ta,100x20,6,0,55,1000,1000,0.055
ta_100x20,ta,100x20,6,1,50,1000,1000,0.05
ta_100x20,ta,100x20,6,2,50,1000,1000,0.05
ta_100x20,ta,100x20,6,3,43,1000,1000,0.043
ta_100x20,ta,100x20,6,4,58,1000,1000,0.058
ta_100x20,ta,100x20,6,5,46,1000,1000,0.046
ta_100x20,ta,100x20,6,6,49,1000,1000,0.049
ta_100x20,ta,100x20,6,7,41,1000,1000,0.041
ta_100x20,ta,100x20,6,8,32,1000,1000,0.032
ta_100x20,ta,100x20,6,9,50,1000,1000,0.05
ta_100x20,ta,100x20,6,10,44,1000,1000,0.044
ta_100x20,ta,100x20,6,11,40,1000,1000,0.04
ta_100x20,ta,100x20,6,12,54,1000,1000,0.054
ta_100x20,ta,100x20,6,13,63,1000,1000,0.063
ta_100x20,ta,100x20,6,14,56,1000,1000,0.056
ta_100x20,ta,100x20,6,15,65,1000,1000,0.065
ta_100x20,ta,100x20,6,16,54,1000,1000,0.054
ta_100x20,ta,100x20,6,17,39,1000,1000,0.039
ta_100x20,ta,100x20,6,18,48,1000,1000,0.048
ta_100x20,ta,100x20,6,19,63,1000,1000,0.063
ta_100x20,ta,100x20,7,0,57,1000,1000,0.057
ta_100x20,ta,100x20,7,1,50,1000,1000,0.05
ta_100x20,ta,100x20,7,2,44,1000,1000,0.044
ta_100x20,ta,100x20,7,3,55,1000,1000,0.055
ta_100x20,ta,100x20,7,4,58,1000,1000,0.058
ta_100x20,ta,100x20,7,5,44,1000,1000,0.044
ta_100x20,ta,100x20,7,6,64,1000,1000,0.064
ta_100x20,ta,100x20,7,7,51,1000,1000,0.051
ta_100x20,ta,100x20,7,8,44,1000,1000,0.044
ta_100x20,ta,100x20,7,9,53,1000,1000,0.053
ta_100x20,ta,100x20,7,10,45,1000,1000,0.045
ta_100x20,ta,100x20,7,11,49,1000,1000,0.049
ta_100x20,ta,100x20,7,12,38,1000,1000,0.038
ta_100x20,ta,100x20,7,13,43,1000,1000,0.043
ta_100x20,ta,100x20,7,14,47,1000,1000,0.047
ta_100x20,ta,100x20,7,15,45,1000,1000,0.045
ta_100x20,ta,100x20,7,16,51,1000,1000,0.051
ta_100x20,ta,100x20,7,17,47,1000,1000,0.047
ta_100x20,ta,100x20,7,18,57,1000,1000,0.057
ta_100x20,ta,100x20,7,19,58,1000,1000,0.058
ta_100x20,ta,100x20,8,0,56,1000,1000,0.056
ta_100x20,ta,100x20,8,1,39,1000,1000,0.039
ta_100x20,ta,100x20,8,2,52,1000,1000,0.052
ta_100x20,ta,100x20,8,3,56,1000,1000,0.056
ta_100x20,ta,100x20,8,4,48,1000,1000,0.048
ta_100x20,ta,100x20,8,5,52,1000,1000,0.052
ta_100x20,ta,100x20,8,6,46,1000,1000,0.046
ta_100x20,ta,100x20,8,7,52,1000,1000,0.052
ta_100x20,ta,100x20,8,8,49,1000,1000,0.049
ta_100x20,ta,100x20,8,9,65,1000,1000,0.065
ta_100x20,ta,100x20,8,10,36,1000,1000,0.036
ta_100x20,ta,100x20,8,11,40,1000,1000,0.04
ta_100x20,ta,100x20,8,12,56,1000,1000,0.056
ta_100x20,ta,100x20,8,13,52,1000,1000,0.052
ta_100x20,ta,100x20,8,14,49,1000,1000,0.049
ta_100x20,ta,100x20,8,15,45,1000,1000,0.045
ta_100x20,ta,100x20,8,16,63,1000,1000,0.063
ta_100x20,ta,100x20,8,17,58,1000,1000,0.058
ta_100x20,ta,100x20,8,18,48,1000,1000,0.048
ta_100x20,ta,100x20,8,19,38,1000,1000,0.038
ta_100x20,ta,100x20,9,0,48,1000,1000,0.048
ta_100x20,ta,100x20,9,1,49,1000,1000,0.049
ta_100x20,ta,100x20,9,2,47,1000,1000,0.047
ta_100x20,ta,100x20,9,3,43,1000,1000,0.043
ta_100x20,ta,100x20,9,4,53,1000,1000,0.053
ta_100x20,ta,100x20,9,5,49,1000,1000,0.049
ta_100x20,ta,100x20,9,6,56,1000,1000,0.056
ta_100x20,ta,100x20,9,7,50,1000,1000,0.05
ta_100x20,ta,100x20,9,8,45,1000,1000,0.045
ta_100x20,ta,100x20,9,9,57,1000,1000,0.057
ta_100x20,ta,100x20,9,10,67,1000,1000,0.067
ta_100x20,ta,100x20,9,11,56,1000,1000,0.056
ta_100x20,ta,100x20,9,12,41,1000,1000,0.041
ta_100x20,ta,100x20,9,13,50,1000,1000,0.05
ta_100x20,ta,100x20,9,14,57,1000,1000,0.057
ta_100x20,ta,100x20,9,15,54,1000,1000,0.054
ta_100x20,ta,100x20,9,16,44,1000,1000,0.044
ta_100x20,ta,100x20,9,17,50,1000,1000,0.05
ta_100x20,ta,100x20,9,18,40,1000,1000,0.04
ta_100x20,ta,100x20,9,19,44,1000,1000,0.044
ta_100x20,ta,100x20,10,0,48,1000,1000,0.048
ta_100x20,ta,100x20,10,1,52,1000,1000,0.052
ta_100x20,ta,100x20,10,2,52,1000,1000,0.052
ta_100x20,ta,100x20,10,3,53,1000,1000,0.053
ta_100x20,ta,100x20,10,4,40,1000,1000,0.04
ta_100x20,ta,100x20,10,5,41,1000,1000,0.041
ta_100x20,ta,100x20,10,6,40,1000,1000,0.04
ta_100x20,ta,100x20,10,7,60,1000,1000,0.06
ta_100x20,ta,100x20,10,8,55,1000,1000,0.055
ta_100x20,ta,100x20,10,9,43,1000,1000,0.043
ta_100x20,ta,100x20,10,10,53,1000,1000,0.053
ta_100x20,ta,100x20,10,11,46,1000,1000,0.046
ta_100x20,ta,100x20,10,12,44,1000,1000,0.044
ta_100x20,ta,100x20,10,13,44,1000,1000,0.044
ta_100x20,ta,100x20,10,14,59,1000,1000,0.059
ta_100x20,ta,100x20,10,15,48,1000,1000,0.048
ta_100x20,ta,100x20,10,16,52,1000,1000,0.052
ta_100x20,ta,100x20,10,17,64,1000,1000,0.064
ta_100x20,ta,100x20,10,18,48,1000,1000,0.048
ta_100x20,ta,100x20,10,19,58,1000,1000,0.058
ta_100x20,ta,100x20,11,0,46,1000,1000,0.046
ta_100x20,ta,100x20,11,1,69,1000,1000,0.069
ta_100x20,ta,100x20,11,2,52,1000,1000,0.052
ta_100x20,ta,100x20,11,3,50,1000,1000,0.05
ta_100x20,ta,100x20,11,4,51,1000,1000,0.051
ta_100x20,ta,100x20,11,5,51,1000,1000,0.051
ta_100x20,ta,100x20,11,6,46,1000,1000,0.046
ta_100x20,ta,100x20,11,7,47,1000,1000,0.047
ta_100x20,ta,100x20,11,8,45,1000,1000,0.045
ta_100x20,ta,100x20,11,9,53,1000,1000,0.053
ta_100x20,ta,100x20,11,10,48,1000,1000,0.048
ta_100x20,ta,100x20,11,11,49,1000,1000,0.049
ta_100x20,ta,100x20,11,12,57,1000,1000,0.057
ta_100x20,ta,100x20,11,13,40,1000,1000,0.04
ta_100x20,ta,100x20,11,14,70,1000,1000,0.07
ta_100x20,ta,100x20,11,15,53,1000,1000,0.053
ta_100x20,ta,100x20,11,16,38,1000,1000,0.038
ta_100x20,ta,100x20,11,17,48,1000,1000,0.048
ta_100x20,ta,100x20,11,18,48,1000,1000,0.048
ta_100x20,ta,100x20,11,19,39,1000,1000,0.039
ta_100x20,ta,100x20,12,0,39,1000,1000,0.039
ta_100x20,ta,100x20,12,1,47,1000,1000,0.047
ta_100x20,ta,100x20,12,2,47,1000,1000,0.047
ta_100x20,ta,100x20,12,3,47,1000,1000,0.047
ta_100x20,ta,100x20,12,4,55,1000,1000,0.055
ta_100x20,ta,100x20,12,5,47,1000,1000,0.047
ta_100x20,ta,100x20,12,6,48,1000,1000,0.048
ta_100x20,ta,100x20,12,7,36,1000,1000,0.036
ta_100x20,ta,100x20,12,8,46,1000,1000,0.046
ta_100x20,ta,100x20,12,9,66,1000,1000,0.066
ta_100x20,ta,100x20,12,10,58,1000,1000,0.058
ta_100x20,ta,100x20,12,11,68,1000,1000,0.068
ta_100x20,ta,100x20,12,12,48,1000,1000,0.048
ta_100x20,ta,100x20,12,13,49,1000,1000,0.049
ta_100x20,ta,100x20,12,14,45,1000,1000,0.045
ta_100x20,ta,100x20,12,15,53,1000,1000,0.053
ta_100x20,ta,100x20,12,16,33,1000,1000,0.033
ta_100x20,ta,100x20,12,17,68,1000,1000,0.068
ta_100x20,ta,100x20,12,18,47,1000,1000,0.047
ta_100x20,ta,100x20,12,19,53,1000,1000,0.053
ta_100x20,ta,100x20,13,0,46,1000,1000,0.046
ta_100x20,ta,100x20,13,1,50,1000,1000,0.05
ta_100x20,ta,100x20,13,2,46,1000,1000,0.046
ta_100x20,ta,100x20,13,3,45,1000,1000,0.045
ta_100x20,ta,100x20,13,4,52,1000,1000,0.052
ta_100x20,ta,100x20,13,5,49,1000,1000,0.049
ta_100x20,ta,100x20,13,6,52,1000,1000,0.052
ta_100x20,ta,100x20,13,7,49,1000,1000,0.049
ta_100x20,ta,100x20,13,8,65,1000,1000,0.065
ta_100x20,ta,100x20,13,9,46,1000,1000,0.046
ta_100x20,ta,100x20,13,10,49,1000,1000,0.049
ta_100x20,ta,100x20,13,11,42,1000,1000,0.042
ta_100x20,ta,100x20,13,12,54,1000,1000,0.054
ta_100x20,ta,100x20,13,13,53,1000,1000,0.053
ta_100x20,ta,100x20,13,14,43,1000,1000,0.043
ta_100x20,ta,100x20,13,15,57,1000,1000,0.057
ta_100x20,ta,100x20,13,16,59,1000,1000,0.059
ta_100x20,ta,100x20,13,17,55,1000,1000,0.055
ta_100x20,ta,100x20,13,18,46,1000,1000,0.046
ta_100x20,ta,100x20,13,19,42,1000,1000,0.042
ta_100x20,ta,100x20,14,0,57,1000,1000,0.057
ta_100x20,ta,100x20,14,1,49,1000,1000,0.049
ta_100x20,ta,100x20,14,2,68,1000,1000,0.068
ta_100x20,ta,100x20,14,3,47,1000,1000,0.047
ta_100x20,ta,100x20,14,4,52,1000,1000,0.052
ta_100x20,ta,100x20,14,5,54,1000,1000,0.054
ta_100x20,ta,100x20,14,6,44,1000,1000,0.044
ta_100x20,ta,100x20,14,7,48,1000,1000,0.048
ta_100x20,ta,100x20,14,8,54,1000,1000,0.054
ta_100x20,ta,100x20,14,9,39,1000,1000,0.039
ta_100x20,ta,100x20,14,10,54,1000,1000,0.054
ta_100x20,ta,100x20,14,11,51,1000,1000,0.051
ta_100x20,ta,100x20,14,12,52,1000,1000,0.052
ta_100x20,ta,100x20,14,13,41,1000,1000,0.041
ta_100x20,ta,100x20,14,14,48,1000,1000,0.048
ta_100x20,ta,100x20,14,15,46,1000,1000,0.046
ta_100x20,ta,100x20,14,16,55,1000,1000,0.055
ta_100x20,ta,100x20,14,17,46,1000,1000,0.046
ta_100x20,ta,100x20,14,18,49,1000,1000,0.049
ta_100x20,ta,100x20,14,19,46,1000,1000,0.046
ta_100x20,ta,100x20,15,0,58,1000,1000,0.058
ta_100x20,ta,100x20,15,1,55,1000,1000,0.055
ta_100x20,ta,100x20,15,2,45,1000,1000,0.045
ta_100x20,ta,100x20,15,3,53,1000,1000,0.053
ta_100x20,ta,100x20,15,4,50,1000,1000,0.05
ta_100x20,ta,100x20,15,5,47,1000,1000,0.047
ta_100x20,ta,100x20,15,6,54,1000,1000,0.054
ta_100x20,ta,100x20,15,7,49,1000,1000,0.049
ta_100x20,ta,100x20,15,8,50,1000,1000,0.05
ta_100x20,ta,100x20,15,9,44,1000,1000,0.044
ta_100x20,ta,100x20,15,10,49,1000,1000,0.049
ta_100x20,ta,100x20,15,11,52,1000,1000,0.052
ta_100x20,ta,100x20,15,12,47,1000,1000,0.047
ta_100x20,ta,100x20,15,13,52,1000,1000,0.052
ta_100x20,ta,100x20,15,14,43,1000,1000,0.043
ta_100x20,ta,100x20,15,15,53,1000,1000,0.053
ta_100x20,ta,100x20,15,16,47,1000,1000,0.047
ta_100x20,ta,100x20,15,17,44,1000,1000,0.044
ta_100x20,ta,100x20,15,18,51,1000,1000,0.051
ta_100x20,ta,100x20,15,19,57,1000,1000,0.057
ta_100x20,ta,100x20,16,0,64,1000,1000,0.064
ta_100x20,ta,100x20,16,1,47,1000,1000,0.047
ta_100x20,ta,100x20,16,2,55,1000,1000,0.055
ta_100x20,ta,100x20,16,3,55,1000,1000,0.055
ta_100x20,ta,100x20,16,4,47,1000,1000,0.047
ta_100x20,ta,100x20,16,5,59,1000,1000,0.059
ta_100x20,ta,100x20,16,6,50,1000,1000,0.05
ta_100x20,ta,100x20,16,7,51,1000,1000,0.051
ta_100x20,ta,100x20,16,8,35,1000,1000,0.035
ta_100x20,ta,100x20,16,9,45,1000,1000,0.045
ta_100x20,ta,100x20,16,10,43,1000,1000,0.043
ta_100x20,ta,100x20,16,11,53,1000,1000,0.053
ta_100x20,ta,100x20,16,12,44,1000,1000,0.044
ta_100x20,ta,100x20,16,13,53,1000,1000,0.053
ta_100x20,ta,100x20,16,14,40,1000,1000,0.04
ta_100x20,ta,100x20,16,15,51,1000,1000,0.051
ta_100x20,ta,100x20,16,16,55,1000,1000,0.055
ta_100x20,ta,100x20,16,17,48,1000,1000,0.048
ta_100x20,ta,100x20,16,18,52,1000,1000,0.052
ta_100x20,ta,100x20,16,19,53,1000,1000,0.053
ta_100x20,ta,100x20,17,0,55,1000,1000,0.055
ta_100x20,ta,100x20,17,1,54,1000,1000,0.054
ta_100x20,ta,100x20,17,2,54,1000,1000,0.054
ta_100x20,ta,100x20,17,3,55,1000,1000,0.055
ta_100x20,ta,100x20,17,4,51,1000,1000,0.051
ta_100x20,ta,100x20,17,5,51,1000,1000,0.051
ta_100x20,ta,100x20,17,6,57,1000,1000,0.057
ta_100x20,ta,100x20,17,7,47,1000,1000,0.047
ta_100x20,ta,100x20,17,8,63,1000,1000,0.063
ta_100x20,ta,100x20,17,9,43,1000,1000,0.043
ta_100x20,ta,100x20,17,10,37,1000,1000,0.037
ta_100x20,ta,100x20,17,11,63,1000,1000,0.063
ta_100x20,ta,100x20,17,12,51,1000,1000,0.051
ta_100x20,ta,100x20,17,13,32,1000,1000,0.032
ta_100x20,ta,100x20,17,14,51,1000,1000,0.051
ta_100x20,ta,100x20,17,15,33,1000,1000,0.033
ta_100x20,ta,100x20,17,16,43,1000,1000,0.043
ta_100x20,ta,100x20,17,17,55,1000,1000,0.055
ta_100x20,ta,100x20,17,18,49,1000,1000,0.049
ta_100x20,ta,100x20,17,19,56,1000,1000,0.056
ta_100x20,ta,100x20,18,0,48,1000,1000,0.048
ta_100x20,ta,100x20,18,1,63,1000,1000,0.063
ta_100x20,ta,100x20,18,2,49,1000,1000,0.049
ta_100x20,ta,100x20,18,3,41,1000,1000,0.041
ta_100x20,ta,100x20,18,4,43,1000,1000,0.043
ta_100x20,ta,100x20,18,5,40,1000,1000,0.04
ta_100x20,ta,100x20,18,6,49,1000,1000,0.049
ta_100x20,ta,100x20,18,7,46,1000,1000,0.046
ta_100x20,ta,100x20,18,8,37,1000,1000,0.037
ta_100x20,ta,100x20,18,9,49,1000,1000,0.049
ta_100x20,ta,100x20,18,10,53,1000,1000,0.053
ta_100x20,ta,100x20,18,11,57,1000,1000,0.057
ta_100x20,ta,100x20,18,12,46,1000,1000,0.046
ta_100x20,ta,100x20,18,13,56,1000,1000,0.056
ta_100x20,ta,100x20,18,14,42,1000,1000,0.042
ta_100x20,ta,100x20,18,15,60,1000,1000,0.06
ta_100x20,ta,100x20,18,16,63,1000,1000,0.063
ta_100x20,ta,100x20,18,17,46,1000,1000,0.046
ta_100x20,ta,100x20,18,18,52,1000,1000,0.052
ta_100x20,ta,100x20,18,19,60,1000,1000,0.06
ta_100x20,ta,100x20,19,0,46,1000,1000,0.046
ta_100x20,ta,100x20,19,1,50,1000,1000,0.05
ta_100x20,ta,100x20,19,2,50,1000,1000,0.05
ta_100x20,ta,100x20,19,3,49,1000,1000,0.049
ta_100x20,ta,100x20,19,4,48,1000,1000,0.048
ta_100x20,ta,100x20,19,5,60,1000,1000,0.06
ta_100x20,ta,100x20,19,6,65,1000,1000,0.065
ta_100x20,ta,100x20,19,7,40,1000,1000,0.04
ta_100x20,ta,100x20,19,8,46,1000,1000,0.046
ta_100x20,ta,100x20,19,9,41,1000,1000,0.041
ta_100x20,ta,100x20,19,10,49,1000,1000,0.049
ta_100x20,ta,100x20,19,11,39,1000,1000,0.039
ta_100x20,ta,100x20,19,12,58,1000,1000,0.058
ta_100x20,ta,100x20,19,13,54,1000,1000,0.054
ta_100x20,ta,100x20,19,14,50,1000,1000,0.05
ta_100x20,ta,100x20,19,15,55,1000,1000,0.055
ta_100x20,ta,100x20,19,16,52,1000,1000,0.052
ta_100x20,ta,100x20,19,17,47,1000,1000,0.047
ta_100x20,ta,100x20,19,18,59,1000,1000,0.059
ta_100x20,ta,100x20,19,19,42,1000,1000,0.042
ta_15x15,ta,15x15,0,0,6,150,150,0.04
ta_15x15,ta,15x15,0,1,12,150,150,0.08
ta_15x15,ta,15x15,0,2,9,150,150,0.06
ta_15x15,ta,15x15,0,3,9,150,150,0.06
ta_15x15,ta,15x15,0,4,9,150,150,0.06
ta_15x15,ta,15x15,0,5,12,150,150,0.08
ta_15x15,ta,15x15,0,6,10,150,150,0.06666666666666667
ta_15x15,ta,15x15,0,7,12,150,150,0.08
ta_15x15,ta,15x15,0,8,16,150,150,0.10666666666666667
ta_15x15,ta,15x15,0,9,8,150,150,0.05333333333333334
ta_15x15,ta,15x15,0,10,7,150,150,0.04666666666666667
ta_15x15,ta,15x15,0,11,8,150,150,0.05333333333333334
ta_15x15,ta,15x15,0,12,12,150,150,0.08
ta_15x15,ta,15x15,0,13,10,150,150,0.06666666666666667
ta_15x15,ta,15x15,0,14,10,150,150,0.06666666666666667
ta_15x15,ta,15x15,1,0,8,150,150,0.05333333333333334
ta_15x15,ta,15x15,1,1,11,150,150,0.07333333333333333
ta_15x15,ta,15x15,1,2,18,150,150,0.12
ta_15x15,ta,15x15,1,3,9,150,150,0.06
ta_15x15,ta,15x15,1,4,10,150,150,0.06666666666666667
ta_15x15,ta,15x15,1,5,7,150,150,0.04666666666666667
ta_15x15,ta,15x15,1,6,4,150,150,0.02666666666666667
ta_15x15,ta,15x15,1,7,10,150,150,0.06666666666666667
ta_15x15,ta,15x15,1,8,11,150,150,0.07333333333333333
ta_15x15,ta,15x15,1,9,5,150,150,0.03333333333333333
ta_15x15,ta,15x15,1,10,10,150,150,0.06666666666666667
ta_15x15,ta,15x15,1,11,15,150,150,0.1
ta_15x15,ta,15x15,1,12,10,150,150,0.06666666666666667
ta_15x15,ta,15x15,1,13,12,150,150,0.08
ta_15x15,ta,15x15,1,14,10,150,150,0.06666666666666667
ta_15x15,ta,15x15,2,0,12,150,150,0.08
ta_15x15,ta,15x15,2,1,8,150,150,0.05333333333333334
ta_15x15,ta,15x15,2,2,7,150,150,0.04666666666666667
ta_15x15,ta,15x15,2,3,7,150,150,0.04666666666666667
ta_15x15,ta,15x15,2,4,14,150,150,0.09333333333333334
ta_15x15,ta,15x15,2,5,16,150,150,0.10666666666666667
ta_15x15,ta,15x15,2,6,14,150,150,0.09333333333333334
ta_15x15,ta,15x15,2,7,9,150,150,0.06
ta_15x15,ta,15x15,2,8,8,150,150,0.05333333333333334
ta_15x15,ta,15x15,2,9,8,150,150,0.05333333333333334
ta_15x15,ta,15x15,2,10,7,150,150,0.04666666666666667
ta_15x15,ta,15x15,2,11,9,150,150,0.06
ta_15x15,ta,15x15,2,12,9,150,150,0.06
ta_15x15,ta,15x15,2,13,10,150,150,0.06666666666666667
ta_15x15,ta,15x15,2,14,12,150,150,0.08
ta_15x15,ta,15x15,3,0,14,150,150,0.09333333333333334
ta_15x15,ta,15x15,3,1,9,150,150,0.06
ta_15x15,ta,15x15,3,2,7,150,150,0.04666666666666667
ta_15x15,ta,15x15,3,3,8,150,150,0.05333333333333334
ta_15x15,ta,15x15,3,4,11,150,150,0.07333333333333333
ta_15x15,ta,15x15,3,5,11,150,150,0.07333333333333333
ta_15x15,ta,15x15,3,6,8,150,150,0.05333333333333334
ta_15x15,ta,15x15,3,7,11,150,150,0.07333333333333333
ta_15x15,ta,15x15,3,8,9,150,150,0.06
ta_15x15,ta,15x15,3,9,8,150,150,0.05333333333333334
ta_15x15,ta,15x15,3,10,11,150,150,0.07333333333333333
ta_15x15,ta,15x15,3,11,6,150,150,0.04
ta_15x15,ta,15x15,3,12,8,150,150,0.05333333333333334
ta_15x15,ta,15x15,3,13,15,150,150,0.1
ta_15x15,ta,15x15,3,14,14,150,150,0.09333333333333334
ta_15x15,ta,15x15,4,0,7,150,150,0.04666666666666667
ta_15x15,ta,15x15,4,1,10,150,150,0.06666666666666667
ta_15x15,ta,15x15,4,2,9,150,150,0.06
ta_15x15,ta,15x15,4,3,11,150,150,0.07333333333333333
ta_15x15,ta,15x15,4,4,9,150,150,0.06
ta_15x15,ta,15x15,4,5,8,150,150,0.05333333333333334
ta_15x15,ta,15x15,4,6,13,150,150,0.08666666666666667
ta_15x15,ta,15x15,4,7,7,150,150,0.04666666666666667
ta_15x15,ta,15x15,4,8,11,150,150,0.07333333333333333
ta_15x15,ta,15x15,4,9,11,150,150,0.07333333333333333
ta_15x15,ta,15x15,4,10,11,150,150,0.07333333333333333
ta_15x15,ta,15x15,4,11,6,150,150,0.04
ta_15x15,ta,15x15,4,12,12,150,150,0.08
ta_15x15,ta,15x15,4,13,9,150,150,0.06
ta_15x15,ta,15x15,4,14,16,150,150,0.10666666666666667
ta_15x15,ta,15x15,5,0,11,150,150,0.07333333333333333
ta_15x15,ta,15x15,5,1,13,150,150,0.08666666666666667
ta_15x15,ta,15x15,5,2,7,150,150,0.04666666666666667
ta_15x15,ta,15x15,5,3,8,150,150,0.05333333333333334
ta_15x15,ta,15x15,5,4,15,150,150,0.1
ta_15x15,ta,15x15,5,5,13,150,150,0.08666666666666667
ta_15x15,ta,15x15,5,6,7,150,150,0.04666666666666667
ta_15x15,ta,15x15,5,7,8,150,150,0.05333333333333334
ta_15x15,ta,15x15,5,8,14,150,150,0.09333333333333334
ta_15x15,ta,15x15,5,9,10,150,150,0.06666666666666667
ta_15x15,ta,15x15,5,10,11,150,150,0.07333333333333333
ta_15x15,ta,15x15,5,11,10,150,150,0.06666666666666667
ta_15x15,ta,15x15,5,12,3,150,150,0.02
ta_15x15,ta,15x15,5,13,11,150,150,0.07333333333333333
ta_15x15,ta,15x15,5,14,9,150,150,0.06
ta_15x15,ta,15x15,6,0,10,150,150,0.06666666666666667
ta_15x15,ta,15x15,6,1,10,150,150,0.06666666666666667
ta_15x15,ta,15x15,6,2,12,150,150,0.08
ta_15x15,ta,15x15,6,3,7,150,150,0.04666666666666667
ta_15x15,ta,15x15,6,4,11,150,150,0.07333333333333333
ta_15x15,ta,15x15,6,5,10,150,150,0.06666666666666667
ta_15x15,ta,15x15,6,6,15,150,150,0.1
ta_15x15,ta,15x15,6,7,7,150,150,0.04666666666666667
ta_15x15,ta,15x15,6,8,8,150,150,0.05333333333333334
ta_15x15,ta,15x15,6,9,18,150,150,0.12
ta_15x15,ta,15x15,6,10,5,150,150,0.03333333333333333
ta_15x15,ta,15x15,6,11,8,150,150,0.05333333333333334
ta_15x15,ta,15x15,6,12,11,150,150,0.07333333333333333
ta_15x15,ta,15x15,6,13,12,150,150,0.08
ta_15x15,ta,15x15,6,14,6,150,150,0.04
ta_15x15,ta,15x15,7,0,9,150,150,0.06
ta_15x15,ta,15x15,7,1,8,150,150,0.05333333333333334
ta_15x15,ta,15x15,7,2,9,150,150,0.06
ta_15x15,ta,15x15,7,3,8,150,150,0.05333333333333334
ta_15x15,ta,15x15,7,4,16,150,150,0.10666666666666667
ta_15x15,ta,15x15,7,5,7,150,150,0.04666666666666667
ta_15x15,ta,15x15,7,6,8,150,150,0.05333333333333334
ta_15x15,ta,15x15,7,7,11,150,150,0.07333333333333333
ta_15x15,ta,15x15,7,8,12,150,150,0.08
ta_15x15,ta,15x15,7,9,12,150,150,0.08
ta_15x15,ta,15x15,7,10,11,150,150,0.07333333333333333
ta_15x15,ta,15x15,7,11,11,150,150,0.07333333333333333
ta_15x15,ta,15x15,7,12,9,150,150,0.06
ta_15x15,ta,15x15,7,13,10,150,150,0.06666666666666667
ta_15x15,ta,15x15,7,14,9,150,150,0.06
ta_15x15,ta,15x15,8,0,14,150,150,0.09333333333333334
ta_15x15,ta,15x15,8,1,12,150,150,0.08
ta_15x15,ta,15x15,8,2,9,150,150,0.06
ta_15x15,ta,15x15,8,3,10,150,150,0.06666666666666667
ta_15x15,ta,15x15,8,4,6,150,150,0.04
ta_15x15,ta,15x15,8,5,6,150,150,0.04
ta_15x15,ta,15x15,8,6,9,150,150,0.06
ta_15x15,ta,15x15,8,7,10,150,150,0.06666666666666667
ta_15x15,ta,15x15,8,8,10,150,150,0.06666666666666667
ta_15x15,ta,15x15,8,9,11,150,150,0.07333333333333333
ta_15x15,ta,15x15,8,10,10,150,150,0.06666666666666667
ta_15x15,ta,15x15,8,11,13,150,150,0.08666666666666667
ta_15x15,ta,15x15,8,12,14,150,150,0.09333333333333334
ta_15x15,ta,15x15,8,13,8,150,150,0.05333333333333334
ta_15x15,ta,15x15,8,14,8,150,150,0.05333333333333334
ta_15x15,ta,15x15,9,0,11,150,150,0.07333333333333333
ta_15x15,ta,15x15,9,1,7,150,150,0.04666666666666667
ta_15x15,ta,15x15,9,2,16,150,150,0.10666666666666667
ta_15x15,ta,15x15,9,3,10,150,150,0.06666666666666667
ta_15x15,ta,15x15,9,4,8,150,150,0.05333333333333334
ta_15x15,ta,15x15,9,5,13,150,150,0.08666666666666667
ta_15x15,ta,15x15,9,6,11,150,150,0.07333333333333333
ta_15x15,ta,15x15,9,7,10,150,150,0.06666666666666667
ta_15x15,ta,15x15,9,8,10,150,150,0.06666666666666667
ta_15x15,ta,15x15,9,9,5,150,150,0.03333333333333333
ta_15x15,ta,15x15,9,10,10,150,150,0.06666666666666667
ta_15x15,ta,15x15,9,11,7,150,150,0.04666666666666667
ta_15x15,ta,15x15,9,12,14,150,150,0.09333333333333334
ta_15x15,ta,15x15,9,13,6,150,150,0.04
ta_15x15,ta,15x15,9,14,12,150,150,0.08
ta_15x15,ta,15x15,10,0,13,150,150,0.08666666666666667
ta_15x15,ta,15x15,10,1,11,150,150,0.07333333333333333
ta_15x15,ta,15x15,10,2,4,150,150,0.02666666666666667
ta_15x15,ta,15x15,10,3,9,150,150,0.06
ta_15x15,ta,15x15,10,4,5,150,150,0.03333333333333333
ta_15x15,ta,15x15,10,5,7,150,150,0.04666666666666667
ta_15x15,ta,15x15,10,6,19,150,150,0.12666666666666668
ta_15x15,ta,15x15,10,7,10,150,150,0.06666666666666667
ta_15x15,ta,15x15,10,8,12,150,150,0.08
ta_15x15,ta,15x15,10,9,13,150,150,0.08666666666666667
ta_15x15,ta,15x15,10,10,15,150,150,0.1
ta_15x15,ta,15x15,10,11,9,150,150,0.06
ta_15x15,ta,15x15,10,12,6,150,150,0.04
ta_15x15,ta,15x15,10,13,14,150,150,0.09333333333333334
ta_15x15,ta,15x15,10,14,3,150,150,0.02
ta_15x15,ta,15x15,11,0,8,150,150,0.05333333333333334
ta_15x15,ta,15x15,11,1,9,150,150,0.06
ta_15x15,ta,15x15,11,2,11,150,150,0.07333333333333333
ta_15x15,ta,15x15,11,3,11,150,150,0.07333333333333333
ta_15x15,ta,15x15,11,4,8,150,150,0.05333333333333334
ta_15x15,ta,15x15,11,5,9,150,150,0.06
ta_15x15,ta,15x15,11,6,9,150,150,0.06
ta_15x15,ta,15x15,11,7,11,150,150,0.07333333333333333
ta_15x15,ta,15x15,11,8,7,150,150,0.04666666666666667
ta_15x15,ta,15x15,11,9,12,150,150,0.08
ta_15x15,ta,15x15,11,10,15,150,150,0.1
ta_15x15,ta,15x15,11,11,12,150,150,0.08
ta_15x15,ta,15x15,11,12,11,150,150,0.07333333333333333
ta_15x15,ta,15x15,11,13,9,150,150,0.06
ta_15x15,ta,15x15,11,14,8,150,150,0.05333333333333334
ta_15x15,ta,15x15,12,0,6,150,150,0.04
ta_15x15,ta,15x15,12,1,10,150,150,0.06666666666666667
ta_15x15,ta,15x15,12,2,11,150,150,0.07333333333333333
ta_15x15,ta,15x15,12,3,15,150,150,0.1
ta_15x15,ta,15x15,12,4,10,150,150,0.06666666666666667
ta_15x15,ta,15x15,12,5,16,150,150,0.10666666666666667
ta_15x15,ta,15x15,12,6,6,150,150,0.04
ta_15x15,ta,15x15,12,7,11,150,150,0.07333333333333333
ta_15x15,ta,15x15,12,8,6,150,150,0.04
ta_15x15,ta,15x15,12,9,12,150,150,0.08
ta_15x15,ta,15x15,12,10,9,150,150,0.06
ta_15x15,ta,15x15,12,11,10,150,150,0.06666666666666667
ta_15x15,ta,15x15,12,12,7,150,150,0.04666666666666667
ta_15x15,ta,15x15,12,13,7,150,150,0.04666666666666667
ta_15x15,ta,15x15,12,14,14,150,150,0.09333333333333334
ta_15x15,ta,15x15,13,0,10,150,150,0.06666666666666667
ta_15x15,ta,15x15,13,1,15,150,150,0.1
ta_15x15,ta,15x15,13,2,12,150,150,0.08
ta_15x15,ta,15x15,13,3,13,150,150,0.08666666666666667
ta_15x15,ta,15x15,13,4,8,150,150,0.05333333333333334
ta_15x15,ta,15x15,13,5,4,150,150,0.02666666666666667
ta_15x15,ta,15x15,13,6,12,150,150,0.08
ta_15x15,ta,15x15,13,7,10,150,150,0.06666666666666667
ta_15x15,ta,15x15,13,8,7,150,150,0.04666666666666667
ta_15x15,ta,15x15,13,9,11,150,150,0.07333333333333333
ta_15x15,ta,15x15,13,10,8,150,150,0.05333333333333334
ta_15x15,ta,15x15,13,11,9,150,150,0.06
ta_15x15,ta,15x15,13,12,13,150,150,0.08666666666666667
ta_15x15,ta,15x15,13,13,9,150,150,0.06
ta_15x15,ta,15x15,13,14,9,150,150,0.06
ta_15x15,ta,15x15,14,0,11,150,150,0.07333333333333333
ta_15x15,ta,15x15,14,1,5,150,150,0.03333333333333333
ta_15x15,ta,15x15,14,2,9,150,150,0.06
ta_15x15,ta,15x15,14,3,15,150,150,0.1
ta_15x15,ta,15x15,14,4,10,150,150,0.06666666666666667
ta_15x15,ta,15x15,14,5,11,150,150,0.07333333333333333
ta_15x15,ta,15x15,14,6,5,150,150,0.03333333333333333
ta_15x15,ta,15x15,14,7,13,150,150,0.08666666666666667
ta_15x15,ta,15x15,14,8,9,150,150,0.06
ta_15x15,ta,15x15,14,9,6,150,150,0.04
ta_15x15,ta,15x15,14,10,10,150,150,0.06666666666666667
ta_15x15,ta,15x15,14,11,17,150,150,0.11333333333333333
ta_15x15,ta,15x15,14,12,11,150,150,0.07333333333333333
ta_15x15,ta,15x15,14,13,8,150,150,0.05333333333333334
ta_15x15,ta,15x15,14,14,10,150,150,0.06666666666666667
ta_20x15,ta,20x15,0,0,11,200,200,0.055
ta_20x15,ta,20x15,0,1,18,200,200,0.09
ta_20x15,ta,20x15,0,2,20,200,200,0.1
ta_20x15,ta,20x15,0,3,14,200,200,0.07
ta_20x15,ta,20x15,0,4,9,200,200,0.045
ta_20x15,ta,20x15,0,5,19,200,200,0.095
ta_20x15,ta,20x15,0,6,11,200,200,0.055
ta_20x15,ta,20x15,0,7,12,200,200,0.06
ta_20x15,ta,20x15,0,8,19,200,200,0.095
ta_20x15,ta,20x15,0,9,12,200,200,0.06
ta_20x15,ta,20x15,0,10,8,200,200,0.04
ta_20x15,ta,20x15,0,11,12,200,200,0.06
ta_20x15,ta,20x15,0,12,10,200,200,0.05
ta_20x15,ta,20x15,0,13,11,200,200,0.055
ta_20x15,ta,20x15,0,14,14,200,200,0.07
ta_20x15,ta,20x15,1,0,10,200,200,0.05
ta_20x15,ta,20x15,1,1,6,200,200,0.03
ta_20x15,ta,20x15,1,2,18,200,200,0.09
ta_20x15,ta,20x15,1,3,15,200,200,0.075
ta_20x15,ta,20x15,1,4,13,200,200,0.065
ta_20x15,ta,20x15,1,5,11,200,200,0.055
ta_20x15,ta,20x15,1,6,13,200,200,0.065
ta_20x15,ta,20x15,1,7,14,200,200,0.07
ta_20x15,ta,20x15,1,8,21,200,200,0.105
ta_20x15,ta,20x15,1,9,14,200,200,0.07
ta_20x15,ta,20x15,1,10,13,200,200,0.065
ta_20x15,ta,20x15,1,11,12,200,200,0.06
ta_20x15,ta,20x15,1,12,10,200,200,0.05
ta_20x15,ta,20x15,1,13,11,200,200,0.055
ta_20x15,ta,20x15,1,14,19,200,200,0.095
ta_20x15,ta,20x15,2,0,9,200,200,0.045
ta_20x15,ta,20x15,2,1,17,200,200,0.085
ta_20x15,ta,20x15,2,2,7,200,200,0.035
ta_20x15,ta,20x15,2,3,13,200,200,0.065
ta_20x15,ta,20x15,2,4,16,200,200,0.08
ta_20x15,ta,20x15,2,5,12,200,200,0.06
ta_20x15,ta,20x15,2,6,19,200,200,0.095
ta_20x15,ta,20x15,2,7,12,200,200,0.06
ta_20x15,ta,20x15,2,8,13,200,200,0.065
ta_20x15,ta,20x15,2,9,14,200,200,0.07
ta_20x15,ta,20x15,2,10,15,200,200,0.075
ta_20x15,ta,20x15,2,11,11,200,200,0.055
ta_20x15,ta,20x15,2,12,20,200,200,0.1
ta_20x15,ta,20x15,2,13,9,200,200,0.045
ta_20x15,ta,20x15,2,14,13,200,200,0.065
ta_20x15,ta,20x15,3,0,14,200,200,0.07
ta_20x15,ta,20x15,3,1,13,200,200,0.065
ta_20x15,ta,20x15,3,2,7,200,200,0.035
ta_20x15,ta,20x15,3,3,10,200,200,0.05
ta_20x15,ta,20x15,3,4,14,200,200,0.07
ta_20x15,ta,20x15,3,5,13,200,200,0.065
ta_20x15,ta,20x15,3,6,12,200,200,0.06
ta_20x15,ta,20x15,3,7,17,200,200,0.085
ta_20x15,ta,20x15,3,8,18,200,200,0.09
ta_20x15,ta,20x15,3,9,9,200,200,0.045
ta_20x15,ta,20x15,3,10,15,200,200,0.075
ta_20x15,ta,20x15,3,11,15,200,200,0.075
ta_20x15,ta,20x15,3,12,16,200,200,0.08
ta_20x15,ta,20x15,3,13,13,200,200,0.065
ta_20x15,ta,20x15,3,14,14,200,200,0.07
ta_20x15,ta,20x15,4,0,16,200,200,0.08
ta_20x15,ta,20x15,4,1,12,200,200,0.06
ta_20x15,ta,20x15,4,2,10,200,200,0.05
ta_20x15,ta,20x15,4,3,25,200,200,0.125
ta_20x15,ta,20x15,4,4,11,200,200,0.055
ta_20x15,ta,20x15,4,5,16,200,200,0.08
ta_20x15,ta,20x15,4,6,10,200,200,0.05
ta_20x15,ta,20x15,4,7,16,200,200,0.08
ta_20x15,ta,20x15,4,8,19,200,200,0.095
ta_20x15,ta,20x15,4,9,10,200,200,0.05
ta_20x15,ta,20x15,4,10,10,200,200,0.05
ta_20x15,ta,20x15,4,11,14,200,200,0.07
ta_20x15,ta,20x15,4,12,9,200,200,0.045
ta_20x15,ta,20x15,4,13,14,200,200,0.07
ta_20x15,ta,20x15,4,14,8,200,200,0.04
ta_20x15,ta,20x15,5,0,19,200,200,0.095
ta_20x15,ta,20x15,5,1,17,200,200,0.085
ta_20x15,ta,20x15,5,2,9,200,200,0.045
ta_20x15,ta,20x15,5,3,10,200,200,0.05
ta_20x15,ta,20x15,5,4,14,200,200,0.07
ta_20x15,ta,20x15,5,5,14,200,200,0.07
ta_20x15,ta,20x15,5,6,13,200,200,0.065
ta_20x15,ta,20x15,5,7,10,200,200,0.05
ta_20x15,ta,20x15,5,8,13,200,200,0.065
ta_20x15,ta,20x15,5,9,17,200,200,0.085
ta_20x15,ta,20x15,5,10,16,200,200,0.08
ta_20x15,ta,20x15,5,11,8,200,200,0.04
ta_20x15,ta,20x15,5,12,10,200,200,0.05
ta_20x15,ta,20x15,5,13,16,200,200,0.08
ta_20x15,ta,20x15,5,14,14,200,200,0.07
ta_20x15,ta,20x15,6,0,13,200,200,0.065
ta_20x15,ta,20x15,6,1,13,200,200,0.065
ta_20x15,ta,20x15,6,2,15,200,200,0.075
ta_20x15,ta,20x15,6,3,7,200,200,0.035
ta_20x15,ta,20x15,6,4,13,200,200,0.065
ta_20x15,ta,20x15,6,5,17,200,200,0.085
ta_20x15,ta,20x15,6,6,21,200,200,0.105
ta_20x15,ta,20x15,6,7,11,200,200,0.055
ta_20x15,ta,20x15,6,8,8,200,200,0.04
ta_20x15,ta,20x15,6,9,12,200,200,0.06
ta_20x15,ta,20x15,6,10,11,200,200,0.055
ta_20x15,ta,20x15,6,11,16,200,200,0.08
ta_20x15,ta,20x15,6,12,10,200,200,0.05
ta_20x15,ta,20x15,6,13,16,200,200,0.08
ta_20x15,ta,20x15,6,14,17,200,200,0.085
ta_20x15,ta,20x15,7,0,14,200,200,0.07
ta_20x15,ta,20x15,7,1,12,200,200,0.06
ta_20x15,ta,20x15,7,2,7,200,200,0.035
ta_20x15,ta,20x15,7,3,14,200,200,0.07
ta_20x15,ta,20x15,7,4,19,200,200,0.095
ta_20x15,ta,20x15,7,5,16,200,200,0.08
ta_20x15,ta,20x15,7,6,14,200,200,0.07
ta_20x15,ta,20x15,7,7,15,200,200,0.075
ta_20x15,ta,20x15,7,8,8,200,200,0.04
ta_20x15,ta,20x15,7,9,13,200,200,0.065
ta_20x15,ta,20x15,7,10,12,200,200,0.06
ta_20x15,ta,20x15,7,11,12,200,200,0.06
ta_20x15,ta,20x15,7,12,9,200,200,0.045
ta_20x15,ta,20x15,7,13,18,200,200,0.09
ta_20x15,ta,20x15,7,14,17,200,200,0.085
ta_20x15,ta,20x15,8,0,12,200,200,0.06
ta_20x15,ta,20x15,8,1,11,200,200,0.055
ta_20x15,ta,20x15,8,2,13,200,200,0.065
ta_20x15,ta,20x15,8,3,14,200,200,0.07
ta_20x15,ta,20x15,8,4,14,200,200,0.07
ta_20x15,ta,20x15,8,5,14,200,200,0.07
ta_20x15,ta,20x15,8,6,12,200,200,0.06
ta_20x15,ta,20x15,8,7,4,200,200,0.02
ta_20x15,ta,20x15,8,8,11,200,200,0.055
ta_20x15,ta,20x15,8,9,14,200,200,0.07
ta_20x15,ta,20x15,8,10,11,200,200,0.055
ta_20x15,ta,20x15,8,11,21,200,200,0.105
ta_20x15,ta,20x15,8,12,21,200,200,0.105
ta_20x15,ta,20x15,8,13,15,200,200,0.075
ta_20x15,ta,20x15,8,14,13,200,200,0.065
ta_20x15,ta,20x15,9,0,11,200,200,0.055
ta_20x15,ta,20x15,9,1,16,200,200,0.08
ta_20x15,ta,20x15,9,2,13,200,200,0.065
ta_20x15,ta,20x15,9,3,11,200,200,0.055
ta_20x15,ta,20x15,9,4,9,200,200,0.045
ta_20x15,ta,20x15,9,5,16,200,200,0.08
ta_20x15,ta,20x15,9,6,15,200,200,0.075
ta_20x15,ta,20x15,9,7,21,200,200,0.105
ta_20x15,ta,20x15,9,8,14,200,200,0.07
ta_20x15,ta,20x15,9,9,14,200,200,0.07
ta_20x15,ta,20x15,9,10,11,200,200,0.055
ta_20x15,ta,20x15,9,11,13,200,200,0.065
ta_20x15,ta,20x15,9,12,11,200,200,0.055
ta_20x15,ta,20x15,9,13,11,200,200,0.055
ta_20x15,ta,20x15,9,14,14,200,200,0.07
ta_20x15,ta,20x15,10,0,16,200,200,0.08
ta_20x15,ta,20x15,10,1,13,200,200,0.065
ta_20x15,ta,20x15,10,2,18,200,200,0.09
ta_20x15,ta,20x15,10,3,13,200,200,0.065
ta_20x15,ta,20x15,10,4,14,200,200,0.07
ta_20x15,ta,20x15,10,5,15,200,200,0.075
ta_20x15,ta,20x15,10,6,8,200,200,0.04
ta_20x15,ta,20x15,10,7,13,200,200,0.065
ta_20x15,ta,20x15,10,8,10,200,200,0.05
ta_20x15,ta,20x15,10,9,18,200,200,0.09
ta_20x15,ta,20x15,10,10,20,200,200,0.1
ta_20x15,ta,20x15,10,11,12,200,200,0.06
ta_20x15,ta,20x15,10,12,11,200,200,0.055
ta_20x15,ta,20x15,10,13,12,200,200,0.06
ta_20x15,ta,20x15,10,14,7,200,200,0.035
ta_20x15,ta,20x15,11,0,11,200,200,0.055
ta_20x15,ta,20x15,11,1,16,200,200,0.08
ta_20x15,ta,20x15,11,2,19,200,200,0.095
ta_20x15,ta,20x15,11,3,13,200,200,0.065
ta_20x15,ta,20x15,11,4,12,200,200,0.06
ta_20x15,ta,20x15,11,5,7,200,200,0.035
ta_20x15,ta,20x15,11,6,17,200,200,0.085
ta_20x15,ta,20x15,11,7,11,200,200,0.055
ta_20x15,ta,20x15,11,8,11,200,200,0.055
ta_20x15,ta,20x15,11,9,14,200,200,0.07
ta_20x15,ta,20x15,11,10,13,200,200,0.065
ta_20x15,ta,20x15,11,11,13,200,200,0.065
ta_20x15,ta,20x15,11,12,17,200,200,0.085
ta_20x15,ta,20x15,11,13,16,200,200,0.08
ta_20x15,ta,20x15,11,14,10,200,200,0.05
ta_20x15,ta,20x15,12,0,17,200,200,0.085
ta_20x15,ta,20x15,12,1,11,200,200,0.055
ta_20x15,ta,20x15,12,2,8,200,200,0.04
ta_20x15,ta,20x15,12,3,20,200,200,0.1
ta_20x15,ta,20x15,12,4,15,200,200,0.075
ta_20x15,ta,20x15,12,5,13,200,200,0.065
ta_20x15,ta,20x15,12,6,14,200,200,0.07
ta_20x15,ta,20x15,12,7,16,200,200,0.08
ta_20x15,ta,20x15,12,8,12,200,200,0.06
ta_20x15,ta,20x15,12,9,15,200,200,0.075
ta_20x15,ta,20x15,12,10,13,200,200,0.065
ta_20x15,ta,20x15,12,11,7,200,200,0.035
ta_20x15,ta,20x15,12,12,19,200,200,0.095
ta_20x15,ta,20x15,12,13,12,200,200,0.06
ta_20x15,ta,20x15,12,14,8,200,200,0.04
ta_20x15,ta,20x15,13,0,15,200,200,0.075
ta_20x15,ta,20x15,13,1,14,200,200,0.07
ta_20x15,ta,20x15,13,2,15,200,200,0.075
ta_20x15,ta,20x15,13,3,14,200,200,0.07
ta_20x15,ta,20x15,13,4,8,200,200,0.04
ta_20x15,ta,20x15,13,5,6,200,200,0.03
ta_20x15,ta,20x15,13,6,14,200,200,0.07
ta_20x15,ta,20x15,13,7,12,200,200,0.06
ta_20x15,ta,20x15,13,8,10,200,200,0.05
ta_20x15,ta,20x15,13,9,17,200,200,0.085
ta_20x15,ta,20x15,13,10,14,200,200,0.07
ta_20x15,ta,20x15,13,11,12,200,200,0.06
ta_20x15,ta,20x15,13,12,16,200,200,0.08
ta_20x15,ta,20x15,13,13,13,200,200,0.065
ta_20x15,ta,20x15,13,14,20,200,200,0.1
ta_20x15,ta,20x15,14,0,12,200,200,0.06
ta_20x15,ta,20x15,14,1,11,200,200,0.055
ta_20x15,ta,20x15,14,2,21,200,200,0.105
ta_20x15,ta,20x15,14,3,7,200,200,0.035
ta_20x15,ta,20x15,14,4,19,200,200,0.095
ta_20x15,ta,20x15,14,5,11,200,200,0.055
ta_20x15,ta,20x15,14,6,7,200,200,0.035
ta_20x15,ta,20x15,14,7,16,200,200,0.08
ta_20x15,ta,20x15,14,8,13,200,200,0.065
ta_20x15,ta,20x15,14,9,7,200,200,0.035
ta_20x15,ta,20x15,14,10,18,200,200,0.09
ta_20x15,ta,20x15,14,11,22,200,200,0.11
ta_20x15,ta,20x15,14,12,11,200,200,0.055
ta_20x15,ta,20x15,14,13,13,200,200,0.065
ta_20x15,ta,20x15,14,14,12,200,200,0.06
ta_20x20,ta,20x20,0,0,11,200,200,0.055
ta_20x20,ta,20x20,0,1,8,200,200,0.04
ta_20x20,ta,20x20,0,2,11,200,200,0.055
ta_20x20,ta,20x20,0,3,11,200,200,0.055
ta_20x20,ta,20x20,0,4,11,200,200,0.055
ta_20x20,ta,20x20,0,5,8,200,200,0.04
ta_20x20,ta,20x20,0,6,9,200,200,0.045
ta_20x20,ta,20x20,0,7,13,200,200,0.065
ta_20x20,ta,20x20,0,8,13,200,200,0.065
ta_20x20,ta,20x20,0,9,8,200,200,0.04
ta_20x20,ta,20x20,0,10,12,200,200,0.06
ta_20x20,ta,20x20,0,11,17,200,200,0.085
ta_20x20,ta,20x20,0,12,8,200,200,0.04
ta_20x20,ta,20x20,0,13,8,200,200,0.04
ta_20x20,ta,20x20,0,14,6,200,200,0.03
ta_20x20,ta,20x20,0,15,8,200,200,0.04
ta_20x20,ta,20x20,0,16,4,200,200,0.02
ta_20x20,ta,20x20,0,17,19,200,200,0.095
ta_20x20,ta,20x20,0,18,8,200,200,0.04
ta_20x20,ta,20x20,0,19,7,200,200,0.035
ta_20x20,ta,20x20,1,0,11,200,200,0.055
ta_20x20,ta,20x20,1,1,7,200,200,0.035
ta_20x20,ta,20x20,1,2,8,200,200,0.04
ta_20x20,ta,20x20,1,3,16,200,200,0.08
ta_20x20,ta,20x20,1,4,8,200,200,0.04
ta_20x20,ta,20x20,1,5,9,200,200,0.045
ta_20x20,ta,20x20,1,6,7,200,200,0.035
ta_20x20,ta,20x20,1,7,13,200,200,0.065
ta_20x20,ta,20x20,1,8,9,200,200,0.045
ta_20x20,ta,20x20,1,9,6,200,200,0.03
ta_20x20,ta,20x20,1,10,16,200,200,0.08
ta_20x20,ta,20x20,1,11,5,200,200,0.025
ta_20x20,ta,20x20,1,12,14,200,200,0.07
ta_20x20,ta,20x20,1,13,11,200,200,0.055
ta_20x20,ta,20x20,1,14,7,200,200,0.035
ta_20x20,ta,20x20,1,15,10,200,200,0.05
ta_20x20,ta,20x20,1,16,9,200,200,0.045
ta_20x20,ta,20x20,1,17,12,200,200,0.06
ta_20x20,ta,20x20,1,18,12,200,200,0.06
ta_20x20,ta,20x20,1,19,10,200,200,0.05
ta_20x20,ta,20x20,2,0,6,200,200,0.03
ta_20x20,ta,20x20,2,1,12,200,200,0.06
ta_20x20,ta,20x20,2,2,9,200,200,0.045
ta_20x20,ta,20x20,2,3,5,200,200,0.025
ta_20x20,ta,20x20,2,4,14,200,200,0.07
ta_20x20,ta,20x20,2,5,16,200,200,0.08
ta_20x20,ta,20x20,2,6,12,200,200,0.06
ta_20x20,ta,20x20,2,7,5,200,200,0.025
ta_20x20,ta,20x20,2,8,12,200,200,0.06
ta_20x20,ta,20x20,2,9,12,200,200,0.06
ta_20x20,ta,20x20,2,10,9,200,200,0.045
ta_20x20,ta,20x20,2,11,5,200,200,0.025
ta_20x20,ta,20x20,2,12,12,200,200,0.06
ta_20x20,ta,20x20,2,13,6,200,200,0.03
ta_20x20,ta,20x20,2,14,4,200,200,0.02
ta_20x20,ta,20x20,2,15,11,200,200,0.055
ta_20x20,ta,20x20,2,16,16,200,200,0.08
ta_20x20,ta,20x20,2,17,12,200,200,0.06
ta_20x20,ta,20x20,2,18,12,200,200,0.06
ta_20x20,ta,20x20,2,19,10,200,200,0.05
ta_20x20,ta,20x20,3,0,10,200,200,0.05
ta_20x20,ta,20x20,3,1,8,200,200,0.04
ta_20x20,ta,20x20,3,2,8,200,200,0.04
ta_20x20,ta,20x20,3,3,7,200,200,0.035
ta_20x20,ta,20x20,3,4,15,200,200,0.075
ta_20x20,ta,20x20,3,5,7,200,200,0.035
ta_20x20,ta,20x20,3,6,6,200,200,0.03
ta_20x20,ta,20x20,3,7,14,200,200,0.07
ta_20x20,ta,20x20,3,8,11,200,200,0.055
ta_20x20,ta,20x20,3,9,13,200,200,0.065
ta_20x20,ta,20x20,3,10,16,200,200,0.08
ta_20x20,ta,20x20,3,11,8,200,200,0.04
ta_20x20,ta,20x20,3,12,15,200,200,0.075
ta_20x20,ta,20x20,3,13,4,200,200,0.02
ta_20x20,ta,20x20,3,14,15,200,200,0.075
ta_20x20,ta,20x20,3,15,6,200,200,0.03
ta_20x20,ta,20x20,3,16,6,200,200,0.03
ta_20x20,ta,20x20,3,17,6,200,200,0.03
ta_20x20,ta,20x20,3,18,11,200,200,0.055
ta_20x20,ta,20x20,3,19,14,200,200,0.07
ta_20x20,ta,20x20,4,0,7,200,200,0.035
ta_20x20,ta,20x20,4,1,10,200,200,0.05
ta_20x20,ta,20x20,4,2,13,200,200,0.065
ta_20x20,ta,20x20,4,3,10,200,200,0.05
ta_20x20,ta,20x20,4,4,13,200,200,0.065
ta_20x20,ta,20x20,4,5,14,200,200,0.07
ta_20x20,ta,20x20,4,6,5,200,200,0.025
ta_20x20,ta,20x20,4,7,10,200,200,0.05
ta_20x20,ta,20x20,4,8,12,200,200,0.06
ta_20x20,ta,20x20,4,9,9,200,200,0.045
ta_20x20,ta,20x20,4,10,8,200,200,0.04
ta_20x20,ta,20x20,4,11,14,200,200,0.07
ta_20x20,ta,20x20,4,12,4,200,200,0.02
ta_20x20,ta,20x20,4,13,6,200,200,0.03
ta_20x20,ta,20x20,4,14,11,200,200,0.055
ta_20x20,ta,20x20,4,15,9,200,200,0.045
ta_20x20,ta,20x20,4,16,11,200,200,0.055
ta_20x20,ta,20x20,4,17,8,200,200,0.04
ta_20x20,ta,20x20,4,18,13,200,200,0.065
ta_20x20,ta,20x20,4,19,13,200,200,0.065
ta_20x20,ta,20x20,5,0,9,200,200,0.045
ta_20x20,ta,20x20,5,1,13,200,200,0.065
ta_20x20,ta,20x20,5,2,7,200,200,0.035
ta_20x20,ta,20x20,5,3,4,200,200,0.02
ta_20x20,ta,20x20,5,4,14,200,200,0.07
ta_20x20,ta,20x20,5,5,6,200,200,0.03
ta_20x20,ta,20x20,5,6,9,200,200,0.045
ta_20x20,ta,20x20,5,7,14,200,200,0.07
ta_20x20,ta,20x20,5,8,7,200,200,0.035
ta_20x20,ta,20x20,5,9,11,200,200,0.055
ta_20x20,ta,20x20,5,10,11,200,200,0.055
ta_20x20,ta,20x20,5,11,10,200,200,0.05
ta_20x20,ta,20x20,5,12,11,200,200,0.055
ta_20x20,ta,20x20,5,13,16,200,200,0.08
ta_20x20,ta,20x20,5,14,13,200,200,0.065
ta_20x20,ta,20x20,5,15,11,200,200,0.055
ta_20x20,ta,20x20,5,16,11,200,200,0.055
ta_20x20,ta,20x20,5,17,4,200,200,0.02
ta_20x20,ta,20x20,5,18,11,200,200,0.055
ta_20x20,ta,20x20,5,19,8,200,200,0.04
ta_20x20,ta,20x20,6,0,13,200,200,0.065
ta_20x20,ta,20x20,6,1,11,200,200,0.055
ta_20x20,ta,20x20,6,2,14,200,200,0.07
ta_20x20,ta,20x20,6,3,4,200,200,0.02
ta_20x20,ta,20x20,6,4,6,200,200,0.03
ta_20x20,ta,20x20,6,5,6,200,200,0.03
ta_20x20,ta,20x20,6,6,6,200,200,0.03
ta_20x20,ta,20x20,6,7,5,200,200,0.025
ta_20x20,ta,20x20,6,8,15,200,200,0.075
ta_20x20,ta,20x20,6,9,12,200,200,0.06
ta_20x20,ta,20x20,6,10,10,200,200,0.05
ta_20x20,ta,20x20,6,11,8,200,200,0.04
ta_20x20,ta,20x20,6,12,11,200,200,0.055
ta_20x20,ta,20x20,6,13,11,200,200,0.055
ta_20x20,ta,20x20,6,14,18,200,200,0.09
ta_20x20,ta,20x20,6,15,6,200,200,0.03
ta_20x20,ta,20x20,6,16,15,200,200,0.075
ta_20x20,ta,20x20,6,17,8,200,200,0.04
ta_20x20,ta,20x20,6,18,11,200,200,0.055
ta_20x20,ta,20x20,6,19,10,200,200,0.05
ta_20x20,ta,20x20,7,0,9,200,200,0.045
ta_20x20,ta,20x20,7,1,11,200,200,0.055
ta_20x20,ta,20x20,7,2,9,200,200,0.045
ta_20x20,ta,20x20,7,3,12,200,200,0.06
ta_20x20,ta,20x20,7,4,4,200,200,0.02
ta_20x20,ta,20x20,7,5,9,200,200,0.045
ta_20x20,ta,20x20,7,6,10,200,200,0.05
ta_20x20,ta,20x20,7,7,14,200,200,0.07
ta_20x20,ta,20x20,7,8,8,200,200,0.04
ta_20x20,ta,20x20,7,9,13,200,200,0.065
ta_20x20,ta,20x20,7,10,10,200,200,0.05
ta_20x20,ta,20x20,7,11,5,200,200,0.025
ta_20x20,ta,20x20,7,12,10,200,200,0.05
ta_20x20,ta,20x20,7,13,7,200,200,0.035
ta_20x20,ta,20x20,7,14,12,200,200,0.06
ta_20x20,ta,20x20,7,15,8,200,200,0.04
ta_20x20,ta,20x20,7,16,11,200,200,0.055
ta_20x20,ta,20x20,7,17,17,200,200,0.085
ta_20x20,ta,20x20,7,18,9,200,200,0.045
ta_20x20,ta,20x20,7,19,12,200,200,0.06
ta_20x20,ta,20x20,8,0,10,200,200,0.05
ta_20x20,ta,20x20,8,1,9,200,200,0.045
ta_20x20,ta,20x20,8,2,20,200,200,0.1
ta_20x20,ta,20x20,8,3,4,200,200,0.02
ta_20x20,ta,20x20,8,4,15,200,200,0.075
ta_20x20,ta,20x20,8,5,7,200,200,0.035
ta_20x20,ta,20x20,8,6,9,200,200,0.045
ta_20x20,ta,20x20,8,7,14,200,200,0.07
ta_20x20,ta,20x20,8,8,7,200,200,0.035
ta_20x20,ta,20x20,8,9,10,200,200,0.05
ta_20x20,ta,20x20,8,10,9,200,200,0.045
ta_20x20,ta,20x20,8,11,6,200,200,0.03
ta_20x20,ta,20x20,8,12,11,200,200,0.055
ta_20x20,ta,20x20,8,13,11,200,200,0.055
ta_20x20,ta,20x20,8,14,7,200,200,0.035
ta_20x20,ta,20x20,8,15,10,200,200,0.05
ta_20x20,ta,20x20,8,16,8,200,200,0.04
ta_20x20,ta,20x20,8,17,5,200,200,0.025
ta_20x20,ta,20x20,8,18,14,200,200,0.07
ta_20x20,ta,20x20,8,19,14,200,200,0.07
ta_20x20,ta,20x20,9,0,9,200,200,0.045
ta_20x20,ta,20x20,9,1,7,200,200,0.035
ta_20x20,ta,20x20,9,2,14,200,200,0.07
ta_20x20,ta,20x20,9,3,15,200,200,0.075
ta_20x20,ta,20x20,9,4,7,200,200,0.035
ta_20x20,ta,20x20,9,5,9,200,200,0.045
ta_20x20,ta,20x20,9,6,8,200,200,0.04
ta_20x20,ta,20x20,9,7,8,200,200,0.04
ta_20x20,ta,20x20,9,8,10,200,200,0.05
ta_20x20,ta,20x20,9,9,8,200,200,0.04
ta_20x20,ta,20x20,9,10,12,200,200,0.06
ta_20x20,ta,20x20,9,11,13,200,200,0.065
ta_20x20,ta,20x20,9,12,4,200,200,0.02
ta_20x20,ta,20x20,9,13,14,200,200,0.07
ta_20x20,ta,20x20,9,14,13,200,200,0.065
ta_20x20,ta,20x20,9,15,7,200,200,0.035
ta_20x20,ta,20x20,9,16,11,200,200,0.055
ta_20x20,ta,20x20,9,17,10,200,200,0.05
ta_20x20,ta,20x20,9,18,10,200,200,0.05
ta_20x20,ta,20x20,9,19,11,200,200,0.055
ta_20x20,ta,20x20,10,0,11,200,200,0.055
ta_20x20,ta,20x20,10,1,10,200,200,0.05
ta_20x20,ta,20x20,10,2,10,200,200,0.05
ta_20x20,ta,20x20,10,3,12,200,200,0.06
ta_20x20,ta,20x20,10,4,7,200,200,0.035
ta_20x20,ta,20x20,10,5,14,200,200,0.07
ta_20x20,ta,20x20,10,6,9,200,200,0.045
ta_20x20,ta,20x20,10,7,12,200,200,0.06
ta_20x20,ta,20x20,10,8,8,200,200,0.04
ta_20x20,ta,20x20,10,9,9,200,200,0.045
ta_20x20,ta,20x20,10,10,7,200,200,0.035
ta_20x20,ta,20x20,10,11,11,200,200,0.055
ta_20x20,ta,20x20,10,12,9,200,200,0.045
ta_20x20,ta,20x20,10,13,13,200,200,0.065
ta_20x20,ta,20x20,10,14,5,200,200,0.025
ta_20x20,ta,20x20,10,15,12,200,200,0.06
ta_20x20,ta,20x20,10,16,8,200,200,0.04
ta_20x20,ta,20x20,10,17,13,200,200,0.065
ta_20x20,ta,20x20,10,18,9,200,200,0.045
ta_20x20,ta,20x20,10,19,11,200,200,0.055
ta_20x20,ta,20x20,11,0,10,200,200,0.05
ta_20x20,ta,20x20,11,1,9,200,200,0.045
ta_20x20,ta,20x20,11,2,8,200,200,0.04
ta_20x20,ta,20x20,11,3,18,200,200,0.09
ta_20x20,ta,20x20,11,4,9,200,200,0.045
ta_20x20,ta,20x20,11,5,12,200,200,0.06
ta_20x20,ta,20x20,11,6,13,200,200,0.065
ta_20x20,ta,20x20,11,7,5,200,200,0.025
ta_20x20,ta,20x20,11,8,4,200,200,0.02
ta_20x20,ta,20x20,11,9,8,200,200,0.04
ta_20x20,ta,20x20,11,10,11,200,200,0.055
ta_20x20,ta,20x20,11,11,9,200,200,0.045
ta_20x20,ta,20x20,11,12,16,200,200,0.08
ta_20x20,ta,20x20,11,13,13,200,200,0.065
ta_20x20,ta,20x20,11,14,12,200,200,0.06
ta_20x20,ta,20x20,11,15,8,200,200,0.04
ta_20x20,ta,20x20,11,16,11,200,200,0.055
ta_20x20,ta,20x20,11,17,8,200,200,0.04
ta_20x20,ta,20x20,11,18,8,200,200,0.04
ta_20x20,ta,20x20,11,19,8,200,200,0.04
ta_20x20,ta,20x20,12,0,18,200,200,0.09
ta_20x20,ta,20x20,12,1,15,200,200,0.075
ta_20x20,ta,20x20,12,2,5,200,200,0.025
ta_20x20,ta,20x20,12,3,10,200,200,0.05
ta_20x20,ta,20x20,12,4,8,200,200,0.04
ta_20x20,ta,20x20,12,5,11,200,200,0.055
ta_20x20,ta,20x20,12,6,9,200,200,0.045
ta_20x20,ta,20x20,12,7,8,200,200,0.04
ta_20x20,ta,20x20,12,8,11,200,200,0.055
ta_20x20,ta,20x20,12,9,7,200,200,0.035
ta_20x20,ta,20x20,12,10,10,200,200,0.05
ta_20x20,ta,20x20,12,11,11,200,200,0.055
ta_20x20,ta,20x20,12,12,6,200,200,0.03
ta_20x20,ta,20x20,12,13,20,200,200,0.1
ta_20x20,ta,20x20,12,14,8,200,200,0.04
ta_20x20,ta,20x20,12,15,11,200,200,0.055
ta_20x20,ta,20x20,12,16,12,200,200,0.06
ta_20x20,ta,20x20,12,17,5,200,200,0.025
ta_20x20,ta,20x20,12,18,8,200,200,0.04
ta_20x20,ta,20x20,12,19,7,200,200,0.035
ta_20x20,ta,20x20,13,0,11,200,200,0.055
ta_20x20,ta,20x20,13,1,8,200,200,0.04
ta_20x20,ta,20x20,13,2,9,200,200,0.045
ta_20x20,ta,20x20,13,3,12,200,200,0.06
ta_20x20,ta,20x20,13,4,10,200,200,0.05
ta_20x20,ta,20x20,13,5,11,200,200,0.055
ta_20x20,ta,20x20,13,6,15,200,200,0.075
ta_20x20,ta,20x20,13,7,11,200,200,0.055
ta_20x20,ta,20x20,13,8,10,200,200,0.05
ta_20x20,ta,20x20,13,9,10,200,200,0.05
ta_20x20,ta,20x20,13,10,7,200,200,0.035
ta_20x20,ta,20x20,13,11,9,200,200,0.045
ta_20x20,ta,20x20,13,12,4,200,200,0.02
ta_20x20,ta,20x20,13,13,7,200,200,0.035
ta_20x20,ta,20x20,13,14,8,200,200,0.04
ta_20x20,ta,20x20,13,15,18,200,200,0.09
ta_20x20,ta,20x20,13,16,11,200,200,0.055
ta_20x20,ta,20x20,13,17,10,200,200,0.05
ta_20x20,ta,20x20,13,18,8,200,200,0.04
ta_20x20,ta,20x20,13,19,11,200,200,0.055
ta_20x20,ta,20x20,14,0,6,200,200,0.03
ta_20x20,ta,20x20,14,1,14,200,200,0.07
ta_20x20,ta,20x20,14,2,9,200,200,0.045
ta_20x20,ta,20x20,14,3,13,200,200,0.065
ta_20x20,ta,20x20,14,4,14,200,200,0.07
ta_20x20,ta,20x20,14,5,5,200,200,0.025
ta_20x20,ta,20x20,14,6,11,200,200,0.055
ta_20x20,ta,20x20,14,7,11,200,200,0.055
ta_20x20,ta,20x20,14,8,11,200,200,0.055
ta_20x20,ta,20x20,14,9,6,200,200,0.03
ta_20x20,ta,20x20,14,10,11,200,200,0.055
ta_20x20,ta,20x20,14,11,12,200,200,0.06
ta_20x20,ta,20x20,14,12,11,200,200,0.055
ta_20x20,ta,20x20,14,13,7,200,200,0.035
ta_20x20,ta,20x20,14,14,9,200,200,0.045
ta_20x20,ta,20x20,14,15,9,200,200,0.045
ta_20x20,ta,20x20,14,16,13,200,200,0.065
ta_20x20,ta,20x20,14,17,6,200,200,0.03
ta_20x20,ta,20x20,14,18,8,200,200,0.04
ta_20x20,ta,20x20,14,19,14,200,200,0.07
ta_20x20,ta,20x20,15,0,9,200,200,0.045
ta_20x20,ta,20x20,15,1,11,200,200,0.055
ta_20x20,ta,20x20,15,2,7,200,200,0.035
ta_20x20,ta,20x20,15,3,11,200,200,0.055
ta_20x20,ta,20x20,15,4,10,200,200,0.05
ta_20x20,ta,20x20,15,5,13,200,200,0.065
ta_20x20,ta,20x20,15,6,9,200,200,0.045
ta_20x20,ta,20x20,15,7,8,200,200,0.04
ta_20x20,ta,20x20,15,8,11,200,200,0.055
ta_20x20,ta,20x20,15,9,9,200,200,0.045
ta_20x20,ta,20x20,15,10,9,200,200,0.045
ta_20x20,ta,20x20,15,11,16,200,200,0.08
ta_20x20,ta,20x20,15,12,8,200,200,0.04
ta_20x20,ta,20x20,15,13,11,200,200,0.055
ta_20x20,ta,20x20,15,14,12,200,200,0.06
ta_20x20,ta,20x20,15,15,15,200,200,0.075
ta_20x20,ta,20x20,15,16,10,200,200,0.05
ta_20x20,ta,20x20,15,17,6,200,200,0.03
ta_20x20,ta,20x20,15,18,8,200,200,0.04
ta_20x20,ta,20x20,15,19,7,200,200,0.035
ta_20x20,ta,20x20,16,0,10,200,200,0.05
ta_20x20,ta,20x20,16,1,11,200,200,0.055
ta_20x20,ta,20x20,16,2,10,200,200,0.05
ta_20x20,ta,20x20,16,3,9,200,200,0.045
ta_20x20,ta,20x20,16,4,8,200,200,0.04
ta_20x20,ta,20x20,16,5,11,200,200,0.055
ta_20x20,ta,20x20,16,6,12,200,200,0.06
ta_20x20,ta,20x20,16,7,4,200,200,0.02
ta_20x20,ta,20x20,16,8,11,200,200,0.055
ta_20x20,ta,20x20,16,9,15,200,200,0.075
ta_20x20,ta,20x20,16,10,7,200,200,0.035
ta_20x20,ta,20x20,16,11,7,200,200,0.035
ta_20x20,ta,20x20,16,12,11,200,200,0.055
ta_20x20,ta,20x20,16,13,12,200,200,0.06
ta_20x20,ta,20x20,16,14,12,200,200,0.06
ta_20x20,ta,20x20,16,15,14,200,200,0.07
ta_20x20,ta,20x20,16,16,7,200,200,0.035
ta_20x20,ta,20x20,16,17,11,200,200,0.055
ta_20x20,ta,20x20,16,18,9,200,200,0.045
ta_20x20,ta,20x20,16,19,9,200,200,0.045
ta_20x20,ta,20x20,17,0,10,200,200,0.05
ta_20x20,ta,20x20,17,1,6,200,200,0.03
ta_20x20,ta,20x20,17,2,7,200,200,0.035
ta_20x20,ta,20x20,17,3,10,200,200,0.05
ta_20x20,ta,20x20,17,4,11,200,200,0.055
ta_20x20,ta,20x20,17,5,12,200,200,0.06
ta_20x20,ta,20x20,17,6,19,200,200,0.095
ta_20x20,ta,20x20,17,7,9,200,200,0.045
ta_20x20,ta,20x20,17,8,8,200,200,0.04
ta_20x20,ta,20x20,17,9,10,200,200,0.05
ta_20x20,ta,20x20,17,10,12,200,200,0.06
ta_20x20,ta,20x20,17,11,11,200,200,0.055
ta_20x20,ta,20x20,17,12,11,200,200,0.055
ta_20x20,ta,20x20,17,13,6,200,200,0.03
ta_20x20,ta,20x20,17,14,9,200,200,0.045
ta_20x20,ta,20x20,17,15,10,200,200,0.05
ta_20x20,ta,20x20,17,16,7,200,200,0.035
ta_20x20,ta,20x20,17,17,14,200,200,0.07
ta_20x20,ta,20x20,17,18,8,200,200,0.04
ta_20x20,ta,20x20,17,19,10,200,200,0.05
ta_20x20,ta,20x20,18,0,11,200,200,0.055
ta_20x20,ta,20x20,18,1,13,200,200,0.065
ta_20x20,ta,20x20,18,2,8,200,200,0.04
ta_20x20,ta,20x20,18,3,8,200,200,0.04
ta_20x20,ta,20x20,18,4,4,200,200,0.02
ta_20x20,ta,20x20,18,5,10,200,200,0.05
ta_20x20,ta,20x20,18,6,11,200,200,0.055
ta_20x20,ta,20x20,18,7,13,200,200,0.065
ta_20x20,ta,20x20,18,8,8,200,200,0.04
ta_20x20,ta,20x20,18,9,14,200,200,0.07
ta_20x20,ta,20x20,18,10,7,200,200,0.035
ta_20x20,ta,20x20,18,11,15,200,200,0.075
ta_20x20,ta,20x20,18,12,12,200,200,0.06
ta_20x20,ta,20x20,18,13,6,200,200,0.03
ta_20x20,ta,20x20,18,14,7,200,200,0.035
ta_20x20,ta,20x20,18,15,10,200,200,0.05
ta_20x20,ta,20x20,18,16,11,200,200,0.055
ta_20x20,ta,20x20,18,17,14,200,200,0.07
ta_20x20,ta,20x20,18,18,11,200,200,0.055
ta_20x20,ta,20x20,18,19,7,200,200,0.035
ta_20x20,ta,20x20,19,0,9,200,200,0.045
ta_20x20,ta,20x20,19,1,7,200,200,0.035
ta_20x20,ta,20x20,19,2,14,200,200,0.07
ta_20x20,ta,20x20,19,3,9,200,200,0.045
ta_20x20,ta,20x20,19,4,12,200,200,0.06
ta_20x20,ta,20x20,19,5,10,200,200,0.05
ta_20x20,ta,20x20,19,6,11,200,200,0.055
ta_20x20,ta,20x20,19,7,9,200,200,0.045
ta_20x20,ta,20x20,19,8,14,200,200,0.07
ta_20x20,ta,20x20,19,9,10,200,200,0.05
ta_20x20,ta,20x20,19,10,6,200,200,0.03
ta_20x20,ta,20x20,19,11,8,200,200,0.04
ta_20x20,ta,20x20,19,12,12,200,200,0.06
ta_20x20,ta,20x20,19,13,11,200,200,0.055
ta_20x20,ta,20x20,19,14,12,200,200,0.06
ta_20x20,ta,20x20,19,15,7,200,200,0.035
ta_20x20,ta,20x20,19,16,8,200,200,0.04
ta_20x20,ta,20x20,19,17,12,200,200,0.06
ta_20x20,ta,20x20,19,18,12,200,200,0.06
ta_20x20,ta,20x20,19,19,7,200,200,0.035
ta_30x15,ta,30x15,0,0,21,300,300,0.07
ta_30x15,ta,30x15,0,1,16,300,300,0.05333333333333334
ta_30x15,ta,30x15,0,2,19,300,300,0.06333333333333334
ta_30x15,ta,30x15,0,3,13,300,300,0.043333333333333335
ta_30x15,ta,30x15,0,4,12,300,300,0.04
ta_30x15,ta,30x15,0,5,27,300,300,0.09
ta_30x15,ta,30x15,0,6,22,300,300,0.07333333333333333
ta_30x15,ta,30x15,0,7,27,300,300,0.09
ta_30x15,ta,30x15,0,8,17,300,300,0.056666666666666664
ta_30x15,ta,30x15,0,9,17,300,300,0.056666666666666664
ta_30x15,ta,30x15,0,10,23,300,300,0.07666666666666666
ta_30x15,ta,30x15,0,11,23,300,300,0.07666666666666666
ta_30x15,ta,30x15,0,12,23,300,300,0.07666666666666666
ta_30x15,ta,30x15,0,13,19,300,300,0.06333333333333334
ta_30x15,ta,30x15,0,14,21,300,300,0.07
ta_30x15,ta,30x15,1,0,20,300,300,0.06666666666666667
ta_30x15,ta,30x15,1,1,17,300,300,0.056666666666666664
ta_30x15,ta,30x15,1,2,24,300,300,0.08
ta_30x15,ta,30x15,1,3,23,300,300,0.07666666666666666
ta_30x15,ta,30x15,1,4,11,300,300,0.03666666666666667
ta_30x15,ta,30x15,1,5,27,300,300,0.09
ta_30x15,ta,30x15,1,6,22,300,300,0.07333333333333333
ta_30x15,ta,30x15,1,7,20,300,300,0.06666666666666667
ta_30x15,ta,30x15,1,8,21,300,300,0.07
ta_30x15,ta,30x15,1,9,17,300,300,0.056666666666666664
ta_30x15,ta,30x15,1,10,15,300,300,0.05
ta_30x15,ta,30x15,1,11,20,300,300,0.06666666666666667
ta_30x15,ta,30x15,1,12,27,300,300,0.09
ta_30x15,ta,30x15,1,13,20,300,300,0.06666666666666667
ta_30x15,ta,30x15,1,14,16,300,300,0.05333333333333334
ta_30x15,ta,30x15,2,0,24,300,300,0.08
ta_30x15,ta,30x15,2,1,27,300,300,0.09
ta_30x15,ta,30x15,2,2,16,300,300,0.05333333333333334
ta_30x15,ta,30x15,2,3,27,300,300,0.09
ta_30x15,ta,30x15,2,4,17,300,300,0.056666666666666664
ta_30x15,ta,30x15,2,5,18,300,300,0.06
ta_30x15,ta,30x15,2,6,18,300,300,0.06
ta_30x15,ta,30x15,2,7,22,300,300,0.07333333333333333
ta_30x15,ta,30x15,2,8,17,300,300,0.056666666666666664
ta_30x15,ta,30x15,2,9,19,300,300,0.06333333333333334
ta_30x15,ta,30x15,2,10,21,300,300,0.07
ta_30x15,ta,30x15,2,11,16,300,300,0.05333333333333334
ta_30x15,ta,30x15,2,12,21,300,300,0.07
ta_30x15,ta,30x15,2,13,19,300,300,0.06333333333333334
ta_30x15,ta,30x15,2,14,18,300,300,0.06
ta_30x15,ta,30x15,3,0,19,300,300,0.06333333333333334
ta_30x15,ta,30x15,3,1,24,300,300,0.08
ta_30x15,ta,30x15,3,2,16,300,300,0.05333333333333334
ta_30x15,ta,30x15,3,3,20,300,300,0.06666666666666667
ta_30x15,ta,30x15,3,4,28,300,300,0.09333333333333334
ta_30x15,ta,30x15,3,5,28,300,300,0.09333333333333334
ta_30x15,ta,30x15,3,6,15,300,300,0.05
ta_30x15,ta,30x15,3,7,20,300,300,0.06666666666666667
ta_30x15,ta,30x15,3,8,18,300,300,0.06
ta_30x15,ta,30x15,3,9,16,300,300,0.05333333333333334
ta_30x15,ta,30x15,3,10,17,300,300,0.056666666666666664
ta_30x15,ta,30x15,3,11,20,300,300,0.06666666666666667
ta_30x15,ta,30x15,3,12,16,300,300,0.05333333333333334
ta_30x15,ta,30x15,3,13,23,300,300,0.07666666666666666
ta_30x15,ta,30x15,3,14,20,300,300,0.06666666666666667
ta_30x15,ta,30x15,4,0,19,300,300,0.06333333333333334
ta_30x15,ta,30x15,4,1,19,300,300,0.06333333333333334
ta_30x15,ta,30x15,4,2,17,300,300,0.056666666666666664
ta_30x15,ta,30x15,4,3,18,300,300,0.06
ta_30x15,ta,30x15,4,4,24,300,300,0.08
ta_30x15,ta,30x15,4,5,26,300,300,0.08666666666666667
ta_30x15,ta,30x15,4,6,23,300,300,0.07666666666666666
ta_30x15,ta,30x15,4,7,21,300,300,0.07
ta_30x15,ta,30x15,4,8,16,300,300,0.05333333333333334
ta_30x15,ta,30x15,4,9,17,300,300,0.056666666666666664
ta_30x15,ta,30x15,4,10,27,300,300,0.09
ta_30x15,ta,30x15,4,11,16,300,300,0.05333333333333334
ta_30x15,ta,30x15,4,12,17,300,300,0.056666666666666664
ta_30x15,ta,30x15,4,13,20,300,300,0.06666666666666667
ta_30x15,ta,30x15,4,14,20,300,300,0.06666666666666667
ta_30x15,ta,30x15,5,0,13,300,300,0.043333333333333335
ta_30x15,ta,30x15,5,1,18,300,300,0.06
ta_30x15,ta,30x15,5,2,26,300,300,0.08666666666666667
ta_30x15,ta,30x15,5,3,18,300,300,0.06
ta_30x15,ta,30x15,5,4,19,300,300,0.06333333333333334
ta_30x15,ta,30x15,5,5,26,300,300,0.08666666666666667
ta_30x15,ta,30x15,5,6,23,300,300,0.07666666666666666
ta_30x15,ta,30x15,5,7,13,300,300,0.043333333333333335
ta_30x15,ta,30x15,5,8,22,300,300,0.07333333333333333
ta_30x15,ta,30x15,5,9,24,300,300,0.08
ta_30x15,ta,30x15,5,10,22,300,300,0.07333333333333333
ta_30x15,ta,30x15,5,11,22,300,300,0.07333333333333333
ta_30x15,ta,30x15,5,12,14,300,300,0.04666666666666667
ta_30x15,ta,30x15,5,13,20,300,300,0.06666666666666667
ta_30x15,ta,30x15,5,14,20,300,300,0.06666666666666667
ta_30x15,ta,30x15,6,0,17,300,300,0.056666666666666664
ta_30x15,ta,30x15,6,1,16,300,300,0.05333333333333334
ta_30x15,ta,30x15,6,2,18,300,300,0.06
ta_30x15,ta,30x15,6,3,23,300,300,0.07666666666666666
ta_30x15,ta,30x15,6,4,14,300,300,0.04666666666666667
ta_30x15,ta,30x15,6,5,16,300,300,0.05333333333333334
ta_30x15,ta,30x15,6,6,17,300,300,0.056666666666666664
ta_30x15,ta,30x15,6,7,21,300,300,0.07
ta_30x15,ta,30x15,6,8,27,300,300,0.09
ta_30x15,ta,30x15,6,9,12,300,300,0.04
ta_30x15,ta,30x15,6,10,28,300,300,0.09333333333333334
ta_30x15,ta,30x15,6,11,19,300,300,0.06333333333333334
ta_30x15,ta,30x15,6,12,30,300,300,0.1
ta_30x15,ta,30x15,6,13,21,300,300,0.07
ta_30x15,ta,30x15,6,14,21,300,300,0.07
ta_30x15,ta,30x15,7,0,18,300,300,0.06
ta_30x15,ta,30x15,7,1,23,300,300,0.07666666666666666
ta_30x15,ta,30x15,7,2,23,300,300,0.07666666666666666
ta_30x15,ta,30x15,7,3,14,300,300,0.04666666666666667
ta_30x15,ta,30x15,7,4,15,300,300,0.05
ta_30x15,ta,30x15,7,5,21,300,300,0.07
ta_30x15,ta,30x15,7,6,14,300,300,0.04666666666666667
ta_30x15,ta,30x15,7,7,26,300,300,0.08666666666666667
ta_30x15,ta,30x15,7,8,13,300,300,0.043333333333333335
ta_30x15,ta,30x15,7,9,22,300,300,0.07333333333333333
ta_30x15,ta,30x15,7,10,25,300,300,0.08333333333333333
ta_30x15,ta,30x15,7,11,17,300,300,0.056666666666666664
ta_30x15,ta,30x15,7,12,18,300,300,0.06
ta_30x15,ta,30x15,7,13,22,300,300,0.07333333333333333
ta_30x15,ta,30x15,7,14,29,300,300,0.09666666666666666
ta_30x15,ta,30x15,8,0,17,300,300,0.056666666666666664
ta_30x15,ta,30x15,8,1,19,300,300,0.06333333333333334
ta_30x15,ta,30x15,8,2,22,300,300,0.07333333333333333
ta_30x15,ta,30x15,8,3,15,300,300,0.05
ta_30x15,ta,30x15,8,4,25,300,300,0.08333333333333333
ta_30x15,ta,30x15,8,5,16,300,300,0.05333333333333334
ta_30x15,ta,30x15,8,6,18,300,300,0.06
ta_30x15,ta,30x15,8,7,25,300,300,0.08333333333333333
ta_30x15,ta,30x15,8,8,20,300,300,0.06666666666666667
ta_30x15,ta,30x15,8,9,18,300,300,0.06
ta_30x15,ta,30x15,8,10,20,300,300,0.06666666666666667
ta_30x15,ta,30x15,8,11,23,300,300,0.07666666666666666
ta_30x15,ta,30x15,8,12,17,300,300,0.056666666666666664
ta_30x15,ta,30x15,8,13,21,300,300,0.07
ta_30x15,ta,30x15,8,14,24,300,300,0.08
ta_30x15,ta,30x15,9,0,20,300,300,0.06666666666666667
ta_30x15,ta,30x15,9,1,27,300,300,0.09
ta_30x15,ta,30x15,9,2,15,300,300,0.05
ta_30x15,ta,30x15,9,3,18,300,300,0.06
ta_30x15,ta,30x15,9,4,22,300,300,0.07333333333333333
ta_30x15,ta,30x15,9,5,13,300,300,0.043333333333333335
ta_30x15,ta,30x15,9,6,18,300,300,0.06
ta_30x15,ta,30x15,9,7,13,300,300,0.043333333333333335
ta_30x15,ta,30x15,9,8,23,300,300,0.07666666666666666
ta_30x15,ta,30x15,9,9,29,300,300,0.09666666666666666
ta_30x15,ta,30x15,9,10,20,300,300,0.06666666666666667
ta_30x15,ta,30x15,9,11,21,300,300,0.07
ta_30x15,ta,30x15,9,12,25,300,300,0.08333333333333333
ta_30x15,ta,30x15,9,13,19,300,300,0.06333333333333334
ta_30x15,ta,30x15,9,14,17,300,300,0.056666666666666664
ta_30x15,ta,30x15,10,0,25,300,300,0.08333333333333333
ta_30x15,ta,30x15,10,1,16,300,300,0.05333333333333334
ta_30x15,ta,30x15,10,2,19,300,300,0.06333333333333334
ta_30x15,ta,30x15,10,3,22,300,300,0.07333333333333333
ta_30x15,ta,30x15,10,4,30,300,300,0.1
ta_30x15,ta,30x15,10,5,14,300,300,0.04666666666666667
ta_30x15,ta,30x15,10,6,28,300,300,0.09333333333333334
ta_30x15,ta,30x15,10,7,20,300,300,0.06666666666666667
ta_30x15,ta,30x15,10,8,30,300,300,0.1
ta_30x15,ta,30x15,10,9,15,300,300,0.05
ta_30x15,ta,30x15,10,10,14,300,300,0.04666666666666667
ta_30x15,ta,30x15,10,11,16,300,300,0.05333333333333334
ta_30x15,ta,30x15,10,12,19,300,300,0.06333333333333334
ta_30x15,ta,30x15,10,13,22,300,300,0.07333333333333333
ta_30x15,ta,30x15,10,14,10,300,300,0.03333333333333333
ta_30x15,ta,30x15,11,0,19,300,300,0.06333333333333334
ta_30x15,ta,30x15,11,1,20,300,300,0.06666666666666667
ta_30x15,ta,30x15,11,2,18,300,300,0.06
ta_30x15,ta,30x15,11,3,21,300,300,0.07
ta_30x15,ta,30x15,11,4,20,300,300,0.06666666666666667
ta_30x15,ta,30x15,11,5,20,300,300,0.06666666666666667
ta_30x15,ta,30x15,11,6,26,300,300,0.08666666666666667
ta_30x15,ta,30x15,11,7,19,300,300,0.06333333333333334
ta_30x15,ta,30x15,11,8,20,300,300,0.06666666666666667
ta_30x15,ta,30x15,11,9,26,300,300,0.08666666666666667
ta_30x15,ta,30x15,11,10,14,300,300,0.04666666666666667
ta_30x15,ta,30x15,11,11,18,300,300,0.06
ta_30x15,ta,30x15,11,12,16,300,300,0.05333333333333334
ta_30x15,ta,30x15,11,13,20,300,300,0.06666666666666667
ta_30x15,ta,30x15,11,14,23,300,300,0.07666666666666666
ta_30x15,ta,30x15,12,0,15,300,300,0.05
ta_30x15,ta,30x15,12,1,19,300,300,0.06333333333333334
ta_30x15,ta,30x15,12,2,27,300,300,0.09
ta_30x15,ta,30x15,12,3,21,300,300,0.07
ta_30x15,ta,30x15,12,4,26,300,300,0.08666666666666667
ta_30x15,ta,30x15,12,5,13,300,300,0.043333333333333335
ta_30x15,ta,30x15,12,6,16,300,300,0.05333333333333334
ta_30x15,ta,30x15,12,7,20,300,300,0.06666666666666667
ta_30x15,ta,30x15,12,8,15,300,300,0.05
ta_30x15,ta,30x15,12,9,24,300,300,0.08
ta_30x15,ta,30x15,12,10,12,300,300,0.04
ta_30x15,ta,30x15,12,11,27,300,300,0.09
ta_30x15,ta,30x15,12,12,21,300,300,0.07
ta_30x15,ta,30x15,12,13,20,300,300,0.06666666666666667
ta_30x15,ta,30x15,12,14,24,300,300,0.08
ta_30x15,ta,30x15,13,0,26,300,300,0.08666666666666667
ta_30x15,ta,30x15,13,1,21,300,300,0.07
ta_30x15,ta,30x15,13,2,22,300,300,0.07333333333333333
ta_30x15,ta,30x15,13,3,22,300,300,0.07333333333333333
ta_30x15,ta,30x15,13,4,12,300,300,0.04
ta_30x15,ta,30x15,13,5,24,300,300,0.08
ta_30x15,ta,30x15,13,6,25,300,300,0.08333333333333333
ta_30x15,ta,30x15,13,7,14,300,300,0.04666666666666667
ta_30x15,ta,30x15,13,8,25,300,300,0.08333333333333333
ta_30x15,ta,30x15,13,9,19,300,300,0.06333333333333334
ta_30x15,ta,30x15,13,10,17,300,300,0.056666666666666664
ta_30x15,ta,30x15,13,11,20,300,300,0.06666666666666667
ta_30x15,ta,30x15,13,12,18,300,300,0.06
ta_30x15,ta,30x15,13,13,16,300,300,0.05333333333333334
ta_30x15,ta,30x15,13,14,19,300,300,0.06333333333333334
ta_30x15,ta,30x15,14,0,27,300,300,0.09
ta_30x15,ta,30x15,14,1,18,300,300,0.06
ta_30x15,ta,30x15,14,2,18,300,300,0.06
ta_30x15,ta,30x15,14,3,25,300,300,0.08333333333333333
ta_30x15,ta,30x15,14,4,25,300,300,0.08333333333333333
ta_30x15,ta,30x15,14,5,11,300,300,0.03666666666666667
ta_30x15,ta,30x15,14,6,15,300,300,0.05
ta_30x15,ta,30x15,14,7,19,300,300,0.06333333333333334
ta_30x15,ta,30x15,14,8,16,300,300,0.05333333333333334
ta_30x15,ta,30x15,14,9,25,300,300,0.08333333333333333
ta_30x15,ta,30x15,14,10,25,300,300,0.08333333333333333
ta_30x15,ta,30x15,14,11,22,300,300,0.07333333333333333
ta_30x15,ta,30x15,14,12,18,300,300,0.06
ta_30x15,ta,30x15,14,13,18,300,300,0.06
ta_30x15,ta,30x15,14,14,18,300,300,0.06
ta_30x20,ta,30x20,0,0,18,300,300,0.06
ta_30x20,ta,30x20,0,1,12,300,300,0.04
ta_30x20,ta,30x20,0,2,19,300,300,0.06333333333333334
ta_30x20,ta,30x20,0,3,15,300,300,0.05
ta_30x20,ta,30x20,0,4,14,300,300,0.04666666666666667
ta_30x20,ta,30x20,0,5,15,300,300,0.05
ta_30x20,ta,30x20,0,6,17,300,300,0.056666666666666664
ta_30x20,ta,30x20,0,7,15,300,300,0.05
ta_30x20,ta,30x20,0,8,14,300,300,0.04666666666666667
ta_30x20,ta,30x20,0,9,13,300,300,0.043333333333333335
ta_30x20,ta,30x20,0,10,22,300,300,0.07333333333333333
ta_30x20,ta,30x20,0,11,9,300,300,0.03
ta_30x20,ta,30x20,0,12,11,300,300,0.03666666666666667
ta_30x20,ta,30x20,0,13,17,300,300,0.056666666666666664
ta_30x20,ta,30x20,0,14,15,300,300,0.05
ta_30x20,ta,30x20,0,15,9,300,300,0.03
ta_30x20,ta,30x20,0,16,14,300,300,0.04666666666666667
ta_30x20,ta,30x20,0,17,23,300,300,0.07666666666666666
ta_30x20,ta,30x20,0,18,13,300,300,0.043333333333333335
ta_30x20,ta,30x20,0,19,15,300,300,0.05
ta_30x20,ta,30x20,1,0,20,300,300,0.06666666666666667
ta_30x20,ta,30x20,1,1,16,300,300,0.05333333333333334
ta_30x20,ta,30x20,1,2,9,300,300,0.03
ta_30x20,ta,30x20,1,3,10,300,300,0.03333333333333333
ta_30x20,ta,30x20,1,4,16,300,300,0.05333333333333334
ta_30x20,ta,30x20,1,5,13,300,300,0.043333333333333335
ta_30x20,ta,30x20,1,6,22,300,300,0.07333333333333333
ta_30x20,ta,30x20,1,7,9,300,300,0.03
ta_30x20,ta,30x20,1,8,12,300,300,0.04
ta_30x20,ta,30x20,1,9,16,300,300,0.05333333333333334
ta_30x20,ta,30x20,1,10,15,300,300,0.05
ta_30x20,ta,30x20,1,11,20,300,300,0.06666666666666667
ta_30x20,ta,30x20,1,12,9,300,300,0.03
ta_30x20,ta,30x20,1,13,15,300,300,0.05
ta_30x20,ta,30x20,1,14,21,300,300,0.07
ta_30x20,ta,30x20,1,15,10,300,300,0.03333333333333333
ta_30x20,ta,30x20,1,16,15,300,300,0.05
ta_30x20,ta,30x20,1,17,11,300,300,0.03666666666666667
ta_30x20,ta,30x20,1,18,17,300,300,0.056666666666666664
ta_30x20,ta,30x20,1,19,24,300,300,0.08
ta_30x20,ta,30x20,2,0,10,300,300,0.03333333333333333
ta_30x20,ta,30x20,2,1,16,300,300,0.05333333333333334
ta_30x20,ta,30x20,2,2,17,300,300,0.056666666666666664
ta_30x20,ta,30x20,2,3,11,300,300,0.03666666666666667
ta_30x20,ta,30x20,2,4,21,300,300,0.07
ta_30x20,ta,30x20,2,5,14,300,300,0.04666666666666667
ta_30x20,ta,30x20,2,6,15,300,300,0.05
ta_30x20,ta,30x20,2,7,12,300,300,0.04
ta_30x20,ta,30x20,2,8,11,300,300,0.03666666666666667
ta_30x20,ta,30x20,2,9,15,300,300,0.05
ta_30x20,ta,30x20,2,10,17,300,300,0.056666666666666664
ta_30x20,ta,30x20,2,11,22,300,300,0.07333333333333333
ta_30x20,ta,30x20,2,12,11,300,300,0.03666666666666667
ta_30x20,ta,30x20,2,13,16,300,300,0.05333333333333334
ta_30x20,ta,30x20,2,14,19,300,300,0.06333333333333334
ta_30x20,ta,30x20,2,15,11,300,300,0.03666666666666667
ta_30x20,ta,30x20,2,16,16,300,300,0.05333333333333334
ta_30x20,ta,30x20,2,17,14,300,300,0.04666666666666667
ta_30x20,ta,30x20,2,18,16,300,300,0.05333333333333334
ta_30x20,ta,30x20,2,19,16,300,300,0.05333333333333334
ta_30x20,ta,30x20,3,0,14,300,300,0.04666666666666667
ta_30x20,ta,30x20,3,1,6,300,300,0.02
ta_30x20,ta,30x20,3,2,13,300,300,0.043333333333333335
ta_30x20,ta,30x20,3,3,13,300,300,0.043333333333333335
ta_30x20,ta,30x20,3,4,15,300,300,0.05
ta_30x20,ta,30x20,3,5,25,300,300,0.08333333333333333
ta_30x20,ta,30x20,3,6,13,300,300,0.043333333333333335
ta_30x20,ta,30x20,3,7,14,300,300,0.04666666666666667
ta_30x20,ta,30x20,3,8,22,300,300,0.07333333333333333
ta_30x20,ta,30x20,3,9,23,300,300,0.07666666666666666
ta_30x20,ta,30x20,3,10,21,300,300,0.07
ta_30x20,ta,30x20,3,11,17,300,300,0.056666666666666664
ta_30x20,ta,30x20,3,12,9,300,300,0.03
ta_30x20,ta,30x20,3,13,15,300,300,0.05
ta_30x20,ta,30x20,3,14,15,300,300,0.05
ta_30x20,ta,30x20,3,15,17,300,300,0.056666666666666664
ta_30x20,ta,30x20,3,16,18,300,300,0.06
ta_30x20,ta,30x20,3,17,13,300,300,0.043333333333333335
ta_30x20,ta,30x20,3,18,5,300,300,0.016666666666666666
ta_30x20,ta,30x20,3,19,12,300,300,0.04
ta_30x20,ta,30x20,4,0,18,300,300,0.06
ta_30x20,ta,30x20,4,1,19,300,300,0.06333333333333334
ta_30x20,ta,30x20,4,2,16,300,300,0.05333333333333334
ta_30x20,ta,30x20,4,3,23,300,300,0.07666666666666666
ta_30x20,ta,30x20,4,4,21,300,300,0.07
ta_30x20,ta,30x20,4,5,11,300,300,0.03666666666666667
ta_30x20,ta,30x20,4,6,16,300,300,0.05333333333333334
ta_30x20,ta,30x20,4,7,14,300,300,0.04666666666666667
ta_30x20,ta,30x20,4,8,13,300,300,0.043333333333333335
ta_30x20,ta,30x20,4,9,9,300,300,0.03
ta_30x20,ta,30x20,4,10,9,300,300,0.03
ta_30x20,ta,30x20,4,11,15,300,300,0.05
ta_30x20,ta,30x20,4,12,9,300,300,0.03
ta_30x20,ta,30x20,4,13,12,300,300,0.04
ta_30x20,ta,30x20,4,14,14,300,300,0.04666666666666667
ta_30x20,ta,30x20,4,15,19,300,300,0.06333333333333334
ta_30x20,ta,30x20,4,16,14,300,300,0.04666666666666667
ta_30x20,ta,30x20,4,17,21,300,300,0.07
ta_30x20,ta,30x20,4,18,15,300,300,0.05
ta_30x20,ta,30x20,4,19,12,300,300,0.04
ta_30x20,ta,30x20,5,0,15,300,300,0.05
ta_30x20,ta,30x20,5,1,12,300,300,0.04
ta_30x20,ta,30x20,5,2,18,300,300,0.06
ta_30x20,ta,30x20,5,3,17,300,300,0.056666666666666664
ta_30x20,ta,30x20,5,4,20,300,300,0.06666666666666667
ta_30x20,ta,30x20,5,5,14,300,300,0.04666666666666667
ta_30x20,ta,30x20,5,6,25,300,300,0.08333333333333333
ta_30x20,ta,30x20,5,7,20,300,300,0.06666666666666667
ta_30x20,ta,30x20,5,8,11,300,300,0.03666666666666667
ta_30x20,ta,30x20,5,9,15,300,300,0.05
ta_30x20,ta,30x20,5,10,14,300,300,0.04666666666666667
ta_30x20,ta,30x20,5,11,17,300,300,0.056666666666666664
ta_30x20,ta,30x20,5,12,22,300,300,0.07333333333333333
ta_30x20,ta,30x20,5,13,6,300,300,0.02
ta_30x20,ta,30x20,5,14,13,300,300,0.043333333333333335
ta_30x20,ta,30x20,5,15,10,300,300,0.03333333333333333
ta_30x20,ta,30x20,5,16,18,300,300,0.06
ta_30x20,ta,30x20,5,17,8,300,300,0.02666666666666667
ta_30x20,ta,30x20,5,18,14,300,300,0.04666666666666667
ta_30x20,ta,30x20,5,19,11,300,300,0.03666666666666667
ta_30x20,ta,30x20,6,0,16,300,300,0.05333333333333334
ta_30x20,ta,30x20,6,1,11,300,300,0.03666666666666667
ta_30x20,ta,30x20,6,2,18,300,300,0.06
ta_30x20,ta,30x20,6,3,14,300,300,0.04666666666666667
ta_30x20,ta,30x20,6,4,15,300,300,0.05
ta_30x20,ta,30x20,6,5,16,300,300,0.05333333333333334
ta_30x20,ta,30x20,6,6,10,300,300,0.03333333333333333
ta_30x20,ta,30x20,6,7,17,300,300,0.056666666666666664
ta_30x20,ta,30x20,6,8,16,300,300,0.05333333333333334
ta_30x20,ta,30x20,6,9,10,300,300,0.03333333333333333
ta_30x20,ta,30x20,6,10,16,300,300,0.05333333333333334
ta_30x20,ta,30x20,6,11,15,300,300,0.05
ta_30x20,ta,30x20,6,12,13,300,300,0.043333333333333335
ta_30x20,ta,30x20,6,13,17,300,300,0.056666666666666664
ta_30x20,ta,30x20,6,14,18,300,300,0.06
ta_30x20,ta,30x20,6,15,14,300,300,0.04666666666666667
ta_30x20,ta,30x20,6,16,15,300,300,0.05
ta_30x20,ta,30x20,6,17,16,300,300,0.05333333333333334
ta_30x20,ta,30x20,6,18,15,300,300,0.05
ta_30x20,ta,30x20,6,19,18,300,300,0.06
ta_30x20,ta,30x20,7,0,10,300,300,0.03333333333333333
ta_30x20,ta,30x20,7,1,18,300,300,0.06
ta_30x20,ta,30x20,7,2,12,300,300,0.04
ta_30x20,ta,30x20,7,3,9,300,300,0.03
ta_30x20,ta,30x20,7,4,14,300,300,0.04666666666666667
ta_30x20,ta,30x20,7,5,18,300,300,0.06
ta_30x20,ta,30x20,7,6,21,300,300,0.07
ta_30x20,ta,30x20,7,7,11,300,300,0.03666666666666667
ta_30x20,ta,30x20,7,8,24,300,300,0.08
ta_30x20,ta,30x20,7,9,18,300,300,0.06
ta_30x20,ta,30x20,7,10,19,300,300,0.06333333333333334
ta_30x20,ta,30x20,7,11,10,300,300,0.03333333333333333
ta_30x20,ta,30x20,7,12,21,300,300,0.07
ta_30x20,ta,30x20,7,13,16,300,300,0.05333333333333334
ta_30x20,ta,30x20,7,14,13,300,300,0.043333333333333335
ta_30x20,ta,30x20,7,15,12,300,300,0.04
ta_30x20,ta,30x20,7,16,11,300,300,0.03666666666666667
ta_30x20,ta,30x20,7,17,13,300,300,0.043333333333333335
ta_30x20,ta,30x20,7,18,15,300,300,0.05
ta_30x20,ta,30x20,7,19,15,300,300,0.05
ta_30x20,ta,30x20,8,0,20,300,300,0.06666666666666667
ta_30x20,ta,30x20,8,1,11,300,300,0.03666666666666667
ta_30x20,ta,30x20,8,2,14,300,300,0.04666666666666667
ta_30x20,ta,30x20,8,3,24,300,300,0.08
ta_30x20,ta,30x20,8,4,6,300,300,0.02
ta_30x20,ta,30x20,8,5,17,300,300,0.056666666666666664
ta_30x20,ta,30x20,8,6,12,300,300,0.04
ta_30x20,ta,30x20,8,7,16,300,300,0.05333333333333334
ta_30x20,ta,30x20,8,8,15,300,300,0.05
ta_30x20,ta,30x20,8,9,14,300,300,0.04666666666666667
ta_30x20,ta,30x20,8,10,16,300,300,0.05333333333333334
ta_30x20,ta,30x20,8,11,18,300,300,0.06
ta_30x20,ta,30x20,8,12,13,300,300,0.043333333333333335
ta_30x20,ta,30x20,8,13,17,300,300,0.056666666666666664
ta_30x20,ta,30x20,8,14,13,300,300,0.043333333333333335
ta_30x20,ta,30x20,8,15,21,300,300,0.07
ta_30x20,ta,30x20,8,16,16,300,300,0.05333333333333334
ta_30x20,ta,30x20,8,17,13,300,300,0.043333333333333335
ta_30x20,ta,30x20,8,18,9,300,300,0.03
ta_30x20,ta,30x20,8,19,15,300,300,0.05
ta_30x20,ta,30x20,9,0,19,300,300,0.06333333333333334
ta_30x20,ta,30x20,9,1,9,300,300,0.03
ta_30x20,ta,30x20,9,2,19,300,300,0.06333333333333334
ta_30x20,ta,30x20,9,3,17,300,300,0.056666666666666664
ta_30x20,ta,30x20,9,4,12,300,300,0.04
ta_30x20,ta,30x20,9,5,17,300,300,0.056666666666666664
ta_30x20,ta,30x20,9,6,14,300,300,0.04666666666666667
ta_30x20,ta,30x20,9,7,11,300,300,0.03666666666666667
ta_30x20,ta,30x20,9,8,10,300,300,0.03333333333333333
ta_30x20,ta,30x20,9,9,17,300,300,0.056666666666666664
ta_30x20,ta,30x20,9,10,8,300,300,0.02666666666666667
ta_30x20,ta,30x20,9,11,13,300,300,0.043333333333333335
ta_30x20,ta,30x20,9,12,31,300,300,0.10333333333333333
ta_30x20,ta,30x20,9,13,17,300,300,0.056666666666666664
ta_30x20,ta,30x20,9,14,13,300,300,0.043333333333333335
ta_30x20,ta,30x20,9,15,13,300,300,0.043333333333333335
ta_30x20,ta,30x20,9,16,18,300,300,0.06
ta_30x20,ta,30x20,9,17,12,300,300,0.04
ta_30x20,ta,30x20,9,18,13,300,300,0.043333333333333335
ta_30x20,ta,30x20,9,19,17,300,300,0.056666666666666664
ta_30x20,ta,30x20,10,0,8,300,300,0.02666666666666667
ta_30x20,ta,30x20,10,1,14,300,300,0.04666666666666667
ta_30x20,ta,30x20,10,2,14,300,300,0.04666666666666667
ta_30x20,ta,30x20,10,3,12,300,300,0.04
ta_30x20,ta,30x20,10,4,12,300,300,0.04
ta_30x20,ta,30x20,10,5,18,300,300,0.06
ta_30x20,ta,30x20,10,6,14,300,300,0.04666666666666667
ta_30x20,ta,30x20,10,7,12,300,300,0.04
ta_30x20,ta,30x20,10,8,22,300,300,0.07333333333333333
ta_30x20,ta,30x20,10,9,17,300,300,0.056666666666666664
ta_30x20,ta,30x20,10,10,19,300,300,0.06333333333333334
ta_30x20,ta,30x20,10,11,13,300,300,0.043333333333333335
ta_30x20,ta,30x20,10,12,16,300,300,0.05333333333333334
ta_30x20,ta,30x20,10,13,22,300,300,0.07333333333333333
ta_30x20,ta,30x20,10,14,11,300,300,0.03666666666666667
ta_30x20,ta,30x20,10,15,13,300,300,0.043333333333333335
ta_30x20,ta,30x20,10,16,10,300,300,0.03333333333333333
ta_30x20,ta,30x20,10,17,20,300,300,0.06666666666666667
ta_30x20,ta,30x20,10,18,16,300,300,0.05333333333333334
ta_30x20,ta,30x20,10,19,17,300,300,0.056666666666666664
ta_30x20,ta,30x20,11,0,16,300,300,0.05333333333333334
ta_30x20,ta,30x20,11,1,20,300,300,0.06666666666666667
ta_30x20,ta,30x20,11,2,11,300,300,0.03666666666666667
ta_30x20,ta,30x20,11,3,18,300,300,0.06
ta_30x20,ta,30x20,11,4,13,300,300,0.043333333333333335
ta_30x20,ta,30x20,11,5,16,300,300,0.05333333333333334
ta_30x20,ta,30x20,11,6,12,300,300,0.04
ta_30x20,ta,30x20,11,7,23,300,300,0.07666666666666666
ta_30x20,ta,30x20,11,8,12,300,300,0.04
ta_30x20,ta,30x20,11,9,13,300,300,0.043333333333333335
ta_30x20,ta,30x20,11,10,15,300,300,0.05
ta_30x20,ta,30x20,11,11,12,300,300,0.04
ta_30x20,ta,30x20,11,12,11,300,300,0.03666666666666667
ta_30x20,ta,30x20,11,13,17,300,300,0.056666666666666664
ta_30x20,ta,30x20,11,14,14,300,300,0.04666666666666667
ta_30x20,ta,30x20,11,15,20,300,300,0.06666666666666667
ta_30x20,ta,30x20,11,16,7,300,300,0.023333333333333334
ta_30x20,ta,30x20,11,17,20,300,300,0.06666666666666667
ta_30x20,ta,30x20,11,18,18,300,300,0.06
ta_30x20,ta,30x20,11,19,12,300,300,0.04
ta_30x20,ta,30x20,12,0,20,300,300,0.06666666666666667
ta_30x20,ta,30x20,12,1,16,300,300,0.05333333333333334
ta_30x20,ta,30x20,12,2,15,300,300,0.05
ta_30x20,ta,30x20,12,3,14,300,300,0.04666666666666667
ta_30x20,ta,30x20,12,4,20,300,300,0.06666666666666667
ta_30x20,ta,30x20,12,5,14,300,300,0.04666666666666667
ta_30x20,ta,30x20,12,6,16,300,300,0.05333333333333334
ta_30x20,ta,30x20,12,7,13,300,300,0.043333333333333335
ta_30x20,ta,30x20,12,8,15,300,300,0.05
ta_30x20,ta,30x20,12,9,14,300,300,0.04666666666666667
ta_30x20,ta,30x20,12,10,11,300,300,0.03666666666666667
ta_30x20,ta,30x20,12,11,15,300,300,0.05
ta_30x20,ta,30x20,12,12,11,300,300,0.03666666666666667
ta_30x20,ta,30x20,12,13,16,300,300,0.05333333333333334
ta_30x20,ta,30x20,12,14,16,300,300,0.05333333333333334
ta_30x20,ta,30x20,12,15,15,300,300,0.05
ta_30x20,ta,30x20,12,16,12,300,300,0.04
ta_30x20,ta,30x20,12,17,19,300,300,0.06333333333333334
ta_30x20,ta,30x20,12,18,14,300,300,0.04666666666666667
ta_30x20,ta,30x20,12,19,14,300,300,0.04666666666666667
ta_30x20,ta,30x20,13,0,12,300,300,0.04
ta_30x20,ta,30x20,13,1,14,300,300,0.04666666666666667
ta_30x20,ta,30x20,13,2,22,300,300,0.07333333333333333
ta_30x20,ta,30x20,13,3,17,300,300,0.056666666666666664
ta_30x20,ta,30x20,13,4,17,300,300,0.056666666666666664
ta_30x20,ta,30x20,13,5,14,300,300,0.04666666666666667
ta_30x20,ta,30x20,13,6,10,300,300,0.03333333333333333
ta_30x20,ta,30x20,13,7,14,300,300,0.04666666666666667
ta_30x20,ta,30x20,13,8,19,300,300,0.06333333333333334
ta_30x20,ta,30x20,13,9,11,300,300,0.03666666666666667
ta_30x20,ta,30x20,13,10,14,300,300,0.04666666666666667
ta_30x20,ta,30x20,13,11,14,300,300,0.04666666666666667
ta_30x20,ta,30x20,13,12,19,300,300,0.06333333333333334
ta_30x20,ta,30x20,13,13,21,300,300,0.07
ta_30x20,ta,30x20,13,14,10,300,300,0.03333333333333333
ta_30x20,ta,30x20,13,15,12,300,300,0.04
ta_30x20,ta,30x20,13,16,18,300,300,0.06
ta_30x20,ta,30x20,13,17,14,300,300,0.04666666666666667
ta_30x20,ta,30x20,13,18,18,300,300,0.06
ta_30x20,ta,30x20,13,19,10,300,300,0.03333333333333333
ta_30x20,ta,30x20,14,0,17,300,300,0.056666666666666664
ta_30x20,ta,30x20,14,1,25,300,300,0.08333333333333333
ta_30x20,ta,30x20,14,2,16,300,300,0.05333333333333334
ta_30x20,ta,30x20,14,3,8,300,300,0.02666666666666667
ta_30x20,ta,30x20,14,4,10,300,300,0.03333333333333333
ta_30x20,ta,30x20,14,5,9,300,300,0.03
ta_30x20,ta,30x20,14,6,9,300,300,0.03
ta_30x20,ta,30x20,14,7,18,300,300,0.06
ta_30x20,ta,30x20,14,8,15,300,300,0.05
ta_30x20,ta,30x20,14,9,13,300,300,0.043333333333333335
ta_30x20,ta,30x20,14,10,16,300,300,0.05333333333333334
ta_30x20,ta,30x20,14,11,17,300,300,0.056666666666666664
ta_30x20,ta,30x20,14,12,17,300,300,0.056666666666666664
ta_30x20,ta,30x20,14,13,12,300,300,0.04
ta_30x20,ta,30x20,14,14,15,300,300,0.05
ta_30x20,ta,30x20,14,15,16,300,300,0.05333333333333334
ta_30x20,ta,30x20,14,16,20,300,300,0.06666666666666667
ta_30x20,ta,30x20,14,17,14,300,300,0.04666666666666667
ta_30x20,ta,30x20,14,18,22,300,300,0.07333333333333333
ta_30x20,ta,30x20,14,19,11,300,300,0.03666666666666667
ta_30x20,ta,30x20,15,0,16,300,300,0.05333333333333334
ta_30x20,ta,30x20,15,1,17,300,300,0.056666666666666664
ta_30x20,ta,30x20,15,2,18,300,300,0.06
ta_30x20,ta,30x20,15,3,16,300,300,0.05333333333333334
ta_30x20,ta,30x20,15,4,15,300,300,0.05
ta_30x20,ta,30x20,15,5,10,300,300,0.03333333333333333
ta_30x20,ta,30x20,15,6,17,300,300,0.056666666666666664
ta_30x20,ta,30x20,15,7,14,300,300,0.04666666666666667
ta_30x20,ta,30x20,15,8,13,300,300,0.043333333333333335
ta_30x20,ta,30x20,15,9,15,300,300,0.05
ta_30x20,ta,30x20,15,10,18,300,300,0.06
ta_30x20,ta,30x20,15,11,11,300,300,0.03666666666666667
ta_30x20,ta,30x20,15,12,21,300,300,0.07
ta_30x20,ta,30x20,15,13,11,300,300,0.03666666666666667
ta_30x20,ta,30x20,15,14,13,300,300,0.043333333333333335
ta_30x20,ta,30x20,15,15,20,300,300,0.06666666666666667
ta_30x20,ta,30x20,15,16,13,300,300,0.043333333333333335
ta_30x20,ta,30x20,15,17,12,300,300,0.04
ta_30x20,ta,30x20,15,18,11,300,300,0.03666666666666667
ta_30x20,ta,30x20,15,19,19,300,300,0.06333333333333334
ta_30x20,ta,30x20,16,0,17,300,300,0.056666666666666664
ta_30x20,ta,30x20,16,1,15,300,300,0.05
ta_30x20,ta,30x20,16,2,13,300,300,0.043333333333333335
ta_30x20,ta,30x20,16,3,15,300,300,0.05
ta_30x20,ta,30x20,16,4,15,300,300,0.05
ta_30x20,ta,30x20,16,5,13,300,300,0.043333333333333335
ta_30x20,ta,30x20,16,6,11,300,300,0.03666666666666667
ta_30x20,ta,30x20,16,7,13,300,300,0.043333333333333335
ta_30x20,ta,30x20,16,8,13,300,300,0.043333333333333335
ta_30x20,ta,30x20,16,9,14,300,300,0.04666666666666667
ta_30x20,ta,30x20,16,10,14,300,300,0.04666666666666667
ta_30x20,ta,30x20,16,11,15,300,300,0.05
ta_30x20,ta,30x20,16,12,19,300,300,0.06333333333333334
ta_30x20,ta,30x20,16,13,12,300,300,0.04
ta_30x20,ta,30x20,16,14,15,300,300,0.05
ta_30x20,ta,30x20,16,15,21,300,300,0.07
ta_30x20,ta,30x20,16,16,16,300,300,0.05333333333333334
ta_30x20,ta,30x20,16,17,14,300,300,0.04666666666666667
ta_30x20,ta,30x20,16,18,17,300,300,0.056666666666666664
ta_30x20,ta,30x20,16,19,18,300,300,0.06
ta_30x20,ta,30x20,17,0,10,300,300,0.03333333333333333
ta_30x20,ta,30x20,17,1,17,300,300,0.056666666666666664
ta_30x20,ta,30x20,17,2,13,300,300,0.043333333333333335
ta_30x20,ta,30x20,17,3,18,300,300,0.06
ta_30x20,ta,30x20,17,4,14,300,300,0.04666666666666667
ta_30x20,ta,30x20,17,5,14,300,300,0.04666666666666667
ta_30x20,ta,30x20,17,6,17,300,300,0.056666666666666664
ta_30x20,ta,30x20,17,7,18,300,300,0.06
ta_30x20,ta,30x20,17,8,13,300,300,0.043333333333333335
ta_30x20,ta,30x20,17,9,8,300,300,0.02666666666666667
ta_30x20,ta,30x20,17,10,9,300,300,0.03
ta_30x20,ta,30x20,17,11,20,300,300,0.06666666666666667
ta_30x20,ta,30x20,17,12,17,300,300,0.056666666666666664
ta_30x20,ta,30x20,17,13,16,300,300,0.05333333333333334
ta_30x20,ta,30x20,17,14,19,300,300,0.06333333333333334
ta_30x20,ta,30x20,17,15,23,300,300,0.07666666666666666
ta_30x20,ta,30x20,17,16,14,300,300,0.04666666666666667
ta_30x20,ta,30x20,17,17,14,300,300,0.04666666666666667
ta_30x20,ta,30x20,17,18,14,300,300,0.04666666666666667
ta_30x20,ta,30x20,17,19,12,300,300,0.04
ta_30x20,ta,30x20,18,0,10,300,300,0.03333333333333333
ta_30x20,ta,30x20,18,1,16,300,300,0.05333333333333334
ta_30x20,ta,30x20,18,2,14,300,300,0.04666666666666667
ta_30x20,ta,30x20,18,3,16,300,300,0.05333333333333334
ta_30x20,ta,30x20,18,4,14,300,300,0.04666666666666667
ta_30x20,ta,30x20,18,5,20,300,300,0.06666666666666667
ta_30x20,ta,30x20,18,6,16,300,300,0.05333333333333334
ta_30x20,ta,30x20,18,7,18,300,300,0.06
ta_30x20,ta,30x20,18,8,14,300,300,0.04666666666666667
ta_30x20,ta,30x20,18,9,24,300,300,0.08
ta_30x20,ta,30x20,18,10,14,300,300,0.04666666666666667
ta_30x20,ta,30x20,18,11,7,300,300,0.023333333333333334
ta_30x20,ta,30x20,18,12,9,300,300,0.03
ta_30x20,ta,30x20,18,13,12,300,300,0.04
ta_30x20,ta,30x20,18,14,20,300,300,0.06666666666666667
ta_30x20,ta,30x20,18,15,16,300,300,0.05333333333333334
ta_30x20,ta,30x20,18,16,18,300,300,0.06
ta_30x20,ta,30x20,18,17,10,300,300,0.03333333333333333
ta_30x20,ta,30x20,18,18,19,300,300,0.06333333333333334
ta_30x20,ta,30x20,18,19,13,300,300,0.043333333333333335
ta_30x20,ta,30x20,19,0,14,300,300,0.04666666666666667
ta_30x20,ta,30x20,19,1,16,300,300,0.05333333333333334
ta_30x20,ta,30x20,19,2,9,300,300,0.03
ta_30x20,ta,30x20,19,3,13,300,300,0.043333333333333335
ta_30x20,ta,30x20,19,4,16,300,300,0.05333333333333334
ta_30x20,ta,30x20,19,5,12,300,300,0.04
ta_30x20,ta,30x20,19,6,13,300,300,0.043333333333333335
ta_30x20,ta,30x20,19,7,18,300,300,0.06
ta_30x20,ta,30x20,19,8,16,300,300,0.05333333333333334
ta_30x20,ta,30x20,19,9,21,300,300,0.07
ta_30x20,ta,30x20,19,10,13,300,300,0.043333333333333335
ta_30x20,ta,30x20,19,11,20,300,300,0.06666666666666667
ta_30x20,ta,30x20,19,12,11,300,300,0.03666666666666667
ta_30x20,ta,30x20,19,13,13,300,300,0.043333333333333335
ta_30x20,ta,30x20,19,14,13,300,300,0.043333333333333335
ta_30x20,ta,30x20,19,15,8,300,300,0.02666666666666667
ta_30x20,ta,30x20,19,16,17,300,300,0.056666666666666664
ta_30x20,ta,30x20,19,17,19,300,300,0.06333333333333334
ta_30x20,ta,30x20,19,18,19,300,300,0.06333333333333334
ta_30x20,ta,30x20,19,19,19,300,300,0.06333333333333334
ta_50x15,ta,50x15,0,0,30,500,500,0.06
ta_50x15,ta,50x15,0,1,32,500,500,0.064
ta_50x15,ta,50x15,0,2,37,500,500,0.074
ta_50x15,ta,50x15,0,3,26,500,500,0.052
ta_50x15,ta,50x15,0,4,36,500,500,0.072
ta_50x15,ta,50x15,0,5,29,500,500,0.058
ta_50x15,ta,50x15,0,6,27,500,500,0.054
ta_50x15,ta,50x15,0,7,39,500,500,0.078
ta_50x15,ta,50x15,0,8,32,500,500,0.064
ta_50x15,ta,50x15,0,9,43,500,500,0.086
ta_50x15,ta,50x15,0,10,36,500,500,0.072
ta_50x15,ta,50x15,0,11,37,500,500,0.074
ta_50x15,ta,50x15,0,12,33,500,500,0.066
ta_50x15,ta,50x15,0,13,27,500,500,0.054
ta_50x15,ta,50x15,0,14,36,500,500,0.072
ta_50x15,ta,50x15,1,0,34,500,500,0.068
ta_50x15,ta,50x15,1,1,28,500,500,0.056
ta_50x15,ta,50x15,1,2,44,500,500,0.088
ta_50x15,ta,50x15,1,3,39,500,500,0.078
ta_50x15,ta,50x15,1,4,37,500,500,0.074
ta_50x15,ta,50x15,1,5,27,500,500,0.054
ta_50x15,ta,50x15,1,6,27,500,500,0.054
ta_50x15,ta,50x15,1,7,30,500,500,0.06
ta_50x15,ta,50x15,1,8,40,500,500,0.08
ta_50x15,ta,50x15,1,9,28,500,500,0.056
ta_50x15,ta,50x15,1,10,35,500,500,0.07
ta_50x15,ta,50x15,1,11,35,500,500,0.07
ta_50x15,ta,50x15,1,12,32,500,500,0.064
ta_50x15,ta,50x15,1,13,29,500,500,0.058
ta_50x15,ta,50x15,1,14,35,500,500,0.07
ta_50x15,ta,50x15,2,0,36,500,500,0.072
ta_50x15,ta,50x15,2,1,41,500,500,0.082
ta_50x15,ta,50x15,2,2,37,500,500,0.074
ta_50x15,ta,50x15,2,3,37,500,500,0.074
ta_50x15,ta,50x15,2,4,34,500,500,0.068
ta_50x15,ta,50x15,2,5,29,500,500,0.058
ta_50x15,ta,50x15,2,6,27,500,500,0.054
ta_50x15,ta,50x15,2,7,28,500,500,0.056
ta_50x15,ta,50x15,2,8,33,500,500,0.066
ta_50x15,ta,50x15,2,9,38,500,500,0.076
ta_50x15,ta,50x15,2,10,33,500,500,0.066
ta_50x15,ta,50x15,2,11,28,500,500,0.056
ta_50x15,ta,50x15,2,12,37,500,500,0.074
ta_50x15,ta,50x15,2,13,22,500,500,0.044
ta_50x15,ta,50x15,2,14,40,500,500,0.08
ta_50x15,ta,50x15,3,0,22,500,500,0.044
ta_50x15,ta,50x15,3,1,33,500,500,0.066
ta_50x15,ta,50x15,3,2,34,500,500,0.068
ta_50x15,ta,50x15,3,3,27,500,500,0.054
ta_50x15,ta,50x15,3,4,40,500,500,0.08
ta_50x15,ta,50x15,3,5,52,500,500,0.104
ta_50x15,ta,50x15,3,6,35,500,500,0.07
ta_50x15,ta,50x15,3,7,33,500,500,0.066
ta_50x15,ta,50x15,3,8,25,500,500,0.05
ta_50x15,ta,50x15,3,9,30,500,500,0.06
ta_50x15,ta,50x15,3,10,36,500,500,0.072
ta_50x15,ta,50x15,3,11,36,500,500,0.072
ta_50x15,ta,50x15,3,12,28,500,500,0.056
ta_50x15,ta,50x15,3,13,36,500,500,0.072
ta_50x15,ta,50x15,3,14,33,500,500,0.066
ta_50x15,ta,50x15,4,0,38,500,500,0.076
ta_50x15,ta,50x15,4,1,32,500,500,0.064
ta_50x15,ta,50x15,4,2,30,500,500,0.06
ta_50x15,ta,50x15,4,3,25,500,500,0.05
ta_50x15,ta,50x15,4,4,39,500,500,0.078
ta_50x15,ta,50x15,4,5,36,500,500,0.072
ta_50x15,ta,50x15,4,6,42,500,500,0.084
ta_50x15,ta,50x15,4,7,41,500,500,0.082
ta_50x15,ta,50x15,4,8,32,500,500,0.064
ta_50x15,ta,50x15,4,9,35,500,500,0.07
ta_50x15,ta,50x15,4,10,28,500,500,0.056
ta_50x15,ta,50x15,4,11,31,500,500,0.062
ta_50x15,ta,50x15,4,12,37,500,500,0.074
ta_50x15,ta,50x15,4,13,30,500,500,0.06
ta_50x15,ta,50x15,4,14,24,500,500,0.048
ta_50x15,ta,50x15,5,0,45,500,500,0.09
ta_50x15,ta,50x15,5,1,33,500,500,0.066
ta_50x15,ta,50x15,5,2,40,500,500,0.08
ta_50x15,ta,50x15,5,3,36,500,500,0.072
ta_50x15,ta,50x15,5,4,30,500,500,0.06
ta_50x15,ta,50x15,5,5,25,500,500,0.05
ta_50x15,ta,50x15,5,6,37,500,500,0.074
ta_50x15,ta,50x15,5,7,44,500,500,0.088
ta_50x15,ta,50x15,5,8,29,500,500,0.058
ta_50x15,ta,50x15,5,9,34,500,500,0.068
ta_50x15,ta,50x15,5,10,30,500,500,0.06
ta_50x15,ta,50x15,5,11,18,500,500,0.036
ta_50x15,ta,50x15,5,12,35,500,500,0.07
ta_50x15,ta,50x15,5,13,32,500,500,0.064
ta_50x15,ta,50x15,5,14,32,500,500,0.064
ta_50x15,ta,50x15,6,0,36,500,500,0.072
ta_50x15,ta,50x15,6,1,29,500,500,0.058
ta_50x15,ta,50x15,6,2,33,500,500,0.066
ta_50x15,ta,50x15,6,3,31,500,500,0.062
ta_50x15,ta,50x15,6,4,34,500,500,0.068
ta_50x15,ta,50x15,6,5,39,500,500,0.078
ta_50x15,ta,50x15,6,6,40,500,500,0.08
ta_50x15,ta,50x15,6,7,33,500,500,0.066
ta_50x15,ta,50x15,6,8,42,500,500,0.084
ta_50x15,ta,50x15,6,9,24,500,500,0.048
ta_50x15,ta,50x15,6,10,40,500,500,0.08
ta_50x15,ta,50x15,6,11,20,500,500,0.04
ta_50x15,ta,50x15,6,12,39,500,500,0.078
ta_50x15,ta,50x15,6,13,32,500,500,0.064
ta_50x15,ta,50x15,6,14,28,500,500,0.056
ta_50x15,ta,50x15,7,0,41,500,500,0.082
ta_50x15,ta,50x15,7,1,42,500,500,0.084
ta_50x15,ta,50x15,7,2,27,500,500,0.054
ta_50x15,ta,50x15,7,3,25,500,500,0.05
ta_50x15,ta,50x15,7,4,33,500,500,0.066
ta_50x15,ta,50x15,7,5,30,500,500,0.06
ta_50x15,ta,50x15,7,6,26,500,500,0.052
ta_50x15,ta,50x15,7,7,35,500,500,0.07
ta_50x15,ta,50x15,7,8,29,500,500,0.058
ta_50x15,ta,50x15,7,9,42,500,500,0.084
ta_50x15,ta,50x15,7,10,29,500,500,0.058
ta_50x15,ta,50x15,7,11,39,500,500,0.078
ta_50x15,ta,50x15,7,12,37,500,500,0.074
ta_50x15,ta,50x15,7,13,34,500,500,0.068
ta_50x15,ta,50x15,7,14,31,500,500,0.062
ta_50x15,ta,50x15,8,0,27,500,500,0.054
ta_50x15,ta,50x15,8,1,29,500,500,0.058
ta_50x15,ta,50x15,8,2,37,500,500,0.074
ta_50x15,ta,50x15,8,3,35,500,500,0.07
ta_50x15,ta,50x15,8,4,36,500,500,0.072
ta_50x15,ta,50x15,8,5,34,500,500,0.068
ta_50x15,ta,50x15,8,6,35,500,500,0.07
ta_50x15,ta,50x15,8,7,31,500,500,0.062
ta_50x15,ta,50x15,8,8,26,500,500,0.052
ta_50x15,ta,50x15,8,9,43,500,500,0.086
ta_50x15,ta,50x15,8,10,30,500,500,0.06
ta_50x15,ta,50x15,8,11,23,500,500,0.046
ta_50x15,ta,50x15,8,12,38,500,500,0.076
ta_50x15,ta,50x15,8,13,28,500,500,0.056
ta_50x15,ta,50x15,8,14,48,500,500,0.096
ta_50x15,ta,50x15,9,0,31,500,500,0.062
ta_50x15,ta,50x15,9,1,31,500,500,0.062
ta_50x15,ta,50x15,9,2,32,500,500,0.064
ta_50x15,ta,50x15,9,3,42,500,500,0.084
ta_50x15,ta,50x15,9,4,31,500,500,0.062
ta_50x15,ta,50x15,9,5,38,500,500,0.076
ta_50x15,ta,50x15,9,6,38,500,500,0.076
ta_50x15,ta,50x15,9,7,24,500,500,0.048
ta_50x15,ta,50x15,9,8,35,500,500,0.07
ta_50x15,ta,50x15,9,9,27,500,500,0.054
ta_50x15,ta,50x15,9,10,35,500,500,0.07
ta_50x15,ta,50x15,9,11,36,500,500,0.072
ta_50x15,ta,50x15,9,12,37,500,500,0.074
ta_50x15,ta,50x15,9,13,39,500,500,0.078
ta_50x15,ta,50x15,9,14,24,500,500,0.048
ta_50x15,ta,50x15,10,0,25,500,500,0.05
ta_50x15,ta,50x15,10,1,42,500,500,0.084
ta_50x15,ta,50x15,10,2,34,500,500,0.068
ta_50x15,ta,50x15,10,3,22,500,500,0.044
ta_50x15,ta,50x15,10,4,26,500,500,0.052
ta_50x15,ta,50x15,10,5,24,500,500,0.048
ta_50x15,ta,50x15,10,6,24,500,500,0.048
ta_50x15,ta,50x15,10,7,36,500,500,0.072
ta_50x15,ta,50x15,10,8,35,500,500,0.07
ta_50x15,ta,50x15,10,9,29,500,500,0.058
ta_50x15,ta,50x15,10,10,38,500,500,0.076
ta_50x15,ta,50x15,10,11,38,500,500,0.076
ta_50x15,ta,50x15,10,12,42,500,500,0.084
ta_50x15,ta,50x15,10,13,46,500,500,0.092
ta_50x15,ta,50x15,10,14,39,500,500,0.078
ta_50x15,ta,50x15,11,0,41,500,500,0.082
ta_50x15,ta,50x15,11,1,31,500,500,0.062
ta_50x15,ta,50x15,11,2,37,500,500,0.074
ta_50x15,ta,50x15,11,3,25,500,500,0.05
ta_50x15,ta,50x15,11,4,34,500,500,0.068
ta_50x15,ta,50x15,11,5,31,500,500,0.062
ta_50x15,ta,50x15,11,6,42,500,500,0.084
ta_50x15,ta,50x15,11,7,30,500,500,0.06
ta_50x15,ta,50x15,11,8,36,500,500,0.072
ta_50x15,ta,50x15,11,9,34,500,500,0.068
ta_50x15,ta,50x15,11,10,40,500,500,0.08
ta_50x15,ta,50x15,11,11,24,500,500,0.048
ta_50x15,ta,50x15,11,12,28,500,500,0.056
ta_50x15,ta,50x15,11,13,31,500,500,0.062
ta_50x15,ta,50x15,11,14,36,500,500,0.072
ta_50x15,ta,50x15,12,0,21,500,500,0.042
ta_50x15,ta,50x15,12,1,37,500,500,0.074
ta_50x15,ta,50x15,12,2,19,500,500,0.038
ta_50x15,ta,50x15,12,3,48,500,500,0.096
ta_50x15,ta,50x15,12,4,29,500,500,0.058
ta_50x15,ta,50x15,12,5,43,500,500,0.086
ta_50x15,ta,50x15,12,6,33,500,500,0.066
ta_50x15,ta,50x15,12,7,39,500,500,0.078
ta_50x15,ta,50x15,12,8,36,500,500,0.072
ta_50x15,ta,50x15,12,9,31,500,500,0.062
ta_50x15,ta,50x15,12,10,26,500,500,0.052
ta_50x15,ta,50x15,12,11,54,500,500,0.108
ta_50x15,ta,50x15,12,12,19,500,500,0.038
ta_50x15,ta,50x15,12,13,33,500,500,0.066
ta_50x15,ta,50x15,12,14,32,500,500,0.064
ta_50x15,ta,50x15,13,0,33,500,500,0.066
ta_50x15,ta,50x15,13,1,25,500,500,0.05
ta_50x15,ta,50x15,13,2,28,500,500,0.056
ta_50x15,ta,50x15,13,3,42,500,500,0.084
ta_50x15,ta,50x15,13,4,28,500,500,0.056
ta_50x15,ta,50x15,13,5,24,500,500,0.048
ta_50x15,ta,50x15,13,6,34,500,500,0.068
ta_50x15,ta,50x15,13,7,32,500,500,0.064
ta_50x15,ta,50x15,13,8,37,500,500,0.074
ta_50x15,ta,50x15,13,9,30,500,500,0.06
ta_50x15,ta,50x15,13,10,42,500,500,0.084
ta_50x15,ta,50x15,13,11,34,500,500,0.068
ta_50x15,ta,50x15,13,12,32,500,500,0.064
ta_50x15,ta,50x15,13,13,52,500,500,0.104
ta_50x15,ta,50x15,13,14,27,500,500,0.054
ta_50x15,ta,50x15,14,0,40,500,500,0.08
ta_50x15,ta,50x15,14,1,35,500,500,0.07
ta_50x15,ta,50x15,14,2,31,500,500,0.062
ta_50x15,ta,50x15,14,3,40,500,500,0.08
ta_50x15,ta,50x15,14,4,33,500,500,0.066
ta_50x15,ta,50x15,14,5,39,500,500,0.078
ta_50x15,ta,50x15,14,6,33,500,500,0.066
ta_50x15,ta,50x15,14,7,25,500,500,0.05
ta_50x15,ta,50x15,14,8,33,500,500,0.066
ta_50x15,ta,50x15,14,9,32,500,500,0.064
ta_50x15,ta,50x15,14,10,22,500,500,0.044
ta_50x15,ta,50x15,14,11,47,500,500,0.094
ta_50x15,ta,50x15,14,12,26,500,500,0.052
ta_50x15,ta,50x15,14,13,29,500,500,0.058
ta_50x15,ta,50x15,14,14,35,500,500,0.07
ta_50x20,ta,50x20,0,0,14,500,500,0.028
ta_50x20,ta,50x20,0,1,21,500,500,0.042
ta_50x20,ta,50x20,0,2,21,500,500,0.042
ta_50x20,ta,50x20,0,3,18,500,500,0.036
ta_50x20,ta,50x20,0,4,27,500,500,0.054
ta_50x20,ta,50x20,0,5,26,500,500,0.052
ta_50x20,ta,50x20,0,6,30,500,500,0.06
ta_50x20,ta,50x20,0,7,29,500,500,0.058
ta_50x20,ta,50x20,0,8,24,500,500,0.048
ta_50x20,ta,50x20,0,9,32,500,500,0.064
ta_50x20,ta,50x20,0,10,32,500,500,0.064
ta_50x20,ta,50x20,0,11,27,500,500,0.054
ta_50x20,ta,50x20,0,12,28,500,500,0.056
ta_50x20,ta,50x20,0,13,28,500,500,0.056
ta_50x20,ta,50x20,0,14,17,500,500,0.034
ta_50x20,ta,50x20,0,15,34,500,500,0.068
ta_50x20,ta,50x20,0,16,30,500,500,0.06
ta_50x20,ta,50x20,0,17,19,500,500,0.038
ta_50x20,ta,50x20,0,18,24,500,500,0.048
ta_50x20,ta,50x20,0,19,19,500,500,0.038
ta_50x20,ta,50x20,1,0,24,500,500,0.048
ta_50x20,ta,50x20,1,1,21,500,500,0.042
ta_50x20,ta,50x20,1,2,29,500,500,0.058
ta_50x20,ta,50x20,1,3,29,500,500,0.058
ta_50x20,ta,50x20,1,4,23,500,500,0.046
ta_50x20,ta,50x20,1,5,20,500,500,0.04
ta_50x20,ta,50x20,1,6,34,500,500,0.068
ta_50x20,ta,50x20,1,7,22,500,500,0.044
ta_50x20,ta,50x20,1,8,23,500,500,0.046
ta_50x20,ta,50x20,1,9,25,500,500,0.05
ta_50x20,ta,50x20,1,10,18,500,500,0.036
ta_50x20,ta,50x20,1,11,24,500,500,0.048
ta_50x20,ta,50x20,1,12,26,500,500,0.052
ta_50x20,ta,50x20,1,13,25,500,500,0.05
ta_50x20,ta,50x20,1,14,26,500,500,0.052
ta_50x20,ta,50x20,1,15,34,500,500,0.068
ta_50x20,ta,50x20,1,16,23,500,500,0.046
ta_50x20,ta,50x20,1,17,27,500,500,0.054
ta_50x20,ta,50x20,1,18,22,500,500,0.044
ta_50x20,ta,50x20,1,19,25,500,500,0.05
ta_50x20,ta,50x20,2,0,16,500,500,0.032
ta_50x20,ta,50x20,2,1,25,500,500,0.05
ta_50x20,ta,50x20,2,2,24,500,500,0.048
ta_50x20,ta,50x20,2,3,27,500,500,0.054
ta_50x20,ta,50x20,2,4,26,500,500,0.052
ta_50x20,ta,50x20,2,5,26,500,500,0.052
ta_50x20,ta,50x20,2,6,16,500,500,0.032
ta_50x20,ta,50x20,2,7,28,500,500,0.056
ta_50x20,ta,50x20,2,8,27,500,500,0.054
ta_50x20,ta,50x20,2,9,23,500,500,0.046
ta_50x20,ta,50x20,2,10,29,500,500,0.058
ta_50x20,ta,50x20,2,11,23,500,500,0.046
ta_50x20,ta,50x20,2,12,27,500,500,0.054
ta_50x20,ta,50x20,2,13,27,500,500,0.054
ta_50x20,ta,50x20,2,14,23,500,500,0.046
ta_50x20,ta,50x20,2,15,19,500,500,0.038
ta_50x20,ta,50x20,2,16,23,500,500,0.046
ta_50x20,ta,50x20,2,17,34,500,500,0.068
ta_50x20,ta,50x20,2,18,28,500,500,0.056
ta_50x20,ta,50x20,2,19,29,500,500,0.058
ta_50x20,ta,50x20,3,0,26,500,500,0.052
ta_50x20,ta,50x20,3,1,24,500,500,0.048
ta_50x20,ta,50x20,3,2,30,500,500,0.06
ta_50x20,ta,50x20,3,3,23,500,500,0.046
ta_50x20,ta,50x20,3,4,16,500,500,0.032
ta_50x20,ta,50x20,3,5,25,500,500,0.05
ta_50x20,ta,50x20,3,6,27,500,500,0.054
ta_50x20,ta,50x20,3,7,37,500,500,0.074
ta_50x20,ta,50x20,3,8,19,500,500,0.038
ta_50x20,ta,50x20,3,9,24,500,500,0.048
ta_50x20,ta,50x20,3,10,16,500,500,0.032
ta_50x20,ta,50x20,3,11,22,500,500,0.044
ta_50x20,ta,50x20,3,12,33,500,500,0.066
ta_50x20,ta,50x20,3,13,17,500,500,0.034
ta_50x20,ta,50x20,3,14,28,500,500,0.056
ta_50x20,ta,50x20,3,15,17,500,500,0.034
ta_50x20,ta,50x20,3,16,26,500,500,0.052
ta_50x20,ta,50x20,3,17,31,500,500,0.062
ta_50x20,ta,50x20,3,18,29,500,500,0.058
ta_50x20,ta,50x20,3,19,30,500,500,0.06
ta_50x20,ta,50x20,4,0,22,500,500,0.044
ta_50x20,ta,50x20,4,1,25,500,500,0.05
ta_50x20,ta,50x20,4,2,36,500,500,0.072
ta_50x20,ta,50x20,4,3,32,500,500,0.064
ta_50x20,ta,50x20,4,4,17,500,500,0.034
ta_50x20,ta,50x20,4,5,23,500,500,0.046
ta_50x20,ta,50x20,4,6,22,500,500,0.044
ta_50x20,ta,50x20,4,7,25,500,500,0.05
ta_50x20,ta,50x20,4,8,18,500,500,0.036
ta_50x20,ta,50x20,4,9,29,500,500,0.058
ta_50x20,ta,50x20,4,10,21,500,500,0.042
ta_50x20,ta,50x20,4,11,27,500,500,0.054
ta_50x20,ta,50x20,4,12,29,500,500,0.058
ta_50x20,ta,50x20,4,13,15,500,500,0.03
ta_50x20,ta,50x20,4,14,32,500,500,0.064
ta_50x20,ta,50x20,4,15,24,500,500,0.048
ta_50x20,ta,50x20,4,16,22,500,500,0.044
ta_50x20,ta,50x20,4,17,29,500,500,0.058
ta_50x20,ta,50x20,4,18,29,500,500,0.058
ta_50x20,ta,50x20,4,19,23,500,500,0.046
ta_50x20,ta,50x20,5,0,31,500,500,0.062
ta_50x20,ta,50x20,5,1,33,500,500,0.066
ta_50x20,ta,50x20,5,2,27,500,500,0.054
ta_50x20,ta,50x20,5,3,21,500,500,0.042
ta_50x20,ta,50x20,5,4,16,500,500,0.032
ta_50x20,ta,50x20,5,5,28,500,500,0.056
ta_50x20,ta,50x20,5,6,18,500,500,0.036
ta_50x20,ta,50x20,5,7,24,500,500,0.048
ta_50x20,ta,50x20,5,8,25,500,500,0.05
ta_50x20,ta,50x20,5,9,28,500,500,0.056
ta_50x20,ta,50x20,5,10,22,500,500,0.044
ta_50x20,ta,50x20,5,11,38,500,500,0.076
ta_50x20,ta,50x20,5,12,22,500,500,0.044
ta_50x20,ta,50x20,5,13,24,500,500,0.048
ta_50x20,ta,50x20,5,14,20,500,500,0.04
ta_50x20,ta,50x20,5,15,16,500,500,0.032
ta_50x20,ta,50x20,5,16,26,500,500,0.052
ta_50x20,ta,50x20,5,17,27,500,500,0.054
ta_50x20,ta,50x20,5,18,26,500,500,0.052
ta_50x20,ta,50x20,5,19,28,500,500,0.056
ta_50x20,ta,50x20,6,0,22,500,500,0.044
ta_50x20,ta,50x20,6,1,22,500,500,0.044
ta_50x20,ta,50x20,6,2,23,500,500,0.046
ta_50x20,ta,50x20,6,3,28,500,500,0.056
ta_50x20,ta,50x20,6,4,21,500,500,0.042
ta_50x20,ta,50x20,6,5,37,500,500,0.074
ta_50x20,ta,50x20,6,6,31,500,500,0.062
ta_50x20,ta,50x20,6,7,21,500,500,0.042
ta_50x20,ta,50x20,6,8,20,500,500,0.04
ta_50x20,ta,50x20,6,9,25,500,500,0.05
ta_50x20,ta,50x20,6,10,25,500,500,0.05
ta_50x20,ta,50x20,6,11,26,500,500,0.052
ta_50x20,ta,50x20,6,12,35,500,500,0.07
ta_50x20,ta,50x20,6,13,18,500,500,0.036
ta_50x20,ta,50x20,6,14,27,500,500,0.054
ta_50x20,ta,50x20,6,15,28,500,500,0.056
ta_50x20,ta,50x20,6,16,24,500,500,0.048
ta_50x20,ta,50x20,6,17,25,500,500,0.05
ta_50x20,ta,50x20,6,18,24,500,500,0.048
ta_50x20,ta,50x20,6,19,18,500,500,0.036
ta_50x20,ta,50x20,7,0,31,500,500,0.062
ta_50x20,ta,50x20,7,1,23,500,500,0.046
ta_50x20,ta,50x20,7,2,16,500,500,0.032
ta_50x20,ta,50x20,7,3,22,500,500,0.044
ta_50x20,ta,50x20,7,4,27,500,500,0.054
ta_50x20,ta,50x20,7,5,22,500,500,0.044
ta_50x20,ta,50x20,7,6,28,500,500,0.056
ta_50x20,ta,50x20,7,7,31,500,500,0.062
ta_50x20,ta,50x20,7,8,29,500,500,0.058
ta_50x20,ta,50x20,7,9,26,500,500,0.052
ta_50x20,ta,50x20,7,10,26,500,500,0.052
ta_50x20,ta,50x20,7,11,25,500,500,0.05
ta_50x20,ta,50x20,7,12,18,500,500,0.036
ta_50x20,ta,50x20,7,13,24,500,500,0.048
ta_50x20,ta,50x20,7,14,24,500,500,0.048
ta_50x20,ta,50x20,7,15,20,500,500,0.04
ta_50x20,ta,50x20,7,16,23,500,500,0.046
ta_50x20,ta,50x20,7,17,25,500,500,0.05
ta_50x20,ta,50x20,7,18,27,500,500,0.054
ta_50x20,ta,50x20,7,19,33,500,500,0.066
ta_50x20,ta,50x20,8,0,38,500,500,0.076
ta_50x20,ta,50x20,8,1,32,500,500,0.064
ta_50x20,ta,50x20,8,2,20,500,500,0.04
ta_50x20,ta,50x20,8,3,24,500,500,0.048
ta_50x20,ta,50x20,8,4,25,500,500,0.05
ta_50x20,ta,50x20,8,5,23,500,500,0.046
ta_50x20,ta,50x20,8,6,29,500,500,0.058
ta_50x20,ta,50x20,8,7,22,500,500,0.044
ta_50x20,ta,50x20,8,8,31,500,500,0.062
ta_50x20,ta,50x20,8,9,25,500,500,0.05
ta_50x20,ta,50x20,8,10,24,500,500,0.048
ta_50x20,ta,50x20,8,11,31,500,500,0.062
ta_50x20,ta,50x20,8,12,25,500,500,0.05
ta_50x20,ta,50x20,8,13,24,500,500,0.048
ta_50x20,ta,50x20,8,14,22,500,500,0.044
ta_50x20,ta,50x20,8,15,22,500,500,0.044
ta_50x20,ta,50x20,8,16,23,500,500,0.046
ta_50x20,ta,50x20,8,17,17,500,500,0.034
ta_50x20,ta,50x20,8,18,20,500,500,0.04
ta_50x20,ta,50x20,8,19,23,500,500,0.046
ta_50x20,ta,50x20,9,0,19,500,500,0.038
ta_50x20,ta,50x20,9,1,31,500,500,0.062
ta_50x20,ta,50x20,9,2,27,500,500,0.054
ta_50x20,ta,50x20,9,3,19,500,500,0.038
ta_50x20,ta,50x20,9,4,30,500,500,0.06
ta_50x20,ta,50x20,9,5,27,500,500,0.054
ta_50x20,ta,50x20,9,6,23,500,500,0.046
ta_50x20,ta,50x20,9,7,25,500,500,0.05
ta_50x20,ta,50x20,9,8,27,500,500,0.054
ta_50x20,ta,50x20,9,9,32,500,500,0.064
ta_50x20,ta,50x20,9,10,27,500,500,0.054
ta_50x20,ta,50x20,9,11,23,500,500,0.046
ta_50x20,ta,50x20,9,12,19,500,500,0.038
ta_50x20,ta,50x20,9,13,22,500,500,0.044
ta_50x20,ta,50x20,9,14,20,500,500,0.04
ta_50x20,ta,50x20,9,15,29,500,500,0.058
ta_50x20,ta,50x20,9,16,32,500,500,0.064
ta_50x20,ta,50x20,9,17,21,500,500,0.042
ta_50x20,ta,50x20,9,18,26,500,500,0.052
ta_50x20,ta,50x20,9,19,21,500,500,0.042
ta_50x20,ta,50x20,10,0,26,500,500,0.052
ta_50x20,ta,50x20,10,1,28,500,500,0.056
ta_50x20,ta,50x20,10,2,22,500,500,0.044
ta_50x20,ta,50x20,10,3,23,500,500,0.046
ta_50x20,ta,50x20,10,4,20,500,500,0.04
ta_50x20,ta,50x20,10,5,24,500,500,0.048
ta_50x20,ta,50x20,10,6,25,500,500,0.05
ta_50x20,ta,50x20,10,7,22,500,500,0.044
ta_50x20,ta,50x20,10,8,22,500,500,0.044
ta_50x20,ta,50x20,10,9,27,500,500,0.054
ta_50x20,ta,50x20,10,10,30,500,500,0.06
ta_50x20,ta,50x20,10,11,24,500,500,0.048
ta_50x20,ta,50x20,10,12,24,500,500,0.048
ta_50x20,ta,50x20,10,13,26,500,500,0.052
ta_50x20,ta,50x20,10,14,27,500,500,0.054
ta_50x20,ta,50x20,10,15,24,500,500,0.048
ta_50x20,ta,50x20,10,16,25,500,500,0.05
ta_50x20,ta,50x20,10,17,26,500,500,0.052
ta_50x20,ta,50x20,10,18,33,500,500,0.066
ta_50x20,ta,50x20,10,19,22,500,500,0.044
ta_50x20,ta,50x20,11,0,25,500,500,0.05
ta_50x20,ta,50x20,11,1,23,500,500,0.046
ta_50x20,ta,50x20,11,2,27,500,500,0.054
ta_50x20,ta,50x20,11,3,31,500,500,0.062
ta_50x20,ta,50x20,11,4,27,500,500,0.054
ta_50x20,ta,50x20,11,5,23,500,500,0.046
ta_50x20,ta,50x20,11,6,19,500,500,0.038
ta_50x20,ta,50x20,11,7,18,500,500,0.036
ta_50x20,ta,50x20,11,8,13,500,500,0.026
ta_50x20,ta,50x20,11,9,26,500,500,0.052
ta_50x20,ta,50x20,11,10,24,500,500,0.048
ta_50x20,ta,50x20,11,11,30,500,500,0.06
ta_50x20,ta,50x20,11,12,25,500,500,0.05
ta_50x20,ta,50x20,11,13,25,500,500,0.05
ta_50x20,ta,50x20,11,14,21,500,500,0.042
ta_50x20,ta,50x20,11,15,34,500,500,0.068
ta_50x20,ta,50x20,11,16,27,500,500,0.054
ta_50x20,ta,50x20,11,17,21,500,500,0.042
ta_50x20,ta,50x20,11,18,33,500,500,0.066
ta_50x20,ta,50x20,11,19,28,500,500,0.056
ta_50x20,ta,50x20,12,0,24,500,500,0.048
ta_50x20,ta,50x20,12,1,23,500,500,0.046
ta_50x20,ta,50x20,12,2,33,500,500,0.066
ta_50x20,ta,50x20,12,3,27,500,500,0.054
ta_50x20,ta,50x20,12,4,26,500,500,0.052
ta_50x20,ta,50x20,12,5,30,500,500,0.06
ta_50x20,ta,50x20,12,6,19,500,500,0.038
ta_50x20,ta,50x20,12,7,24,500,500,0.048
ta_50x20,ta,50x20,12,8,30,500,500,0.06
ta_50x20,ta,50x20,12,9,15,500,500,0.03
ta_50x20,ta,50x20,12,10,31,500,500,0.062
ta_50x20,ta,50x20,12,11,18,500,500,0.036
ta_50x20,ta,50x20,12,12,24,500,500,0.048
ta_50x20,ta,50x20,12,13,20,500,500,0.04
ta_50x20,ta,50x20,12,14,32,500,500,0.064
ta_50x20,ta,50x20,12,15,26,500,500,0.052
ta_50x20,ta,50x20,12,16,26,500,500,0.052
ta_50x20,ta,50x20,12,17,16,500,500,0.032
ta_50x20,ta,50x20,12,18,29,500,500,0.058
ta_50x20,ta,50x20,12,19,27,500,500,0.054
ta_50x20,ta,50x20,13,0,31,500,500,0.062
ta_50x20,ta,50x20,13,1,23,500,500,0.046
ta_50x20,ta,50x20,13,2,19,500,500,0.038
ta_50x20,ta,50x20,13,3,16,500,500,0.032
ta_50x20,ta,50x20,13,4,34,500,500,0.068
ta_50x20,ta,50x20,13,5,29,500,500,0.058
ta_50x20,ta,50x20,13,6,31,500,500,0.062
ta_50x20,ta,50x20,13,7,23,500,500,0.046
ta_50x20,ta,50x20,13,8,28,500,500,0.056
ta_50x20,ta,50x20,13,9,14,500,500,0.028
ta_50x20,ta,50x20,13,10,26,500,500,0.052
ta_50x20,ta,50x20,13,11,28,500,500,0.056
ta_50x20,ta,50x20,13,12,23,500,500,0.046
ta_50x20,ta,50x20,13,13,25,500,500,0.05
ta_50x20,ta,50x20,13,14,26,500,500,0.052
ta_50x20,ta,50x20,13,15,21,500,500,0.042
ta_50x20,ta,50x20,13,16,25,500,500,0.05
ta_50x20,ta,50x20,13,17,33,500,500,0.066
ta_50x20,ta,50x20,13,18,19,500,500,0.038
ta_50x20,ta,50x20,13,19,26,500,500,0.052
ta_50x20,ta,50x20,14,0,28,500,500,0.056
ta_50x20,ta,50x20,14,1,27,500,500,0.054
ta_50x20,ta,50x20,14,2,24,500,500,0.048
ta_50x20,ta,50x20,14,3,26,500,500,0.052
ta_50x20,ta,50x20,14,4,23,500,500,0.046
ta_50x20,ta,50x20,14,5,26,500,500,0.052
ta_50x20,ta,50x20,14,6,27,500,500,0.054
ta_50x20,ta,50x20,14,7,24,500,500,0.048
ta_50x20,ta,50x20,14,8,22,500,500,0.044
ta_50x20,ta,50x20,14,9,31,500,500,0.062
ta_50x20,ta,50x20,14,10,18,500,500,0.036
ta_50x20,ta,50x20,14,11,21,500,500,0.042
ta_50x20,ta,50x20,14,12,25,500,500,0.05
ta_50x20,ta,50x20,14,13,32,500,500,0.064
ta_50x20,ta,50x20,14,14,25,500,500,0.05
ta_50x20,ta,50x20,14,15,20,500,500,0.04
ta_50x20,ta,50x20,14,16,23,500,500,0.046
ta_50x20,ta,50x20,14,17,27,500,500,0.054
ta_50x20,ta,50x20,14,18,20,500,500,0.04
ta_50x20,ta,50x20,14,19,31,500,500,0.062
ta_50x20,ta,50x20,15,0,21,500,500,0.042
ta_50x20,ta,50x20,15,1,26,500,500,0.052
ta_50x20,ta,50x20,15,2,27,500,500,0.054
ta_50x20,ta,50x20,15,3,27,500,500,0.054
ta_50x20,ta,50x20,15,4,36,500,500,0.072
ta_50x20,ta,50x20,15,5,22,500,500,0.044
ta_50x20,ta,50x20,15,6,24,500,500,0.048
ta_50x20,ta,50x20,15,7,25,500,500,0.05
ta_50x20,ta,50x20,15,8,19,500,500,0.038
ta_50x20,ta,50x20,15,9,17,500,500,0.034
ta_50x20,ta,50x20,15,10,24,500,500,0.048
ta_50x20,ta,50x20,15,11,27,500,500,0.054
ta_50x20,ta,50x20,15,12,29,500,500,0.058
ta_50x20,ta,50x20,15,13,27,500,500,0.054
ta_50x20,ta,50x20,15,14,25,500,500,0.05
ta_50x20,ta,50x20,15,15,31,500,500,0.062
ta_50x20,ta,50x20,15,16,18,500,500,0.036
ta_50x20,ta,50x20,15,17,18,500,500,0.036
ta_50x20,ta,50x20,15,18,30,500,500,0.06
ta_50x20,ta,50x20,15,19,27,500,500,0.054
ta_50x20,ta,50x20,16,0,30,500,500,0.06
ta_50x20,ta,50x20,16,1,25,500,500,0.05
ta_50x20,ta,50x20,16,2,21,500,500,0.042
ta_50x20,ta,50x20,16,3,28,500,500,0.056
ta_50x20,ta,50x20,16,4,26,500,500,0.052
ta_50x20,ta,50x20,16,5,22,500,500,0.044
ta_50x20,ta,50x20,16,6,22,500,500,0.044
ta_50x20,ta,50x20,16,7,22,500,500,0.044
ta_50x20,ta,50x20,16,8,26,500,500,0.052
ta_50x20,ta,50x20,16,9,28,500,500,0.056
ta_50x20,ta,50x20,16,10,28,500,500,0.056
ta_50x20,ta,50x20,16,11,24,500,500,0.048
ta_50x20,ta,50x20,16,12,12,500,500,0.024
ta_50x20,ta,50x20,16,13,31,500,500,0.062
ta_50x20,ta,50x20,16,14,30,500,500,0.06
ta_50x20,ta,50x20,16,15,27,500,500,0.054
ta_50x20,ta,50x20,16,16,32,500,500,0.064
ta_50x20,ta,50x20,16,17,28,500,500,0.056
ta_50x20,ta,50x20,16,18,15,500,500,0.03
ta_50x20,ta,50x20,16,19,23,500,500,0.046
ta_50x20,ta,50x20,17,0,20,500,500,0.04
ta_50x20,ta,50x20,17,1,24,500,500,0.048
ta_50x20,ta,50x20,17,2,20,500,500,0.04
ta_50x20,ta,50x20,17,3,19,500,500,0.038
ta_50x20,ta,50x20,17,4,29,500,500,0.058
ta_50x20,ta,50x20,17,5,22,500,500,0.044
ta_50x20,ta,50x20,17,6,31,500,500,0.062
ta_50x20,ta,50x20,17,7,29,500,500,0.058
ta_50x20,ta,50x20,17,8,32,500,500,0.064
ta_50x20,ta,50x20,17,9,29,500,500,0.058
ta_50x20,ta,50x20,17,10,26,500,500,0.052
ta_50x20,ta,50x20,17,11,27,500,500,0.054
ta_50x20,ta,50x20,17,12,29,500,500,0.058
ta_50x20,ta,50x20,17,13,32,500,500,0.064
ta_50x20,ta,50x20,17,14,27,500,500,0.054
ta_50x20,ta,50x20,17,15,15,500,500,0.03
ta_50x20,ta,50x20,17,16,27,500,500,0.054
ta_50x20,ta,50x20,17,17,28,500,500,0.056
ta_50x20,ta,50x20,17,18,20,500,500,0.04
ta_50x20,ta,50x20,17,19,14,500,500,0.028
ta_50x20,ta,50x20,18,0,29,500,500,0.058
ta_50x20,ta,50x20,18,1,19,500,500,0.038
ta_50x20,ta,50x20,18,2,30,500,500,0.06
ta_50x20,ta,50x20,18,3,26,500,500,0.052
ta_50x20,ta,50x20,18,4,26,500,500,0.052
ta_50x20,ta,50x20,18,5,16,500,500,0.032
ta_50x20,ta,50x20,18,6,19,500,500,0.038
ta_50x20,ta,50x20,18,7,27,500,500,0.054
ta_50x20,ta,50x20,18,8,36,500,500,0.072
ta_50x20,ta,50x20,18,9,25,500,500,0.05
ta_50x20,ta,50x20,18,10,24,500,500,0.048
ta_50x20,ta,50x20,18,11,14,500,500,0.028
ta_50x20,ta,50x20,18,12,24,500,500,0.048
ta_50x20,ta,50x20,18,13,28,500,500,0.056
ta_50x20,ta,50x20,18,14,26,500,500,0.052
ta_50x20,ta,50x20,18,15,28,500,500,0.056
ta_50x20,ta,50x20,18,16,22,500,500,0.044
ta_50x20,ta,50x20,18,17,25,500,500,0.05
ta_50x20,ta,50x20,18,18,24,500,500,0.048
ta_50x20,ta,50x20,18,19,32,500,500,0.064
ta_50x20,ta,50x20,19,0,23,500,500,0.046
ta_50x20,ta,50x20,19,1,25,500,500,0.05
ta_50x20,ta,50x20,19,2,24,500,500,0.048
ta_50x20,ta,50x20,19,3,34,500,500,0.068
ta_50x20,ta,50x20,19,4,25,500,500,0.05
ta_50x20,ta,50x20,19,5,29,500,500,0.058
ta_50x20,ta,50x20,19,6,25,500,500,0.05
ta_50x20,ta,50x20,19,7,22,500,500,0.044
ta_50x20,ta,50x20,19,8,29,500,500,0.058
ta_50x20,ta,50x20,19,9,19,500,500,0.038
ta_50x20,ta,50x20,19,10,29,500,500,0.058
ta_50x20,ta,50x20,19,11,21,500,500,0.042
ta_50x20,ta,50x20,19,12,23,500,500,0.046
ta_50x20,ta,50x20,19,13,30,500,500,0.06
ta_50x20,ta,50x20,19,14,22,500,500,0.044
ta_50x20,ta,50x20,19,15,31,500,500,0.062
ta_50x20,ta,50x20,19,16,23,500,500,0.046
ta_50x20,ta,50x20,19,17,23,500,500,0.046
ta_50x20,ta,50x20,19,18,22,500,500,0.044
ta_50x20,ta,50x20,19,19,21,500,500,0.042
yn_20x20,yn,20x20,0,0,4,80,80,0.05
yn_20x20,yn,20x20,0,1,3,80,80,0.0375
yn_20x20,yn,20x20,0,2,1,80,80,0.0125
yn_20x20,yn,20x20,0,3,2,80,80,0.025
yn_20x20,yn,20x20,0,4,8,80,80,0.1
yn_20x20,yn,20x20,0,5,5,80,80,0.0625
yn_20x20,yn,20x20,0,6,2,80,80,0.025
yn_20x20,yn,20x20,0,7,5,80,80,0.0625
yn_20x20,yn,20x20,0,8,2,80,80,0.025
yn_20x20,yn,20x20,0,9,8,80,80,0.1
yn_20x20,yn,20x20,0,10,2,80,80,0.025
yn_20x20,yn,20x20,0,11,2,80,80,0.025
yn_20x20,yn,20x20,0,12,2,80,80,0.025
yn_20x20,yn,20x20,0,13,6,80,80,0.075
yn_20x20,yn,20x20,0,14,3,80,80,0.0375
yn_20x20,yn,20x20,0,15,1,80,80,0.0125
yn_20x20,yn,20x20,0,16,8,80,80,0.1
yn_20x20,yn,20x20,0,17,7,80,80,0.0875
yn_20x20,yn,20x20,0,18,6,80,80,0.075
yn_20x20,yn,20x20,0,19,3,80,80,0.0375
yn_20x20,yn,20x20,1,0,2,80,80,0.025
yn_20x20,yn,20x20,1,1,9,80,80,0.1125
yn_20x20,yn,20x20,1,2,6,80,80,0.075
yn_20x20,yn,20x20,1,3,5,80,80,0.0625
yn_20x20,yn,20x20,1,4,3,80,80,0.0375
yn_20x20,yn,20x20,1,5,6,80,80,0.075
yn_20x20,yn,20x20,1,6,10,80,80,0.125
yn_20x20,yn,20x20,1,7,4,80,80,0.05
yn_20x20,yn,20x20,1,8,2,80,80,0.025
yn_20x20,yn,20x20,1,9,2,80,80,0.025
yn_20x20,yn,20x20,1,10,5,80,80,0.0625
yn_20x20,yn,20x20,1,11,3,80,80,0.0375
yn_20x20,yn,20x20,1,12,3,80,80,0.0375
yn_20x20,yn,20x20,1,13,3,80,80,0.0375
yn_20x20,yn,20x20,1,14,0,80,80,0.0
yn_20x20,yn,20x20,1,15,2,80,80,0.025
yn_20x20,yn,20x20,1,16,5,80,80,0.0625
yn_20x20,yn,20x20,1,17,6,80,80,0.075
yn_20x20,yn,20x20,1,18,1,80,80,0.0125
yn_20x20,yn,20x20,1,19,3,80,80,0.0375
yn_20x20,yn,20x20,2,0,3,80,80,0.0375
yn_20x20,yn,20x20,2,1,4,80,80,0.05
yn_20x20,yn,20x20,2,2,4,80,80,0.05
yn_20x20,yn,20x20,2,3,5,80,80,0.0625
yn_20x20,yn,20x20,2,4,5,80,80,0.0625
yn_20x20,yn,20x20,2,5,5,80,80,0.0625
yn_20x20,yn,20x20,2,6,2,80,80,0.025
yn_20x20,yn,20x20,2,7,5,80,80,0.0625
yn_20x20,yn,20x20,2,8,6,80,80,0.075
yn_20x20,yn,20x20,2,9,2,80,80,0.025
yn_20x20,yn,20x20,2,10,1,80,80,0.0125
yn_20x20,yn,20x20,2,11,6,80,80,0.075
yn_20x20,yn,20x20,2,12,4,80,80,0.05
yn_20x20,yn,20x20,2,13,4,80,80,0.05
yn_20x20,yn,20x20,2,14,5,80,80,0.0625
yn_20x20,yn,20x20,2,15,6,80,80,0.075
yn_20x20,yn,20x20,2,16,4,80,80,0.05
yn_20x20,yn,20x20,2,17,6,80,80,0.075
yn_20x20,yn,20x20,2,18,2,80,80,0.025
yn_20x20,yn,20x20,2,19,1,80,80,0.0125
yn_20x20,yn,20x20,3,0,5,80,80,0.0625
yn_20x20,yn,20x20,3,1,1,80,80,0.0125
yn_20x20,yn,20x20,3,2,6,80,80,0.075
yn_20x20,yn,20x20,3,3,2,80,80,0.025
yn_20x20,yn,20x20,3,4,2,80,80,0.025
yn_20x20,yn,20x20,3,5,6,80,80,0.075
yn_20x20,yn,20x20,3,6,9,80,80,0.1125
yn_20x20,yn,20x20,3,7,7,80,80,0.0875
yn_20x20,yn,20x20,3,8,3,80,80,0.0375
yn_20x20,yn,20x20,3,9,4,80,80,0.05
yn_20x20,yn,20x20,3,10,3,80,80,0.0375
yn_20x20,yn,20x20,3,11,1,80,80,0.0125
yn_20x20,yn,20x20,3,12,2,80,80,0.025
yn_20x20,yn,20x20,3,13,3,80,80,0.0375
yn_20x20,yn,20x20,3,14,2,80,80,0.025
yn_20x20,yn,20x20,3,15,7,80,80,0.0875
yn_20x20,yn,20x20,3,16,8,80,80,0.1
yn_20x20,yn,20x20,3,17,5,80,80,0.0625
yn_20x20,yn,20x20,3,18,4,80,80,0.05
yn_20x20,yn,20x20,3,19,0,80,80,0.0
yn_20x20,yn,20x20,4,0,10,80,80,0.125
yn_20x20,yn,20x20,4,1,5,80,80,0.0625
yn_20x20,yn,20x20,4,2,5,80,80,0.0625
yn_20x20,yn,20x20,4,3,4,80,80,0.05
yn_20x20,yn,20x20,4,4,4,80,80,0.05
yn_20x20,yn,20x20,4,5,1,80,80,0.0125
yn_20x20,yn,20x20,4,6,3,80,80,0.0375
yn_20x20,yn,20x20,4,7,4,80,80,0.05
yn_20x20,yn,20x20,4,8,4,80,80,0.05
yn_20x20,yn,20x20,4,9,4,80,80,0.05
yn_20x20,yn,20x20,4,10,5,80,80,0.0625
yn_20x20,yn,20x20,4,11,1,80,80,0.0125
yn_20x20,yn,20x20,4,12,6,80,80,0.075
yn_20x20,yn,20x20,4,13,11,80,80,0.1375
yn_20x20,yn,20x20,4,14,3,80,80,0.0375
yn_20x20,yn,20x20,4,15,1,80,80,0.0125
yn_20x20,yn,20x20,4,16,1,80,80,0.0125
yn_20x20,yn,20x20,4,17,2,80,80,0.025
yn_20x20,yn,20x20,4,18,5,80,80,0.0625
yn_20x20,yn,20x20,4,19,1,80,80,0.0125
yn_20x20,yn,20x20,5,0,3,80,80,0.0375
yn_20x20,yn,20x20,5,1,2,80,80,0.025
yn_20x20,yn,20x20,5,2,5,80,80,0.0625
yn_20x20,yn,20x20,5,3,5,80,80,0.0625
yn_20x20,yn,20x20,5,4,2,80,80,0.025
yn_20x20,yn,20x20,5,5,4,80,80,0.05
yn_20x20,yn,20x20,5,6,3,80,80,0.0375
yn_20x20,yn,20x20,5,7,4,80,80,0.05
yn_20x20,yn,20x20,5,8,6,80,80,0.075
yn_20x20,yn,20x20,5,9,3,80,80,0.0375
yn_20x20,yn,20x20,5,10,3,80,80,0.0375
yn_20x20,yn,20x20,5,11,1,80,80,0.0125
yn_20x20,yn,20x20,5,12,6,80,80,0.075
yn_20x20,yn,20x20,5,13,6,80,80,0.075
yn_20x20,yn,20x20,5,14,9,80,80,0.1125
yn_20x20,yn,20x20,5,15,6,80,80,0.075
yn_20x20,yn,20x20,5,16,5,80,80,0.0625
yn_20x20,yn,20x20,5,17,2,80,80,0.025
yn_20x20,yn,20x20,5,18,2,80,80,0.025
yn_20x20,yn,20x20,5,19,3,80,80,0.0375
yn_20x20,yn,20x20,6,0,2,80,80,0.025
yn_20x20,yn,20x20,6,1,8,80,80,0.1
yn_20x20,yn,20x20,6,2,4,80,80,0.05
yn_20x20,yn,20x20,6,3,6,80,80,0.075
yn_20x20,yn,20x20,6,4,3,80,80,0.0375
yn_20x20,yn,20x20,6,5,2,80,80,0.025
yn_20x20,yn,20x20,6,6,2,80,80,0.025
yn_20x20,yn,20x20,6,7,5,80,80,0.0625
yn_20x20,yn,20x20,6,8,3,80,80,0.0375
yn_20x20,yn,20x20,6,9,6,80,80,0.075
yn_20x20,yn,20x20,6,10,7,80,80,0.0875
yn_20x20,yn,20x20,6,11,6,80,80,0.075
yn_20x20,yn,20x20,6,12,5,80,80,0.0625
yn_20x20,yn,20x20,6,13,0,80,80,0.0
yn_20x20,yn,20x20,6,14,3,80,80,0.0375
yn_20x20,yn,20x20,6,15,1,80,80,0.0125
yn_20x20,yn,20x20,6,16,5,80,80,0.0625
yn_20x20,yn,20x20,6,17,4,80,80,0.05
yn_20x20,yn,20x20,6,18,4,80,80,0.05
yn_20x20,yn,20x20,6,19,4,80,80,0.05
yn_20x20,yn,20x20,7,0,6,80,80,0.075
yn_20x20,yn,20x20,7,1,1,80,80,0.0125
yn_20x20,yn,20x20,7,2,4,80,80,0.05
yn_20x20,yn,20x20,7,3,4,80,80,0.05
yn_20x20,yn,20x20,7,4,3,80,80,0.0375
yn_20x20,yn,20x20,7,5,1,80,80,0.0125
yn_20x20,yn,20x20,7,6,5,80,80,0.0625
yn_20x20,yn,20x20,7,7,2,80,80,0.025
yn_20x20,yn,20x20,7,8,8,80,80,0.1
yn_20x20,yn,20x20,7,9,2,80,80,0.025
yn_20x20,yn,20x20,7,10,6,80,80,0.075
yn_20x20,yn,20x20,7,11,3,80,80,0.0375
yn_20x20,yn,20x20,7,12,5,80,80,0.0625
yn_20x20,yn,20x20,7,13,5,80,80,0.0625
yn_20x20,yn,20x20,7,14,3,80,80,0.0375
yn_20x20,yn,20x20,7,15,4,80,80,0.05
yn_20x20,yn,20x20,7,16,1,80,80,0.0125
yn_20x20,yn,20x20,7,17,1,80,80,0.0125
yn_20x20,yn,20x20,7,18,6,80,80,0.075
yn_20x20,yn,20x20,7,19,10,80,80,0.125
yn_20x20,yn,20x20,8,0,3,80,80,0.0375
yn_20x20,yn,20x20,8,1,5,80,80,0.0625
yn_20x20,yn,20x20,8,2,4,80,80,0.05
yn_20x20,yn,20x20,8,3,5,80,80,0.0625
yn_20x20,yn,20x20,8,4,3,80,80,0.0375
yn_20x20,yn,20x20,8,5,0,80,80,0.0
yn_20x20,yn,20x20,8,6,10,80,80,0.125
yn_20x20,yn,20x20,8,7,9,80,80,0.1125
yn_20x20,yn,20x20,8,8,0,80,80,0.0
yn_20x20,yn,20x20,8,9,5,80,80,0.0625
yn_20x20,yn,20x20,8,10,2,80,80,0.025
yn_20x20,yn,20x20,8,11,0,80,80,0.0
yn_20x20,yn,20x20,8,12,4,80,80,0.05
yn_20x20,yn,20x20,8,13,10,80,80,0.125
yn_20x20,yn,20x20,8,14,4,80,80,0.05
yn_20x20,yn,20x20,8,15,3,80,80,0.0375
yn_20x20,yn,20x20,8,16,4,80,80,0.05
yn_20x20,yn,20x20,8,17,3,80,80,0.0375
yn_20x20,yn,20x20,8,18,3,80,80,0.0375
yn_20x20,yn,20x20,8,19,3,80,80,0.0375
yn_20x20,yn,20x20,9,0,1,80,80,0.0125
yn_20x20,yn,20x20,9,1,2,80,80,0.025
yn_20x20,yn,20x20,9,2,2,80,80,0.025
yn_20x20,yn,20x20,9,3,7,80,80,0.0875
yn_20x20,yn,20x20,9,4,6,80,80,0.075
yn_20x20,yn,20x20,9,5,3,80,80,0.0375
yn_20x20,yn,20x20,9,6,3,80,80,0.0375
yn_20x20,yn,20x20,9,7,5,80,80,0.0625
yn_20x20,yn,20x20,9,8,5,80,80,0.0625
yn_20x20,yn,20x20,9,9,1,80,80,0.0125
yn_20x20,yn,20x20,9,10,5,80,80,0.0625
yn_20x20,yn,20x20,9,11,9,80,80,0.1125
yn_20x20,yn,20x20,9,12,5,80,80,0.0625
yn_20x20,yn,20x20,9,13,4,80,80,0.05
yn_20x20,yn,20x20,9,14,0,80,80,0.0
yn_20x20,yn,20x20,9,15,5,80,80,0.0625
yn_20x20,yn,20x20,9,16,4,80,80,0.05
yn_20x20,yn,20x20,9,17,4,80,80,0.05
yn_20x20,yn,20x20,9,18,5,80,80,0.0625
yn_20x20,yn,20x20,9,19,4,80,80,0.05
yn_20x20,yn,20x20,10,0,1,80,80,0.0125
yn_20x20,yn,20x20,10,1,3,80,80,0.0375
yn_20x20,yn,20x20,10,2,4,80,80,0.05
yn_20x20,yn,20x20,10,3,6,80,80,0.075
yn_20x20,yn,20x20,10,4,3,80,80,0.0375
yn_20x20,yn,20x20,10,5,8,80,80,0.1
yn_20x20,yn,20x20,10,6,3,80,80,0.0375
yn_20x20,yn,20x20,10,7,7,80,80,0.0875
yn_20x20,yn,20x20,10,8,0,80,80,0.0
yn_20x20,yn,20x20,10,9,3,80,80,0.0375
yn_20x20,yn,20x20,10,10,5,80,80,0.0625
yn_20x20,yn,20x20,10,11,6,80,80,0.075
yn_20x20,yn,20x20,10,12,3,80,80,0.0375
yn_20x20,yn,20x20,10,13,5,80,80,0.0625
yn_20x20,yn,20x20,10,14,5,80,80,0.0625
yn_20x20,yn,20x20,10,15,4,80,80,0.05
yn_20x20,yn,20x20,10,16,2,80,80,0.025
yn_20x20,yn,20x20,10,17,4,80,80,0.05
yn_20x20,yn,20x20,10,18,6,80,80,0.075
yn_20x20,yn,20x20,10,19,2,80,80,0.025
yn_20x20,yn,20x20,11,0,6,80,80,0.075
yn_20x20,yn,20x20,11,1,3,80,80,0.0375
yn_20x20,yn,20x20,11,2,10,80,80,0.125
yn_20x20,yn,20x20,11,3,2,80,80,0.025
yn_20x20,yn,20x20,11,4,7,80,80,0.0875
yn_20x20,yn,20x20,11,5,6,80,80,0.075
yn_20x20,yn,20x20,11,6,1,80,80,0.0125
yn_20x20,yn,20x20,11,7,2,80,80,0.025
yn_20x20,yn,20x20,11,8,4,80,80,0.05
yn_20x20,yn,20x20,11,9,4,80,80,0.05
yn_20x20,yn,20x20,11,10,5,80,80,0.0625
yn_20x20,yn,20x20,11,11,3,80,80,0.0375
yn_20x20,yn,20x20,11,12,0,80,80,0.0
yn_20x20,yn,20x20,11,13,4,80,80,0.05
yn_20x20,yn,20x20,11,14,4,80,80,0.05
yn_20x20,yn,20x20,11,15,0,80,80,0.0
yn_20x20,yn,20x20,11,16,6,80,80,0.075
yn_20x20,yn,20x20,11,17,6,80,80,0.075
yn_20x20,yn,20x20,11,18,3,80,80,0.0375
yn_20x20,yn,20x20,11,19,4,80,80,0.05
yn_20x20,yn,20x20,12,0,5,80,80,0.0625
yn_20x20,yn,20x20,12,1,4,80,80,0.05
yn_20x20,yn,20x20,12,2,1,80,80,0.0125
yn_20x20,yn,20x20,12,3,8,80,80,0.1
yn_20x20,yn,20x20,12,4,2,80,80,0.025
yn_20x20,yn,20x20,12,5,1,80,80,0.0125
yn_20x20,yn,20x20,12,6,5,80,80,0.0625
yn_20x20,yn,20x20,12,7,3,80,80,0.0375
yn_20x20,yn,20x20,12,8,4,80,80,0.05
yn_20x20,yn,20x20,12,9,6,80,80,0.075
yn_20x20,yn,20x20,12,10,4,80,80,0.05
yn_20x20,yn,20x20,12,11,8,80,80,0.1
yn_20x20,yn,20x20,12,12,2,80,80,0.025
yn_20x20,yn,20x20,12,13,1,80,80,0.0125
yn_20x20,yn,20x20,12,14,4,80,80,0.05
yn_20x20,yn,20x20,12,15,4,80,80,0.05
yn_20x20,yn,20x20,12,16,6,80,80,0.075
yn_20x20,yn,20x20,12,17,4,80,80,0.05
yn_20x20,yn,20x20,12,18,4,80,80,0.05
yn_20x20,yn,20x20,12,19,4,80,80,0.05
yn_20x20,yn,20x20,13,0,5,80,80,0.0625
yn_20x20,yn,20x20,13,1,5,80,80,0.0625
yn_20x20,yn,20x20,13,2,5,80,80,0.0625
yn_20x20,yn,20x20,13,3,5,80,80,0.0625
yn_20x20,yn,20x20,13,4,6,80,80,0.075
yn_20x20,yn,20x20,13,5,7,80,80,0.0875
yn_20x20,yn,20x20,13,6,3,80,80,0.0375
yn_20x20,yn,20x20,13,7,2,80,80,0.025
yn_20x20,yn,20x20,13,8,6,80,80,0.075
yn_20x20,yn,20x20,13,9,2,80,80,0.025
yn_20x20,yn,20x20,13,10,5,80,80,0.0625
yn_20x20,yn,20x20,13,11,3,80,80,0.0375
yn_20x20,yn,20x20,13,12,3,80,80,0.0375
yn_20x20,yn,20x20,13,13,6,80,80,0.075
yn_20x20,yn,20x20,13,14,9,80,80,0.1125
yn_20x20,yn,20x20,13,15,4,80,80,0.05
yn_20x20,yn,20x20,13,16,0,80,80,0.0
yn_20x20,yn,20x20,13,17,2,80,80,0.025
yn_20x20,yn,20x20,13,18,1,80,80,0.0125
yn_20x20,yn,20x20,13,19,1,80,80,0.0125
yn_20x20,yn,20x20,14,0,4,80,80,0.05
yn_20x20,yn,20x20,14,1,6,80,80,0.075
yn_20x20,yn,20x20,14,2,6,80,80,0.075
yn_20x20,yn,20x20,14,3,1,80,80,0.0125
yn_20x20,yn,20x20,14,4,3,80,80,0.0375
yn_20x20,yn,20x20,14,5,4,80,80,0.05
yn_20x20,yn,20x20,14,6,0,80,80,0.0
yn_20x20,yn,20x20,14,7,3,80,80,0.0375
yn_20x20,yn,20x20,14,8,4,80,80,0.05
yn_20x20,yn,20x20,14,9,4,80,80,0.05
yn_20x20,yn,20x20,14,10,5,80,80,0.0625
yn_20x20,yn,20x20,14,11,2,80,80,0.025
yn_20x20,yn,20x20,14,12,3,80,80,0.0375
yn_20x20,yn,20x20,14,13,2,80,80,0.025
yn_20x20,yn,20x20,14,14,11,80,80,0.1375
yn_20x20,yn,20x20,14,15,7,80,80,0.0875
yn_20x20,yn,20x20,14,16,2,80,80,0.025
yn_20x20,yn,20x20,14,17,9,80,80,0.1125
yn_20x20,yn,20x20,14,18,3,80,80,0.0375
yn_20x20,yn,20x20,14,19,1,80,80,0.0125
yn_20x20,yn,20x20,15,0,1,80,80,0.0125
yn_20x20,yn,20x20,15,1,6,80,80,0.075
yn_20x20,yn,20x20,15,2,3,80,80,0.0375
yn_20x20,yn,20x20,15,3,2,80,80,0.025
yn_20x20,yn,20x20,15,4,4,80,80,0.05
yn_20x20,yn,20x20,15,5,7,80,80,0.0875
yn_20x20,yn,20x20,15,6,9,80,80,0.1125
yn_20x20,yn,20x20,15,7,2,80,80,0.025
yn_20x20,yn,20x20,15,8,4,80,80,0.05
yn_20x20,yn,20x20,15,9,3,80,80,0.0375
yn_20x20,yn,20x20,15,10,3,80,80,0.0375
yn_20x20,yn,20x20,15,11,4,80,80,0.05
yn_20x20,yn,20x20,15,12,2,80,80,0.025
yn_20x20,yn,20x20,15,13,3,80,80,0.0375
yn_20x20,yn,20x20,15,14,1,80,80,0.0125
yn_20x20,yn,20x20,15,15,11,80,80,0.1375
yn_20x20,yn,20x20,15,16,4,80,80,0.05
yn_20x20,yn,20x20,15,17,6,80,80,0.075
yn_20x20,yn,20x20,15,18,5,80,80,0.0625
yn_20x20,yn,20x20,15,19,0,80,80,0.0
yn_20x20,yn,20x20,16,0,4,80,80,0.05
yn_20x20,yn,20x20,16,1,5,80,80,0.0625
yn_20x20,yn,20x20,16,2,3,80,80,0.0375
yn_20x20,yn,20x20,16,3,3,80,80,0.0375
yn_20x20,yn,20x20,16,4,3,80,80,0.0375
yn_20x20,yn,20x20,16,5,3,80,80,0.0375
yn_20x20,yn,20x20,16,6,1,80,80,0.0125
yn_20x20,yn,20x20,16,7,0,80,80,0.0
yn_20x20,yn,20x20,16,8,8,80,80,0.1
yn_20x20,yn,20x20,16,9,3,80,80,0.0375
yn_20x20,yn,20x20,16,10,4,80,80,0.05
yn_20x20,yn,20x20,16,11,10,80,80,0.125
yn_20x20,yn,20x20,16,12,5,80,80,0.0625
yn_20x20,yn,20x20,16,13,5,80,80,0.0625
yn_20x20,yn,20x20,16,14,5,80,80,0.0625
yn_20x20,yn,20x20,16,15,3,80,80,0.0375
yn_20x20,yn,20x20,16,16,3,80,80,0.0375
yn_20x20,yn,20x20,16,17,3,80,80,0.0375
yn_20x20,yn,20x20,16,18,5,80,80,0.0625
yn_20x20,yn,20x20,16,19,4,80,80,0.05
yn_20x20,yn,20x20,17,0,10,80,80,0.125
yn_20x20,yn,20x20,17,1,4,80,80,0.05
yn_20x20,yn,20x20,17,2,3,80,80,0.0375
yn_20x20,yn,20x20,17,3,2,80,80,0.025
yn_20x20,yn,20x20,17,4,4,80,80,0.05
yn_20x20,yn,20x20,17,5,5,80,80,0.0625
yn_20x20,yn,20x20,17,6,4,80,80,0.05
yn_20x20,yn,20x20,17,7,2,80,80,0.025
yn_20x20,yn,20x20,17,8,4,80,80,0.05
yn_20x20,yn,20x20,17,9,5,80,80,0.0625
yn_20x20,yn,20x20,17,10,6,80,80,0.075
yn_20x20,yn,20x20,17,11,4,80,80,0.05
yn_20x20,yn,20x20,17,12,7,80,80,0.0875
yn_20x20,yn,20x20,17,13,1,80,80,0.0125
yn_20x20,yn,20x20,17,14,4,80,80,0.05
yn_20x20,yn,20x20,17,15,2,80,80,0.025
yn_20x20,yn,20x20,17,16,4,80,80,0.05
yn_20x20,yn,20x20,17,17,1,80,80,0.0125
yn_20x20,yn,20x20,17,18,5,80,80,0.0625
yn_20x20,yn,20x20,17,19,3,80,80,0.0375
yn_20x20,yn,20x20,18,0,4,80,80,0.05
yn_20x20,yn,20x20,18,1,2,80,80,0.025
yn_20x20,yn,20x20,18,2,3,80,80,0.0375
yn_20x20,yn,20x20,18,3,1,80,80,0.0125
yn_20x20,yn,20x20,18,4,6,80,80,0.075
yn_20x20,yn,20x20,18,5,3,80,80,0.0375
yn_20x20,yn,20x20,18,6,3,80,80,0.0375
yn_20x20,yn,20x20,18,7,8,80,80,0.1
yn_20x20,yn,20x20,18,8,4,80,80,0.05
yn_20x20,yn,20x20,18,9,10,80,80,0.125
yn_20x20,yn,20x20,18,10,4,80,80,0.05
yn_20x20,yn,20x20,18,11,3,80,80,0.0375
yn_20x20,yn,20x20,18,12,10,80,80,0.125
yn_20x20,yn,20x20,18,13,1,80,80,0.0125
yn_20x20,yn,20x20,18,14,3,80,80,0.0375
yn_20x20,yn,20x20,18,15,5,80,80,0.0625
yn_20x20,yn,20x20,18,16,2,80,80,0.025
yn_20x20,yn,20x20,18,17,0,80,80,0.0
yn_20x20,yn,20x20,18,18,3,80,80,0.0375
yn_20x20,yn,20x20,18,19,5,80,80,0.0625
yn_20x20,yn,20x20,19,0,1,80,80,0.0125
yn_20x20,yn,20x20,19,1,2,80,80,0.025
yn_20x20,yn,20x20,19,2,1,80,80,0.0125
yn_20x20,yn,20x20,19,3,5,80,80,0.0625
yn_20x20,yn,20x20,19,4,3,80,80,0.0375
yn_20x20,yn,20x20,19,5,3,80,80,0.0375
yn_20x20,yn,20x20,19,6,2,80,80,0.025
yn_20x20,yn,20x20,19,7,1,80,80,0.0125
yn_20x20,yn,20x20,19,8,3,80,80,0.0375
yn_20x20,yn,20x20,19,9,3,80,80,0.0375
yn_20x20,yn,20x20,19,10,0,80,80,0.0
yn_20x20,yn,20x20,19,11,5,80,80,0.0625
yn_20x20,yn,20x20,19,12,3,80,80,0.0375
yn_20x20,yn,20x20,19,13,0,80,80,0.0
yn_20x20,yn,20x20,19,14,2,80,80,0.025
yn_20x20,yn,20x20,19,15,4,80,80,0.05
yn_20x20,yn,20x20,19,16,6,80,80,0.075
yn_20x20,yn,20x20,19,17,5,80,80,0.0625
yn_20x20,yn,20x20,19,18,7,80,80,0.0875
yn_20x20,yn,20x20,19,19,24,80,80,0.3
