instance_id,jobs,machines,complexity_0_1,category,s_iforest,s_lof,s_mahalanobis,s_knn,complexity_prior_0_1,blend_w_unsup,blend_w_prior,blend_w_sup
10-10-0.pt,10,10,0.05695695432354365,easy,0.26685882287057205,0.12091873943540263,0.0005822668375709175,0.02134066466331898,0.35848715033272543,0.7,0.3,0.0
10-11-0.pt,10,11,0.02463398974352643,easy,0.21211121067516892,0.08752588370762028,0.00048646991508812117,0.014732487581790951,0.3709677708534326,0.7,0.3,0.0
10-12-0.pt,10,12,0.01764751659211909,easy,0.20387482688135045,0.058998464928455056,0.0004154708331663733,0.019475066414279946,0.3824141247444691,0.7,0.3,0.0
10-13-0.pt,10,13,0.06276554480168871,easy,0.2116938347613116,0.14302627361806328,0.0003598503412533309,0.022721620337782484,0.39318255983233086,0.7,0.3,0.0
10-14-0.pt,10,14,0.0598486321037973,easy,0.160477631095874,0.17490583771010654,0.0003153424597524441,0.021845823680918874,0.40313751109471707,0.7,0.3,0.0
10-15-0.pt,10,15,0.051323890737397605,easy,0.19370695296211518,0.10996305386408553,0.00027713955913328294,0.020237235495309393,0.4127282495588075,0.7,0.3,0.0
10-16-0.pt,10,16,0.029833177918078074,easy,0.153610468382176,0.09164559181154965,0.00024024648635809914,0.014978818951502711,0.4215165704167643,0.7,0.3,0.0
10-17-0.pt,10,17,0.06091556116788646,easy,0.18145717688531154,0.12401950658275421,0.00021201049791515686,0.019003442533746813,0.42988278778715594,0.7,0.3,0.0
10-18-0.pt,10,18,0.06064834416935571,easy,0.15979707722036054,0.13933112531369024,0.00018499418821101026,0.014418126510439203,0.43766655306784197,0.7,0.3,0.0
10-19-0.pt,10,19,0.031238212651398315,easy,0.13362063448349085,0.0912336763189615,0.00015689398906460484,0.007722266423355572,0.44502279096820474,0.7,0.3,0.0
10-2-0.pt,10,2,0.20292786790153883,hard,0.730504536922637,0.10645391047134711,0.06723026842604435,0.10329815694152722,0.174223712437981,0.7,0.3,0.0
10-20-0.pt,10,20,0.020091240365172743,easy,0.12170068947374468,0.06638358958852833,0.00013836247698175428,0.007910279912661255,0.45226446867821807,0.7,0.3,0.0
10-21-0.pt,10,21,0.05023213666335583,easy,0.12489622219501459,0.12280936640721228,0.00012365490142368478,0.012065403590294156,0.45925285108790054,0.7,0.3,0.0
10-22-0.pt,10,22,0.04193418761798882,easy,0.13256694861882115,0.09022732242499186,0.00010699751659167228,0.00815324334568843,0.46584683747313654,0.7,0.3,0.0
10-23-0.pt,10,23,0.049545676908673945,easy,0.13542473026186147,0.09833274335721857,9.334245571427612e-05,0.007158037646869419,0.47225120575490254,0.7,0.3,0.0
10-24-0.pt,10,24,0.07863615144416239,easy,0.12758926377819937,0.1624614486617807,8.21429498505651e-05,0.013202032818984334,0.4784025057214432,0.7,0.3,0.0
10-25-0.pt,10,25,0.07916816555740447,easy,0.11019422730548357,0.17239630387557892,7.438650244694023e-05,0.014035505009152136,0.48438242871597387,0.7,0.3,0.0
10-26-0.pt,10,26,0.044327076746679794,easy,0.09864280816195001,0.09915770048745753,6.699897866822964e-05,0.006249066342784503,0.49055270453358235,0.7,0.3,0.0
10-27-0.pt,10,27,0.04785704291444339,easy,0.10144246066549005,0.0951339598073316,5.889624059653311e-05,0.008638540113983458,0.49613359467064977,0.7,0.3,0.0
10-28-0.pt,10,28,0.05079135769267789,easy,0.09685722733168181,0.09557584554055411,5.3495539939785464e-05,0.012834752466369722,0.5014629780256705,0.7,0.3,0.0
10-29-0.pt,10,29,0.053556551353925584,easy,0.10349679832746428,0.09072023866481495,4.829220135998698e-05,0.010791452967161453,0.5067186093135815,0.7,0.3,0.0
10-3-0.pt,10,3,0.13753957409099107,medium,0.558110696263366,0.14436664558630385,0.020289964210375978,0.07079924566486354,0.2161155585046861,0.7,0.3,0.0
10-30-0.pt,10,30,0.06852968837644217,easy,0.12302686952978159,0.1043180280121622,4.366548334015087e-05,0.007476882258274401,0.5115988057192562,0.7,0.3,0.0
10-31-0.pt,10,31,0.06698120392878232,easy,0.11703473478917513,0.09975453010158133,4.009086171909173e-05,0.007585571190937266,0.5166547258204383,0.7,0.3,0.0
10-32-0.pt,10,32,0.09253116133057157,medium,0.13916760310097775,0.13107896321351165,3.7506936171099595e-05,0.009713035702918376,0.5214221444793377,0.7,0.3,0.0
10-33-0.pt,10,33,0.057458827524749,easy,0.13287589967379215,0.0472451855296036,3.562293523671982e-05,0.008644944424199896,0.526121755081723,0.7,0.3,0.0
10-34-0.pt,10,34,0.07416737192441279,easy,0.11068724414542991,0.1016480148013446,3.406214311210508e-05,0.01042349001261299,0.5310184155249523,0.7,0.3,0.0
10-35-0.pt,10,35,0.07229831827371483,easy,0.11725368190228067,0.08293044339333241,3.308078628563286e-05,0.011572080451083018,0.535905560831387,0.7,0.3,0.0
10-36-0.pt,10,36,0.07986447471694827,easy,0.11274943783460879,0.10146590254778785,3.182526468859133e-05,0.010072618396804478,0.5402827624986735,0.7,0.3,0.0
10-37-0.pt,10,37,0.07654442526492652,easy,0.10611217553153511,0.0930901512771988,3.109478009345729e-05,0.011377007162523002,0.5445590023667422,0.7,0.3,0.0
10-38-0.pt,10,38,0.10421279681798927,medium,0.16047390546047352,0.1054433034320736,3.045365469791285e-05,0.006863129187156791,0.5482049255850003,0.7,0.3,0.0
10-39-0.pt,10,39,0.10585050689425692,medium,0.1600449619598385,0.10272823605314028,3.008406204354082e-05,0.008262760138353198,0.5525161717611541,0.7,0.3,0.0
10-4-0.pt,10,4,0.09903425217973141,medium,0.47312508871104714,0.11259689836618615,0.009105595714046155,0.06320795463758487,0.24799914169352436,0.7,0.3,0.0
10-40-0.pt,10,40,0.1226020859614414,medium,0.16710862131833495,0.12922906562072328,2.9856766215070456e-05,0.00981123452105911,0.5566450404128664,0.7,0.3,0.0
10-41-0.pt,10,41,0.10874555479567576,medium,0.1532029176976996,0.1073169701424861,2.9676916071217782e-05,0.0064191794646951,0.5609018965085741,0.7,0.3,0.0
10-42-0.pt,10,42,0.10305089323456215,medium,0.16944655094592695,0.07181139325355342,2.97383323657603e-05,0.006602292776456899,0.5648887196006116,0.7,0.3,0.0
10-43-0.pt,10,43,0.0948292380019465,medium,0.17163814382099854,0.04555053097400388,3.0057573269333842e-05,0.005987063312516181,0.5684856179790047,0.7,0.3,0.0
10-44-0.pt,10,44,0.12916624954102385,medium,0.15988391079462322,0.13336796253347308,2.9958306107518534e-05,0.007560399911129746,0.5726747935419132,0.7,0.3,0.0
10-45-0.pt,10,45,0.15289446897708725,medium,0.17437640786830047,0.1712424286439084,3.035406131449326e-05,0.007515110922050179,0.5765717562915873,0.7,0.3,0.0
10-46-0.pt,10,46,0.11031114945289777,medium,0.17448282947000712,0.06707935478027248,3.092005976743876e-05,0.0033067914417084683,0.5804203055882515,0.7,0.3,0.0
10-47-0.pt,10,47,0.12198301318975911,medium,0.19501696223177295,0.07202169249802745,3.123108722413321e-05,0.0014694544719818623,0.5839203744630028,0.7,0.3,0.0
10-48-0.pt,10,48,0.13818451810926421,medium,0.21275548282231346,0.08751550628706606,3.1630741985343637e-05,0.003031201940354408,0.5872836613018364,0.7,0.3,0.0
10-49-0.pt,10,49,0.1706167309291431,hard,0.23958413295695874,0.13125453168865261,3.234811357303438e-05,0.006601088944495253,0.5906301664105897,0.7,0.3,0.0
10-5-0.pt,10,5,0.029229937565538038,easy,0.3814669556479322,0.022830191575089455,0.004325676670924891,0.04629684705494426,0.27366223115821137,0.7,0.3,0.0
10-50-0.pt,10,50,0.15925564926407867,medium,0.2640933016620728,0.07616944152316989,3.281875359284112e-05,0.005165938438940872,0.5940162291193353,0.7,0.3,0.0
10-6-0.pt,10,6,0.037152346949858736,easy,0.3144401819761487,0.09003157455466902,0.002409209388614681,0.03911188879708635,0.29488510050554256,0.7,0.3,0.0
10-7-0.pt,10,7,0.04826976566509313,easy,0.3021762757764729,0.1040951236275021,0.0014483500020419935,0.040154760270226034,0.3137924599052756,0.7,0.3,0.0
10-8-0.pt,10,8,0.029904749901832214,easy,0.31000299081328525,0.048103510282567714,0.0009804645955859722,0.022820701856279404,0.3299997635296463,0.7,0.3,0.0
10-9-0.pt,10,9,0.04885176083505555,easy,0.3056519276861459,0.07644826252686372,0.0007268037484925743,0.025306525490854857,0.3448499546163303,0.7,0.3,0.0
11-10-0.pt,11,10,0.018369455651941112,easy,0.21755256308269305,0.06170015191725664,0.00046078075297591306,0.01976517116507058,0.3711191070964076,0.7,0.3,0.0
11-11-0.pt,11,11,0.02472917486531255,easy,0.20137901159292365,0.08105696403604597,0.00036654793993367863,0.015599485116340156,0.38356002023327046,0.7,0.3,0.0
11-12-0.pt,11,12,0.01738800236736595,easy,0.19543026763900564,0.05024756531448144,0.0003056075181782436,0.01920843586236854,0.39520153886189385,0.7,0.3,0.0
11-13-0.pt,11,13,0.0060723893827677,easy,0.1547125912829661,0.05426214095358012,0.00026210059234372764,0.014012488221480233,0.40616659088795565,0.7,0.3,0.0
11-14-0.pt,11,14,0.031147053292534397,easy,0.1559408457957663,0.09788855196759777,0.00022489389019256207,0.016677873345689268,0.4161777053602821,0.7,0.3,0.0
11-15-0.pt,11,15,0.025829897451275237,easy,0.13115033752961067,0.09350362436585972,0.00019244341293899543,0.02067536820795157,0.4254824367499527,0.7,0.3,0.0
11-16-0.pt,11,16,0.013972161686405197,easy,0.14093020849732676,0.048895499948937535,0.00016631421159356784,0.014690570390876533,0.4346235122278676,0.7,0.3,0.0
11-17-0.pt,11,17,0.005393693963508162,easy,0.1286920646273155,0.034485259334720346,0.00014210680078374468,0.009646953552234019,0.44287522097033627,0.7,0.3,0.0
11-18-0.pt,11,18,0.05088576349295167,easy,0.11943645473980452,0.13959947897845215,0.00012180481288395508,0.013569518193233958,0.4507629275318692,0.7,0.3,0.0
11-19-0.pt,11,19,0.030171379034637284,easy,0.11838342480573634,0.08391697664192212,0.00010516374658964423,0.009725869319734437,0.45862094117169777,0.7,0.3,0.0
11-2-0.pt,11,2,0.16371004562370745,medium,0.7105597229784307,0.031007729305813938,0.0666246262888313,0.08893720659301635,0.1858056245464617,0.7,0.3,0.0
11-20-0.pt,11,20,0.038080753071743904,easy,0.1151086274286771,0.0951012610956095,8.958474589493021e-05,0.01157552548704051,0.46572905074375015,0.7,0.3,0.0
11-21-0.pt,11,21,0.03595029015298834,easy,0.13812994161956604,0.05987987354005524,7.693973726940318e-05,0.00959141943492773,0.47254827604249183,0.7,0.3,0.0
11-22-0.pt,11,22,0.05501250907812612,easy,0.11737360524373514,0.11573544161829115,6.613422855662096e-05,0.011451221215910704,0.47951671670117535,0.7,0.3,0.0
11-23-0.pt,11,23,0.051956980240591366,easy,0.09587378478053246,0.12075231515940378,5.806481527789255e-05,0.011585143020659987,0.48627491948220924,0.7,0.3,0.0
11-24-0.pt,11,24,0.014344278607727008,easy,0.09515805872156853,0.02642407319997328,5.085625177187496e-05,0.007069939773448076,0.49264734171181324,0.7,0.3,0.0
11-25-0.pt,11,25,0.0633018891688331,easy,0.11673357862484385,0.11228838404054985,4.487323271947634e-05,0.010205932006606645,0.4987138134949771,0.7,0.3,0.0
11-26-0.pt,11,26,0.05979364905586492,easy,0.09645821902059429,0.11687790404561833,3.8332694452601366e-05,0.009621272787219238,0.5045838435757024,0.7,0.3,0.0
11-27-0.pt,11,27,0.06655412621178543,easy,0.10509702027795512,0.1177601110797924,3.201313123150801e-05,0.009186172937230643,0.5100923852974133,0.7,0.3,0.0
11-28-0.pt,11,28,0.05003571143106574,easy,0.09830261254199912,0.07858294632560242,2.7856026577717687e-05,0.007979791783647832,0.5154988513152315,0.7,0.3,0.0
11-29-0.pt,11,29,0.08060772532298852,easy,0.1361736276863779,0.1066624468713207,2.5292933729294744e-05,0.009187771005054917,0.5207138262791109,0.7,0.3,0.0
11-3-0.pt,11,3,0.09509947465423953,medium,0.5165541241472189,0.06401295913881248,0.01951907576356957,0.07522675516540442,0.2277650580229002,0.7,0.3,0.0
11-30-0.pt,11,30,0.09677706704712834,medium,0.13554423195749737,0.1406532494399389,2.2785542549706306e-05,0.008091860891770213,0.5259288747166371,0.7,0.3,0.0
11-31-0.pt,11,31,0.06696781769629974,easy,0.10453353291541582,0.09194495143977936,2.071641218149216e-05,0.00841775305071913,0.5313457768707595,0.7,0.3,0.0
11-32-0.pt,11,32,0.07011953065500287,easy,0.09893135575035213,0.09451592116252053,1.970050405395273e-05,0.012235994159839574,0.5365152569037925,0.7,0.3,0.0
11-33-0.pt,11,33,0.04742177134805058,easy,0.0989700327400401,0.03466837046116372,1.8409504746418553e-05,0.010564807100496747,0.5414151250805013,0.7,0.3,0.0
11-34-0.pt,11,34,0.08166061322506937,easy,0.10601739508971061,0.10432957887478597,1.7234191833307094e-05,0.010637519151938286,0.546071092615651,0.7,0.3,0.0
11-35-0.pt,11,35,0.08337477430147093,easy,0.14425301976909782,0.06727081082426319,1.6428655914829974e-05,0.008032139617089389,0.5502840696525437,0.7,0.3,0.0
11-36-0.pt,11,36,0.10715630219585925,medium,0.13494558280159402,0.12938984267517806,1.5705935350617634e-05,0.006746150868091032,0.5548801567856362,0.7,0.3,0.0
11-37-0.pt,11,37,0.08454409476777984,easy,0.13657806673870612,0.06727081082426331,1.5573357515357415e-05,0.006529702931748396,0.5593491096743555,0.7,0.3,0.0
11-38-0.pt,11,38,0.1185406068503881,medium,0.13483743480531948,0.1415738992296374,1.545695470201323e-05,0.01039672608011613,0.563826706823358,0.7,0.3,0.0
11-39-0.pt,11,39,0.07464056013258402,easy,0.13266563124190137,0.03397675589758797,1.5479834075902406e-05,0.008281050991042328,0.567999940728218,0.7,0.3,0.0
11-4-0.pt,11,4,0.06445703695343415,easy,0.4341402537651843,0.055750707385080464,0.00878723811859925,0.0599858836864278,0.2597746409588721,0.7,0.3,0.0
11-40-0.pt,11,40,0.09354579908922962,medium,0.12515985460566978,0.08474587081365174,1.5045013798184653e-05,0.00477879384948825,0.5725587628596427,0.7,0.3,0.0
11-41-0.pt,11,41,0.11042122973202853,medium,0.12451829091755084,0.11957705915247299,1.51972493720945e-05,0.005807171771302157,0.5768345243724915,0.7,0.3,0.0
11-42-0.pt,11,42,0.09156978042614275,medium,0.12136784119928401,0.07554529642216634,1.5416409653554144e-05,0.0019836445797315563,0.5808607941729874,0.7,0.3,0.0
11-43-0.pt,11,43,0.09907098588464257,medium,0.1353844437490361,0.07637864235217177,1.5666222123370436e-05,0.000374357005306559,0.5845830734889202,0.7,0.3,0.0
11-44-0.pt,11,44,0.11474957339036383,medium,0.14808226436799207,0.0951395523093389,1.5855708614545334e-05,0.001576263514974503,0.5886005534067399,0.7,0.3,0.0
11-45-0.pt,11,45,0.13615426144806927,medium,0.17617796911257322,0.11182663642785341,1.6491638513795217e-05,0.003742984735675051,0.5923033917926912,0.7,0.3,0.0
11-46-0.pt,11,46,0.12790602751607544,medium,0.1799331686970916,0.0828511767843231,1.675970928146907e-05,0.0036430842390275013,0.5963314784823278,0.7,0.3,0.0
11-47-0.pt,11,47,0.12945819677788206,medium,0.1976323429718944,0.06226514742596576,1.7037333510889027e-05,0.005300728683415987,0.6000970213184945,0.7,0.3,0.0
11-48-0.pt,11,48,0.14394423107235219,medium,0.2138910636740896,0.07410628118925429,1.75352119171538e-05,0.0073237195860261,0.6038490861267582,0.7,0.3,0.0
11-49-0.pt,11,49,0.1968014261744937,hard,0.242135259135692,0.1685488798406833,1.8011217050717407e-05,0.008069265561029427,0.6073377406026028,0.7,0.3,0.0
11-5-0.pt,11,5,0.043490774430741404,easy,0.3273340047561266,0.09858479889277946,0.004116479226103619,0.04376585448447447,0.28548701585804664,0.7,0.3,0.0
11-50-0.pt,11,50,0.19755406139118087,hard,0.27079043732842717,0.13618135162027015,1.884231028050108e-05,0.008832772004218434,0.6109388120940126,0.7,0.3,0.0
11-6-0.pt,11,6,0.042337235792763585,easy,0.29896530118366504,0.10565596265117788,0.0022745567975716433,0.035611015840292394,0.30699630626763164,0.7,0.3,0.0
11-7-0.pt,11,7,0.06301680269799996,easy,0.3062116282662742,0.13425735560437965,0.001321788277073575,0.026012327657885134,0.32571594417112226,0.7,0.3,0.0
11-8-0.pt,11,8,0.042178365583282446,easy,0.291453570433012,0.08019463345665197,0.0008579546436588769,0.022906074421137238,0.3422491016788931,0.7,0.3,0.0
11-9-0.pt,11,9,0.05472489273480971,easy,0.2668110298138797,0.1116756063108648,0.0006002919442444325,0.02682792869685185,0.3572630687850951,0.7,0.3,0.0
12-10-0.pt,12,10,0.03382038317873792,easy,0.20477789267732652,0.09557986139977431,0.0003762190134943481,0.020839956195106823,0.3826943770462747,0.7,0.3,0.0
12-11-0.pt,12,11,0.004895278134527117,easy,0.2039676864386197,0.01606074565227837,0.00028592607992907945,0.014569752092855133,0.3952333007894318,0.7,0.3,0.0
12-12-0.pt,12,12,0.019266123041983326,easy,0.1602775158475239,0.07861235073408816,0.00023237177432739952,0.014810513980155435,0.4071330571467073,0.7,0.3,0.0
12-13-0.pt,12,13,0.03769572916418972,easy,0.1699588440718762,0.09991059821712044,0.00019481093100582006,0.0138524033117721,0.4182009264499993,0.7,0.3,0.0
12-14-0.pt,12,14,0.028986639186261903,easy,0.12341834345998255,0.10980681371216691,0.00016194313891980058,0.016591772821418008,0.4278904695445343,0.7,0.3,0.0
12-15-0.pt,12,15,0.019209371365041538,easy,0.12782875103005578,0.0723643874208018,0.00013762953494413996,0.01309573945430831,0.43760019807259687,0.7,0.3,0.0
12-16-0.pt,12,16,0.039946620846723624,easy,0.11281388831838102,0.12780918676596448,0.00011253967035942234,0.011160869393632126,0.44648282865060407,0.7,0.3,0.0
12-17-0.pt,12,17,0.025096973466483104,easy,0.11282276050997024,0.08373480845582933,9.741052836683167e-05,0.007820898423858549,0.45512052582675244,0.7,0.3,0.0
12-18-0.pt,12,18,0.01961269284093899,easy,0.10451397326640816,0.06675080446064631,8.273964180333279e-05,0.009124439773266511,0.4632091317176582,0.7,0.3,0.0
12-19-0.pt,12,19,0.018278096733192667,easy,0.09586849170900309,0.0658851664500604,6.871082328280629e-05,0.005223648967870294,0.4709017450279177,0.7,0.3,0.0
12-2-0.pt,12,2,0.19169556781433156,hard,0.677663405747341,0.13177794510611548,0.06619074500257992,0.07527898635222392,0.19638510453610558,0.7,0.3,0.0
12-20-0.pt,12,20,0.028412289509341583,easy,0.09393795285446756,0.08107953915469637,5.795256205880334e-05,0.006635195454131549,0.47836376731563673,0.7,0.3,0.0
12-21-0.pt,12,21,0.02882210773014864,easy,0.09439644425171592,0.06654553286373284,4.901682553709867e-05,0.012445891721760102,0.4853574684729232,0.7,0.3,0.0
12-22-0.pt,12,22,0.028814804379424068,easy,0.08048807602528449,0.07514340873410484,4.2288199602360924e-05,0.00815988770665909,0.4925918689305265,0.7,0.3,0.0
12-23-0.pt,12,23,0.046340944093163326,easy,0.08872422240846438,0.10198269014056463,3.518001577535833e-05,0.0066605274428535866,0.4993020922526703,0.7,0.3,0.0
12-24-0.pt,12,24,0.041085548796178394,easy,0.0899054478740731,0.0793555138987951,2.9264515321414545e-05,0.007235732416063371,0.5054489922784677,0.7,0.3,0.0
12-25-0.pt,12,25,0.0558881163541336,easy,0.10071238288611244,0.09622460052245725,2.369737565723521e-05,0.007722432576555993,0.5112637412896583,0.7,0.3,0.0
12-26-0.pt,12,26,0.052786446573980836,easy,0.09599760424074923,0.08671853701953319,1.9821636537368332e-05,0.0062187810493420734,0.5174630663747571,0.7,0.3,0.0
12-27-0.pt,12,27,0.04722591882201243,easy,0.08786290147840083,0.07323787203449411,1.6199817021319904e-05,0.006735401087839828,0.523222398075648,0.7,0.3,0.0
12-28-0.pt,12,28,0.06679552115898006,easy,0.10861124907491171,0.0907061023241637,1.4193306012065266e-05,0.008745072671620398,0.5286460797793394,0.7,0.3,0.0
12-29-0.pt,12,29,0.09418454522727131,medium,0.09390630556716115,0.16192721620783926,1.300228336464205e-05,0.01088698921252174,0.5344555626295662,0.7,0.3,0.0
12-3-0.pt,12,3,0.10078326789168256,medium,0.5429487028010576,0.04717833677524976,0.018845927207974022,0.06569031639751313,0.23864779774178604,0.7,0.3,0.0
12-30-0.pt,12,30,0.06312171846679994,easy,0.09346060861133863,0.07951609575404518,1.263283615201573e-05,0.011180434331567193,0.5399717634157872,0.7,0.3,0.0
12-31-0.pt,12,31,0.07025712052568402,easy,0.09147360556234528,0.0933459001700493,1.005169696886674e-05,0.00975607852362714,0.5451573161428793,0.7,0.3,0.0
12-32-0.pt,12,32,0.06375986480368437,easy,0.10888966363120181,0.058922069654661596,9.038829829675621e-06,0.004763441938829931,0.5498824346917276,0.7,0.3,0.0
12-33-0.pt,12,33,0.09344638179150094,medium,0.11972625355272533,0.10972780669292254,8.883823126719001e-06,0.008509464975152368,0.5548124834821612,0.7,0.3,0.0
12-34-0.pt,12,34,0.0752999889213719,easy,0.11983130719636562,0.06274861407861156,8.192892212514592e-06,0.005002156018255305,0.5596574244274751,0.7,0.3,0.0
12-35-0.pt,12,35,0.08667591063434728,medium,0.09671278306731806,0.10431159650248026,7.575035151257282e-06,0.007382249790064656,0.5647413067409602,0.7,0.3,0.0
12-36-0.pt,12,36,0.08999385552560081,medium,0.1009466520351216,0.10061219462726925,7.5460375216026854e-06,0.00902620257649302,0.5691638781182942,0.7,0.3,0.0
12-37-0.pt,12,37,0.08792851272440141,medium,0.09734136751617244,0.09719396264676103,7.469505646298976e-06,0.004448703707641675,0.5741431178889576,0.7,0.3,0.0
12-38-0.pt,12,38,0.08854230694033988,medium,0.08981193776310831,0.10071247841284604,7.362068309162111e-06,0.004107741938852949,0.5785499335244151,0.7,0.3,0.0
12-39-0.pt,12,39,0.10975454516913313,medium,0.08981073794011413,0.14553278851784884,7.2471108289261724e-06,0.004856994320363899,0.5829438372708697,0.7,0.3,0.0
12-4-0.pt,12,4,0.08440055981189687,easy,0.4187485260987546,0.09545880576568505,0.008502822147753285,0.06990300857889627,0.27061800885557014,0.7,0.3,0.0
12-40-0.pt,12,40,0.11428626491904621,medium,0.10166499844703089,0.13908595467493307,7.516427426678258e-06,0.004981601515931025,0.587054450204281,0.7,0.3,0.0
12-41-0.pt,12,41,0.10811991944317721,medium,0.11653294689654754,0.10360465108022206,7.5863760485209535e-06,0.005069516827010951,0.5912706095773359,0.7,0.3,0.0
12-42-0.pt,12,42,0.10005168834456828,medium,0.12814359151758348,0.06645328531505526,7.636844840525259e-06,0.00556516913796153,0.5954203666164113,0.7,0.3,0.0
12-43-0.pt,12,43,0.11902716703027057,medium,0.15795390630962308,0.07598694951134942,8.066962306109845e-06,0.0072003513617860185,0.5991876543464432,0.7,0.3,0.0
12-44-0.pt,12,44,0.14958838366584534,medium,0.1376964682344641,0.1639191504004577,8.260927683717095e-06,0.007399941744956756,0.6038405332374808,0.7,0.3,0.0
12-45-0.pt,12,45,0.13394347821293964,medium,0.15850131198525355,0.1027121057249811,8.280257542018446e-06,0.004688832123387889,0.6077733318172607,0.7,0.3,0.0
12-46-0.pt,12,46,0.13603900277957973,medium,0.17426902029840302,0.08632225954789897,8.831928697759937e-06,0.00510177640525767,0.6117623298380997,0.7,0.3,0.0
12-47-0.pt,12,47,0.1306546086712916,medium,0.18664079673041958,0.05593148161606456,9.108674953011589e-06,0.005148303750721547,0.6154813043817279,0.7,0.3,0.0
12-48-0.pt,12,48,0.14885439237407955,medium,0.20410479078412294,0.07579480776432865,9.89526641855192e-06,0.007012322325427834,0.6191793216623207,0.7,0.3,0.0
12-49-0.pt,12,49,0.18436388199727513,hard,0.22738729559268073,0.13388143522151094,1.0321484590336305e-05,0.006550150158268594,0.6230436433231207,0.7,0.3,0.0
12-5-0.pt,12,5,0.04112360263992839,easy,0.3155802063525861,0.10142463294562354,0.00392238199143503,0.032824034786298265,0.2962908583054822,0.7,0.3,0.0
12-50-0.pt,12,50,0.20353876322449524,hard,0.26504995310667545,0.13674018185902362,1.1319518486430149e-05,0.0076535583219924305,0.6266878107796373,0.7,0.3,0.0
12-6-0.pt,12,6,0.0605780829273825,easy,0.3009166757148781,0.13478029541162123,0.0021583720333124214,0.03415841316914287,0.31807903195471293,0.7,0.3,0.0
12-7-0.pt,12,7,0.02824350582354631,easy,0.2773930554122633,0.06701843342633626,0.001226767822914815,0.02309075407768297,0.3369084929058756,0.7,0.3,0.0
12-8-0.pt,12,8,0.04026543768734022,easy,0.2736926789470399,0.07971346943319904,0.0007758424624532412,0.021550817246372752,0.3536039086294469,0.7,0.3,0.0
12-9-0.pt,12,9,0.0929163041768324,medium,0.23391881363397748,0.2152926121843618,0.0005179668852857939,0.03330838318023135,0.3688873279631017,0.7,0.3,0.0
13-10-0.pt,13,10,0.04446822839379565,easy,0.2071958313771315,0.10902941693504273,0.00031753112074561334,0.01659386275529244,0.3934366552526345,0.7,0.3,0.0
13-11-0.pt,13,11,0.008610369097966624,easy,0.15211189002561779,0.0591607426988385,0.00023430004374922907,0.01767321375368432,0.4063310055716816,0.7,0.3,0.0
13-12-0.pt,13,12,0.03845582614139794,easy,0.15901734436242557,0.11278410481913052,0.00018167310727176914,0.013742812200689587,0.41822521498282234,0.7,0.3,0.0
13-13-0.pt,13,13,0.02598018255718825,easy,0.11778222971526918,0.11121110273902267,0.0001466279464606778,0.012122929241354542,0.4289714918521433,0.7,0.3,0.0
13-14-0.pt,13,14,0.02881873294361091,easy,0.1113921172587377,0.11003476959998806,0.00012033905215271151,0.01311834503158489,0.43914073229577527,0.7,0.3,0.0
13-15-0.pt,13,15,0.023845469061312345,easy,0.10498802172166818,0.09668913630270073,9.50450652643845e-05,0.008354167237142593,0.44856768622561566,0.7,0.3,0.0
13-16-0.pt,13,16,0.0,easy,0.09569004172338241,0.03434394212054851,8.097418547018752e-05,0.009708533412312264,0.4580268315539095,0.7,0.3,0.0
13-17-0.pt,13,17,0.02615309085358026,easy,0.09124599252015042,0.09107539709205502,6.67843717138777e-05,0.009525116891614567,0.4665328148171456,0.7,0.3,0.0
13-18-0.pt,13,18,0.03718502305670065,easy,0.09825333964673404,0.10164297325688965,5.476834252599578e-05,0.008034792215780897,0.474573678632069,0.7,0.3,0.0
13-19-0.pt,13,19,0.031077357196250918,easy,0.08283498468065965,0.09037720372808704,4.453354775665466e-05,0.009265844515287575,0.4826238940050884,0.7,0.3,0.0
13-2-0.pt,13,2,0.18061515647230458,hard,0.6710014210020204,0.09038713087279368,0.06591234334085916,0.08371013074885876,0.2062386909893924,0.7,0.3,0.0
13-20-0.pt,13,20,0.0762188340966507,easy,0.09642195394426294,0.1764650601571677,3.9841387776417036e-05,0.00860989986985149,0.4904341021639293,0.7,0.3,0.0
13-21-0.pt,13,21,0.04254961726239555,easy,0.08123589231381953,0.09866007146355991,3.1432790507762554e-05,0.01073558955935374,0.497456437715072,0.7,0.3,0.0
13-22-0.pt,13,22,0.07353084519735563,easy,0.07141379838620741,0.17076704146624005,2.632111732034207e-05,0.014151961291042296,0.5045213724290387,0.7,0.3,0.0
13-23-0.pt,13,23,0.06383220629729022,easy,0.08442267793111927,0.13156431762159673,1.929089393461039e-05,0.008177512457833134,0.511071423745475,0.7,0.3,0.0
13-24-0.pt,13,24,0.040741556549829916,easy,0.09499518728944416,0.05800879138431954,1.5018190816510588e-05,0.006860836677525786,0.5173832024109106,0.7,0.3,0.0
13-25-0.pt,13,25,0.03030276274684381,easy,0.09719630691330941,0.02336406589788835,1.2316266451574011e-05,0.006042543934402655,0.5234020283861015,0.7,0.3,0.0
13-26-0.pt,13,26,0.07602644354688454,easy,0.09791348749104085,0.12470439926812277,1.0267592025573906e-05,0.006461470483594477,0.5296652715422787,0.7,0.3,0.0
13-27-0.pt,13,27,0.03458500043791554,easy,0.06775212297369401,0.04264248638736287,8.283517573163708e-06,0.010000431853354395,0.5359200807442469,0.7,0.3,0.0
13-28-0.pt,13,28,0.06616357429407789,easy,0.07553658376054417,0.10401677692326636,8.063473600173707e-06,0.009708855380027564,0.5416841410044415,0.7,0.3,0.0
13-29-0.pt,13,29,0.07083794377783177,easy,0.07008694527447981,0.11400814107521982,6.805392213452657e-06,0.00895330910706565,0.5473743653146496,0.7,0.3,0.0
13-3-0.pt,13,3,0.12304291095572668,medium,0.5425972008463318,0.10835113862423734,0.01825562976762811,0.04616630536125882,0.24862570522120436,0.7,0.3,0.0
13-30-0.pt,13,30,0.08826038127710774,medium,0.12036712964278512,0.10126429487653328,6.648405108591371e-06,0.0074676631602334734,0.552022078745075,0.7,0.3,0.0
13-31-0.pt,13,31,0.06329982508703492,easy,0.10015610291543443,0.055587177404555696,4.585342233135716e-06,0.005396737710455803,0.5576749944526236,0.7,0.3,0.0
13-32-0.pt,13,32,0.08344475880246693,easy,0.09512861277676006,0.10260651687161912,4.051635513345441e-06,0.0053150082035526664,0.5628786688788832,0.7,0.3,0.0
13-33-0.pt,13,33,0.0698890377776686,easy,0.09030150002551182,0.06572247634932159,3.999575842312852e-06,0.007328346985675252,0.568053714326179,0.7,0.3,0.0
13-34-0.pt,13,34,0.09316065028338265,medium,0.07419989335786356,0.13036476504949487,3.7579965202399673e-06,0.008316657704677804,0.5732239766622061,0.7,0.3,0.0
13-35-0.pt,13,35,0.0804984952285906,easy,0.07510674055873272,0.09477823691553984,3.4953497506385164e-06,0.005616232344500204,0.5782837861235903,0.7,0.3,0.0
13-36-0.pt,13,36,0.08112331247638045,easy,0.07510902844507159,0.09261165851150821,3.364899016648794e-06,0.0031866741146862605,0.5828933960938649,0.7,0.3,0.0
13-37-0.pt,13,37,0.08278709012164714,easy,0.08499811430534156,0.08057013359349983,3.5390669515554772e-06,0.0032547322287401594,0.5875085006088822,0.7,0.3,0.0
13-38-0.pt,13,38,0.07985854595283184,easy,0.09196341701630441,0.05807351671404098,3.7730384186432846e-06,0.00599774659628654,0.5918052662863053,0.7,0.3,0.0
13-39-0.pt,13,39,0.0995755785512327,medium,0.10547727005240898,0.08758039482338517,3.3938221495708327e-06,0.004804204560122655,0.5962890240377272,0.7,0.3,0.0
13-4-0.pt,13,4,0.06608541821749196,easy,0.3689509274516055,0.09334220024626314,0.008244495115471435,0.0644389187478755,0.28062951260814883,0.7,0.3,0.0
13-40-0.pt,13,40,0.10416382376733255,medium,0.11197414629582605,0.08528947016461998,3.5644808516276036e-06,0.0060047013942391226,0.6005978465533708,0.7,0.3,0.0
13-41-0.pt,13,41,0.1099751131493444,medium,0.09721390521406319,0.10803960397324505,3.334624173590832e-06,0.005601202988862897,0.6054979781504289,0.7,0.3,0.0
13-42-0.pt,13,42,0.12732771521236536,medium,0.11527584492543212,0.1280259181862885,3.4252093239056835e-06,0.004133405850843561,0.6096179907749385,0.7,0.3,0.0
13-43-0.pt,13,43,0.09294089081675767,medium,0.12691505882068987,0.0269360347081258,3.5882597214762844e-06,0.0049154915836421885,0.6136638046974205,0.7,0.3,0.0
13-44-0.pt,13,44,0.11973866534122922,medium,0.12540125966321666,0.08767724271701577,3.7913169204213082e-06,0.005217060032857793,0.6177338945863549,0.7,0.3,0.0
13-45-0.pt,13,45,0.1170643798444841,medium,0.15323641864348547,0.04715512720717312,4.5151493794287374e-06,0.005582027330432956,0.6221432518406658,0.7,0.3,0.0
13-46-0.pt,13,46,0.14843124461557056,medium,0.1625530548569041,0.10941570993022745,5.345811455277082e-06,0.004368187541384054,0.6263902061086349,0.7,0.3,0.0
13-47-0.pt,13,47,0.1310738530811732,medium,0.1728243702766926,0.051529295297721635,5.156513427449836e-06,0.004920394528677039,0.630172823363693,0.7,0.3,0.0
13-48-0.pt,13,48,0.1655399091076927,hard,0.18929176463073347,0.11306234928302157,5.806951688012172e-06,0.0054793848007105815,0.6339008481354043,0.7,0.3,0.0
13-49-0.pt,13,49,0.17706464804619193,hard,0.2120147869509046,0.1147336467594648,5.988702071230992e-06,0.004031173899459182,0.6376550464945308,0.7,0.3,0.0
13-5-0.pt,13,5,0.06788087718260344,easy,0.3175920071362828,0.14887653947874843,0.0037463144183164606,0.03488554859189328,0.30646053340031815,0.7,0.3,0.0
13-50-0.pt,13,50,0.1816695579259924,hard,0.23553978615513257,0.09508156888163666,6.675615472466102e-06,0.006626188373845723,0.6411928229829096,0.7,0.3,0.0
13-6-0.pt,13,6,0.037320591101677715,easy,0.31670010080855193,0.05872252597995168,0.0020560698309283563,0.024751179685378863,0.3282215565017961,0.7,0.3,0.0
13-7-0.pt,13,7,0.03551362229385384,easy,0.28830232550594326,0.059867325420493736,0.0011479051801587007,0.02339955680101141,0.3471915284632146,0.7,0.3,0.0
13-8-0.pt,13,8,0.07214578697353764,easy,0.24605602871681603,0.16506641844243783,0.0007107767536048066,0.027063408218890354,0.36422401753039046,0.7,0.3,0.0
13-9-0.pt,13,9,0.006894635826074121,easy,0.1945447320881408,0.03935704009353674,0.0004572762759679088,0.025931006299715134,0.3797146013700102,0.7,0.3,0.0
14-10-0.pt,14,10,0.023510696744613903,easy,0.18223096921321505,0.06874284129794829,0.00027850814739973224,0.017430850352266724,0.4037615395534042,0.7,0.3,0.0
14-11-0.pt,14,11,0.04420160744305651,easy,0.17403430580030074,0.11053241703182771,0.000196342192536055,0.016939886639475463,0.4166728177601387,0.7,0.3,0.0
14-12-0.pt,14,12,0.049220634330715836,easy,0.12510626713439393,0.15993088546984194,0.00014615074870526443,0.013298365309728622,0.4282809544183834,0.7,0.3,0.0
14-13-0.pt,14,13,0.01183528589877403,easy,0.11945183906144624,0.06041761233868929,0.00011445370551345374,0.01315028287817737,0.43943219468965306,0.7,0.3,0.0
14-14-0.pt,14,14,0.017852828527170028,easy,0.10688845569872801,0.07766111647369905,8.710916634251575e-05,0.009976512167623179,0.4493186472631197,0.7,0.3,0.0
14-15-0.pt,14,15,0.0110528015433535,easy,0.09259317082051635,0.0644396326713109,7.051375616939677e-05,0.007949529036229681,0.45919504664236444,0.7,0.3,0.0
14-16-0.pt,14,16,0.00354927541177433,easy,0.08736055360067325,0.03916438072512353,5.666871825113335e-05,0.007896834435331776,0.46855047659126386,0.7,0.3,0.0
14-17-0.pt,14,17,0.03899497003609102,easy,0.09207117671947534,0.1040452987015578,4.669903038530421e-05,0.012528197126051483,0.4773505958984962,0.7,0.3,0.0
14-18-0.pt,14,18,0.029345373832615613,easy,0.078940714947174,0.08828815919405862,3.6654700518404635e-05,0.007289094943748469,0.4854706465486397,0.7,0.3,0.0
14-19-0.pt,14,19,0.05669253279061401,easy,0.08844521186065178,0.13469586216288426,3.136306745946027e-05,0.006487596093498315,0.49388396266071555,0.7,0.3,0.0
14-2-0.pt,14,2,0.1612384060663272,medium,0.6506625499128562,0.07918959933256187,0.06576203106844405,0.056323487612282896,0.21539344682847641,0.7,0.3,0.0
14-20-0.pt,14,20,0.035287878060657245,easy,0.09118535156760244,0.06805418907304576,2.4796361974497605e-05,0.008403054926804807,0.501534070055926,0.7,0.3,0.0
14-21-0.pt,14,21,0.02912498652407158,easy,0.07529873442145364,0.05806851334404692,1.8740387170589646e-05,0.010241113429860596,0.5084093285040875,0.7,0.3,0.0
14-22-0.pt,14,22,0.029293937430474537,easy,0.08198605213290058,0.04524857671786065,1.3725119514689693e-05,0.007446243416818887,0.5154597915360717,0.7,0.3,0.0
14-23-0.pt,14,23,0.06568991208729794,easy,0.09491439496255019,0.11395705642387749,9.646420005354413e-06,0.005084118403885826,0.5221802965088354,0.7,0.3,0.0
14-24-0.pt,14,24,0.054926161779194106,easy,0.10713530519152184,0.06469187260709784,7.846253418223146e-06,0.0075262572196728335,0.5286157840644987,0.7,0.3,0.0
14-25-0.pt,14,25,0.05748497628395325,easy,0.06641477667514373,0.10023643588061257,6.526864497203556e-06,0.010229197831498664,0.5351618505084841,0.7,0.3,0.0
14-26-0.pt,14,26,0.06585623805916038,easy,0.07032456007007369,0.1077267511315047,6.548460531941672e-06,0.01046653392347651,0.5416851321878009,0.7,0.3,0.0
14-27-0.pt,14,27,0.12016845717112468,medium,0.055566124579140015,0.2449659045015718,4.647525047776334e-06,0.011364185981210759,0.5478767306188544,0.7,0.3,0.0
14-28-0.pt,14,28,0.08229297243666818,easy,0.09711081097495639,0.10939169437139096,4.854273383510535e-06,0.006941837824074459,0.552927372463877,0.7,0.3,0.0
14-29-0.pt,14,29,0.08969317032793168,medium,0.09105903017663691,0.12535970803659313,3.400946806774052e-06,0.007078714313909883,0.5588719629718448,0.7,0.3,0.0
14-3-0.pt,14,3,0.12354451791638021,medium,0.5116357422323274,0.12105665391111976,0.017739454031810566,0.053844054104798825,0.25791601385538004,0.7,0.3,0.0
14-30-0.pt,14,30,0.048851147649395674,easy,0.06981030001911694,0.04210883862358342,3.392526210258302e-06,0.005225596113632145,0.564461576906486,0.7,0.3,0.0
14-31-0.pt,14,31,0.06670817828806354,easy,0.0697635701897444,0.0785718718354149,2.5371638363924995e-06,0.0046432459633165765,0.5700680203983916,0.7,0.3,0.0
14-32-0.pt,14,32,0.048812684939411134,easy,0.060431470420017556,0.03896640668135574,2.7162894837474153e-06,0.002860370698345667,0.5756269028277805,0.7,0.3,0.0
14-33-0.pt,14,33,0.07802024336257966,easy,0.05899258205465893,0.10401125076912968,2.200996734756311e-06,0.0031875808926723447,0.5807797364356017,0.7,0.3,0.0
14-34-0.pt,14,34,0.0628010348719581,easy,0.06295588733441805,0.05505784065950727,2.1265468616433244e-06,0.0047207828081480205,0.5857502815787875,0.7,0.3,0.0
14-35-0.pt,14,35,0.09056509839643484,medium,0.07251049088266687,0.1073343726984075,1.7336903778179553e-06,0.0035822775863613536,0.5907093851443854,0.7,0.3,0.0
14-36-0.pt,14,36,0.06814391684715966,easy,0.07114599899257915,0.04880655998554619,2.020958265416142e-06,0.002968139438462488,0.59537895695232,0.7,0.3,0.0
14-37-0.pt,14,37,0.10163716297585296,medium,0.08090937688644809,0.1127584290855784,1.6745570495673083e-06,0.004016058348978718,0.6001941400326323,0.7,0.3,0.0
14-38-0.pt,14,38,0.12712735696295074,medium,0.07957623012702787,0.16735511855432467,2.318290302038015e-06,0.00595365613520426,0.6051393792774643,0.7,0.3,0.0
14-39-0.pt,14,39,0.09124524221977634,medium,0.07786681365278172,0.07817377219297775,1.5656397822373183e-06,0.003892001146844207,0.6096849410968919,0.7,0.3,0.0
14-4-0.pt,14,4,0.050742963500734775,easy,0.3490118313683105,0.07182406873705278,0.008020617170629636,0.05655553514932519,0.2899841764651977,0.7,0.3,0.0
14-40-0.pt,14,40,0.10559351307883108,medium,0.09287602015269818,0.09083974345182728,1.7364786848240798e-06,0.0051297232294004865,0.6140985322858197,0.7,0.3,0.0
14-41-0.pt,14,41,0.10178545227247232,medium,0.08970960948894238,0.07860581273289817,1.605075543473622e-06,0.005477645400774712,0.6184962123627844,0.7,0.3,0.0
14-42-0.pt,14,42,0.12192774467920327,medium,0.09860879302391565,0.11393922786053078,2.3604197175917797e-06,0.0038281110324454547,0.623186199226026,0.7,0.3,0.0
14-43-0.pt,14,43,0.10619293573001867,medium,0.11941923181359054,0.05155240901354857,2.4714033980487247e-06,0.0018342569416691875,0.62729939565446,0.7,0.3,0.0
14-44-0.pt,14,44,0.11416658995710266,medium,0.12457901666376259,0.05971305226310359,2.4615508354750643e-06,0.002121463146100192,0.6316087505937747,0.7,0.3,0.0
14-45-0.pt,14,45,0.14439256629241104,medium,0.13361060580352288,0.11716586104606026,2.736497315713658e-06,0.0033954876519764108,0.6357360984514222,0.7,0.3,0.0
14-46-0.pt,14,46,0.14400924293066011,medium,0.14704894468470533,0.09723607876306746,3.143896625126459e-06,0.003456786153669933,0.639887873361263,0.7,0.3,0.0
14-47-0.pt,14,47,0.16823251635615866,hard,0.16001756719076138,0.13798609111709784,2.8443120805783048e-06,0.003510264596640157,0.6435958585720927,0.7,0.3,0.0
14-48-0.pt,14,48,0.18130023345496177,hard,0.18572047872956832,0.13760177014997585,3.5349161175273273e-06,0.005194631345943146,0.6471091209092691,0.7,0.3,0.0
14-49-0.pt,14,49,0.20144752226605758,hard,0.19891796473644938,0.1684495216655536,3.6931993432913513e-06,0.004398243884182678,0.651306211588524,0.7,0.3,0.0
14-5-0.pt,14,5,0.07010932710627264,easy,0.29646499558134787,0.13178088537420765,0.0035851777002417437,0.06581845847743223,0.3161584544078384,0.7,0.3,0.0
14-50-0.pt,14,50,0.2114025490137079,hard,0.23897892246018662,0.14776899672889804,4.869758060751513e-06,0.004416970648625989,0.6548664982025428,0.7,0.3,0.0
14-6-0.pt,14,6,0.03787026250077269,easy,0.30577706353211587,0.060210348336005186,0.001963534776388586,0.022845489203122592,0.33785565116774785,0.7,0.3,0.0
14-7-0.pt,14,7,0.04931447386284003,easy,0.2880566635182779,0.08126564834221525,0.0010797327707014043,0.022777459285143617,0.35698210293196764,0.7,0.3,0.0
14-8-0.pt,14,8,0.03309710122405529,easy,0.21144022023928227,0.09573305334802991,0.0006598220814926748,0.023125138468900963,0.37428937204046625,0.7,0.3,0.0
14-9-0.pt,14,9,0.04646886533984012,easy,0.20509071778981044,0.11028881657541319,0.00040971363876823126,0.027438885983384714,0.38947843167222124,0.7,0.3,0.0
15-10-0.pt,15,10,0.03372961618234849,easy,0.1606972954575461,0.10633844167516329,0.0002462791415962787,0.013693108470422943,0.41316917984698165,0.7,0.3,0.0
15-11-0.pt,15,11,0.018462043451625706,easy,0.12626774878051095,0.089561072093567,0.00016647478275309653,0.011013191009142581,0.4259831541958453,0.7,0.3,0.0
15-12-0.pt,15,12,0.024229562285571257,easy,0.12509076078846573,0.08862826302700737,0.00012028196230867449,0.011293939811972695,0.4379439742294784,0.7,0.3,0.0
15-13-0.pt,15,13,0.029195330896020617,easy,0.11420874305807724,0.09784425850412667,8.742944047500596e-05,0.010590381524856168,0.4488367284353491,0.7,0.3,0.0
15-14-0.pt,15,14,0.016821898623561135,easy,0.0949091910235074,0.07776800485807885,6.794300497681503e-05,0.006145664357767874,0.45929967416837175,0.7,0.3,0.0
15-15-0.pt,15,15,0.039741196465275054,easy,0.08972063056290207,0.12118161466304059,5.166144821078665e-05,0.010513941488458483,0.46907234952237986,0.7,0.3,0.0
15-16-0.pt,15,16,0.023937746256530203,easy,0.08462589534874515,0.08048222946829998,4.016940978907354e-05,0.005378706977322372,0.4786228787823217,0.7,0.3,0.0
15-17-0.pt,15,17,0.06679243495172084,easy,0.08259312703191209,0.16688284757477892,3.231457956887425e-05,0.013031696071150189,0.48753579737067104,0.7,0.3,0.0
15-18-0.pt,15,18,0.029547068323770437,easy,0.10395914360613857,0.05022147990799719,2.7048506384203462e-05,0.006685899255504327,0.4961497131333041,0.7,0.3,0.0
15-19-0.pt,15,19,0.043433663452304,easy,0.09952952643735052,0.07757906919294243,2.102453564857091e-05,0.006525550701797152,0.5043618035112333,0.7,0.3,0.0
15-2-0.pt,15,2,0.1684208600784632,hard,0.6434758560897386,0.09355101270821113,0.06570486966636185,0.05522922684562614,0.2239801929611553,0.7,0.3,0.0
15-20-0.pt,15,20,0.05378490630989454,easy,0.06466102597176772,0.12207725920975136,1.3870802214602855e-05,0.012212458693069084,0.5117340274754197,0.7,0.3,0.0
15-21-0.pt,15,21,0.05567265576216203,easy,0.069070233573236,0.11892043299756254,9.915071413525322e-06,0.0060954224069882015,0.5188600976560781,0.7,0.3,0.0
15-22-0.pt,15,22,0.06806857108422461,easy,0.09579701820049236,0.11208642458472422,8.577920020169392e-06,0.006838306035782574,0.5259520763147063,0.7,0.3,0.0
15-23-0.pt,15,23,0.1061172784367474,medium,0.08210719033763242,0.2054493658746947,4.9725650345005275e-06,0.010012189816835333,0.5329980501982597,0.7,0.3,0.0
15-24-0.pt,15,24,0.03803306618374184,easy,0.06072565634496475,0.05418941702229895,4.657333260665341e-06,0.008582254445437578,0.5398860231114175,0.7,0.3,0.0
15-25-0.pt,15,25,0.06876099675074315,easy,0.06340639998541456,0.1164698919539226,3.317573625621653e-06,0.009619684020266316,0.5462605189320437,0.7,0.3,0.0
15-26-0.pt,15,26,0.0575377511110399,easy,0.07308210942766927,0.07816635006042413,3.3906575602243873e-06,0.003148828508242276,0.5522291941539239,0.7,0.3,0.0
15-27-0.pt,15,27,0.046047116024305945,easy,0.07453807172152045,0.03742848055261523,2.7202288028837716e-06,0.006183794312523599,0.5585761369697075,0.7,0.3,0.0
15-28-0.pt,15,28,0.05615465734565651,easy,0.0721335771492501,0.058432430147166224,2.6276602461368236e-06,0.0043320577016791725,0.5644173424090291,0.7,0.3,0.0
15-29-0.pt,15,29,0.08395735684914472,easy,0.06346309556188368,0.12554710147600845,2.2888065146861883e-06,0.005179830045584858,0.570504162174655,0.7,0.3,0.0
15-3-0.pt,15,3,0.10051164690609098,medium,0.485762880838695,0.0845041801125261,0.01729473658518244,0.04947850601016679,0.26654600356675645,0.7,0.3,0.0
15-30-0.pt,15,30,0.07357969315501992,easy,0.050981135468490237,0.10748044089951192,3.026441412610626e-06,0.002889983710474809,0.5763125920481812,0.7,0.3,0.0
15-31-0.pt,15,31,0.05940281097251079,easy,0.047921856880292955,0.06817764482708001,1.91914561316154e-06,0.003401820742760162,0.581977159385735,0.7,0.3,0.0
15-32-0.pt,15,32,0.07219533402485567,easy,0.056516455581928006,0.08274942423159398,2.1795649573490027e-06,0.004475376026970464,0.5870728835922174,0.7,0.3,0.0
15-33-0.pt,15,33,0.06702589551142475,easy,0.05595331719235729,0.06442959181261276,1.60176487951022e-06,0.0037499425914691814,0.5924202060848841,0.7,0.3,0.0
15-34-0.pt,15,34,0.09923407864426505,medium,0.07107283266187549,0.1193132430951469,1.843279227637369e-06,0.005140487161978957,0.5974282882205987,0.7,0.3,0.0
15-35-0.pt,15,35,0.08610932316167995,medium,0.07392136848286239,0.0783170925557562,1.7207926610254183e-06,0.004620810446139247,0.6026136222990345,0.7,0.3,0.0
15-36-0.pt,15,36,0.0873333966839348,medium,0.06646926984434995,0.08173240341808578,1.8861890031676408e-06,0.004680558426117084,0.6078531918869213,0.7,0.3,0.0
15-37-0.pt,15,37,0.10049125199412584,medium,0.07259612320175454,0.10139502454979525,1.7467699555997505e-06,0.004440006520939507,0.6126292829076105,0.7,0.3,0.0
15-38-0.pt,15,38,0.09529795906919698,medium,0.06567439237535189,0.09044241738167273,1.4498521777052197e-06,0.003603764799517949,0.6172551702645516,0.7,0.3,0.0
15-39-0.pt,15,39,0.08842768840415065,medium,0.07251691589939607,0.06003361995091258,1.1702138396951965e-06,0.004213307854388619,0.6220194576670275,0.7,0.3,0.0
15-4-0.pt,15,4,0.0287068767953482,easy,0.33742691675086484,0.040561440765560106,0.007821451788693394,0.03472405986932201,0.298657529904392,0.7,0.3,0.0
15-40-0.pt,15,40,0.08675330949437315,medium,0.07516720557409894,0.04819021222290548,1.264297361856107e-06,0.00332101763560986,0.6265695606688554,0.7,0.3,0.0
15-41-0.pt,15,41,0.08584481441696806,medium,0.0868848503906158,0.02725277888845136,1.5151265606515146e-06,0.0038936386286487364,0.6314344443161365,0.7,0.3,0.0
15-42-0.pt,15,42,0.10727688381903738,medium,0.08587398061323655,0.07399179827969324,1.9063363751620063e-06,0.004207666870122235,0.6358723149746038,0.7,0.3,0.0
15-43-0.pt,15,43,0.11413409259557147,medium,0.10419058026689033,0.06723299119637931,2.0203712896631604e-06,0.003923780093926549,0.6399015414310157,0.7,0.3,0.0
15-44-0.pt,15,44,0.14787942998948053,medium,0.10787468145973887,0.1394238012258977,1.4419312520086992e-06,0.0042391419563389664,0.6441007647189485,0.7,0.3,0.0
15-45-0.pt,15,45,0.16117583592991117,medium,0.1500027808362958,0.12412443328131666,1.996093091047252e-06,0.004406259769545431,0.6480376374535386,0.7,0.3,0.0
15-46-0.pt,15,46,0.1570739508051332,medium,0.14815697381933032,0.11080879532237585,2.140842265022051e-06,0.003589202274102014,0.6525968046306542,0.7,0.3,0.0
15-47-0.pt,15,47,0.15951874742008898,medium,0.16463355615406822,0.09500218949718224,2.2629294510555893e-06,0.003542668149685024,0.6565963405706795,0.7,0.3,0.0
15-48-0.pt,15,48,0.14230667310728148,medium,0.1711354840524546,0.042157467017019126,2.361282499184522e-06,0.002815685268857915,0.6606496403359681,0.7,0.3,0.0
15-49-0.pt,15,49,0.2903288787233251,hard,0.19490553617466225,0.3674594911014277,2.5513818277994234e-06,0.006678964146340353,0.6649308879150847,0.7,0.3,0.0
15-5-0.pt,15,5,0.07532494390970478,easy,0.3244366021600685,0.13567685847429867,0.003437384515711591,0.03525467896022073,0.3248224110299317,0.7,0.3,0.0
15-50-0.pt,15,50,0.2157843482146203,hard,0.23199634944692982,0.14868265664866073,3.9450732722114035e-06,0.003195789169592209,0.6683810199224872,0.7,0.3,0.0
15-6-0.pt,15,6,0.048215498827094895,easy,0.3012953489583758,0.07414357048731685,0.0018799348685420536,0.026703634243770622,0.34678927128426307,0.7,0.3,0.0
15-7-0.pt,15,7,0.058098195365817236,easy,0.26088923980724266,0.11338117233382812,0.001017445311452417,0.026880682174381297,0.36625835891426567,0.7,0.3,0.0
15-8-0.pt,15,8,0.03194647123200059,easy,0.2011171460062658,0.09034711370785875,0.0006160579503798747,0.023777571388965153,0.38358206458094135,0.7,0.3,0.0
15-9-0.pt,15,9,0.041516236004427824,easy,0.20065340164212583,0.09579604525045209,0.00037337499170463686,0.021776134505799405,0.3990110220455396,0.7,0.3,0.0
16-10-0.pt,16,10,0.023849376098010484,easy,0.17416266602948047,0.05497460476534665,0.00022125109450944993,0.01563954090980918,0.4222564364935312,0.7,0.3,0.0
16-11-0.pt,16,11,0.012333469332950757,easy,0.12663051226604588,0.06360767521547343,0.00014620712103074674,0.009741491179470848,0.4350663108647204,0.7,0.3,0.0
16-12-0.pt,16,12,0.0286585198478763,easy,0.12548739511091941,0.08891362308590918,9.994505057363879e-05,0.009478860989457771,0.4469125488467059,0.7,0.3,0.0
16-13-0.pt,16,13,0.03582748018024033,easy,0.10912687531711926,0.11023745670525488,7.116582979532688e-05,0.006968115989678265,0.45819124623763546,0.7,0.3,0.0
16-14-0.pt,16,14,0.022699052793871,easy,0.08980217443741295,0.07990127314774036,5.283601243114493e-05,0.011152776378564409,0.4685224513610834,0.7,0.3,0.0
16-15-0.pt,16,15,0.030155874795092533,easy,0.08646918989744837,0.09169963497507283,3.867314178111351e-05,0.007428503451553313,0.47858924850610507,0.7,0.3,0.0
16-16-0.pt,16,16,0.0835655276055465,easy,0.08252940230001019,0.2065077197862362,2.9086377050599092e-05,0.013159635389456225,0.488252571251692,0.7,0.3,0.0
16-17-0.pt,16,17,0.05456177904500358,easy,0.11102617452527803,0.10127593029692179,2.430335286734823e-05,0.007451379478168117,0.4974463535369082,0.7,0.3,0.0
16-18-0.pt,16,18,0.03863913844571437,easy,0.10061785538263276,0.06427945935298235,1.86861144706547e-05,0.005058133804194331,0.505920686853783,0.7,0.3,0.0
16-19-0.pt,16,19,0.041619766756999424,easy,0.06858718180053676,0.09074713458426632,1.1737647076678894e-05,0.007482449049034349,0.5137446473734453,0.7,0.3,0.0
16-2-0.pt,16,2,0.1840388591246199,hard,0.6479914627515057,0.11012457708793617,0.06572264174258972,0.06126198344465234,0.23205380035669704,0.7,0.3,0.0
16-20-0.pt,16,20,0.027035545065730606,easy,0.0646823017340393,0.05349219146700763,6.806825684667286e-06,0.0031447581272440388,0.5214199819804411,0.7,0.3,0.0
16-21-0.pt,16,21,0.07450450553843921,easy,0.08682643038127158,0.13179454404532867,5.915276997321479e-06,0.008097111609687017,0.5286678913807902,0.7,0.3,0.0
16-22-0.pt,16,22,0.05631001740971528,easy,0.06719743780839271,0.09655471026525238,5.510819735201783e-06,0.008668015008709127,0.536380522411336,0.7,0.3,0.0
16-23-0.pt,16,23,0.06859161869500106,easy,0.06312410576664682,0.1229989439690561,3.674378431316575e-06,0.00652375469510825,0.5435725568327779,0.7,0.3,0.0
16-24-0.pt,16,24,0.17984280234989714,hard,0.06271491983822601,0.3778358075690371,3.1336174086557225e-06,0.012865345824639057,0.5501805794136561,0.7,0.3,0.0
16-25-0.pt,16,25,0.06772416581773857,easy,0.0842110111030606,0.08491816996625486,2.722097488916081e-06,0.004479795162714721,0.5563554397998708,0.7,0.3,0.0
16-26-0.pt,16,26,0.06867136023374197,easy,0.07244929815871115,0.09090166315549238,2.78427209431943e-06,0.004089370131118958,0.5627428816780147,0.7,0.3,0.0
16-27-0.pt,16,27,0.04296970208290297,easy,0.05965102738261625,0.029688508702764436,2.1000532242314075e-06,0.0069596060450064475,0.5694413116391074,0.7,0.3,0.0
16-28-0.pt,16,28,0.0837374649662541,easy,0.04045035969434382,0.13979521325512376,1.805924944584903e-06,0.006790993310118627,0.5755013345356247,0.7,0.3,0.0
16-29-0.pt,16,29,0.03815224725051474,easy,0.04085487406419451,0.023647024472819692,2.298274007097056e-06,0.0039000073888372433,0.5816873822587707,0.7,0.3,0.0
16-3-0.pt,16,3,0.1065512847897655,medium,0.47439003372257005,0.10403780361421049,0.016914381011374803,0.04552573752563877,0.2747002831701415,0.7,0.3,0.0
16-30-0.pt,16,30,0.07601467711165656,easy,0.04289342255187907,0.10540918024224823,2.376230476292793e-06,0.004625922245014953,0.5871223342050278,0.7,0.3,0.0
16-31-0.pt,16,31,0.07849211644058805,easy,0.05566565510915787,0.09129917676891126,1.4974175038379215e-06,0.004366754857672663,0.5928580782518312,0.7,0.3,0.0
16-32-0.pt,16,32,0.08005477963206742,easy,0.06381892856094631,0.0820661859624814,1.6922543556830776e-06,0.002267166169367036,0.5981146487105158,0.7,0.3,0.0
16-33-0.pt,16,33,0.0770178212086156,easy,0.05957668783922876,0.07087878957552307,1.5406222269698422e-06,0.0031203679294054534,0.603563020119656,0.7,0.3,0.0
16-34-0.pt,16,34,0.07655295508522722,easy,0.054460213582736734,0.06882211340228991,1.879320109634098e-06,0.0016869306610113742,0.6092083579609792,0.7,0.3,0.0
16-35-0.pt,16,35,0.08443188040692759,easy,0.055961936759637884,0.07922443724379949,1.6968681386261389e-06,0.002037475086876291,0.6143658071278564,0.7,0.3,0.0
16-36-0.pt,16,36,0.10509284675437841,medium,0.047835922397948684,0.12789629661141733,1.1488652934029292e-06,0.005106738280565337,0.6192262344710694,0.7,0.3,0.0
16-37-0.pt,16,37,0.09147683217005152,medium,0.07195535539143931,0.06529932566408182,1.825299372297637e-06,0.0035774296863660625,0.6245237201585355,0.7,0.3,0.0
16-38-0.pt,16,38,0.09642176672316113,medium,0.0686853582860224,0.07424830163407686,1.890005292403186e-06,0.003535980446458475,0.6293104042992278,0.7,0.3,0.0
16-39-0.pt,16,39,0.11759446671408143,medium,0.06361654703821848,0.12472290557823981,1.1050972315448646e-06,0.003144709439387358,0.6340505158841615,0.7,0.3,0.0
16-4-0.pt,16,4,0.03931388791291106,easy,0.35243946991159286,0.040561440765560106,0.007649162299256248,0.034684567409004254,0.3068813154656934,0.7,0.3,0.0
16-40-0.pt,16,40,0.10572118773196594,medium,0.06771112682210874,0.08513787151576097,1.4725038921770903e-06,0.0038482519181434363,0.6385951209285551,0.7,0.3,0.0
16-41-0.pt,16,41,0.1091183915517016,medium,0.07118630943278229,0.08393477133386293,1.4272953801837744e-06,0.003531240555440607,0.6433311903899888,0.7,0.3,0.0
16-42-0.pt,16,42,0.16851650171932264,hard,0.08962132478638389,0.20411631047111886,1.7370568184775785e-06,0.003369023862718753,0.6474421970590196,0.7,0.3,0.0
16-43-0.pt,16,43,0.15852395195320484,medium,0.09909372439827804,0.16510536950825408,1.59173958995124e-06,0.002862707502531869,0.6518470541229634,0.7,0.3,0.0
16-44-0.pt,16,44,0.16521276502598026,hard,0.116831280844561,0.15859375613763615,1.6142322309825603e-06,0.0021140475117396294,0.6561696767473709,0.7,0.3,0.0
16-45-0.pt,16,45,0.16313051839329437,medium,0.13581708637608095,0.1282100285526665,1.4250760674883548e-06,0.002582733597516616,0.6606110880290201,0.7,0.3,0.0
16-46-0.pt,16,46,0.1328097050869538,medium,0.1416590688322386,0.043277917396834405,1.561249544784924e-06,0.0020681415993871522,0.6652506749385432,0.7,0.3,0.0
16-47-0.pt,16,47,0.15551591727707134,medium,0.16186599194706733,0.07212459713384026,2.1955678383879697e-06,0.0026472402829207054,0.6693082069958348,0.7,0.3,0.0
16-48-0.pt,16,48,0.190596770853303,hard,0.1709589910264567,0.14310966463226146,1.8951569610420077e-06,0.002155744006759963,0.6733858693853249,0.7,0.3,0.0
16-49-0.pt,16,49,0.1603257151578111,medium,0.2033626131750401,0.03135204999578182,2.629498016736165e-06,0.002831390249454939,0.6774168293127165,0.7,0.3,0.0
16-5-0.pt,16,5,0.05686049507365512,easy,0.3219647715472639,0.09932914783899412,0.0033046246991271615,0.01841555555483465,0.33316830779155276,0.7,0.3,0.0
16-50-0.pt,16,50,0.18946054021586314,hard,0.2278053664963451,0.07205567204879842,2.9960768552572863e-06,0.0030435229896291012,0.6813602736033362,0.7,0.3,0.0
16-6-0.pt,16,6,0.08235551236885294,easy,0.3197369186983802,0.12778760913898926,0.00180545999649949,0.026237796899536522,0.35521535884843886,0.7,0.3,0.0
16-7-0.pt,16,7,0.04136163032961398,easy,0.22518008938619016,0.09815143599621773,0.0009619616487275903,0.025653263467966907,0.37506950161566555,0.7,0.3,0.0
16-8-0.pt,16,8,0.05097739514892596,easy,0.2065409183232767,0.11680654912495521,0.0005766465044600331,0.02654886191696055,0.3922541546198595,0.7,0.3,0.0
16-9-0.pt,16,9,0.01649649679000442,easy,0.1640567139565822,0.06981547080349756,0.0003435430982968185,0.01184454627180749,0.40801049750781265,0.7,0.3,0.0
17-10-0.pt,17,10,0.017644684339975302,easy,0.13269818702973848,0.07378455288047289,0.00020182422813838966,0.012302878577189652,0.43054231487073835,0.7,0.3,0.0
17-11-0.pt,17,11,0.014460994043361678,easy,0.1153536083738017,0.06772945645688139,0.00012867869523740415,0.010783435234352485,0.44358332511956505,0.7,0.3,0.0
17-12-0.pt,17,12,0.025377722155376908,easy,0.11739276548590592,0.07516260758243987,8.576951147909198e-05,0.011967798875273699,0.45553343088474596,0.7,0.3,0.0
17-13-0.pt,17,13,0.03102191762406938,easy,0.08999252272649219,0.10058223877313512,5.891209509260664e-05,0.012438935751843162,0.46701298042757244,0.7,0.3,0.0
17-14-0.pt,17,14,0.0804266010194523,easy,0.09785642493195512,0.1978830004414663,4.1220144588657286e-05,0.013357465929029495,0.47729641378681387,0.7,0.3,0.0
17-15-0.pt,17,15,0.03181771048651295,easy,0.07803463016969778,0.09037518074425481,2.82862598428054e-05,0.009493635960009347,0.48744237993673595,0.7,0.3,0.0
17-16-0.pt,17,16,0.0424181192062847,easy,0.08953842776286616,0.0926949230618423,2.2742049256787973e-05,0.007903635081142925,0.4975958214312046,0.7,0.3,0.0
17-17-0.pt,17,17,0.046334731736505715,easy,0.0998642169391844,0.08118932811473611,1.733733625150215e-05,0.006575785341491034,0.5066537539848589,0.7,0.3,0.0
17-18-0.pt,17,18,0.02733142110036641,easy,0.06558126158032344,0.06028005903696743,1.0709363910162184e-05,0.004984699346716574,0.5147679759610404,0.7,0.3,0.0
17-19-0.pt,17,19,0.03406583339254893,easy,0.05474464176322844,0.07739659063297169,5.648475893096751e-06,0.004157746575399193,0.5229697725073797,0.7,0.3,0.0
17-2-0.pt,17,2,0.20381534502235515,hard,0.6231911996877509,0.15805170725150858,0.06578955659999242,0.07597302525483705,0.23960626934950616,0.7,0.3,0.0
17-20-0.pt,17,20,0.05777708328843177,easy,0.06838763737761132,0.10921250771206413,4.1351444993913235e-06,0.0058407965102245515,0.530746384707152,0.7,0.3,0.0
17-21-0.pt,17,21,0.057830111390758936,easy,0.055984490704674865,0.11066378282919254,3.702819464969515e-06,0.0065552060383471744,0.5385700955360851,0.7,0.3,0.0
17-22-0.pt,17,22,0.05143160172139415,easy,0.05435265520063694,0.08874728443318972,4.170419483288148e-06,0.004325085903061109,0.5463260168878731,0.7,0.3,0.0
17-23-0.pt,17,23,0.053614719183872506,easy,0.0631837737383716,0.07291984647902161,2.9220884120164924e-06,0.007784889328186145,0.5529877309806006,0.7,0.3,0.0
17-24-0.pt,17,24,0.08091391675245097,easy,0.08318897822468761,0.11135455250080296,2.9268303867429355e-06,0.006626815643987666,0.55967075404107,0.7,0.3,0.0
17-25-0.pt,17,25,0.0750639077742867,easy,0.055446524087659134,0.11449945924866106,1.9167489924872816e-06,0.007887996919939312,0.5665875941141912,0.7,0.3,0.0
17-26-0.pt,17,26,0.07606160025171312,easy,0.05202958234229563,0.11202334236590378,2.7480564662999266e-06,0.007793094651086349,0.5729304220631557,0.7,0.3,0.0
17-27-0.pt,17,27,0.07252090085952745,easy,0.03899428723554153,0.10990761168976833,1.874656898487838e-06,0.005256237278421952,0.5798065548521684,0.7,0.3,0.0
17-28-0.pt,17,28,0.07149226486893888,easy,0.04084211508841066,0.09768372270769392,1.9778512897533824e-06,0.005130212332701101,0.5858518257162629,0.7,0.3,0.0
17-29-0.pt,17,29,0.10702904240093533,medium,0.04870387839718584,0.165880403936654,2.088180486502319e-06,0.007018152679450136,0.592000687819361,0.7,0.3,0.0
17-3-0.pt,17,3,0.0920151896159806,medium,0.4679817001179879,0.07007455026347335,0.016586046493871295,0.040748736582864487,0.2824443516412101,0.7,0.3,0.0
17-30-0.pt,17,30,0.07007105056627162,easy,0.04738997747588918,0.07536151854836932,2.1841771701941545e-06,0.002117474011871431,0.5974320723559496,0.7,0.3,0.0
17-31-0.pt,17,31,0.06919487216204286,easy,0.05098892769376805,0.06264516905339268,1.394955804317177e-06,0.0013396558550573367,0.6032987591974951,0.7,0.3,0.0
17-32-0.pt,17,32,0.08535542234104763,easy,0.03303460708375515,0.10751730296475576,1.6142280642169017e-06,0.005726804934424014,0.6092206102925594,0.7,0.3,0.0
17-33-0.pt,17,33,0.07462745625472815,easy,0.03845112577816617,0.07051072578339496,2.1691882144410972e-06,0.004116706206891639,0.6146616478298507,0.7,0.3,0.0
17-34-0.pt,17,34,0.07666023769413174,easy,0.03204882439850426,0.07449694536738635,1.4062446707751413e-06,0.004507858012766898,0.6199072903841863,0.7,0.3,0.0
17-35-0.pt,17,35,0.11706366740939166,medium,0.056200494320399585,0.14228741255779856,1.5426007666866008e-06,0.0029944345447497477,0.625533818908072,0.7,0.3,0.0
17-36-0.pt,17,36,0.09673560264135685,medium,0.06189879574416216,0.08067218754177281,1.9226717259281487e-06,0.0027845331786846557,0.6307250609377175,0.7,0.3,0.0
17-37-0.pt,17,37,0.09699122246667514,medium,0.047882831146087955,0.08711470910211037,1.2753284816394137e-06,0.004490868635754012,0.6356209623171943,0.7,0.3,0.0
17-38-0.pt,17,38,0.10833847810771141,medium,0.053298443383034,0.10261350521217222,1.5354270682736256e-06,0.0046475907337343945,0.6404656701100394,0.7,0.3,0.0
17-39-0.pt,17,39,0.09853877323025183,medium,0.051177649770132005,0.07585053110087793,1.1002365536465083e-06,0.0035145984539357846,0.6452021444725087,0.7,0.3,0.0
17-4-0.pt,17,4,0.07789105345923002,easy,0.34177678501106856,0.13370789146078751,0.007499798974420513,0.035320199624674725,0.31479796111255814,0.7,0.3,0.0
17-40-0.pt,17,40,0.1572592255074803,medium,0.08777177301696529,0.17507934074613213,1.778591142704192e-06,0.0043723801332052736,0.6494124096120938,0.7,0.3,0.0
17-41-0.pt,17,41,0.22692585139738214,hard,0.06704244032010807,0.3553213735976571,1.331504522058833e-06,0.006757112308915778,0.6546063144051213,0.7,0.3,0.0
17-42-0.pt,17,42,0.12237673797259724,medium,0.07740299575779885,0.09036049937112987,1.2527914556751866e-06,0.0019223157877364236,0.6592461493805057,0.7,0.3,0.0
17-43-0.pt,17,43,0.1306591931041727,medium,0.09826173821584432,0.08453151975257307,1.2055456403302064e-06,0.0011662577212080635,0.6636174578213203,0.7,0.3,0.0
17-44-0.pt,17,44,0.12726597316453125,medium,0.10607452989147835,0.06270299894582645,1.0867478359599027e-06,0.0009319056716700078,0.6681680969312231,0.7,0.3,0.0
17-45-0.pt,17,45,0.15389318448409253,medium,0.12063351506222943,0.1057658224599924,9.223465539855041e-07,0.0016741946016457041,0.672805759311196,0.7,0.3,0.0
17-46-0.pt,17,46,0.16810052202003703,hard,0.13528655198873293,0.11930146279547303,2.1127355722827756e-06,0.002224305061487448,0.677092299573201,0.7,0.3,0.0
17-47-0.pt,17,47,0.15832229724875224,medium,0.14392126349189,0.08133331051436529,1.6513085548518442e-06,0.0020122981443506365,0.6815123594987941,0.7,0.3,0.0
17-48-0.pt,17,48,0.1704217572223714,hard,0.1587919477410668,0.0892284985893951,1.3628005739495326e-06,0.0029685453020277474,0.6857320817733938,0.7,0.3,0.0
17-49-0.pt,17,49,0.2948310753533567,hard,0.19299564049703052,0.34736811052000216,1.7577479310020643e-06,0.006210523261463956,0.6901218273671275,0.7,0.3,0.0
17-5-0.pt,17,5,0.036395036090621884,easy,0.3167383385458607,0.04681648021003416,0.0031840860404272215,0.01617045768424172,0.34111083349192317,0.7,0.3,0.0
17-50-0.pt,17,50,0.2669060579046983,hard,0.2391344810426483,0.22719559415184332,2.4930526795969633e-06,0.006989110216161019,0.6943493208711798,0.7,0.3,0.0
17-6-0.pt,17,6,0.04854134835674975,easy,0.28679476926071024,0.06793232741419523,0.0017361918918217625,0.026339539325789606,0.3633999865522651,0.7,0.3,0.0
17-7-0.pt,17,7,0.10759510426008241,medium,0.2145485175613137,0.25413590234050576,0.0009109738909649478,0.029745851025298118,0.38342199992568776,0.7,0.3,0.0
17-8-0.pt,17,8,0.04062912449336708,easy,0.21394668209837578,0.08077050045634009,0.0005433863009033312,0.018972548843995185,0.4006839853208517,0.7,0.3,0.0
17-9-0.pt,17,9,0.03987681516659011,easy,0.16045663798907275,0.11453369411838309,0.0003168041402526461,0.016268217941209504,0.41640872281037,0.7,0.3,0.0
18-10-0.pt,18,10,0.03858016237185812,easy,0.14549406363752207,0.09942626324407663,0.00018452067122630569,0.01383082560643497,0.4386717246569847,0.7,0.3,0.0
18-11-0.pt,18,11,0.07338811123103987,easy,0.10690286641369459,0.20733369726362594,0.00011250822495468785,0.01194074138187119,0.4514822417731702,0.7,0.3,0.0
18-12-0.pt,18,12,0.023571370184863622,easy,0.08838447029052708,0.08792042361246886,7.490778668259687e-05,0.012722190097850477,0.4639340510049953,0.7,0.3,0.0
18-13-0.pt,18,13,0.013861197952053443,easy,0.08488660086890722,0.05810617283660691,4.889202371146783e-05,0.007544727196533944,0.4752481525050811,0.7,0.3,0.0
18-14-0.pt,18,14,0.023804424777082094,easy,0.070490232564543,0.08045499513428847,3.292527789229322e-05,0.009598086205892123,0.48588915665266935,0.7,0.3,0.0
18-15-0.pt,18,15,0.019648183690780148,easy,0.07188069965212701,0.057320336918383806,2.3807875896576532e-05,0.007357800619895373,0.49639820350757163,0.7,0.3,0.0
18-16-0.pt,18,16,0.04913606662190951,easy,0.09120154920442372,0.09543696472909188,1.7144103614049117e-05,0.00817963739966581,0.5063504070498849,0.7,0.3,0.0
18-17-0.pt,18,17,0.060204337592872,easy,0.06670645386949232,0.13640138804577379,1.0507178887482724e-05,0.0070442347313718545,0.5150202030326654,0.7,0.3,0.0
18-18-0.pt,18,18,0.024959436388877525,easy,0.05348564873592353,0.053966711732680535,5.8288083885640015e-06,0.006065901901045398,0.5235122582368836,0.7,0.3,0.0
18-19-0.pt,18,19,0.027196002146378465,easy,0.06124983751330161,0.04192371038505399,3.828538612426542e-06,0.004780981963815469,0.531802249175097,0.7,0.3,0.0
18-2-0.pt,18,2,0.15562669702292672,medium,0.6362344413193147,0.04404769260929525,0.06590715322111584,0.05046634620957432,0.2468553027979485,0.7,0.3,0.0
18-20-0.pt,18,20,0.05025220729766796,easy,0.05123663389785602,0.09563842225236756,3.1814493933016725e-06,0.0058805936643435515,0.5401471832856941,0.7,0.3,0.0
18-21-0.pt,18,21,0.03905874196348716,easy,0.04893699809621953,0.06206258126286733,3.0537660081205995e-06,0.004437270786570947,0.5478460260010374,0.7,0.3,0.0
18-22-0.pt,18,22,0.04439744377247329,easy,0.08596266254221512,0.029387882916947522,4.389075825817701e-06,0.003553915771841358,0.5549894120121951,0.7,0.3,0.0
18-23-0.pt,18,23,0.08319008105889666,easy,0.07403988730713144,0.12373916745347817,2.4213339084696774e-06,0.005534242082866047,0.5622156258819639,0.7,0.3,0.0
18-24-0.pt,18,24,0.06190148214902555,easy,0.06274766197396855,0.07221576928158839,2.420205022131117e-06,0.00731047083273555,0.569358499704999,0.7,0.3,0.0
18-25-0.pt,18,25,0.038648781288245324,easy,0.028453391926235697,0.04217987055504067,1.8353638511825774e-06,0.006108014691593003,0.5763017147314895,0.7,0.3,0.0
18-26-0.pt,18,26,0.05555764462672922,easy,0.022423326354998843,0.08142581823123027,2.093654641165446e-06,0.00490481317780502,0.5830576490723728,0.7,0.3,0.0
18-27-0.pt,18,27,0.055740681921096734,easy,0.03331120489665256,0.06266273977728147,1.9490047933029695e-06,0.004543265056439456,0.589608875643114,0.7,0.3,0.0
18-28-0.pt,18,28,0.07204657371326025,easy,0.037734645030094,0.08919703202852441,2.031160222416485e-06,0.005277030313541596,0.5955048517738945,0.7,0.3,0.0
18-29-0.pt,18,29,0.08233905006719501,easy,0.03726416919371002,0.10655562184343555,1.6888777272562466e-06,0.0049121796235652776,0.6018537884279632,0.7,0.3,0.0
18-3-0.pt,18,3,0.11216476891543276,medium,0.423650898188424,0.1313471564286978,0.01630471593648847,0.06329607787063213,0.2896956032450954,0.7,0.3,0.0
18-30-0.pt,18,30,0.09477838744873791,medium,0.034094257013405904,0.13017596743406662,2.219278118738873e-06,0.006541796481849858,0.6079336404693748,0.7,0.3,0.0
18-31-0.pt,18,31,0.09822770728485174,medium,0.02508414554634415,0.14037730304640741,1.4064117879722158e-06,0.006095334467711561,0.6136790254674621,0.7,0.3,0.0
18-32-0.pt,18,32,0.10286888055077836,medium,0.02160944751723444,0.14927544309866822,8.750962001960394e-07,0.004384237667286819,0.6193637283153987,0.7,0.3,0.0
18-33-0.pt,18,33,0.06312798738164552,easy,0.0366815106919856,0.030253743695098517,1.335725854456029e-06,0.004275676660209562,0.6252346100955778,0.7,0.3,0.0
18-34-0.pt,18,34,0.09640358031424698,medium,0.03731089501068262,0.10536992338596372,1.6490682086133746e-06,0.0018606083600461326,0.630732596483708,0.7,0.3,0.0
18-35-0.pt,18,35,0.07928691153120325,easy,0.038397264427017935,0.05482394386548744,1.1192249392591177e-06,0.0027515450612190812,0.6360920612474689,0.7,0.3,0.0
18-36-0.pt,18,36,0.10563836960382897,medium,0.046478175474617085,0.10275659983194668,1.0951324288644511e-06,0.0038017481594493628,0.6412068049752004,0.7,0.3,0.0
18-37-0.pt,18,37,0.13571216465673244,medium,0.038046504059266135,0.17639411620823772,8.972841424679398e-07,0.004893389178979316,0.6461588551963343,0.7,0.3,0.0
18-38-0.pt,18,38,0.1271965669333871,medium,0.04171716331339794,0.14730173457510198,1.2317933872528479e-06,0.003445725934615913,0.6508672667467477,0.7,0.3,0.0
18-39-0.pt,18,39,0.13422415936175427,medium,0.06958897433751048,0.12953500761353406,1.4984976169337951e-06,0.003891917660539555,0.6557532974415693,0.7,0.3,0.0
18-4-0.pt,18,4,0.08616284804332973,medium,0.33315347908736637,0.1408323371466508,0.00737092800966557,0.04704399244765541,0.3223026961766205,0.7,0.3,0.0
18-40-0.pt,18,40,0.12873213223172653,medium,0.08110934777678402,0.09828505302155087,1.1739796760030657e-06,0.004002561032441522,0.6605185461611959,0.7,0.3,0.0
18-41-0.pt,18,41,0.15674204437388445,medium,0.05796308458773154,0.18290982497919608,8.887081486103481e-07,0.0032187552502150646,0.6659255226331138,0.7,0.3,0.0
18-42-0.pt,18,42,0.11992916353993464,medium,0.06944370576912648,0.0775687112954639,1.2282462409155308e-06,0.0018101557294801437,0.6705168566713784,0.7,0.3,0.0
18-43-0.pt,18,43,0.13921260874761132,medium,0.08903232036454244,0.09938264804234642,1.292570649284858e-06,0.001308055994160189,0.6749069211913481,0.7,0.3,0.0
18-44-0.pt,18,44,0.11217434110309006,medium,0.08828745574862429,0.028115179393050076,6.078909438354863e-07,0.0014921698892091835,0.6796799630910146,0.7,0.3,0.0
18-45-0.pt,18,45,0.15351832104526164,medium,0.10737403176292434,0.10409639915998914,6.302562687937396e-07,0.00037267735140331906,0.6843700054550317,0.7,0.3,0.0
18-46-0.pt,18,46,0.16113391102968436,medium,0.11916092013005077,0.10409639915998914,1.2957455624894813e-06,0.000862789403082038,0.6890284104495389,0.7,0.3,0.0
18-47-0.pt,18,47,0.18724334497007755,hard,0.1435425320729152,0.13463290878129552,1.3069098017962826e-06,0.003057742159108765,0.6936633911263482,0.7,0.3,0.0
18-48-0.pt,18,48,0.17096038118816922,hard,0.16302955918209597,0.07118216785657276,1.5438014791622861e-06,0.0020610951022554318,0.697823384372187,0.7,0.3,0.0
18-49-0.pt,18,49,0.22507626158423552,hard,0.19455101103381306,0.16160366427969694,1.8071158356727987e-06,0.005071859367318004,0.7024654127966585,0.7,0.3,0.0
18-5-0.pt,18,5,0.05642455565665802,easy,0.3116672951163684,0.08354777936090291,0.0030756038365909646,0.023218512847154756,0.3486014235389719,0.7,0.3,0.0
18-50-0.pt,18,50,0.23340937645173787,hard,0.22952030356821856,0.14336548225345697,2.499368060469929e-06,0.0034839271639933124,0.7062725813792993,0.7,0.3,0.0
18-6-0.pt,18,6,0.05165023607415531,easy,0.26324611526601377,0.08618379920821,0.0016748483621980103,0.028977369173209193,0.3711377533031899,0.7,0.3,0.0
18-7-0.pt,18,7,0.0245187843961517,easy,0.20391879977978036,0.05746054564765691,0.0008635114965132241,0.02577627869668111,0.39101150563791776,0.7,0.3,0.0
18-8-0.pt,18,8,0.018902195533886983,easy,0.1819696798737182,0.056468609717016525,0.0005139062059566318,0.011936157958240778,0.4087653102469886,0.7,0.3,0.0
18-9-0.pt,18,9,0.041653015067775245,easy,0.16737488601921216,0.10289615753165315,0.00029318140313264537,0.014594276422668626,0.42449932248853905,0.7,0.3,0.0
19-10-0.pt,19,10,0.03250552622424992,easy,0.11411652965128086,0.11032489188462441,0.00016897199460747672,0.009633757455437745,0.44619985063578815,0.7,0.3,0.0
19-11-0.pt,19,11,0.01575825590711429,easy,0.09860423647082218,0.07023830944255856,0.00010151284497262827,0.007286418381870003,0.45936267559714317,0.7,0.3,0.0
19-12-0.pt,19,12,0.030781864992086915,easy,0.0843345460959324,0.10527206928753,6.526014025048994e-05,0.006634276073200036,0.47168084642693714,0.7,0.3,0.0
19-13-0.pt,19,13,0.03385500714664346,easy,0.07439277517254256,0.10277433920287682,4.0682719391470976e-05,0.01108357067219316,0.4833488132924255,0.7,0.3,0.0
19-14-0.pt,19,14,0.048359062923141474,easy,0.07274466243953973,0.1289418024737397,2.9099382035066543e-05,0.007153707315652486,0.49433797138964053,0.7,0.3,0.0
19-15-0.pt,19,15,0.02938698788191685,easy,0.08044840527325563,0.06145003017127543,1.8169877346892285e-05,0.007277435218686531,0.5046868961813278,0.7,0.3,0.0
19-16-0.pt,19,16,0.02550146792427887,easy,0.05877055607419168,0.058984142317622015,1.1064820847324023e-05,0.009196575346528277,0.5143612024374176,0.7,0.3,0.0
19-17-0.pt,19,17,0.054750873795994665,easy,0.05373035758830246,0.12190604968578629,5.6091328234707025e-06,0.010292795678128403,0.523334100499727,0.7,0.3,0.0
19-18-0.pt,19,18,0.033896302919085006,easy,0.062451351123828186,0.05604870869738399,4.184222606370141e-06,0.005520834568731371,0.5319274285365702,0.7,0.3,0.0
19-19-0.pt,19,19,0.013789719994506797,easy,0.04988366614981144,0.00849240927343507,3.2685099493743196e-06,0.005197024780847872,0.5407857393802964,0.7,0.3,0.0
19-2-0.pt,19,2,0.17346802429936636,hard,0.6652942462976051,0.04578143651083502,0.06605794921574032,0.053534263827664075,0.253807256133575,0.7,0.3,0.0
19-20-0.pt,19,20,0.0474168636439747,easy,0.04633502644031727,0.08248488060370694,2.330659429217911e-06,0.005483381202848496,0.548889964320034,0.7,0.3,0.0
19-21-0.pt,19,21,0.06413556811860631,easy,0.0811017383304147,0.08051407411251875,3.618077176594978e-06,0.003605131592535704,0.556123866783278,0.7,0.3,0.0
19-22-0.pt,19,22,0.052952460991423,easy,0.07167042182649372,0.05187556511916078,3.5401659524058856e-06,0.004193462950282707,0.5639644001581595,0.7,0.3,0.0
19-23-0.pt,19,23,0.06812029452362844,easy,0.043989316806864576,0.10483651869333888,2.1577470251078865e-06,0.005663261659763354,0.5715103329835789,0.7,0.3,0.0
19-24-0.pt,19,24,0.054519788971947765,easy,0.022791377895564742,0.08410808150021544,2.0264201934399397e-06,0.004903453977541585,0.578858937258583,0.7,0.3,0.0
19-25-0.pt,19,25,0.06563767475754721,easy,0.01961228508112306,0.10574406852970944,1.7629909347438989e-06,0.004429316005288822,0.5856155125833642,0.7,0.3,0.0
19-26-0.pt,19,26,0.09770937653999741,medium,0.02436944353189973,0.16896929288951387,1.7736985540797487e-06,0.005248557828404507,0.5923305234378651,0.7,0.3,0.0
19-27-0.pt,19,27,0.08694249321879406,medium,0.02772803241243153,0.1319192336760514,1.530308980744396e-06,0.004172696320665802,0.5988837852215171,0.7,0.3,0.0
19-28-0.pt,19,28,0.07584404035475081,easy,0.037670267610016156,0.08616272770377481,1.715767123498876e-06,0.004907859234414431,0.6050657736684795,0.7,0.3,0.0
19-29-0.pt,19,29,0.07443594193548414,easy,0.022486131270983218,0.08978970608849059,1.3766583236958539e-06,0.004084518297291706,0.6118352330760235,0.7,0.3,0.0
19-3-0.pt,19,3,0.0933002265397647,medium,0.4044414646577891,0.10842906457334116,0.016065561822119358,0.05085041716973772,0.2965710194395878,0.7,0.3,0.0
19-30-0.pt,19,30,0.08575806030262163,medium,0.020556494555440258,0.11003439413570518,1.6471665116016478e-06,0.005479626313122534,0.6176611243951616,0.7,0.3,0.0
19-31-0.pt,19,31,0.0410495778612366,easy,0.008415134992985587,0.007067397820548944,1.2193244426934064e-06,0.004392150891361853,0.6236102854222001,0.7,0.3,0.0
19-32-0.pt,19,32,0.07952319840839783,easy,0.01981614676003776,0.08105509146331832,9.993309912894714e-07,0.004479478330292811,0.6294464426729404,0.7,0.3,0.0
19-33-0.pt,19,33,0.08792434668779245,medium,0.02347675712013803,0.09192833356665235,1.1243976575650737e-06,0.002626089075327342,0.6352370964702816,0.7,0.3,0.0
19-34-0.pt,19,34,0.08078633017198689,easy,0.02879443826115162,0.0622213756041276,9.361731334248729e-07,0.0023707607669671447,0.6407856327634355,0.7,0.3,0.0
19-35-0.pt,19,35,0.09156109639122173,medium,0.03679221748081303,0.07291677466058194,8.678861058135019e-07,0.002637827045142058,0.6461769579837499,0.7,0.3,0.0
19-36-0.pt,19,36,0.10245382174153927,medium,0.046791717971523,0.08055535687518205,1.1940389000397009e-06,0.005101873924830355,0.6509218617364922,0.7,0.3,0.0
19-37-0.pt,19,37,0.18063787479027696,hard,0.04240885094646376,0.2678506141916195,9.91635073589278e-07,0.004499734921659986,0.6562831683585459,0.7,0.3,0.0
19-38-0.pt,19,38,0.10907579231044164,medium,0.048048161043639404,0.08419360567357322,1.151358655450966e-06,0.002516483495191171,0.6612868624133663,0.7,0.3,0.0
19-39-0.pt,19,39,0.13881224617854615,medium,0.04709045579206746,0.14936486092090934,6.287641474915508e-07,0.0031009543830672792,0.6667540286887627,0.7,0.3,0.0
19-4-0.pt,19,4,0.0974801967410144,medium,0.3613026761027749,0.14445341984083265,0.0072592707756337005,0.033688471200175575,0.3291820067251839,0.7,0.3,0.0
19-40-0.pt,19,40,0.1292581140249856,medium,0.06803625467105122,0.10070652317357653,1.313798181109901e-06,0.001577602919563834,0.6713493328683942,0.7,0.3,0.0
19-41-0.pt,19,41,0.12889636707709548,medium,0.058021384537869355,0.10225100651554177,7.991604205997996e-07,0.0022182326443416847,0.6765975712294288,0.7,0.3,0.0
19-42-0.pt,19,42,0.13291611873273837,medium,0.07056005553999191,0.09341666324723723,1.2610855822361823e-06,0.0018737863153417884,0.6814113068856082,0.7,0.3,0.0
19-43-0.pt,19,43,0.13962560070070146,medium,0.08932605779899824,0.08541070999015235,8.330039539118901e-07,0.0013763346492876337,0.6859340891222843,0.7,0.3,0.0
19-44-0.pt,19,44,0.20897134234551407,hard,0.08460870242225829,0.24840918258211184,8.877414527143253e-07,0.004361370138487072,0.6910173389140087,0.7,0.3,0.0
19-45-0.pt,19,45,0.17862450665044083,hard,0.11745503511363534,0.13584132811489977,1.4219767103301797e-06,0.004035878769615908,0.6959428524701831,0.7,0.3,0.0
19-46-0.pt,19,46,0.17786435110479268,hard,0.13197443640639747,0.11508411486377772,1.4785223908973287e-06,0.0023289175146892277,0.7005490003868905,0.7,0.3,0.0
19-47-0.pt,19,47,0.16274867527022777,medium,0.1455739201851395,0.06026423291894805,1.5308357081338043e-06,0.0009114370986554304,0.7050906179056056,0.7,0.3,0.0
19-48-0.pt,19,48,0.17286090221756664,hard,0.15879363304494706,0.0657824839723221,1.3222400269852522e-06,0.001038883214538051,0.7093422122535937,0.7,0.3,0.0
19-49-0.pt,19,49,0.20421242939353124,hard,0.19166609611889454,0.10180471363026351,1.5680185867150726e-06,0.0022321481492898246,0.7137694304761102,0.7,0.3,0.0
19-5-0.pt,19,5,0.08518479454056886,easy,0.3414478938637537,0.10785519191341249,0.0029788818011953775,0.029577997837279876,0.35563967898737814,0.7,0.3,0.0
19-50-0.pt,19,50,0.22839825989758977,hard,0.23036261036867903,0.1138107288489736,1.9797927490946834e-06,0.004249519203207608,0.7182025437685254,0.7,0.3,0.0
19-6-0.pt,19,6,0.06621472371152394,easy,0.2245511779400366,0.1492426181415934,0.001620425167228708,0.03001058598216989,0.37864133484385337,0.7,0.3,0.0
19-7-0.pt,19,7,0.03020523322008482,easy,0.20535040087284412,0.06621992211458537,0.0008205485092887964,0.01954542334443893,0.3984524490886591,0.7,0.3,0.0
19-8-0.pt,19,8,0.01758682635659992,easy,0.16533662099954585,0.05829033734800231,0.000486261389903188,0.013736395267302486,0.41620085051271527,0.7,0.3,0.0
19-9-0.pt,19,9,0.025807083229743052,easy,0.12947443999453442,0.09503249278745574,0.0002726670262661801,0.01218238024669144,0.4319009770409993,0.7,0.3,0.0
2-10-0.pt,2,10,0.5675603838677169,hard,0.8472817423307928,0.05255812044292247,0.8854635350804388,0.10684812636594158,0.1732559078224124,0.7,0.3,0.0
2-11-0.pt,2,11,0.5725944096670837,hard,0.8135682919475665,0.10556060675252306,0.8985045808920364,0.0716599611274722,0.1846173547868061,0.7,0.3,0.0
2-12-0.pt,2,12,0.5695565657705858,hard,0.8121121826749457,0.05255812044292247,0.909400836549422,0.0940454043722661,0.19504549853347494,0.7,0.3,0.0
2-13-0.pt,2,13,0.5857392856818264,hard,0.8144752803884474,0.07684550254871406,0.9186440447077988,0.08425157426689533,0.20493645196033583,0.7,0.3,0.0
2-14-0.pt,2,14,0.5996461164395768,hard,0.7818181113729481,0.10330157859456862,0.9265636454271767,0.10423824678448257,0.21398284357605504,0.7,0.3,0.0
2-15-0.pt,2,15,0.57530896517471,hard,0.7801305998638931,0.06470313167283384,0.933438483527038,0.06745481198591309,0.2224612254853691,0.7,0.3,0.0
2-16-0.pt,2,16,0.5712710650435082,hard,0.7637232287970426,0.05114472816601275,0.9394533049916564,0.07118574483454239,0.23033865626964692,0.7,0.3,0.0
2-17-0.pt,2,17,0.6361963006155331,hard,0.7845966123180537,0.1332185954342332,0.9447601499283811,0.11033310478978973,0.23780331287455694,0.7,0.3,0.0
2-18-0.pt,2,18,0.630866362168368,hard,0.7698090145750099,0.14392055598547135,0.9494759147564037,0.0872844254724032,0.24497761237585117,0.7,0.3,0.0
2-19-0.pt,2,19,0.6247806765762471,hard,0.7409907296564715,0.12491407511169988,0.9536886967020016,0.10737476400950229,0.2516026046927045,0.7,0.3,0.0
2-2-0.pt,2,2,0.9733317650896973,hard,1.0,0.7297770437891635,0.3749853731861697,1.0,0.0,0.7,0.3,0.0
2-20-0.pt,2,20,0.670239927159285,hard,0.746647783366208,0.22500111155899052,0.9574747819052913,0.09973354398307,0.2578241953652123,0.7,0.3,0.0
2-21-0.pt,2,21,0.7057305670315802,hard,0.7567430121164145,0.29544475807166204,0.9608966574377291,0.09372530081185211,0.26388416003946125,0.7,0.3,0.0
2-22-0.pt,2,22,0.8545398941588682,hard,0.7770703433555374,0.6393237552481668,0.9640038539774459,0.07929431178884262,0.26964461576147697,0.7,0.3,0.0
2-23-0.pt,2,23,0.7015810613602301,hard,0.7586414221187071,0.3069073291729749,0.9668487288490701,0.04931936759533974,0.2752351766761098,0.7,0.3,0.0
2-24-0.pt,2,24,0.6372585495558167,hard,0.7578199606527499,0.15885699799178662,0.9694493495654963,0.03247272154065472,0.2807340280046895,0.7,0.3,0.0
2-25-0.pt,2,25,0.7508182404837247,hard,0.7311671952118474,0.414664745852154,0.9718444623155621,0.06893327424958712,0.2860973794383126,0.7,0.3,0.0
2-26-0.pt,2,26,0.63798901590759,hard,0.7502467120042831,0.14075463775635816,0.9740427983061813,0.04185949221582409,0.29089639297090536,0.7,0.3,0.0
2-27-0.pt,2,27,0.635949801222596,hard,0.7537088679048736,0.13423528785215166,0.9760759236035796,0.031773970971438276,0.29555245954741194,0.7,0.3,0.0
2-28-0.pt,2,28,0.6385713520709845,hard,0.7702518170191484,0.1245647844189491,0.9779593055451425,0.02315983914215957,0.30023885555252267,0.7,0.3,0.0
2-29-0.pt,2,29,0.6345481891278587,hard,0.7745919076856768,0.1001339435129781,0.9797125230170409,0.02582513326480356,0.3047109267141837,0.7,0.3,0.0
2-3-0.pt,2,3,0.6074230839296075,hard,0.9816650476285644,0.2744704228553242,0.5709779415355325,0.3394608989304502,0.039029686102965463,0.7,0.3,0.0
2-30-0.pt,2,30,0.6077687601063926,hard,0.7600079983525345,0.05015221954516538,0.9813498222930682,0.018042663492314624,0.309113384778185,0.7,0.3,0.0
2-31-0.pt,2,31,0.6076919987355585,hard,0.7579693781813227,0.04516983408282325,0.9828754762502578,0.017707772762874042,0.3133732370817972,0.7,0.3,0.0
2-32-0.pt,2,32,0.6391339989951274,hard,0.7738795634418086,0.09272320831544621,0.9843015374788486,0.023661330725859724,0.3173960839500409,0.7,0.3,0.0
2-33-0.pt,2,33,0.6348183794161837,hard,0.76651966693486,0.07619681866251296,0.985643253328483,0.030598055539591267,0.32128481814917215,0.7,0.3,0.0
2-34-0.pt,2,34,0.7852454478371235,hard,0.7774734353107239,0.4026957463840196,0.986901205435178,0.0512659153749715,0.32510056395670395,0.7,0.3,0.0
2-35-0.pt,2,35,0.6201590098353423,hard,0.759643784742344,0.0337226798132859,0.9880874350676175,0.031889033342651404,0.3289075928147404,0.7,0.3,0.0
2-36-0.pt,2,36,0.6361307486326838,hard,0.7594746225236495,0.07344005391079649,0.9892032001003803,0.025027297275140886,0.3325996318234545,0.7,0.3,0.0
2-37-0.pt,2,37,0.6439116531133975,hard,0.7506821658605619,0.10244124312558467,0.9902581917761943,0.017968925723263304,0.3361054383184169,0.7,0.3,0.0
2-38-0.pt,2,38,0.6241170107831275,hard,0.7503626202709435,0.047045447382048806,0.9912555574337897,0.020081082633159518,0.3396149189475012,0.7,0.3,0.0
2-39-0.pt,2,39,0.6656988355265862,hard,0.7554017741585914,0.13091046227619196,0.9921984950938023,0.02674258731097868,0.34280754433697214,0.7,0.3,0.0
2-4-0.pt,2,4,0.626543757346921,hard,0.9667891959966475,0.25779097473927687,0.6782540564395415,0.2703813536936216,0.06897830027629212,0.7,0.3,0.0
2-40-0.pt,2,40,0.6428417415710405,hard,0.7506480020943076,0.07007989990908174,0.9930939725823182,0.0318740163246278,0.34596405393444035,0.7,0.3,0.0
2-41-0.pt,2,41,0.6374797950678,hard,0.7433760379088666,0.06756644847725574,0.9939451069888772,0.023594239555323533,0.34915188884117193,0.7,0.3,0.0
2-42-0.pt,2,42,0.6342314187125655,hard,0.7415158738151713,0.050287721486013987,0.9947519324942549,0.029942350204326878,0.35225698271421224,0.7,0.3,0.0
2-43-0.pt,2,43,0.6810457009596245,hard,0.7685269303208767,0.13540807176632644,0.9955187211754101,0.02648008380409057,0.3552603030014112,0.7,0.3,0.0
2-44-0.pt,2,44,0.6679953518019316,hard,0.771948232914684,0.09406396833284637,0.9962491553251184,0.028068485305929987,0.35826963560823893,0.7,0.3,0.0
2-45-0.pt,2,45,0.6571186593007831,hard,0.7800225031132019,0.05715836075632967,0.9969457749861407,0.02589053811688297,0.36125990466220337,0.7,0.3,0.0
2-46-0.pt,2,46,0.6547623363805978,hard,0.7926949907176243,0.03363526506883421,0.997611108298221,0.026600039100107453,0.3641030841388765,0.7,0.3,0.0
2-47-0.pt,2,47,0.7170429592796042,hard,0.7870940624399547,0.17371058079963586,0.9982480395541391,0.03861239544829666,0.3669418837380752,0.7,0.3,0.0
2-48-0.pt,2,48,0.7126277668571456,hard,0.7934821049956137,0.1641181406647973,0.9988564190965943,0.02688924040049326,0.3696759674676806,0.7,0.3,0.0
2-49-0.pt,2,49,0.7216543578762775,hard,0.7951676658633542,0.17413461575474237,0.9994395889311137,0.032936016855065954,0.3723449781264099,0.7,0.3,0.0
2-5-0.pt,2,5,0.6178180128296354,hard,0.9559443874433537,0.13396145944598853,0.7454290026277538,0.28459827323077974,0.09323722103084994,0.7,0.3,0.0
2-50-0.pt,2,50,0.7865421750228555,hard,0.7984711252247921,0.2790184608229134,1.0,0.07787975104128757,0.37499402791064956,0.7,0.3,0.0
2-6-0.pt,2,6,1.0,hard,0.928991673635181,1.0,0.7913075068591228,0.29867073847811904,0.11351053614047302,0.7,0.3,0.0
2-7-0.pt,2,7,0.8717930187403338,hard,0.9152631727762003,0.6961641620568686,0.8246089809590942,0.24881483760239348,0.1312587333058452,0.7,0.3,0.0
2-8-0.pt,2,8,0.7258547519157285,hard,0.894181797319117,0.3634481808524502,0.8498272122651737,0.20321701828776423,0.14681916064794812,0.7,0.3,0.0
2-9-0.pt,2,9,0.5988362306410758,hard,0.8597996076408584,0.12977438487380968,0.8695714321817868,0.12556151405583138,0.16058827658450125,0.7,0.3,0.0
20-10-0.pt,20,10,0.02215821809273956,easy,0.10852695250395113,0.0861562769323031,0.00015460220948624304,0.004735661031338185,0.45344713339183773,0.7,0.3,0.0
20-11-0.pt,20,11,0.02508397697486862,easy,0.0904000288686289,0.08739942795437107,9.213688078571261e-05,0.010793396756955127,0.46701447463469836,0.7,0.3,0.0
20-12-0.pt,20,12,0.017400569224015866,easy,0.08794168490766857,0.05752560884716984,5.7024593100546304e-05,0.008449080797224997,0.479163420550122,0.7,0.3,0.0
20-13-0.pt,20,13,0.036361795573880334,easy,0.06927841102783634,0.10436539573957068,3.40825024227813e-05,0.010541108600709528,0.49100581685961275,0.7,0.3,0.0
20-14-0.pt,20,14,0.02606454381180285,easy,0.05464952782625774,0.08018892312132464,2.2154520797588904e-05,0.009813146445768816,0.5020235774097466,0.7,0.3,0.0
20-15-0.pt,20,15,0.028129452584507022,easy,0.07492402564966494,0.05176440803551886,1.4127883096569848e-05,0.00945642210164984,0.5122254031779186,0.7,0.3,0.0
20-16-0.pt,20,16,0.0393016558439329,easy,0.05595565185499069,0.08444938162328613,7.328215080306334e-06,0.00966243000511063,0.5221505063138144,0.7,0.3,0.0
20-17-0.pt,20,17,0.04975114084160505,easy,0.06356711035299764,0.0938092957477012,3.94415910342163e-06,0.005959587547459328,0.5312452338043658,0.7,0.3,0.0
20-18-0.pt,20,18,0.0803132380696529,easy,0.05879215855778092,0.1618970071778483,3.301353414946087e-06,0.004540158064147316,0.5404143571467488,0.7,0.3,0.0
20-19-0.pt,20,19,0.03486252716318364,easy,0.045955818138829825,0.052136608181250745,2.7808774096329484e-06,0.005453838356507129,0.5491477964376951,0.7,0.3,0.0
20-2-0.pt,20,2,0.1977992675300552,hard,0.660092966043818,0.11654309191423508,0.06623052830632029,0.038152659789584854,0.26029415231845876,0.7,0.3,0.0
20-20-0.pt,20,20,0.07011442430873703,easy,0.07551389433806713,0.09646142687742884,3.2266765388537658e-06,0.00685202537075353,0.5567870796630344,0.7,0.3,0.0
20-21-0.pt,20,21,0.0756299363401035,easy,0.07387912882307009,0.10316611055342033,2.7776922550667556e-06,0.004678292954230612,0.5646863650357234,0.7,0.3,0.0
20-22-0.pt,20,22,0.05965951359916912,easy,0.0520579509970552,0.0763895182799827,2.8151949865192735e-06,0.0038569406614714866,0.5727830902143017,0.7,0.3,0.0
20-23-0.pt,20,23,0.06423855159639953,easy,0.02705934071306442,0.101946456308622,2.0242803940809633e-06,0.004367060778407927,0.580349783124938,0.7,0.3,0.0
20-24-0.pt,20,24,0.05064463558621848,easy,0.025881961451890156,0.06329960739269465,1.7831944662505593e-06,0.0017808588692842136,0.5875024017213101,0.7,0.3,0.0
20-25-0.pt,20,25,0.04692991101806512,easy,0.023870283099701583,0.04696212231770667,1.272277697373054e-06,0.00200258805122593,0.5943918054915895,0.7,0.3,0.0
20-26-0.pt,20,26,0.08824561464577078,medium,0.024611742098200284,0.13299596809950237,1.482285393760525e-06,0.006515205767772192,0.6010378496463473,0.7,0.3,0.0
20-27-0.pt,20,27,0.12194835489040144,medium,0.029962273845130026,0.19782102362242182,1.6242807010058507e-06,0.008536792676195563,0.6081723180783208,0.7,0.3,0.0
20-28-0.pt,20,28,0.07945574538120981,easy,0.015885731793699988,0.10619580769960134,1.1370736808572733e-06,0.0030058697926708326,0.6144273116233931,0.7,0.3,0.0
20-29-0.pt,20,29,0.08300845545195171,easy,0.011050114143891121,0.11082026489741204,8.011667068170236e-07,0.003238441684987966,0.6209073068817074,0.7,0.3,0.0
20-3-0.pt,20,3,0.08619175953998338,medium,0.40387920782033415,0.08515580071893689,0.015860122953348738,0.04900045663666242,0.303114062954359,0.7,0.3,0.0
20-30-0.pt,20,30,0.08000302899869724,easy,0.023729159165314467,0.08262452203040978,1.4372225953172576e-06,0.0032811059971839937,0.6270901740495034,0.7,0.3,0.0
20-31-0.pt,20,31,0.11923900306356962,medium,0.03007590734232056,0.16024205546325376,1.7751513581428361e-06,0.005949676962063086,0.6334467485298056,0.7,0.3,0.0
20-32-0.pt,20,32,0.07933805956569924,easy,0.022790898856217656,0.06555485744754605,5.948255485739279e-07,0.003778429318779664,0.6390905722292158,0.7,0.3,0.0
20-33-0.pt,20,33,0.08283114716918337,easy,0.021000925212121758,0.06846050558352965,8.638611945294662e-07,0.003529098455317585,0.6448234071438854,0.7,0.3,0.0
20-34-0.pt,20,34,0.11258481384188448,medium,0.03958313158610489,0.11557804292401176,1.3388060019775856e-06,0.0030874315938967446,0.64997407922568,0.7,0.3,0.0
20-35-0.pt,20,35,0.1270237573612619,medium,0.033420527691558136,0.14689880960058166,9.628051706666088e-07,0.005254337780455648,0.655752241312862,0.7,0.3,0.0
20-36-0.pt,20,36,0.11861985750074931,medium,0.03914516036847642,0.11692903959799456,6.594721752781836e-07,0.0020582195522444,0.6610969687616144,0.7,0.3,0.0
20-37-0.pt,20,37,0.1351913012442802,medium,0.04628366640331953,0.1419943252082975,7.545487740297486e-07,0.002751527012841238,0.6665685872040134,0.7,0.3,0.0
20-38-0.pt,20,38,0.13351091070855914,medium,0.04929055422038442,0.12792879428243353,1.0672295282540528e-06,0.0030370836226981403,0.6716265384534794,0.7,0.3,0.0
20-39-0.pt,20,39,0.1148686745706897,medium,0.05143385484848429,0.07534382279664338,7.661942256879815e-07,0.0014226439650805323,0.6768284704541144,0.7,0.3,0.0
20-4-0.pt,20,4,0.07449082790038462,easy,0.3647703127322891,0.08376502293282954,0.007164427045151421,0.026479176148492274,0.3358457142707824,0.7,0.3,0.0
20-40-0.pt,20,40,0.11260070693364542,medium,0.06209788010073802,0.05270933943739606,9.212337420588647e-07,0.0013738887953646626,0.6817526716814953,0.7,0.3,0.0
20-41-0.pt,20,41,0.13903990033624183,medium,0.05897767122313477,0.11188293055519409,5.079803310367211e-07,0.002246965873813477,0.6871317588329857,0.7,0.3,0.0
20-42-0.pt,20,42,0.16322367273175012,medium,0.0606458726205198,0.1615422136938573,1.0566229514571163e-06,0.0027659498437490626,0.6922202030657679,0.7,0.3,0.0
20-43-0.pt,20,43,0.15508531714192111,medium,0.08848155872505067,0.10703480165857365,1.3528779437286393e-06,0.003312247418896666,0.6970569263525674,0.7,0.3,0.0
20-44-0.pt,20,44,0.15428001505767858,medium,0.10242187399510964,0.08382387705277668,1.1382255707695351e-06,0.003998246637515555,0.7020636296658397,0.7,0.3,0.0
20-45-0.pt,20,45,0.20378057515993772,hard,0.1129277995807747,0.18654478355996895,7.776422556178988e-07,0.004700934080634324,0.7065875015955206,0.7,0.3,0.0
20-46-0.pt,20,46,0.18144736713963944,hard,0.12376657944103181,0.11544366951344041,1.5923524802801066e-06,0.0045776330545180596,0.7113263532913229,0.7,0.3,0.0
20-47-0.pt,20,47,0.20579212821309908,hard,0.15708172310416788,0.1355923228121302,1.4751478177420722e-06,0.00342687506094767,0.7163575270179453,0.7,0.3,0.0
20-48-0.pt,20,48,0.19141789852425875,hard,0.15584762118140358,0.09761716764983208,9.090063691040564e-07,0.00216203525411081,0.7206222466273585,0.7,0.3,0.0
20-49-0.pt,20,49,0.21920076648495476,hard,0.18500620603248738,0.13028950950284646,1.3367057132157585e-06,0.001448863201140584,0.7252942634384104,0.7,0.3,0.0
20-5-0.pt,20,5,0.07861124025119542,easy,0.3071218036130457,0.11774531068031771,0.0028919342538541166,0.02900002788704778,0.3625645229644193,0.7,0.3,0.0
20-50-0.pt,20,50,0.25324621956835836,hard,0.22383282023373927,0.16757860612652958,1.9407244288346582e-06,0.0022240510561243776,0.7295125597497772,0.7,0.3,0.0
20-6-0.pt,20,6,0.061307408918232456,easy,0.22624561844504118,0.1321503413972146,0.00157167814452538,0.02415077856757764,0.3857490033571632,0.7,0.3,0.0
20-7-0.pt,20,7,0.03764864969433735,easy,0.2081476251014092,0.06957680729371617,0.000782637959064264,0.021939729613933777,0.40563920071493986,0.7,0.3,0.0
20-8-0.pt,20,8,0.03982445229109112,easy,0.17628978257524727,0.08821508331758263,0.00046189676247341047,0.017049104991268445,0.42352772450698695,0.7,0.3,0.0
20-9-0.pt,20,9,0.041280612645772756,easy,0.14339349783189526,0.10865795458540636,0.0002540126676274239,0.012394096467151748,0.4392591971810553,0.7,0.3,0.0
21-10-0.pt,21,10,0.027227617210292345,easy,0.10567171264741358,0.0904495390778235,0.00014345538159859052,0.006209378649780828,0.46052706488677664,0.7,0.3,0.0
21-11-0.pt,21,11,0.00798276377144342,easy,0.08713049912051365,0.0432099732888594,8.209178727936588e-05,0.007640534313399595,0.4739514059001984,0.7,0.3,0.0
21-12-0.pt,21,12,0.04014980357699355,easy,0.0844609090228514,0.10605375122801644,5.0073895781773756e-05,0.008834981648218639,0.48647474098278815,0.7,0.3,0.0
21-13-0.pt,21,13,0.0019705152392890386,easy,0.06889033359536641,0.015078338796550862,2.9532162726522494e-05,0.006862468204850588,0.4985830519683304,0.7,0.3,0.0
21-14-0.pt,21,14,0.0648861774388329,easy,0.057425438355287635,0.1621814492450627,1.9594873551028506e-05,0.009283867718808353,0.5094313152313386,0.7,0.3,0.0
21-15-0.pt,21,15,0.02878033169971575,easy,0.06363843620020536,0.056834817023911965,9.488335638494228e-06,0.00745710585591201,0.5196186472196319,0.7,0.3,0.0
21-16-0.pt,21,16,0.04428018022535043,easy,0.06390664613315866,0.08263504452663042,6.051456898331343e-06,0.005737359135351978,0.5295852505820338,0.7,0.3,0.0
21-17-0.pt,21,17,0.030905420485392878,easy,0.061277721149421566,0.039344436718415456,3.4854844847653294e-06,0.0063841016382168905,0.5393006198694584,0.7,0.3,0.0
21-18-0.pt,21,18,0.05140977368647223,easy,0.06208957018328676,0.07467301811789258,3.534287229640683e-06,0.007712418517249935,0.5485130264793348,0.7,0.3,0.0
21-19-0.pt,21,19,0.062318444995630835,easy,0.0553955052488453,0.09696845238818072,3.0115319275972097e-06,0.007779487979431178,0.5566339259725641,0.7,0.3,0.0
21-2-0.pt,21,2,0.1809169383645549,hard,0.6396886594052016,0.07929475322862216,0.06641634673269162,0.046526465882182365,0.2664774280055021,0.7,0.3,0.0
21-20-0.pt,21,20,0.07209172263625711,easy,0.054245602909923,0.11230613548889652,2.28683529402483e-06,0.0062240959315965644,0.5649703540348864,0.7,0.3,0.0
21-21-0.pt,21,21,0.0754642869052081,easy,0.03670389312834538,0.1287561722686977,2.1754971682324314e-06,0.0046805222176868055,0.5731258301279749,0.7,0.3,0.0
21-22-0.pt,21,22,0.046414840787072545,easy,0.023348680440696514,0.06268183995184418,2.3453315520149975e-06,0.0029499890212171306,0.5812638653426275,0.7,0.3,0.0
21-23-0.pt,21,23,0.04377454744798482,easy,0.01547913775616127,0.054052835946685446,1.9456341133867896e-06,0.0030659324100071033,0.5888008531327534,0.7,0.3,0.0
21-24-0.pt,21,24,0.08185935459447193,easy,0.025492171712288184,0.12827709246226868,1.4379684680243336e-06,0.0016407466375812365,0.595936829376378,0.7,0.3,0.0
21-25-0.pt,21,25,0.10819436630216482,medium,0.03149161726643994,0.17282654238261122,1.1782416343893076e-06,0.005648038912974142,0.6029142045240236,0.7,0.3,0.0
21-26-0.pt,21,26,0.0776946920706464,easy,0.01557390292748111,0.10713115140805224,1.7814778546020566e-06,0.003779150596783042,0.6101526619923544,0.7,0.3,0.0
21-27-0.pt,21,27,0.08415487140523034,easy,0.015444115723744127,0.11250390475945,1.964365068805342e-06,0.005003382445590036,0.617083616347621,0.7,0.3,0.0
21-28-0.pt,21,28,0.08709540916466965,medium,0.015650612379858975,0.11234299713659485,9.961078038404203e-07,0.0039283871069579245,0.623237845300977,0.7,0.3,0.0
21-29-0.pt,21,29,0.06944395160116171,easy,0.011123168375098191,0.06519311171183385,1.280710870654066e-06,0.00389433356588119,0.6299907370119486,0.7,0.3,0.0
21-3-0.pt,21,3,0.06485041739206814,easy,0.3942103456638864,0.04667759137109139,0.015685168826631922,0.037394074805762706,0.309322013035855,0.7,0.3,0.0
21-30-0.pt,21,30,0.12706553529824427,medium,0.011601394683716409,0.19322767695907522,1.382135263612373e-06,0.006742253870656962,0.6362073441778856,0.7,0.3,0.0
21-31-0.pt,21,31,0.09393702727577478,medium,0.018260386744960076,0.10132244026257761,8.247889359256919e-07,0.0034384397496041628,0.6424649988324351,0.7,0.3,0.0
21-32-0.pt,21,32,0.13889158691417755,medium,0.024497614841127415,0.19459986034370166,1.168792412666931e-06,0.005481368775652093,0.6480136329973326,0.7,0.3,0.0
21-33-0.pt,21,33,0.15724445551948654,medium,0.018790411415838752,0.23828996389104135,1.034674941873501e-06,0.0043777399287003565,0.6537372165921068,0.7,0.3,0.0
21-34-0.pt,21,34,0.09833995190421799,medium,0.04234893590159231,0.06725927131847832,1.244221680525098e-06,0.00164577050191472,0.6593961646266024,0.7,0.3,0.0
21-35-0.pt,21,35,0.11011108034291059,medium,0.02210506234130382,0.10621254804473959,7.95937217876574e-07,0.0033699108580831083,0.6654976312905184,0.7,0.3,0.0
21-36-0.pt,21,36,0.13541211367979994,medium,0.03487273867365814,0.15011102544674113,7.246855726594134e-07,0.0010887330874208183,0.6707135184831671,0.7,0.3,0.0
21-37-0.pt,21,37,0.11503845050978882,medium,0.03756394314648264,0.08841405833083944,8.850833379745378e-07,0.003225896274112397,0.67638138524751,0.7,0.3,0.0
21-38-0.pt,21,38,0.08945903531992347,medium,0.041255381671747214,0.0182914976288055,6.756720354134095e-07,0.0009256279682093388,0.6814842448065402,0.7,0.3,0.0
21-39-0.pt,21,39,0.12991818486198722,medium,0.04263426585625573,0.10779249603686764,4.869960633714676e-07,0.000924721674353847,0.6868730761365079,0.7,0.3,0.0
21-4-0.pt,21,4,0.08084437534349215,easy,0.361408809511943,0.09613467080703317,0.007082813549199447,0.024521246274935973,0.34220341759613443,0.7,0.3,0.0
21-40-0.pt,21,40,0.11482709156060741,medium,0.04624754885138213,0.05964504110083658,9.436500723184047e-07,0.0020340137145641196,0.6920533023751888,0.7,0.3,0.0
21-41-0.pt,21,41,0.12313914782061021,medium,0.06409989634334864,0.05310935224746508,1.2421929139988494e-06,0.003353242591637545,0.6977145684356031,0.7,0.3,0.0
21-42-0.pt,21,42,0.1359388409172898,medium,0.06933753198880782,0.07173727025704223,1.3064645142804746e-06,0.003814174666186874,0.7027582277875449,0.7,0.3,0.0
21-43-0.pt,21,43,0.14060272890105713,medium,0.07755732420906981,0.06864037562808654,9.089115499640309e-07,0.00412416102508438,0.7071858356232713,0.7,0.3,0.0
21-44-0.pt,21,44,0.15307653537820684,medium,0.08534902386944286,0.08416161349673064,9.622936284415998e-07,0.004285705972797221,0.712276665134333,0.7,0.3,0.0
21-45-0.pt,21,45,0.18634559478679916,hard,0.12074864734723824,0.12380614189837993,1.2241856705028567e-06,0.0028319285876852525,0.7175666082871959,0.7,0.3,0.0
21-46-0.pt,21,46,0.1694099612749093,hard,0.12591649993208812,0.07245530623644668,1.2396518646191638e-06,0.0017981229562792347,0.7222363772505491,0.7,0.3,0.0
21-47-0.pt,21,47,0.19353259214325882,hard,0.14188081002317482,0.1080739757401725,1.1271763595856624e-06,0.002230100307890393,0.7270863653614148,0.7,0.3,0.0
21-48-0.pt,21,48,0.1733816399188734,hard,0.15282959222637482,0.04250635582145832,1.1287445958945159e-06,0.002314791363251243,0.7313997044025026,0.7,0.3,0.0
21-49-0.pt,21,49,0.25051133278462173,hard,0.18284267846720262,0.19104928471911392,1.7262176843143152e-06,0.004687049607107246,0.7358755852408145,0.7,0.3,0.0
21-5-0.pt,21,5,0.046754120296075986,easy,0.2909090703121944,0.05027771146573791,0.0028140024713388637,0.026797523312504977,0.36919221705165073,0.7,0.3,0.0
21-50-0.pt,21,50,0.22458795984606236,hard,0.21372320937654013,0.09356583940169029,2.132436406412916e-06,0.0023817379558200035,0.7404825370919196,0.7,0.3,0.0
21-6-0.pt,21,6,0.03481721507316829,easy,0.22022432799560968,0.06356615492530873,0.0015274299360443849,0.025946765997346244,0.39229762620431996,0.7,0.3,0.0
21-7-0.pt,21,7,0.038852805463818314,easy,0.19570969861875662,0.08821508331758263,0.0007484514654063901,0.009518340848305457,0.41256187122639315,0.7,0.3,0.0
21-8-0.pt,21,8,0.018676378501649174,easy,0.1397677514075756,0.07030670516422391,0.0004402998540219759,0.011453121932059374,0.43017930422472517,0.7,0.3,0.0
21-9-0.pt,21,9,0.04844063296206074,easy,0.13147511250889427,0.12687993866891473,0.00023678958453545568,0.014381551701810278,0.44610640016193676,0.7,0.3,0.0
22-10-0.pt,22,10,0.05234284425983108,easy,0.11627075496784246,0.12461498302295194,0.00013381747037159134,0.013001366925503627,0.4675451664220783,0.7,0.3,0.0
22-11-0.pt,22,11,0.02937692848066751,easy,0.08461940634346414,0.08715165054346712,7.367499167402604e-05,0.008967125795697023,0.48080587728948104,0.7,0.3,0.0
22-12-0.pt,22,12,0.045485416773518125,easy,0.07692266933885838,0.11405023984421582,4.5121242105334184e-05,0.011757213259885744,0.4936829845588895,0.7,0.3,0.0
22-13-0.pt,22,13,0.03940831876059598,easy,0.07419051417228907,0.09231459347073843,2.4606371525469106e-05,0.005542959478891278,0.5057432724649109,0.7,0.3,0.0
22-14-0.pt,22,14,0.05039829586621238,easy,0.06608873367580104,0.11021963209829626,1.5298263329595893e-05,0.008212431450981673,0.5164313328489976,0.7,0.3,0.0
22-15-0.pt,22,15,0.05002782761442093,easy,0.06351021751564691,0.10081667034440443,7.399183215938767e-06,0.005580321640936781,0.5267890965227656,0.7,0.3,0.0
22-16-0.pt,22,16,0.07774873740941556,easy,0.05471243312957712,0.16137463208889932,3.962385746282178e-06,0.007345144998170631,0.53708115316585,0.7,0.3,0.0
22-17-0.pt,22,17,0.0481935848578069,easy,0.07498233615635869,0.056177423729076574,3.737401088752075e-06,0.007467983107441886,0.5470453311291741,0.7,0.3,0.0
22-18-0.pt,22,18,0.08875565769541817,medium,0.04632861081987976,0.16856297311135848,2.778983650833624e-06,0.010501723474301505,0.5557274097402831,0.7,0.3,0.0
22-19-0.pt,22,19,0.07131543926878182,easy,0.05484428573098329,0.110283655184476,2.1785708688920146e-06,0.0065060776014338115,0.5644128038410484,0.7,0.3,0.0
22-2-0.pt,22,2,0.17763201841281684,hard,0.6531232333438628,0.05498914047684386,0.06661920576682363,0.04126962229598658,0.2724901107991429,0.7,0.3,0.0
22-20-0.pt,22,20,0.05607739324457822,easy,0.03995413925392799,0.07980984372859792,2.0051942418658003e-06,0.003484201458270928,0.5730689475621434,0.7,0.3,0.0
22-21-0.pt,22,21,0.05155604576646686,easy,0.02863184273514643,0.06878618783675075,1.991107413545172e-06,0.004043004265489651,0.5812451818558404,0.7,0.3,0.0
22-22-0.pt,22,22,0.07834782774046832,easy,0.026494760477660105,0.1271099982148903,2.42904904770389e-06,0.0020198608791563125,0.5893535111359095,0.7,0.3,0.0
22-23-0.pt,22,23,0.03164554461717157,easy,0.019212510591756892,0.011157494184444037,1.2909320307961133e-06,0.002315713861390868,0.5967468074381053,0.7,0.3,0.0
22-24-0.pt,22,24,0.0661313093230926,easy,0.03336955594884722,0.06896575468806818,1.2282946705036796e-06,0.004271773607357368,0.6040118568484989,0.7,0.3,0.0
22-25-0.pt,22,25,0.07864753640852129,easy,0.023363638752501616,0.10027984799687267,1.6331470903615853e-06,0.003236094200249408,0.6115965898793791,0.7,0.3,0.0
22-26-0.pt,22,26,0.08757184153692708,medium,0.012683569353135714,0.12206795722042178,1.3171156047018457e-06,0.0045861554718754916,0.6185119564886141,0.7,0.3,0.0
22-27-0.pt,22,27,0.08705542746500106,medium,0.012537871685015184,0.11249173103450481,1.3151900010395153e-06,0.003841169814633834,0.6254673229699362,0.7,0.3,0.0
22-28-0.pt,22,28,0.08198635660441528,easy,0.0208593981064062,0.08316973238600443,1.2856715075683897e-06,0.003465840292553611,0.6323316392009922,0.7,0.3,0.0
22-29-0.pt,22,29,0.07994141573443628,easy,0.004066727584264326,0.0854465255405366,7.11060984785201e-07,0.004446790330267801,0.6388081221841426,0.7,0.3,0.0
22-3-0.pt,22,3,0.06843454779718397,easy,0.36831445224214315,0.08745806173705088,0.015538028783238716,0.02324064186103462,0.315434604531091,0.7,0.3,0.0
22-30-0.pt,22,30,0.08411765773592413,easy,0.015538904936037976,0.07761646027521509,1.1827868761473352e-06,0.0028184257448683994,0.6449239382839839,0.7,0.3,0.0
22-31-0.pt,22,31,0.08985338046594162,medium,0.024829528813159096,0.0741848479585373,8.368947173422002e-07,0.003034373757196659,0.6508267000254877,0.7,0.3,0.0
22-32-0.pt,22,32,0.17659126277026332,hard,0.019884705241916885,0.279195043282245,7.52072577912034e-07,0.004996353953899705,0.6569471363969533,0.7,0.3,0.0
22-33-0.pt,22,33,0.1158119072853924,medium,0.0335914427632816,0.11296757134259998,8.421877205028508e-07,0.00259606250241396,0.6627380627588243,0.7,0.3,0.0
22-34-0.pt,22,34,0.13595158539733027,medium,0.020805576278469896,0.1667100121025406,6.141762867738195e-07,0.0022475056621529504,0.6689146207624381,0.7,0.3,0.0
22-35-0.pt,22,35,0.08872617317349189,medium,0.03220886015267803,0.03501020345973842,3.9858373223111156e-07,0.0006994788491888722,0.6745247846928374,0.7,0.3,0.0
22-36-0.pt,22,36,0.10167209705505197,medium,0.03903549825765161,0.05234759768263927,7.26492859881033e-07,0.0005445214091697624,0.6800751752193576,0.7,0.3,0.0
22-37-0.pt,22,37,0.11469464443910234,medium,0.03439644711645494,0.0797648318276266,2.9531784902000714e-07,0.001766455036001862,0.6857730007621968,0.7,0.3,0.0
22-38-0.pt,22,38,0.13479454228518972,medium,0.03627936240007127,0.11882080551330555,7.705491353080187e-07,0.0022387264042259382,0.6912701436647084,0.7,0.3,0.0
22-39-0.pt,22,39,0.13839225567155602,medium,0.04998385893498063,0.10543565857569377,1.1236135204430809e-06,0.003096270913879838,0.6969598377401887,0.7,0.3,0.0
22-4-0.pt,22,4,0.04812999952238118,easy,0.3317932202397881,0.03809090452518612,0.007014221158801051,0.024696589589429992,0.3484650662210405,0.7,0.3,0.0
22-40-0.pt,22,40,0.13178544042852516,medium,0.05380367173789055,0.0789135663915346,1.0110231307662785e-06,0.003084686238606089,0.7020224136933457,0.7,0.3,0.0
22-41-0.pt,22,41,0.14696220363941095,medium,0.05742675577872185,0.10460107440191399,8.029327313163171e-07,0.0035042289281368984,0.7073343515189985,0.7,0.3,0.0
22-42-0.pt,22,42,0.1559065680996808,medium,0.06478508565657248,0.11241191300823704,1.2091017110945816e-06,0.0032145203022764337,0.712458400312779,0.7,0.3,0.0
22-43-0.pt,22,43,0.21562936944021976,hard,0.08691536039068647,0.2273184092285538,1.305851340348619e-06,0.003954678057718702,0.7176744993956609,0.7,0.3,0.0
22-44-0.pt,22,44,0.16697130983775593,hard,0.09144995396525066,0.10054747849380913,7.707580079304686e-07,0.0016853145832542475,0.7226738257419393,0.7,0.3,0.0
22-45-0.pt,22,45,0.16232204249326299,medium,0.10689716102010022,0.06663978518955187,8.214537896997667e-07,0.0020907858408229334,0.7277993980927481,0.7,0.3,0.0
22-46-0.pt,22,46,0.19755746738456254,hard,0.12499266434126027,0.1273846480024675,1.4574372968962538e-06,0.002284828966491674,0.7325757049064887,0.7,0.3,0.0
22-47-0.pt,22,47,0.2762900664000026,hard,0.14295857015323987,0.29223963153223526,1.2216409778327227e-06,0.0040974778517353354,0.7371865845777483,0.7,0.3,0.0
22-48-0.pt,22,48,0.19815214662116043,hard,0.15320148111153367,0.08842824552428996,8.28552872469525e-07,0.0018545204514307527,0.7420997020629541,0.7,0.3,0.0
22-49-0.pt,22,49,0.20652389411607266,hard,0.18569941626593123,0.06959883345048465,1.6487512107071629e-06,0.001873106271280439,0.7470763372947304,0.7,0.3,0.0
22-5-0.pt,22,5,0.09785101788674995,medium,0.2615994259890454,0.18678362088625552,0.0027458377440615503,0.034996870050652565,0.3755795719698638,0.7,0.3,0.0
22-50-0.pt,22,50,0.23856992343544536,hard,0.21365589131136617,0.1138551669973941,2.2733633542650273e-06,0.0016056462215725965,0.7513713103875355,0.7,0.3,0.0
22-6-0.pt,22,6,0.04294792125187071,easy,0.22302926020026798,0.07431803409060213,0.0014878150276624944,0.02370017046655076,0.3986579409013317,0.7,0.3,0.0
22-7-0.pt,22,7,0.040874285700553646,easy,0.19760864551329022,0.08217101894515377,0.000716774950858185,0.009981707153386612,0.4190606188735886,0.7,0.3,0.0
22-8-0.pt,22,8,0.02930833592720262,easy,0.1332164939103508,0.09502592778205819,0.0004207540555755438,0.010409930451589423,0.4367094810278664,0.7,0.3,0.0
22-9-0.pt,22,9,0.04654257945994628,easy,0.11808041751625092,0.13023339733078504,0.0002200909902161613,0.011330696621845448,0.4525294088348301,0.7,0.3,0.0
23-10-0.pt,23,10,0.024614767766529714,easy,0.09019472685754154,0.07798601654388658,0.00012365323283216126,0.010228238254221277,0.47381875029633497,0.7,0.3,0.0
23-11-0.pt,23,11,0.03902430380349099,easy,0.07131528641170722,0.1145591022758761,6.626235023286139e-05,0.009442473381093297,0.48744824245243523,0.7,0.3,0.0
23-12-0.pt,23,12,0.04458840369654363,easy,0.07084792175558795,0.11501656007526849,4.0175813389636414e-05,0.005524211237310501,0.5006061996304056,0.7,0.3,0.0
23-13-0.pt,23,13,0.03193150114065778,easy,0.06499204183871224,0.07187257535656363,2.1682585425035197e-05,0.008198209898286372,0.512440923326965,0.7,0.3,0.0
23-14-0.pt,23,14,0.03254205848787098,easy,0.06593875135986305,0.05970112433373256,1.2184658840651776e-05,0.0065315944055407615,0.523293832321343,0.7,0.3,0.0
23-15-0.pt,23,15,0.04701977842017639,easy,0.07815901111326513,0.06836410267030214,6.160570506533417e-06,0.006841189877200493,0.5337752832486006,0.7,0.3,0.0
23-16-0.pt,23,16,0.0765070524054491,easy,0.04992103496262573,0.15366763042462636,3.897090672765611e-06,0.00701391218946244,0.544493652731379,0.7,0.3,0.0
23-17-0.pt,23,17,0.03522858210102555,easy,0.041833515911393795,0.047234288323838206,2.712163242750729e-06,0.008698069905649744,0.5541797374376137,0.7,0.3,0.0
23-18-0.pt,23,18,0.04959928479559751,easy,0.05109230665306262,0.0639877947761744,2.5310337733172884e-06,0.005898288068493975,0.5629368084719436,0.7,0.3,0.0
23-19-0.pt,23,19,0.05676342059436304,easy,0.03918658491256808,0.08284600802850814,2.1859627750502363e-06,0.004185060595654804,0.5720820476792623,0.7,0.3,0.0
23-2-0.pt,23,2,0.1510659122481533,medium,0.6188904464459557,0.014858745167697963,0.0668256420319637,0.0436507193423691,0.2780862767598118,0.7,0.3,0.0
23-20-0.pt,23,20,0.08065570977435572,easy,0.026014083915796106,0.14008737129015972,2.0446239173990877e-06,0.006257426806435175,0.5809439180047657,0.7,0.3,0.0
23-21-0.pt,23,21,0.04913418498233087,easy,0.02439241917651378,0.0586793054558714,1.885640504596473e-06,0.0023474597623242017,0.5889241641455479,0.7,0.3,0.0
23-22-0.pt,23,22,0.05460179786839518,easy,0.02597646642367578,0.0586793054558714,2.0308465932226875e-06,0.003288031638029403,0.5970158496478386,0.7,0.3,0.0
23-23-0.pt,23,23,0.09113902776011432,medium,0.022894225581302077,0.14077672683266243,1.0513518361658315e-06,0.002824199304508023,0.6045382184970494,0.7,0.3,0.0
23-24-0.pt,23,24,0.057874875610332555,easy,0.013173567372581123,0.058308119518407774,1.4814714279549963e-06,0.0041031877141900226,0.6123284173577779,0.7,0.3,0.0
23-25-0.pt,23,25,0.07209712651497967,easy,0.01887896054047672,0.07651908664183098,9.744880941866142e-07,0.004924908298783124,0.61966292367998,0.7,0.3,0.0
23-26-0.pt,23,26,0.07797640543601417,easy,0.008844393379831601,0.09351460759832277,1.19889912549998e-06,0.002970009755008621,0.6266344626262383,0.7,0.3,0.0
23-27-0.pt,23,27,0.08368686175090743,easy,0.022054669998197298,0.08474783015440623,1.2235056933078927e-06,0.002474170075068833,0.6340962644630943,0.7,0.3,0.0
23-28-0.pt,23,28,0.06863920469613825,easy,0.012944145237493902,0.048303244110899764,5.042546402213904e-07,0.0030263580686839277,0.6405477804508577,0.7,0.3,0.0
23-29-0.pt,23,29,0.09752282971068842,medium,0.013518300977062804,0.10917098565824317,1.011290591923163e-06,0.002762493813937609,0.6471869073662235,0.7,0.3,0.0
23-3-0.pt,23,3,0.07788997437876195,easy,0.3758093570616521,0.09433198451218743,0.015412560482131583,0.024180691163183724,0.32126400757104445,0.7,0.3,0.0
23-30-0.pt,23,30,0.12406669822877625,medium,0.03426244614701028,0.1436278519927152,1.3687123539273602e-06,0.00436356503254188,0.6528506741861381,0.7,0.3,0.0
23-31-0.pt,23,31,0.08698436581228121,medium,0.029586152650444918,0.051762799145999655,7.666017577289043e-07,0.0024391953760151495,0.6593626028281977,0.7,0.3,0.0
23-32-0.pt,23,32,0.11933909283341615,medium,0.011121461734359232,0.14025131643350433,1.067213062640696e-06,0.0023954898825116226,0.6657054526041631,0.7,0.3,0.0
23-33-0.pt,23,33,0.092696852368857,medium,0.028140800348248136,0.05172408779439573,1.480058424483232e-06,0.0014520129720036786,0.6716720788169483,0.7,0.3,0.0
23-34-0.pt,23,34,0.10299283174650052,medium,0.031508670047249214,0.06592872098059453,7.955014849196857e-07,0.0007636866763064165,0.6777552900513276,0.7,0.3,0.0
23-35-0.pt,23,35,0.10671200054424589,medium,0.028114234097106523,0.07072484462762664,5.030874907952349e-07,0.0005825938157523577,0.6836345628233018,0.7,0.3,0.0
23-36-0.pt,23,36,0.11402193002891335,medium,0.030918261571853577,0.07720309996061532,3.316933864587545e-07,0.0013437580481596577,0.6894204282179779,0.7,0.3,0.0
23-37-0.pt,23,37,0.12138837763349022,medium,0.03574675719048503,0.08138798313008715,7.622050066201965e-07,0.0022925230112474386,0.6953705403692924,0.7,0.3,0.0
23-38-0.pt,23,38,0.1336104499367768,medium,0.035468467630734114,0.10496508093007055,8.883733199763308e-07,0.0014485483132737698,0.7007705855475055,0.7,0.3,0.0
23-39-0.pt,23,39,0.12432260432281059,medium,0.05173030823179405,0.05764028363152109,1.0200273586484367e-06,0.00256275629379397,0.706391204239496,0.7,0.3,0.0
23-4-0.pt,23,4,0.05951035685849932,easy,0.3463762588359057,0.044515540191570356,0.006955164120769882,0.02361104381007139,0.35428224195102315,0.7,0.3,0.0
23-40-0.pt,23,40,0.1355480789628347,medium,0.04696143545329134,0.08293747195958524,7.670145166466733e-07,0.002433188796035933,0.7115210915897987,0.7,0.3,0.0
23-41-0.pt,23,41,0.19676469698570198,hard,0.05537880063313164,0.2131661261373507,9.738940015713585e-07,0.004555894203194756,0.7172104842157193,0.7,0.3,0.0
23-42-0.pt,23,42,0.13063157081679075,medium,0.06667781304381999,0.03802553638525544,1.2621715353719738e-06,0.0012235417851707033,0.7224597584373801,0.7,0.3,0.0
23-43-0.pt,23,43,0.1642331814405734,medium,0.08000475574553154,0.10008437546710595,1.2190049348630774e-06,0.0008146164395570391,0.7273115734539113,0.7,0.3,0.0
23-44-0.pt,23,44,0.15465556823538829,medium,0.09230305104666234,0.05719306588478703,1.0264748812830128e-06,0.0012733809425335323,0.7325426169677254,0.7,0.3,0.0
23-45-0.pt,23,45,0.19977970690850394,hard,0.10999681899250517,0.14126127116514112,7.732949594154901e-07,0.002360262035878155,0.7374272124085808,0.7,0.3,0.0
23-46-0.pt,23,46,0.16306578871088245,medium,0.12429834011395056,0.03236078788296696,9.225329138895927e-07,0.0008878104271884441,0.7428051658259891,0.7,0.3,0.0
23-47-0.pt,23,47,0.18743731763096805,hard,0.13798863121130603,0.06991301880911699,1.0042227056855018e-06,0.002003013146943779,0.747851407439027,0.7,0.3,0.0
23-48-0.pt,23,48,0.2120036825495458,hard,0.14695636468908924,0.11523987451028322,1.0525137487201946e-06,0.001162620786450064,0.7524263889852914,0.7,0.3,0.0
23-49-0.pt,23,49,0.20500218833492173,hard,0.1814142266388202,0.05647701909072261,1.354478648699607e-06,0.0018367205313395735,0.7574591084150464,0.7,0.3,0.0
23-5-0.pt,23,5,0.03919038520917469,easy,0.23632504428977416,0.06700158204014227,0.0026853051378735236,0.029790789465107746,0.3817743139057376,0.7,0.3,0.0
23-50-0.pt,23,50,0.35794253910066726,hard,0.22363491350156037,0.37523174221779376,2.072768865982482e-06,0.005083939715399886,0.7622137276721244,0.7,0.3,0.0
23-6-0.pt,23,6,0.06444247696317472,easy,0.22663516326872743,0.11321454221580714,0.0014546275198983644,0.02501686016798249,0.4049132088478256,0.7,0.3,0.0
23-7-0.pt,23,7,0.0591555103231273,easy,0.2018632283234784,0.10428158262156347,0.0006891278487436196,0.01949429072297669,0.4254298547297152,0.7,0.3,0.0
23-8-0.pt,23,8,0.02946177321154501,easy,0.1363107072578746,0.07943088148600365,0.0004035859370116604,0.01481404577958919,0.4431137499818656,0.7,0.3,0.0
23-9-0.pt,23,9,0.04534010841555859,easy,0.1103427226461526,0.12814133272383318,0.0002065809527602064,0.009647468459309598,0.459030056187585,0.7,0.3,0.0
24-10-0.pt,24,10,0.043967828513264744,easy,0.09123312075179976,0.11551714391463389,0.00011511376445696898,0.010370620361699764,0.47999433879569897,0.7,0.3,0.0
24-11-0.pt,24,11,0.026580855718498116,easy,0.06731636879966399,0.07894411701912094,6.0297109134909276e-05,0.010234970474083154,0.4940000261551948,0.7,0.3,0.0
24-12-0.pt,24,12,0.025905837855815055,easy,0.08061621513381274,0.04989014155988649,3.576524011509251e-05,0.006908701953118884,0.5071846882009836,0.7,0.3,0.0
24-13-0.pt,24,13,0.05842337454958574,easy,0.07726558612901922,0.11523827318941753,1.7601056855623694e-05,0.00836110704953163,0.5187676487818302,0.7,0.3,0.0
24-14-0.pt,24,14,0.04147421335116408,easy,0.061248224146846025,0.07592208464353865,1.0543381618206271e-05,0.007989188395316763,0.5298246056596201,0.7,0.3,0.0
24-15-0.pt,24,15,0.06234602978291036,easy,0.04253807831596162,0.13038650393432333,4.416870002021977e-06,0.008220040663315054,0.5408332758915203,0.7,0.3,0.0
24-16-0.pt,24,16,0.04179885647303331,easy,0.028304335321623905,0.07997347407956305,2.8449743215179346e-06,0.009219031191851832,0.5513015886208784,0.7,0.3,0.0
24-17-0.pt,24,17,0.06341899734131574,easy,0.039698000886014585,0.11353990648623109,2.3306063120159062e-06,0.004068333437138979,0.560788026550935,0.7,0.3,0.0
24-18-0.pt,24,18,0.05827138068722143,easy,0.030784362065517514,0.09686257911540878,2.084920362948528e-06,0.004602429601273656,0.5702870689983148,0.7,0.3,0.0
24-19-0.pt,24,19,0.04602735588485589,easy,0.02609445048021066,0.05967471971999933,1.97734992451608e-06,0.0046648232472920655,0.5794586771844469,0.7,0.3,0.0
24-2-0.pt,24,2,0.1872112928385451,hard,0.5944186211641022,0.1333125860410801,0.06704003704428636,0.029830575815599707,0.2835141308386008,0.7,0.3,0.0
24-20-0.pt,24,20,0.10192528136040223,medium,0.01962006996875096,0.18773493596177712,1.70021788531639e-06,0.007006578284915305,0.588133903574712,0.7,0.3,0.0
24-21-0.pt,24,21,0.06503579870286545,easy,0.031048533284663997,0.08019377959372541,1.3955512888682866e-06,0.0029989645485810315,0.596246975257043,0.7,0.3,0.0
24-22-0.pt,24,22,0.0731718522203155,easy,0.036097843240698965,0.0827231737440792,2.0194157186287125e-06,0.004292578786039714,0.6044266302551712,0.7,0.3,0.0
24-23-0.pt,24,23,0.07139268345689427,easy,0.008757476536682277,0.09595989530009633,2.138838656310875e-06,0.003313943982129624,0.6125563558965798,0.7,0.3,0.0
24-24-0.pt,24,24,0.06704071025364881,easy,0.008203469597591887,0.0759369364557419,9.792401590320502e-07,0.0033582863919518705,0.6200963275711833,0.7,0.3,0.0
24-25-0.pt,24,25,0.07056358347692285,easy,0.01546539785737234,0.06697681397894689,1.0721464490709446e-06,0.0038183347579941094,0.6274720585960815,0.7,0.3,0.0
24-26-0.pt,24,26,0.080167148361561,easy,0.014888198464931756,0.08276799609689593,1.4081305184145761e-06,0.0021327827578957272,0.6348211157122864,0.7,0.3,0.0
24-27-0.pt,24,27,0.09189249159824146,medium,0.016142047476337067,0.10046593979418852,6.594198142085482e-07,0.0020701966935579726,0.6420046370690903,0.7,0.3,0.0
24-28-0.pt,24,28,0.07222135494411977,easy,0.01321373978364782,0.047067175693584457,9.040242616241107e-07,0.002110420655541877,0.6485179046566123,0.7,0.3,0.0
24-29-0.pt,24,29,0.0890454335813977,medium,0.023213646220406284,0.06914937535480159,7.076055053896564e-07,0.002317467954541724,0.6549104990223367,0.7,0.3,0.0
24-3-0.pt,24,3,0.12535973568675374,medium,0.37305384414370096,0.1685570204699603,0.015308184612352728,0.06022279044789968,0.3269969181495248,0.7,0.3,0.0
24-30-0.pt,24,30,0.10741307865881478,medium,0.019625617747048303,0.10862332139433148,1.0115731674443083e-06,0.0024821438902120616,0.6612861902081746,0.7,0.3,0.0
24-31-0.pt,24,31,0.1870073459526821,hard,0.01276970146714866,0.2977657913428001,8.167905058237894e-07,0.003919859226881382,0.6681587882836066,0.7,0.3,0.0
24-32-0.pt,24,32,0.12762842882441267,medium,0.023407040197312594,0.13786069326010747,7.601615921870731e-07,0.0014405788565180233,0.6741149631443025,0.7,0.3,0.0
24-33-0.pt,24,33,0.12013688452530118,medium,0.03032850887520795,0.10428101265632933,8.231818747159563e-07,0.00193447346875744,0.6801638655258193,0.7,0.3,0.0
24-34-0.pt,24,34,0.123722230237341,medium,0.029151174285863026,0.10609012853026692,4.833780578193623e-07,0.0017159257940637315,0.6864078195298597,0.7,0.3,0.0
24-35-0.pt,24,35,0.15813054374149207,medium,0.024295533314852943,0.18508573621255622,4.4466669693423764e-07,0.002719931680430499,0.6926085093604584,0.7,0.3,0.0
24-36-0.pt,24,36,0.14846588817638648,medium,0.052023539804054636,0.12522193234113507,6.666309014176608e-07,0.003349184192373001,0.6987157884241066,0.7,0.3,0.0
24-37-0.pt,24,37,0.17559745089906234,hard,0.046136606770647653,0.1891701427733862,6.005610114033078e-07,0.0033748493439928373,0.7044847253346914,0.7,0.3,0.0
24-38-0.pt,24,38,0.12144061799748748,medium,0.04728691079784934,0.05090259837782245,1.1483220362122304e-06,0.002115275287762542,0.7098979006652847,0.7,0.3,0.0
24-39-0.pt,24,39,0.13702468982484306,medium,0.041789895534415554,0.08671352477055243,7.469115178159174e-07,0.002116826008263549,0.7155129633738818,0.7,0.3,0.0
24-4-0.pt,24,4,0.12201989042250591,medium,0.3747206676667205,0.15240667817250686,0.0069059698528723245,0.031433701101697395,0.35989029274231077,0.7,0.3,0.0
24-40-0.pt,24,40,0.16719310889911015,hard,0.06085481196533943,0.13241749250361948,1.2354558292089686e-06,0.0030862414649095553,0.7210595390916541,0.7,0.3,0.0
24-41-0.pt,24,41,0.17044528761492878,hard,0.06583870602219247,0.12948010909188176,8.437191010708705e-07,0.0015662619513078248,0.7266088499073872,0.7,0.3,0.0
24-42-0.pt,24,42,0.15173777085073795,medium,0.07230148809363234,0.0709517622858218,1.1033566788103874e-06,0.001128943366701323,0.7320281860902006,0.7,0.3,0.0
24-43-0.pt,24,43,0.18175739701897853,hard,0.0843924064666165,0.12384606646840143,1.0976583091666666e-06,0.0026876185871466435,0.7366950748566228,0.7,0.3,0.0
24-44-0.pt,24,44,0.18103490603123526,hard,0.08995330395322154,0.1101437975660702,5.325774939280033e-07,0.0016479927003872146,0.7423035632439745,0.7,0.3,0.0
24-45-0.pt,24,45,0.19017837215054095,hard,0.11053677537207647,0.10612044794434862,6.675749586388389e-07,0.00028692731898007513,0.7475506550620881,0.7,0.3,0.0
24-46-0.pt,24,46,0.1915715314498635,hard,0.12388682906283391,0.08928817686179769,1.169919663244641e-06,0.0002482279996846477,0.7527548871903313,0.7,0.3,0.0
24-47-0.pt,24,47,0.18267822181873086,hard,0.14061525596276847,0.043521870263793026,7.822664958407987e-07,0.0011215476557590867,0.7577507170331191,0.7,0.3,0.0
24-48-0.pt,24,48,0.2321811994713711,hard,0.16292032465762962,0.1322686737185591,1.1242254853330538e-06,0.003186495359393354,0.7628918404725118,0.7,0.3,0.0
24-49-0.pt,24,49,0.24574056770771172,hard,0.19975555908675385,0.12179788558643649,1.4792383577700396e-06,0.0025501109991957482,0.7682664986390326,0.7,0.3,0.0
24-5-0.pt,24,5,0.026935503484150917,easy,0.2404742240971744,0.03026916034293824,0.002632308768315624,0.02487144732276106,0.3877110321469103,0.7,0.3,0.0
24-50-0.pt,24,50,0.342129595821159,hard,0.22459106405379808,0.32225184310039473,2.3494472841204963e-06,0.005057473076665635,0.7725839539977667,0.7,0.3,0.0
24-6-0.pt,24,6,0.04972624815493588,easy,0.21881342367753323,0.08966256146568864,0.0014259426482183767,0.012654893679364619,0.41103541684128114,0.7,0.3,0.0
24-7-0.pt,24,7,0.035132494403017286,easy,0.16008895461155132,0.0818220897601161,0.0006638928181036985,0.01781075969478087,0.431273522824659,0.7,0.3,0.0
24-8-0.pt,24,8,0.032104247339271585,easy,0.12399445302218717,0.09414852205394979,0.0003877893294290215,0.010870386802552905,0.4491212509804249,0.7,0.3,0.0
24-9-0.pt,24,9,0.019887871935109304,easy,0.09621335663839538,0.07326785687440393,0.00019421135752240628,0.008675314223269542,0.46531320645239005,0.7,0.3,0.0
25-10-0.pt,25,10,0.026712601071391718,easy,0.08088921657837189,0.0755458302874635,0.00010829284670153984,0.010522548402890667,0.4863086962037176,0.7,0.3,0.0
25-11-0.pt,25,11,0.026078198524150307,easy,0.05986100065186959,0.07829508828172765,5.482379107463244e-05,0.008675620241415615,0.5003785121677021,0.7,0.3,0.0
25-12-0.pt,25,12,0.041862772505247926,easy,0.06192825517540858,0.09696104374436888,3.201758306334053e-05,0.009134253967651756,0.5132628743758714,0.7,0.3,0.0
25-13-0.pt,25,13,0.039089073096692295,easy,0.0668493746915757,0.07235793692727832,1.4082034861838e-05,0.006330826809700958,0.5251750912821915,0.7,0.3,0.0
25-14-0.pt,25,14,0.052196952403886984,easy,0.07007890880035095,0.08576065172228772,8.523336541455913e-06,0.006725086297229976,0.5362959381564573,0.7,0.3,0.0
25-15-0.pt,25,15,0.05359296987228331,easy,0.05036979172801543,0.0918168028196833,4.220767048351817e-06,0.008519107092261089,0.5478019065919744,0.7,0.3,0.0
25-16-0.pt,25,16,0.042235541363348235,easy,0.043972748054716855,0.06071600224133085,2.791738072229302e-06,0.005367566246913381,0.5577155976379673,0.7,0.3,0.0
25-17-0.pt,25,17,0.09745041871136678,medium,0.04137336056604145,0.17936453324347174,2.2206325569718906e-06,0.009961813114603443,0.5676207909335144,0.7,0.3,0.0
25-18-0.pt,25,18,0.05004127240706967,easy,0.03741448531441406,0.06005650746725897,2.0057480645868164e-06,0.0058454224267346245,0.5770752110844729,0.7,0.3,0.0
25-19-0.pt,25,19,0.06557533697006009,easy,0.03210070909294216,0.0910124419156962,2.3446391227952354e-06,0.0051370813456609946,0.5866599194947595,0.7,0.3,0.0
25-2-0.pt,25,2,0.1902420203309645,hard,0.6093382650007488,0.09523793801426916,0.0672565940892101,0.0531214060329483,0.2887896698843247,0.7,0.3,0.0
25-20-0.pt,25,20,0.06880355005805,easy,0.02606953745198655,0.09175696252502367,1.5986716576730001e-06,0.006804969470481205,0.5952942179034035,0.7,0.3,0.0
25-21-0.pt,25,21,0.08072712081230173,easy,0.024836192004727312,0.11319415872396653,1.3085217110995564e-06,0.004829842409234994,0.6033383196740894,0.7,0.3,0.0
25-22-0.pt,25,22,0.09910244447177896,medium,0.013547583594209728,0.15671889540794287,1.929311608716887e-06,0.0055567283651218454,0.6120580720030191,0.7,0.3,0.0
25-23-0.pt,25,23,0.06399182902549669,easy,0.005593965124600407,0.07289026999882005,1.241653361986427e-06,0.0018653605544751675,0.6199170191002837,0.7,0.3,0.0
25-24-0.pt,25,24,0.0819020110343627,easy,0.013198410962017824,0.09600852030744636,1.1081152876522235e-06,0.004468325220176475,0.6275131622670129,0.7,0.3,0.0
25-25-0.pt,25,25,0.07849457570251372,easy,0.019164777517188383,0.0742451164437214,1.2911673706824803e-06,0.00173710427090753,0.6352664110900219,0.7,0.3,0.0
25-26-0.pt,25,26,0.08737881375300727,medium,0.013967477388616839,0.09231272895180656,5.945245980505206e-07,0.0008737551930230267,0.6424492879857281,0.7,0.3,0.0
25-27-0.pt,25,27,0.11426966910107124,medium,0.005722171713219808,0.1539284480641315,9.989272899166958e-07,0.003186681739768554,0.6495918008793097,0.7,0.3,0.0
25-28-0.pt,25,28,0.08736235071448395,medium,0.010626793609660281,0.07609585473127395,7.825161543532563e-07,0.00219828534888329,0.6561798908310416,0.7,0.3,0.0
25-29-0.pt,25,29,0.0986787678767468,medium,0.01963936915738575,0.08546284811831743,5.833138404462382e-07,0.0021976458068966795,0.663000419372096,0.7,0.3,0.0
25-3-0.pt,25,3,0.10111878791866545,medium,0.3908216470160173,0.1112112618527994,0.015217776726410571,0.03426307186806142,0.33220478961501304,0.7,0.3,0.0
25-30-0.pt,25,30,0.11246292477382427,medium,0.009033949467643462,0.1204858863757026,1.0419274817865802e-06,0.002295363778614907,0.6697012800748688,0.7,0.3,0.0
25-31-0.pt,25,31,0.10348572704184486,medium,0.010816979937802855,0.08911767729016902,3.561151179665775e-07,0.0015634415589606907,0.6761685183825236,0.7,0.3,0.0
25-32-0.pt,25,32,0.10920337321508715,medium,0.0203363618264634,0.08537466487859284,7.363850253583575e-07,0.001474340299509069,0.6823302790056363,0.7,0.3,0.0
25-33-0.pt,25,33,0.13293320014809246,medium,0.01454565049870358,0.13957180563064508,6.281267415048434e-07,0.0019187557947022823,0.6888500685816756,0.7,0.3,0.0
25-34-0.pt,25,34,0.14460229123629617,medium,0.02094334800739472,0.15197729649684175,5.753780997297414e-07,0.0029517286812012302,0.695215524856643,0.7,0.3,0.0
25-35-0.pt,25,35,0.13542850223685585,medium,0.026937868102137826,0.11550232317926715,5.926877070013626e-07,0.0030110080710198206,0.7014013241024889,0.7,0.3,0.0
25-36-0.pt,25,36,0.1373775959631436,medium,0.041910771180874766,0.09585718513222528,8.677482160765608e-07,0.004443999036015761,0.7074096337718986,0.7,0.3,0.0
25-37-0.pt,25,37,0.14100983957810712,medium,0.034289222654360685,0.1064980937800011,6.422198596517243e-07,0.002674774894749431,0.7131076236520895,0.7,0.3,0.0
25-38-0.pt,25,38,0.16087122997311723,medium,0.05699022074724979,0.12298650089623445,9.651064097849551e-07,0.0036180720408229847,0.7191336649284055,0.7,0.3,0.0
25-39-0.pt,25,39,0.1462155600247542,medium,0.04650059666156525,0.09224506567154352,8.563388213200369e-07,0.0021906501889912854,0.7245320443319784,0.7,0.3,0.0
25-4-0.pt,25,4,0.08298435872990578,easy,0.34280738179742837,0.08296396688416398,0.006865342052031411,0.030835308829323366,0.365494105196891,0.7,0.3,0.0
25-40-0.pt,25,40,0.13455378322950687,medium,0.05901533762138818,0.043962142899109366,9.049449538578099e-07,0.0023941099634773267,0.7300506377064921,0.7,0.3,0.0
25-41-0.pt,25,41,0.17223089615092974,hard,0.06279011759695502,0.12213376370102298,9.05345595759994e-07,0.004388719566449217,0.7355887792271116,0.7,0.3,0.0
25-42-0.pt,25,42,0.16429679835310906,medium,0.06705888248190647,0.09227909416314647,7.351373972079888e-07,0.0034388211920165375,0.7411090450947083,0.7,0.3,0.0
25-43-0.pt,25,43,0.20331863085548454,hard,0.08346885408535153,0.16341220784416124,8.088475601793089e-07,0.0037116382962924872,0.7461814025749949,0.7,0.3,0.0
25-44-0.pt,25,44,0.18435328985928845,hard,0.0849722033307661,0.11015298332723669,5.491619534210812e-07,0.0018076430441429062,0.7520029180797483,0.7,0.3,0.0
25-45-0.pt,25,45,0.17082647810760093,hard,0.10985350807582642,0.046024418392000374,4.934711211770373e-07,0.0014256949891493659,0.7571790464456136,0.7,0.3,0.0
25-46-0.pt,25,46,0.1948951961900689,hard,0.12851866738510104,0.07676706605861974,1.0800128184344908e-06,0.002847889954900711,0.762824241191418,0.7,0.3,0.0
25-47-0.pt,25,47,0.19393208346833585,hard,0.14975688017127328,0.04438435322122375,1.3010070334186942e-06,0.00471261573724822,0.7680667240146577,0.7,0.3,0.0
25-48-0.pt,25,48,0.2871163074202706,hard,0.16220664932367057,0.25175742302056375,1.3494436083777824e-06,0.004383910852408207,0.7727912353648722,0.7,0.3,0.0
25-49-0.pt,25,49,0.23238914989622356,hard,0.18477836337864292,0.09172163483250036,1.148845205741631e-06,0.0018416694134451837,0.7783919921778333,0.7,0.3,0.0
25-5-0.pt,25,5,0.07781879290398985,easy,0.24017773798054015,0.14983232034092117,0.002583560047223632,0.021645828682314586,0.3932060350287687,0.7,0.3,0.0
25-50-0.pt,25,50,0.2609149421785721,hard,0.21616306616625228,0.12179788558643649,1.7730421742097824e-06,0.0031613762764358126,0.7831672202818432,0.7,0.3,0.0
25-6-0.pt,25,6,0.05528681377922016,easy,0.20026958251096894,0.1133942675875786,0.0013998521697072472,0.013457947061620661,0.4167007727522116,0.7,0.3,0.0
25-7-0.pt,25,7,0.049812325607105495,easy,0.15410032135467527,0.11471026430072567,0.0006411329761324308,0.018912898168737185,0.4369983737984576,0.7,0.3,0.0
25-8-0.pt,25,8,0.03127405752406911,easy,0.1179141459224958,0.0900045214475093,0.0003731305910117335,0.011535879529898919,0.45482860265895414,0.7,0.3,0.0
25-9-0.pt,25,9,0.023393000274867588,easy,0.08989280458988232,0.07828315240608909,0.00018291595279753468,0.01050925146279221,0.47133162623797425,0.7,0.3,0.0
26-10-0.pt,26,10,0.03190927792319144,easy,0.08627992884935975,0.07456691596081867,0.00010159200436567176,0.011051548592817692,0.4920866187987982,0.7,0.3,0.0
26-11-0.pt,26,11,0.039306459911653345,easy,0.06122049223812999,0.10130855342357711,4.9253500186328666e-05,0.008496432340855911,0.5063101977548248,0.7,0.3,0.0
26-12-0.pt,26,12,0.061158231430169074,easy,0.06800798672284833,0.13048394501498237,2.8255765863942638e-05,0.008518296129364588,0.519122160001446,0.7,0.3,0.0
26-13-0.pt,26,13,0.03858232790559153,easy,0.061777456759848415,0.06732969662195817,1.1983210789594786e-05,0.007109650633255076,0.5312851298467149,0.7,0.3,0.0
26-14-0.pt,26,14,0.04352354497055991,easy,0.036504519828519225,0.08933274370104037,6.604271440418532e-06,0.0069643164785159655,0.542901427177637,0.7,0.3,0.0
26-15-0.pt,26,15,0.08109792912806456,easy,0.029861629123340096,0.17039231292762258,2.9644479964789933e-06,0.008734256201947363,0.5541068845760213,0.7,0.3,0.0
26-16-0.pt,26,16,0.03755436574761935,easy,0.051138548811852744,0.0323338260323369,2.5515813377802065e-06,0.006683399549552109,0.5641759051145804,0.7,0.3,0.0
26-17-0.pt,26,17,0.038079193507684767,easy,0.02984878649075146,0.04237203450724077,1.912243230041956e-06,0.005617057330255145,0.5744325744008336,0.7,0.3,0.0
26-18-0.pt,26,18,0.06816144315365824,easy,0.03345032424602817,0.09913728792786954,2.0720623019357943e-06,0.005366823611883138,0.5840646890101941,0.7,0.3,0.0
26-19-0.pt,26,19,0.060042235930488325,easy,0.019187617223843413,0.08214124324541948,1.6323491046034138e-06,0.004686731823185851,0.5933244849349354,0.7,0.3,0.0
26-2-0.pt,26,2,0.18123621195486253,hard,0.6008566474784639,0.09538420201626119,0.06747206929243496,0.03267095785370825,0.29388575085683155,0.7,0.3,0.0
26-20-0.pt,26,20,0.0717330040103395,easy,0.01685550926692916,0.10376417016086767,1.4057722079848143e-06,0.0022758731676200527,0.601960813893627,0.7,0.3,0.0
26-21-0.pt,26,21,0.13440542998603744,medium,0.02007294231587408,0.23460536145979394,1.543561550318379e-06,0.008622913252962041,0.6105861188858136,0.7,0.3,0.0
26-22-0.pt,26,22,0.06923131199968559,easy,0.010706692286864484,0.07952956581846427,1.7813272597931467e-06,0.003885733062444693,0.6191023546710845,0.7,0.3,0.0
26-23-0.pt,26,23,0.08114281662377075,easy,0.009438115019800684,0.09865153854058499,1.0473392757095823e-06,0.004445258005490801,0.6269857121778346,0.7,0.3,0.0
26-24-0.pt,26,24,0.09120372389860008,medium,0.010464972310707095,0.1134858540478039,1.1159735715963956e-06,0.0022099835428915733,0.6350976313167346,0.7,0.3,0.0
26-25-0.pt,26,25,0.08250690308285026,easy,0.014998756630149266,0.07831726189686868,4.819555938683897e-07,0.0018716634262405892,0.6425725989985224,0.7,0.3,0.0
26-26-0.pt,26,26,0.14744844156660786,medium,0.005847667581848311,0.23207493960583986,7.241029054386714e-07,0.005133477309590926,0.6497144671385099,0.7,0.3,0.0
26-27-0.pt,26,27,0.09191139924801806,medium,0.005568021834359942,0.0907572174815628,1.126384287483732e-06,0.0024391775878546936,0.6570681913274423,0.7,0.3,0.0
26-28-0.pt,26,28,0.09600704608517242,medium,0.00984660319528474,0.08816436069914477,4.494550330661984e-07,0.0017318535225665707,0.6638189092394727,0.7,0.3,0.0
26-29-0.pt,26,29,0.12808727252900912,medium,0.01340564812466891,0.15285758725322382,7.31777360907673e-07,0.0016145801376516692,0.6710524188420494,0.7,0.3,0.0
26-3-0.pt,26,3,0.16821310141608137,hard,0.40659440202686215,0.26506973085586133,0.01514248008173768,0.020545602632568685,0.3372678837261007,0.7,0.3,0.0
26-30-0.pt,26,30,0.10197570043033642,medium,0.009480859037668184,0.08526540360320935,6.511059528742994e-07,0.0013077560151599818,0.6775160702058709,0.7,0.3,0.0
26-31-0.pt,26,31,0.09872538664148804,medium,0.008445544773948988,0.07067564027765036,5.30440137203472e-07,0.00010321343447434158,0.6842748372794489,0.7,0.3,0.0
26-32-0.pt,26,32,0.09189584808015691,medium,0.013985476697995198,0.03978585159502482,2.2761145722071363e-07,0.0004140697335770179,0.6906851505057011,0.7,0.3,0.0
26-33-0.pt,26,33,0.11172465769680506,medium,0.016665174002904272,0.07573522858441427,6.34328025629233e-07,0.00098139601878468,0.6973582031352976,0.7,0.3,0.0
26-34-0.pt,26,34,0.12171648336708342,medium,0.024879310540757742,0.08412764741788627,8.325435902416606e-07,0.0002957593084058233,0.703611613516474,0.7,0.3,0.0
26-35-0.pt,26,35,0.12073441468202921,medium,0.02889703489338417,0.06868567973099932,5.005749745181706e-07,0.0012191672767828652,0.7097414141880148,0.7,0.3,0.0
26-36-0.pt,26,36,0.13066659478665102,medium,0.03028452595077649,0.08218785114633435,5.499375993186826e-07,0.0025471137732935843,0.7156619604761605,0.7,0.3,0.0
26-37-0.pt,26,37,0.15217776077502926,medium,0.04496445744248565,0.11091900353252905,8.52852435494796e-07,0.0029426916363984542,0.721931711412468,0.7,0.3,0.0
26-38-0.pt,26,38,0.13588985120786407,medium,0.04774337756962392,0.06148067538211427,1.0669307258533769e-06,0.002513699567712902,0.7276887544019779,0.7,0.3,0.0
26-39-0.pt,26,39,0.16385356729166892,medium,0.05157059492120151,0.11947650997598905,6.392454829677042e-07,0.0009630898957440088,0.7333300608065149,0.7,0.3,0.0
26-4-0.pt,26,4,0.07288487548025088,easy,0.321961306861296,0.08066605209184473,0.006830630671340026,0.022526611378026022,0.37079204726440085,0.7,0.3,0.0
26-40-0.pt,26,40,0.1563146364132438,medium,0.059119555133083604,0.08462804674783149,6.992047139520636e-07,0.0028841241826546428,0.7386992258778702,0.7,0.3,0.0
26-41-0.pt,26,41,0.16503901428369652,hard,0.06098945803078422,0.09625310192808696,9.396372116839233e-07,0.00221670268414303,0.7449697977422504,0.7,0.3,0.0
26-42-0.pt,26,42,0.16500447332923507,hard,0.07145157784942884,0.07884349627534687,9.381554184213171e-07,0.0017537688276566257,0.7504994412232082,0.7,0.3,0.0
26-43-0.pt,26,43,0.16895843203955804,hard,0.08253870545731037,0.07049386249582715,6.669838492107327e-07,0.0017633780599790132,0.7556559085971545,0.7,0.3,0.0
26-44-0.pt,26,44,0.22222041778362117,hard,0.09211630195133076,0.18080924582761407,4.004623889004652e-07,0.003289630996223769,0.7614045911532541,0.7,0.3,0.0
26-45-0.pt,26,45,0.21576386767735656,hard,0.11531594179355345,0.1349474957017227,9.832484451920065e-07,0.002802132455278784,0.7670702580729164,0.7,0.3,0.0
26-46-0.pt,26,46,0.22618185798873633,hard,0.1358301184999806,0.131832922360262,1.2999769316078615e-06,0.003951325525909882,0.7721194794348263,0.7,0.3,0.0
26-47-0.pt,26,47,0.20929227581476276,hard,0.1461922509131503,0.0764993230231173,8.686707003778277e-07,0.00033875278408699195,0.7779056802992563,0.7,0.3,0.0
26-48-0.pt,26,48,0.2141637278515325,hard,0.1554902466868387,0.07170471564639573,1.0567863717252914e-06,0.000825041850175919,0.7830468607908281,0.7,0.3,0.0
26-49-0.pt,26,49,0.2842900895736555,hard,0.1998897033693294,0.18572747461678468,1.5052714421949994e-06,0.00498048637075784,0.7885673048797093,0.7,0.3,0.0
26-5-0.pt,26,5,0.0574771100046835,easy,0.22856783865141567,0.10013332424215067,0.0025405745054808576,0.026655734105713133,0.39853504266579526,0.7,0.3,0.0
26-50-0.pt,26,50,0.25230083306485424,hard,0.2329437892684706,0.06882179563540666,1.7510105503724402e-06,0.004520206037213334,0.7937087545439089,0.7,0.3,0.0
26-6-0.pt,26,6,0.04759559355374656,easy,0.20068659140196668,0.08966256146568864,0.0013769746499038807,0.01086350382223984,0.4222093069899213,0.7,0.3,0.0
26-7-0.pt,26,7,0.05008259499855317,easy,0.16816526087185676,0.09709722112219304,0.0006209585657686452,0.015538183194253187,0.442732565598577,0.7,0.3,0.0
26-8-0.pt,26,8,0.04365311198509124,easy,0.11496252973060164,0.11414376118386153,0.00036176977159448206,0.012701189687185404,0.4606012549993166,0.7,0.3,0.0
26-9-0.pt,26,9,0.03193042756281884,easy,0.09451798765849158,0.0886209499587359,0.00017245496368414954,0.00868427275475492,0.47703413293509556,0.7,0.3,0.0
27-10-0.pt,27,10,0.037354292954160206,easy,0.09760340970649531,0.07403737299954902,9.789592868656726e-05,0.005436747993030313,0.4981364644542202,0.7,0.3,0.0
27-11-0.pt,27,11,0.04125871157217647,easy,0.0724302923093467,0.08499871997361085,4.568498494360737e-05,0.010545697378605208,0.5121849358175615,0.7,0.3,0.0
27-12-0.pt,27,12,0.041333300846020056,easy,0.06136625001745891,0.0818384472997253,2.5213226241054598e-05,0.007893357087627612,0.5250739316162435,0.7,0.3,0.0
27-13-0.pt,27,13,0.04979076963038361,easy,0.07417819379509888,0.07465502126485621,1.0001271400849951e-05,0.006631046127707018,0.5372540817008415,0.7,0.3,0.0
27-14-0.pt,27,14,0.05416661186635361,easy,0.03719140587178313,0.1021662181533407,5.838268679767265e-06,0.010834861093954958,0.5492368884569507,0.7,0.3,0.0
27-15-0.pt,27,15,0.07327014171910387,easy,0.06789430062183238,0.10826452220619834,4.079101877370591e-06,0.006415013750566586,0.5597289081044678,0.7,0.3,0.0
27-16-0.pt,27,16,0.05597705861884782,easy,0.037171650723274934,0.08287413909758454,2.168790625497219e-06,0.006245759538169203,0.5705884777278315,0.7,0.3,0.0
27-17-0.pt,27,17,0.04012302310972519,easy,0.024328744931352862,0.042912217690029,1.78654379350026e-06,0.006762022947462255,0.581063953512936,0.7,0.3,0.0
27-18-0.pt,27,18,0.07812378112319847,easy,0.028023451849593317,0.12041252728137418,2.0041532045154287e-06,0.004886953977327644,0.5906813077846901,0.7,0.3,0.0
27-19-0.pt,27,19,0.06721804627108793,easy,0.02279594625818977,0.08822084679031764,1.3902507958528993e-06,0.003814471544346823,0.5997918026793673,0.7,0.3,0.0
27-2-0.pt,27,2,0.19112664995192077,hard,0.5762428112371941,0.1336520747731813,0.067686146588269,0.03640913606918405,0.2986819435842408,0.7,0.3,0.0
27-20-0.pt,27,20,0.0770314372015868,easy,0.020041047470714765,0.10376417016086767,1.225646146463693e-06,0.002978731915888736,0.608714139195145,0.7,0.3,0.0
27-21-0.pt,27,21,0.0700857997445609,easy,0.01237374281211266,0.08191901796858814,1.2895200500370295e-06,0.00413897735047668,0.6174124457150729,0.7,0.3,0.0
27-22-0.pt,27,22,0.08614278982252861,medium,0.011630616564567653,0.11016577230409072,1.5159069203571894e-06,0.004385386953662104,0.6258279142649261,0.7,0.3,0.0
27-23-0.pt,27,23,0.08439646660677363,easy,0.010213223444276318,0.09657517717208854,1.1588112814385811e-06,0.003776723347529729,0.6344213571331887,0.7,0.3,0.0
27-24-0.pt,27,24,0.07941957365380173,easy,0.0071106717839350955,0.07811485999443399,3.712002129905858e-07,0.00309413635833907,0.6421111329437764,0.7,0.3,0.0
27-25-0.pt,27,25,0.07507030011185381,easy,0.008495290676753458,0.05647719684306194,8.452712796409455e-07,0.002823774519948555,0.6496478513396708,0.7,0.3,0.0
27-26-0.pt,27,26,0.0654698022279419,easy,0.005012158932828938,0.02864938342985356,9.930362930044746e-07,0.001313719629226695,0.6568645413214637,0.7,0.3,0.0
27-27-0.pt,27,27,0.08161319942269211,easy,0.0,0.06268834914417845,5.901089934098801e-07,0.0014382387491795594,0.6643808932384749,0.7,0.3,0.0
27-28-0.pt,27,28,0.06451336390589413,easy,0.011430477463365929,0.0,6.51240996823833e-07,0.0016804834775814002,0.6716174573940398,0.7,0.3,0.0
27-29-0.pt,27,29,0.10298838198330582,medium,0.018968156633085823,0.0764593758223844,8.795239519503956e-07,0.0016474978882394205,0.6785969419572594,0.7,0.3,0.0
27-3-0.pt,27,3,0.15959446078736095,medium,0.41868681759176596,0.2277051634966824,0.015080484951590067,0.01842949039881243,0.34222653779576656,0.7,0.3,0.0
27-30-0.pt,27,30,0.13775456755070745,medium,0.009171914460144131,0.16167348603036188,9.140922493372864e-07,0.0018350862551896761,0.6851036310354713,0.7,0.3,0.0
27-31-0.pt,27,31,0.10488218651768043,medium,0.005534913595522507,0.07754776219552707,4.3737752861593467e-07,0.0006080415046000551,0.6921613953592041,0.7,0.3,0.0
27-32-0.pt,27,32,0.11380654970204282,medium,0.016645477621584977,0.077554865442264,3.5701408983148603e-07,0.0021397152418340575,0.6989323575051868,0.7,0.3,0.0
27-33-0.pt,27,33,0.13808046752280728,medium,0.020221769855869594,0.12435816005348901,4.2437548839975136e-07,0.0018916650402240793,0.7054802849096329,0.7,0.3,0.0
27-34-0.pt,27,34,0.11570611248447991,medium,0.028662823529096118,0.05441837971555072,8.35037076908826e-07,0.0008887254390571638,0.7117412196408891,0.7,0.3,0.0
27-35-0.pt,27,35,0.17672315696748359,hard,0.037240985447016664,0.18249643270736068,6.434743383847751e-07,0.0037587686422026582,0.7180037211153845,0.7,0.3,0.0
27-36-0.pt,27,36,0.13161227287431468,medium,0.039981167055823115,0.06307559619477991,3.53177681665048e-07,0.00291033675119229,0.7242232485724206,0.7,0.3,0.0
27-37-0.pt,27,37,0.13573029035376513,medium,0.044259839187881254,0.06148067538211427,6.934223683035876e-07,0.0020043105966623892,0.7304108350966743,0.7,0.3,0.0
27-38-0.pt,27,38,0.15535104227823748,medium,0.048290708946739515,0.09702165158519588,7.107160466042908e-07,0.002566603805952346,0.735996030680331,0.7,0.3,0.0
27-39-0.pt,27,39,0.15380995168759026,medium,0.05515215051059485,0.07916300501212567,3.674588311341142e-07,0.0020686988473881626,0.7418541041204287,0.7,0.3,0.0
27-4-0.pt,27,4,0.08511848115374034,easy,0.3098711791797482,0.11626184371321724,0.006803131816743912,0.02179560304990343,0.37599265326246273,0.7,0.3,0.0
27-40-0.pt,27,40,0.1801955923484298,hard,0.060830172085771704,0.1299058956915347,4.173528719038751e-07,0.0019224218925573782,0.7476268691675925,0.7,0.3,0.0
27-41-0.pt,27,41,0.15644663759231944,medium,0.06561762281080916,0.06039092316909341,6.366305789728598e-07,0.0010901474501056022,0.7536826158084234,0.7,0.3,0.0
27-42-0.pt,27,42,0.17923632663584277,hard,0.07641424901142625,0.0970763693060983,6.968846815875475e-07,0.0011513796939819027,0.7594701246223452,0.7,0.3,0.0
27-43-0.pt,27,43,0.17118804508840996,hard,0.09372716043462635,0.0500603582508604,8.749410837172481e-07,0.003865191549838676,0.7651236044165866,0.7,0.3,0.0
27-44-0.pt,27,44,0.19971497834991533,hard,0.10245220620647871,0.1037168148535946,9.401661736346097e-07,0.002925825635766989,0.7709115525283075,0.7,0.3,0.0
27-45-0.pt,27,45,0.20602854843737528,hard,0.12261475391712044,0.09096937379632854,1.1734381862745514e-06,0.0035813531403013875,0.7763642565893871,0.7,0.3,0.0
27-46-0.pt,27,46,0.20045070173571086,hard,0.12958672595635298,0.06546095715795378,7.275036825274277e-07,0.0013429190046782612,0.7818450941317757,0.7,0.3,0.0
27-47-0.pt,27,47,0.21059563616774934,hard,0.14970743026652242,0.06153968771831041,7.076060104179127e-07,0.0021684417385214854,0.7875453774176402,0.7,0.3,0.0
27-48-0.pt,27,48,0.24797118919256878,hard,0.18748846365572355,0.10504653729642205,1.2480434289737041e-06,0.003977695950548476,0.7931686172273114,0.7,0.3,0.0
27-49-0.pt,27,49,0.25134818574028145,hard,0.19391189460969357,0.10003460795912003,1.4642125048489652e-06,0.003487187383424611,0.7986479819699907,0.7,0.3,0.0
27-5-0.pt,27,5,0.10025770096947505,medium,0.24633044059245698,0.1763003071142478,0.0025028634118801824,0.029396036121590034,0.4038262780418178,0.7,0.3,0.0
27-50-0.pt,27,50,0.26936864025720697,hard,0.22767031849231673,0.10321781514701484,1.5779248943827607e-06,0.0034524331789976574,0.8037427462696974,0.7,0.3,0.0
27-6-0.pt,27,6,0.06120328062300887,easy,0.22563228797705256,0.07954750918146908,0.0013579734866960864,0.021782577060308488,0.4276705776111917,0.7,0.3,0.0
27-7-0.pt,27,7,0.06040263672095384,easy,0.1592155739340237,0.1224563504379952,0.0006033492403247609,0.017002012816441498,0.44812605582305387,0.7,0.3,0.0
27-8-0.pt,27,8,0.032965450331843976,easy,0.1206033973200084,0.07923910122664281,0.0003517661603350168,0.008598010532814232,0.46624985360564564,0.7,0.3,0.0
27-9-0.pt,27,9,0.03270443115441014,easy,0.0966404437640949,0.07894610525031556,0.00016321471856371332,0.010781710265278013,0.48257328776858044,0.7,0.3,0.0
28-10-0.pt,28,10,0.04766836762699655,easy,0.09175266177553452,0.09722975469759226,9.302495161987244e-05,0.005731542517246664,0.5036881813020068,0.7,0.3,0.0
28-11-0.pt,28,11,0.03140648794323735,easy,0.06950247052971782,0.05616033082729829,4.113734663134609e-05,0.011128331429634791,0.5177091078021382,0.7,0.3,0.0
28-12-0.pt,28,12,0.054622989786732946,easy,0.07381154359939945,0.09433716723398078,2.292729004800498e-05,0.007882530522327156,0.5305574004776534,0.7,0.3,0.0
28-13-0.pt,28,13,0.046297935242263055,easy,0.04343208244174845,0.09003755246004665,7.974848733785696e-06,0.0054814532668312375,0.5433320245390583,0.7,0.3,0.0
28-14-0.pt,28,14,0.043536034480295735,easy,0.03266239160839671,0.07733783728665314,4.719066072081354e-06,0.006578525706021561,0.5551693908783217,0.7,0.3,0.0
28-15-0.pt,28,15,0.052042679845316415,easy,0.05988904752257177,0.05700246874411962,3.0756339646344253e-06,0.006058767573148406,0.5659157580493493,0.7,0.3,0.0
28-16-0.pt,28,16,0.06739287125503678,easy,0.036872948128093316,0.10252210763690033,1.959200166652298e-06,0.006167420988980414,0.5769175428340823,0.7,0.3,0.0
28-17-0.pt,28,17,0.07762992612630462,easy,0.04133020526989021,0.10848113349287407,2.163374168517983e-06,0.006540488693641862,0.5874922358561648,0.7,0.3,0.0
28-18-0.pt,28,18,0.05766366163197091,easy,0.03619204283073411,0.05373537704152146,2.2073010235161468e-06,0.005359152430072678,0.5970723963153269,0.7,0.3,0.0
28-19-0.pt,28,19,0.04798050390701738,easy,0.023363953580504335,0.032363628679467654,1.104642373616237e-06,0.003764615598465222,0.6063829594869657,0.7,0.3,0.0
28-2-0.pt,28,2,0.23216643270741388,hard,0.5810129401596633,0.23283190321820701,0.0678996743476804,0.025417280285081986,0.3034019698655682,0.7,0.3,0.0
28-20-0.pt,28,20,0.09031806882113219,medium,0.027745513243320214,0.11780579873035113,1.3556831482848045e-06,0.0041583703028789595,0.6157052621196266,0.7,0.3,0.0
28-21-0.pt,28,21,0.0538311988777726,easy,0.00731258718109827,0.039643530119104826,1.055780180739383e-06,0.0031895286803027873,0.6241346526667548,0.7,0.3,0.0
28-22-0.pt,28,22,0.08995817335973953,medium,0.008446234541253157,0.1150913067747551,1.3685739649073871e-06,0.002619315974529937,0.6328230149034914,0.7,0.3,0.0
28-23-0.pt,28,23,0.09929330754267983,medium,0.004990750021519812,0.12973115993925988,9.712294128792468e-07,0.003031233559445585,0.6411400469820069,0.7,0.3,0.0
28-24-0.pt,28,24,0.09101473763632294,medium,0.009117751463888215,0.09591722440385929,7.88809827661523e-07,0.0022577503883025665,0.6489924652210031,0.7,0.3,0.0
28-25-0.pt,28,25,0.09715996636038321,medium,0.011323139946750025,0.10011747288474057,7.034884312421763e-07,0.0010805820296681666,0.6562826500083704,0.7,0.3,0.0
28-26-0.pt,28,26,0.11182376008428577,medium,0.003940945885227294,0.13286973228762472,5.388516629941352e-07,0.0011070623176450245,0.6639272734628376,0.7,0.3,0.0
28-27-0.pt,28,27,0.11488586430525581,medium,0.006405200874219467,0.12721968122680236,7.21434389377742e-07,0.0012048158020085504,0.6718566060249139,0.7,0.3,0.0
28-28-0.pt,28,28,0.11049612553342651,medium,0.01404501066747294,0.09882814935142022,7.374093281118993e-07,0.0020698402248781056,0.6788391449551748,0.7,0.3,0.0
28-29-0.pt,28,29,0.11622238517635315,medium,0.012880946599958202,0.1050460906390369,6.508676645651498e-07,0.0015271250516216929,0.685904638917645,0.7,0.3,0.0
28-3-0.pt,28,3,0.08775310688568438,medium,0.4005698063366387,0.07169797624653908,0.015029442167849839,0.012168039072517567,0.34704858675431066,0.7,0.3,0.0
28-30-0.pt,28,30,0.13331894975532937,medium,0.0038616206552170326,0.1467716560334834,7.63739862126156e-07,0.0010294354875808685,0.6928560559893601,0.7,0.3,0.0
28-31-0.pt,28,31,0.10663511803380425,medium,0.018664619726647052,0.057082397565961576,5.688906227271746e-07,0.0015247354293420664,0.7002109448295932,0.7,0.3,0.0
28-32-0.pt,28,32,0.10792076577629146,medium,0.016656338315853076,0.053789205486817995,4.254919981595627e-07,0.0012244775502312367,0.70678952057502,0.7,0.3,0.0
28-33-0.pt,28,33,0.1736755238956664,hard,0.015585641411034877,0.20294653390605788,3.055616107982699e-07,0.004132526814460099,0.7130591143000272,0.7,0.3,0.0
28-34-0.pt,28,34,0.14975659673842479,medium,0.02467354959188285,0.12797277633458043,8.741106275330939e-07,0.0030392708967720045,0.7198749959084313,0.7,0.3,0.0
28-35-0.pt,28,35,0.13240249232526108,medium,0.028118829139409458,0.0762912457695487,4.6839131833726167e-07,0.0010017606819761617,0.7260870965870062,0.7,0.3,0.0
28-36-0.pt,28,36,0.15915996456458215,medium,0.03787075530536013,0.12312092168106524,6.362120765505122e-07,0.0009341708345671119,0.7323589799491528,0.7,0.3,0.0
28-37-0.pt,28,37,0.15917169370971235,medium,0.034357361317997846,0.11793311677360588,4.5073812460384634e-07,0.0018095094369651784,0.7382869058734587,0.7,0.3,0.0
28-38-0.pt,28,38,0.1481538180624501,medium,0.03855668659063393,0.07967690526183034,3.13009862000977e-07,0.0009293567094848408,0.7445092461267208,0.7,0.3,0.0
28-39-0.pt,28,39,0.16230089979724752,medium,0.052569167115159354,0.09215355956049419,5.266507612124746e-07,0.0006521470310886371,0.7505934255919825,0.7,0.3,0.0
28-4-0.pt,28,4,0.10686113457932472,medium,0.299248829888929,0.16437929731918344,0.006780465276665208,0.030390492086806924,0.38097972160391164,0.7,0.3,0.0
28-40-0.pt,28,40,0.17090957928650702,hard,0.061385913681476674,0.09640700188119185,4.609081253853036e-07,0.0008979722258124172,0.7562840173422,0.7,0.3,0.0
28-41-0.pt,28,41,0.2063965536401328,hard,0.06499071236788598,0.16921177477022334,3.70919805967208e-07,0.002061380401655577,0.7626237853678552,0.7,0.3,0.0
28-42-0.pt,28,42,0.22379978794349822,hard,0.07829063877253742,0.18982435739388956,7.965350206368482e-07,0.0024936631274209784,0.7685234259473204,0.7,0.3,0.0
28-43-0.pt,28,43,0.2404048732641757,hard,0.0968124299705474,0.20195446961568722,8.841959034640891e-07,0.005076949873908653,0.7738013970685333,0.7,0.3,0.0
28-44-0.pt,28,44,0.21128713820661404,hard,0.09378865857385174,0.12774733777976302,5.805788367840243e-07,0.0032376037846486745,0.7802376902473784,0.7,0.3,0.0
28-45-0.pt,28,45,0.21685044290598868,hard,0.11631941462555863,0.11247587527558998,5.466054464989095e-07,0.002100330524691678,0.7857894436172463,0.7,0.3,0.0
28-46-0.pt,28,46,0.2741853482269963,hard,0.15452072297352673,0.2024618224890711,1.3807267384852463e-06,0.005253842832007855,0.791496377013026,0.7,0.3,0.0
28-47-0.pt,28,47,0.21540974037211805,hard,0.14750973992351712,0.06351878564440919,6.152695268478844e-07,0.0013191075718725106,0.7971537128513391,0.7,0.3,0.0
28-48-0.pt,28,48,0.23975637107688869,hard,0.16322001206161468,0.09905163185634476,9.690319822951873e-07,0.001977428820699708,0.8024985922568817,0.7,0.3,0.0
28-49-0.pt,28,49,0.2565205341338208,hard,0.18568688962147534,0.11057054664263814,1.2256328619965743e-06,0.0015234141539980438,0.8078434584832219,0.7,0.3,0.0
28-5-0.pt,28,5,0.13784043868627763,medium,0.26923948837417827,0.2366244030955264,0.0024722239904070645,0.03034048847432212,0.4090364289076823,0.7,0.3,0.0
28-50-0.pt,28,50,0.2835065980070254,hard,0.21144675195486654,0.14243639598739072,1.7981163650531547e-06,0.00239602837918564,0.8130353985998646,0.7,0.3,0.0
28-6-0.pt,28,6,0.04246308906380436,easy,0.1823346248314189,0.08551220955341367,0.0013401831287787886,0.007187826785429565,0.4326096997476831,0.7,0.3,0.0
28-7-0.pt,28,7,0.037090376621915784,easy,0.14029354535492458,0.08372813691906054,0.000586510302495244,0.011469577653358485,0.4531990834277611,0.7,0.3,0.0
28-8-0.pt,28,8,0.04072127729046996,easy,0.11449335779114825,0.09613528934733767,0.00034288040895022513,0.009459271841435858,0.47164704648334865,0.7,0.3,0.0
28-9-0.pt,28,9,0.0283760337313475,easy,0.09527055611804788,0.06397609249336056,0.00015573107380493657,0.0092554468936984,0.48814870646371505,0.7,0.3,0.0
29-10-0.pt,29,10,0.04420545063960823,easy,0.09595125458598866,0.0727034657105589,8.918950257182895e-05,0.010462356815476886,0.5091306474577881,0.7,0.3,0.0
29-11-0.pt,29,11,0.040750374585413605,easy,0.06694136490086434,0.0784911151304844,3.734455115175907e-05,0.0069659658341140705,0.5230175001999527,0.7,0.3,0.0
29-12-0.pt,29,12,0.05550872266205051,easy,0.08062926316083939,0.0837935226349773,2.113043468944959e-05,0.006278884770074215,0.5362006002954756,0.7,0.3,0.0
29-13-0.pt,29,13,0.05424616370622188,easy,0.046893139999207356,0.09365764376920356,7.074124653711354e-06,0.00975863430003411,0.5492931594076784,0.7,0.3,0.0
29-14-0.pt,29,14,0.08791939214498606,medium,0.08172831533684861,0.12909448969982742,5.869854691651963e-06,0.006384567196079638,0.5603741153095227,0.7,0.3,0.0
29-15-0.pt,29,15,0.060272291482512494,easy,0.04780212673685361,0.08030250631599,2.3883430079245876e-06,0.006639715116827272,0.5720623649726939,0.7,0.3,0.0
29-16-0.pt,29,16,0.06645804994714093,easy,0.04864345037077068,0.08067676973971825,2.150114335952233e-06,0.005543183252937624,0.5832829520303837,0.7,0.3,0.0
29-17-0.pt,29,17,0.05440641519640165,easy,0.033495768522547,0.05373537704152146,1.9634697831576486e-06,0.004918847819210003,0.5934841566702518,0.7,0.3,0.0
29-18-0.pt,29,18,0.0904892377177796,medium,0.032717600569359684,0.1311576970712233,1.6483631798421031e-06,0.0030026804289886113,0.603060741674406,0.7,0.3,0.0
29-19-0.pt,29,19,0.08958079059460138,medium,0.033857437446977064,0.11284491704005464,1.3475566592876418e-06,0.004779421918024357,0.6130197661383217,0.7,0.3,0.0
29-2-0.pt,29,2,0.23448366486807307,hard,0.5669341000435649,0.23283190321820701,0.0681100040766249,0.03889498571299643,0.3079338281849478,0.7,0.3,0.0
29-20-0.pt,29,20,0.07717711928956927,easy,0.028824158845513696,0.075457910243617,1.0819158604275048e-06,0.005134551584654679,0.6220881032466482,0.7,0.3,0.0
29-21-0.pt,29,21,0.07852716751884457,easy,0.026479732338310562,0.07088136679934796,1.0905666105766323e-06,0.0036843562087210983,0.6308744659369755,0.7,0.3,0.0
29-22-0.pt,29,22,0.08995586810153106,medium,0.016598952571464133,0.09709481137319768,1.2982403756881782e-06,0.00348267054749773,0.6395965653265556,0.7,0.3,0.0
29-23-0.pt,29,23,0.08056164783092916,easy,0.01012687379558271,0.07033148081841413,7.534760972171265e-07,0.003073118395685656,0.6478128041735893,0.7,0.3,0.0
29-24-0.pt,29,24,0.1326299207887781,medium,0.03922306114304099,0.15709595776841237,1.044537281510277e-06,0.0035506923710873386,0.6552131715082867,0.7,0.3,0.0
29-25-0.pt,29,25,0.10535964418914642,medium,0.014352162768382637,0.10754577887444729,6.629054613575394e-07,0.0013026767397175988,0.663215279470147,0.7,0.3,0.0
29-26-0.pt,29,26,0.08039590566019292,easy,0.00750554488129782,0.04346909805111051,7.820824349501026e-07,0.001187168313966333,0.6711850715982374,0.7,0.3,0.0
29-27-0.pt,29,27,0.09775075361135167,medium,0.010125606761903189,0.07279875683923503,6.801277842209885e-07,0.0010905164901813718,0.6788771942590651,0.7,0.3,0.0
29-28-0.pt,29,28,0.11483654526248462,medium,0.012597819891179323,0.10192283844649254,5.64323065298059e-07,0.0015786406379967389,0.6859027705689663,0.7,0.3,0.0
29-29-0.pt,29,29,0.1260847547380918,medium,0.01040596301133747,0.12154562982381582,5.486713712960259e-07,0.0014473687420287823,0.6934129923748585,0.7,0.3,0.0
29-3-0.pt,29,3,0.11048891870476135,medium,0.4153621593748346,0.10372282597756527,0.014988046441435704,0.014235372666099633,0.35175661663415747,0.7,0.3,0.0
29-30-0.pt,29,30,0.1245036777892665,medium,0.026698465937806205,0.09200078645089581,8.05506896467267e-07,0.0013835914720563966,0.7005718529553487,0.7,0.3,0.0
29-31-0.pt,29,31,0.1213594610525995,medium,0.017112569235504478,0.0849883287691223,4.363567225689995e-07,0.0008672389763291962,0.7077399600724285,0.7,0.3,0.0
29-32-0.pt,29,32,0.15167745489724274,medium,0.020159934519105294,0.14497100045178377,4.292584990331196e-07,0.0027095385055251,0.7142139581186591,0.7,0.3,0.0
29-33-0.pt,29,33,0.14534414897266912,medium,0.03458628665170401,0.10505009688690083,6.757039860932199e-07,0.003570342773251274,0.7212253330793245,0.7,0.3,0.0
29-34-0.pt,29,34,0.14507381160958616,medium,0.028595956447518275,0.1045903360595454,6.579444423758274e-07,0.0011093065383105994,0.7274564656108048,0.7,0.3,0.0
29-35-0.pt,29,35,0.15876462487808923,medium,0.03347297315833842,0.12312092168106524,6.707426734956716e-07,0.001963069953939965,0.7341786670230124,0.7,0.3,0.0
29-36-0.pt,29,36,0.13879899875406654,medium,0.03247164139868552,0.06802002174464387,3.805280629505248e-07,0.0018135898964328114,0.7401273653023183,0.7,0.3,0.0
29-37-0.pt,29,37,0.15619927066189598,medium,0.03532965954448824,0.0990716016707326,3.132626818044215e-07,0.0013381302409457472,0.7467092503837516,0.7,0.3,0.0
29-38-0.pt,29,38,0.1847793040760368,hard,0.043195575925856086,0.1509959708108956,5.555149504600667e-07,0.002503225996608934,0.752961519383595,0.7,0.3,0.0
29-39-0.pt,29,39,0.146563803458056,medium,0.05710350975983716,0.03839320780405252,2.833080739836132e-07,0.0007985226122721205,0.7588607656955356,0.7,0.3,0.0
29-4-0.pt,29,4,0.06681654167662378,easy,0.28642088982435404,0.07582174071017816,0.006763370832887419,0.02819336948194344,0.38594962857196613,0.7,0.3,0.0
29-40-0.pt,29,40,0.21641666197899842,hard,0.06503849331248679,0.18781289051710945,9.73919754782089e-07,0.004541525070632669,0.764997924479003,0.7,0.3,0.0
29-41-0.pt,29,41,0.21827241612926068,hard,0.07577138633071495,0.17156095017248926,1.0779086304217215e-06,0.005876411878005246,0.7715488460594192,0.7,0.3,0.0
29-42-0.pt,29,42,0.18027992895518502,hard,0.08768698012919597,0.06185266311548108,1.3095033455401625e-06,0.004004363510859255,0.7773009158126255,0.7,0.3,0.0
29-43-0.pt,29,43,0.19444084033662573,hard,0.09441586598445637,0.08271222753106804,7.599597291211863e-07,0.0031906207095247245,0.7829862143304598,0.7,0.3,0.0
29-44-0.pt,29,44,0.2115786339854862,hard,0.10403463774530501,0.10781739470563106,7.519031868398188e-07,0.0014230801294162511,0.7894486905317052,0.7,0.3,0.0
29-45-0.pt,29,45,0.21767818978516373,hard,0.12533814970760948,0.09374276205598432,6.875809048053003e-07,0.0013356378835034997,0.7952115922822529,0.7,0.3,0.0
29-46-0.pt,29,46,0.21256649633653305,hard,0.1324060416326994,0.06697042604106768,5.356342614092413e-07,0.001456065339866565,0.8006457706656701,0.7,0.3,0.0
29-47-0.pt,29,47,0.3167316755371279,hard,0.15740887958660132,0.2831950247404614,1.005074670034459e-06,0.004688458756598887,0.8066058018686231,0.7,0.3,0.0
29-48-0.pt,29,48,0.23921433912114645,hard,0.16183791835086478,0.086990998750991,8.421907420803606e-07,0.0018331685385358553,0.8117619999837241,0.7,0.3,0.0
29-49-0.pt,29,49,0.2513979182525625,hard,0.19028573489813663,0.08091812083896753,1.0646507765143422e-06,0.0010189260727983124,0.8177664143254518,0.7,0.3,0.0
29-5-0.pt,29,5,0.07008658006930617,easy,0.25539233666404115,0.09073808876089423,0.002444973263102088,0.01925165072565003,0.41409658652455894,0.7,0.3,0.0
29-50-0.pt,29,50,0.28023940284999493,hard,0.22444114289454928,0.10570777032643079,1.5391576595713892e-06,0.005218336474594153,0.8228444053638168,0.7,0.3,0.0
29-6-0.pt,29,6,0.03874358134293005,easy,0.1842107974068079,0.0671254659090508,0.001325847041477876,0.008061619304744022,0.4376210421842648,0.7,0.3,0.0
29-7-0.pt,29,7,0.05595329807675364,easy,0.133074938172853,0.13259256943299574,0.0005716997698790847,0.008912884601005124,0.45819851420027574,0.7,0.3,0.0
29-8-0.pt,29,8,0.029595371726909576,easy,0.11006108137346708,0.07148397841190123,0.0003342448865581737,0.0049445522994673655,0.4766679054480042,0.7,0.3,0.0
29-9-0.pt,29,9,0.03999464806506608,easy,0.093159150614051,0.08593824190604933,0.00014844913480134393,0.010649026223235278,0.49336455605822904,0.7,0.3,0.0
3-10-0.pt,3,10,0.17811831961005817,hard,0.6004035918253714,0.1751280101265247,0.011451152461062092,0.10581587065133324,0.21541866444752958,0.7,0.3,0.0
3-11-0.pt,3,11,0.16637998256800046,hard,0.5509691530751426,0.19900636691645512,0.010395153070178855,0.08882422467551143,0.22686451395976498,0.7,0.3,0.0
3-12-0.pt,3,12,0.1406007859932624,medium,0.5391900286056889,0.14471448325179082,0.009490109948583673,0.07933731199580343,0.23743710779798594,0.7,0.3,0.0
3-13-0.pt,3,13,0.11589463153838447,medium,0.48346807545642717,0.12244447612920549,0.008713780804443027,0.08517627150965083,0.24730478270536074,0.7,0.3,0.0
3-14-0.pt,3,14,0.2978806881880834,hard,0.4938663141845195,0.5415475977464901,0.008026510384243755,0.08520370982945824,0.2563989147282726,0.7,0.3,0.0
3-15-0.pt,3,15,0.08953160418782745,medium,0.4719849604536456,0.08758950529666233,0.007441918780755306,0.04553212536001455,0.2649541704925008,0.7,0.3,0.0
3-16-0.pt,3,16,0.07790791807500884,easy,0.4802628559871048,0.05677009497084715,0.006922476364734375,0.029923014117784984,0.27288611660312007,0.7,0.3,0.0
3-17-0.pt,3,17,0.06800087662937297,easy,0.46795525803062776,0.03337819463252183,0.006476311000565489,0.0320712840963474,0.2804302717655673,0.7,0.3,0.0
3-18-0.pt,3,18,0.11936602005742968,medium,0.4595994191629608,0.16042495808368717,0.006082794226423492,0.028467905114006795,0.28778615089546006,0.7,0.3,0.0
3-19-0.pt,3,19,0.08737367558193711,medium,0.46280811500000674,0.05835147507475016,0.005739983235120934,0.04104404733167911,0.29467277718202467,0.7,0.3,0.0
3-2-0.pt,3,2,0.3799887925584216,hard,0.8742540493945741,0.2764099158635759,0.06016188836102708,0.4045929978794286,0.039149260418402505,0.7,0.3,0.0
3-20-0.pt,3,20,0.2608363555578536,hard,0.5028298559453904,0.39412587737952487,0.00542714868601546,0.07754409938445518,0.30090567481613106,0.7,0.3,0.0
3-21-0.pt,3,21,0.12772163812966003,medium,0.5257359593754529,0.08831755452466052,0.005158876086450284,0.03002400674442172,0.3070930730621613,0.7,0.3,0.0
3-22-0.pt,3,22,0.1367564409356253,medium,0.5412378600111825,0.09280030032958773,0.004917909050002246,0.024329415470127,0.3130094879461334,0.7,0.3,0.0
3-23-0.pt,3,23,0.11414849936032828,medium,0.5312667754148896,0.032910810580975836,0.004714513612463584,0.032009404071754496,0.3187548152955453,0.7,0.3,0.0
3-24-0.pt,3,24,0.14299302835771374,medium,0.541835505652931,0.09280030032958773,0.004526640611687889,0.0243429569596056,0.3242467088944728,0.7,0.3,0.0
3-25-0.pt,3,25,0.14065867802038037,medium,0.5300989156683166,0.08273999193683443,0.004367606516653942,0.033696111597800366,0.3294900789848563,0.7,0.3,0.0
3-26-0.pt,3,26,0.14034700597815292,medium,0.5116326603527274,0.08824584893336156,0.004224067070518305,0.03915569213780705,0.33468956254948945,0.7,0.3,0.0
3-27-0.pt,3,27,0.1548849776895938,medium,0.5133574451765794,0.13193705849188106,0.004097562291322215,0.02260081883381367,0.33958469276407927,0.7,0.3,0.0
3-28-0.pt,3,28,0.13867228519062388,medium,0.5115657283280504,0.09559123505743468,0.003982772493065223,0.015250413652429793,0.3443581646569772,0.7,0.3,0.0
3-29-0.pt,3,29,0.14616518101815137,medium,0.4852180064082099,0.12328982533175817,0.0038843807497992043,0.026105696358734387,0.34892046333988513,0.7,0.3,0.0
3-3-0.pt,3,3,0.1915886371265711,hard,0.828890039255936,0.047294138551188664,0.02665604543765281,0.2032113336597783,0.07910183722907145,0.7,0.3,0.0
3-30-0.pt,3,30,0.11210786681925877,medium,0.45341032299833506,0.06213576583869272,0.0037956529764455924,0.030716915724546153,0.3533958064286678,0.7,0.3,0.0
3-31-0.pt,3,31,0.1360945628944856,medium,0.4276918029228967,0.13216620934451176,0.003719452777659208,0.038914587066838056,0.357681358040061,0.7,0.3,0.0
3-32-0.pt,3,32,0.13350579670112578,medium,0.4449108453510974,0.12091935241498608,0.0036457359998065086,0.021331172312882916,0.3617668383339971,0.7,0.3,0.0
3-33-0.pt,3,33,0.11634686444983725,medium,0.4413757378784766,0.07899521264143551,0.0035829107695842933,0.01990678619957838,0.365824307838042,0.7,0.3,0.0
3-34-0.pt,3,34,0.11331428660296124,medium,0.45558177117435533,0.049153169923166956,0.0035252668632142522,0.023155301542294497,0.3696720398451882,0.7,0.3,0.0
3-35-0.pt,3,35,0.1909702691044403,hard,0.4570992300094232,0.2183116542818648,0.0034772674167503803,0.03536015817280499,0.37367327205098727,0.7,0.3,0.0
3-36-0.pt,3,36,0.19302256474472598,hard,0.46020595632838923,0.22618632674109374,0.0034316855596069878,0.024408431647524747,0.3774377696750179,0.7,0.3,0.0
3-37-0.pt,3,37,0.16770082890394636,hard,0.44605287954232853,0.1673470867347086,0.0033925237437931965,0.03125648002483923,0.38108862253489045,0.7,0.3,0.0
3-38-0.pt,3,38,0.1206345207714305,medium,0.4231226551776766,0.0837617645622131,0.0033560508119132673,0.019017475255225097,0.3846849745686369,0.7,0.3,0.0
3-39-0.pt,3,39,0.13832226166231965,medium,0.42813927350053044,0.11909409609909635,0.003324500306450214,0.016914428784139242,0.38818469985142195,0.7,0.3,0.0
3-4-0.pt,3,4,0.21639954892923557,hard,0.767895857408293,0.12745148498423042,0.020942699966236523,0.2095870106677314,0.10950427512207361,0.7,0.3,0.0
3-40-0.pt,3,40,0.1484424031584037,medium,0.42732646327117785,0.13404015768784028,0.0032948228892882925,0.02272721769724949,0.3916574319964431,0.7,0.3,0.0
3-41-0.pt,3,41,0.13461955447290178,medium,0.442679590705316,0.0837617645622131,0.003269481508289725,0.01961147874808336,0.39511270916565217,0.7,0.3,0.0
3-42-0.pt,3,42,0.18370009420894637,hard,0.44212686083117203,0.19497534486555,0.003246555525642733,0.02359657326682971,0.3983449303039983,0.7,0.3,0.0
3-43-0.pt,3,43,0.12550123796688448,medium,0.4470280987932248,0.05701074574642686,0.003226690995049105,0.011575505622968392,0.40144530848032,0.7,0.3,0.0
3-44-0.pt,3,44,0.1560638390798212,medium,0.4529156749259332,0.11856939782419491,0.0032075244767533974,0.014191999842813824,0.40446372266484554,0.7,0.3,0.0
3-45-0.pt,3,45,0.20454418467833604,hard,0.4801786776070046,0.20279860833283114,0.003191272804043813,0.016112049716071275,0.40752457570740547,0.7,0.3,0.0
3-46-0.pt,3,46,0.23207059762368648,hard,0.4987209394533098,0.24331743690895796,0.0031758663721050432,0.019851022701241137,0.4104699578996183,0.7,0.3,0.0
3-47-0.pt,3,47,0.1637760490539925,medium,0.4902819086455961,0.09014152527624257,0.0031636977691084666,0.012074726342949536,0.4134500613961975,0.7,0.3,0.0
3-48-0.pt,3,48,0.17368656140407113,hard,0.5018697613276869,0.09600735244363935,0.003151452088064652,0.015006726501122369,0.4161945387869218,0.7,0.3,0.0
3-49-0.pt,3,49,0.18361873126816153,hard,0.5086072797741658,0.10551240484097607,0.0031402704384626075,0.01910937895558753,0.41900834602175957,0.7,0.3,0.0
3-5-0.pt,3,5,0.24335734472466944,hard,0.7835641136782315,0.20056631859368973,0.018984270092785523,0.15532750212365182,0.13421726848739107,0.7,0.3,0.0
3-50-0.pt,3,50,0.1664076374000587,hard,0.5395870391172314,0.035595926505091725,0.003131377801397457,0.013188844346021198,0.42140038625912163,0.7,0.3,0.0
3-6-0.pt,3,6,0.2436805654886624,hard,0.7547453925672261,0.1869359002209139,0.017289227575539978,0.17279795768651254,0.1549394744004131,0.7,0.3,0.0
3-7-0.pt,3,7,0.24349530367064776,hard,0.7261260353555908,0.21215749898219774,0.015557500773648047,0.1537781669767578,0.17282669726506306,0.7,0.3,0.0
3-8-0.pt,3,8,0.14191191417990096,medium,0.6462935453702249,0.07762452649810864,0.014012995213353785,0.10281844012060716,0.18850014015645306,0.7,0.3,0.0
3-9-0.pt,3,9,0.1464872217698365,medium,0.5994031196734125,0.10522555500233081,0.012621506085225085,0.11603212048099719,0.2025014512735183,0.7,0.3,0.0
30-10-0.pt,30,10,0.05036990248165667,easy,0.09321409655427308,0.08787843542288788,8.530553693248088e-05,0.006281228986984224,0.5141733901985102,0.7,0.3,0.0
30-11-0.pt,30,11,0.04984260381799144,easy,0.07176776669528342,0.08806859490083015,3.425183079832925e-05,0.007553967305136716,0.5283297027687714,0.7,0.3,0.0
30-12-0.pt,30,12,0.06846353706973127,easy,0.05700459433465239,0.12853668898285184,1.9861895316045137e-05,0.009029952380760443,0.5418737423707078,0.7,0.3,0.0
30-13-0.pt,30,13,0.04984657908938502,easy,0.043660875840543976,0.0812039394702655,5.469266624302273e-06,0.007748005115471375,0.5546060049677224,0.7,0.3,0.0
30-14-0.pt,30,14,0.07082927633488313,easy,0.07383493309924642,0.08791653564318948,4.593349499470016e-06,0.0063948535836104315,0.5661543008093917,0.7,0.3,0.0
30-15-0.pt,30,15,0.05520587857104891,easy,0.05234720437414312,0.05611527234044837,2.5569314242882695e-06,0.0064103751362374235,0.577796060899072,0.7,0.3,0.0
30-16-0.pt,30,16,0.06990961986590796,easy,0.03185899547353813,0.09774087612154425,1.9376323299371324e-06,0.005951636478310258,0.5890747585742732,0.7,0.3,0.0
30-17-0.pt,30,17,0.08831253028478345,medium,0.030432230590078095,0.13222303225418283,1.9693151155423546e-06,0.0038694726136317133,0.599347129751621,0.7,0.3,0.0
30-18-0.pt,30,18,0.07421245104782145,easy,0.02918798050643096,0.0858532371498214,1.6492130732756678e-06,0.0044616760683285185,0.6090546496765972,0.7,0.3,0.0
30-19-0.pt,30,19,0.12881294554203498,medium,0.02493420272798481,0.2057610006689853,1.001900194301135e-06,0.008052119575650713,0.6188923661744276,0.7,0.3,0.0
30-2-0.pt,30,2,0.19254869904035582,hard,0.5518354970319641,0.14990238202845113,0.06831487672579585,0.029407000586472755,0.31224847386105,0.7,0.3,0.0
30-20-0.pt,30,20,0.08778199574874547,medium,0.028307163138460958,0.09378457963516172,1.1455427921414044e-06,0.004965723230079151,0.6281644745397581,0.7,0.3,0.0
30-21-0.pt,30,21,0.08038041492489577,easy,0.03268742317287998,0.060713514174444656,1.3911074746654262e-06,0.003543048704259172,0.6373582469639671,0.7,0.3,0.0
30-22-0.pt,30,22,0.09631125595565461,medium,0.026109960956995023,0.09377385150159467,9.814112038986144e-07,0.0042300186763559655,0.6459814236361302,0.7,0.3,0.0
30-23-0.pt,30,23,0.1134763663024619,medium,0.030979795239043085,0.12065329936555803,8.143553193343247e-07,0.003649983159924081,0.65384276733453,0.7,0.3,0.0
30-24-0.pt,30,24,0.1329397279479879,medium,0.04959772729318747,0.13916110409828902,1.2194503187810854e-06,0.0030644639089702544,0.6618522998578219,0.7,0.3,0.0
30-25-0.pt,30,25,0.1671749032715039,hard,0.016482190860731907,0.24320626574353907,1.0463889499814462e-06,0.0039947402750710225,0.6702150759615124,0.7,0.3,0.0
30-26-0.pt,30,26,0.08998336420077617,medium,0.01707136688540492,0.04839034942957149,6.245027590481028e-07,0.0011898671018014994,0.6777795073695682,0.7,0.3,0.0
30-27-0.pt,30,27,0.08214861628942219,easy,0.01183752719596427,0.025065736886692464,5.239991257787785e-07,0.00018916984036899238,0.6857631581190539,0.7,0.3,0.0
30-28-0.pt,30,28,0.1153618796441135,medium,0.013729744126250921,0.09340644542542777,4.249013636991612e-07,0.0007159338693007824,0.6930877312255193,0.7,0.3,0.0
30-29-0.pt,30,29,0.12517431901409293,medium,0.030633468619359092,0.08923254546730762,5.762221960755996e-07,0.0014135278372496372,0.7008950772767645,0.7,0.3,0.0
30-3-0.pt,30,3,0.11846656599571462,medium,0.4233823711064647,0.11198527797286335,0.014954166977669912,0.01137405134246617,0.35623943311765505,0.7,0.3,0.0
30-30-0.pt,30,30,0.10929781449457138,medium,0.018258228218396448,0.05435297304285559,6.988947435498586e-07,0.000966814350335689,0.7078671560120698,0.7,0.3,0.0
30-31-0.pt,30,31,0.1293954713278842,medium,0.023301069800869396,0.08855712691712588,6.042275860846979e-07,0.0011298862930506641,0.7148708980510282,0.7,0.3,0.0
30-32-0.pt,30,32,0.16681039932940855,hard,0.03057507657820748,0.16189869244405436,7.679969973811142e-07,0.0018520982041540218,0.7218942371173335,0.7,0.3,0.0
30-33-0.pt,30,33,0.12016516591572612,medium,0.030583932179257273,0.04049332738509282,5.089926767570647e-07,0.0015694369955994343,0.7284404369497319,0.7,0.3,0.0
30-34-0.pt,30,34,0.1413101650765061,medium,0.034197263309822895,0.08009804328712948,5.598944936097812e-07,0.0007034315862716855,0.7351386977760185,0.7,0.3,0.0
30-35-0.pt,30,35,0.18072122598524776,hard,0.0386793553551408,0.16073872993482877,1.1360640610411493e-07,0.0023148725224202485,0.7417394953015077,0.7,0.3,0.0
30-36-0.pt,30,36,0.1799575926622716,hard,0.0443573263036219,0.14559250027638548,2.536654381470144e-07,0.0014642252018454132,0.7481310288427908,0.7,0.3,0.0
30-37-0.pt,30,37,0.17334876043393282,hard,0.049270792940520024,0.11674232776737402,5.164832157652107e-07,0.0007751335759445539,0.754632609578241,0.7,0.3,0.0
30-38-0.pt,30,38,0.16435345840853274,medium,0.05465287681201609,0.08106530872550774,3.155937257504376e-07,0.0010057894809270143,0.7608755696599804,0.7,0.3,0.0
30-39-0.pt,30,39,0.20603198500979109,hard,0.06531731715143987,0.16018655273718457,7.693290624579714e-07,0.0034602898613137114,0.7674661361264451,0.7,0.3,0.0
30-4-0.pt,30,4,0.06857439761493438,easy,0.3003612092001178,0.05947026236123711,0.0067498914485001685,0.028526006184614552,0.39074263214058813,0.7,0.3,0.0
30-40-0.pt,30,40,0.2596315663611913,hard,0.08435169604239001,0.26438704871322244,6.339506000436379e-07,0.002442739862703131,0.7732296547617241,0.7,0.3,0.0
30-41-0.pt,30,41,0.19536252599635798,hard,0.08014217066916508,0.10342283573995557,7.11502353186235e-07,0.0028256371814718816,0.7800888820195764,0.7,0.3,0.0
30-42-0.pt,30,42,0.19310263464173144,hard,0.0867689358377124,0.08403703051695295,1.1576030159106794e-06,0.0022105218137591113,0.786050233631069,0.7,0.3,0.0
30-43-0.pt,30,43,0.25864731567870397,hard,0.12669978998165135,0.19254039891246177,1.3261692852002674e-06,0.004486326594928597,0.7921503311160262,0.7,0.3,0.0
30-44-0.pt,30,44,0.21155645117751526,hard,0.10562371748040646,0.09471711319338363,2.655196557533917e-07,0.0013030272518963723,0.7981868482180339,0.7,0.3,0.0
30-45-0.pt,30,45,0.20697790839161698,hard,0.1236286027961711,0.058069051147136605,4.932707790099279e-07,0.0011015149926254975,0.804037585672381,0.7,0.3,0.0
30-46-0.pt,30,46,0.3479086903477672,hard,0.13975655069199683,0.3725948548229273,9.584462614734874e-07,0.005073610218299477,0.8091709822214395,0.7,0.3,0.0
30-47-0.pt,30,47,0.24354687031373629,hard,0.15492118744515704,0.09901780918136807,7.451415097596314e-07,0.0022826782330848576,0.8154878893765612,0.7,0.3,0.0
30-48-0.pt,30,48,0.2785409075983411,hard,0.174076054188219,0.1579930345864565,8.446265427032315e-07,0.0010373394573601348,0.8214456295402187,0.7,0.3,0.0
30-49-0.pt,30,49,0.28993526765189853,hard,0.19459191994045244,0.1579930345864565,9.916119891351445e-07,0.0007074003532726163,0.8270446318493155,0.7,0.3,0.0
30-5-0.pt,30,5,0.05793620910873429,easy,0.23009332414068895,0.08423950231974502,0.0024195522792748426,0.015462921621789437,0.41875734590845,0.7,0.3,0.0
30-50-0.pt,30,50,0.29227514517893743,hard,0.24244237221428014,0.10666349137450368,1.4580891285290267e-06,0.00208175306953025,0.8329110848760475,0.7,0.3,0.0
30-6-0.pt,30,6,0.06380066060231954,easy,0.1923701549891903,0.11222381390315332,0.0013132671457185775,0.00904931269542846,0.44250565727278407,0.7,0.3,0.0
30-7-0.pt,30,7,0.0673415181442825,easy,0.13710215117607377,0.14773901928409452,0.0005596051271065718,0.01082554533323536,0.4631159806071053,0.7,0.3,0.0
30-8-0.pt,30,8,0.03126338158101409,easy,0.11142233671501113,0.06557861867975971,0.0003271337842116945,0.006940885111194328,0.48164597720510494,0.7,0.3,0.0
30-9-0.pt,30,9,0.036074966791988315,easy,0.10116860646399414,0.0645062728983587,0.00014436692680774228,0.00739113660664145,0.4987898002039735,0.7,0.3,0.0
31-10-0.pt,31,10,0.0552794385128941,easy,0.09374007622542041,0.09144343926864365,8.225393639541566e-05,0.0073760190887228036,0.5192386520430856,0.7,0.3,0.0
31-11-0.pt,31,11,0.04862408634263633,easy,0.08137511588944372,0.06866720771282968,3.1753111601056466e-05,0.00765678291707465,0.5334177755554418,0.7,0.3,0.0
31-12-0.pt,31,12,0.071082943097291,easy,0.05648097058466064,0.12916053419345946,1.941337958586585e-05,0.007878007783635161,0.5474572533663637,0.7,0.3,0.0
31-13-0.pt,31,13,0.051820756443328064,easy,0.06372264447381393,0.06345907348576751,5.028166503516114e-06,0.00340501448330281,0.5597451247886274,0.7,0.3,0.0
31-14-0.pt,31,14,0.07097235224301254,easy,0.06635760468979252,0.08995406066401158,3.823752316216248e-06,0.004738698708072767,0.5717719543933695,0.7,0.3,0.0
31-15-0.pt,31,15,0.0693697124742458,easy,0.06272671190621594,0.07338501026831808,2.2123730267609667e-06,0.005097351207775654,0.5838174828342583,0.7,0.3,0.0
31-16-0.pt,31,16,0.07298918761991265,easy,0.02487163985018461,0.10577269268148543,1.8790703050450538e-06,0.004998398339232427,0.5946367461939573,0.7,0.3,0.0
31-17-0.pt,31,17,0.047774102649452393,easy,0.03159865451242958,0.025643983210901795,1.8224328612059777e-06,0.003488524990884753,0.6050699537449065,0.7,0.3,0.0
31-18-0.pt,31,18,0.08172085949485017,easy,0.04716292718107079,0.07824056932434921,1.7681269773018228e-06,0.0038279247637193333,0.6154408782714796,0.7,0.3,0.0
31-19-0.pt,31,19,0.10415697754310478,medium,0.030402929401507177,0.13535406935557934,9.84311639549657e-07,0.005107241785472213,0.6250433088587659,0.7,0.3,0.0
31-2-0.pt,31,2,0.1718317851842283,hard,0.5459245013703519,0.10726220379737043,0.06851709446217981,0.021909168213540393,0.3165176679080557,0.7,0.3,0.0
31-20-0.pt,31,20,0.09617724934463255,medium,0.03435603414945794,0.10021580748576124,8.859924332662358e-07,0.004474141224280824,0.6344668669083781,0.7,0.3,0.0
31-21-0.pt,31,21,0.09994060854082794,medium,0.03238913522974466,0.10140448169135555,5.307155034136299e-07,0.0024432382092731664,0.6434683020728993,0.7,0.3,0.0
31-22-0.pt,31,22,0.15457313133742528,medium,0.034310418844852364,0.2174977618751596,1.2128739449497164e-06,0.005484754381372026,0.6519962862983562,0.7,0.3,0.0
31-23-0.pt,31,23,0.16880110101943593,hard,0.019988246527839065,0.25611040551509767,8.984323302423862e-07,0.004490339114324869,0.6604294299237375,0.7,0.3,0.0
31-24-0.pt,31,24,0.10602007053876539,medium,0.028003758224799703,0.0880747295420957,9.890545606948738e-07,0.0015057577228827787,0.6686613740781779,0.7,0.3,0.0
31-25-0.pt,31,25,0.11529493230427573,medium,0.026168344569485254,0.10221757793645007,8.688621638824577e-07,0.0011000451259191558,0.6766374739008781,0.7,0.3,0.0
31-26-0.pt,31,26,0.11438366375575838,medium,0.025167910306087424,0.09010153056023833,8.32930913496013e-07,0.0017136460136050915,0.6844074900356368,0.7,0.3,0.0
31-27-0.pt,31,27,0.11434390305916846,medium,0.015530527868240765,0.08972384898957382,5.236057220658097e-07,0.000725080048625377,0.6926396926209523,0.7,0.3,0.0
31-28-0.pt,31,28,0.12257458927673463,medium,0.03251047314144882,0.08209335743746593,4.410587294979096e-07,0.0011330354357426385,0.7003249140989943,0.7,0.3,0.0
31-29-0.pt,31,29,0.12922906538757256,medium,0.026014331411448405,0.09402090996486587,4.074837265623944e-07,0.0017334531557622618,0.7079398733810499,0.7,0.3,0.0
31-3-0.pt,31,3,0.08021111649227251,easy,0.4271477647933975,0.010802620068056075,0.014927440243956801,0.010360567312723699,0.3605997186761965,0.7,0.3,0.0
31-30-0.pt,31,30,0.1436141666655824,medium,0.02895830298579474,0.11674023965020196,8.428909235757447e-07,0.0018206013513182573,0.7148073741959523,0.7,0.3,0.0
31-31-0.pt,31,31,0.14910521639753832,medium,0.03616087939099521,0.11330177132417697,9.562514929680819e-07,0.0013515685675441192,0.7223604571550748,0.7,0.3,0.0
31-32-0.pt,31,32,0.14180888543413295,medium,0.03344598315328692,0.0897240623401101,4.60653518443388e-07,0.0010953930392252622,0.7290568787136628,0.7,0.3,0.0
31-33-0.pt,31,33,0.1512375655895792,medium,0.040290982544802345,0.09685794813971162,4.084370841811088e-07,0.0008991803093183188,0.7358945818165791,0.7,0.3,0.0
31-34-0.pt,31,34,0.1441366751973783,medium,0.038523713932051444,0.07186715295625554,6.165444133596604e-07,0.0015663808765821686,0.742602222860708,0.7,0.3,0.0
31-35-0.pt,31,35,0.1604912353286469,medium,0.0479190996472004,0.09401499906933923,4.012649727588868e-07,0.0005795737068993902,0.7494440736437171,0.7,0.3,0.0
31-36-0.pt,31,36,0.1401604508851543,medium,0.0514042435491859,0.032473991183688634,3.586924813531383e-07,0.0007436856682852748,0.7559626891595114,0.7,0.3,0.0
31-37-0.pt,31,37,0.19573771504188592,hard,0.05854021109399467,0.149657013294481,1.6558180039277958e-07,0.0021830602538652866,0.7626698206634903,0.7,0.3,0.0
31-38-0.pt,31,38,0.1876886117247307,hard,0.061964880559814965,0.11788606400536528,9.614387205986465e-07,0.0023033200430240906,0.7692547192627821,0.7,0.3,0.0
31-39-0.pt,31,39,0.22688611378617332,hard,0.08281182726992842,0.18402514496190345,5.540351547704534e-07,0.0022580917724686154,0.7753090987942931,0.7,0.3,0.0
31-4-0.pt,31,4,0.1075502286272013,medium,0.3038407868843952,0.15194610942104572,0.0067376777300883085,0.021166716589345793,0.3951512945050282,0.7,0.3,0.0
31-40-0.pt,31,40,0.19468448500574026,hard,0.07971157709397911,0.10037031323564614,6.908911193123382e-07,0.0021421827028449136,0.7819937410084091,0.7,0.3,0.0
31-41-0.pt,31,41,0.1918354979046994,hard,0.08651663036795053,0.07778109986216421,6.314939121297076e-07,0.0024234806167768345,0.7884849299076165,0.7,0.3,0.0
31-42-0.pt,31,42,0.22566842752923932,hard,0.10721273821416342,0.13010025821515542,6.762140480302599e-07,0.0030296307934224915,0.7947826093594538,0.7,0.3,0.0
31-43-0.pt,31,43,0.21941042980419453,hard,0.10660207921506774,0.10922888911917147,4.684634480428806e-07,0.0013127770987849132,0.8008491004808346,0.7,0.3,0.0
31-44-0.pt,31,44,0.23329339369304966,hard,0.11027446295276384,0.1305373622208865,6.853785792898103e-07,0.0018556954976189349,0.8069697160998953,0.7,0.3,0.0
31-45-0.pt,31,45,0.20573074516047923,hard,0.12659282316686785,0.03958462373586358,5.29832355407591e-07,0.002269926136966482,0.812588800130822,0.7,0.3,0.0
31-46-0.pt,31,46,0.24811755121504714,hard,0.1451465379268411,0.11659528809641392,9.051992791333837e-07,0.00145616919093849,0.8185797895884398,0.7,0.3,0.0
31-47-0.pt,31,47,0.23288160377440448,hard,0.15505069454262443,0.06146343422084747,1.448477488232171e-06,0.0018796269761265614,0.8245361254263517,0.7,0.3,0.0
31-48-0.pt,31,48,0.25512918528807205,hard,0.1753549059089026,0.08695327685075964,8.382393518010163e-07,0.0016549258634271605,0.8308227141034016,0.7,0.3,0.0
31-49-0.pt,31,49,0.2897113778326879,hard,0.2067212735221365,0.13194147709861048,1.022154855216166e-06,0.0012912337302248415,0.8367019870793004,0.7,0.3,0.0
31-5-0.pt,31,5,0.06140485937541621,easy,0.23659040692657174,0.08236733420895885,0.002398152268827165,0.013094215150684102,0.42341289303027896,0.7,0.3,0.0
31-50-0.pt,31,50,0.29381260756423305,hard,0.25185361244684473,0.08892342726785737,1.413482321105359e-06,0.0016265876934611952,0.8423517292901807,0.7,0.3,0.0
31-6-0.pt,31,6,0.041617859226336054,easy,0.18470552835850965,0.05849503585771549,0.0013024786943574337,0.010501951829258697,0.44719252255546965,0.7,0.3,0.0
31-7-0.pt,31,7,0.07864574183051778,easy,0.15725789424786368,0.15033774761262844,0.0005494377380288396,0.008879885855154111,0.46808785434557343,0.7,0.3,0.0
31-8-0.pt,31,8,0.056917331567503955,easy,0.11304836304067202,0.12063593902178488,0.00032194259024888165,0.005785325971523889,0.48664851015543614,0.7,0.3,0.0
31-9-0.pt,31,9,0.04495265827247199,easy,0.1087231689099064,0.0729572834700748,0.0001394189953705636,0.00620470481759387,0.5038415063300224,0.7,0.3,0.0
32-10-0.pt,32,10,0.0482200613644793,easy,0.08623844721569379,0.07668873513270197,7.937687000728359e-05,0.0062283060659540455,0.5239967289585915,0.7,0.3,0.0
32-11-0.pt,32,11,0.06894201844872933,easy,0.08646662730516431,0.10565605842044105,2.9701471732045813e-05,0.008024273907027696,0.5385330734767926,0.7,0.3,0.0
32-12-0.pt,32,12,0.024482952394632846,easy,0.050430736991128954,0.015793489765757427,1.8590918135673713e-05,0.0074262486366402855,0.5527204563346786,0.7,0.3,0.0
32-13-0.pt,32,13,0.07193160887483735,easy,0.08527756253207698,0.07894570468541348,4.920087702889217e-06,0.008071765529895358,0.5650384799514648,0.7,0.3,0.0
32-14-0.pt,32,14,0.08039473349813851,easy,0.062088766608337946,0.1072438503720243,3.331839906683963e-06,0.007207258856735107,0.5773102849872926,0.7,0.3,0.0
32-15-0.pt,32,15,0.09488481033189405,medium,0.042999546271771924,0.1484186847086017,2.0506250278774903e-06,0.004366047343296637,0.5892812717304453,0.7,0.3,0.0
32-16-0.pt,32,16,0.07119044749514328,easy,0.0332916882715725,0.08498119181941281,2.0391047430897923e-06,0.0055147833570776085,0.6002950116185632,0.7,0.3,0.0
32-17-0.pt,32,17,0.10576255929647506,medium,0.03507500791926942,0.15199487563827735,2.20717712160126e-06,0.006516440413738866,0.6108292585049233,0.7,0.3,0.0
32-18-0.pt,32,18,0.11494858548298036,medium,0.04021721788276496,0.15617016885020285,1.8531799277579717e-06,0.005722275164658656,0.6211928416718496,0.7,0.3,0.0
32-19-0.pt,32,19,0.09340604911185421,medium,0.04803177768761276,0.08608557022824327,1.0577217308158582e-06,0.0025100793457762394,0.6312251106150664,0.7,0.3,0.0
32-2-0.pt,32,2,0.15454843486089886,medium,0.5387727773377793,0.06545154172218737,0.06871504294753521,0.023365150115035406,0.3206208537694836,0.7,0.3,0.0
32-20-0.pt,32,20,0.09259881027943734,medium,0.03156007571604829,0.08624276590581499,1.0830192278882602e-06,0.0044890486714144725,0.6405684360340704,0.7,0.3,0.0
32-21-0.pt,32,21,0.0927605332913667,medium,0.03405726848640013,0.07446178448269435,7.931584836077147e-07,0.0023147019120120377,0.6495120486376532,0.7,0.3,0.0
32-22-0.pt,32,22,0.11758113242544772,medium,0.02675715094188268,0.1302077107060156,1.2577850992811386e-06,0.0027131580874900007,0.6580307786306014,0.7,0.3,0.0
32-23-0.pt,32,23,0.11729488943834311,medium,0.03293390647945618,0.11289046927768517,6.401787325664868e-07,0.0018977071775750675,0.6665312627201504,0.7,0.3,0.0
32-24-0.pt,32,24,0.11746205369707124,medium,0.03696372044155284,0.09873738080486688,8.04918702498578e-07,0.0012857311443999556,0.6749389049116109,0.7,0.3,0.0
32-25-0.pt,32,25,0.10140284296815506,medium,0.032544192722962856,0.05289567610116156,9.124485307513505e-07,0.001963481917646082,0.6829972794839335,0.7,0.3,0.0
32-26-0.pt,32,26,0.10664794390617194,medium,0.027541400386885777,0.05973498450125703,6.7460833239859e-07,0.001915185035062466,0.6912381817145974,0.7,0.3,0.0
32-27-0.pt,32,27,0.1389500606333807,medium,0.025685883014385066,0.12880105837345524,7.173476105378683e-07,0.0018510991609820455,0.6996236465163072,0.7,0.3,0.0
32-28-0.pt,32,28,0.13177686808145112,medium,0.03405596493141799,0.09354533730316368,3.295901314831556e-07,0.0013418105303475685,0.7071837421462265,0.7,0.3,0.0
32-29-0.pt,32,29,0.1654817173787087,hard,0.03095118811182328,0.16691046678515967,5.077514309443185e-07,0.0030158491227900213,0.7145203673019664,0.7,0.3,0.0
32-3-0.pt,32,3,0.11448680466596535,medium,0.43208172262900085,0.0834499081457985,0.01490742746186688,0.010177044691392493,0.3648720338380028,0.7,0.3,0.0
32-30-0.pt,32,30,0.15480456063565934,medium,0.03992257154837509,0.12159164959074191,1.0076776351877937e-06,0.0034133658606249166,0.7221296490508502,0.7,0.3,0.0
32-31-0.pt,32,31,0.13258363942065476,medium,0.04369526468125869,0.056897037939786066,6.82621784634681e-07,0.001110339039915853,0.7292175567000311,0.7,0.3,0.0
32-32-0.pt,32,32,0.1408383009612524,medium,0.03997191290361216,0.07141414605773602,5.24341036625228e-07,0.0010560651385818273,0.7362054814468074,0.7,0.3,0.0
32-33-0.pt,32,33,0.15679576695620417,medium,0.043955256445099844,0.09654901261891698,2.3670379986655217e-07,0.0013446781375318492,0.7431889540709676,0.7,0.3,0.0
32-34-0.pt,32,34,0.14174244170432437,medium,0.050198827748212965,0.04577639170401178,5.996464508038158e-07,0.0001576242020711285,0.7501675417455462,0.7,0.3,0.0
32-35-0.pt,32,35,0.15827783167529547,medium,0.0543455123556208,0.07263079548493576,3.5572571215974933e-07,0.00020797174631962371,0.7569664545215917,0.7,0.3,0.0
32-36-0.pt,32,36,0.2594869606098036,hard,0.05762068026613604,0.30276896764311473,2.480529265535577e-07,0.002932513931434412,0.763802721437486,0.7,0.3,0.0
32-37-0.pt,32,37,0.1697246430006801,hard,0.061320741653702805,0.07393844359776677,5.76328446245391e-07,0.0014517754261145026,0.7707060599424668,0.7,0.3,0.0
32-38-0.pt,32,38,0.2123129063900647,hard,0.07524325560376854,0.15293586983808913,7.00110617056171e-07,0.003352665685587605,0.7770126033802452,0.7,0.3,0.0
32-39-0.pt,32,39,0.1992328898510113,hard,0.07396101955017105,0.1157475498769623,4.6976175045593686e-07,0.001216761229054323,0.7837433524497689,0.7,0.3,0.0
32-4-0.pt,32,4,0.06215589386762953,easy,0.3061089847569418,0.03637994209253441,0.00672904833162222,0.018681871441049408,0.3995408963424941,0.7,0.3,0.0
32-40-0.pt,32,40,0.19031825174701078,hard,0.0862233835166093,0.07305734041696293,9.288454494840909e-07,0.0013457885144600927,0.7903103146487156,0.7,0.3,0.0
32-41-0.pt,32,41,0.20249193791000367,hard,0.08709620262157362,0.09271792206038933,4.86742565057471e-07,0.001558718055515162,0.7969117608066042,0.7,0.3,0.0
32-42-0.pt,32,42,0.19123218975264494,hard,0.08755934111018827,0.056973431811341915,4.5852322985949203e-07,0.001392854274603899,0.803076811014225,0.7,0.3,0.0
32-43-0.pt,32,43,0.2109893116165068,hard,0.10459605847033489,0.07953533762798295,5.192311893474385e-07,0.0019031750891431837,0.8089303328054317,0.7,0.3,0.0
32-44-0.pt,32,44,0.220839252367299,hard,0.10477870582075172,0.09456333206923327,4.471778263623981e-07,0.002200827065070579,0.815235936344563,0.7,0.3,0.0
32-45-0.pt,32,45,0.23000548758344855,hard,0.12809122680710675,0.08501776650691642,6.071023656738145e-07,0.002209882145782159,0.8215986436000133,0.7,0.3,0.0
32-46-0.pt,32,46,0.23018138163954738,hard,0.14444761094459116,0.06146343422084747,8.167256734664984e-07,0.0021779193836105274,0.8273766608701238,0.7,0.3,0.0
32-47-0.pt,32,47,0.2671028304148299,hard,0.17537999309009225,0.11273736802024488,1.0423262569694503e-06,0.0009284554089708063,0.8337851558182892,0.7,0.3,0.0
32-48-0.pt,32,48,0.2403542236220781,hard,0.19174571688159775,0.023857586658700868,9.74789214014889e-07,0.00043374207051940963,0.8399783450115098,0.7,0.3,0.0
32-49-0.pt,32,49,0.2865564096863464,hard,0.22328211811483412,0.09520549422357773,1.5795164827312568e-06,0.0013050275442900697,0.8461490975992099,0.7,0.3,0.0
32-5-0.pt,32,5,0.10007589391727653,medium,0.2831884511046302,0.11866377399161608,0.0023810287976582653,0.01768392411096436,0.4281071661715326,0.7,0.3,0.0
32-50-0.pt,32,50,0.2974285936540232,hard,0.26817881552073364,0.06881873591218028,1.788752720165913e-06,0.001802127418022393,0.8516830187216536,0.7,0.3,0.0
32-6-0.pt,32,6,0.10832501763805055,medium,0.1827496045213388,0.21699858717579157,0.0012934443094881093,0.009519122285104268,0.451761084039368,0.7,0.3,0.0
32-7-0.pt,32,7,0.06727467156421128,easy,0.156161578720668,0.1134444059162179,0.0005407876716741841,0.01300053722107421,0.47286475858004723,0.7,0.3,0.0
32-8-0.pt,32,8,0.038756131478877305,easy,0.11284185391764251,0.0656727451686843,0.00031687082633287714,0.010670894576862057,0.49139623879142685,0.7,0.3,0.0
32-9-0.pt,32,9,0.05458385060915356,easy,0.0919486062963147,0.10047471343765281,0.00013388588141336814,0.012526400078810285,0.5085767155153966,0.7,0.3,0.0
33-10-0.pt,33,10,0.050352836564095824,easy,0.08513729179721082,0.07825080086373609,7.738530145292478e-05,0.004513865969386705,0.5288439391065944,0.7,0.3,0.0
33-11-0.pt,33,11,0.0664723555555354,easy,0.07568622295954551,0.10012215283982914,2.87662026707698e-05,0.011423414243929621,0.5437655077183108,0.7,0.3,0.0
33-12-0.pt,33,12,0.06917594776812332,easy,0.056116673464509235,0.10958642241787164,1.7838809916733836e-05,0.009664760694294436,0.5576710569605781,0.7,0.3,0.0
33-13-0.pt,33,13,0.06319029728943926,easy,0.07663597826888008,0.06260305891582939,4.178376926605376e-06,0.005069605853826253,0.5701780267738652,0.7,0.3,0.0
33-14-0.pt,33,14,0.07483981240579303,easy,0.04868103666093547,0.10018026254767799,3.103006004235835e-06,0.006980208107762829,0.5827751328244574,0.7,0.3,0.0
33-15-0.pt,33,15,0.06862089794996623,easy,0.03517710013905279,0.08665021353011755,2.1620483252618146e-06,0.0033519586116563943,0.5945463868812491,0.7,0.3,0.0
33-16-0.pt,33,16,0.09435477925748054,medium,0.029649322949888562,0.1401267274125357,1.9006539458130337e-06,0.0031051976549879277,0.6055976518307646,0.7,0.3,0.0
33-17-0.pt,33,17,0.07440695904344471,easy,0.04682015441488832,0.05895018692349358,1.6886431902810303e-06,0.003982086561158152,0.6167691451394286,0.7,0.3,0.0
33-18-0.pt,33,18,0.0927906392725834,medium,0.03627432048639665,0.09961051589304992,1.2336273617253516e-06,0.005203465224340096,0.6267330257358983,0.7,0.3,0.0
33-19-0.pt,33,19,0.0734420962376471,easy,0.04658469297244499,0.03210691548940541,1.2973049818976322e-06,0.0018945632864917326,0.6370176327610864,0.7,0.3,0.0
33-2-0.pt,33,2,0.16483233870797329,medium,0.5419750603296848,0.08773669040450824,0.0689085029672145,0.01724316760361652,0.32466279256026864,0.7,0.3,0.0
33-20-0.pt,33,20,0.0806166591105899,easy,0.032189307613755845,0.04965739932969289,6.000366278900524e-07,0.0036749072288367692,0.6464115035207836,0.7,0.3,0.0
33-21-0.pt,33,21,0.11915702904485817,medium,0.03592144992416114,0.1290216789285936,8.966204625666455e-07,0.0026255279452519196,0.6549572482793004,0.7,0.3,0.0
33-22-0.pt,33,22,0.10233163621574602,medium,0.03917569796199328,0.07292280700325089,1.3540202033964993e-06,0.0027466918567757843,0.6639842513275198,0.7,0.3,0.0
33-23-0.pt,33,23,0.17176691273816916,hard,0.023390977756665002,0.245278382518856,7.023947192433065e-07,0.0024459697552413474,0.6730023430761856,0.7,0.3,0.0
33-24-0.pt,33,24,0.09849769002519623,medium,0.033337522413345644,0.04839152866727253,6.993614488374509e-07,0.0008631416448430389,0.6813166366605796,0.7,0.3,0.0
33-25-0.pt,33,25,0.1514477536421468,medium,0.029279352708742382,0.16839232239071228,5.399922942482971e-07,0.002310653147590722,0.6895357525467599,0.7,0.3,0.0
33-26-0.pt,33,26,0.16109455715104024,medium,0.02672889281670812,0.18234708729405572,4.99766098683101e-07,0.0031972308797092014,0.6978981559034428,0.7,0.3,0.0
33-27-0.pt,33,27,0.12392535115361446,medium,0.02866160890523167,0.081836602810229,6.581585954800596e-07,0.0007640957684316916,0.7061715739207532,0.7,0.3,0.0
33-28-0.pt,33,28,0.12371977522546505,medium,0.031192709224060793,0.06810423392186028,7.135950787462571e-07,0.0014402232356787188,0.7137391932190754,0.7,0.3,0.0
33-29-0.pt,33,29,0.17101908742975344,hard,0.04917041528361347,0.15215841493441165,8.58547446425362e-07,0.0035422855652801075,0.7216307647426031,0.7,0.3,0.0
33-3-0.pt,33,3,0.17696314051523263,hard,0.435302905334664,0.21448977107156045,0.014891829500217172,0.021892409647347937,0.368946318480156,0.7,0.3,0.0
33-30-0.pt,33,30,0.14661943802104097,medium,0.034445858565648635,0.10074484102041872,7.883799848776574e-07,0.0012608600319462698,0.728655297047783,0.7,0.3,0.0
33-31-0.pt,33,31,0.12667765660952218,medium,0.02911466076216992,0.04811854357585248,4.741083039146371e-07,0.000896049169564285,0.7362103327432801,0.7,0.3,0.0
33-32-0.pt,33,32,0.14252262625887083,medium,0.04035172500575622,0.06535093751466815,3.139927652065527e-07,0.001542418086037548,0.7432076375577548,0.7,0.3,0.0
33-33-0.pt,33,33,0.14304408931319007,medium,0.04799620527476369,0.05014998553669666,3.857080587084642e-07,0.0007500920955731375,0.7504620567441108,0.7,0.3,0.0
33-34-0.pt,33,34,0.1901821520588576,hard,0.05253114279297627,0.14984846421519732,5.851994556930283e-07,0.0014200589001028892,0.757478045280093,0.7,0.3,0.0
33-35-0.pt,33,35,0.2052959811425599,hard,0.05250096434011277,0.1740563277825271,9.287961973359211e-07,0.0042204249919671885,0.7647515505736128,0.7,0.3,0.0
33-36-0.pt,33,36,0.16449651784333286,medium,0.05416121732356578,0.0675059501256935,7.100399476422758e-07,0.0010211608754742366,0.771729842168517,0.7,0.3,0.0
33-37-0.pt,33,37,0.20966105434488852,hard,0.06705072232130664,0.15377116222068848,5.071032215622307e-07,0.0027101114745307323,0.7782016206781812,0.7,0.3,0.0
33-38-0.pt,33,38,0.18241467171840425,hard,0.0667920191589376,0.08099908159675105,6.356622770120994e-07,0.0006850766300282057,0.7850294604453946,0.7,0.3,0.0
33-39-0.pt,33,39,0.1921608314242018,hard,0.0824242881029901,0.07896613339647496,4.877812471520685e-07,0.0015615015315450975,0.7919246498607333,0.7,0.3,0.0
33-4-0.pt,33,4,0.07901867504504502,easy,0.30792680725144694,0.06720788097989447,0.006722288377652064,0.021327341611525122,0.4037434784585646,0.7,0.3,0.0
33-40-0.pt,33,40,0.201550544403517,hard,0.08346462558235222,0.09187260841332934,8.977850825315413e-07,0.002042427020977708,0.798203910743131,0.7,0.3,0.0
33-41-0.pt,33,41,0.19790069857553277,hard,0.0874541516095163,0.07048734671196931,7.799138306615902e-07,0.0016460309443156371,0.8049585846842696,0.7,0.3,0.0
33-42-0.pt,33,42,0.2253595967861618,hard,0.09535843658554397,0.12134515233278997,8.335289935978466e-07,0.00151122106792967,0.8109181386252764,0.7,0.3,0.0
33-43-0.pt,33,43,0.25130002710329763,hard,0.10165271750036792,0.16748566183920477,4.5444587112870295e-07,0.0031261388011565704,0.8175563879229664,0.7,0.3,0.0
33-44-0.pt,33,44,0.2337984128694082,hard,0.11227904552416662,0.10624264431146681,5.276433776481887e-07,0.002714993607535334,0.8240675299215139,0.7,0.3,0.0
33-45-0.pt,33,45,0.2651677472000341,hard,0.12936928513436782,0.15777775340973765,6.107365098215982e-07,0.0015647754248831953,0.8304993852899009,0.7,0.3,0.0
33-46-0.pt,33,46,0.24703160674504243,hard,0.1567509032531199,0.07892064568599548,6.891828522629395e-07,0.001008369526391451,0.8366081186532285,0.7,0.3,0.0
33-47-0.pt,33,47,0.2671364419820391,hard,0.1814326400621069,0.09562434134838002,9.357159272826492e-07,0.0003783989011362603,0.842609331185031,0.7,0.3,0.0
33-48-0.pt,33,48,0.2788455321851361,hard,0.20163046702042936,0.09385095196211564,1.626561356590556e-06,0.001569892962568932,0.8492135739504814,0.7,0.3,0.0
33-49-0.pt,33,49,0.289667946316217,hard,0.22879614022309158,0.08605041517718386,1.4240234549636154e-06,0.0007924337135244556,0.8549733060039306,0.7,0.3,0.0
33-5-0.pt,33,5,0.09120079438443715,medium,0.2638522472952167,0.1105016015677194,0.0023643543123871877,0.017983121085818263,0.4324199910086249,0.7,0.3,0.0
33-50-0.pt,33,50,0.30660016612143,hard,0.2622687291077052,0.08575501833288943,1.7084816521949863e-06,0.0011625133060557237,0.8606137385295206,0.7,0.3,0.0
33-6-0.pt,33,6,0.03356369152405444,easy,0.1704998242041855,0.043311973945807915,0.0012847256692418443,0.008619056603618601,0.45608076944973913,0.7,0.3,0.0
33-7-0.pt,33,7,0.031926984936138436,easy,0.14397239383404448,0.04116808061884925,0.000531119458754151,0.0060559664429509375,0.4772301827341484,0.7,0.3,0.0
33-8-0.pt,33,8,0.0640000024606903,easy,0.11643704674310526,0.11567839855751613,0.00031343097511065933,0.011869068568979454,0.4961976628299619,0.7,0.3,0.0
33-9-0.pt,33,9,0.05855243817364964,easy,0.11177106894451005,0.08569702769121579,0.00013139225384356426,0.010533128535645515,0.5135318693782934,0.7,0.3,0.0
34-10-0.pt,34,10,0.07203420019005052,easy,0.10376087078510621,0.10483433553359935,7.567877975727676e-05,0.005666436722643868,0.5334995825702712,0.7,0.3,0.0
34-11-0.pt,34,11,0.05024428912023559,easy,0.07532002890657637,0.05795479404912565,2.823768839789273e-05,0.007876599541074943,0.548871747285028,0.7,0.3,0.0
34-12-0.pt,34,12,0.08112729612704028,easy,0.09387742655974857,0.0967192890304454,1.7158261228296092e-05,0.007853513638157172,0.5621030928478985,0.7,0.3,0.0
34-13-0.pt,34,13,0.06839263991216525,easy,0.07557869867364822,0.06678890766575032,4.034638013138075e-06,0.007518385705303858,0.5754809418660803,0.7,0.3,0.0
34-14-0.pt,34,14,0.0812092098839105,easy,0.04951025713575328,0.1084443804017877,3.0394536653559294e-06,0.0063234434628057,0.5880539554996292,0.7,0.3,0.0
34-15-0.pt,34,15,0.07541863141522129,easy,0.0366487848145651,0.095808809240862,1.9279335110734876e-06,0.002329591326398716,0.5997244887467258,0.7,0.3,0.0
34-16-0.pt,34,16,0.08432840332683851,easy,0.030065971523613694,0.10849288387326185,1.8594484983556972e-06,0.0028711986057897592,0.6110019726925349,0.7,0.3,0.0
34-17-0.pt,34,17,0.0924708594877219,medium,0.03925420355584097,0.10334896904625741,1.6832259507632111e-06,0.003788305094158817,0.6221455721012734,0.7,0.3,0.0
34-18-0.pt,34,18,0.08329207554082237,easy,0.05329434058661699,0.0540750620176967,1.2734222311802112e-06,0.0029617776001275267,0.6325785249782674,0.7,0.3,0.0
34-19-0.pt,34,19,0.10727079342748669,medium,0.03263327977266986,0.11949140866760921,8.172722835462435e-07,0.0030261714705435124,0.6425960626330995,0.7,0.3,0.0
34-2-0.pt,34,2,0.16370149016506613,medium,0.5510304539563372,0.0645605008233206,0.06909734912435242,0.023223653718276782,0.32859624433455875,0.7,0.3,0.0
34-20-0.pt,34,20,0.09608422151933242,medium,0.03156210160775959,0.0800217499285807,8.470463743544954e-07,0.003976642108553337,0.6520217893775394,0.7,0.3,0.0
34-21-0.pt,34,21,0.127690784557179,medium,0.029855877556337014,0.14658122090330414,9.028994950627566e-07,0.0038598380111810123,0.6609543674246413,0.7,0.3,0.0
34-22-0.pt,34,22,0.12365263471131265,medium,0.026054496695115458,0.12964807460751865,1.247889219298744e-06,0.0024218469447808985,0.6703046721793938,0.7,0.3,0.0
34-23-0.pt,34,23,0.09893178619404176,medium,0.02893868298885493,0.05793481192348952,6.280609512981513e-07,6.32822203482594e-05,0.6788314588902611,0.7,0.3,0.0
34-24-0.pt,34,24,0.1127692348476984,medium,0.03620480985073706,0.07262278565748244,6.790452483456253e-07,0.00025968131297368033,0.6874148594676811,0.7,0.3,0.0
34-25-0.pt,34,25,0.1345347488634121,medium,0.02999209756546975,0.11766332111406326,5.926298485227952e-07,0.0028463404298377367,0.6959553909334096,0.7,0.3,0.0
34-26-0.pt,34,26,0.11314278092654101,medium,0.03189479680391376,0.054369875497762676,5.412334858941377e-07,0.0013511769717524252,0.7043029025275945,0.7,0.3,0.0
34-27-0.pt,34,27,0.12408257521615534,medium,0.031856400580457876,0.07038626872897935,5.563828269986172e-07,0.0009885943586479004,0.7125203210399086,0.7,0.3,0.0
34-28-0.pt,34,28,0.14809691636389113,medium,0.04696859018874308,0.10250541585401471,6.532900241816919e-07,0.0017329859605493424,0.7202206404139916,0.7,0.3,0.0
34-29-0.pt,34,29,0.15077178516987266,medium,0.031112159235695654,0.11445685888080417,4.5193375990414767e-07,0.001728988248207891,0.7280618105827048,0.7,0.3,0.0
34-3-0.pt,34,3,0.1470846496320252,medium,0.45031086565438144,0.1243635170497453,0.014882485910414326,0.019164931293692844,0.37307430278910797,0.7,0.3,0.0
34-30-0.pt,34,30,0.1526471753826165,medium,0.03352081738181957,0.10626219857995466,6.759476818051764e-07,0.0020748710141598728,0.7355964432023008,0.7,0.3,0.0
34-31-0.pt,34,31,0.16100922938582934,medium,0.033199414152204135,0.11725632805912453,1.2986841235026744e-07,0.0018116325021131858,0.7430300747081311,0.7,0.3,0.0
34-32-0.pt,34,32,0.17362881676294797,hard,0.04329182561748163,0.12882055204783502,4.558789458303949e-07,0.0011369246618994988,0.7502684325741962,0.7,0.3,0.0
34-33-0.pt,34,33,0.159330737202807,medium,0.047933813391568,0.08000590467232405,5.602104413951629e-07,0.0011148642425987108,0.7574799136287717,0.7,0.3,0.0
34-34-0.pt,34,34,0.1903619871798722,hard,0.0565679776031754,0.13415360462924492,2.4284144581945744e-07,0.003586661780267659,0.7649704946253216,0.7,0.3,0.0
34-35-0.pt,34,35,0.17044637060868392,hard,0.05953075200522679,0.07526478576530221,6.789322943890424e-07,0.0014156027328195075,0.7724028396316229,0.7,0.3,0.0
34-36-0.pt,34,36,0.17087159171384894,hard,0.06116553997574571,0.06658622485485922,5.986849264242938e-07,0.0007310807212795449,0.7790130949424602,0.7,0.3,0.0
34-37-0.pt,34,37,0.19042693476385858,hard,0.06545612392473689,0.10012611383363192,5.004703691442909e-07,0.0010481017339334898,0.7859781443747382,0.7,0.3,0.0
34-38-0.pt,34,38,0.2110103973126705,hard,0.08690835923065354,0.1182432823492192,1.1000919277802036e-06,0.001931669656646389,0.7930825252046599,0.7,0.3,0.0
34-39-0.pt,34,39,0.18286224891625574,hard,0.08424014198644568,0.043987520797195104,4.003042546712006e-07,0.0018782402609984154,0.79971243326133,0.7,0.3,0.0
34-4-0.pt,34,4,0.10089137789066233,medium,0.3121549377467125,0.10850601105758027,0.006718374218762272,0.0232202806111899,0.407951001317191,0.7,0.3,0.0
34-40-0.pt,34,40,0.21536728568458366,hard,0.0874763345647219,0.11052733367775514,4.402809655569006e-07,0.0020334054681906658,0.8063672551750697,0.7,0.3,0.0
34-41-0.pt,34,41,0.23921381781649312,hard,0.0947103810834301,0.15244936219643102,1.0692826080521464e-06,0.0023574226573897135,0.8126249701960483,0.7,0.3,0.0
34-42-0.pt,34,42,0.2140602153892746,hard,0.1022277687077436,0.07507278953680693,4.0202943007908006e-07,0.002238431037094272,0.8194477220162835,0.7,0.3,0.0
34-43-0.pt,34,43,0.21403941789969932,hard,0.11025891534818966,0.0586846791872837,8.114730895685751e-07,0.0022465239092728222,0.8257104530529304,0.7,0.3,0.0
34-44-0.pt,34,44,0.23704068654342694,hard,0.1215034786721614,0.09515401809791359,5.11278610777408e-07,0.0008725209203216703,0.8327933286700868,0.7,0.3,0.0
34-45-0.pt,34,45,0.2518284293213125,hard,0.1368955699595297,0.10731456961045917,6.671293422221279e-07,0.0009970837118499648,0.8389430814704535,0.7,0.3,0.0
34-46-0.pt,34,46,0.24726929070441178,hard,0.17520277266266618,0.04981555975878423,7.63805389325049e-07,0.0007895443205506187,0.8452480087418248,0.7,0.3,0.0
34-47-0.pt,34,47,0.2750182681712895,hard,0.18858697125579088,0.0957392300362055,1.0894862115691229e-06,0.0005854166780811164,0.8513781538936716,0.7,0.3,0.0
34-48-0.pt,34,48,0.2609602268857781,hard,0.19875038316461296,0.043263159847745994,1.1728932960787445e-06,0.0005103170668291575,0.8576647932553346,0.7,0.3,0.0
34-49-0.pt,34,49,0.3388544595600749,hard,0.23117785523504125,0.19013248383407869,1.2344605273863305e-06,0.002092920089855003,0.8635758767759257,0.7,0.3,0.0
34-5-0.pt,34,5,0.08523467274834286,easy,0.2375535963162723,0.12356756322585412,0.0023493466186635423,0.011338253975302416,0.4365246550654198,0.7,0.3,0.0
34-50-0.pt,34,50,0.3204615989211713,hard,0.27112592282046405,0.09819044537677124,1.4894410780225006e-06,0.002466764796149297,0.8689043096877355,0.7,0.3,0.0
34-6-0.pt,34,6,0.07698408780807452,easy,0.16845249606482166,0.14477793420465562,0.0012778923963625097,0.00869274061460027,0.4603883972326146,0.7,0.3,0.0
34-7-0.pt,34,7,0.05539600734497625,easy,0.1484991776840336,0.08859052285399455,0.0005236210985979156,0.00512200585982386,0.4816451521609844,0.7,0.3,0.0
34-8-0.pt,34,8,0.06056971151993107,easy,0.14459894410564303,0.07633716043509454,0.00031198941223841396,0.008346614899120265,0.5010224357305944,0.7,0.3,0.0
34-9-0.pt,34,9,0.08449568270214704,easy,0.11867274274579476,0.13493463597582672,0.00012683240296796632,0.011463251604341994,0.5178993912962154,0.7,0.3,0.0
35-10-0.pt,35,10,0.056275009128787044,easy,0.11607107401040503,0.04662989957937676,7.453942528039612e-05,0.007288373549787861,0.5380990021801852,0.7,0.3,0.0
35-11-0.pt,35,11,0.08398561425592929,easy,0.0719271688708027,0.13787079717115103,2.7363743853981773e-05,0.006780842922366839,0.5536396238794956,0.7,0.3,0.0
35-12-0.pt,35,12,0.07815258332427967,easy,0.09414298344658467,0.0831398814880339,1.6724242855372586e-05,0.0073536857354351524,0.567089821030091,0.7,0.3,0.0
35-13-0.pt,35,13,0.068463415082449,easy,0.06833967507643247,0.06705252329733566,4.183203723644291e-06,0.008287668977715622,0.5802941293018755,0.7,0.3,0.0
35-14-0.pt,35,14,0.05301875098236811,easy,0.035499791949265294,0.05118114888183752,2.8447177964725756e-06,0.0026760652673425444,0.5930541627361587,0.7,0.3,0.0
35-15-0.pt,35,15,0.06106245093295643,easy,0.04678515655236416,0.0440543445097028,2.385391276055363e-06,0.0024623448937061837,0.6047846434636884,0.7,0.3,0.0
35-16-0.pt,35,16,0.07819372715600689,easy,0.04147886510270559,0.07381922617512032,1.8097889690405294e-06,0.0038123256044085966,0.6166302457264455,0.7,0.3,0.0
35-17-0.pt,35,17,0.10546130165084706,medium,0.040850086322327596,0.12517935208751366,1.322661416346207e-06,0.004876358596252093,0.6273965625407397,0.7,0.3,0.0
35-18-0.pt,35,18,0.09663870891308254,medium,0.060315488743463666,0.07217680987093668,1.7410469097527e-06,0.0027769864628978394,0.638160323234794,0.7,0.3,0.0
35-19-0.pt,35,19,0.09138525513572689,medium,0.03377506121550569,0.07232110191488315,7.135768971876588e-07,0.0032749901894146773,0.6481013571228147,0.7,0.3,0.0
35-2-0.pt,35,2,0.17871504571315724,hard,0.5521838012054918,0.08796851568633564,0.0692822132508647,0.02966484453188318,0.33250976906728136,0.7,0.3,0.0
35-20-0.pt,35,20,0.10756381956657486,medium,0.03968056053225394,0.09352501170381589,9.312139373607695e-07,0.003361617421975171,0.6571572395192472,0.7,0.3,0.0
35-21-0.pt,35,21,0.12090842722106818,medium,0.03590896571436417,0.11813303270780477,7.69757177294383e-07,0.0022244994486750377,0.6666896377475315,0.7,0.3,0.0
35-22-0.pt,35,22,0.11078530466082695,medium,0.03258840609248329,0.0858110637161307,1.1885169163152742e-06,0.0011233038246037386,0.6759110994124358,0.7,0.3,0.0
35-23-0.pt,35,23,0.11325446832784859,medium,0.0356143825968585,0.07772882914286795,7.759014791698695e-07,0.0004207840710889309,0.6847723871686325,0.7,0.3,0.0
35-24-0.pt,35,24,0.14722826532402944,medium,0.0360110739422025,0.14624230865534307,3.3904685884704003e-07,0.002133220466281846,0.6935912607654566,0.7,0.3,0.0
35-25-0.pt,35,25,0.20476257830856573,hard,0.050878841739403845,0.25764676138575593,5.799437194556641e-07,0.0035050918046723566,0.7024532044085993,0.7,0.3,0.0
35-26-0.pt,35,26,0.1620873948011928,medium,0.04187206824981611,0.15199875465566084,5.5101495616744e-07,0.003842980485678886,0.7107017454088685,0.7,0.3,0.0
35-27-0.pt,35,27,0.1537247869954106,medium,0.04284055140444076,0.1223316408534891,7.861788417892043e-07,0.0015098449095088103,0.7188313995800502,0.7,0.3,0.0
35-28-0.pt,35,28,0.1745522479179969,hard,0.03735385251693582,0.1650090153142961,3.9212386161374856e-07,0.004178499471947559,0.7268306993611303,0.7,0.3,0.0
35-29-0.pt,35,29,0.157680459239067,medium,0.03357469912575593,0.11975182876602421,8.868558350388533e-07,0.0018807905944030626,0.7347242248371939,0.7,0.3,0.0
35-3-0.pt,35,3,0.19685919548368658,hard,0.433940395767192,0.2596422506917923,0.014876125023566784,0.015568261451380249,0.37706058820547733,0.7,0.3,0.0
35-30-0.pt,35,30,0.14771356178464348,medium,0.03590188367454752,0.08370522715311501,5.766466512979456e-07,0.0018989491024036392,0.7419356719127714,0.7,0.3,0.0
35-31-0.pt,35,31,0.16071865587131862,medium,0.040363637946646894,0.10071590392433286,3.998583909543209e-07,0.0014974124630737252,0.7498121383334218,0.7,0.3,0.0
35-32-0.pt,35,32,0.1430304431350467,medium,0.0449040937915776,0.04356390571062048,2.920958042114577e-07,0.0014972969939778516,0.7571775779222852,0.7,0.3,0.0
35-33-0.pt,35,33,0.19781339095742906,hard,0.05191084196010789,0.1587617968588842,3.9154796518542913e-07,0.002037221784710791,0.764706710205324,0.7,0.3,0.0
35-34-0.pt,35,34,0.16094735994819595,medium,0.058811013974149236,0.05329393173030313,7.83277017668329e-07,0.0011773415261531629,0.7723393157765469,0.7,0.3,0.0
35-35-0.pt,35,35,0.17382629091687515,hard,0.06330659523794607,0.0714737544739802,5.56275275589505e-07,0.0003433346990987361,0.7794036244510811,0.7,0.3,0.0
35-36-0.pt,35,36,0.1853018744431661,hard,0.06870471359986502,0.08383665844567303,4.1832749640049484e-07,0.0009371596391741366,0.7865333074783621,0.7,0.3,0.0
35-37-0.pt,35,37,0.2123515331565392,hard,0.09058751650118209,0.11772680216453871,8.813332715111603e-07,0.001014300490202785,0.7938402900559696,0.7,0.3,0.0
35-38-0.pt,35,38,0.21818862246083967,hard,0.07508107913376223,0.13831788422701913,0.0,0.0009234428734487276,0.8007447815818802,0.7,0.3,0.0
35-39-0.pt,35,39,0.1954148307191897,hard,0.08548609381361065,0.06343225680901139,4.0659329710171604e-07,0.0012774375454564614,0.8075017601232212,0.7,0.3,0.0
35-4-0.pt,35,4,0.09908696469243163,medium,0.3265447349530148,0.0906603449599019,0.006717926311366054,0.01680426538463249,0.4121026029229428,0.7,0.3,0.0
35-40-0.pt,35,40,0.2378861392616911,hard,0.09343635856388664,0.14938627196327786,7.790309718093258e-07,0.0020380825103589943,0.8137119366880471,0.7,0.3,0.0
35-41-0.pt,35,41,0.23802963993970447,hard,0.09880697819073683,0.1345169520833328,5.854400080298844e-07,0.0024890782571689606,0.8208029558016466,0.7,0.3,0.0
35-42-0.pt,35,42,0.2300720295751873,hard,0.10809222991163676,0.09806222697497946,6.720403446904051e-07,0.0017432322733322897,0.8273211863897565,0.7,0.3,0.0
35-43-0.pt,35,43,0.22268188152031707,hard,0.12122827052449775,0.05830615299354559,4.734597975170684e-07,0.0011762441273696475,0.8343275388919011,0.7,0.3,0.0
35-44-0.pt,35,44,0.23235413262250915,hard,0.1311235104484724,0.06283602587467722,6.521296349226817e-07,0.0012419113952440628,0.8410759979378942,0.7,0.3,0.0
35-45-0.pt,35,45,0.2626777674101431,hard,0.1516555976976003,0.10722192158744921,6.880623136044551e-07,0.001183987095979785,0.847569543944986,0.7,0.3,0.0
35-46-0.pt,35,46,0.27288712425254275,hard,0.1646616581213691,0.1113504638701905,6.723338787711899e-07,0.0008773153658732953,0.8535363164145245,0.7,0.3,0.0
35-47-0.pt,35,47,0.27515431832343484,hard,0.19430795327319597,0.07901746948055373,1.2468606866749508e-06,0.0006613593038745094,0.859871995536469,0.7,0.3,0.0
35-48-0.pt,35,48,0.29809562226677977,hard,0.20396603249696368,0.11421555528268175,9.96674345287874e-07,0.0032726052891799994,0.8659942351795954,0.7,0.3,0.0
35-49-0.pt,35,49,0.3212925164599194,hard,0.23825163365364607,0.1300532917840578,1.473825865545506e-06,0.0016411751959401306,0.8718100472722993,0.7,0.3,0.0
35-5-0.pt,35,5,0.06731687766700026,easy,0.22253024001644992,0.09182217471157168,0.002337300702434534,0.009264118695204224,0.4406349529513176,0.7,0.3,0.0
35-50-0.pt,35,50,0.319747648304674,hard,0.2729577635673322,0.0838301168435825,1.6357026286205752e-06,0.0013179500325963774,0.8779213320613563,0.7,0.3,0.0
35-6-0.pt,35,6,0.054807822735538046,easy,0.16596777137200752,0.08618435747578106,0.0012729666065690764,0.01042943133389933,0.4646305943999722,0.7,0.3,0.0
35-7-0.pt,35,7,0.07700581391143002,easy,0.14569802346275887,0.13329308408328927,0.000517021356967276,0.009899161187157902,0.48593298734898843,0.7,0.3,0.0
35-8-0.pt,35,8,0.08714123887552852,medium,0.14927209238375497,0.131146178901985,0.00030911906750031996,0.007385784723173666,0.5054416542854288,0.7,0.3,0.0
35-9-0.pt,35,9,0.10117883086131876,medium,0.12502470624740186,0.1655783952250515,0.00012347554890159785,0.009047360400767325,0.5223078660436105,0.7,0.3,0.0
36-10-0.pt,36,10,0.07485199709043078,easy,0.09918391154757943,0.09854758870784362,7.450479854116759e-05,0.010956444011915787,0.5428592153266061,0.7,0.3,0.0
36-11-0.pt,36,11,0.036375334579999224,easy,0.07680674083864092,0.00998248288472617,2.6519497621146314e-05,0.008386608985508946,0.5582132908284438,0.7,0.3,0.0
36-12-0.pt,36,12,0.08378137819634608,easy,0.10517283081729507,0.07905235875771802,1.658748357544471e-05,0.007732802289744561,0.5718561685643062,0.7,0.3,0.0
36-13-0.pt,36,13,0.0754421330633178,easy,0.07708753161467005,0.07055140515876673,4.035275801828399e-06,0.006028490012123072,0.5855165576387651,0.7,0.3,0.0
36-14-0.pt,36,14,0.07645643653353275,easy,0.04822142647498005,0.08852525753530766,2.9393755852497913e-06,0.0028829080410442322,0.5979666198723247,0.7,0.3,0.0
36-15-0.pt,36,15,0.0820062254473856,easy,0.04451988898965697,0.08938560475811605,2.2370773340472287e-06,0.003362186531017846,0.6098971653414232,0.7,0.3,0.0
36-16-0.pt,36,16,0.09224060615426312,medium,0.045673418160586746,0.09425429272744104,1.9558588959551256e-06,0.006491191702206116,0.6217036648190307,0.7,0.3,0.0
36-17-0.pt,36,17,0.11064112871086862,medium,0.06845428409008768,0.10411770568919446,2.0019004870262597e-06,0.0034690329968357055,0.6329913678849852,0.7,0.3,0.0
36-18-0.pt,36,18,0.09479269370141608,medium,0.05005097960838475,0.06980812665924303,1.0786676581310956e-06,0.0040575916003370805,0.6433535376070312,0.7,0.3,0.0
36-19-0.pt,36,19,0.15815296609399096,medium,0.0353536056930435,0.22243014308360523,8.378175366856192e-07,0.006387691752084763,0.653350715018807,0.7,0.3,0.0
36-2-0.pt,36,2,0.18694512639312302,hard,0.5580261333242054,0.09726685350188947,0.06946224988464558,0.02920031984095333,0.33634567092425555,0.7,0.3,0.0
36-20-0.pt,36,20,0.12446769217906842,medium,0.047270839350345734,0.11964712447585633,1.0035212735339376e-06,0.0031039488075294518,0.6628158495460219,0.7,0.3,0.0
36-21-0.pt,36,21,0.12117914072213357,medium,0.04546248648261803,0.10148634587931601,7.696126472826194e-07,0.0023297360251061483,0.6724585561490762,0.7,0.3,0.0
36-22-0.pt,36,22,0.18400861658516066,hard,0.04264640206534889,0.2415379300126576,1.1519729593812334e-06,0.004830207851934328,0.6818762633456279,0.7,0.3,0.0
36-23-0.pt,36,23,0.14553808625303719,medium,0.04113343833862766,0.14117565469832213,1.177824197691182e-06,0.0017233878427696727,0.6907675076153232,0.7,0.3,0.0
36-24-0.pt,36,24,0.14434354936566218,medium,0.04333678029255527,0.12318720978045426,5.576861650522708e-07,0.0025959254530333775,0.6998386659800078,0.7,0.3,0.0
36-25-0.pt,36,25,0.1690475935898766,hard,0.050322672448188305,0.16485235714227534,4.4901463906676564e-07,0.0022926528151536326,0.7085194328870488,0.7,0.3,0.0
36-26-0.pt,36,26,0.1342644586519164,medium,0.04801838685951586,0.07310958530623256,7.288704038771404e-07,0.0012363031635960833,0.7166970256441624,0.7,0.3,0.0
36-27-0.pt,36,27,0.13251584266703847,medium,0.055329823404688096,0.050725635828862206,9.780604512221698e-07,0.0005429419978536124,0.7253984398913252,0.7,0.3,0.0
36-28-0.pt,36,28,0.1753348361027182,hard,0.046823471412092164,0.1486887057540942,6.927817741889372e-07,0.004332422792778268,0.7333155744726491,0.7,0.3,0.0
36-29-0.pt,36,29,0.17336023439609408,hard,0.04303017013289726,0.1395034875952084,6.863097973457044e-07,0.002412332660458791,0.7409494387209478,0.7,0.3,0.0
36-3-0.pt,36,3,0.1477538283550717,medium,0.4399327914209542,0.13264522122935024,0.014873370613765351,0.012485722249295379,0.38092784500683663,0.7,0.3,0.0
36-30-0.pt,36,30,0.15481354433029582,medium,0.045231638657168206,0.08281177534392337,1.087921197740368e-06,0.0015481547232127008,0.7488148444591964,0.7,0.3,0.0
36-31-0.pt,36,31,0.16637712320693826,hard,0.04403016109480153,0.10210087020321316,5.384972375699695e-07,0.0011458997034572457,0.7566110061510214,0.7,0.3,0.0
36-32-0.pt,36,32,0.1751574651387888,hard,0.052578744496926816,0.10438719068643632,1.2380548028215674e-07,0.0015517243966565138,0.7641819962192627,0.7,0.3,0.0
36-33-0.pt,36,33,0.2015253104925409,hard,0.05790739614712398,0.15225079190504368,5.224029316910303e-07,0.0020034987505704745,0.7719073352929937,0.7,0.3,0.0
36-34-0.pt,36,34,0.2515200841126965,hard,0.07615223090242597,0.24468621274036553,6.310805052127102e-07,0.0029023703768878114,0.7791083807250739,0.7,0.3,0.0
36-35-0.pt,36,35,0.1820385672860663,hard,0.07464608010616502,0.07035448892602475,4.6645548850832173e-07,0.0003962515410149944,0.78666596023455,0.7,0.3,0.0
36-36-0.pt,36,36,0.22733243236475295,hard,0.09820119647720406,0.14631175044787836,8.278387818087063e-07,0.0007155187422652443,0.7941375763669748,0.7,0.3,0.0
36-37-0.pt,36,37,0.1731366653311406,hard,0.08415180470343343,0.01904677914295819,9.272530877700914e-09,0.001147342363665137,0.8013717172766919,0.7,0.3,0.0
36-38-0.pt,36,38,0.2597601714244171,hard,0.09113664541638049,0.21124598071766812,4.7572043978405777e-07,0.002505770406393024,0.8084032791847626,0.7,0.3,0.0
36-39-0.pt,36,39,0.2092366784942518,hard,0.09223629274901975,0.08114844560908663,4.464634863845559e-07,0.0008002960335076249,0.8146689035337847,0.7,0.3,0.0
36-4-0.pt,36,4,0.27935005146653213,hard,0.3506120827449344,0.4909566901011326,0.006718660588979205,0.02380401952468602,0.41614249666409575,0.7,0.3,0.0
36-40-0.pt,36,40,0.24493642793783896,hard,0.10183429428130882,0.14824117176367857,6.628833937767954e-07,0.0010821194772122863,0.8218506418469653,0.7,0.3,0.0
36-41-0.pt,36,41,0.22078045102360394,hard,0.10910894334611378,0.0726214825514094,5.573336652837462e-07,0.0019901118248562013,0.8285792207561589,0.7,0.3,0.0
36-42-0.pt,36,42,0.23642006532996548,hard,0.12621810259237567,0.08494178174386409,7.131171853086127e-07,0.0008751698279839003,0.8358055740077015,0.7,0.3,0.0
36-43-0.pt,36,43,0.23621860286639898,hard,0.13627114801843446,0.06582724217895028,3.3881685587184205e-07,0.0005443284878743459,0.8425260868156467,0.7,0.3,0.0
36-44-0.pt,36,44,0.2646023192921569,hard,0.1564490544978051,0.10403130369823815,1.0061886244453833e-06,0.0017564851115067347,0.8494464507917983,0.7,0.3,0.0
36-45-0.pt,36,45,0.255158844852145,hard,0.16431910120243384,0.06550828445615135,1.2756058272231957e-06,0.0010160103887607555,0.8558727523496771,0.7,0.3,0.0
36-46-0.pt,36,46,0.268772076677395,hard,0.1830921640741594,0.07158979114158838,9.569116284356876e-07,0.00105291140579973,0.8619777980249493,0.7,0.3,0.0
36-47-0.pt,36,47,0.3191981308029471,hard,0.19849288660338057,0.17096368577243268,1.0587119074606311e-06,0.0008459881974629527,0.8677118836207846,0.7,0.3,0.0
36-48-0.pt,36,48,0.296512235341185,hard,0.20777522471977058,0.09742114976274245,1.1135559140021229e-06,0.0015387591242479088,0.874207807133928,0.7,0.3,0.0
36-49-0.pt,36,49,0.29745104985863924,hard,0.25599704391673334,0.043291229836058716,1.2897354916993265e-06,0.0012601444580130046,0.8805934791313345,0.7,0.3,0.0
36-5-0.pt,36,5,0.0761746052635344,easy,0.2401184461107896,0.09182217471157168,0.002326867165113462,0.007768449783132951,0.444693238022643,0.7,0.3,0.0
36-50-0.pt,36,50,0.34182034632134584,hard,0.3039988657070307,0.09343252367565252,2.096820516391123e-06,0.0021319619862563083,0.8869906342839291,0.7,0.3,0.0
36-6-0.pt,36,6,0.0660179859854955,easy,0.18012346441007523,0.09829216540646935,0.001269331539180971,0.005684552518119864,0.46888984603023826,0.7,0.3,0.0
36-7-0.pt,36,7,0.07771421154699103,easy,0.15815469724619555,0.11524338123982038,0.0005132089405320583,0.011325130886671675,0.4903760906777882,0.7,0.3,0.0
36-8-0.pt,36,8,0.06255009956675465,easy,0.1423069773348198,0.06860268821214957,0.00030614286770826204,0.011676054497809393,0.5097022252508507,0.7,0.3,0.0
36-9-0.pt,36,9,0.07139602353738464,easy,0.13848473086138063,0.07399441257661901,0.0001205910114219038,0.009263236756937254,0.5266529531641764,0.7,0.3,0.0
37-10-0.pt,37,10,0.05924677010798304,easy,0.10317608413863866,0.051540802717555616,7.436913556025178e-05,0.010100408677265965,0.5474362593319462,0.7,0.3,0.0
37-11-0.pt,37,11,0.08534763087428306,easy,0.11711401335564273,0.0831398814880339,2.4652594355019954e-05,0.00823263019246658,0.5622394450803103,0.7,0.3,0.0
37-12-0.pt,37,12,0.08965956924311451,medium,0.10116430844166875,0.09108009790350238,1.6602861950172348e-05,0.0075179078182708485,0.576713965670854,0.7,0.3,0.0
37-13-0.pt,37,13,0.07412456903009909,easy,0.07522063774668883,0.06279486445522717,3.86542157362482e-06,0.006117345948827541,0.590303550232223,0.7,0.3,0.0
37-14-0.pt,37,14,0.0813220998654873,easy,0.06048793427117543,0.08191515450732688,3.486778588699578e-06,0.002816932359749208,0.6026435451504131,0.7,0.3,0.0
37-15-0.pt,37,15,0.09161190452350114,medium,0.057463406545878136,0.09151361732471745,1.9691556479717055e-06,0.004506164108335232,0.6152225508736515,0.7,0.3,0.0
37-16-0.pt,37,16,0.09071157958333269,medium,0.04643440878458459,0.08403673371991939,1.2151894194768119e-06,0.005611235256590156,0.626709688112619,0.7,0.3,0.0
37-17-0.pt,37,17,0.1174004174356611,medium,0.07385250696875113,0.10864556925256688,1.981832705063717e-06,0.0030724659712943886,0.6381581798228741,0.7,0.3,0.0
37-18-0.pt,37,18,0.11378347250108795,medium,0.0534491110893238,0.10626606924098324,1.1395805363796842e-06,0.0032868825557703877,0.6485783667352557,0.7,0.3,0.0
37-19-0.pt,37,19,0.09518499908331639,medium,0.04400222330445622,0.05865879501597697,8.988174280435015e-07,0.0022178270483994467,0.6584392427337702,0.7,0.3,0.0
37-2-0.pt,37,2,0.19808436719767344,hard,0.5549584223140942,0.12382961574873977,0.06963611920743325,0.02773919508392893,0.3399523682478681,0.7,0.3,0.0
37-20-0.pt,37,20,0.12653720207815594,medium,0.057357843691573526,0.10751922480476216,8.871932019063904e-07,0.003025182575596648,0.6681996556005217,0.7,0.3,0.0
37-21-0.pt,37,21,0.12966826252992156,medium,0.062366687978196896,0.09802427476304382,8.037702724030012e-07,0.002248474670876722,0.6778966160259388,0.7,0.3,0.0
37-22-0.pt,37,22,0.10705887364082173,medium,0.05852692677175449,0.035150169440941514,8.025531140527642e-07,0.0016494769746776144,0.6873592287904164,0.7,0.3,0.0
37-23-0.pt,37,23,0.12662516341810517,medium,0.04675632920331118,0.08194795294996941,6.685005572698516e-07,0.0017217262087342495,0.6966447541681683,0.7,0.3,0.0
37-24-0.pt,37,24,0.14189324521752758,medium,0.050511083278628986,0.10320393488951471,4.7098423380738376e-07,0.0018100632641210091,0.7056188129826646,0.7,0.3,0.0
37-25-0.pt,37,25,0.13626592178644406,medium,0.05436756572175249,0.07496557776678824,7.869343809738366e-07,0.0010391517588895292,0.7143127085498533,0.7,0.3,0.0
37-26-0.pt,37,26,0.1621122895886752,medium,0.06668057278317115,0.1132607510138402,8.929029212076466e-07,0.0014006514043470048,0.7231031660340151,0.7,0.3,0.0
37-27-0.pt,37,27,0.15054601410057433,medium,0.06230565972721667,0.07908716065905393,9.13867841988593e-07,0.0007550342593518718,0.7315355810012538,0.7,0.3,0.0
37-28-0.pt,37,28,0.17443233572121428,hard,0.060138745724882155,0.12579567583901488,6.159672523161664e-07,0.003819826875384512,0.7392808673705289,0.7,0.3,0.0
37-29-0.pt,37,29,0.16245179283050953,medium,0.05240043668438061,0.09566351368537508,4.4169199713677536e-07,0.0017066045305456365,0.7475518756378471,0.7,0.3,0.0
37-3-0.pt,37,3,0.15706416883616342,medium,0.42575809769086687,0.15507103296857558,0.014874223667805221,0.02174428284875187,0.38473563915572034,0.7,0.3,0.0
37-30-0.pt,37,30,0.17456947809006962,hard,0.05166371740335473,0.11435530618035832,7.525913763766859e-07,0.0026470446453538184,0.7554472096021556,0.7,0.3,0.0
37-31-0.pt,37,31,0.1487644702254253,medium,0.050789560302240196,0.043857655970615125,3.1777160036968457e-07,0.0011848792584858204,0.7632340619644588,0.7,0.3,0.0
37-32-0.pt,37,32,0.17114220533830718,hard,0.05783414157196137,0.08062840247877522,6.808181460105037e-07,0.0010983607071267094,0.7711469902306408,0.7,0.3,0.0
37-33-0.pt,37,33,0.19107187329739836,hard,0.07740291828780636,0.09811952497617132,5.13297439780333e-07,0.0024543288869124983,0.7785939739007088,0.7,0.3,0.0
37-34-0.pt,37,34,0.1825067685396111,hard,0.0779553329906756,0.06828113684945505,7.05305474455784e-07,0.0007576834378130647,0.7863163154855836,0.7,0.3,0.0
37-35-0.pt,37,35,0.19364445888051496,hard,0.09800767101686492,0.06488512116278215,9.444543939594166e-07,0.0007533655782728825,0.7941130689630601,0.7,0.3,0.0
37-36-0.pt,37,36,0.22227065202169188,hard,0.08558741628906594,0.13688615488537595,3.5233414787204783e-07,0.0008403461929154681,0.801422162691017,0.7,0.3,0.0
37-37-0.pt,37,37,0.24256422670684047,hard,0.094663701546138,0.16604133179014713,3.009459507357718e-07,0.0020199071260349082,0.8087833739488776,0.7,0.3,0.0
37-38-0.pt,37,38,0.2095007674990546,hard,0.08544910391910007,0.08803398503372567,4.423946868777551e-07,0.0005658999457510364,0.8152544527007141,0.7,0.3,0.0
37-39-0.pt,37,39,0.2165661815510683,hard,0.09977235690994653,0.08095254436500206,4.474756702465601e-07,0.0007306874215084593,0.8225831877962023,0.7,0.3,0.0
37-4-0.pt,37,4,0.10542852088447649,medium,0.34122207789669334,0.08650684968643876,0.0067211901975583336,0.011016403672484389,0.42012091903957743,0.7,0.3,0.0
37-40-0.pt,37,40,0.2247422720672855,hard,0.10714418967595653,0.08314448481100815,7.025595902181027e-07,0.0018152838651214558,0.8294959032312155,0.7,0.3,0.0
37-41-0.pt,37,41,0.235364089320678,hard,0.12030554006491616,0.08697621308353057,3.6454978197423127e-07,0.000867927629784154,0.8368074253173571,0.7,0.3,0.0
37-42-0.pt,37,42,0.24219700573902914,hard,0.13029316287814138,0.08494178174386409,6.303491426964672e-07,0.0005370862896745993,0.8435480254265246,0.7,0.3,0.0
37-43-0.pt,37,43,0.2765853945404819,hard,0.1558874103410499,0.13249405506769096,6.587434588366875e-07,0.0013617194063103614,0.8505973843019196,0.7,0.3,0.0
37-44-0.pt,37,44,0.263769671641359,hard,0.1453453141728481,0.10378795168325473,9.071798338751736e-07,0.0005826322800214823,0.8573739013711903,0.7,0.3,0.0
37-45-0.pt,37,45,0.2635799348217178,hard,0.16501028718910873,0.07453220023618079,1.04924763224055e-06,0.0010749964244711708,0.8638936355963093,0.7,0.3,0.0
37-46-0.pt,37,46,0.29972437099893934,hard,0.19114094809658044,0.12746917825897666,7.349296102907114e-07,0.002100769099357268,0.8695334770219659,0.7,0.3,0.0
37-47-0.pt,37,47,0.3279043843520695,hard,0.21514729438471436,0.16333564242419624,1.3926387706321094e-06,0.0019745255582186176,0.8759663389753205,0.7,0.3,0.0
37-48-0.pt,37,48,0.29464310417129624,hard,0.2377874942683543,0.05186819615369245,1.2497087189075566e-06,0.0010173066394600192,0.8829125478907269,0.7,0.3,0.0
37-49-0.pt,37,49,0.33374547562641527,hard,0.26720920651068064,0.10868913421255487,1.5883978235766625e-06,0.0009957518373989679,0.8893355996869656,0.7,0.3,0.0
37-5-0.pt,37,5,0.06251256424573925,easy,0.2500321453465321,0.040164028682514286,0.0023180794363589895,0.011112648021395102,0.4487011771357329,0.7,0.3,0.0
37-50-0.pt,37,50,0.34822050262392257,hard,0.3047155457486428,0.09792569934029637,2.34152095880462e-06,0.0013292352289091163,0.8953665708110627,0.7,0.3,0.0
37-6-0.pt,37,6,0.04658655582967079,easy,0.18992831188191422,0.036793361249373956,0.0012660211403981287,0.004902572229008023,0.47296791064300486,0.7,0.3,0.0
37-7-0.pt,37,7,0.05350803611450722,easy,0.15220458323249547,0.0619384873735244,0.0005083158618809163,0.006527330870560879,0.49446234165170083,0.7,0.3,0.0
37-8-0.pt,37,8,0.06484257989434819,easy,0.1700417442881528,0.039572369297095976,0.00030572076065423317,0.012655474535347063,0.5141327877149149,0.7,0.3,0.0
37-9-0.pt,37,9,0.07340723470766786,easy,0.1340393959059406,0.08281771743094216,0.0001183665694454461,0.004015217264241016,0.5309886465770558,0.7,0.3,0.0
38-10-0.pt,38,10,0.14138002881771733,medium,0.1190523460644621,0.22583193123043332,7.501242843261685e-05,0.01276095291519359,0.552079880744632,0.7,0.3,0.0
38-11-0.pt,38,11,0.08774767546892598,medium,0.11985157427992825,0.07909928460380898,2.4527724464857537e-05,0.009246695602076688,0.5668459582881433,0.7,0.3,0.0
38-12-0.pt,38,12,0.09097307951336814,medium,0.10266801921474401,0.08682171901395781,1.6507848592234665e-05,0.0075341719976443735,0.5811824368127086,0.7,0.3,0.0
38-13-0.pt,38,13,0.11530043582941897,medium,0.06280487235417846,0.16873391910834368,3.676887756850028e-06,0.0061365126412933615,0.594992669132174,0.7,0.3,0.0
38-14-0.pt,38,14,0.08454617260580496,easy,0.06188037772049211,0.08191515450732675,3.099267984637411e-06,0.00290363907428312,0.6074225013628405,0.7,0.3,0.0
38-15-0.pt,38,15,0.10250804945434226,medium,0.05930215043600864,0.10914239822344535,2.1550678608148688e-06,0.005022201388064883,0.6200632983286434,0.7,0.3,0.0
38-16-0.pt,38,16,0.0821270818420182,easy,0.05728890339399112,0.047728403762044576,1.3739148702988788e-06,0.0035637982780440357,0.631769151160402,0.7,0.3,0.0
38-17-0.pt,38,17,0.10825153911002466,medium,0.06906658034485692,0.08367907526886731,1.6694891105066809e-06,0.003988823638737499,0.643193459180947,0.7,0.3,0.0
38-18-0.pt,38,18,0.10610795702361701,medium,0.053446807538976564,0.08009358364311722,1.1930401730248483e-06,0.004199534685397923,0.6536100026070849,0.7,0.3,0.0
38-19-0.pt,38,19,0.12641725997497913,medium,0.05703905691255206,0.11537044564130247,9.42843494081001e-07,0.0012695562775503655,0.6636204299130674,0.7,0.3,0.0
38-2-0.pt,38,2,0.1856021712338881,hard,0.5632944756245125,0.07740851161901903,0.06980500032343971,0.030839418023175462,0.34340579841659125,0.7,0.3,0.0
38-20-0.pt,38,20,0.23692262670208974,hard,0.054028702946628995,0.3682929764505462,1.121294968497771e-06,0.005372173680333655,0.6739619743018591,0.7,0.3,0.0
38-21-0.pt,38,21,0.1104464628494181,medium,0.06492662097452237,0.043022951164959064,9.9214105523133e-07,0.0008381066374679145,0.6833936971561755,0.7,0.3,0.0
38-22-0.pt,38,22,0.14638075500228537,medium,0.056332082398612184,0.12569665733868485,7.813315632960118e-07,0.0010303558165316376,0.6930432065607983,0.7,0.3,0.0
38-23-0.pt,38,23,0.13664147535679153,medium,0.05122308809469576,0.09176741760093476,8.274052101700214e-07,0.0037716388182259483,0.7026295924828158,0.7,0.3,0.0
38-24-0.pt,38,24,0.1486765654360877,medium,0.05191451081206524,0.10920897995215925,5.669396731675107e-07,0.002996861730602369,0.7115345741078292,0.7,0.3,0.0
38-25-0.pt,38,25,0.13596474511410708,medium,0.0581426791339507,0.061354276517172616,6.989321323689944e-07,0.002314797842693972,0.7202229122080898,0.7,0.3,0.0
38-26-0.pt,38,26,0.14595454346206674,medium,0.05971669033973672,0.07326662450661234,5.884499478834144e-07,0.0016702898402724418,0.7287966851684492,0.7,0.3,0.0
38-27-0.pt,38,27,0.1605977431080048,medium,0.06034520355491349,0.09520631561275802,6.324918707829332e-07,0.0030828362255884783,0.737472026136507,0.7,0.3,0.0
38-28-0.pt,38,28,0.16809808155294564,hard,0.05825068278569299,0.10582779000796283,5.261447888733519e-07,0.00217712842004478,0.7454340787226793,0.7,0.3,0.0
38-29-0.pt,38,29,0.18218875702331236,hard,0.0617707600345879,0.1262067214286673,6.851826343316415e-07,0.0011563246749582512,0.7539311923478422,0.7,0.3,0.0
38-3-0.pt,38,3,0.15227121365371074,medium,0.41806826983914286,0.13726246927045352,0.01487849431427134,0.030643690192671907,0.38849640587319273,0.7,0.3,0.0
38-30-0.pt,38,30,0.16372377846605896,medium,0.06213841500982929,0.07026025118118732,1.1940525346729242e-06,0.0017839518011554918,0.761641592618249,0.7,0.3,0.0
38-31-0.pt,38,31,0.19743084221183074,hard,0.05983890266098059,0.14223050169194157,7.404284400955449e-07,0.0025410596275401414,0.770119764701022,0.7,0.3,0.0
38-32-0.pt,38,32,0.22428268337823776,hard,0.07785442371537324,0.17927315528922785,4.829908176616123e-07,0.0027620178884830075,0.7774965056880297,0.7,0.3,0.0
38-33-0.pt,38,33,0.193238206891379,hard,0.07683709718063778,0.09490487487049852,5.974856045203572e-07,0.002089597612688282,0.7856833824829409,0.7,0.3,0.0
38-34-0.pt,38,34,0.22161482273774874,hard,0.09506531277401827,0.13562800766552754,8.32129222466014e-07,0.0014351073018082818,0.7935701642098016,0.7,0.3,0.0
38-35-0.pt,38,35,0.2110465385458471,hard,0.08559050164639481,0.1101331933205075,3.5477190761234315e-08,0.0008229714451949385,0.8011016361795127,0.7,0.3,0.0
38-36-0.pt,38,36,0.19965438440861152,hard,0.09151007305539482,0.06632571865626635,3.0572510792429586e-07,0.0012583681213777357,0.8085378002896294,0.7,0.3,0.0
38-37-0.pt,38,37,0.20989332492984844,hard,0.09154253302570199,0.0823127164494601,4.1244260938632494e-07,0.0009418093547419516,0.8154076572923676,0.7,0.3,0.0
38-38-0.pt,38,38,0.21998520945230493,hard,0.09670694423766416,0.09045626901508728,5.326667862167949e-07,0.0021002276911903086,0.8229418467617461,0.7,0.3,0.0
38-39-0.pt,38,39,0.2298106102096711,hard,0.10423474692920748,0.09817113383738697,5.383631096827655e-07,0.0010843357818224268,0.8301697103066374,0.7,0.3,0.0
38-4-0.pt,38,4,0.0966383597933491,medium,0.3291739412514418,0.07727971744314396,0.006723070979013232,0.006060064796882841,0.423844797912815,0.7,0.3,0.0
38-40-0.pt,38,40,0.23101245777724727,hard,0.11756227492982234,0.07853891754139174,6.527942666829463e-07,0.000482761957021137,0.8375794248049784,0.7,0.3,0.0
38-41-0.pt,38,41,0.25298713298404923,hard,0.12782546430482192,0.11151515343096893,4.843429668607688e-07,0.0012312066612338065,0.8445602665969585,0.7,0.3,0.0
38-42-0.pt,38,42,0.2558414526143139,hard,0.14018391514492423,0.09758569335345586,8.050610349321061e-07,0.0006742835025678999,0.8513849589895457,0.7,0.3,0.0
38-43-0.pt,38,43,0.23638809501374466,hard,0.14459427768292352,0.036904375547107564,7.736788019326946e-07,0.00046355652485284506,0.8584436754299286,0.7,0.3,0.0
38-44-0.pt,38,44,0.28225880769532324,hard,0.1498389898101688,0.13270912088766068,8.844016859919031e-07,0.001819466223753456,0.8650277676881594,0.7,0.3,0.0
38-45-0.pt,38,45,0.25582656469163,hard,0.16856044344526427,0.041610795045638,7.512407936604377e-07,0.0020016440173392307,0.8711850567016362,0.7,0.3,0.0
38-46-0.pt,38,46,0.2731320473731344,hard,0.19278490400169213,0.051051364583840034,1.302863753885785e-06,0.001756370031408269,0.8776040133312221,0.7,0.3,0.0
38-47-0.pt,38,47,0.28608361269184684,hard,0.21821734501620113,0.048919400873314346,1.0257121469420796e-06,0.0006564088167148512,0.8845301325535548,0.7,0.3,0.0
38-48-0.pt,38,48,0.312382832785926,hard,0.24033094208520403,0.0807109454487799,1.8486364869433736e-06,0.0013550103279009707,0.8914053568865351,0.7,0.3,0.0
38-49-0.pt,38,49,0.31406238951679766,hard,0.27588983628867847,0.04049980706122715,1.9416545828629146e-06,0.0014988083636590947,0.8978788662477092,0.7,0.3,0.0
38-5-0.pt,38,5,0.06392805291480387,easy,0.2511176839852296,0.03769950503616934,0.002310966649299009,0.010811298088907653,0.4525628589315873,0.7,0.3,0.0
38-50-0.pt,38,50,0.3658438176369227,hard,0.3058770760387069,0.12733001269206107,2.4040251656856582e-06,0.0026167073185094235,0.9035492577416617,0.7,0.3,0.0
38-6-0.pt,38,6,0.08106326204440382,easy,0.18156303315282596,0.11965289092153328,0.001263177840012579,0.008744443022687605,0.4768865872970644,0.7,0.3,0.0
38-7-0.pt,38,7,0.07029864864625256,easy,0.15484863968832405,0.09302098905849598,0.0005047109754815696,0.0080640114492702,0.49855171362960665,0.7,0.3,0.0
38-8-0.pt,38,8,0.0898328591840634,medium,0.15422342892908536,0.11266232031373401,0.00030300414408374407,0.010735835228627234,0.5180526472198455,0.7,0.3,0.0
38-9-0.pt,38,9,0.07835496135765462,easy,0.13939276996316638,0.08452712686608976,0.00011677853761390676,0.0032983195805972127,0.5352470720589565,0.7,0.3,0.0
39-10-0.pt,39,10,0.09767916077710152,medium,0.10555497811644851,0.1341025607353725,7.411727621202182e-05,0.006760144328875989,0.5561220847110524,0.7,0.3,0.0
39-11-0.pt,39,11,0.10619152418905037,medium,0.13092573515866035,0.10632581778249967,2.3734605557247135e-05,0.009917358283628842,0.5711574499952277,0.7,0.3,0.0
39-12-0.pt,39,12,0.08717572575390545,medium,0.09770037524560214,0.07593974205649791,1.7448414404221906e-05,0.007838904038606738,0.5859705621303699,0.7,0.3,0.0
39-13-0.pt,39,13,0.10004845450479191,medium,0.06581696488930716,0.12412287394363973,3.574277641490689e-06,0.004787245280447194,0.5995193989032062,0.7,0.3,0.0
39-14-0.pt,39,14,0.0871112804572185,medium,0.06312966826111482,0.07809605248262047,3.298844525890007e-06,0.005427155926089746,0.6121474246554235,0.7,0.3,0.0
39-15-0.pt,39,15,0.09786497356824135,medium,0.06749388543002904,0.0824228158670187,2.1373912497490244e-06,0.005902157833680842,0.624892977934874,0.7,0.3,0.0
39-16-0.pt,39,16,0.1150869387793152,medium,0.06187561311519806,0.11682100414607419,1.5602611344392437e-06,0.003154825932007394,0.6367353329354588,0.7,0.3,0.0
39-17-0.pt,39,17,0.10300318795876195,medium,0.07762360853350374,0.055665814618798715,1.7755152151087794e-06,0.004157092873789384,0.6481541353848606,0.7,0.3,0.0
39-18-0.pt,39,18,0.11051370719846913,medium,0.06260578590951076,0.07727452193704372,1.3110571049680257e-06,0.002403299230003921,0.6582363328355667,0.7,0.3,0.0
39-19-0.pt,39,19,0.10954483064920996,medium,0.06230710881695989,0.06150615674562281,8.596525592956923e-07,0.0021244387915390914,0.668801738840622,0.7,0.3,0.0
39-2-0.pt,39,2,0.24354484730190346,hard,0.5830296297647745,0.20128169171823374,0.06996901175655122,0.022977362894696103,0.346775916930539,0.7,0.3,0.0
39-20-0.pt,39,20,0.1391359135398235,medium,0.06453100687369916,0.11757656637333595,1.1396380955019948e-06,0.0020418270105964733,0.6789733347372664,0.7,0.3,0.0
39-21-0.pt,39,21,0.1315514177615778,medium,0.07778589525370438,0.0738165533584494,8.11229635018863e-07,0.0012398392775624988,0.6887339514204969,0.7,0.3,0.0
39-22-0.pt,39,22,0.1538462348972313,medium,0.05816851070419311,0.13188562952059574,7.44618171031988e-07,0.003676317982202987,0.6986394832023433,0.7,0.3,0.0
39-23-0.pt,39,23,0.12931943838826052,medium,0.05681137057782323,0.06236049389675463,6.344467902349381e-07,0.002592492850663589,0.7081082166752247,0.7,0.3,0.0
39-24-0.pt,39,24,0.13862949367118013,medium,0.06245449806000819,0.06759627176618228,7.11512037344743e-07,0.002380427619023658,0.7170805079153143,0.7,0.3,0.0
39-25-0.pt,39,25,0.15492732241709622,medium,0.08303210479522508,0.07322692644715095,9.055276765900231e-07,0.0035920499938518614,0.7261855329126312,0.7,0.3,0.0
39-26-0.pt,39,26,0.15513685961777895,medium,0.06553280273583587,0.08155637600406668,7.523681925823614e-07,0.0019465811656080379,0.7347313223155428,0.7,0.3,0.0
39-27-0.pt,39,27,0.16838591539311756,hard,0.06809860405644029,0.09951866300334285,5.317342987471895e-07,0.002219957930605734,0.7432572339781353,0.7,0.3,0.0
39-28-0.pt,39,28,0.17492535818420413,hard,0.06816039072793045,0.104365013183662,9.076383626400114e-07,0.002069890558519128,0.7516228857139484,0.7,0.3,0.0
39-29-0.pt,39,29,0.14530658389595758,medium,0.06740869289096042,0.023257252332643506,4.456657970167751e-07,0.0010237151111483316,0.7600378253631191,0.7,0.3,0.0
39-3-0.pt,39,3,0.15516826110703721,medium,0.40874176490808284,0.15215947265754026,0.014884301240371801,0.027201292207947363,0.3921829660238482,0.7,0.3,0.0
39-30-0.pt,39,30,0.18454760367374126,hard,0.06713047655091406,0.1059796637030126,6.620421611849632e-07,0.0028392107626421144,0.7681947921111395,0.7,0.3,0.0
39-31-0.pt,39,31,0.2742091416648336,hard,0.07900781759190051,0.30019450448594726,6.870259930926376e-07,0.003228395910379996,0.7762993235940061,0.7,0.3,0.0
39-32-0.pt,39,32,0.19293970768481736,hard,0.07669058076575504,0.09530635948318092,6.606675584367293e-07,0.002662003043567547,0.784513112105395,0.7,0.3,0.0
39-33-0.pt,39,33,0.18012371188132137,hard,0.08243383824900692,0.05008457113345837,5.119749522249947e-07,0.00022937885749885764,0.7927112246544676,0.7,0.3,0.0
39-34-0.pt,39,34,0.19196702806618854,hard,0.0881673684384974,0.06303507852000807,4.193700890748061e-07,0.00016908809337074881,0.8003103048385153,0.7,0.3,0.0
39-35-0.pt,39,35,0.20760500444000643,hard,0.08932116013911083,0.08613451955578005,3.2803850961182477e-07,0.0033247549401664647,0.8082173376671649,0.7,0.3,0.0
39-36-0.pt,39,36,0.22843901064362138,hard,0.09224065352507213,0.1262436714493317,3.9633044510355515e-07,0.0015061376386605514,0.8152088563019302,0.7,0.3,0.0
39-37-0.pt,39,37,0.20246805598328732,hard,0.10012333396465398,0.043844129551987174,4.1071502192093753e-07,0.0028776300289316335,0.822926963953084,0.7,0.3,0.0
39-38-0.pt,39,38,0.21693814249611856,hard,0.09657867961486798,0.07460226081085976,6.034605380741496e-07,0.0009304453302416316,0.8303154415035764,0.7,0.3,0.0
39-39-0.pt,39,39,0.23431548418607262,hard,0.1226362414843657,0.08130967267920396,2.8713282377926266e-07,0.00014374468958778267,0.8379543600478756,0.7,0.3,0.0
39-4-0.pt,39,4,0.09314855174183616,medium,0.33090892917234255,0.060316459705007645,0.006726062014645632,0.00798764955851452,0.4274999557752666,0.7,0.3,0.0
39-40-0.pt,39,40,0.23535553301197373,hard,0.11807530471035915,0.07905842952459292,2.1335827751842566e-07,0.0002222688240089424,0.8449381084236541,0.7,0.3,0.0
39-41-0.pt,39,41,0.24191731743621525,hard,0.13886438882440663,0.06370333330265937,6.018727272406092e-07,0.0010738757499395412,0.8521917456518249,0.7,0.3,0.0
39-42-0.pt,39,42,0.27022599803957814,hard,0.1443307180908943,0.11792944025800564,6.982194132856297e-07,0.0009507984697146508,0.8589940336027543,0.7,0.3,0.0
39-43-0.pt,39,43,0.26001113287564603,hard,0.15252806669571908,0.07475208123627892,9.877368214490263e-07,0.0021053411291623385,0.865845378350521,0.7,0.3,0.0
39-44-0.pt,39,44,0.28788662113494895,hard,0.1591123371634406,0.12791948756514865,7.06275538802702e-07,0.001158059016727414,0.8724332216349265,0.7,0.3,0.0
39-45-0.pt,39,45,0.29990527009857704,hard,0.18357547034626195,0.12254332246200264,1.113962655068674e-06,0.0019971512871128127,0.8793696257397706,0.7,0.3,0.0
39-46-0.pt,39,46,0.30934253914021803,hard,0.2173170502818228,0.10358015146152451,7.666511749614565e-07,0.0011589689447003724,0.8861043463934226,0.7,0.3,0.0
39-47-0.pt,39,47,0.3052328823785224,hard,0.22567939438939405,0.07658553933585073,1.5277876769370732e-06,0.0013304274576610325,0.8925222873154859,0.7,0.3,0.0
39-48-0.pt,39,48,0.31684798378167905,hard,0.2455023617765862,0.07556113807571353,2.039959765937027e-06,0.001486937153964711,0.8994535741269338,0.7,0.3,0.0
39-49-0.pt,39,49,0.36529925988182244,hard,0.2803577658845057,0.14970420678299398,2.017510940376927e-06,0.0015423413126544308,0.9057383917993903,0.7,0.3,0.0
39-5-0.pt,39,5,0.15872953029487538,medium,0.23451600609084616,0.2754513768358001,0.002303307404849147,0.014558006176952595,0.4561726494763067,0.7,0.3,0.0
39-50-0.pt,39,50,0.3714349411474729,hard,0.3092049191269522,0.12607135193723,2.838644485368431e-06,0.002911254932259422,0.9119879824506988,0.7,0.3,0.0
39-6-0.pt,39,6,0.0712750746999739,easy,0.1898962894168873,0.08544347549406008,0.0012602926576521188,0.005912959003463782,0.480657952021929,0.7,0.3,0.0
39-7-0.pt,39,7,0.08403171537635723,easy,0.1789331155642922,0.09726436995867192,0.0005044180765550046,0.00737544058443479,0.50280201670139,0.7,0.3,0.0
39-8-0.pt,39,8,0.08950848951414629,medium,0.15086128013785988,0.11212600600701729,0.00030163024844731193,0.008504736559593747,0.5220867031775411,0.7,0.3,0.0
39-9-0.pt,39,9,0.08991406278451004,medium,0.15631211451655525,0.08585324824125212,0.00011518104327920142,0.007626040492436158,0.5393468948980978,0.7,0.3,0.0
4-10-0.pt,4,10,0.06655346312184769,easy,0.43453374726529487,0.07524007969018906,0.00615767732214394,0.06448588562971364,0.2471901467156456,0.7,0.3,0.0
4-11-0.pt,4,11,0.07392390366523975,easy,0.3966563139072638,0.10636810050246488,0.005573297814047341,0.07428127331383856,0.25880870469198225,0.7,0.3,0.0
4-12-0.pt,4,12,0.05444518117609715,easy,0.3803330897222465,0.07772644302385331,0.005064064287136299,0.058482274974018346,0.2694372124906293,0.7,0.3,0.0
4-13-0.pt,4,13,0.09303670239319688,medium,0.40805542492993363,0.1476967894693666,0.004612695922711861,0.04170527978131533,0.2792712231187311,0.7,0.3,0.0
4-14-0.pt,4,14,0.09599772250074486,medium,0.44650686985248145,0.0970040283987168,0.004219069108543183,0.049247644114739926,0.28852873284448743,0.7,0.3,0.0
4-15-0.pt,4,15,0.14836521253472137,medium,0.35484873530629263,0.2888760881824406,0.0038849146329743463,0.06437575054801636,0.2974804702368085,0.7,0.3,0.0
4-16-0.pt,4,16,0.08680766425395446,medium,0.38967131795207655,0.1128753807101597,0.0035776300559929195,0.04622501443513073,0.30540718835819614,0.7,0.3,0.0
4-17-0.pt,4,17,0.08178692338423536,easy,0.35213996064466163,0.13602348222695063,0.003314047396834133,0.038545552164110396,0.31307721197947186,0.7,0.3,0.0
4-18-0.pt,4,18,0.07839804559965713,easy,0.35839500275127234,0.12293838164914003,0.0030779686287475327,0.027616287108257326,0.32046237272809724,0.7,0.3,0.0
4-19-0.pt,4,19,0.06667019276310762,easy,0.3807108212213997,0.05621944372605977,0.0028690024104555574,0.034705629349239965,0.3273379465793032,0.7,0.3,0.0
4-2-0.pt,4,2,0.22947149767161304,hard,0.8448639556993139,0.07794247027967087,0.06937424073103493,0.21875748342229437,0.0692081071637727,0.7,0.3,0.0
4-20-0.pt,4,20,0.1584058347394603,medium,0.4433883742798818,0.20251182328718412,0.0026852311429376857,0.03969127943766133,0.3337326119151683,0.7,0.3,0.0
4-21-0.pt,4,21,0.12261528922143718,medium,0.4229899602194223,0.14077700938373153,0.002526583173329242,0.026726973782657468,0.34018373267445556,0.7,0.3,0.0
4-22-0.pt,4,22,0.09261770388712104,medium,0.4200873936384711,0.055039774961649246,0.002382862301732918,0.03463630980020221,0.3463725157008922,0.7,0.3,0.0
4-23-0.pt,4,23,0.09097189899524381,medium,0.3829427548314334,0.07873284864879661,0.0022605350513969277,0.03644098401548257,0.352245741891236,0.7,0.3,0.0
4-24-0.pt,4,24,0.07867002877639408,easy,0.3637875416062281,0.05720296223496582,0.0021507069720945672,0.040150509062577874,0.3577416917618014,0.7,0.3,0.0
4-25-0.pt,4,25,0.06687220430663081,easy,0.32173514154654287,0.07128179955446357,0.0020563925181694286,0.03253302163612119,0.3631026188881501,0.7,0.3,0.0
4-26-0.pt,4,26,0.09547927874071153,medium,0.3424825179073558,0.11707518634485847,0.001966039235881903,0.028385552163500034,0.368387482514909,0.7,0.3,0.0
4-27-0.pt,4,27,0.08791443379956808,medium,0.36077130074172503,0.06770297169652978,0.0018886413296758085,0.034491917909067006,0.3734647775001765,0.7,0.3,0.0
4-28-0.pt,4,28,0.14386964206148342,medium,0.3830930073935822,0.16507984086206481,0.0018191488147601541,0.04398899801936042,0.3783210614341161,0.7,0.3,0.0
4-29-0.pt,4,29,0.13816832514149127,medium,0.36815162706080357,0.16334314692976598,0.0017614613628718365,0.040649109076815626,0.3830480830739391,0.7,0.3,0.0
4-3-0.pt,4,3,0.28651729338330334,hard,0.7771846250064653,0.228015396492382,0.024169365111524028,0.2661690275234415,0.1096630847597634,0.7,0.3,0.0
4-30-0.pt,4,30,0.09011628591234756,medium,0.33821421844019894,0.0907332088856662,0.0017074609366155608,0.020555096250634734,0.3877887728795574,0.7,0.3,0.0
4-31-0.pt,4,31,0.12080226307217277,medium,0.3152986473882041,0.1929736583706427,0.0016595833338936047,0.009931964792265581,0.39208159762591777,0.7,0.3,0.0
4-32-0.pt,4,32,0.12299359762491946,medium,0.31360628835202525,0.1929736583706426,0.0016160098914205726,0.01123483997436404,0.39641514900302266,0.7,0.3,0.0
4-33-0.pt,4,33,0.16521186072443608,hard,0.3411148388735303,0.23912549640560035,0.0015807054093780637,0.03422303597553599,0.40069246506624134,0.7,0.3,0.0
4-34-0.pt,4,34,0.12143108496303175,medium,0.30816474197323557,0.17405216451130298,0.0015456320079650279,0.020947428081917456,0.40466831268870834,0.7,0.3,0.0
4-35-0.pt,4,35,0.06856542933108307,easy,0.2958266924535722,0.060842321215737155,0.0015160625508377143,0.013190893695552984,0.40863681612394714,0.7,0.3,0.0
4-36-0.pt,4,36,0.07374369768480352,easy,0.3043800488244368,0.06329316707540476,0.0014884027474165273,0.009825095190151723,0.4123609589383993,0.7,0.3,0.0
4-37-0.pt,4,37,0.097656316032401,medium,0.3129115102732154,0.1065242870007872,0.0014658954231557709,0.011154360003938026,0.4160311037818948,0.7,0.3,0.0
4-38-0.pt,4,38,0.08920323124404587,medium,0.31456813142714146,0.08056093381822974,0.0014439456548979953,0.01019866623420283,0.41965782852383976,0.7,0.3,0.0
4-39-0.pt,4,39,0.08110119067163477,easy,0.3131422548264501,0.05223137278305993,0.0014261684165698546,0.015522574216491001,0.4232961712481831,0.7,0.3,0.0
4-4-0.pt,4,4,0.1994448891926024,hard,0.7385249567887093,0.1506470168216478,0.013156462022535972,0.1414350466587162,0.1404765966388359,0.7,0.3,0.0
4-40-0.pt,4,40,0.10551110103296603,medium,0.32959242367567687,0.0950745419841687,0.0014085610852140583,0.01084160783966811,0.4267243120711346,0.7,0.3,0.0
4-41-0.pt,4,41,0.16340030192204208,medium,0.3555778928205505,0.2021115518635777,0.0013939816370520817,0.013726692631532795,0.43000971599871696,0.7,0.3,0.0
4-42-0.pt,4,42,0.12792235353604728,medium,0.3528816241644551,0.11747021966929794,0.0013810872713658966,0.010721974643104018,0.433333537427437,0.7,0.3,0.0
4-43-0.pt,4,43,0.19085813606394958,hard,0.3877934628846452,0.22044078027907282,0.001370489194014554,0.021036300807363382,0.43656839923359875,0.7,0.3,0.0
4-44-0.pt,4,44,0.12314006645088518,medium,0.3559742278051154,0.09840677837300553,0.0013600539451606667,0.006451441851849579,0.43988189236075353,0.7,0.3,0.0
4-45-0.pt,4,45,0.108966605153684,medium,0.376398660381754,0.03885567922046728,0.001351600228333122,0.007003052805663629,0.4430864109054736,0.7,0.3,0.0
4-46-0.pt,4,46,0.2663432828294391,hard,0.3734949910348343,0.4027928418119827,0.0013432609247333218,0.02288858616542921,0.44637716806255584,0.7,0.3,0.0
4-47-0.pt,4,47,0.21184521172546583,hard,0.40104504151720893,0.24614332246851076,0.0013372032857171742,0.016317407645567206,0.4491289958648015,0.7,0.3,0.0
4-48-0.pt,4,48,0.1529109910219529,medium,0.41302544053318635,0.09682066749095715,0.001330827219721462,0.0071210975965067735,0.4519720951655333,0.7,0.3,0.0
4-49-0.pt,4,49,0.15584651260286436,medium,0.4273893337131623,0.08594483737956168,0.0013255118889665446,0.007000188565149266,0.45480225741362995,0.7,0.3,0.0
4-5-0.pt,4,5,0.13995691262091847,medium,0.659191453934558,0.0852190851936069,0.010377150738523357,0.11175037311340942,0.16546238497923768,0.7,0.3,0.0
4-50-0.pt,4,50,0.17561646717712615,hard,0.45751033525980056,0.09682066749095715,0.001321175216700718,0.010531915983274702,0.45734698611548386,0.7,0.3,0.0
4-6-0.pt,4,6,0.1424500791628388,medium,0.6055955864393123,0.13682819396749438,0.00922912525868944,0.09339200734206114,0.18624230781024578,0.7,0.3,0.0
4-7-0.pt,4,7,0.13399950241843614,medium,0.562620710438254,0.13052581813996467,0.008320007070347456,0.09923145514306045,0.20426051982113413,0.7,0.3,0.0
4-8-0.pt,4,8,0.12381658531289351,medium,0.540819614256795,0.11995798054984184,0.007556508960185393,0.08649446949312642,0.22026031808959254,0.7,0.3,0.0
4-9-0.pt,4,9,0.12485468541274812,medium,0.4812310293138354,0.1681992850229435,0.006813843637601108,0.08234155795461097,0.23441724036371162,0.7,0.3,0.0
40-10-0.pt,40,10,0.09146011349093351,medium,0.10889611733786334,0.10863548934100577,7.425946625319925e-05,0.008259425449650868,0.5603182139151982,0.7,0.3,0.0
40-11-0.pt,40,11,0.08824133671473419,medium,0.11519419152547536,0.07657740118842461,2.4266096573305686e-05,0.00592108006213023,0.5756770368043993,0.7,0.3,0.0
40-12-0.pt,40,12,0.09409079452622146,medium,0.09299726390425732,0.09205162680410386,1.7367144855759764e-05,0.0074791134432174,0.5902754833263664,0.7,0.3,0.0
40-13-0.pt,40,13,0.0893748605703171,medium,0.07744374068335662,0.08285010960638088,3.3974907927951362e-06,0.0029498797310114847,0.6037646975637737,0.7,0.3,0.0
40-14-0.pt,40,14,0.09250247472100409,medium,0.06231750002865104,0.08424115299700811,3.160921301101288e-06,0.00662418755477779,0.6170766800796735,0.7,0.3,0.0
40-15-0.pt,40,15,0.09465487253972506,medium,0.06784364519204121,0.0680092452193133,1.7635223687663668e-06,0.006323874920923066,0.6293197699239075,0.7,0.3,0.0
40-16-0.pt,40,16,0.10287372336174622,medium,0.07788496049698464,0.0623650018656973,1.913985098114342e-06,0.005528102999694745,0.64162931918277,0.7,0.3,0.0
40-17-0.pt,40,17,0.13181445928023836,medium,0.06442104854163472,0.13272819432565247,1.49948382720543e-06,0.00378378772179838,0.6529193000820208,0.7,0.3,0.0
40-18-0.pt,40,18,0.18048785460013456,hard,0.05767675964577848,0.2402914026819544,1.2525835505962446e-06,0.006918966775626744,0.6634593269814756,0.7,0.3,0.0
40-19-0.pt,40,19,0.20582073999730913,hard,0.05916842959421511,0.2884474745849857,1.1940581845827395e-06,0.004362966716308569,0.6742377999256702,0.7,0.3,0.0
40-2-0.pt,40,2,0.18547962227881298,hard,0.5795375840344384,0.06686774937746569,0.07012922553922861,0.015620658804416203,0.3501192613958777,0.7,0.3,0.0
40-20-0.pt,40,20,0.14080653465492685,medium,0.06570557111925111,0.11351114526923872,6.713549900662907e-07,0.0019880949490991063,0.6842506538649223,0.7,0.3,0.0
40-21-0.pt,40,21,0.14466331656352,medium,0.07161664797281914,0.10406242388194423,6.175047063226448e-07,0.0017633622845582312,0.6941421161979796,0.7,0.3,0.0
40-22-0.pt,40,22,0.14621000364246436,medium,0.0811716104135109,0.08357351229006346,1.1756908722818408e-06,0.002932835662351331,0.7043391660549383,0.7,0.3,0.0
40-23-0.pt,40,23,0.1821857489510716,hard,0.059252598867303184,0.1790021602022423,5.13865601294372e-07,0.004497881415791358,0.7134585691696146,0.7,0.3,0.0
40-24-0.pt,40,24,0.18526756079110204,hard,0.08099311411510668,0.1525498835207871,6.269343806518201e-07,0.004287378851112737,0.7228083134549209,0.7,0.3,0.0
40-25-0.pt,40,25,0.1632503070982233,medium,0.07891312918606418,0.09129661485239704,7.955299923030024e-07,0.002401554168704412,0.7317732551882572,0.7,0.3,0.0
40-26-0.pt,40,26,0.15206546712990798,medium,0.07651345515251819,0.05389696253348045,8.906760610773722e-07,0.0037953566262929482,0.7403078740902342,0.7,0.3,0.0
40-27-0.pt,40,27,0.27655521850284387,hard,0.07143493862577378,0.34716616915775145,6.621538131142717e-07,0.004954383988374161,0.7495512683066574,0.7,0.3,0.0
40-28-0.pt,40,28,0.20553794644389145,hard,0.0743620734133702,0.1650282467576434,6.301753904768408e-07,0.0012945740112211821,0.7577170407787659,0.7,0.3,0.0
40-29-0.pt,40,29,0.2147092849743554,hard,0.07431518763353798,0.17486368051153373,5.058114502644914e-07,0.002199164984647105,0.7664160011261392,0.7,0.3,0.0
40-3-0.pt,40,3,0.13463447117429242,medium,0.4190463872982007,0.09131939188099451,0.014892778896374066,0.023197248227775174,0.39579395597109335,0.7,0.3,0.0
40-30-0.pt,40,30,0.19994519611847836,hard,0.07438047925399821,0.12719291962758944,7.785555260881228e-07,0.002948223163900214,0.7747841208624058,0.7,0.3,0.0
40-31-0.pt,40,31,0.19096694959038926,hard,0.07765926984455199,0.09158535710704027,4.523741291899079e-07,0.002582084151797826,0.7830437529658407,0.7,0.3,0.0
40-32-0.pt,40,32,0.21547194222650592,hard,0.08238277807271017,0.13594005538194667,5.544708188069782e-07,0.0024161773511665696,0.7909343431074026,0.7,0.3,0.0
40-33-0.pt,40,33,0.2067610370923313,hard,0.08642321253146948,0.1019079681602232,1.6874438793531442e-07,0.0002960805485249592,0.7992427126084902,0.7,0.3,0.0
40-34-0.pt,40,34,0.19748352809935027,hard,0.08636950650939196,0.0687037381371928,6.556117390267574e-07,0.0008054813554197592,0.8069950203311141,0.7,0.3,0.0
40-35-0.pt,40,35,0.24141257847287828,hard,0.0919991788956949,0.15898518926212457,5.664832590855345e-07,0.0015015083541774041,0.8144050940478464,0.7,0.3,0.0
40-36-0.pt,40,36,0.23211741339112407,hard,0.09897481658295591,0.11856091731095313,3.081266869712992e-07,0.0016352260983014,0.8225531409501577,0.7,0.3,0.0
40-37-0.pt,40,37,0.23890315795620087,hard,0.10063587302657989,0.12363485982345976,3.696790552123329e-07,0.0015935400414818779,0.8299088082892089,0.7,0.3,0.0
40-38-0.pt,40,38,0.22283235932685136,hard,0.11267062688951014,0.06294474095130446,3.0696445616645945e-07,0.0007527334009524475,0.8378802289422496,0.7,0.3,0.0
40-39-0.pt,40,39,0.22528456675979414,hard,0.12211667710907832,0.04976933042184603,2.3059904334631496e-07,0.0007396804676887704,0.8451884671466003,0.7,0.3,0.0
40-4-0.pt,40,4,0.14924526480571856,medium,0.37529638745685223,0.1384516148301851,0.0067310602427946035,0.016435114242034265,0.43121955899209596,0.7,0.3,0.0
40-40-0.pt,40,40,0.24720924472588787,hard,0.13199881771094818,0.08362751980457735,4.212708020100584e-07,0.0005004315055338048,0.8524450109373919,0.7,0.3,0.0
40-41-0.pt,40,41,0.2589741847246353,hard,0.13941804208811445,0.09475731811568008,6.162058790869411e-07,0.0010184416333626468,0.85956601111253,0.7,0.3,0.0
40-42-0.pt,40,42,0.290776092948952,hard,0.15527025363382255,0.14525230330832536,1.062928653361278e-06,0.0025645220533281475,0.8664729415453027,0.7,0.3,0.0
40-43-0.pt,40,43,0.261997638552029,hard,0.1542236132157476,0.0694954795639173,8.742750753108582e-07,0.0009805669839093888,0.8730141546730299,0.7,0.3,0.0
40-44-0.pt,40,44,0.28717748050697306,hard,0.16347538436511333,0.11122366572966286,9.848164257271704e-07,0.001306007451564915,0.8803325359035965,0.7,0.3,0.0
40-45-0.pt,40,45,0.31932432854197,hard,0.20213551135565858,0.140653195773293,9.636045988887198e-07,0.0015155625657806814,0.8875641521077912,0.7,0.3,0.0
40-46-0.pt,40,46,0.29518880619597276,hard,0.1992821593499803,0.07763122137524282,1.2098602563081488e-06,0.0007771632462011579,0.8937084870218289,0.7,0.3,0.0
40-47-0.pt,40,47,0.30344161257200414,hard,0.22800749151288674,0.059814653169435905,1.6746225980664098e-06,0.0009297031222096463,0.9004496641789661,0.7,0.3,0.0
40-48-0.pt,40,48,0.33497778534775435,hard,0.2488100022187219,0.10608818644814376,1.7655965333261834e-06,0.0013162963760930918,0.9071959958887396,0.7,0.3,0.0
40-49-0.pt,40,49,0.3748536896403372,hard,0.26125570831293354,0.18061825735398682,2.525593109700955e-06,0.002234638872458927,0.9137704185581322,0.7,0.3,0.0
40-5-0.pt,40,5,0.07551878129587747,easy,0.22916624469321129,0.08236427622992319,0.0022966710975003673,0.006707374632921177,0.4597216393191007,0.7,0.3,0.0
40-50-0.pt,40,50,0.37520361744104935,hard,0.2955094679712196,0.13942771163695122,3.4551322887423058e-06,0.0019133380554491992,0.9198873669671418,0.7,0.3,0.0
40-6-0.pt,40,6,0.0904552395497328,medium,0.19569854294467887,0.1231160968518198,0.0012585793531069579,0.0039261280380362635,0.48441704850525846,0.7,0.3,0.0
40-7-0.pt,40,7,0.10306617009813879,medium,0.1803608871750929,0.1368562442891473,0.0005016387315469242,0.007349984387939964,0.506668218213856,0.7,0.3,0.0
40-8-0.pt,40,8,0.0855499032772636,easy,0.14787363072694887,0.10158184234736627,0.00030000987603233023,0.007391386079719602,0.5259029166220023,0.7,0.3,0.0
40-9-0.pt,40,9,0.08910665118526769,medium,0.14292573130441133,0.08870163400552845,0.00011525771201000804,0.01054691111292669,0.5436193414190971,0.7,0.3,0.0
41-10-0.pt,41,10,0.11221937195560942,medium,0.153358013049388,0.10811008796883796,7.298939185770151e-05,0.00978117154386378,0.563967856690327,0.7,0.3,0.0
41-11-0.pt,41,11,0.09456358517476292,medium,0.12518871395583173,0.07657740118842461,2.430698507128527e-05,0.005614983074974307,0.5799247730870675,0.7,0.3,0.0
41-12-0.pt,41,12,0.0851920649111023,easy,0.08964672290326776,0.07343570989062179,1.733203741205151e-05,0.0022065151651107385,0.5945626399492121,0.7,0.3,0.0
41-13-0.pt,41,13,0.09388644762936069,medium,0.08645854888639118,0.07806577728774874,3.524801606092259e-06,0.0038052920068572353,0.6081753218070115,0.7,0.3,0.0
41-14-0.pt,41,14,0.11948787844453845,medium,0.07858594127683884,0.12928120503659854,2.606914559877541e-06,0.004888216436209224,0.6214575450185298,0.7,0.3,0.0
41-15-0.pt,41,15,0.0918337856545375,medium,0.07897344562979944,0.046105427128020966,2.0306412925477618e-06,0.0037032648757504,0.634270597610409,0.7,0.3,0.0
41-16-0.pt,41,16,0.1105401277323212,medium,0.07293291418397262,0.08101126035441761,1.4556075105125286e-06,0.004181727423391776,0.6463280216706297,0.7,0.3,0.0
41-17-0.pt,41,17,0.11801476790975265,medium,0.06677714288630861,0.09147295298247105,1.2804915070419854e-06,0.00345848200891281,0.6572911314564186,0.7,0.3,0.0
41-18-0.pt,41,18,0.1275462735529383,medium,0.06311045440225659,0.10318495929944757,9.7010466840091e-07,0.0038389662650395616,0.668359980961465,0.7,0.3,0.0
41-19-0.pt,41,19,0.13663171917916342,medium,0.07102794631784985,0.10546835217192456,9.12555068079661e-07,0.0014319933597638102,0.6790899483668197,0.7,0.3,0.0
41-2-0.pt,41,2,0.1913184930377,hard,0.5914747791399247,0.06468554011591332,0.0702847769174993,0.015522963780004095,0.35338930364447224,0.7,0.3,0.0
41-20-0.pt,41,20,0.12526586321071956,medium,0.06450297378737552,0.07114971870419197,8.270644413846189e-07,0.0011783879812098733,0.6893252001817841,0.7,0.3,0.0
41-21-0.pt,41,21,0.15144117508724989,medium,0.06997927241388673,0.11316223099445155,6.935180143080157e-07,0.0036336108441036227,0.6994913680290504,0.7,0.3,0.0
41-22-0.pt,41,22,0.14132613404430416,medium,0.06699824076281913,0.07831447864359097,9.455935533226207e-07,0.003517489123831713,0.7096342887424829,0.7,0.3,0.0
41-23-0.pt,41,23,0.13980298716793135,medium,0.07316979797834015,0.05696719892803472,8.270511442951827e-07,0.0028135961895735017,0.718834079217513,0.7,0.3,0.0
41-24-0.pt,41,24,0.15018685239138707,medium,0.0724255145796329,0.07163501640547501,3.198169737310967e-07,0.0014929246710295543,0.7283090472050077,0.7,0.3,0.0
41-25-0.pt,41,25,0.1664069191342019,hard,0.0784104183741356,0.09209757127480842,6.558917245805367e-07,0.002237096811536668,0.7374440494650644,0.7,0.3,0.0
41-26-0.pt,41,26,0.1650495221303564,hard,0.07884806888913753,0.07653197841254586,7.962800255142664e-07,0.0026343394042431354,0.7460795968574003,0.7,0.3,0.0
41-27-0.pt,41,27,0.17610274739161064,hard,0.08366018368417222,0.08695762227683959,1.2176412769814685e-06,0.0019145593476691098,0.7553323676917191,0.7,0.3,0.0
41-28-0.pt,41,28,0.14579286870688735,medium,0.08200819637986534,0.004718496999407109,2.7156670518045905e-07,0.0012146837876536895,0.7637560046671497,0.7,0.3,0.0
41-29-0.pt,41,29,0.18014394547601642,hard,0.08221983719595902,0.0743234596977141,8.611036820888026e-07,0.0029439948428781728,0.772567096089313,0.7,0.3,0.0
41-3-0.pt,41,3,0.12410842192779402,medium,0.44181387383299514,0.0414704643975117,0.014900952042722475,0.02020358730664298,0.399239891396909,0.7,0.3,0.0
41-30-0.pt,41,30,0.19452149926710918,hard,0.07549630311361988,0.10552173920384852,6.819566632647134e-07,0.0024092496309329964,0.7807876444254117,0.7,0.3,0.0
41-31-0.pt,41,31,0.19264367915164546,hard,0.0829511516855086,0.08296637179963127,3.8605932155014364e-07,0.001739483096611707,0.7892565579119212,0.7,0.3,0.0
41-32-0.pt,41,32,0.26131999062774053,hard,0.09553201575262611,0.2252870406731453,6.955591535422295e-07,0.0021062831207748454,0.7976422851399774,0.7,0.3,0.0
41-33-0.pt,41,33,0.21008921404459657,hard,0.08922171327624173,0.09757966091988013,2.69240267014845e-07,0.0011765989715118923,0.8058180250764735,0.7,0.3,0.0
41-34-0.pt,41,34,0.2291529867772097,hard,0.09856482420740126,0.12371962571972608,9.252272132742281e-07,0.0018785225520572863,0.813364836272815,0.7,0.3,0.0
41-35-0.pt,41,35,0.2030968008945378,hard,0.09428759810002758,0.05395603791367108,7.312778424766555e-07,0.001943500600907785,0.8215540319704857,0.7,0.3,0.0
41-36-0.pt,41,36,0.21948049664588135,hard,0.10366146914497233,0.07372728947175836,4.949237490968384e-07,0.0021996948900559095,0.8293209551816042,0.7,0.3,0.0
41-37-0.pt,41,37,0.2487106389536479,hard,0.12166100650513399,0.11696319962945972,5.821396023714648e-07,0.0010846244938839918,0.8373922184537915,0.7,0.3,0.0
41-38-0.pt,41,38,0.24841412859800915,hard,0.11919232002028571,0.10899235284463347,4.4313881464123943e-07,0.0007463868466265867,0.8449843817470244,0.7,0.3,0.0
41-39-0.pt,41,39,0.2470180540229178,hard,0.13171009508139375,0.0835676805150373,3.633355391684173e-07,0.00047635579817842936,0.8523767121710166,0.7,0.3,0.0
41-4-0.pt,41,4,0.15766251973974343,medium,0.3749431901541047,0.15398081049145726,0.006736509255074268,0.016933760568237498,0.4347758734780905,0.7,0.3,0.0
41-40-0.pt,41,40,0.2913158362827983,hard,0.13006614161079047,0.18221733925072964,3.918782412887239e-07,0.0012041089818489805,0.8596108514808188,0.7,0.3,0.0
41-41-0.pt,41,41,0.2898701365598041,hard,0.14856141662093683,0.14982540589472848,6.664805483560949e-07,0.002024119694520998,0.8668364941195728,0.7,0.3,0.0
41-42-0.pt,41,42,0.2740002519162179,hard,0.14993245767038454,0.10252335715692518,8.526124825429373e-07,0.0008559385167145595,0.8733660323459591,0.7,0.3,0.0
41-43-0.pt,41,43,0.2830676484439454,hard,0.1646717737047499,0.09985260600091606,8.275860009894786e-07,0.0010973593341831703,0.880654598510552,0.7,0.3,0.0
41-44-0.pt,41,44,0.31611713924752355,hard,0.1829088022100842,0.15120223141204767,1.038065610960662e-06,0.0013096545115297946,0.8884045812350208,0.7,0.3,0.0
41-45-0.pt,41,45,0.29236748436215626,hard,0.19701341444740506,0.07098353340963366,1.2039240176047017e-06,0.0012350722405061335,0.8949337107099434,0.7,0.3,0.0
41-46-0.pt,41,46,0.3132165941692701,hard,0.21573774637749857,0.09429867925911635,1.0793231109484615e-06,0.0009484915111529536,0.9015432762811911,0.7,0.3,0.0
41-47-0.pt,41,47,0.3574227912448012,hard,0.25231240535910004,0.15573603406841935,1.850901609257527e-06,0.0012415757373125892,0.9081779688964511,0.7,0.3,0.0
41-48-0.pt,41,48,0.3144889482334755,hard,0.24018359714433396,0.05559963030864724,2.314914525677392e-06,0.0006620848641542515,0.9148421041252127,0.7,0.3,0.0
41-49-0.pt,41,49,0.3728818170617133,hard,0.28470871174995493,0.14268053516470047,3.0832549162650545e-06,0.0015803325932244048,0.9215902936394993,0.7,0.3,0.0
41-5-0.pt,41,5,0.07689768956322722,easy,0.24109698509140806,0.07122411175445707,0.0022926185263952566,0.004428957715028617,0.46336884740472556,0.7,0.3,0.0
41-50-0.pt,41,50,0.3757604336165225,hard,0.3035887611002331,0.12112021548943565,4.201296077987773e-06,0.0025813828204075463,0.9281201571077715,0.7,0.3,0.0
41-6-0.pt,41,6,0.059978227333159426,easy,0.2129254161704147,0.023598075910158993,0.0012572424318109243,0.007517250070397837,0.4880893553562419,0.7,0.3,0.0
41-7-0.pt,41,7,0.06852491804513082,easy,0.18068543929660594,0.04754222599700764,0.0004988182381399998,0.007667597236212092,0.5104363903987925,0.7,0.3,0.0
41-8-0.pt,41,8,0.09190157554684832,medium,0.15768586014352584,0.10158184234736627,0.0002994056157823984,0.007771358889205388,0.529824728507973,0.7,0.3,0.0
41-9-0.pt,41,9,0.09355484895608043,medium,0.14550740886933114,0.09088136594932386,0.00011522882800837785,0.01104585340801775,0.547782508967612,0.7,0.3,0.0
42-10-0.pt,42,10,0.12814161538744623,medium,0.17047883875002098,0.12399271632578422,7.356878592954246e-05,0.009794095383948357,0.5681620664857007,0.7,0.3,0.0
42-11-0.pt,42,11,0.1029550112055905,medium,0.13098536207345182,0.08630839408009833,2.4154180686356694e-05,0.004911513297052289,0.5840799589463941,0.7,0.3,0.0
42-12-0.pt,42,12,0.07779413553138437,easy,0.10485091194942638,0.03545586148844933,1.7660519627850412e-05,0.0013874555216702136,0.5988431813957968,0.7,0.3,0.0
42-13-0.pt,42,13,0.10249169837221687,medium,0.0929433490379437,0.08526054314439332,3.8964385175949936e-06,0.005241692240083062,0.6125008527861784,0.7,0.3,0.0
42-14-0.pt,42,14,0.09875582672993814,medium,0.0874443424535161,0.06295321468377289,2.7474549015229663e-06,0.0060305302344883,0.6260615878425513,0.7,0.3,0.0
42-15-0.pt,42,15,0.12905293216319988,medium,0.10333147094345939,0.10449620003366786,2.5800362621094344e-06,0.004933836741089014,0.638942011853714,0.7,0.3,0.0
42-16-0.pt,42,16,0.10801008125894948,medium,0.08375873112789972,0.05846688942677853,1.6851763733622465e-06,0.003692276652079171,0.65091545725273,0.7,0.3,0.0
42-17-0.pt,42,17,0.1515489899952733,medium,0.07344026301073435,0.15905187730678955,1.4622906031741075e-06,0.003882411285939492,0.6622541907532188,0.7,0.3,0.0
42-18-0.pt,42,18,0.15735951519439154,medium,0.0800777157270446,0.15259893743771302,1.156423052692983e-06,0.0031534671362750976,0.673289486110575,0.7,0.3,0.0
42-19-0.pt,42,19,0.1416065764045028,medium,0.07897347977064761,0.10417977679301833,9.108203487802519e-07,0.0002710413286613371,0.6840382051278656,0.7,0.3,0.0
42-2-0.pt,42,2,0.1934003644989257,hard,0.58735764487601,0.07131924443226567,0.07043599571784359,0.013648467895772901,0.3565971566948412,0.7,0.3,0.0
42-20-0.pt,42,20,0.12291267693151431,medium,0.07222044029336289,0.05118947939413776,6.588489138958006e-07,0.000988095900882762,0.6944061710198515,0.7,0.3,0.0
42-21-0.pt,42,21,0.15307952175406755,medium,0.10149514067652984,0.07930576815712659,7.02659836654679e-07,0.0027951432542730847,0.7048862769325884,0.7,0.3,0.0
42-22-0.pt,42,22,0.1512304293256692,medium,0.08709980935297507,0.07651694510867059,8.105567819040584e-07,0.0026022362744359136,0.7146200797340393,0.7,0.3,0.0
42-23-0.pt,42,23,0.22002844350695175,hard,0.09606795385353221,0.21869999151327463,8.505714219433756e-07,0.004891121554486975,0.7246083594178895,0.7,0.3,0.0
42-24-0.pt,42,24,0.1575776595216356,medium,0.08662802932195392,0.06935937406476847,5.193477364840232e-07,0.00030309426045325934,0.7337190416444275,0.7,0.3,0.0
42-25-0.pt,42,25,0.17819552058257065,hard,0.09138993043448165,0.10007774379073472,1.0203726372802361e-06,0.0029136981286836203,0.7426691162414258,0.7,0.3,0.0
42-26-0.pt,42,26,0.16487632422675932,hard,0.09355123558770588,0.053606832235417595,5.266664895147025e-07,0.0029765683688075463,0.7517101311670082,0.7,0.3,0.0
42-27-0.pt,42,27,0.20657827791703948,hard,0.09318554525397892,0.14456410298538042,4.4306069116426655e-07,0.001043619587916688,0.7610470109071712,0.7,0.3,0.0
42-28-0.pt,42,28,0.1926473387326123,hard,0.10223801516734347,0.08815231896885203,4.0245172600324315e-07,0.0028331812934635167,0.7699676594759584,0.7,0.3,0.0
42-29-0.pt,42,29,0.34204952802053756,hard,0.10675070444626314,0.43160038135519935,8.1230019951921e-07,0.005646337718996749,0.7784032415330607,0.7,0.3,0.0
42-3-0.pt,42,3,0.14091469883302887,medium,0.44073726370465033,0.08261164927326611,0.014909237475698507,0.01653184737839868,0.40249640106807827,0.7,0.3,0.0
42-30-0.pt,42,30,0.19080602750253647,hard,0.09368740737041226,0.07018384887011976,5.855453601943832e-07,0.0022822316082893217,0.7870311166873886,0.7,0.3,0.0
42-31-0.pt,42,31,0.2549413403891804,hard,0.12178017370966385,0.1850212083498524,1.1333350760086495e-06,0.0029590571785971377,0.7959148286587483,0.7,0.3,0.0
42-32-0.pt,42,32,0.2096737928069321,hard,0.1049220456756547,0.08327818409938031,6.388339073862866e-07,0.001036534225097517,0.8041081394848695,0.7,0.3,0.0
42-33-0.pt,42,33,0.24020228684499698,hard,0.1079511328709459,0.14289822914392056,4.834252849628933e-07,0.0017972450917128847,0.8120709097600367,0.7,0.3,0.0
42-34-0.pt,42,34,0.20885089054620748,hard,0.10952110889397107,0.053895411941088704,4.7389516114516705e-07,0.0023582455109115506,0.8203108991058446,0.7,0.3,0.0
42-35-0.pt,42,35,0.24333437240016903,hard,0.11566449664764902,0.12125150975358749,5.014992074699993e-07,0.0021416474859778955,0.8280535790718083,0.7,0.3,0.0
42-36-0.pt,42,36,0.22670784234708263,hard,0.13731323761004186,0.04922226961485267,7.918625575599541e-07,0.0010144465982257548,0.8365267565976812,0.7,0.3,0.0
42-37-0.pt,42,37,0.23871054952272508,hard,0.1417875618316437,0.0636918107348826,4.507856678462624e-07,0.0009006637496388424,0.8442617346217896,0.7,0.3,0.0
42-38-0.pt,42,38,0.27958074617434003,hard,0.15359818753003904,0.1397782068074642,7.294453679533223e-07,0.0015228617198989344,0.8521827438753522,0.7,0.3,0.0
42-39-0.pt,42,39,0.2868950997289098,hard,0.15628615350538247,0.14541175970141892,6.229106886173107e-07,0.0011144892208431881,0.8595844317852245,0.7,0.3,0.0
42-4-0.pt,42,4,0.10586572911140908,medium,0.35917891670918684,0.043098367292466924,0.006741266451324844,0.01364086423585326,0.4381333251830272,0.7,0.3,0.0
42-40-0.pt,42,40,0.25345953418311934,hard,0.13695997619641617,0.07438045459510045,4.654094540564502e-07,0.001158546244445701,0.8666111993475268,0.7,0.3,0.0
42-41-0.pt,42,41,0.2669080075276112,hard,0.15332611470467114,0.08177113781665711,6.807830097184917e-07,0.0008196454437024785,0.8735267103323276,0.7,0.3,0.0
42-42-0.pt,42,42,0.27570365799112684,hard,0.16183696910301937,0.08446902859311219,7.903303397116822e-07,0.0012778709855053505,0.8808036015798334,0.7,0.3,0.0
42-43-0.pt,42,43,0.32244239260805985,hard,0.19572991151820984,0.1540267898654442,6.143154437819276e-07,0.0007116287752628127,0.8886134499455597,0.7,0.3,0.0
42-44-0.pt,42,44,0.27340595572644966,hard,0.1910351056974869,0.030759011305920604,1.1644647903353245e-06,0.000611201680916649,0.8956048954393089,0.7,0.3,0.0
42-45-0.pt,42,45,0.31741934068892325,hard,0.2098653964428057,0.10853055372340495,1.1024790110387897e-06,0.0013790507045320292,0.9025936504741945,0.7,0.3,0.0
42-46-0.pt,42,46,0.3729112554157582,hard,0.23228164057516412,0.21061264795811574,1.6947460772318423e-06,0.002823185638548097,0.909005182358378,0.7,0.3,0.0
42-47-0.pt,42,47,0.33836166491543407,hard,0.24616038623768968,0.10699926974433085,2.139191636955501e-06,0.0,0.9156884628327113,0.7,0.3,0.0
42-48-0.pt,42,48,0.333548766172436,hard,0.2640091300096881,0.06811176800003431,2.6925195995688314e-06,2.0925278488057434e-05,0.9227505666739639,0.7,0.3,0.0
42-49-0.pt,42,49,0.3636565229385466,hard,0.29295957525649596,0.10086892225699734,4.385765014675017e-06,0.0019523583563559573,0.9297696766685959,0.7,0.3,0.0
42-5-0.pt,42,5,0.1104760269066041,medium,0.24682028399784825,0.13492920943327555,0.0022890101170599106,0.011727325767594063,0.46686010728125393,0.7,0.3,0.0
42-50-0.pt,42,50,0.3742072194142776,hard,0.32337316755818496,0.08771716616509985,5.582821500606116e-06,0.0017243404588265221,0.9362042638795016,0.7,0.3,0.0
42-6-0.pt,42,6,0.08186934166852428,easy,0.21593484329137413,0.0676884992277586,0.0012574219569793017,0.008471127765557994,0.4918485609115361,0.7,0.3,0.0
42-7-0.pt,42,7,0.0900845839103177,medium,0.22283917816827228,0.04754222599700764,0.0004989698696042482,0.012538619435419195,0.5143661677388215,0.7,0.3,0.0
42-8-0.pt,42,8,0.09575135095423878,medium,0.1853848464947265,0.08347808555224213,0.00029789677713970434,0.002712767939868908,0.533441037725725,0.7,0.3,0.0
42-9-0.pt,42,9,0.10546812632224434,medium,0.17085343497184988,0.08908925454236956,0.00011670811575760695,0.010674076478007848,0.5520680096127751,0.7,0.3,0.0
43-10-0.pt,43,10,0.12074864534282079,medium,0.17720887008485242,0.09295817352903604,7.344918376256667e-05,0.010964196534539613,0.5721046093696541,0.7,0.3,0.0
43-11-0.pt,43,11,0.10440974064702424,medium,0.13980564931595604,0.07116159848790399,2.5124967611188936e-05,0.009091664013120624,0.5883590061685806,0.7,0.3,0.0
43-12-0.pt,43,12,0.11118411871762475,medium,0.11593965110845013,0.09906520235345463,1.7604293597302577e-05,0.002139983986921264,0.6029505085853526,0.7,0.3,0.0
43-13-0.pt,43,13,0.10868515547516167,medium,0.100695935103022,0.08893238329511235,4.563984524977777e-06,0.0025916744891919426,0.6172024570948855,0.7,0.3,0.0
43-14-0.pt,43,14,0.10980383469392142,medium,0.102549210481883,0.06903799934687782,3.1421605364903793e-06,0.0060942554563644825,0.630221492987953,0.7,0.3,0.0
43-15-0.pt,43,15,0.13565566022284212,medium,0.10108113073943792,0.11506224511433503,2.399332345613559e-06,0.006785652192270524,0.6433411713485095,0.7,0.3,0.0
43-16-0.pt,43,16,0.14608340701101444,medium,0.08075445858065924,0.14833925431184825,1.27047360609828e-06,0.0033805788855088476,0.6552044766985943,0.7,0.3,0.0
43-17-0.pt,43,17,0.15115567989798975,medium,0.09590920534842362,0.13147625124430806,1.3889979740879123e-06,0.00218989377040171,0.666666602864965,0.7,0.3,0.0
43-18-0.pt,43,18,0.11822883041040551,medium,0.09180998771074701,0.041357950708664167,1.192230791446004e-06,0.0017130889659070908,0.677929909353491,0.7,0.3,0.0
43-19-0.pt,43,19,0.12746284221963328,medium,0.08736655676996251,0.054668941932826176,6.532229072308529e-07,0.0006803258704383431,0.688901026824066,0.7,0.3,0.0
43-2-0.pt,43,2,0.18797587717599548,hard,0.6069982616048232,0.029533396074107852,0.07058249946872924,0.018392423313866958,0.3597013678106901,0.7,0.3,0.0
43-20-0.pt,43,20,0.16400731869073149,medium,0.07985897248092892,0.1318588130263681,7.124555778055054e-07,0.005384489175171885,0.6995791970688177,0.7,0.3,0.0
43-21-0.pt,43,21,0.15384621094901532,medium,0.09998724124222405,0.0755321953310285,6.258046315523966e-07,0.0031813262690622407,0.7099827535952908,0.7,0.3,0.0
43-22-0.pt,43,22,0.17483071034778208,hard,0.10971330336033738,0.1039831703285621,9.347010589805837e-07,0.0028336997392792466,0.7198006801920257,0.7,0.3,0.0
43-23-0.pt,43,23,0.1607803748893774,medium,0.09619009424538942,0.07029442215917771,4.467663443324197e-07,0.002893734560292561,0.7296974547166161,0.7,0.3,0.0
43-24-0.pt,43,24,0.14841359003279514,medium,0.10623631087602636,0.019277597847172125,6.470121626285849e-07,0.0015249556565070951,0.7390398524483962,0.7,0.3,0.0
43-25-0.pt,43,25,0.19644648027800501,hard,0.10544721667201426,0.12413976154055323,6.41200214169454e-07,0.0014605805147950544,0.7483673705290784,0.7,0.3,0.0
43-26-0.pt,43,26,0.16200777634250665,medium,0.10149633920485153,0.033126220189606294,6.64375432230449e-07,0.0007300033182547377,0.7576214114071508,0.7,0.3,0.0
43-27-0.pt,43,27,0.20050273103022062,hard,0.10515922771868544,0.10744078449142544,7.580219633960576e-07,0.0037380261371320373,0.7668854572206043,0.7,0.3,0.0
43-28-0.pt,43,28,0.18410733472720084,hard,0.10838115908149303,0.05573915808289949,6.12312228488219e-07,0.0006254951689107552,0.7758453705230354,0.7,0.3,0.0
43-29-0.pt,43,29,0.213113705501479,hard,0.10417468084661727,0.1172170232110979,5.563905676557904e-07,0.0019298835941045096,0.7846733331873292,0.7,0.3,0.0
43-3-0.pt,43,3,0.146169620332319,medium,0.45351399554855476,0.08025397379856503,0.014919430349354213,0.014532437985420794,0.4057425104413388,0.7,0.3,0.0
43-30-0.pt,43,30,0.2302510466931023,hard,0.11356627176639161,0.13811716448847566,5.287985186233585e-07,0.0013504924315516803,0.7935833545525919,0.7,0.3,0.0
43-31-0.pt,43,31,0.20626442744248116,hard,0.10923358603081909,0.07349271524256364,2.5897377039083864e-07,0.0009898976168856446,0.8020411069378476,0.7,0.3,0.0
43-32-0.pt,43,32,0.21474585658689027,hard,0.11422715346719174,0.07818697074613169,5.964183596864234e-07,0.0008818854697768555,0.8103185158737087,0.7,0.3,0.0
43-33-0.pt,43,33,0.21829675019935524,hard,0.11374621265234786,0.07579230373323911,3.9535421834648725e-07,0.0015645951214019367,0.8184662737294951,0.7,0.3,0.0
43-34-0.pt,43,34,0.21725040604333506,hard,0.12038527030914681,0.055206971436427076,3.701159428201937e-07,0.0017584563726174036,0.8269323530888029,0.7,0.3,0.0
43-35-0.pt,43,35,0.24842911084911073,hard,0.14174757476700003,0.09965023904893795,5.448999496286592e-07,0.00047171518862629925,0.8352467664418235,0.7,0.3,0.0
43-36-0.pt,43,36,0.2476579278150551,hard,0.14952370925164327,0.07878348604511558,4.503195160014426e-07,0.0009449653933184531,0.8433593703263487,0.7,0.3,0.0
43-37-0.pt,43,37,0.2542054389722194,hard,0.15726275109288376,0.07674088633761436,7.009944854070772e-07,0.0006341306317944993,0.8512662531288956,0.7,0.3,0.0
43-38-0.pt,43,38,0.2551525582790178,hard,0.1570972826091537,0.069263342321817,6.8794011370503e-07,0.00026702159431916744,0.8590434153557925,0.7,0.3,0.0
43-39-0.pt,43,39,0.3315916075502654,hard,0.14901773948820307,0.25177801502682895,3.386999174163329e-07,0.0014662014726095672,0.8662526783624783,0.7,0.3,0.0
43-4-0.pt,43,4,0.11782566897480906,medium,0.34385865314561004,0.08941192215351601,0.006746351860733258,0.007313912640525053,0.4413812654299399,0.7,0.3,0.0
43-40-0.pt,43,40,0.29337620659115204,hard,0.14665080869468264,0.15292928710729964,3.949145964016197e-07,0.0007833126611938255,0.8732831968827633,0.7,0.3,0.0
43-41-0.pt,43,41,0.3246922555223876,hard,0.17135120114179891,0.19310289591257557,8.642481319335244e-07,0.0016461648856757939,0.8809292457663215,0.7,0.3,0.0
43-42-0.pt,43,42,0.31547524195782567,hard,0.19118027222762352,0.1418355590520594,8.781823621264647e-07,0.0005409830840366597,0.8886377384783829,0.7,0.3,0.0
43-43-0.pt,43,43,0.288997256836294,hard,0.18517127508570816,0.07476955910228224,7.371025300632258e-07,0.00012590265271136017,0.8956890495997395,0.7,0.3,0.0
43-44-0.pt,43,44,0.3019337379922132,hard,0.19958017145745463,0.08174245601568766,9.967627870484701e-07,0.00029615587851021465,0.9030765967728944,0.7,0.3,0.0
43-45-0.pt,43,45,0.35876398738373266,hard,0.22113583990685243,0.1865158957828852,1.7606991366524601e-06,0.002639359801877584,0.9098747914797003,0.7,0.3,0.0
43-46-0.pt,43,46,0.3114813180421909,hard,0.23100191515764645,0.05528907750099012,1.966383725177523e-06,0.0008332919287974001,0.9163778831979669,0.7,0.3,0.0
43-47-0.pt,43,47,0.3423409786760554,hard,0.25816529538569755,0.09401648794547604,2.5758018014618515e-06,0.0004209167734332922,0.9233843982853743,0.7,0.3,0.0
43-48-0.pt,43,48,0.33921829292251393,hard,0.2667652482705938,0.06777824337523765,3.5102040219339664e-06,0.0007669440848208016,0.9307248959428034,0.7,0.3,0.0
43-49-0.pt,43,49,0.3694379607560206,hard,0.29955780053525216,0.09866064418770652,4.6763430969241105e-06,0.0012304116858681269,0.9375721273196639,0.7,0.3,0.0
43-5-0.pt,43,5,0.090011878818157,medium,0.2586906399484528,0.0760583623420615,0.002287010648996718,0.004458427564364494,0.4704024802255922,0.7,0.3,0.0
43-50-0.pt,43,50,0.38499343850844214,hard,0.336389781331941,0.08966417467389372,5.9019572387760385e-06,0.001605449562894156,0.9447223011569337,0.7,0.3,0.0
43-6-0.pt,43,6,0.13960511363393424,medium,0.2365564035818136,0.18158202212291538,0.0012569287519068565,0.009185868814796123,0.4953543029539138,0.7,0.3,0.0
43-7-0.pt,43,7,0.13275685471280838,medium,0.22094214883561245,0.14386325563452557,0.0004955038627440201,0.016951928373754168,0.5177977023041295,0.7,0.3,0.0
43-8-0.pt,43,8,0.09502674514051704,medium,0.19518180986509448,0.06653891421650204,0.00029775643987892244,0.0031018056996562535,0.537213006989144,0.7,0.3,0.0
43-9-0.pt,43,9,0.1207707092198709,medium,0.16615186949914545,0.12780323634459897,0.00011596764218037814,0.008744613090782975,0.5558346814670037,0.7,0.3,0.0
44-10-0.pt,44,10,0.11880216774324477,medium,0.16123271837250217,0.10181203972847604,7.457944454186382e-05,0.007853717806554906,0.5762676280510606,0.7,0.3,0.0
44-11-0.pt,44,11,0.1524243983374557,medium,0.13662303066600012,0.18415171618017231,2.5687311685961305e-05,0.01010564471494883,0.5925110071912671,0.7,0.3,0.0
44-12-0.pt,44,12,0.09679471691927546,medium,0.13095138524214828,0.042833605544158215,1.761353154144362e-05,0.0032550133869474166,0.6069083617679124,0.7,0.3,0.0
44-13-0.pt,44,13,0.12431258979512404,medium,0.11899684155334316,0.10399199585818684,4.915080667330427e-06,0.0015420364757416885,0.6213902529505784,0.7,0.3,0.0
44-14-0.pt,44,14,0.1118433568841297,medium,0.11366429481108739,0.05722935076365546,3.3558737334764465e-06,0.005548464001109322,0.6348858341762212,0.7,0.3,0.0
44-15-0.pt,44,15,0.1365769835428467,medium,0.11415408110468699,0.10168915760113931,2.227786310712645e-06,0.003511472209089671,0.6477234928069553,0.7,0.3,0.0
44-16-0.pt,44,16,0.1674447125131693,hard,0.1041753004154959,0.1700396723576403,2.2322162207687395e-06,0.004455480439171894,0.6593963149154926,0.7,0.3,0.0
44-17-0.pt,44,17,0.16224373893812954,medium,0.09798865714325367,0.1494728796849682,1.419453901363112e-06,0.0027537733334453353,0.6713629731718065,0.7,0.3,0.0
44-18-0.pt,44,18,0.15618410821021916,medium,0.0969614735876371,0.11952122958163122,1.1066452077587356e-06,0.00386863744985886,0.6828225255685945,0.7,0.3,0.0
44-19-0.pt,44,19,0.16370151639127672,medium,0.08909133062160557,0.1338915962368724,9.953624613279984e-07,0.000974630702106708,0.6938460188135666,0.7,0.3,0.0
44-2-0.pt,44,2,0.21506700366313952,hard,0.6011536644856901,0.10298815208100824,0.07072627846830294,0.01205115377635422,0.36288632519331604,0.7,0.3,0.0
44-20-0.pt,44,20,0.17468799441876348,hard,0.10536227592676883,0.12670641627220883,8.580448082636307e-07,0.004045058779385978,0.7047596568092094,0.7,0.3,0.0
44-21-0.pt,44,21,0.16092239716715903,medium,0.10299889433395121,0.08386481024329775,8.328137562060534e-07,0.002648179900223676,0.714761568877009,0.7,0.3,0.0
44-22-0.pt,44,22,0.1992311920941867,hard,0.11796974144404207,0.14758397679726062,1.1175848685636679e-06,0.0028153146698364317,0.7252913822408034,0.7,0.3,0.0
44-23-0.pt,44,23,0.17338021522386612,hard,0.10730343533902105,0.08251756699480943,7.873528854767398e-07,0.0029529551333697447,0.7350779661247265,0.7,0.3,0.0
44-24-0.pt,44,24,0.2176241492848734,hard,0.11144912136956318,0.1732367052420702,8.297794843079776e-07,0.0032169861399116194,0.744179385317393,0.7,0.3,0.0
44-25-0.pt,44,25,0.18224260096531783,hard,0.10930532710961749,0.07940788440283865,6.000881153065807e-07,0.0006330020845727434,0.7538693984097734,0.7,0.3,0.0
44-26-0.pt,44,26,0.19027580319541007,hard,0.10854460472749906,0.0865274111852468,7.267035099218466e-07,0.0015683127214298047,0.7630524746878709,0.7,0.3,0.0
44-27-0.pt,44,27,0.19039313131572835,hard,0.1098909958649122,0.0726302572523221,8.777720378898656e-07,0.001479739439736693,0.7728060580885132,0.7,0.3,0.0
44-28-0.pt,44,28,0.1932237070646786,hard,0.11311859040487533,0.06547508369063917,6.621612605698551e-07,0.0006754211612303036,0.7815530077171858,0.7,0.3,0.0
44-29-0.pt,44,29,0.21782054875870585,hard,0.10749227082546435,0.11721702321109803,7.339949905858832e-07,0.002321399684155078,0.7904800190023498,0.7,0.3,0.0
44-3-0.pt,44,3,0.1617675288393388,medium,0.4668783655472189,0.09643114870382725,0.014929878620111088,0.01863093776691262,0.40886555215187176,0.7,0.3,0.0
44-30-0.pt,44,30,0.22088438328763735,hard,0.11099086916206483,0.11016808835114687,4.330292628960661e-07,0.00119681598053537,0.7996105299112061,0.7,0.3,0.0
44-31-0.pt,44,31,0.2036952045597037,hard,0.1060926060762489,0.06282700606447177,4.3235675084765033e-07,0.00046970039851979223,0.8081561175108722,0.7,0.3,0.0
44-32-0.pt,44,32,0.2592532447278228,hard,0.11907722808987571,0.17212079671255476,7.059774226484635e-07,0.0021289448028476016,0.816201872611453,0.7,0.3,0.0
44-33-0.pt,44,33,0.22743047106365735,hard,0.12273952144678815,0.0802577142462893,4.636732662000476e-07,0.0014530474703499474,0.8250932533461223,0.7,0.3,0.0
44-34-0.pt,44,34,0.27075551085364535,hard,0.13089604193512475,0.16460763135263834,6.54997471191323e-07,0.002606770780389427,0.8336228754834313,0.7,0.3,0.0
44-35-0.pt,44,35,0.23706559471164626,hard,0.1469693686186858,0.05761191533006003,6.069404737973373e-07,0.0012670814619313985,0.8416551860282928,0.7,0.3,0.0
44-36-0.pt,44,36,0.24433079002007446,hard,0.15710680587423015,0.05484910510105656,5.912156492070112e-07,0.0002889338162593317,0.8501115829214168,0.7,0.3,0.0
44-37-0.pt,44,37,0.25681575926629824,hard,0.1633493295071486,0.06835116984599283,7.462161189585903e-07,0.00040361712776912394,0.8579512211129098,0.7,0.3,0.0
44-38-0.pt,44,38,0.26600888225765534,hard,0.1586220173315843,0.08470855036810263,9.828920277570047e-07,0.0006166818999804838,0.8658218158766087,0.7,0.3,0.0
44-39-0.pt,44,39,0.2748586175988223,hard,0.14890045549304975,0.10666056344798175,3.0162434653074705e-07,0.0007548662506066885,0.8726686335684433,0.7,0.3,0.0
44-4-0.pt,44,4,0.1248685183838394,medium,0.35601368774661074,0.08941192215351601,0.006753006106933606,0.007826805970601352,0.44469289020841585,0.7,0.3,0.0
44-40-0.pt,44,40,0.3268014558377926,hard,0.16429835684456143,0.20492693459212014,5.700641880547097e-07,0.0025826934569425346,0.8804782671005354,0.7,0.3,0.0
44-41-0.pt,44,41,0.33171265578704734,hard,0.19507582200206147,0.17696613761837582,8.314472384278122e-07,0.0011418377944100281,0.8884195280244502,0.7,0.3,0.0
44-42-0.pt,44,42,0.3039754727096152,hard,0.1903578739791436,0.10602454119555965,9.85219451484708e-07,0.0003204245096300801,0.8954255339661533,0.7,0.3,0.0
44-43-0.pt,44,43,0.28396709704952927,hard,0.1980045793312366,0.03997248005734706,6.747177569531745e-07,0.00030056580933238847,0.9029364706219917,0.7,0.3,0.0
44-44-0.pt,44,44,0.3528498884302737,hard,0.20918871140578313,0.18560667760219754,1.4613016726035375e-06,0.0008253965845679877,0.9101334574551945,0.7,0.3,0.0
44-45-0.pt,44,45,0.3301383256005275,hard,0.22486188282722705,0.10531197048190365,1.6879965559039356e-06,0.001114611536340718,0.9171596014274321,0.7,0.3,0.0
44-46-0.pt,44,46,0.3247398463741166,hard,0.2422265815124149,0.06598539008405971,2.2019283774954698e-06,0.0008534164651704544,0.9240606616747499,0.7,0.3,0.0
44-47-0.pt,44,47,0.3470711850227691,hard,0.2574345174346119,0.09583420593003816,3.3377529662167882e-06,0.0004944499873595829,0.9311568673228195,0.7,0.3,0.0
44-48-0.pt,44,48,0.3442600352327335,hard,0.28083601901700594,0.056232975811686056,4.713394820603514e-06,0.0003443493564140806,0.9383553798956105,0.7,0.3,0.0
44-49-0.pt,44,49,0.39717152918475024,hard,0.3137369326173543,0.140768507891955,5.625738162308663e-06,0.0010929208161719382,0.9459032510578254,0.7,0.3,0.0
44-5-0.pt,44,5,0.08423354471864201,easy,0.27618775796968986,0.03757439669471755,0.0022854516421366715,0.0068704521572570225,0.4738571516244781,0.7,0.3,0.0
44-50-0.pt,44,50,0.3990364071553604,hard,0.35998346021978855,0.09014468048092797,6.226509227740319e-06,0.0009815294441932745,0.9527003156645927,0.7,0.3,0.0
44-6-0.pt,44,6,0.11921442212473297,medium,0.24720923764339447,0.11877799581338597,0.0012568997121743628,0.007309423773588885,0.49884704407901087,0.7,0.3,0.0
44-7-0.pt,44,7,0.10626708478223916,medium,0.22051577365613473,0.0819520123469437,0.0004931103510983223,0.01054204827494458,0.5212498423817894,0.7,0.3,0.0
44-8-0.pt,44,8,0.13247917440858462,medium,0.20450034271268616,0.14078665377250724,0.0002977888171576486,0.005361417168606486,0.5409177514661424,0.7,0.3,0.0
44-9-0.pt,44,9,0.11446108406630703,medium,0.16745563533226113,0.1034838044054518,0.00011580989213603214,0.011485962992006252,0.5595995067924912,0.7,0.3,0.0
45-10-0.pt,45,10,0.12899645273265273,medium,0.17988203466633304,0.10196469841202305,7.505744802998454e-05,0.008590100934744134,0.5801608541033773,0.7,0.3,0.0
45-11-0.pt,45,11,0.1275857525744279,medium,0.16470257573466995,0.097557503898384,2.5630441940834443e-05,0.003283441788193451,0.5964062854911247,0.7,0.3,0.0
45-12-0.pt,45,12,0.13052352831312025,medium,0.1556432108006434,0.09470714294935169,1.7962506543261646e-05,0.0030038283168596185,0.610983154847274,0.7,0.3,0.0
45-13-0.pt,45,13,0.13625740809763762,medium,0.14002739256380078,0.1039919958581871,5.174362802435399e-06,0.003978479578463695,0.6255193579030836,0.7,0.3,0.0
45-14-0.pt,45,14,0.1469122965316255,medium,0.14980526021754212,0.09986194135728785,4.140106221917775e-06,0.005921595944960538,0.6392728825002084,0.7,0.3,0.0
45-15-0.pt,45,15,0.13299486777011665,medium,0.13066786400504907,0.07140047847062791,2.2259898600126657e-06,0.002921420902821483,0.6520153517904989,0.7,0.3,0.0
45-16-0.pt,45,16,0.1558941458092215,medium,0.11824053717055194,0.1223381023170573,1.7354601413834462e-06,0.003882694956074515,0.6640955583148028,0.7,0.3,0.0
45-17-0.pt,45,17,0.14087661577982982,medium,0.12141061219710415,0.06749334854603448,1.6515267461693094e-06,0.0032127299236623667,0.6761426300513609,0.7,0.3,0.0
45-18-0.pt,45,18,0.14339625435303668,medium,0.11563508713881811,0.06645103240467393,1.1109796496223005e-06,0.0014193130939499584,0.6872491307689144,0.7,0.3,0.0
45-19-0.pt,45,19,0.1686370959603328,hard,0.10695158171603357,0.12079334645818184,1.0397316998902605e-06,0.0018119046788198446,0.6986444846595887,0.7,0.3,0.0
45-2-0.pt,45,2,0.20524701832081527,hard,0.6055168567689526,0.07280913461158864,0.0708654735390651,0.00991575291135611,0.36592143461556936,0.7,0.3,0.0
45-20-0.pt,45,20,0.17225474477428468,hard,0.11231754022656013,0.10844905634542168,1.0338754416609736e-06,0.0031633406887484573,0.709505862231656,0.7,0.3,0.0
45-21-0.pt,45,21,0.18431966563526633,hard,0.12732392319949565,0.11005497427279354,9.271205463378851e-07,0.0023521107091963515,0.7196404753205571,0.7,0.3,0.0
45-22-0.pt,45,22,0.1784301103910278,hard,0.12140760432586847,0.08786981306203788,6.646905395946889e-07,0.0023250418187799435,0.7301012036649113,0.7,0.3,0.0
45-23-0.pt,45,23,0.2030421340457354,hard,0.1239194066806012,0.13210033573276428,8.121748308272991e-07,0.0021009331546366907,0.7399943234931197,0.7,0.3,0.0
45-24-0.pt,45,24,0.18181994311661162,hard,0.12422852118928673,0.06715017548818576,5.713316536133743e-07,0.002471473272436418,0.7496973876939187,0.7,0.3,0.0
45-25-0.pt,45,25,0.19198772554602161,hard,0.12849921795352073,0.07622332430195908,1.3112214039252917e-06,0.0011509949791387434,0.7592136781567221,0.7,0.3,0.0
45-26-0.pt,45,26,0.2081696710677972,hard,0.12759404750296613,0.10159954276509012,6.531476338967215e-07,0.003090163924389586,0.7688694778505082,0.7,0.3,0.0
45-27-0.pt,45,27,0.2553664451156867,hard,0.1413415810619588,0.189389719535321,1.0010389206237845e-06,0.003760293355038711,0.7780270869134335,0.7,0.3,0.0
45-28-0.pt,45,28,0.19737252407206043,hard,0.1329700014545263,0.046726959248321154,5.216838523331616e-07,0.001750042173123587,0.7874952459609027,0.7,0.3,0.0
45-29-0.pt,45,29,0.26115052035654723,hard,0.13909976253923345,0.18103715484623895,1.0180308001603437e-06,0.0036944841517529783,0.7966483524161763,0.7,0.3,0.0
45-3-0.pt,45,3,0.1466788474337482,medium,0.4901694192321471,0.03080519840191055,0.014942416704961292,0.020164631795096494,0.4120609262992984,0.7,0.3,0.0
45-30-0.pt,45,30,0.21542106014595164,hard,0.12238688593306682,0.07837880767800606,6.346019200477473e-07,0.0005548555188657805,0.8054967659904486,0.7,0.3,0.0
45-31-0.pt,45,31,0.28811908995463553,hard,0.13626960656620998,0.22636390375461288,1.038570092728306e-06,0.0038852728848864167,0.8137415712655822,0.7,0.3,0.0
45-32-0.pt,45,32,0.2370659491775837,hard,0.14344821097483082,0.08505060483664954,6.565496429098231e-07,0.002380398354148276,0.8227644931755244,0.7,0.3,0.0
45-33-0.pt,45,33,0.24139407227140947,hard,0.14537940488198217,0.08156738474050775,4.346974330681314e-07,0.0029194054714375764,0.8314429013726463,0.7,0.3,0.0
45-34-0.pt,45,34,0.25919299977965204,hard,0.15732165970543352,0.1025967699999378,6.336978300992582e-07,0.0013483162320468026,0.8402882925191202,0.7,0.3,0.0
45-35-0.pt,45,35,0.2649541429253658,hard,0.17516170771792935,0.08885240273965261,8.799524653871575e-07,0.0003069950938790372,0.8485167967250887,0.7,0.3,0.0
45-36-0.pt,45,36,0.26360506220398555,hard,0.1702267238604415,0.07972836258171173,7.840557687661832e-07,0.00034112948347669517,0.8566350386105883,0.7,0.3,0.0
45-37-0.pt,45,37,0.27793772307401127,hard,0.1826469117438172,0.09099281615607577,1.0732593577924849e-06,0.0008087519129055663,0.8646129498376102,0.7,0.3,0.0
45-38-0.pt,45,38,0.2544272407919186,hard,0.16966284027787099,0.03691736394422899,5.501120969808815e-07,0.001098691842707018,0.8720183402123379,0.7,0.3,0.0
45-39-0.pt,45,39,0.26944003898193514,hard,0.16544277718889552,0.0673705806755217,7.118837567666771e-07,0.0011320432262250468,0.8796442729955403,0.7,0.3,0.0
45-4-0.pt,45,4,0.11375707329912298,medium,0.34970386086221206,0.06323618603897456,0.0067590158905345655,0.009178221608292384,0.44786938352295536,0.7,0.3,0.0
45-40-0.pt,45,40,0.2949104577864084,hard,0.20037893993767256,0.08353434850277829,6.456544856943018e-07,0.0009723664461106752,0.8877696704624486,0.7,0.3,0.0
45-41-0.pt,45,41,0.2868513317987827,hard,0.2022946153836715,0.05293535848004656,8.958454728842038e-07,0.0003910114081802671,0.8951205455778138,0.7,0.3,0.0
45-42-0.pt,45,42,0.31668991316953127,hard,0.20879132058774583,0.1088478712795768,1.07603737373856e-06,0.00037115270788257593,0.9025917821255156,0.7,0.3,0.0
45-43-0.pt,45,43,0.3964810918493941,hard,0.22506098705831062,0.274849567726157,1.5925648119667119e-06,0.0017169968022782136,0.9099046850585596,0.7,0.3,0.0
45-44-0.pt,45,44,0.30611536018306723,hard,0.2237077430241161,0.048715487599853544,1.658191978150252e-06,0.0006211143583471601,0.9171932317036486,0.7,0.3,0.0
45-45-0.pt,45,45,0.3460327787251784,hard,0.24774836442506712,0.1110442722394389,2.0862544941344395e-06,0.0011209016168705844,0.9246173441945785,0.7,0.3,0.0
45-46-0.pt,45,46,0.33687994582612946,hard,0.2558266964755486,0.07143947242149347,3.344035518528669e-06,0.0012388759535830048,0.9315856747990181,0.7,0.3,0.0
45-47-0.pt,45,47,0.3565432245264319,hard,0.2783625462001913,0.08757750348689093,4.67772959288129e-06,0.0007962800005779462,0.9386837581834335,0.7,0.3,0.0
45-48-0.pt,45,48,0.3477579244912938,hard,0.30111640703017145,0.03288636550211814,5.771535221185001e-06,0.0009278420521481348,0.946624014178367,0.7,0.3,0.0
45-49-0.pt,45,49,0.3764693768036667,hard,0.34632891002025334,0.04733789207809,5.654295216819383e-06,0.0013114204474769773,0.9538019609318519,0.7,0.3,0.0
45-5-0.pt,45,5,0.20633758556203757,hard,0.3213621803026308,0.2720432003310717,0.0022859505233749407,0.018378208590339624,0.4773784266884286,0.7,0.3,0.0
45-50-0.pt,45,50,0.4413134448788882,hard,0.412479805504428,0.12840276072892207,8.511315448575505e-06,0.0015781231993443599,0.9610549109008456,0.7,0.3,0.0
45-6-0.pt,45,6,0.17518246077401117,hard,0.2617484551578112,0.22962931708806758,0.0012592226690529037,0.01264127742463459,0.5025203270318496,0.7,0.3,0.0
45-7-0.pt,45,7,0.13933941011600065,medium,0.24015889677769137,0.14152252087147701,0.0004919504017844027,0.0068078190070156265,0.5247554543147789,0.7,0.3,0.0
45-8-0.pt,45,8,0.1027775416242959,medium,0.21461587321707398,0.05128916934834723,0.0002985505539078662,0.00781830153157802,0.5446666093347187,0.7,0.3,0.0
45-9-0.pt,45,9,0.12127065379145904,medium,0.204031613387406,0.07919244969836975,0.00011392416487527492,0.0111859718592363,0.5630067375248662,0.7,0.3,0.0
46-10-0.pt,46,10,0.13424632217367383,medium,0.18671646804800726,0.10181203972847604,7.488259315305663e-05,0.009812560864408845,0.5837945433019907,0.7,0.3,0.0
46-11-0.pt,46,11,0.11907288871121552,medium,0.17488908195740802,0.06338685968218424,2.5557070085396423e-05,0.0015814370536014189,0.6002269854774253,0.7,0.3,0.0
46-12-0.pt,46,12,0.15282194422394788,medium,0.15836975982225482,0.13732659860467042,1.826174276109241e-05,0.006264985184567801,0.6150693069994054,0.7,0.3,0.0
46-13-0.pt,46,13,0.1369508605403043,medium,0.1389507344210384,0.09968727916397135,4.814406295604872e-06,0.005811595013286471,0.6294655080337815,0.7,0.3,0.0
46-14-0.pt,46,14,0.117262993973934,medium,0.13811270728114936,0.035252466249812764,3.7316427117194046e-06,0.005080782629869797,0.6432826629104678,0.7,0.3,0.0
46-15-0.pt,46,15,0.1352586803068075,medium,0.13310860272961372,0.06879877932444504,2.2878403211086824e-06,0.003352746093425614,0.6559504905089275,0.7,0.3,0.0
46-16-0.pt,46,16,0.15721655908052873,medium,0.13098132188660752,0.10720849036386912,1.8879225770113968e-06,0.003874808932510169,0.6683222401663322,0.7,0.3,0.0
46-17-0.pt,46,17,0.14544475353242667,medium,0.13085377812165766,0.06412590610050156,1.498755286273798e-06,0.0025270640358727604,0.6804273019646873,0.7,0.3,0.0
46-18-0.pt,46,18,0.16522013985218886,hard,0.12444257885287766,0.10453245122426816,1.406608068468645e-06,0.001244561815464119,0.6918963256713492,0.7,0.3,0.0
46-19-0.pt,46,19,0.16287789635070857,medium,0.1256473874698929,0.08064502951720592,1.0053570831384713e-06,0.0028175893056925807,0.7035458316675316,0.7,0.3,0.0
46-2-0.pt,46,2,0.2073477906694831,hard,0.6214742369514408,0.05837239423842392,0.07100029997605133,0.009441453842098378,0.36887110996692857,0.7,0.3,0.0
46-20-0.pt,46,20,0.15914728914457485,medium,0.1315081246993685,0.051796940088023505,1.139665523679788e-06,0.0024992553027311545,0.7143138428285702,0.7,0.3,0.0
46-21-0.pt,46,21,0.2059735889921107,hard,0.15493157541492317,0.12698411246095004,9.749205289477497e-07,0.0032562710689260314,0.7249380094399549,0.7,0.3,0.0
46-22-0.pt,46,22,0.19377550985088018,hard,0.13961340583811524,0.09894080537157351,1.0592450728243634e-06,0.0034454866539203074,0.735217549938176,0.7,0.3,0.0
46-23-0.pt,46,23,0.21442038415651898,hard,0.1386265628841536,0.13773864944283581,1.120284625800529e-06,0.002858535266251931,0.7448715594646357,0.7,0.3,0.0
46-24-0.pt,46,24,0.19526585721028974,hard,0.13041501157822716,0.08623588703780058,9.410306554177632e-07,0.002613386807789327,0.7551015331307833,0.7,0.3,0.0
46-25-0.pt,46,25,0.2070300108201143,hard,0.13301789302454062,0.10015945580730472,9.151961546392772e-07,0.0020453386677147167,0.7645674105086487,0.7,0.3,0.0
46-26-0.pt,46,26,0.20237214297227835,hard,0.13655401459721045,0.0709250750815058,9.251379087900804e-07,0.0033236016670837205,0.774481072164708,0.7,0.3,0.0
46-27-0.pt,46,27,0.22719961214093776,hard,0.14044575225217232,0.11710790367457767,8.374865225816801e-07,0.0008901413556267843,0.7839208295138156,0.7,0.3,0.0
46-28-0.pt,46,28,0.20676507493075014,hard,0.1397462337973862,0.055229777337931926,6.239102166409693e-07,0.0015676963403766214,0.793275044955152,0.7,0.3,0.0
46-29-0.pt,46,29,0.21411227934105012,hard,0.1324108344408393,0.06880656042903217,4.852232457281918e-07,0.0010553660430820816,0.8023852032855433,0.7,0.3,0.0
46-3-0.pt,46,3,0.19821029890991798,hard,0.5079980569590462,0.14524119790290083,0.014956726329619533,0.00854181269421095,0.4152211685895622,0.7,0.3,0.0
46-30-0.pt,46,30,0.251547054279763,hard,0.1481876705922148,0.13059225807855118,7.423975059229692e-07,0.0020593256725644285,0.8115363116486785,0.7,0.3,0.0
46-31-0.pt,46,31,0.24482639501977016,hard,0.1417089631663399,0.11025709361525678,4.685722037604913e-07,0.0011943990804048174,0.8201379923864789,0.7,0.3,0.0
46-32-0.pt,46,32,0.249243940402507,hard,0.15192025101163245,0.09832508206559999,7.915943063297944e-07,0.002297910982373087,0.828680768247859,0.7,0.3,0.0
46-33-0.pt,46,33,0.252225228175854,hard,0.16795735887850535,0.0782178158919415,5.93299071288581e-07,0.0011662165152290104,0.8380579572279027,0.7,0.3,0.0
46-34-0.pt,46,34,0.25944346483492814,hard,0.1744399913772666,0.0782178158919415,1.1828672559543578e-06,0.0009206097504494047,0.8465483794222025,0.7,0.3,0.0
46-35-0.pt,46,35,0.2665689939930321,hard,0.18712809709490347,0.07217306601204788,8.344173491223003e-07,0.0004668235199002029,0.8549058159960146,0.7,0.3,0.0
46-36-0.pt,46,36,0.28248364395007763,hard,0.1996775043193195,0.08726682962108144,9.715499846871157e-07,0.0003504297259664444,0.8632295916396809,0.7,0.3,0.0
46-37-0.pt,46,37,0.26708542204211366,hard,0.1685189946074325,0.07112387213249707,8.280807559369944e-07,0.0005737414982179978,0.8706059091635417,0.7,0.3,0.0
46-38-0.pt,46,38,0.2893980695201921,hard,0.17399210637658125,0.1091446105391691,6.705334948787297e-07,0.00039814615587319575,0.8787100757490148,0.7,0.3,0.0
46-39-0.pt,46,39,0.29263011203309347,hard,0.2038840525276838,0.07614497846499728,6.630126676675575e-07,0.0005781233681792924,0.8868292656807597,0.7,0.3,0.0
46-4-0.pt,46,4,0.13126765776249735,medium,0.3871560570045561,0.062378422259953305,0.006767140286955272,0.010625330711807589,0.45116948242343113,0.7,0.3,0.0
46-40-0.pt,46,40,0.28894422708679507,hard,0.2017509466646237,0.058297250643653244,1.1473413366343915e-06,0.0015360459717443497,0.894446484749917,0.7,0.3,0.0
46-41-0.pt,46,41,0.4089776264663799,hard,0.2075558411611842,0.3308436934527188,1.0207987475146162e-06,0.003817366810690018,0.9021205960229107,0.7,0.3,0.0
46-42-0.pt,46,42,0.3999917509039412,hard,0.23603151741495204,0.2707398758062615,1.496645321944347e-06,0.003917022766658261,0.9094853479688049,0.7,0.3,0.0
46-43-0.pt,46,43,0.3439123453274394,hard,0.23668997954012436,0.12831716648437413,1.5217936536296927e-06,6.572455794613687e-05,0.9168468387163216,0.7,0.3,0.0
46-44-0.pt,46,44,0.31716557197950657,hard,0.23984956161465326,0.049869528122743194,2.134259876662749e-06,0.00046914695405877137,0.9244586199433138,0.7,0.3,0.0
46-45-0.pt,46,45,0.34086252419928587,hard,0.2552191450071407,0.08121136263967277,3.058232891826634e-06,0.001210836254134825,0.9319724229755096,0.7,0.3,0.0
46-46-0.pt,46,46,0.35406541598604807,hard,0.27366737862795526,0.08532329442541552,4.5800083622292484e-06,0.0013998499963867818,0.9389426313072291,0.7,0.3,0.0
46-47-0.pt,46,47,0.39359959245505144,hard,0.3013067437998105,0.14386976478695054,5.360553844773878e-06,0.0005070232030895439,0.9468553236952577,0.7,0.3,0.0
46-48-0.pt,46,48,0.36927314566737424,hard,0.3325532529819244,0.04366003230520926,5.540575343320727e-06,0.0005516406841360711,0.954390156632628,0.7,0.3,0.0
46-49-0.pt,46,49,0.43894622053594906,hard,0.39631675026313684,0.13812902106672273,8.431628990123567e-06,0.0009935099187551861,0.9620258570670148,0.7,0.3,0.0
46-5-0.pt,46,5,0.14224984891215528,medium,0.31319113844597324,0.12808730625140455,0.0022828777362232868,0.011175730631879462,0.4804496807853398,0.7,0.3,0.0
46-50-0.pt,46,50,0.4473363460936125,hard,0.4438067374439715,0.10170232055472019,1.00468740285159e-05,0.0009073571602067646,0.9690807700006452,0.7,0.3,0.0
46-6-0.pt,46,6,0.11625040869150896,medium,0.2939647225255165,0.05434175052152106,0.001261784680924814,0.008139359941411514,0.5061415182001356,0.7,0.3,0.0
46-7-0.pt,46,7,0.0947823873525706,medium,0.2483657000957774,0.02253945572060476,0.0004904062731503466,0.005181862984225769,0.5281192729113959,0.7,0.3,0.0
46-8-0.pt,46,8,0.1388095926704578,medium,0.22082750811949534,0.1250391936666739,0.00029922949392722516,0.01029348342115412,0.5483315770428967,0.7,0.3,0.0
46-9-0.pt,46,9,0.14324762379485215,medium,0.2312142926685054,0.10568392555898624,0.000113497776944854,0.006032338666783187,0.5665710829045031,0.7,0.3,0.0
47-10-0.pt,47,10,0.16019598607658547,medium,0.20938163814745117,0.13877380724679875,7.709347677185597e-05,0.007526932394882469,0.5879634810037179,0.7,0.3,0.0
47-11-0.pt,47,11,0.1262467087365426,medium,0.18555185977632416,0.06338685968218424,2.564352305323132e-05,0.0032595035182702283,0.6040298952871661,0.7,0.3,0.0
47-12-0.pt,47,12,0.1365209616553897,medium,0.17573054908688596,0.07540868803183388,1.9241181440270758e-05,0.005775382405342439,0.6192609737587457,0.7,0.3,0.0
47-13-0.pt,47,13,0.1147685715264939,medium,0.1627691998600379,0.01719165238222154,5.6173218365154284e-06,0.005265408851476716,0.6336031115377933,0.7,0.3,0.0
47-14-0.pt,47,14,0.16194620230746085,medium,0.1534465622307828,0.12325050860676753,4.096764389646979e-06,0.0044789104108515256,0.6474502618962588,0.7,0.3,0.0
47-15-0.pt,47,15,0.18014332174494854,hard,0.15967002503884298,0.14360883166975957,3.69496991707023e-06,0.005482830511699632,0.6599033177319853,0.7,0.3,0.0
47-16-0.pt,47,16,0.15024346322862922,medium,0.14333417229867926,0.07253460987141302,1.919096840184957e-06,0.003349329441607881,0.6728150974657618,0.7,0.3,0.0
47-17-0.pt,47,17,0.16909822478173606,hard,0.14290170109761968,0.10154671179239527,1.699974442800699e-06,0.004377285541677909,0.684944516021573,0.7,0.3,0.0
47-18-0.pt,47,18,0.15611008461785478,medium,0.13479850591342118,0.06451491651269443,1.2256523568212344e-06,0.002662241361040555,0.6965555948809817,0.7,0.3,0.0
47-19-0.pt,47,19,0.16858929615462176,hard,0.14363537785571717,0.07067708275602817,1.2096260881989301e-06,0.0025917801479399963,0.7081061326730335,0.7,0.3,0.0
47-2-0.pt,47,2,0.22548296740726848,hard,0.6372112262020005,0.07367371630942449,0.07113074888254944,0.018459133303531116,0.3717005678227338,0.7,0.3,0.0
47-20-0.pt,47,20,0.1764271719165184,hard,0.14749605134096477,0.07147869755201863,1.128335557727063e-06,0.0025292096820275327,0.718965741773416,0.7,0.3,0.0
47-21-0.pt,47,21,0.18608650632046692,hard,0.15771287166400919,0.06971967137002986,1.2523150764054132e-06,0.0033782838805440506,0.7296030310316287,0.7,0.3,0.0
47-22-0.pt,47,22,0.19210051406660889,hard,0.15507067259479507,0.07374739663716633,1.4242039364424057e-06,0.002877771118926838,0.7399311887867641,0.7,0.3,0.0
47-23-0.pt,47,23,0.20036434428325858,hard,0.1467527899597561,0.08912057127374369,7.350209969850239e-07,0.0022574609254404007,0.750184974938728,0.7,0.3,0.0
47-24-0.pt,47,24,0.20887074863509253,hard,0.14996206192733588,0.09401405066018721,1.0739881959837263e-06,0.0017772221607447064,0.7599852620528491,0.7,0.3,0.0
47-25-0.pt,47,25,0.2398590489967146,hard,0.15861064606015443,0.14550434665710651,1.1236745976704494e-06,0.003420197435866336,0.7700172800352245,0.7,0.3,0.0
47-26-0.pt,47,26,0.256172542106656,hard,0.15926132927446243,0.17156275067830287,1.1269048799721314e-06,0.0037066434671992497,0.77947135649201,0.7,0.3,0.0
47-27-0.pt,47,27,0.20286884425849996,hard,0.16381838942053162,0.02725819496822185,1.1788212668524784e-06,0.0012574042550668183,0.7893277820571235,0.7,0.3,0.0
47-28-0.pt,47,28,0.2252770063843308,hard,0.16663416113256063,0.06489349674324489,9.29355082770617e-07,0.0020610469707259154,0.7991640560296243,0.7,0.3,0.0
47-29-0.pt,47,29,0.23372992897257797,hard,0.15464094623335217,0.08550982990761746,9.38339884267185e-07,0.0022144453760516805,0.8079958532855787,0.7,0.3,0.0
47-3-0.pt,47,3,0.17645328782477565,hard,0.5273283495986557,0.07262109133558758,0.014971289208297841,0.005057007090375166,0.41827787438196823,0.7,0.3,0.0
47-30-0.pt,47,30,0.2370785676129469,hard,0.16456616683084632,0.07251809701510141,7.978211553620074e-07,0.0015185725556834493,0.8169582797867011,0.7,0.3,0.0
47-31-0.pt,47,31,0.25605631765477854,hard,0.16861134280085277,0.10182811972737046,5.028015540537348e-07,0.0016415791773583908,0.8263913956643045,0.7,0.3,0.0
47-32-0.pt,47,32,0.26622331771143726,hard,0.17711797756956213,0.10594640990697027,6.971232762144014e-07,0.001892850390302257,0.8352630196231439,0.7,0.3,0.0
47-33-0.pt,47,33,0.2554190759507351,hard,0.19329757606880946,0.05284120263489621,7.217510228354045e-07,0.0007385100336316125,0.8442478729762543,0.7,0.3,0.0
47-34-0.pt,47,34,0.28912419916979304,hard,0.20767894343352986,0.10800175543051442,1.3731407218819337e-06,0.0010577554986324087,0.8531493484410829,0.7,0.3,0.0
47-35-0.pt,47,35,0.2817111188133979,hard,0.206191464912241,0.08106708969434036,1.0533484327645386e-06,0.00086808765641429,0.8611891813549551,0.7,0.3,0.0
47-36-0.pt,47,36,0.3147481586139954,hard,0.20037126429801974,0.15489221323229202,8.918088946687114e-07,0.002089878319873517,0.8693485570633291,0.7,0.3,0.0
47-37-0.pt,47,37,0.28280027833098226,hard,0.19016891355018567,0.0791451322008494,7.285967504419049e-07,0.00037177328825406216,0.877098558274615,0.7,0.3,0.0
47-38-0.pt,47,38,0.2905372749052799,hard,0.225010156969425,0.05101299121351272,1.1055757999467533e-06,0.0010718516640534047,0.8856530101094559,0.7,0.3,0.0
47-39-0.pt,47,39,0.3084958598997181,hard,0.23522744131433468,0.07351459057710741,1.4780318076049e-06,0.0011964078261455099,0.8937012153317478,0.7,0.3,0.0
47-4-0.pt,47,4,0.1452706483962245,medium,0.3975002780837974,0.08432342638593958,0.006774221560640725,0.008191529615821548,0.454235192803699,0.7,0.3,0.0
47-40-0.pt,47,40,0.3190532753721844,hard,0.23228148922891098,0.09127279483406578,1.5392112517230393e-06,0.0017941262827945576,0.9013744967749244,0.7,0.3,0.0
47-41-0.pt,47,41,0.34590224008601533,hard,0.238711961640257,0.1399798696639583,1.3700305601218174e-06,0.00177970577441057,0.9088636528615354,0.7,0.3,0.0
47-42-0.pt,47,42,0.30848839809529466,hard,0.2521510529563348,0.027274880412419142,1.8867106328200828e-06,0.0007545571712386244,0.9161462082589938,0.7,0.3,0.0
47-43-0.pt,47,43,0.35758397096446853,hard,0.26712255571334875,0.12063725148620788,2.572893755430388e-06,0.001080876564713089,0.9239056675667329,0.7,0.3,0.0
47-44-0.pt,47,44,0.337684874540707,hard,0.259868351968994,0.06946597412320735,3.121064783337609e-06,0.000842543225280769,0.9317958425709363,0.7,0.3,0.0
47-45-0.pt,47,45,0.36182731107392785,hard,0.29290776688400727,0.08467271780289516,4.4052102825414645e-06,0.001316520086495364,0.9391676604912177,0.7,0.3,0.0
47-46-0.pt,47,46,0.3525105775419026,hard,0.3092623644115125,0.036025862321468774,5.532665105114613e-06,0.0008180457162695828,0.9468796122280809,0.7,0.3,0.0
47-47-0.pt,47,47,0.3979834121592694,hard,0.33760897256241595,0.10822518476977967,5.364186992621094e-06,0.0004906330179301432,0.9543868815505892,0.7,0.3,0.0
47-48-0.pt,47,48,0.39375371429570377,hard,0.3915970992997947,0.03263739793079567,8.654974371194383e-06,0.0012225087604886492,0.9624000199893863,0.7,0.3,0.0
47-49-0.pt,47,49,0.4299336394039677,hard,0.4341875633118591,0.06812990482382951,9.636828854863161e-06,0.0011682308364815003,0.9696620585915452,0.7,0.3,0.0
47-5-0.pt,47,5,0.13286321493398076,medium,0.3177304882492555,0.10066230013631661,0.002281577564693639,0.0071300257848985,0.4836134666361179,0.7,0.3,0.0
47-50-0.pt,47,50,0.5086997517649393,hard,0.45590935181611,0.22667486570074757,1.1874814055554148e-05,0.002471946410250731,0.9766441135142145,0.7,0.3,0.0
47-6-0.pt,47,6,0.1528554209190034,medium,0.2986439802394174,0.13684229602478704,0.0012622160138295955,0.005316781399933109,0.5094049418539881,0.7,0.3,0.0
47-7-0.pt,47,7,0.1025060137405995,medium,0.2626356941570273,0.02253945572060476,0.0004902018517120154,0.0050393002785999825,0.5315793132315347,0.7,0.3,0.0
47-8-0.pt,47,8,0.1247196455047556,medium,0.24039380436748445,0.06942655235960439,0.00030118416584691196,0.007149810079835108,0.5521450655995542,0.7,0.3,0.0
47-9-0.pt,47,9,0.15259188872040802,medium,0.24434402516277937,0.11007709891824005,0.00011350104165190405,0.006369049025046416,0.5701774418610236,0.7,0.3,0.0
48-10-0.pt,48,10,0.1674037772261095,hard,0.22210857570673567,0.13874870227378147,7.727015667223904e-05,0.00752615939215729,0.591556574730032,0.7,0.3,0.0
48-11-0.pt,48,11,0.15364716552496452,medium,0.20794559573731644,0.0992574058854475,2.5109048745277484e-05,0.006688626909133792,0.6075689683460576,0.7,0.3,0.0
48-12-0.pt,48,12,0.16047171026584695,medium,0.18455669928722573,0.11809901948239955,1.918262093027825e-05,0.007406024173637758,0.6229421759012301,0.7,0.3,0.0
48-13-0.pt,48,13,0.16332249447467267,medium,0.1696918716457372,0.12349671947429015,6.371517184375539e-06,0.00429148573251853,0.6376599656769563,0.7,0.3,0.0
48-14-0.pt,48,14,0.18123516895879704,hard,0.1643818249912641,0.15488340524269206,4.454247749237014e-06,0.0034117155635294224,0.6513969811268945,0.7,0.3,0.0
48-15-0.pt,48,15,0.1669525339423262,hard,0.16141598759827866,0.10582342860663237,3.2108120617805153e-06,0.00374970597877758,0.6642929202594405,0.7,0.3,0.0
48-16-0.pt,48,16,0.19534878460556113,hard,0.1605916996103037,0.15606536061573179,2.1599006178685568e-06,0.005908188079026488,0.6772888497751373,0.7,0.3,0.0
48-17-0.pt,48,17,0.16718655340910984,hard,0.16081097101634562,0.0751222412248666,1.848613185809858e-06,0.002664944414121921,0.68916797499353,0.7,0.3,0.0
48-18-0.pt,48,18,0.2067701443141325,hard,0.15000283100269265,0.16337854950673042,1.5120918402348853e-06,0.005254897142659953,0.7011378349282075,0.7,0.3,0.0
48-19-0.pt,48,19,0.20277071931219381,hard,0.17223417058204815,0.1162288105003571,1.6780785327740917e-06,0.004845212766187333,0.7129406518087774,0.7,0.3,0.0
48-2-0.pt,48,2,0.24828272270998158,hard,0.64467395721633,0.12167900869744065,0.07125776190619408,0.014398398785875401,0.3744944387100577,0.7,0.3,0.0
48-20-0.pt,48,20,0.22849497334815286,hard,0.16540837475359943,0.17231219086615773,1.264756043299037e-06,0.0038050010722583895,0.7235854476317828,0.7,0.3,0.0
48-21-0.pt,48,21,0.19470132877857096,hard,0.1826176226690026,0.05954600891792791,1.4262726142684914e-06,0.0030724154969503856,0.7344675329329343,0.7,0.3,0.0
48-22-0.pt,48,22,0.27129505937861664,hard,0.17472917787155942,0.2395116873157231,1.6159691618501726e-06,0.0031310607141321165,0.7445995525950597,0.7,0.3,0.0
48-23-0.pt,48,23,0.2045115450260625,hard,0.16138341358200103,0.0774247444207275,1.3607652920500332e-06,0.0025202710393439323,0.7553540913648201,0.7,0.3,0.0
48-24-0.pt,48,24,0.20135350397951382,hard,0.16692162984991743,0.05242623456342215,1.14962170662045e-06,0.0012702782710858266,0.7652104611827832,0.7,0.3,0.0
48-25-0.pt,48,25,0.25300390785738974,hard,0.18953146534229917,0.13835416113987822,2.0480084547821118e-06,0.004083148751809305,0.7756105735210364,0.7,0.3,0.0
48-26-0.pt,48,26,0.24973830567275776,hard,0.17541579030834714,0.13364965806174822,9.705755203241108e-07,0.0021667804430409252,0.7852907475539513,0.7,0.3,0.0
48-27-0.pt,48,27,0.25473826976420494,hard,0.189378908866973,0.11904495637074353,1.3508938381347637e-06,0.0019679378022791154,0.7950668594848744,0.7,0.3,0.0
48-28-0.pt,48,28,0.2586899966408443,hard,0.1925221162407604,0.11186617523091803,1.0111454577866666e-06,0.002598995173467294,0.8048620533354419,0.7,0.3,0.0
48-29-0.pt,48,29,0.23948186328838517,hard,0.182210524211168,0.06601245455197181,1.0105634881060233e-06,0.000705581430003501,0.8135593514126374,0.7,0.3,0.0
48-3-0.pt,48,3,0.17929310620073569,hard,0.5292885264560394,0.07262109133558758,0.014985931727710454,0.006006355639879197,0.4212633687522453,0.7,0.3,0.0
48-30-0.pt,48,30,0.25116369259918125,hard,0.1794274642544701,0.08219899754110398,8.587767529455492e-07,0.0028320752808847867,0.8231981406008428,0.7,0.3,0.0
48-31-0.pt,48,31,0.27499844920682964,hard,0.17732473275263871,0.1306181315412112,8.39053105696041e-07,0.002337278657237398,0.8321959503822488,0.7,0.3,0.0
48-32-0.pt,48,32,0.2713503043383942,hard,0.1934676471806751,0.09458681945938956,8.253028148668134e-07,0.0012315541411775373,0.8413702647771444,0.7,0.3,0.0
48-33-0.pt,48,33,0.28582456118741045,hard,0.221848894280321,0.08958235352213646,1.2561751984408832e-06,0.0006295352683027827,0.8506465973870471,0.7,0.3,0.0
48-34-0.pt,48,34,0.2786634777742541,hard,0.21398445564942953,0.06882276595300103,1.2242399154094832e-06,0.0006548948982861931,0.8591370520141534,0.7,0.3,0.0
48-35-0.pt,48,35,0.30524091782251156,hard,0.22025106023524316,0.11567638156233168,1.170434356182371e-06,0.0010696904697523118,0.8673282361361903,0.7,0.3,0.0
48-36-0.pt,48,36,0.28660400027983807,hard,0.21718607326116685,0.0627209807427784,1.2924038928713862e-06,0.0012540713941373526,0.8753923401962261,0.7,0.3,0.0
48-37-0.pt,48,37,0.32042159694371897,hard,0.23076710038256648,0.11965198595155398,1.1001032637649236e-06,0.0016471691278348837,0.8837122011252122,0.7,0.3,0.0
48-38-0.pt,48,38,0.28697773638944224,hard,0.24252737112918646,0.015931166909314953,1.4953984867713342e-06,0.0011999441651120548,0.8923040326009916,0.7,0.3,0.0
48-39-0.pt,48,39,0.3228325771758627,hard,0.25645976159009204,0.07809889714065552,1.5294623879779006e-06,0.0012333727582783385,0.9004026952557151,0.7,0.3,0.0
48-4-0.pt,48,4,0.1360132812165043,medium,0.4096303616909077,0.04593521134757905,0.006782408087329771,0.007868131752888252,0.4573641494522726,0.7,0.3,0.0
48-40-0.pt,48,40,0.3131580192602041,hard,0.23979288776541646,0.06189203679241903,1.436962987261064e-06,0.0007519592933279333,0.90788728489986,0.7,0.3,0.0
48-41-0.pt,48,41,0.34545405595765083,hard,0.25022049825945614,0.11826471184436473,1.7847556552398929e-06,0.0018869878688736067,0.9156660458925211,0.7,0.3,0.0
48-42-0.pt,48,42,0.353534231893692,hard,0.2767825264841084,0.10206127812310187,2.7540216179439e-06,0.0012234047470950388,0.9231223680610259,0.7,0.3,0.0
48-43-0.pt,48,43,0.3464909842646839,hard,0.28308739263681854,0.06864818242099789,3.2379252288832377e-06,0.000627524591785115,0.9311527477902267,0.7,0.3,0.0
48-44-0.pt,48,44,0.35692150364181696,hard,0.28693851651030994,0.0795483538653827,4.3450374507753545e-06,0.000918082848143188,0.9388710441309329,0.7,0.3,0.0
48-45-0.pt,48,45,0.373353373984705,hard,0.3162132303085806,0.07924687226465871,5.2975935738668105e-06,0.0011435026563308105,0.9468781095986708,0.7,0.3,0.0
48-46-0.pt,48,46,0.3857252801432168,hard,0.33607904568188934,0.0796766751970633,5.450137830103718e-06,0.001005931364693402,0.9542855291066207,0.7,0.3,0.0
48-47-0.pt,48,47,0.4013090732391727,hard,0.396929643097467,0.04624539577733472,8.335181946796356e-06,0.0007844320953612381,0.96225055209509,0.7,0.3,0.0
48-48-0.pt,48,48,0.4129154034122729,hard,0.424333340971729,0.03731200491260314,9.688343565417107e-06,0.0003087635153981875,0.9698900286946558,0.7,0.3,0.0
48-49-0.pt,48,49,0.4629253148103203,hard,0.4484901047560524,0.12344810880239677,1.1729021376028811e-05,0.0014202106825979997,0.9772492290024485,0.7,0.3,0.0
48-5-0.pt,48,5,0.1611734431203714,medium,0.3353248537731459,0.1469370593697645,0.002281269353243771,0.007680578272007865,0.4867582532033034,0.7,0.3,0.0
48-50-0.pt,48,50,0.4472290671790213,hard,0.47127091241687374,0.053083303299479724,1.1404136506340975e-05,0.001870185610047832,0.9841229269732484,0.7,0.3,0.0
48-6-0.pt,48,6,0.1273327539063056,medium,0.3126315806243299,0.05434175052152106,0.0012626585526486279,0.0077347469624545594,0.5126213154531543,0.7,0.3,0.0
48-7-0.pt,48,7,0.15106318375094313,medium,0.2799610426949298,0.11935878921294686,0.0004885842151512422,0.004279171178327452,0.5347905035629877,0.7,0.3,0.0
48-8-0.pt,48,8,0.13521872743028168,medium,0.25802103529577447,0.07206248776253098,0.00030195111183534736,0.007665367883384668,0.5556592450274875,0.7,0.3,0.0
48-9-0.pt,48,9,0.15458617638235891,medium,0.25624188714709395,0.09243918157681419,0.00011305588875058525,0.012269596162409944,0.5737030777978778,0.7,0.3,0.0
49-10-0.pt,49,10,0.2089595201943974,hard,0.2370623026835399,0.22052600238299438,7.738892706883416e-05,0.006751859508624558,0.5951179399368363,0.7,0.3,0.0
49-11-0.pt,49,11,0.15911282291755888,medium,0.2186664540438016,0.09925740588544725,2.5920283036197716e-05,0.004125516841748841,0.6114051356761411,0.7,0.3,0.0
49-12-0.pt,49,12,0.16966312248491602,hard,0.21593096666258565,0.1048354999289549,2.0094123437451254e-05,0.006194319713365316,0.6269933324299005,0.7,0.3,0.0
49-13-0.pt,49,13,0.17655565991008104,hard,0.21959944251988645,0.09851416823179,7.791932476705625e-06,0.005999730888234391,0.6417542034956067,0.7,0.3,0.0
49-14-0.pt,49,14,0.21778121636402212,hard,0.18999890507685688,0.2104381862377872,5.224658508987796e-06,0.005494047148286658,0.6553848167541345,0.7,0.3,0.0
49-15-0.pt,49,15,0.18853357922482059,hard,0.19406193153557008,0.12142833322073876,3.590130185642921e-06,0.0024684449414880683,0.6683032572801453,0.7,0.3,0.0
49-16-0.pt,49,16,0.18690141433571103,hard,0.184231112350336,0.11014633913260866,2.496469528843893e-06,0.002554608626853048,0.6811890252950195,0.7,0.3,0.0
49-17-0.pt,49,17,0.19099459200796484,hard,0.17829665283975188,0.10896286662812972,1.9854137411094844e-06,0.0031960603864043765,0.693561457284621,0.7,0.3,0.0
49-18-0.pt,49,18,0.25032845347380805,hard,0.18465701713253652,0.22620192002545034,2.1265112525073122e-06,0.007106211571231072,0.7058153619775744,0.7,0.3,0.0
49-19-0.pt,49,19,0.2155760673032564,hard,0.19127907677279127,0.12393248433492168,1.6632472663963123e-06,0.0034789527783176026,0.7171978503015316,0.7,0.3,0.0
49-2-0.pt,49,2,0.2693997213398614,hard,0.667365711344082,0.14464257077893766,0.07138176748383658,0.016096005299682213,0.3772736819408305,0.7,0.3,0.0
49-20-0.pt,49,20,0.2007845974631804,hard,0.19586075304981113,0.06794924484383161,1.4836278702794454e-06,0.004112273467604107,0.7284685878435283,0.7,0.3,0.0
49-21-0.pt,49,21,0.2284300285923525,hard,0.2025998783794507,0.11521915880996832,1.7112148460951126e-06,0.002944561367988433,0.7391358536851526,0.7,0.3,0.0
49-22-0.pt,49,22,0.19320820066610414,hard,0.186300213255879,0.03400437056632061,1.4244917068422632e-06,0.0011888026581875486,0.7496565268200203,0.7,0.3,0.0
49-23-0.pt,49,23,0.23419429968909852,hard,0.1811957423346203,0.12502451162890882,1.4846119173572688e-06,0.0007323280627630026,0.7600990850980547,0.7,0.3,0.0
49-24-0.pt,49,24,0.34349791519293477,hard,0.1940328908033307,0.35893522777583237,1.5371908881822415e-06,0.00512177022586095,0.770415099619542,0.7,0.3,0.0
49-25-0.pt,49,25,0.256587586053252,hard,0.2052573821207432,0.12426338344446133,1.7639200408320553e-06,0.004848132313736117,0.7803518899417936,0.7,0.3,0.0
49-26-0.pt,49,26,0.27200965996892057,hard,0.2054078547694898,0.14983763553671348,1.505755763877686e-06,0.0030534703029258606,0.7904898356700953,0.7,0.3,0.0
49-27-0.pt,49,27,0.2443776310338423,hard,0.21648278263608603,0.059440702466941345,1.3939658069998182e-06,0.0019939250669310997,0.8006321682667741,0.7,0.3,0.0
49-28-0.pt,49,28,0.2623312478946347,hard,0.22204202102333404,0.08471130497212012,1.144362086132817e-06,0.001743220729211385,0.8103806759889017,0.7,0.3,0.0
49-29-0.pt,49,29,0.26834073880444015,hard,0.203620237771694,0.10584429400447523,1.1440432621353556e-06,0.0019383793688983971,0.8191751492291945,0.7,0.3,0.0
49-3-0.pt,49,3,0.30268154031172667,hard,0.5377843498677903,0.33726521045956537,0.015003431003830356,0.0276682047861541,0.42436490168360347,0.7,0.3,0.0
49-30-0.pt,49,30,0.273282702936591,hard,0.20737946615922126,0.09938693195566421,1.2319140912417008e-06,0.004011079392808692,0.8286831736405389,0.7,0.3,0.0
49-31-0.pt,49,31,0.2724922483643257,hard,0.21746726753912107,0.07763932613122293,1.130423894995863e-06,0.0007892360245283648,0.8384694449293542,0.7,0.3,0.0
49-32-0.pt,49,32,0.2555579701499075,hard,0.24032176249839365,0.0010685533431988624,1.0589402527090238e-06,0.001640450947359125,0.8474046279112987,0.7,0.3,0.0
49-33-0.pt,49,33,0.29989364337435176,hard,0.2513727752549933,0.08551126346220615,1.5595867462912909e-06,0.001419081902921707,0.8565651390781861,0.7,0.3,0.0
49-34-0.pt,49,34,0.29455696090258054,hard,0.24898703515301412,0.06421257775204711,1.4272184419245491e-06,0.0007837268155202816,0.8651621048041452,0.7,0.3,0.0
49-35-0.pt,49,35,0.32126558932900295,hard,0.24651186524377525,0.1207208451867263,1.2070563756793372e-06,0.0010170345760655568,0.8730412890515652,0.7,0.3,0.0
49-36-0.pt,49,36,0.32352079717246407,hard,0.2507883922485547,0.10859688623359953,1.4613596012836904e-06,0.0026056684252666576,0.8818882447656764,0.7,0.3,0.0
49-37-0.pt,49,37,0.3119019861569776,hard,0.28571271267207066,0.03515328459428347,1.7896240520369226e-06,0.0015736031187794032,0.8904939758677621,0.7,0.3,0.0
49-38-0.pt,49,38,0.35905912139509044,hard,0.2795667094104627,0.14498381459453952,1.86045695195849e-06,0.001236004673905988,0.898719623153126,0.7,0.3,0.0
49-39-0.pt,49,39,0.3332559315841108,hard,0.26889909979707155,0.08350712829111463,1.8478720871344658e-06,0.0006149294149764889,0.9064577060406914,0.7,0.3,0.0
49-4-0.pt,49,4,0.15556806053000308,medium,0.39996412450784236,0.0950796869467666,0.006788674433265734,0.011991025537371415,0.4602073901411201,0.7,0.3,0.0
49-40-0.pt,49,40,0.3375456229712102,hard,0.26836091881793067,0.08350712829111463,2.2419122556691333e-06,0.0008607349653482257,0.9145214947269712,0.7,0.3,0.0
49-41-0.pt,49,41,0.3643705631857476,hard,0.2995198213178708,0.106488412223599,2.806140901834562e-06,0.001576764215497308,0.9221676133812187,0.7,0.3,0.0
49-42-0.pt,49,42,0.3603136730180827,hard,0.3024157257575239,0.0843320540059827,3.5998713120760417e-06,0.0005812540238473641,0.9300368505296506,0.7,0.3,0.0
49-43-0.pt,49,43,0.3622059812613277,hard,0.3175032472054909,0.06325014429715597,4.6823115439726125e-06,0.0006450301132708556,0.9379719539369066,0.7,0.3,0.0
49-44-0.pt,49,44,0.3862202759131993,hard,0.321339555237908,0.10634912836171495,5.4424597402486305e-06,0.0007127237609908221,0.9464058368523967,0.7,0.3,0.0
49-45-0.pt,49,45,0.3861209556707422,hard,0.3681396392654885,0.048628950831476975,5.940814488760095e-06,0.0012502593356766123,0.9540597930495132,0.7,0.3,0.0
49-46-0.pt,49,46,0.4856866632843037,hard,0.3998989276779775,0.2465360589869164,8.18050031901194e-06,0.002377120609508582,0.961923097889686,0.7,0.3,0.0
49-47-0.pt,49,47,0.46226445080775896,hard,0.44062572125063276,0.14056970808070085,1.0004733086365618e-05,0.0005794832997619967,0.9696900838217256,0.7,0.3,0.0
49-48-0.pt,49,48,0.4731141390468,hard,0.4585880537822621,0.13777767360275825,1.2038291580264467e-05,0.0016665899778292082,0.9772567023971634,0.7,0.3,0.0
49-49-0.pt,49,49,0.4636445243095384,hard,0.475365892327724,0.08889423332207418,1.1422546354692396e-05,0.0012237881714250009,0.9845075457469058,0.7,0.3,0.0
49-5-0.pt,49,5,0.17582975865181388,hard,0.36631925243665653,0.14118988040135028,0.002280170688182866,0.013972878515918484,0.4897536773829712,0.7,0.3,0.0
49-50-0.pt,49,50,0.4857014782510729,hard,0.5100776157583603,0.09742194467369177,1.3637479290838851e-05,0.001580842308222488,0.9919324135527449,0.7,0.3,0.0
49-6-0.pt,49,6,0.1452928766839006,medium,0.3483766666383738,0.06071709959567118,0.0012649521381002669,0.004715534775425126,0.5159480031481292,0.7,0.3,0.0
49-7-0.pt,49,7,0.16294555181519543,medium,0.303762489345244,0.11935878921294686,0.0004882913389576552,0.004913573743562977,0.5380746238554353,0.7,0.3,0.0
49-8-0.pt,49,8,0.14324917662995532,medium,0.25230425318347793,0.09282416090994662,0.0003018499947375988,0.007758481787986663,0.5589175121613091,0.7,0.3,0.0
49-9-0.pt,49,9,0.16397127973107173,medium,0.2570451413512417,0.11261826797723706,0.00011511554979478271,0.009001603270498568,0.5774921923396429,0.7,0.3,0.0
5-10-0.pt,5,10,0.054240746119525195,easy,0.3545152240733155,0.0945664420751308,0.0036569093844102418,0.06375916649151782,0.2729186283840872,0.7,0.3,0.0
5-11-0.pt,5,11,0.14844595632594734,medium,0.3710811837703709,0.29909177124281533,0.0032872682838748163,0.055973678138742995,0.28445942408475955,0.7,0.3,0.0
5-12-0.pt,5,12,0.07274665398331003,easy,0.36147684814698194,0.12605568438784845,0.002980928909993763,0.041060387741711994,0.295377235801596,0.7,0.3,0.0
5-13-0.pt,5,13,0.14023423689695275,medium,0.370363172501152,0.25551019954047394,0.00270661290064461,0.05309068814212698,0.30549272878474965,0.7,0.3,0.0
5-14-0.pt,5,14,0.14973467834702694,medium,0.4203716530599319,0.2199582355674961,0.0024562590559146858,0.04966764169487603,0.31472543097127254,0.7,0.3,0.0
5-15-0.pt,5,15,0.08810362259546502,medium,0.37346305168419097,0.12046763383834508,0.002239466918287793,0.03525739428288741,0.3235668807178428,0.7,0.3,0.0
5-16-0.pt,5,16,0.06277746972142886,easy,0.3646020215637883,0.07072748761981745,0.00204658355872655,0.02183198990138753,0.3317651779338463,0.7,0.3,0.0
5-17-0.pt,5,17,0.07343638744090547,easy,0.3544560978824046,0.0950253197820051,0.0018801285229314063,0.02339823339054511,0.33951713206898887,0.7,0.3,0.0
5-18-0.pt,5,18,0.06278718326175152,easy,0.3213045921665987,0.0844897672938731,0.0017313548630022795,0.03132644289979098,0.3471459799182617,0.7,0.3,0.0
5-19-0.pt,5,19,0.05709741028786336,easy,0.3010635382621086,0.08203436322723887,0.0016000256078369862,0.030930302224587588,0.3542701794058882,0.7,0.3,0.0
5-2-0.pt,5,2,0.22847237926227382,hard,0.8023732113415625,0.10969639604725193,0.07178737206889885,0.19230731501572113,0.09362583755602033,0.7,0.3,0.0
5-20-0.pt,5,20,0.08378829692685832,easy,0.28208481301112504,0.1395856491634702,0.0014870824518794894,0.048267825450481514,0.36096147979809146,0.7,0.3,0.0
5-21-0.pt,5,21,0.1344648619703268,medium,0.28674252282388973,0.2634849081124079,0.0013874346082803893,0.03404625844084221,0.36740420736613116,0.7,0.3,0.0
5-22-0.pt,5,22,0.07629048159687998,easy,0.3153397845077754,0.09161268365445217,0.0012927223301227987,0.028258318976825677,0.3736084641138313,0.7,0.3,0.0
5-23-0.pt,5,23,0.0655115892181871,easy,0.3169917386215141,0.06246471395778918,0.0012122948129243151,0.021713648781582526,0.37965186980673005,0.7,0.3,0.0
5-24-0.pt,5,24,0.08211007536853078,easy,0.3126111336823328,0.0920204098837097,0.0011424616211801232,0.029360835866003073,0.3852821788645953,0.7,0.3,0.0
5-25-0.pt,5,25,0.06046681387849605,easy,0.28251345491892743,0.0772003380149422,0.0010843955230874596,0.014552130621156982,0.3908294955094575,0.7,0.3,0.0
5-26-0.pt,5,26,0.0787906587976443,easy,0.2541389964617303,0.1331503993664206,0.001027277897296154,0.024196940960427245,0.3962855508566358,0.7,0.3,0.0
5-27-0.pt,5,27,0.0658362496091017,easy,0.26480145109297665,0.0970163502373999,0.0009786600243757207,0.01150035241002573,0.4014422651277917,0.7,0.3,0.0
5-28-0.pt,5,28,0.06526571135873642,easy,0.2691565379585873,0.07720033801494244,0.0009351624723586068,0.019068190424337855,0.40638897882995906,0.7,0.3,0.0
5-29-0.pt,5,29,0.07072585613383234,easy,0.23631261962677028,0.12195402355100102,0.000896566289535395,0.014279918984658706,0.41102688964544865,0.7,0.3,0.0
5-3-0.pt,5,3,0.17529046026425862,hard,0.7273073086522297,0.06616057613824124,0.02413592123367475,0.17580890871869936,0.13431255427000496,0.7,0.3,0.0
5-30-0.pt,5,30,0.059868889008042145,easy,0.23658010038659397,0.08881191600558895,0.0008619191980404922,0.014668843256539547,0.4157194109568777,0.7,0.3,0.0
5-31-0.pt,5,31,0.07615465723491838,easy,0.24087326182795873,0.11602477540291356,0.0008333032607058552,0.016661016154150898,0.42023670027648247,0.7,0.3,0.0
5-32-0.pt,5,32,0.04747796636983671,easy,0.24658758882573684,0.04109982274291373,0.0008059688537301852,0.01064078685516972,0.42460214405028435,0.7,0.3,0.0
5-33-0.pt,5,33,0.06102789922883452,easy,0.23395773038998968,0.08238783816941114,0.0007835046838116256,0.009330471411467036,0.428754290901008,0.7,0.3,0.0
5-34-0.pt,5,34,0.07242149351375607,easy,0.24449866323355499,0.09340976568892102,0.000761569191981917,0.010114663703450868,0.4327375122936872,0.7,0.3,0.0
5-35-0.pt,5,35,0.08504236401135828,easy,0.250212574374912,0.11323921019091053,0.0007439201578920398,0.009637284371669634,0.43690946568598216,0.7,0.3,0.0
5-36-0.pt,5,36,0.07505701950201148,easy,0.2423217123577364,0.09114731633813172,0.0007279190551918973,0.010335059095477396,0.44076596910000765,0.7,0.3,0.0
5-37-0.pt,5,37,0.075027946525503,easy,0.2451476614445624,0.08351364385031239,0.0007153274265227108,0.00995516307155324,0.4446375187595521,0.7,0.3,0.0
5-38-0.pt,5,38,0.0697456063379445,easy,0.24223949207414933,0.06834505684349883,0.0007024434542000355,0.010348610641189257,0.4483347858716806,0.7,0.3,0.0
5-39-0.pt,5,39,0.07347627454631629,easy,0.25720830773705106,0.05762524878477022,0.00069225405174068,0.010251127333332173,0.45203052045562037,0.7,0.3,0.0
5-4-0.pt,5,4,0.18561130019974253,hard,0.6652592165845207,0.1741501655074122,0.01127488116069082,0.12629816121108658,0.16558382764335342,0.7,0.3,0.0
5-40-0.pt,5,40,0.09055772474680228,medium,0.28223773234111993,0.07373955913598679,0.000682433128716155,0.005742989852274645,0.4556206139693459,0.7,0.3,0.0
5-41-0.pt,5,41,0.09621535287242208,medium,0.2827945905017355,0.08507002696542942,0.0006747809598607739,0.002937845426133871,0.4591164858119957,0.7,0.3,0.0
5-42-0.pt,5,42,0.09994559157279727,medium,0.2960895955621698,0.07373955913598679,0.000667548507899612,0.005579904331094493,0.46246575118894256,0.7,0.3,0.0
5-43-0.pt,5,43,0.10312278187773802,medium,0.29634383408061193,0.07166507983052095,0.000661860615168438,0.010461466203141916,0.46596888881102816,0.7,0.3,0.0
5-44-0.pt,5,44,0.12249406708767813,medium,0.29811462810040074,0.11413166622363859,0.0006564277026520206,0.008817408214975352,0.46924606708543715,0.7,0.3,0.0
5-45-0.pt,5,45,0.13391137256216146,medium,0.3286830119719434,0.1086240074524953,0.000652399673903377,0.007124205158714652,0.4724889581962608,0.7,0.3,0.0
5-46-0.pt,5,46,0.3027197081553996,hard,0.3185618522678435,0.5036352755855473,0.0006481335464338574,0.026642329759112612,0.475932013680234,0.7,0.3,0.0
5-47-0.pt,5,47,0.12967359937130143,medium,0.34015591138864937,0.0819485161255523,0.000645325529529422,0.003132432835607053,0.47923218898455744,0.7,0.3,0.0
5-48-0.pt,5,48,0.14672493328439584,medium,0.35140696915843705,0.10812719408049909,0.0006422799542997192,0.0031134700235226813,0.4821770622431217,0.7,0.3,0.0
5-49-0.pt,5,49,0.1393428134996093,medium,0.37021271101133796,0.0666462196214312,0.000639928453525354,0.004061514067866057,0.48507906898885433,0.7,0.3,0.0
5-5-0.pt,5,5,0.08548904660955767,easy,0.5763059279301297,0.03700858091110867,0.007110355954445855,0.08074591214341935,0.19067754148825924,0.7,0.3,0.0
5-50-0.pt,5,50,0.15900195713538476,medium,0.4028198978559441,0.0666462196214312,0.0006380190795274331,0.015272751133843377,0.48795530891658295,0.7,0.3,0.0
5-6-0.pt,5,6,0.07298945094730917,easy,0.5114111216424431,0.05812772859675976,0.005709618802804752,0.06799260625252403,0.2115435902348552,0.7,0.3,0.0
5-7-0.pt,5,7,0.10585409002777998,medium,0.5185085456301786,0.11139501622698816,0.005037468632001087,0.06361297562477872,0.2298886424223085,0.7,0.3,0.0
5-8-0.pt,5,8,0.1015480435249834,medium,0.45547815279303405,0.14853663360558025,0.004501383377311145,0.05856920690082406,0.24576534476308495,0.7,0.3,0.0
5-9-0.pt,5,9,0.06397165814552715,easy,0.39497170587017566,0.10284334526769998,0.004053089952101314,0.0552432484861006,0.26005900716181574,0.7,0.3,0.0
50-10-0.pt,50,10,0.21090776844753983,hard,0.26010815841290674,0.1980611529347984,7.783042968823312e-05,0.00618848109214015,0.598666548980629,0.7,0.3,0.0
50-11-0.pt,50,11,0.17283152132949603,hard,0.24569124954591812,0.09925740588544725,2.6233660558232906e-05,0.0054856012105910824,0.6150659943252692,0.7,0.3,0.0
50-12-0.pt,50,12,0.19723125455881693,hard,0.23486156645314119,0.14618663488693198,1.9833955786149222e-05,0.008018745250992259,0.6305272673143737,0.7,0.3,0.0
50-13-0.pt,50,13,0.16917670347446634,hard,0.2402854887726453,0.05638385818703432,7.89088914921507e-06,0.004567709596593462,0.6455273919175025,0.7,0.3,0.0
50-14-0.pt,50,14,0.19588901101013673,hard,0.2341208186836134,0.10958221100173847,6.0487710706984844e-06,0.004514540805339218,0.6589133414406153,0.7,0.3,0.0
50-15-0.pt,50,15,0.17410569247436564,hard,0.22646211587355755,0.048831631691761725,4.08778072968825e-06,0.0023222001473674797,0.6723699443515199,0.7,0.3,0.0
50-16-0.pt,50,16,0.20160171150776113,hard,0.2069131917542042,0.11697180536770273,2.687442651573467e-06,0.003022309120652877,0.6854444838149828,0.7,0.3,0.0
50-17-0.pt,50,17,0.2364799750167302,hard,0.206800920507118,0.18304774526427403,2.3151983427667258e-06,0.004936131154455283,0.6979888640972949,0.7,0.3,0.0
50-18-0.pt,50,18,0.21648332055361355,hard,0.21319033873880286,0.11269120035863632,2.2243884081566953e-06,0.004461877126710885,0.7100615924997107,0.7,0.3,0.0
50-19-0.pt,50,19,0.27646332202756946,hard,0.21537786319024008,0.23948099204960696,1.935948549734341e-06,0.0056600351815230135,0.7214852323970081,0.7,0.3,0.0
50-2-0.pt,50,2,0.2615202050525116,hard,0.6642470763348866,0.12952478735348213,0.07150247138060016,0.011481116978773378,0.3800217542050415,0.7,0.3,0.0
50-20-0.pt,50,20,0.226833178545344,hard,0.21692039687335565,0.1043203560816688,1.6164786010260828e-06,0.0040654692592362535,0.7327877749835451,0.7,0.3,0.0
50-21-0.pt,50,21,0.34757017382782796,hard,0.21721035563282398,0.38125833403953574,2.300043656423152e-06,0.005212947468871757,0.7434513431423798,0.7,0.3,0.0
50-22-0.pt,50,22,0.24016082034730535,hard,0.2214887356163325,0.10584605161659133,1.7482199698890949e-06,0.001527240360412071,0.7544727691941836,0.7,0.3,0.0
50-23-0.pt,50,23,0.22298399034548855,hard,0.2134973993935719,0.05833082522436258,1.8149896760161093e-06,0.0015613952886222207,0.7649321749996383,0.7,0.3,0.0
50-24-0.pt,50,24,0.24579314293158908,hard,0.22460042592683754,0.08511483578038732,2.0442575668220333e-06,0.004630628163463811,0.7757265164753465,0.7,0.3,0.0
50-25-0.pt,50,25,0.29045593721800844,hard,0.23346942692488637,0.1719131915254454,1.5848740930518456e-06,0.0036143034320300655,0.7859547965104693,0.7,0.3,0.0
50-26-0.pt,50,26,0.26292661013006413,hard,0.23880605854246847,0.08701620280058084,1.899041458734919e-06,0.0030051910977323616,0.796124529385473,0.7,0.3,0.0
50-27-0.pt,50,27,0.267092799230857,hard,0.2408163647875728,0.08339430105245761,1.6281327982393492e-06,0.0016084587053660302,0.8060127899143225,0.7,0.3,0.0
50-28-0.pt,50,28,0.29046243701431346,hard,0.23957256987577513,0.12705250692833753,1.705083398012662e-06,0.0035401499604580115,0.8152736803169517,0.7,0.3,0.0
50-29-0.pt,50,29,0.27655533594489146,hard,0.2329550983175026,0.08678577203546432,1.4858070579075807e-06,0.0036785282371321693,0.825125659100514,0.7,0.3,0.0
50-3-0.pt,50,3,0.29469175613583176,hard,0.5278258597616707,0.32498019081468216,0.015018045284708011,0.026821523349830064,0.4271717153276378,0.7,0.3,0.0
50-30-0.pt,50,30,0.2885526618332134,hard,0.23783931718986212,0.10007498114692634,1.4389700993827187e-06,0.001675486155132766,0.8348579041992568,0.7,0.3,0.0
50-31-0.pt,50,31,0.3093421791596133,hard,0.24664009975466403,0.1300273241112793,1.3784343654698954e-06,0.0009554247918011978,0.844165895857202,0.7,0.3,0.0
50-32-0.pt,50,32,0.37036907096438954,hard,0.27855159609086105,0.23144859031656714,1.9232528271496406e-06,0.002932629108198205,0.8536279696961844,0.7,0.3,0.0
50-33-0.pt,50,33,0.3510262628408025,hard,0.2832829694788357,0.16872469677540308,2.006070849339103e-06,0.0021887010539263494,0.8625904514315892,0.7,0.3,0.0
50-34-0.pt,50,34,0.3183522832132323,hard,0.27178838767262375,0.09003866229534489,1.7589554527291272e-06,0.002436939383138308,0.8707222129521144,0.7,0.3,0.0
50-35-0.pt,50,35,0.3249630016472001,hard,0.2767661106093334,0.09003866229534489,1.5741612616678508e-06,0.002062180588155062,0.8793356720111352,0.7,0.3,0.0
50-36-0.pt,50,36,0.3465461545299335,hard,0.31549296916914266,0.09058021423895758,1.9948320509976324e-06,0.002978683527483629,0.8884703664374625,0.7,0.3,0.0
50-37-0.pt,50,37,0.35941549417796365,hard,0.29237411122276563,0.1362246408160157,2.1671637857514974e-06,0.001082550145906586,0.896431529557924,0.7,0.3,0.0
50-38-0.pt,50,38,0.3823318322617673,hard,0.3136086252235585,0.1588436175010103,2.327252832251873e-06,0.0014277166261893032,0.9049748077835127,0.7,0.3,0.0
50-39-0.pt,50,39,0.3400967481295149,hard,0.3087358713727364,0.05154378252262223,2.54221598279954e-06,0.0007237050869967821,0.9129408402768376,0.7,0.3,0.0
50-4-0.pt,50,4,0.20713141706832663,hard,0.41365149457660094,0.19763714290014622,0.006795806457882703,0.01683006520963162,0.4630977633485342,0.7,0.3,0.0
50-40-0.pt,50,40,0.391552298482989,hard,0.32664233824527106,0.14655013230112288,3.222946610945979e-06,0.0020575833393188803,0.9207991211223494,0.7,0.3,0.0
50-41-0.pt,50,41,0.3651705917885471,hard,0.3286191315406073,0.07086301832186531,3.685469890690651e-06,0.0010242391503254506,0.9289721241052604,0.7,0.3,0.0
50-42-0.pt,50,42,0.3882794311112759,hard,0.3425094623866289,0.10248309227583495,4.9669162420853065e-06,0.0010856766311767123,0.9368301606868674,0.7,0.3,0.0
50-43-0.pt,50,43,0.3972646553407172,hard,0.36017743299685623,0.0959686637973147,5.67564098279282e-06,0.0004206963007554361,0.9453425929182633,0.7,0.3,0.0
50-44-0.pt,50,44,0.4079882123795111,hard,0.37494621713059095,0.0959686637973147,6.264338749226496e-06,0.0010204825535356447,0.9533505010047818,0.7,0.3,0.0
50-45-0.pt,50,45,0.5007763077754888,hard,0.4074246685201819,0.27577616931902055,8.279104333441341e-06,0.0027022496282672415,0.961520129721843,0.7,0.3,0.0
50-46-0.pt,50,46,0.5255259302781661,hard,0.4670239972626728,0.26577089328212494,1.0627827520596743e-05,0.0024712844741952436,0.9695160952427831,0.7,0.3,0.0
50-47-0.pt,50,47,0.4539416226800352,hard,0.46251155133648714,0.08824791449363241,1.1787999714351223e-05,0.0014950934278857577,0.9767506093889007,0.7,0.3,0.0
50-48-0.pt,50,48,0.45320998243954985,hard,0.4682813916171555,0.07046721685911463,1.1744133420172517e-05,0.0014923750816899582,0.9844797815708808,0.7,0.3,0.0
50-49-0.pt,50,49,0.45245675539166924,hard,0.4990849641282582,0.027669446372537203,1.373698839345721e-05,0.0015152420517907104,0.9921360635587236,0.7,0.3,0.0
50-5-0.pt,50,5,0.16150347549354052,medium,0.37149903811173385,0.10066230013631661,0.00228311072586458,0.010276613638358651,0.4930241388819063,0.7,0.3,0.0
50-50-0.pt,50,50,0.65498141222392,hard,0.5432090157641103,0.4599066790835295,1.6194720732897505e-05,0.005381170200568336,1.0,0.7,0.3,0.0
50-6-0.pt,50,6,0.17929014462759016,hard,0.36446591733118777,0.12077164643141013,0.0012659837592822023,0.006798670712931612,0.5190695400026558,0.7,0.3,0.0
50-7-0.pt,50,7,0.1681511301394196,hard,0.3251795564202504,0.10479901828966438,0.0004877572176830058,0.006420252881257643,0.5412806248828428,0.7,0.3,0.0
50-8-0.pt,50,8,0.15151738384308938,medium,0.2712948235582587,0.08796817295675491,0.0003029467358438749,0.009128318726826245,0.5623330598471469,0.7,0.3,0.0
50-9-0.pt,50,9,0.17432800720893307,hard,0.27939298289259046,0.11059792708036577,0.00011542763190403988,0.009201656973457182,0.5809359922057978,0.7,0.3,0.0
6-10-0.pt,6,10,0.046456020738961955,easy,0.34482714860013847,0.08215018084160855,0.0023108478211570794,0.03977412686898876,0.29448527388829987,0.7,0.3,0.0
6-11-0.pt,6,11,0.038317580284745426,easy,0.33467308238362364,0.056306435889279534,0.002077091767086553,0.040412529466700396,0.30646756359155847,0.7,0.3,0.0
6-12-0.pt,6,12,0.07355755376705235,easy,0.3727737760217587,0.10153845311429506,0.0018677053805773323,0.028444711075685768,0.31719903972704344,0.7,0.3,0.0
6-13-0.pt,6,13,0.08931178210266198,medium,0.358814322479815,0.14621231252670083,0.0016860773663118298,0.02252896994408546,0.32742563996466834,0.7,0.3,0.0
6-14-0.pt,6,14,0.23571362298188087,hard,0.39433638734127496,0.4253735949400693,0.0015202284548117703,0.05027303170140059,0.3368000341642803,0.7,0.3,0.0
6-15-0.pt,6,15,0.041666910006533914,easy,0.3533701133663698,0.00824615937742422,0.0013763610582980912,0.026476861056992932,0.3457990464845501,0.7,0.3,0.0
6-16-0.pt,6,16,0.06753752358917356,easy,0.2982015833025074,0.09797004173780766,0.0012505719812578827,0.043405126766286446,0.3543409716668054,0.7,0.3,0.0
6-17-0.pt,6,17,0.08246078779316207,easy,0.2523275505952107,0.18175041661594493,0.0011438287452365094,0.03105859869097704,0.36241723514726687,0.7,0.3,0.0
6-18-0.pt,6,18,0.1593343279767105,medium,0.25690337601630364,0.3452121324536433,0.001045735365209055,0.039263908107277506,0.3700354275827546,0.7,0.3,0.0
6-19-0.pt,6,19,0.07122693956248635,easy,0.2539955030976244,0.1271540213529024,0.0009521455070727558,0.037305388703297554,0.37725315177557633,0.7,0.3,0.0
6-2-0.pt,6,2,0.26356382325120425,hard,0.8154970232346974,0.09441922183609565,0.07149257506207275,0.25249733030957816,0.11420929854630824,0.7,0.3,0.0
6-20-0.pt,6,20,0.11309975510690438,medium,0.29211591994665503,0.19394413155023305,0.000874425112390267,0.025132501401922806,0.3838825230271381,0.7,0.3,0.0
6-21-0.pt,6,21,0.11040244832592,medium,0.28359463601638957,0.18521693094966338,0.0008081514558187336,0.02727036665988594,0.390404988992793,0.7,0.3,0.0
6-22-0.pt,6,22,0.06527326501245913,easy,0.2508669016003656,0.11032455528008782,0.0007487977116963439,0.016899939119717575,0.3969839004852131,0.7,0.3,0.0
6-23-0.pt,6,23,0.07326703974949364,easy,0.23553832915703596,0.14089761187074226,0.0006951891971483501,0.013061897653114381,0.40303178172837084,0.7,0.3,0.0
6-24-0.pt,6,24,0.02581793654318913,easy,0.22648415534292884,0.024299409797805805,0.0006489783422883119,0.016019631034254644,0.4089092360449162,0.7,0.3,0.0
6-25-0.pt,6,25,0.0530542508959371,easy,0.19539627672203086,0.10978897768020834,0.0006078183820087629,0.0206593413101099,0.4141803703846401,0.7,0.3,0.0
6-26-0.pt,6,26,0.06746107374738422,easy,0.18874285234654212,0.1440104060122076,0.0005701538917882704,0.02072323007438051,0.41969637801706466,0.7,0.3,0.0
6-27-0.pt,6,27,0.05999277731781711,easy,0.20525470629752987,0.10729463619294922,0.0005392804743615319,0.015732668017271727,0.42507917799382955,0.7,0.3,0.0
6-28-0.pt,6,28,0.04497483671710665,easy,0.21150457901454334,0.055736554764596546,0.0005098200185810374,0.01822181727566166,0.42995851297260246,0.7,0.3,0.0
6-29-0.pt,6,29,0.08623461113504895,medium,0.21846306066226137,0.14231556316637667,0.0004847610306898575,0.018344859971781993,0.43473070677831,0.7,0.3,0.0
6-3-0.pt,6,3,0.21807789653451995,hard,0.6741393639317049,0.21597378566753778,0.023756110197767685,0.15543931538540168,0.15526643541918628,0.7,0.3,0.0
6-30-0.pt,6,30,0.05754816944794588,easy,0.21425044972353086,0.07693796111144018,0.0004615963755037235,0.012258361691180608,0.4394116718608505,0.7,0.3,0.0
6-31-0.pt,6,31,0.05085603414559623,easy,0.2021715776928919,0.06974101128217916,0.00044329757618796154,0.00931033299253113,0.44396214768999076,0.7,0.3,0.0
6-32-0.pt,6,32,0.06425438298644215,easy,0.20071906250216281,0.09348704906163538,0.0004270720021615632,0.01333050538109698,0.4486129165157521,0.7,0.3,0.0
6-33-0.pt,6,33,0.05369183255122032,easy,0.18764480386693583,0.07175444318890706,0.00041386416068572363,0.016783043992032107,0.45297370559705463,0.7,0.3,0.0
6-34-0.pt,6,34,0.060741779333663454,easy,0.1921056728678767,0.08482009994390113,0.0003998627997710511,0.01101145596556258,0.45700294942680336,0.7,0.3,0.0
6-35-0.pt,6,35,0.05783311619309088,easy,0.19498291464108092,0.07010723920742448,0.00038935139183557155,0.010140477491092285,0.4612825135677349,0.7,0.3,0.0
6-36-0.pt,6,36,0.05292937851067934,easy,0.20594304694020443,0.04113965098243831,0.0003793209884168187,0.011107202206516918,0.4651849106003686,0.7,0.3,0.0
6-37-0.pt,6,37,0.07214520561076507,easy,0.20092036535112562,0.08383443959099988,0.00037236422242122215,0.014621856231221217,0.46924055502899076,0.7,0.3,0.0
6-38-0.pt,6,38,0.07451941857468329,easy,0.19492595602479246,0.09593996101513276,0.00036446539675043016,0.009360557537424175,0.4729462399336781,0.7,0.3,0.0
6-39-0.pt,6,39,0.07512385205558018,easy,0.2074484545501199,0.08039832488211578,0.00035879106826944946,0.008726423480902428,0.47681289044115654,0.7,0.3,0.0
6-4-0.pt,6,4,0.10982762580194391,medium,0.5993250195050073,0.06504468686316521,0.010585380831515053,0.0906084859141057,0.18658047892109123,0.7,0.3,0.0
6-40-0.pt,6,40,0.07124138870944517,easy,0.2079123368716662,0.06529215131197688,0.0003539086737287963,0.008605678433070113,0.4808597126210064,0.7,0.3,0.0
6-41-0.pt,6,41,0.09981067860777373,medium,0.21793951073989906,0.1204949523949643,0.0003496719810480707,0.007819563400552312,0.4844628905708777,0.7,0.3,0.0
6-42-0.pt,6,42,0.0846100027289706,easy,0.228254621478914,0.07055620258496054,0.00034555285410001305,0.0059744584128868655,0.487969869054547,0.7,0.3,0.0
6-43-0.pt,6,43,0.09897169874158009,medium,0.2480804359154097,0.07209888386931737,0.00034273977221132754,0.014692900765375612,0.49152418816257104,0.7,0.3,0.0
6-44-0.pt,6,44,0.09422817773321722,medium,0.24222780135403332,0.06245159621420105,0.00033985342888674354,0.014283836422127237,0.4948599879986569,0.7,0.3,0.0
6-45-0.pt,6,45,0.17355251782845435,hard,0.28871383638829756,0.20736437514261313,0.00033809246746902526,0.010819823765512602,0.4980624470844623,0.7,0.3,0.0
6-46-0.pt,6,46,0.13868577200874066,medium,0.29811363869037183,0.11227078184974064,0.00033598304546030044,0.007705213579102066,0.5013379937471881,0.7,0.3,0.0
6-47-0.pt,6,47,0.12112992684696414,medium,0.3042484367705394,0.05712254341786235,0.0003349733094649963,0.01015583835941455,0.5043809522569535,0.7,0.3,0.0
6-48-0.pt,6,48,0.11579759613160878,medium,0.31372559388225413,0.029990779254673618,0.0003337556584528864,0.010730562603574991,0.5075225919089713,0.7,0.3,0.0
6-49-0.pt,6,49,0.17382667788429035,hard,0.3436543451256342,0.13708347645179822,0.0003331168999952206,0.01045629734438444,0.5104195594078446,0.7,0.3,0.0
6-5-0.pt,6,5,0.07913453515056951,easy,0.5110826301886023,0.074908853486771,0.005778520802909282,0.06602682565352669,0.21179394895780151,0.7,0.3,0.0
6-50-0.pt,6,50,0.16754172125930933,hard,0.36047283023065735,0.10361648279858596,0.00033269067511264636,0.008124109178390983,0.5132533705658507,0.7,0.3,0.0
6-6-0.pt,6,6,0.0906038578251775,medium,0.5089125815728807,0.09189265057560737,0.004094686975823677,0.05260662096941976,0.23298395425003773,0.7,0.3,0.0
6-7-0.pt,6,7,0.06724111122951627,easy,0.4295610420454729,0.10575474532641409,0.003325356606098975,0.03809646666663346,0.25122467310857527,0.7,0.3,0.0
6-8-0.pt,6,8,0.0573100537180387,easy,0.3667614780536922,0.11100505581855546,0.0028972786310040603,0.0508360305746575,0.26720826101267153,0.7,0.3,0.0
6-9-0.pt,6,9,0.070244220884784,easy,0.3269820078417127,0.16329946381951205,0.002575503617538626,0.051047553588633124,0.2814954770654172,0.7,0.3,0.0
7-10-0.pt,7,10,0.06819379077757506,easy,0.32889541175443815,0.13028491642121345,0.00153841958750377,0.036041405574182755,0.31332724108427834,0.7,0.3,0.0
7-11-0.pt,7,11,0.04005923927247357,easy,0.35980528073222817,0.030422704831584185,0.0013648107251774569,0.021351819144700947,0.3251423611267602,0.7,0.3,0.0
7-12-0.pt,7,12,0.057982685838058615,easy,0.33710474904836274,0.08620112225655278,0.0012208413455635368,0.017188592249935526,0.3362003887566469,0.7,0.3,0.0
7-13-0.pt,7,13,0.07950301420963617,easy,0.34578905688057177,0.1015384531142953,0.0010991598996013211,0.031659115893153775,0.34658992018867196,0.7,0.3,0.0
7-14-0.pt,7,14,0.07643868084959131,easy,0.3047250334390179,0.12684536860486217,0.0009838539451458937,0.027335752483120385,0.35622915841445,0.7,0.3,0.0
7-15-0.pt,7,15,0.0875749877743222,medium,0.2457483037138276,0.19376552168826724,0.0008866081977892068,0.034324193594952694,0.3653951818247044,0.7,0.3,0.0
7-16-0.pt,7,16,0.03614883209486659,easy,0.2226937048905108,0.0919855262787994,0.0007993455375583458,0.023099366227652178,0.3741185121382053,0.7,0.3,0.0
7-17-0.pt,7,17,0.11165670532991542,medium,0.23686177199962669,0.24077090026637435,0.0007203495715305225,0.03261546702242164,0.38207305217966364,0.7,0.3,0.0
7-18-0.pt,7,18,0.12944255079020872,medium,0.2626732007039624,0.25024289828374746,0.0006536267664116333,0.03029075288716157,0.3897690537665797,0.7,0.3,0.0
7-19-0.pt,7,19,0.043016601281558334,easy,0.23622633018440917,0.07272407197342642,0.0005940803340305939,0.0149469729499903,0.3973071513486137,0.7,0.3,0.0
7-2-0.pt,7,2,0.23409977042608057,hard,0.7547975333976816,0.12550924856122558,0.07026746820176981,0.1886297080300761,0.13180989616606278,0.7,0.3,0.0
7-20-0.pt,7,20,0.053242478037932875,easy,0.2180101169745959,0.10403357476427073,0.0005382194434265653,0.01767840743362824,0.40410341810104533,0.7,0.3,0.0
7-21-0.pt,7,21,0.04842634467241394,easy,0.22522462112455738,0.08161443874559106,0.0004934189910547423,0.01243157354973705,0.4107663881461588,0.7,0.3,0.0
7-22-0.pt,7,22,0.044053518761742336,easy,0.17382780958251914,0.11568857017608745,0.00044891202753967436,0.010846579321512737,0.4170745642281264,0.7,0.3,0.0
7-23-0.pt,7,23,0.0555386738662365,easy,0.17612493398684717,0.13028931925684162,0.0004119991101759877,0.01375481427767419,0.42315420603905396,0.7,0.3,0.0
7-24-0.pt,7,24,0.0337622451092071,easy,0.18023827750421692,0.06962800091141391,0.00038026122887037985,0.009743126397081173,0.42906700303510975,0.7,0.3,0.0
7-25-0.pt,7,25,0.04956565031300981,easy,0.1724518550711356,0.10908398588057959,0.0003523868197650302,0.0091861113694175,0.4345022599637092,0.7,0.3,0.0
7-26-0.pt,7,26,0.06433958974540488,easy,0.1870420154217208,0.11465463406950556,0.0003259808438516026,0.017558164082392358,0.440001039830312,0.7,0.3,0.0
7-27-0.pt,7,27,0.04478496361477263,easy,0.15875822723744384,0.09078163057097412,0.0003051352412770242,0.01517802822517316,0.44542255528496943,0.7,0.3,0.0
7-28-0.pt,7,28,0.036584452651796016,easy,0.17923170223882898,0.04576502108289538,0.00028675014639956945,0.013069039337362594,0.45055723839607387,0.7,0.3,0.0
7-29-0.pt,7,29,0.04603429098083331,easy,0.16596647260642164,0.07470310660482711,0.00027166545443017544,0.013552117322188117,0.4556538232998812,0.7,0.3,0.0
7-3-0.pt,7,3,0.16181862020110027,medium,0.6412373555144586,0.13403450508032586,0.022979839932250667,0.11080903388789182,0.17334236150038532,0.7,0.3,0.0
7-30-0.pt,7,30,0.06252769755192115,easy,0.18290656180316037,0.10043051148543646,0.0002563318466640853,0.0046270289830347726,0.4603564296086597,0.7,0.3,0.0
7-31-0.pt,7,31,0.06544551247493033,easy,0.18355901001074199,0.10043051148543646,0.0002441092026201086,0.004945772680375148,0.46496771205213816,0.7,0.3,0.0
7-32-0.pt,7,32,0.06613189277004274,easy,0.17299201124642644,0.10441114081523112,0.00023338601703711928,0.007002621973873176,0.46964933050399793,0.7,0.3,0.0
7-33-0.pt,7,33,0.07196169474372312,easy,0.16807584928354122,0.1095341469431134,0.00022460188705943288,0.015188619819973213,0.47398112438188256,0.7,0.3,0.0
7-34-0.pt,7,34,0.09150561229220729,medium,0.1627452692365865,0.1539243409217383,0.00021702013050936195,0.017568302052588282,0.4784465392230434,0.7,0.3,0.0
7-35-0.pt,7,35,0.07982208429573612,easy,0.18032703366848693,0.10463676389071166,0.00021154313324524556,0.014745872185637318,0.483147279469041,0.7,0.3,0.0
7-36-0.pt,7,36,0.0751271033011114,easy,0.17911944857358172,0.0927874189225225,0.00020515731390987352,0.011062655995359709,0.48720176627267037,0.7,0.3,0.0
7-37-0.pt,7,37,0.07972848579700921,easy,0.17540386946419195,0.09893283379044841,0.00020034895004963953,0.014653193301663262,0.4910750254972108,0.7,0.3,0.0
7-38-0.pt,7,38,0.1106171130114162,medium,0.18504124910467246,0.15509279565833936,0.00019623743701647017,0.018326345877874926,0.49512516215286384,0.7,0.3,0.0
7-39-0.pt,7,39,0.08663504824365403,medium,0.18397546119395072,0.10096141199754913,0.0001925568025037262,0.010527836778400683,0.49882243401575077,0.7,0.3,0.0
7-4-0.pt,7,4,0.10658609595725729,medium,0.5328896132258486,0.09711344543969797,0.010187562370662297,0.09346508869343975,0.2047350803855249,0.7,0.3,0.0
7-40-0.pt,7,40,0.09206825388723663,medium,0.19191179783731116,0.10418669021514054,0.00018946729032080328,0.007525806926485053,0.5026008231403178,0.7,0.3,0.0
7-41-0.pt,7,41,0.09098279338549863,medium,0.21421097211938844,0.07456304500627153,0.00018731789253363643,0.007514606074118156,0.5061541352272033,0.7,0.3,0.0
7-42-0.pt,7,42,0.09522920014658169,medium,0.22082775350415942,0.07456304500627153,0.00018538875898329145,0.006336924329701736,0.5098148703574992,0.7,0.3,0.0
7-43-0.pt,7,43,0.10561036866343378,medium,0.25175923519548854,0.06330121867394846,0.00018409982627050274,0.00752439424348815,0.5130558333575792,0.7,0.3,0.0
7-44-0.pt,7,44,0.1065471438418613,medium,0.24931102963207466,0.06557137986112173,0.00018280462647681363,0.005102097904389305,0.5167321752766836,0.7,0.3,0.0
7-45-0.pt,7,45,0.1382875462095515,medium,0.2764601155789722,0.11002685315849213,0.00018229453945171726,0.005816328283183261,0.520187341795348,0.7,0.3,0.0
7-46-0.pt,7,46,0.11705219460328618,medium,0.2784770801524728,0.0488124663737825,0.00018137893736725245,0.008906022467486044,0.5237062333322976,0.7,0.3,0.0
7-47-0.pt,7,47,0.20169685063199486,hard,0.2761810675948968,0.24562547403219862,0.00018117852068523396,0.015023800288413413,0.5270504360343568,0.7,0.3,0.0
7-48-0.pt,7,48,0.13509483082333532,medium,0.2746109301594984,0.0854658865824469,0.00018088838633567193,0.010768365573599378,0.5305456153649727,0.7,0.3,0.0
7-49-0.pt,7,49,0.14596021270676204,medium,0.2966915338131227,0.0854658865824469,0.00018090562150383167,0.010770884244176031,0.5337456599668784,0.7,0.3,0.0
7-5-0.pt,7,5,0.08287075835370994,easy,0.5261355421188324,0.05261534187059016,0.005209474447020246,0.05844733857733545,0.23023989197390482,0.7,0.3,0.0
7-50-0.pt,7,50,0.15638188735527203,medium,0.30888221884143335,0.08828803245614966,0.00018106942445633912,0.017285475030374333,0.536553702725722,0.7,0.3,0.0
7-6-0.pt,7,6,0.051211101086328474,easy,0.42407190982029885,0.06702432998896432,0.0032667206713128563,0.043403155588972626,0.251327432285904,0.7,0.3,0.0
7-7-0.pt,7,7,0.08079102927110814,easy,0.37757412906201,0.14189340675837303,0.002415276600120714,0.06323650504797647,0.26967397607020704,0.7,0.3,0.0
7-8-0.pt,7,8,0.03849456467630865,easy,0.3255921807941845,0.09672029452703851,0.0019957550431742017,0.037153418850410964,0.28566463733400094,0.7,0.3,0.0
7-9-0.pt,7,9,0.0193940517749565,easy,0.30604349201699776,0.04888412972229953,0.0017343620951087836,0.039258719147584956,0.30020569932815794,0.7,0.3,0.0
8-10-0.pt,8,10,0.04025194775032916,easy,0.3053016566809398,0.08114958394086057,0.001067497896680075,0.019530986253167768,0.3299437130692852,0.7,0.3,0.0
8-11-0.pt,8,11,0.05282535135555806,easy,0.3284664943127489,0.07090901767817236,0.000934748977653343,0.021334220570535776,0.34191840396276246,0.7,0.3,0.0
8-12-0.pt,8,12,0.05091773951977179,easy,0.29860042140264237,0.08209114806318762,0.0008277271163799805,0.020634403122854462,0.3531405581571284,0.7,0.3,0.0
8-13-0.pt,8,13,0.15488649511558775,medium,0.25489950148556784,0.34265176755799764,0.0007403944083740083,0.04166199376624044,0.36376814045278677,0.7,0.3,0.0
8-14-0.pt,8,14,0.027699207459206603,easy,0.22359390916257402,0.07290397379373505,0.0006600642732709632,0.021730548912259614,0.37352895412823384,0.7,0.3,0.0
8-15-0.pt,8,15,0.08589064432729418,medium,0.2239985162718645,0.18913659245445386,0.000584035664883792,0.034144379636861455,0.38258810308387087,0.7,0.3,0.0
8-16-0.pt,8,16,0.09131367590993018,medium,0.2356870181398403,0.18796552135714145,0.0005242417349271954,0.024948283819974933,0.39155165551666693,0.7,0.3,0.0
8-17-0.pt,8,17,0.039213157081381164,easy,0.22544502884186005,0.07371365501371904,0.0004723848330528381,0.01229800970735709,0.39983388667204145,0.7,0.3,0.0
8-18-0.pt,8,18,0.040283958921395684,easy,0.21980837805731335,0.0680723320097061,0.000422529234672011,0.016064379792165406,0.40749856984282745,0.7,0.3,0.0
8-19-0.pt,8,19,0.04777770763735213,easy,0.21363998990537042,0.08267949491262343,0.0003791076354170307,0.015823293697643234,0.4150462110292763,0.7,0.3,0.0
8-2-0.pt,8,2,0.23767332438932107,hard,0.747144623014878,0.13255573134416887,0.06906596301829222,0.1784182901429733,0.14741516387645462,0.7,0.3,0.0
8-20-0.pt,8,20,0.11310372087049375,medium,0.16209945849771926,0.2737325679021799,0.00033885469271323354,0.025653587533566936,0.42180884372257954,0.7,0.3,0.0
8-21-0.pt,8,21,0.07907958053854387,easy,0.17955034210499757,0.16890458176500842,0.00030723629966850617,0.021762989928411393,0.4285033954599278,0.7,0.3,0.0
8-22-0.pt,8,22,0.06034129490267532,easy,0.16430605190135222,0.13510752884204857,0.00027643609062590405,0.016820768343488415,0.4350074153815673,0.7,0.3,0.0
8-23-0.pt,8,23,0.08089661808981442,easy,0.1635117655919784,0.18301642642061758,0.00024785075655628006,0.011619636900742615,0.4409800957907859,0.7,0.3,0.0
8-24-0.pt,8,24,0.05610206027200814,easy,0.15525531839870357,0.12196891496731328,0.0002263988201700193,0.012913774515404538,0.44698946513802384,0.7,0.3,0.0
8-25-0.pt,8,25,0.035816624144479975,easy,0.14136724186160152,0.08170440925612081,0.0002087825683081613,0.010372010154941134,0.4527005535139104,0.7,0.3,0.0
8-26-0.pt,8,26,0.05186571746093593,easy,0.12878004797406295,0.12144476781646314,0.0001918964466402843,0.014419067002519716,0.45851057282784696,0.7,0.3,0.0
8-27-0.pt,8,27,0.0326022918720054,easy,0.14368306488806737,0.060606266016314504,0.00017671868061745774,0.0066101664848838,0.46386210399426214,0.7,0.3,0.0
8-28-0.pt,8,28,0.05555274614254368,easy,0.1647866398401499,0.08132042768773232,0.0001632620276025006,0.013748531859471926,0.468887495484903,0.7,0.3,0.0
8-29-0.pt,8,29,0.05967645768833795,easy,0.1556973246403331,0.09749115574404138,0.00015384837693559308,0.009677624257143008,0.4741624498698624,0.7,0.3,0.0
8-3-0.pt,8,3,0.15036570926608697,medium,0.5708738816937516,0.15279487467029262,0.022039180194847238,0.11475238556290748,0.1890811965955299,0.7,0.3,0.0
8-30-0.pt,8,30,0.06597660960955219,easy,0.15482183719158288,0.10248681930338047,0.0001438535359376035,0.014341135896142844,0.47906018263377886,0.7,0.3,0.0
8-31-0.pt,8,31,0.04112615833623506,easy,0.13911218040940365,0.05431748087852609,0.0001375056324568507,0.011173522431879235,0.48422899861651475,0.7,0.3,0.0
8-32-0.pt,8,32,0.0659397532554289,easy,0.13835634791565726,0.10986926978784899,0.00013018057212018576,0.010231482800123117,0.4889599121143971,0.7,0.3,0.0
8-33-0.pt,8,33,0.057418931851304096,easy,0.13038402963447085,0.08585223945556475,0.00012400935628052997,0.015860747092903454,0.49327930219382654,0.7,0.3,0.0
8-34-0.pt,8,34,0.06351682632038183,easy,0.14283565876452503,0.0830857305834468,0.00011961837631703907,0.01483269048403835,0.49789855673980155,0.7,0.3,0.0
8-35-0.pt,8,35,0.07115062298824278,easy,0.14553806216936438,0.09547219707586306,0.0001148109688844084,0.012662108969892186,0.5021103885912999,0.7,0.3,0.0
8-36-0.pt,8,36,0.08630676731584437,medium,0.15569152271825104,0.11793609835705804,0.00011103262402318671,0.011408717156058637,0.5061542311099922,0.7,0.3,0.0
8-37-0.pt,8,37,0.08532255938456791,easy,0.17067053225619924,0.09710223366232139,0.00010855669843703703,0.00963749127373346,0.5101121013583443,0.7,0.3,0.0
8-38-0.pt,8,38,0.07585438248682626,easy,0.1740285418791429,0.06888262336206599,0.0001059943337700158,0.006322613945737707,0.5140674594881702,0.7,0.3,0.0
8-39-0.pt,8,39,0.10118204298880915,medium,0.19293493530265346,0.1075825405406599,0.00010435731804432034,0.0047307965667474534,0.5181033837945446,0.7,0.3,0.0
8-4-0.pt,8,4,0.0917062942997859,medium,0.4912616481021205,0.08943681563574994,0.009804345196587294,0.08598124899063898,0.22067695984494348,0.7,0.3,0.0
8-40-0.pt,8,40,0.10275728726035001,medium,0.19998520110126303,0.09536434882471814,0.00010292198447522646,0.008622856362732923,0.5219476224691864,0.7,0.3,0.0
8-41-0.pt,8,41,0.06861239769490259,easy,0.18619753439445424,0.020703023452425535,0.00010193963786859124,0.009038487994561903,0.5259572467430562,0.7,0.3,0.0
8-42-0.pt,8,42,0.11012742679046839,medium,0.17592655440349572,0.12241452931491445,0.00010114910096758944,0.013005403087813953,0.5298594133086498,0.7,0.3,0.0
8-43-0.pt,8,43,0.11577181879168659,medium,0.1954007789995097,0.11516928766930881,0.000100719409378369,0.00951289851053098,0.5335865422037798,0.7,0.3,0.0
8-44-0.pt,8,44,0.10196106292526835,medium,0.19585918125262103,0.07834313504733469,0.0001002500096381839,0.007550659855652281,0.5372632614505979,0.7,0.3,0.0
8-45-0.pt,8,45,0.11987308651459339,medium,0.2079980568853334,0.09724990981670639,0.00010013096646039932,0.015249614478951772,0.5407729706883,0.7,0.3,0.0
8-46-0.pt,8,46,0.14288762336273414,medium,0.24172386311082497,0.1209157924662575,0.00010013797155892934,0.009161881340431314,0.5441333975618492,0.7,0.3,0.0
8-47-0.pt,8,47,0.13253057893271064,medium,0.2740948209755959,0.0620726985345827,0.00010065246899976815,0.006244053321964125,0.547377039771502,0.7,0.3,0.0
8-48-0.pt,8,48,0.14613828407980586,medium,0.2805110632312819,0.08525557362004516,0.0001007960243117072,0.005254976647809306,0.5506651490093124,0.7,0.3,0.0
8-49-0.pt,8,49,0.15048432312429072,medium,0.2893187230454358,0.07589925851064132,0.00010119432030940164,0.012076935859494708,0.5538767074261661,0.7,0.3,0.0
8-5-0.pt,8,5,0.06965254433782675,easy,0.4842627489197855,0.04433486196104727,0.004837446470393977,0.05563307971527779,0.24632771771537476,0.7,0.3,0.0
8-50-0.pt,8,50,0.2676957813266298,hard,0.30714609497284656,0.3329704538161258,0.00010143342763638061,0.016718109232164744,0.5572156528161771,0.7,0.3,0.0
8-6-0.pt,8,6,0.05338726259947522,easy,0.3993733497994332,0.07495097797114858,0.002842778398213205,0.04437857945426331,0.2675483004721957,0.7,0.3,0.0
8-7-0.pt,8,7,0.09686256692026309,medium,0.3154431327878232,0.22299644930230997,0.001914410626985668,0.062219163499516,0.28588697082676673,0.7,0.3,0.0
8-8-0.pt,8,8,0.020957365580218098,easy,0.30107845747908774,0.06672553659789707,0.0014800132313375206,0.027873033458633043,0.302131027962215,0.7,0.3,0.0
8-9-0.pt,8,9,0.05692273572181087,easy,0.3156101664434816,0.12459847732411729,0.0012302296364836412,0.023629993619717127,0.31663691794759763,0.7,0.3,0.0
9-10-0.pt,9,10,0.07588269701040745,easy,0.3325209942855506,0.11115004127454581,0.0007739844167125972,0.02933382891893978,0.34473038030089315,0.7,0.3,0.0
9-11-0.pt,9,11,0.031140609402420343,easy,0.2692465811140249,0.05952484926073846,0.000660711031853969,0.019590984551819058,0.3570781022659034,0.7,0.3,0.0
9-12-0.pt,9,12,0.013055409742135067,easy,0.22745272080795675,0.0387884934797717,0.0005814435295568351,0.023187024380282074,0.36854915685225625,0.7,0.3,0.0
9-13-0.pt,9,13,0.03949878880220544,easy,0.2244932340971798,0.09570851707697897,0.0005114487838410812,0.0192218051384235,0.3792194889701537,0.7,0.3,0.0
9-14-0.pt,9,14,0.154970144797061,medium,0.22724569468755437,0.3514552276250541,0.00044788207485292977,0.027815415773089307,0.38881890458863877,0.7,0.3,0.0
9-15-0.pt,9,15,0.056585922735529294,easy,0.20025004061397353,0.14000633583917058,0.00039938909565674397,0.015204555581616557,0.39844304404721365,0.7,0.3,0.0
9-16-0.pt,9,16,0.043342756934296935,easy,0.18701365741720555,0.11274123504749377,0.00035249612122524734,0.011895947229112809,0.40732855024008585,0.7,0.3,0.0
9-17-0.pt,9,17,0.08166903139309578,easy,0.21996309208947276,0.15078410736090764,0.0003148211325716768,0.02270256841127038,0.41569875031246245,0.7,0.3,0.0
9-18-0.pt,9,18,0.044039302627492345,easy,0.1649597616245575,0.11026791182788016,0.000277448556994503,0.017088220881274437,0.4232512655711649,0.7,0.3,0.0
9-19-0.pt,9,19,0.01841130221848224,easy,0.16784149777248705,0.037869935663436646,0.00024519815222100394,0.01449643859453879,0.4308378866428168,0.7,0.3,0.0
9-2-0.pt,9,2,0.30392877512498667,hard,0.7324759462665474,0.29849715015149875,0.0680428459129172,0.17005571026349325,0.16147387385820686,0.7,0.3,0.0
9-20-0.pt,9,20,0.0362350867157979,easy,0.1447121528712524,0.09864881837311669,0.00021582482936009358,0.010929098449955304,0.4377271512645181,0.7,0.3,0.0
9-21-0.pt,9,21,0.0460027033609856,easy,0.15908287558768386,0.10066216585394291,0.00019094332196612258,0.00951012464402996,0.44431091708170234,0.7,0.3,0.0
9-22-0.pt,9,22,0.029846711985640983,easy,0.14785351577776842,0.06642076266120113,0.0001708324175588526,0.006934113795739256,0.4510478083326179,0.7,0.3,0.0
9-23-0.pt,9,23,0.04035573662171656,easy,0.12831447431092693,0.09864881837311669,0.00015436033326402231,0.011018981096085088,0.4576157162378062,0.7,0.3,0.0
9-24-0.pt,9,24,0.024959575616512547,easy,0.1522507113066109,0.03127650349595811,0.00013704779900807805,0.009510951889603644,0.4633981490567186,0.7,0.3,0.0
9-25-0.pt,9,25,0.06167237599707474,easy,0.1529477640650089,0.11015324390322691,0.00012372147421579503,0.011468496406481727,0.46900179543563053,0.7,0.3,0.0
9-26-0.pt,9,26,0.036123641457190034,easy,0.1333287299601719,0.06140244107415758,0.00011311125748209902,0.009862425560110858,0.4751078654473519,0.7,0.3,0.0
9-27-0.pt,9,27,0.05610917176485522,easy,0.12815954661765805,0.10700902042535201,0.00010214041066739269,0.010663429206348921,0.4805349193601145,0.7,0.3,0.0
9-28-0.pt,9,28,0.06636902993599063,easy,0.1302938610508547,0.12250212740676976,9.555267952781269e-05,0.01044703536509527,0.48615891512089543,0.7,0.3,0.0
9-29-0.pt,9,29,0.06676389846074168,easy,0.1243069379196769,0.12250212740676976,8.845837877536349e-05,0.0103976017940281,0.4914420252678428,0.7,0.3,0.0
9-3-0.pt,9,3,0.12143342419014895,medium,0.5810058248168022,0.08657069262907872,0.021137598603279385,0.08280427299636538,0.20330670955403965,0.7,0.3,0.0
9-30-0.pt,9,30,0.05106677092872871,easy,0.1292727150192248,0.06852640140360386,8.198876354764802e-05,0.014741353126303494,0.4964562327042724,0.7,0.3,0.0
9-31-0.pt,9,31,0.06734690838824951,easy,0.12242643590883273,0.11235000143377509,7.597334931703481e-05,0.010869413323301757,0.5012426333179455,0.7,0.3,0.0
9-32-0.pt,9,32,0.06158921311079604,easy,0.11932464344222327,0.09725681343762604,7.099446362301439e-05,0.008833909968323825,0.5059871842467132,0.7,0.3,0.0
9-33-0.pt,9,33,0.04980541203655115,easy,0.12997169369984793,0.0558005913713278,6.725427889393055e-05,0.005345058311654388,0.5103295197429952,0.7,0.3,0.0
9-34-0.pt,9,34,0.0709795842820312,easy,0.14416196961660963,0.08929665388778142,6.418585368222488e-05,0.0029821533439706727,0.5148409045091771,0.7,0.3,0.0
9-35-0.pt,9,35,0.0798443923087556,easy,0.14319887856455266,0.10489418153947894,6.169479380697016e-05,0.0038641641014392865,0.5193409283418288,0.7,0.3,0.0
9-36-0.pt,9,36,0.0673233441909856,easy,0.1534250808964423,0.05593859075635686,5.970305140912774e-05,0.006650089798739336,0.5235757828903512,0.7,0.3,0.0
9-37-0.pt,9,37,0.07522640294531166,easy,0.133765588852104,0.08719749764838428,5.864066088353663e-05,0.008403923350493593,0.5279488432768046,0.7,0.3,0.0
9-38-0.pt,9,38,0.06546624840736041,easy,0.13300354375292564,0.05700713947382667,5.744782568111317e-05,0.010151246119305105,0.5321456132523081,0.7,0.3,0.0
9-39-0.pt,9,39,0.10167601542614273,medium,0.14551802925635884,0.12318742500401986,5.688071635733098e-05,0.013419680305864237,0.5364939264657171,0.7,0.3,0.0
9-4-0.pt,9,4,0.10172568395165758,medium,0.5183978102568026,0.09303551621018902,0.009454659054672843,0.060723206794192366,0.23512721286161906,0.7,0.3,0.0
9-40-0.pt,9,40,0.08987348500525658,medium,0.14402254919606153,0.09694704254122485,5.5836039137977044e-05,0.007449147741635673,0.5403534679287227,0.7,0.3,0.0
9-41-0.pt,9,41,0.10352137857947893,medium,0.1530310162041005,0.11216249495292398,5.544739609990776e-05,0.011078210520723532,0.5442868285897571,0.7,0.3,0.0
9-42-0.pt,9,42,0.13765709804882711,medium,0.2122863697889128,0.12930017363583252,5.560475797225247e-05,0.012894427152392534,0.5476755218691424,0.7,0.3,0.0
9-43-0.pt,9,43,0.1513776617188105,medium,0.2352741385797421,0.13489071481093692,5.555037176904327e-05,0.012738970389365712,0.5513114093158616,0.7,0.3,0.0
9-44-0.pt,9,44,0.1269002373041159,medium,0.21030645396308678,0.09529357259881424,5.528517833588675e-05,0.012898752090749612,0.5551640470292485,0.7,0.3,0.0
9-45-0.pt,9,45,0.1306154525202903,medium,0.2109597693549524,0.10385579944310645,5.5468341736209404e-05,0.00750574259681268,0.5590719952075159,0.7,0.3,0.0
9-46-0.pt,9,46,0.13987144603974025,medium,0.23391701708339124,0.09663894420796032,5.575502450867812e-05,0.0090926906392995,0.5629184612376371,0.7,0.3,0.0
9-47-0.pt,9,47,0.14885351963886403,medium,0.2447158226528402,0.10385579944310645,5.643009678790575e-05,0.008447167345499124,0.5662314894516011,0.7,0.3,0.0
9-48-0.pt,9,48,0.15131123695033963,medium,0.24761328418522988,0.10495455746543601,5.633288756939829e-05,0.0054194315091513545,0.5699944056706507,0.7,0.3,0.0
9-49-0.pt,9,49,0.16207837428095614,medium,0.26889171781141946,0.10495455746543601,5.690053050567585e-05,0.00571995677969305,0.5733949036872455,0.7,0.3,0.0
9-5-0.pt,9,5,0.07100706198375104,easy,0.4146255879540022,0.10768394812679227,0.004560062096852482,0.04653612433614202,0.260625116811463,0.7,0.3,0.0
9-50-0.pt,9,50,0.20360691518682641,hard,0.27931783046444886,0.1877003565862266,5.749731064748072e-05,0.009034813775085313,0.5765061374885911,0.7,0.3,0.0
9-6-0.pt,9,6,0.03777098198176714,easy,0.3291707541040225,0.08203950580865396,0.0025892222522097717,0.05085895039109511,0.2819289339588765,0.7,0.3,0.0
9-7-0.pt,9,7,0.06670600220213987,easy,0.32136777331100375,0.15450476984607173,0.0016245437772692518,0.03279210117168919,0.30039627089338566,0.7,0.3,0.0
9-8-0.pt,9,8,0.04787217308793082,easy,0.31637395445311606,0.09203785637060721,0.0011703433891245999,0.03338199485133831,0.31677143905246435,0.7,0.3,0.0
9-9-0.pt,9,9,0.04149128907384051,easy,0.2997471287441646,0.0876748063520818,0.0009203078656742239,0.019697780395301748,0.3314623698140144,0.7,0.3,0.0
