instance_id,jobs,machines,complexity_0_1,category,s_iforest,s_lof,s_knn,s_km,complexity_prior_0_1,complexity_unsupervised_0_1,complexity_supervised_0_1,cv_r2_mean_supervised,status,blend_w_unsup,blend_w_prior,blend_w_sup
10-10-0.pt,10,10,0.06256441050506588,easy,0.2490360521741677,0.031691660599787924,0.008971126121581045,0.9933333333333333,0.35848715033272543,0.9933333333333333,2.8461281502407223,0.9906380919768368,0.0,0.35,0.15,0.5
10-11-0.pt,10,11,0.06763316224233823,easy,0.195640160961609,0.031969528941814464,0.009867193173648611,0.9758333333333333,0.3709677708534326,0.9758333333333333,3.01838685340371,0.9906380919768368,0.0,0.35,0.15,0.5
10-12-0.pt,10,12,0.06499557256105577,easy,0.192001793227651,0.031962671778334895,0.011021059995641905,0.965,0.3824141247444691,0.965,2.940383533264511,0.9906380919768368,0.0,0.35,0.15,0.5
10-13-0.pt,10,13,0.07159876128075343,easy,0.21625621802755954,0.03080467460689913,0.012576774900013955,0.8670833333333333,0.39318255983233086,0.8670833333333333,3.23835896377009,0.9906380919768368,0.0,0.35,0.15,0.5
10-14-0.pt,10,14,0.06908679522389934,easy,0.14511127397504864,0.031296074437286395,0.013365550305140571,0.8045833333333333,0.40313751109471707,0.8045833333333333,3.2140101050613477,0.9906380919768368,0.0,0.35,0.15,0.5
10-15-0.pt,10,15,0.07481552228800047,easy,0.18619263826135707,0.032158870157535095,0.014655516097474957,0.92125,0.4127282495588075,0.92125,3.280962692850183,0.9906380919768368,0.0,0.35,0.15,0.5
10-16-0.pt,10,16,0.084650631492051,easy,0.15923229600379296,0.03176620050200972,0.01581238859335623,0.81,0.4215165704167643,0.81,3.694883221355989,0.9906380919768368,0.0,0.35,0.15,0.5
10-17-0.pt,10,17,0.08038769400028162,easy,0.18703096115986134,0.03335737500854034,0.01659711684989517,0.925,0.42988278778715594,0.925,3.4471019483228686,0.9906380919768368,0.0,0.35,0.15,0.5
10-18-0.pt,10,18,0.06759774739869097,easy,0.17683942372583294,0.03490219773835988,0.01716661253358093,0.555,0.43766655306784197,0.555,3.3897545469703014,0.9906380919768368,0.0,0.35,0.15,0.5
10-19-0.pt,10,19,0.08089981006292579,easy,0.16258625384801947,0.034701774497024995,0.017886094278815788,0.5258333333333334,0.44502279096820474,0.5258333333333334,3.8362390063642913,0.9906380919768368,0.0,0.35,0.15,0.5
10-2-0.pt,10,2,0.07151295193214822,easy,0.6594250695239343,0.08843130153859649,0.004755354829270744,0.955,0.174223712437981,0.955,3.2412626337651846,0.9906380919768368,0.0,0.35,0.15,0.5
10-20-0.pt,10,20,0.08648711760222197,easy,0.13329592205819799,0.03865987160328517,0.01867221252350807,0.6058333333333333,0.45226446867821807,0.6058333333333333,3.9344832742893012,0.9906380919768368,0.0,0.35,0.15,0.5
10-21-0.pt,10,21,0.0962179863023391,easy,0.1214052941186796,0.04045579771939507,0.019379543563707642,0.8754166666666666,0.45925285108790054,0.8754166666666666,3.9841803192373435,0.9906380919768368,0.0,0.35,0.15,0.5
10-22-0.pt,10,22,0.10447469851625418,easy,0.14225802352093198,0.042080780060206255,0.020487679548583264,0.49916666666666665,0.46584683747313654,0.49916666666666665,4.600598181234565,0.9906380919768368,0.0,0.35,0.15,0.5
10-23-0.pt,10,23,0.10567227447386601,easy,0.16659454326428796,0.04308475032499991,0.021338027918761625,0.60125,0.47225120575490254,0.60125,4.5390229493203345,0.9906380919768368,0.0,0.35,0.15,0.5
10-24-0.pt,10,24,0.10584207854593088,easy,0.1536472825035915,0.044728059507773636,0.022350813633780223,0.57625,0.4784025057214432,0.57625,4.565644352767154,0.9906380919768368,0.0,0.35,0.15,0.5
10-25-0.pt,10,25,0.11842171459381269,easy,0.1405724006973098,0.046508433323865964,0.023060777586631814,0.8945833333333333,0.48438242871597387,0.8945833333333333,4.65978585757284,0.9906380919768368,0.0,0.35,0.15,0.5
10-26-0.pt,10,26,0.1083697303290344,easy,0.13154323622338465,0.045305947614920086,0.02445653050043932,0.5291666666666667,0.49055270453358235,0.5291666666666667,4.6855577511852164,0.9906380919768368,0.0,0.35,0.15,0.5
10-27-0.pt,10,27,0.11345558182933682,easy,0.13013876142194977,0.04549560763075085,0.025205918316758686,0.7541666666666667,0.49613359467064977,0.7541666666666667,4.630881445350373,0.9906380919768368,0.0,0.35,0.15,0.5
10-28-0.pt,10,28,0.12137423257740332,easy,0.12959015774466337,0.04873076380352527,0.025988999409119445,0.7991666666666667,0.5014629780256705,0.7991666666666667,4.8370630919296875,0.9906380919768368,0.0,0.35,0.15,0.5
10-29-0.pt,10,29,0.13307363185601095,easy,0.13882182746914562,0.04992340703692074,0.02715661737051288,0.8183333333333334,0.5067186093135815,0.8183333333333334,5.187686550612774,0.9906380919768368,0.0,0.35,0.15,0.5
10-3-0.pt,10,3,0.06503071862237125,easy,0.5167192503687743,0.05507070496105995,0.0018707795127770514,0.9416666666666667,0.2161155585046861,0.9416666666666667,3.0313368838877888,0.9906380919768368,0.0,0.35,0.15,0.5
10-30-0.pt,10,30,0.1367294514061058,easy,0.15208667986349667,0.05431309695801896,0.028193093850938867,0.8020833333333334,0.5115988057192562,0.8020833333333334,5.31705032343356,0.9906380919768368,0.0,0.35,0.15,0.5
10-31-0.pt,10,31,0.14313227765997416,easy,0.13917092736807468,0.053738580120414395,0.02924701173663917,0.6841666666666667,0.5166547258204383,0.6841666666666667,5.629990181265409,0.9906380919768368,0.0,0.35,0.15,0.5
10-32-0.pt,10,32,0.14175462392968374,easy,0.15179504294822727,0.054162530515312265,0.030625207689357344,0.49416666666666664,0.5214221444793377,0.49416666666666664,5.764797088119392,0.9906380919768368,0.0,0.35,0.15,0.5
10-33-0.pt,10,33,0.14838511862561987,easy,0.15385189062561197,0.05289418975419024,0.03191948516293264,0.7658333333333334,0.526121755081723,0.7658333333333334,5.715140808627181,0.9906380919768368,0.0,0.35,0.15,0.5
10-34-0.pt,10,34,0.1549477540292728,easy,0.15159955668381492,0.05342173429233378,0.03316291297470234,0.7895833333333333,0.5310184155249523,0.7895833333333333,5.898681774144769,0.9906380919768368,0.0,0.35,0.15,0.5
10-35-0.pt,10,35,0.1650390981778003,easy,0.13923404080525578,0.05274650986169135,0.03458754818930595,0.7804166666666666,0.535905560831387,0.7804166666666666,6.225373296264791,0.9906380919768368,0.0,0.35,0.15,0.5
10-36-0.pt,10,36,0.14380660915512458,easy,0.1377375913560952,0.0573586705910495,0.03613472467934599,0.0033333333333333335,0.5402827624986735,0.0033333333333333335,6.288295390341789,0.9906380919768368,0.0,0.35,0.15,0.5
10-37-0.pt,10,37,0.16925629082362378,easy,0.13856642714026104,0.06140100570956857,0.03777438277601407,0.7845833333333333,0.5445590023667422,0.7845833333333333,6.351613112521025,0.9906380919768368,0.0,0.35,0.15,0.5
10-38-0.pt,10,38,0.17646152459471076,easy,0.19236932625962708,0.06145295128542352,0.03982489783891031,0.7775,0.5482049255850003,0.7775,6.585318828652323,0.9906380919768368,0.0,0.35,0.15,0.5
10-39-0.pt,10,39,0.18281055269547097,easy,0.18482188182218764,0.062446608265085496,0.04149511983816263,0.7591666666666667,0.5525161717611541,0.7591666666666667,6.802288602768428,0.9906380919768368,0.0,0.35,0.15,0.5
10-4-0.pt,10,4,0.04330006272507815,easy,0.4297383168994366,0.005522881432106927,0.0024920908206649646,0.4025,0.24799914169352436,0.4025,2.8413356570483455,0.9906380919768368,0.0,0.35,0.15,0.5
10-40-0.pt,10,40,0.16284240374272102,easy,0.18600336585627444,0.06532733248825083,0.04335434781729939,0.06625,0.5566450404128664,0.06625,6.825474166568241,0.9906380919768368,0.0,0.35,0.15,0.5
10-41-0.pt,10,41,0.1828485110060848,easy,0.18451066946888486,0.06767896673303628,0.045091803782433555,0.6579166666666667,0.5609018965085741,0.6579166666666667,6.896229366928037,0.9906380919768368,0.0,0.35,0.15,0.5
10-42-0.pt,10,42,0.19323009620681403,easy,0.18672154688111312,0.07245720334754298,0.04713835670845961,0.53,0.5648887196006116,0.53,7.345258816585503,0.9906380919768368,0.0,0.35,0.15,0.5
10-43-0.pt,10,43,0.20312648342230663,easy,0.18359676474331063,0.07501876995938254,0.04973684088940769,0.715,0.5684856179790047,0.715,7.481907266512081,0.9906380919768368,0.0,0.35,0.15,0.5
10-44-0.pt,10,44,0.2025239999205098,easy,0.17129466072102495,0.07768498074856413,0.05171293303057953,0.65,0.5726747935419132,0.65,7.5228247905642744,0.9906380919768368,0.0,0.35,0.15,0.5
10-45-0.pt,10,45,0.19104893080609042,easy,0.1754840344240064,0.07996383061728987,0.054088151287386865,0.34625,0.5765717562915873,0.34625,7.445838300717394,0.9906380919768368,0.0,0.35,0.15,0.5
10-46-0.pt,10,46,0.2105700963483717,easy,0.17445838551982576,0.08374795802499674,0.05624436657788359,0.7458333333333333,0.5804203055882515,0.7458333333333333,7.683791287312189,0.9906380919768368,0.0,0.35,0.15,0.5
10-47-0.pt,10,47,0.2178272707949618,medium,0.18680999054588415,0.08986699946176466,0.058945320515863396,0.6129166666666667,0.5839203744630028,0.6129166666666667,8.038698410448923,0.9906380919768368,0.0,0.35,0.15,0.5
10-48-0.pt,10,48,0.22171100436374513,medium,0.19803513398984648,0.09437265443910454,0.06199336986955695,0.7495833333333334,0.5872836613018364,0.7495833333333334,8.03069195901245,0.9906380919768368,0.0,0.35,0.15,0.5
10-49-0.pt,10,49,0.2205664642531966,medium,0.22115220292865587,0.09853222885641792,0.06474740632436288,0.6666666666666666,0.5906301664105897,0.6666666666666666,8.071779152268716,0.9906380919768368,0.0,0.35,0.15,0.5
10-5-0.pt,10,5,0.06146216208014479,easy,0.3824524127304994,0.004572064239099621,0.0034098619680932147,0.9575,0.27366223115821137,0.9575,2.879728962805195,0.9906380919768368,0.0,0.35,0.15,0.5
10-50-0.pt,10,50,0.20976577941558672,easy,0.23295245305543982,0.10737819277023075,0.06846717135755943,0.059583333333333335,0.5940162291193353,0.059583333333333335,8.304438366826757,0.9906380919768368,0.0,0.35,0.15,0.5
10-6-0.pt,10,6,0.05651929247878819,easy,0.3068457760521901,0.024774298200047718,0.003979434801255114,0.9341666666666667,0.29488510050554256,0.9341666666666667,2.7365214899227763,0.9906380919768368,0.0,0.35,0.15,0.5
10-7-0.pt,10,7,0.056462804875945245,easy,0.32224095739944686,0.0218806281050039,0.005398661976240364,0.9258333333333333,0.3137924599052756,0.9258333333333333,2.7349489705022796,0.9906380919768368,0.0,0.35,0.15,0.5
10-8-0.pt,10,8,0.03767475560751761,easy,0.3190119622620606,0.026693483494907112,0.006058488756005927,0.5058333333333334,0.3299997635296463,0.5058333333333334,2.5314674417349785,0.9906380919768368,0.0,0.35,0.15,0.5
10-9-0.pt,10,9,0.05282902294190454,easy,0.3031407984680241,0.029751302636484612,0.007617505233627925,0.7745833333333333,0.3448499546163303,0.7745833333333333,2.75072092295979,0.9906380919768368,0.0,0.35,0.15,0.5
11-10-0.pt,11,10,0.05815418006901406,easy,0.1950516134100838,0.033625135679439117,0.010378526747752486,0.4583333333333333,0.3711191070964076,0.4583333333333333,3.2091999722557967,0.9906380919768368,0.0,0.35,0.15,0.5
11-11-0.pt,11,11,0.06990290410970287,easy,0.19312092219037,0.031539314850831696,0.011581243071136293,0.7195833333333334,0.38356002023327046,0.7195833333333334,3.328573509955313,0.9906380919768368,0.0,0.35,0.15,0.5
11-12-0.pt,11,12,0.05672679239881595,easy,0.18690952150805823,0.033171077156574566,0.01294699667492983,0.9691666666666666,0.39520153886189385,0.9691666666666666,2.66903661306682,0.9906380919768368,0.0,0.35,0.15,0.5
11-13-0.pt,11,13,0.07796316894845128,easy,0.1343360553200895,0.03221526918071123,0.014544520370664043,0.8891666666666667,0.40616659088795565,0.8891666666666667,3.413905823150122,0.9906380919768368,0.0,0.35,0.15,0.5
11-14-0.pt,11,14,0.06340175819230462,easy,0.14022469747954217,0.03009900772011458,0.015335254316815511,0.07041666666666667,0.4161777053602821,0.07041666666666667,3.7256289635758306,0.9906380919768368,0.0,0.35,0.15,0.5
11-15-0.pt,11,15,0.08223527307408414,easy,0.13276673320067414,0.02997318101250314,0.01620742560987929,0.87625,0.4254824367499527,0.87625,3.5537701839709324,0.9906380919768368,0.0,0.35,0.15,0.5
11-16-0.pt,11,16,0.09512208153625576,easy,0.1383153506652516,0.034528918183200044,0.017822346716576988,0.8683333333333333,0.4346235122278676,0.8683333333333333,3.9661817551477405,0.9906380919768368,0.0,0.35,0.15,0.5
11-17-0.pt,11,17,0.0870556068388714,easy,0.12100232286555943,0.03217577006685781,0.01823171157312409,0.8829166666666667,0.44287522097033627,0.8829166666666667,3.6932035023723757,0.9906380919768368,0.0,0.35,0.15,0.5
11-18-0.pt,11,18,0.0959175311484752,easy,0.12018113360038009,0.03562522973549612,0.01910364539886796,0.9191666666666667,0.4507629275318692,0.9191666666666667,3.936562460770322,0.9906380919768368,0.0,0.35,0.15,0.5
11-19-0.pt,11,19,0.08307663391600183,easy,0.11484418879678292,0.03811125799278553,0.02033794735771549,0.10625,0.45862094117169777,0.10625,4.298176282503861,0.9906380919768368,0.0,0.35,0.15,0.5
11-2-0.pt,11,2,0.12983504772352744,easy,0.637107360410151,0.08167017286750504,0.0046401901564541,0.9879166666666667,0.1858056245464617,0.9879166666666667,5.054562890891673,0.9906380919768368,1.0,0.35,0.15,0.5
11-20-0.pt,11,20,0.096445825722287,easy,0.12007972248540848,0.0384234562523817,0.020921260889851037,0.9116666666666666,0.46572905074375015,0.9116666666666666,3.9543448329625623,0.9906380919768368,0.0,0.35,0.15,0.5
11-21-0.pt,11,21,0.10144428741980155,easy,0.13814285653682273,0.04290305853220203,0.0216804266420141,0.9104166666666667,0.47254827604249183,0.9104166666666667,4.111247395493267,0.9906380919768368,0.0,0.35,0.15,0.5
11-22-0.pt,11,22,0.08993575277777575,easy,0.12004029921501772,0.04420323044351897,0.02314473850357635,0.13083333333333333,0.47951671670117535,0.13083333333333333,4.483815375719502,0.9906380919768368,0.0,0.35,0.15,0.5
11-23-0.pt,11,23,0.1124233687012359,easy,0.10249197943847595,0.04084816801651922,0.0243057975543963,0.77625,0.48627491948220924,0.77625,4.581193439146213,0.9906380919768368,0.0,0.35,0.15,0.5
11-24-0.pt,11,24,0.11293173482201906,easy,0.10132247464509575,0.04292672582252245,0.025014263735196513,0.83,0.49264734171181324,0.83,4.543676581902184,0.9906380919768368,0.0,0.35,0.15,0.5
11-25-0.pt,11,25,0.11836728424764446,easy,0.1434598106106098,0.0454701949342391,0.025820226875798064,0.5375,0.4987138134949771,0.5375,4.991324401990652,0.9906380919768368,0.0,0.35,0.15,0.5
11-26-0.pt,11,26,0.11478452982516626,easy,0.10239983189430875,0.04559020706737081,0.02705054669092054,0.17541666666666667,0.5045838435757024,0.17541666666666667,5.2191789043209305,0.9906380919768368,0.0,0.35,0.15,0.5
11-27-0.pt,11,27,0.1389789609774522,easy,0.11491426525263575,0.047633500384519536,0.02788352410065893,0.8258333333333333,0.5100923852974133,0.8258333333333333,5.366436977134447,0.9906380919768368,0.0,0.35,0.15,0.5
11-28-0.pt,11,28,0.13642927151836864,easy,0.10862681543461804,0.050971104723014644,0.028854172878346532,0.82875,0.5154988513152315,0.82875,5.280621516851281,0.9906380919768368,0.0,0.35,0.15,0.5
11-29-0.pt,11,29,0.14786172564605776,easy,0.1355985983637844,0.04840837646566601,0.030002460684929063,0.8370833333333333,0.5207138262791109,0.8370833333333333,5.63308490447247,0.9906380919768368,0.0,0.35,0.15,0.5
11-3-0.pt,11,3,0.061229842404036366,easy,0.47743338118014605,0.03269111418213901,0.0023787531968840164,0.7620833333333333,0.2277650580229002,0.7620833333333333,3.0766155580190655,0.9906380919768368,0.0,0.35,0.15,0.5
11-30-0.pt,11,30,0.14665329529897259,easy,0.13098428210917687,0.049762104474946174,0.031058318754930515,0.8191666666666667,0.5259288747166371,0.8191666666666667,5.609659849407472,0.9906380919768368,0.0,0.35,0.15,0.5
11-31-0.pt,11,31,0.1477643574543025,easy,0.11147762376893716,0.05152940527649184,0.0323436716031197,0.80875,0.5313457768707595,0.80875,5.652576709155014,0.9906380919768368,0.0,0.35,0.15,0.5
11-32-0.pt,11,32,0.15499993359648864,easy,0.0994569555287026,0.051575036144532106,0.033660387317955384,0.8141666666666667,0.5365152569037925,0.8141666666666667,5.87475407943629,0.9906380919768368,0.0,0.35,0.15,0.5
11-33-0.pt,11,33,0.15470813631789715,easy,0.09966553933793454,0.05509758417653772,0.035152628841813256,0.60375,0.5414151250805013,0.60375,6.0633256153968675,0.9906380919768368,0.0,0.35,0.15,0.5
11-34-0.pt,11,34,0.15521520334648645,easy,0.11987096963856132,0.05496328210272266,0.03659929689739468,0.27541666666666664,0.546071092615651,0.27541666666666664,6.389303954648398,0.9906380919768368,0.0,0.35,0.15,0.5
11-35-0.pt,11,35,0.1746102559993594,easy,0.15680848844784973,0.05780708654636787,0.03819083072974502,0.51375,0.5502840696525437,0.51375,6.776237693787002,0.9906380919768368,0.0,0.35,0.15,0.5
11-36-0.pt,11,36,0.17921625728571813,easy,0.14097353730701742,0.055799909031537434,0.03982230537213395,0.7920833333333334,0.5548801567856362,0.7920833333333334,6.656100196889474,0.9906380919768368,0.0,0.35,0.15,0.5
11-37-0.pt,11,37,0.15780493713321508,easy,0.15692577320560325,0.05999188130568607,0.04150721616325518,0.34791666666666665,0.5593491096743555,0.34791666666666665,6.3971669124419535,0.9906380919768368,0.0,0.35,0.15,0.5
11-38-0.pt,11,38,0.18480588871579237,easy,0.16189384417252373,0.062369375408058564,0.043376430905332594,0.7970833333333334,0.563826706823358,0.7970833333333334,6.824946548605434,0.9906380919768368,0.0,0.35,0.15,0.5
11-39-0.pt,11,39,0.18414862492786443,easy,0.14701005572513232,0.06493411339217582,0.04541946539754765,0.7345833333333334,0.567999940728218,0.7345833333333334,6.861759516379217,0.9906380919768368,0.0,0.35,0.15,0.5
11-4-0.pt,11,4,0.07272842135823847,easy,0.406548930757774,0.003087343798954193,0.0031229274324545675,0.8575,0.2597746409588721,0.8575,3.3375736906934903,0.9906380919768368,0.0,0.35,0.15,0.5
11-40-0.pt,11,40,0.19918066171945867,easy,0.12997002094657215,0.06587918089477594,0.047454017503197804,0.7616666666666667,0.5725587628596427,0.7616666666666667,7.310819677176032,0.9906380919768368,0.0,0.35,0.15,0.5
11-41-0.pt,11,41,0.20276862042946836,easy,0.12660753012431059,0.06652158654377599,0.049443103321390645,0.71125,0.5768345243724915,0.71125,7.470723412806151,0.9906380919768368,0.0,0.35,0.15,0.5
11-42-0.pt,11,42,0.1866202928980558,easy,0.11232604189189085,0.07061587638135616,0.05164783121378912,0.09875,0.5808607941729874,0.09875,7.5387032555114155,0.9906380919768368,0.0,0.35,0.15,0.5
11-43-0.pt,11,43,0.21817290891409263,medium,0.12554998222755537,0.07254837013991287,0.0542160973721,0.7525,0.5845830734889202,0.7525,7.916835640601492,0.9906380919768368,0.0,0.35,0.15,0.5
11-44-0.pt,11,44,0.20450215833221883,easy,0.14058947955590198,0.07817538520888753,0.056502540340106024,0.36,0.5886005534067399,0.36,7.854459269101591,0.9906380919768368,0.0,0.35,0.15,0.5
11-45-0.pt,11,45,0.21813480201786792,medium,0.1734969687306033,0.07836022794203927,0.05928574132326506,0.7183333333333334,0.5923033917926912,0.7183333333333334,7.944930995256411,0.9906380919768368,0.0,0.35,0.15,0.5
11-46-0.pt,11,46,0.22188138906717406,medium,0.17443892966022478,0.0874270942950401,0.06200783249283483,0.6095833333333334,0.5963314784823278,0.6095833333333334,8.165360392649438,0.9906380919768368,0.0,0.35,0.15,0.5
11-47-0.pt,11,47,0.21253215345172266,medium,0.1739905835179533,0.08849427456474494,0.0649313518335562,0.23958333333333334,0.6000970213184945,0.23958333333333334,8.21874614658328,0.9906380919768368,0.0,0.35,0.15,0.5
11-48-0.pt,11,48,0.23829075178808057,medium,0.1868445876950183,0.09771177120045671,0.06824537909434122,0.69,0.6038490861267582,0.69,8.60624158337965,0.9906380919768368,0.0,0.35,0.15,0.5
11-49-0.pt,11,49,0.23982834215261264,medium,0.19824943283393845,0.10231964943074816,0.0714655535011475,0.7191666666666666,0.6073377406026028,0.7191666666666666,8.625878010520957,0.9906380919768368,0.0,0.35,0.15,0.5
11-5-0.pt,11,5,0.05453247084231691,easy,0.3256660579503262,0.019477356591626763,0.004257102295063094,0.5533333333333333,0.28548701585804664,0.5533333333333333,3.0389991541617083,0.9906380919768368,0.0,0.35,0.15,0.5
11-50-0.pt,11,50,0.22148599424790172,medium,0.23260015120271174,0.10601253774487722,0.07527659673090491,0.037083333333333336,0.6109388120940126,0.037083333333333336,8.690541496284654,0.9906380919768368,0.0,0.35,0.15,0.5
11-6-0.pt,11,6,0.06337624289749401,easy,0.31799165701701204,0.03146640187641064,0.005139703465457616,0.9475,0.30699630626763164,0.9475,2.9363503465293554,0.9906380919768368,0.0,0.35,0.15,0.5
11-7-0.pt,11,7,0.05746038432956899,easy,0.3243553646120632,0.0264564249833102,0.006150179114416243,0.9458333333333333,0.32571594417112226,0.9458333333333333,2.742734871634568,0.9906380919768368,0.0,0.35,0.15,0.5
11-8-0.pt,11,8,0.051571515033113746,easy,0.2934100899073853,0.030493467450070436,0.007455863450715513,0.9770833333333333,0.3422491016788931,0.9770833333333333,2.519606377653208,0.9906380919768368,0.0,0.35,0.15,0.5
11-9-0.pt,11,9,0.06501137132344273,easy,0.2750834288501635,0.03245398238712188,0.009031186000105468,0.7475,0.3572630687850951,0.7475,3.157665101936078,0.9906380919768368,0.0,0.35,0.15,0.5
12-10-0.pt,12,10,0.07570071624646998,easy,0.19124965795833987,0.031085430412865833,0.012154441736564563,0.9570833333333333,0.3826943770462747,0.9570833333333333,3.2872252599344884,0.9906380919768368,0.0,0.35,0.15,0.5
12-11-0.pt,12,11,0.04963023549240446,easy,0.21274389998665783,0.034887837526879566,0.01342745128524617,0.545,0.3952333007894318,0.545,2.8468080169127847,0.9906380919768368,0.0,0.35,0.15,0.5
12-12-0.pt,12,12,0.08660064462522951,easy,0.14360003828500015,0.03121467711283616,0.014921045630698015,0.9666666666666667,0.4071330571467073,0.9666666666666667,3.613792577731213,0.9906380919768368,0.0,0.35,0.15,0.5
12-13-0.pt,12,13,0.08572203100696958,easy,0.15134598996569043,0.03093131513217321,0.016635967769692783,0.9483333333333334,0.4182009264499993,0.9483333333333334,3.5988389993010763,0.9906380919768368,0.0,0.35,0.15,0.5
12-14-0.pt,12,14,0.07636490286011666,easy,0.14174555880587847,0.033800853472146425,0.017124499210979867,0.5466666666666666,0.4278904695445343,0.5466666666666666,3.679635140784359,0.9906380919768368,0.0,0.35,0.15,0.5
12-15-0.pt,12,15,0.08544870502759075,easy,0.1468910366227345,0.03317124301949134,0.018376893543753554,0.7704166666666666,0.43760019807259687,0.7704166666666666,3.7512322152210142,0.9906380919768368,0.0,0.35,0.15,0.5
12-16-0.pt,12,16,0.07403854202089126,easy,0.14191692653443766,0.030088848360461527,0.01968711429386706,0.36875,0.44648282865060407,0.36875,3.767259284526193,0.9906380919768368,0.0,0.35,0.15,0.5
12-17-0.pt,12,17,0.08748878484652958,easy,0.11748894106964163,0.031940195260057355,0.020565674879902653,0.87125,0.45512052582675244,0.87125,3.713034048021441,0.9906380919768368,0.0,0.35,0.15,0.5
12-18-0.pt,12,18,0.09785606849899495,easy,0.12397546701219544,0.034182279420456214,0.021465624590546024,0.7370833333333333,0.4632091317176582,0.7370833333333333,4.165875851892878,0.9906380919768368,0.0,0.35,0.15,0.5
12-19-0.pt,12,19,0.09787884209271434,easy,0.11762655554317755,0.03618759878026123,0.02265760699381928,0.73,0.4709017450279177,0.73,4.170193728585861,0.9906380919768368,0.0,0.35,0.15,0.5
12-2-0.pt,12,2,0.11904973931332223,easy,0.6200412574294712,0.07602316418590314,0.004450731798968023,0.50125,0.19638510453610558,0.50125,5.1704307659511315,0.9906380919768368,1.0,0.35,0.15,0.5
12-20-0.pt,12,20,0.10257023564190589,easy,0.1156623034952839,0.03774615830804238,0.02360321996033978,0.8995833333333333,0.47836376731563673,0.8995833333333333,4.154869721184855,0.9906380919768368,0.0,0.35,0.15,0.5
12-21-0.pt,12,21,0.10810829052553723,easy,0.11587158485746296,0.03884965997094288,0.02447831323349597,0.9154166666666667,0.4853574684729232,0.9154166666666667,4.312587807592429,0.9906380919768368,0.0,0.35,0.15,0.5
12-22-0.pt,12,22,0.10320363998999457,easy,0.09285637945272382,0.040232509026641265,0.02594602834855219,0.0175,0.4925918689305265,0.0175,5.00681589060371,0.9906380919768368,0.0,0.35,0.15,0.5
12-23-0.pt,12,23,0.12034814579987908,easy,0.10161200265362949,0.04148171726796114,0.02711591526078441,0.6975,0.4993020922526703,0.6975,4.901953179706693,0.9906380919768368,0.0,0.35,0.15,0.5
12-24-0.pt,12,24,0.13041304211848473,easy,0.10013794934032517,0.04419342496748519,0.027815783816850244,0.8458333333333333,0.5054489922784677,0.8458333333333333,5.077726661556253,0.9906380919768368,0.0,0.35,0.15,0.5
12-25-0.pt,12,25,0.11911903667580954,easy,0.12453482567121817,0.04638088762478465,0.0285214756230408,0.29291666666666666,0.5112637412896583,0.29291666666666666,5.242316971943246,0.9906380919768368,0.0,0.35,0.15,0.5
12-26-0.pt,12,26,0.1385959743261339,easy,0.10686026306099536,0.044002395949153075,0.029652515189312154,0.86125,0.5174630663747571,0.86125,5.317660782808595,0.9906380919768368,0.0,0.35,0.15,0.5
12-27-0.pt,12,27,0.12750214645333716,easy,0.09581632257164338,0.0440531898509614,0.03070008928630351,0.20875,0.523222398075648,0.20875,5.583188188885122,0.9906380919768368,0.0,0.35,0.15,0.5
12-28-0.pt,12,28,0.13945907086928483,easy,0.10881364926570779,0.04656955492352738,0.03166846279189786,0.54125,0.5286460797793394,0.54125,5.644358089704799,0.9906380919768368,0.0,0.35,0.15,0.5
12-29-0.pt,12,29,0.1393193385683575,easy,0.0953298483118494,0.04769093243015978,0.033064226010407885,0.15833333333333333,0.5344555626295662,0.15833333333333333,6.0011922764446135,0.9906380919768368,0.0,0.35,0.15,0.5
12-3-0.pt,12,3,0.12205178612038585,easy,0.49591063261554663,0.019192234140737063,0.003427835762581384,0.9433333333333334,0.23864779774178604,0.9433333333333334,4.82860356298326,0.9906380919768368,1.0,0.35,0.15,0.5
12-30-0.pt,12,30,0.16239630146548586,easy,0.10091101312699635,0.04956704272813856,0.03441164039558602,0.8266666666666667,0.5399717634157872,0.8266666666666667,6.096000428645521,0.9906380919768368,0.0,0.35,0.15,0.5
12-31-0.pt,12,31,0.16376408791708158,easy,0.1005715329049741,0.052305419527290134,0.03582563400194315,0.83875,0.5451573161428793,0.83875,6.125784962107511,0.9906380919768368,0.0,0.35,0.15,0.5
12-32-0.pt,12,32,0.17802227976970889,easy,0.12004852463676546,0.05281016615691501,0.03698251894376774,0.8129166666666666,0.5498824346917276,0.8129166666666666,6.600491683727434,0.9906380919768368,0.0,0.35,0.15,0.5
12-33-0.pt,12,33,0.16932081452471964,easy,0.12038598952283146,0.0530110347232125,0.038329479794534556,0.5779166666666666,0.5548124834821612,0.5779166666666666,6.545742897770256,0.9906380919768368,0.0,0.35,0.15,0.5
12-34-0.pt,12,34,0.1778745221430532,easy,0.13257008221822478,0.052487249508232144,0.03989567877232551,0.72625,0.5596574244274751,0.72625,6.674129600369903,0.9906380919768368,0.0,0.35,0.15,0.5
12-35-0.pt,12,35,0.1802863967865875,easy,0.11642792242523302,0.055652046577704624,0.04178196984798827,0.7879166666666667,0.5647413067409602,0.7879166666666667,6.68997555723986,0.9906380919768368,0.0,0.35,0.15,0.5
12-36-0.pt,12,36,0.16820611500481591,easy,0.130682031440208,0.05862185078318988,0.043476799211194274,0.016666666666666666,0.5691638781182942,0.016666666666666666,7.037537167761043,0.9906380919768368,0.0,0.35,0.15,0.5
12-37-0.pt,12,37,0.2004857252218714,easy,0.11538094689540529,0.05799794041281841,0.04532746449989107,0.8033333333333333,0.5741431178889576,0.8033333333333333,7.3119878045656375,0.9906380919768368,0.0,0.35,0.15,0.5
12-38-0.pt,12,38,0.20381427095275814,easy,0.10935381465596984,0.05822898488523149,0.04718290984224901,0.76375,0.5785499335244151,0.76375,7.453325097288589,0.9906380919768368,0.0,0.35,0.15,0.5
12-39-0.pt,12,39,0.2016508209478235,easy,0.11741507805368168,0.06061556600401181,0.049146590941018115,0.7791666666666667,0.5829438372708697,0.7791666666666667,7.368298209425893,0.9906380919768368,0.0,0.35,0.15,0.5
12-4-0.pt,12,4,0.11365023291815496,easy,0.39361707539438356,0.006363165487243995,0.003879421526769793,0.8654166666666666,0.27061800885557014,0.8654166666666666,4.623188388511725,0.9906380919768368,1.0,0.35,0.15,0.5
12-40-0.pt,12,40,0.21659198360600718,medium,0.11156923929071953,0.06594735973818733,0.05134642030372501,0.8,0.587054450204281,0.8,7.82059454209641,0.9906380919768368,0.0,0.35,0.15,0.5
12-41-0.pt,12,41,0.1940205602303651,easy,0.13637921341007067,0.06503937323479814,0.053697940705044335,0.35041666666666665,0.5912706095773359,0.35041666666666665,7.530123505513484,0.9906380919768368,0.0,0.35,0.15,0.5
12-42-0.pt,12,42,0.2197725688634015,medium,0.1451682784329574,0.06852178170586215,0.05632058632046685,0.75125,0.5954203666164113,0.75125,7.964333965695249,0.9906380919768368,0.0,0.35,0.15,0.5
12-43-0.pt,12,43,0.22552466312467515,medium,0.16174493958574476,0.07444223412882085,0.059312000176155566,0.7383333333333333,0.5991876543464432,0.7383333333333333,8.157453760184062,0.9906380919768368,0.0,0.35,0.15,0.5
12-44-0.pt,12,44,0.22313503612396102,medium,0.1438395532841385,0.07661665701778984,0.06168187299741609,0.6883333333333334,0.6038405332374808,0.6883333333333334,8.127271503492876,0.9906380919768368,0.0,0.35,0.15,0.5
12-45-0.pt,12,45,0.22239053789922597,medium,0.1550123305209737,0.08093624885895376,0.06465181634165824,0.46208333333333335,0.6077733318172607,0.46208333333333335,8.316918223745155,0.9906380919768368,0.0,0.35,0.15,0.5
12-46-0.pt,12,46,0.2426818416409995,medium,0.16715895136101894,0.08527908156420187,0.06784695787229186,0.6920833333333334,0.6117623298380997,0.6920833333333334,8.74027496388353,0.9906380919768368,0.0,0.35,0.15,0.5
12-47-0.pt,12,47,0.25149014724269364,medium,0.18442777529906804,0.0893056506499799,0.07121704336570737,0.7245833333333334,0.6154813043817279,0.7245833333333334,8.987191505618501,0.9906380919768368,0.0,0.35,0.15,0.5
12-48-0.pt,12,48,0.25324155597630377,medium,0.19397880310185042,0.09711627675913015,0.07479532686834599,0.69125,0.6191793216623207,0.69125,9.072874340545262,0.9906380919768368,0.0,0.35,0.15,0.5
12-49-0.pt,12,49,0.25675595283717356,medium,0.20905106099001616,0.10229658243850838,0.07817275908358555,0.73375,0.6230436433231207,0.73375,9.142376572703654,0.9906380919768368,0.0,0.35,0.15,0.5
12-5-0.pt,12,5,0.07658513132543533,easy,0.3296971223746663,0.033727498264103574,0.0049911440071123345,0.82,0.2962908583054822,0.82,3.480611556111971,0.9906380919768368,0.0,0.35,0.15,0.5
12-50-0.pt,12,50,0.24294140333689304,medium,0.24161749815707662,0.10956871266920304,0.08225636330554913,0.15666666666666668,0.6266878107796373,0.15666666666666668,9.250878449854609,0.9906380919768368,0.0,0.35,0.15,0.5
12-6-0.pt,12,6,0.05946174755451186,easy,0.317820771552558,0.03626908539248737,0.006338470990194786,0.7795833333333333,0.31807903195471293,0.7795833333333333,2.9671780448300717,0.9906380919768368,0.0,0.35,0.15,0.5
12-7-0.pt,12,7,0.07019819352378166,easy,0.3012054321112326,0.029600316335856688,0.007451349339919294,0.9408333333333333,0.3369084929058756,0.9408333333333333,3.146817313611604,0.9906380919768368,0.0,0.35,0.15,0.5
12-8-0.pt,12,8,0.05976702457715585,easy,0.29964395025614154,0.03243905456433352,0.00890148076453802,0.96125,0.3536039086294469,0.96125,2.7898835508176134,0.9906380919768368,0.0,0.35,0.15,0.5
12-9-0.pt,12,9,0.07923604535133502,easy,0.2385391541513799,0.03374994320725896,0.01077018317011514,0.9725,0.3688873279631017,0.9725,3.3903023281236657,0.9906380919768368,0.0,0.35,0.15,0.5
13-10-0.pt,13,10,0.0654590329650937,easy,0.21851433083413485,0.03617622588052365,0.013881218053121754,0.9566666666666667,0.3934366552526345,0.9566666666666667,2.9585064872799927,0.9906380919768368,0.0,0.35,0.15,0.5
13-11-0.pt,13,11,0.06400416167982051,easy,0.1528867614631764,0.0342395387287507,0.01538757432529375,0.5054166666666666,0.4063310055716816,0.5054166666666666,3.3356483046817136,0.9906380919768368,0.0,0.35,0.15,0.5
13-12-0.pt,13,12,0.07368859969713586,easy,0.15105925413361806,0.03203908271052504,0.017122195929730934,0.755,0.41822521498282234,0.755,3.4008691356118574,0.9906380919768368,0.0,0.35,0.15,0.5
13-13-0.pt,13,13,0.09012820238976285,easy,0.14106801769180388,0.030556160638573655,0.01824119836731314,0.8841666666666667,0.4289714918521433,0.8841666666666667,3.795100690030065,0.9906380919768368,0.0,0.35,0.15,0.5
13-14-0.pt,13,14,0.10380395856747612,easy,0.13730570856329427,0.030642587829799922,0.019215795458123363,0.9091666666666667,0.43914073229577527,0.9091666666666667,4.200851052184431,0.9906380919768368,0.0,0.35,0.15,0.5
13-15-0.pt,13,15,0.0915681777190021,easy,0.12363969314728875,0.030601337747751152,0.02037568279913169,0.8808333333333334,0.44856768622561566,0.8808333333333334,3.835949407926965,0.9906380919768368,0.0,0.35,0.15,0.5
13-16-0.pt,13,16,0.09247135900489477,easy,0.11446247380625589,0.030604236678506813,0.0221675936506435,0.8791666666666667,0.4580268315539095,0.8791666666666667,3.862320404349329,0.9906380919768368,0.0,0.35,0.15,0.5
13-17-0.pt,13,17,0.1052129611163865,easy,0.10284150360926195,0.031136970903762173,0.0230222684086909,0.825,0.4665328148171456,0.825,4.314306646358205,0.9906380919768368,0.0,0.35,0.15,0.5
13-18-0.pt,13,18,0.1107190259134713,easy,0.11981947180589539,0.03403640879864341,0.023872787817786408,0.7908333333333334,0.474573678632069,0.7908333333333334,4.518065717652063,0.9906380919768368,0.0,0.35,0.15,0.5
13-19-0.pt,13,19,0.09582076504994237,easy,0.1117996710000315,0.03497631475802846,0.02522527300944039,0.33541666666666664,0.4826238940050884,0.33541666666666664,4.47487384140614,0.9906380919768368,0.0,0.35,0.15,0.5
13-2-0.pt,13,2,0.10739486167745795,easy,0.6066909843772555,0.07146051843528342,0.005665908005925034,0.9504166666666667,0.2062386909893924,0.9504166666666667,4.370326371201487,0.9906380919768368,1.0,0.35,0.15,0.5
13-20-0.pt,13,20,0.1223659933277464,easy,0.12420990022392167,0.03696290453670265,0.02696336126006235,0.85,0.4904341021639293,0.85,4.82472548440872,0.9906380919768368,0.0,0.35,0.15,0.5
13-21-0.pt,13,21,0.12967501225329084,easy,0.10628333420059008,0.03902735522307593,0.027504130839347583,0.8775,0.497456437715072,0.8775,5.027506492635951,0.9906380919768368,0.0,0.35,0.15,0.5
13-22-0.pt,13,22,0.12341598105681109,easy,0.09441153478057639,0.036846628314227546,0.028952485844969546,0.8108333333333333,0.5045213724290387,0.8108333333333333,4.889478961273671,0.9906380919768368,0.0,0.35,0.15,0.5
13-23-0.pt,13,23,0.13018152102151623,easy,0.11133000185864289,0.039333117207195505,0.029707496186001027,0.8070833333333334,0.511071423745475,0.8070833333333334,5.104895531595973,0.9906380919768368,0.0,0.35,0.15,0.5
13-24-0.pt,13,24,0.12997955554218524,easy,0.11938108821409515,0.04173166457444383,0.030471419199373944,0.5070833333333333,0.5173832024109106,0.5070833333333333,5.380811847989201,0.9906380919768368,0.0,0.35,0.15,0.5
13-25-0.pt,13,25,0.14895498854445424,easy,0.11556243160127913,0.04335069241529806,0.031272921644889054,0.8358333333333333,0.5234020283861015,0.8358333333333333,5.667842982648779,0.9906380919768368,0.0,0.35,0.15,0.5
13-26-0.pt,13,26,0.15012819544003134,easy,0.11517725114413664,0.044790763532617905,0.03279432378201536,0.8533333333333334,0.5296652715422787,0.8533333333333334,5.685875369798443,0.9906380919768368,0.0,0.35,0.15,0.5
13-27-0.pt,13,27,0.14857657221173087,easy,0.08160079092582882,0.04705716671479836,0.03413460846091959,0.7091666666666666,0.5359200807442469,0.7091666666666666,5.771036009471818,0.9906380919768368,0.0,0.35,0.15,0.5
13-28-0.pt,13,28,0.16236650060437977,easy,0.0809234435097063,0.04698695496213766,0.03525486066094754,0.80375,0.5416841410044415,0.80375,6.116120949889084,0.9906380919768368,0.0,0.35,0.15,0.5
13-29-0.pt,13,29,0.16644705335903368,easy,0.07198096727111249,0.04663558152057379,0.03660905506550265,0.8079166666666666,0.5473743653146496,0.8079166666666666,6.239234181805986,0.9906380919768368,0.0,0.35,0.15,0.5
13-3-0.pt,13,3,0.11997854173948815,easy,0.49462916214774605,0.012157353946027464,0.004265550025377186,0.8979166666666667,0.24862570522120436,0.8979166666666667,4.801933468109592,0.9906380919768368,1.0,0.35,0.15,0.5
13-30-0.pt,13,30,0.17283636855146636,easy,0.1350886612901979,0.047136777200108206,0.03742080605059335,0.765,0.552022078745075,0.765,6.480689511313767,0.9906380919768368,0.0,0.35,0.15,0.5
13-31-0.pt,13,31,0.17983595054614374,easy,0.11798238388360971,0.05013992022608381,0.038965375142425804,0.7695833333333333,0.5576749944526236,0.7695833333333333,6.695978604793365,0.9906380919768368,0.0,0.35,0.15,0.5
13-32-0.pt,13,32,0.16934292298979506,easy,0.1114629095424833,0.05196798333781816,0.04045887693281679,0.23625,0.5628786688788832,0.23625,6.867618036777482,0.9906380919768368,0.0,0.35,0.15,0.5
13-33-0.pt,13,33,0.18172144218320452,easy,0.10540376300275957,0.05179051076084893,0.04201660755761619,0.7754166666666666,0.568053714326179,0.7754166666666666,6.746000145141882,0.9906380919768368,0.0,0.35,0.15,0.5
13-34-0.pt,13,34,0.18276488936009933,easy,0.10279358957430577,0.05503235759313408,0.0435416815132817,0.40166666666666667,0.5732239766622061,0.40166666666666667,7.131905707140836,0.9906380919768368,0.0,0.35,0.15,0.5
13-35-0.pt,13,35,0.18880648006683579,easy,0.09975107956434391,0.05549984844558256,0.045179401434962116,0.60625,0.5782837861235903,0.60625,7.1271342592487095,0.9906380919768368,0.0,0.35,0.15,0.5
13-36-0.pt,13,36,0.18033554711479202,easy,0.09846037272563327,0.05511172594285563,0.046859995377863124,0.22,0.5828933960938649,0.22,7.223457133471861,0.9906380919768368,0.0,0.35,0.15,0.5
13-37-0.pt,13,37,0.2090107364413634,easy,0.1093368108040705,0.05784700001721776,0.04885396232120422,0.7929166666666667,0.5875085006088822,0.7929166666666667,7.58675068947765,0.9906380919768368,0.0,0.35,0.15,0.5
13-38-0.pt,13,38,0.21494841682911894,medium,0.13100200902438575,0.05947082299183761,0.050983150407079146,0.7366666666666667,0.5918052662863053,0.7366666666666667,7.826690181341455,0.9906380919768368,0.0,0.35,0.15,0.5
13-39-0.pt,13,39,0.19800209208028788,easy,0.13484555852950655,0.060859733739021295,0.05320609455972175,0.1325,0.5962890240377272,0.1325,7.861267414844953,0.9906380919768368,0.0,0.35,0.15,0.5
13-4-0.pt,13,4,0.12678592294657917,easy,0.36891023849173565,0.02217429678103668,0.005211377580655323,0.88125,0.28062951260814883,0.88125,5.020583512906952,0.9906380919768368,1.0,0.35,0.15,0.5
13-40-0.pt,13,40,0.21952286968117193,medium,0.14000327874058902,0.06387301352647139,0.055702122904467063,0.5966666666666667,0.6005978465533708,0.5966666666666667,8.101106349701716,0.9906380919768368,0.0,0.35,0.15,0.5
13-41-0.pt,13,41,0.2239686117799303,medium,0.12349556883295834,0.06787691687834388,0.0582867168837044,0.7441666666666666,0.6054979781504289,0.7441666666666666,8.100006891250763,0.9906380919768368,0.0,0.35,0.15,0.5
13-42-0.pt,13,42,0.22599446103875612,medium,0.12824978003910736,0.07018481598712112,0.06097170906484559,0.52875,0.6096179907749385,0.52875,8.367131726297513,0.9906380919768368,0.0,0.35,0.15,0.5
13-43-0.pt,13,43,0.23382033844933173,medium,0.138980435111307,0.07336861545316269,0.0640374024640948,0.41541666666666666,0.6136638046974205,0.41541666666666666,8.721252208050647,0.9906380919768368,0.0,0.35,0.15,0.5
13-44-0.pt,13,44,0.2298682339146568,medium,0.14323521065699663,0.07705548723594424,0.06701645299290007,0.18125,0.6177338945863549,0.18125,8.816654421034368,0.9906380919768368,0.0,0.35,0.15,0.5
13-45-0.pt,13,45,0.24683764969980745,medium,0.16443007829035963,0.0803755816766043,0.0700507158490826,0.5666666666666667,0.6221432518406658,0.5666666666666667,8.986921573195904,0.9906380919768368,0.0,0.35,0.15,0.5
13-46-0.pt,13,46,0.2619514152272179,medium,0.16858113110818732,0.08577064433791785,0.07346325566783148,0.6441666666666667,0.6263902061086349,0.6441666666666667,9.39082292577232,0.9906380919768368,0.0,0.35,0.15,0.5
13-47-0.pt,13,47,0.26395491732310344,medium,0.1843922447957045,0.09109646939240013,0.07702281029085414,0.6795833333333333,0.630172823363693,0.6795833333333333,9.419177620493219,0.9906380919768368,0.0,0.35,0.15,0.5
13-48-0.pt,13,48,0.24790721925820058,medium,0.18222490250496778,0.09547572479407888,0.0806836104605609,0.05,0.6339008481354043,0.05,9.506692442521985,0.9906380919768368,0.0,0.35,0.15,0.5
13-49-0.pt,13,49,0.27119155350761537,medium,0.211748989236148,0.10330914609405634,0.08469965213538445,0.6516666666666666,0.6376550464945308,0.6516666666666666,9.672101687617747,0.9906380919768368,0.0,0.35,0.15,0.5
13-5-0.pt,13,5,0.09680853345331654,easy,0.322295295030281,0.041236097317788094,0.006081511196186757,0.004583333333333333,0.30646053340031815,0.004583333333333333,4.892058927946447,0.9906380919768368,1.0,0.35,0.15,0.5
13-50-0.pt,13,50,0.2700632797419896,medium,0.2380888276332228,0.11061431497241686,0.08908552267963651,0.47333333333333333,0.6411928229829096,0.47333333333333333,9.804237343121656,0.9906380919768368,0.0,0.35,0.15,0.5
13-6-0.pt,13,6,0.07217314366989903,easy,0.31906900840611024,0.03566543051088375,0.007183016160786582,0.7995833333333333,0.3282215565017961,0.7995833333333333,3.347109574843494,0.9906380919768368,0.0,0.35,0.15,0.5
13-7-0.pt,13,7,0.057029905090200436,easy,0.31514031775500384,0.03331324948290905,0.008709418570855259,0.20375,0.3471915284632146,0.20375,3.425049681502595,0.9906380919768368,0.0,0.35,0.15,0.5
13-8-0.pt,13,8,0.05843947066227812,easy,0.27323288400913787,0.034566000612791324,0.010617810739311728,0.8454166666666667,0.36422401753039046,0.8454166666666667,2.853466169752626,0.9906380919768368,0.0,0.35,0.15,0.5
13-9-0.pt,13,9,0.0735800839364378,easy,0.21901844937341441,0.03334457452523501,0.012466875210593585,0.86,0.3797146013700102,0.86,3.313390385606579,0.9906380919768368,0.0,0.35,0.15,0.5
14-10-0.pt,14,10,0.09044795922036346,easy,0.18548904140500744,0.038922035312112656,0.015882176441360994,0.9470833333333334,0.4037615395534042,0.9470833333333334,3.7557520125073554,0.9906380919768368,0.0,0.35,0.15,0.5
14-11-0.pt,14,11,0.11092217119897317,easy,0.1761734584419129,0.037582175905843854,0.017683931051190583,0.9541666666666667,0.4166728177601387,0.9541666666666667,4.3929655320644025,0.9906380919768368,1.0,0.35,0.15,0.5
14-12-0.pt,14,12,0.10049669347345756,easy,0.14024925674938737,0.03310614359661933,0.018811272241867155,0.9525,0.4282809544183834,0.9525,4.059253665945858,0.9906380919768368,0.0,0.35,0.15,0.5
14-13-0.pt,14,13,0.06936809354044902,easy,0.13414087534430555,0.032750241501367496,0.02055626377863998,0.05541666666666667,0.43943219468965306,0.05541666666666667,3.9195893087719327,0.9906380919768368,0.0,0.35,0.15,0.5
14-14-0.pt,14,14,0.11272065944731506,easy,0.13107813599953919,0.03203568785977304,0.02126111593946294,0.9245833333333333,0.4493186472631197,0.9245833333333333,4.464798742544601,0.9906380919768368,0.0,0.35,0.15,0.5
14-15-0.pt,14,15,0.10272099601140544,easy,0.11731972394028702,0.031137839951397347,0.02272948863638075,0.58875,0.45919504664236444,0.58875,4.462628064329733,0.9906380919768368,0.0,0.35,0.15,0.5
14-16-0.pt,14,16,0.09557218050331717,easy,0.10963830123475514,0.03401035168186455,0.02448902267797761,0.2995833333333333,0.46855047659126386,0.2995833333333333,4.50674781202466,0.9906380919768368,0.0,0.35,0.15,0.5
14-17-0.pt,14,17,0.11394958765131419,easy,0.107741875936807,0.033003628475740426,0.025697659040863113,0.6504166666666666,0.4773505958984962,0.6504166666666666,4.7527138486049125,0.9906380919768368,0.0,0.35,0.15,0.5
14-18-0.pt,14,18,0.11405739005606992,easy,0.11677227743929816,0.034854763625042175,0.026757993930201677,0.7120833333333333,0.4854706465486397,0.7120833333333333,4.694266785601482,0.9906380919768368,0.0,0.35,0.15,0.5
14-19-0.pt,14,19,0.11373493695286371,easy,0.12272226185936652,0.033868490504163885,0.028449178171862734,0.5620833333333334,0.49388396266071555,0.5620833333333334,4.823062888172591,0.9906380919768368,0.0,0.35,0.15,0.5
14-2-0.pt,14,2,0.14445842849915003,easy,0.5611364946211052,0.06237984367599918,0.0051495037161964664,0.9729166666666667,0.21539344682847641,0.9729166666666667,5.52044260576452,0.9906380919768368,1.0,0.35,0.15,0.5
14-20-0.pt,14,20,0.11220727237879317,easy,0.137799008742513,0.03454015127592393,0.029584706255968193,0.34291666666666665,0.501534070055926,0.34291666666666665,4.97963759688371,0.9906380919768368,0.0,0.35,0.15,0.5
14-21-0.pt,14,21,0.12305165801753538,easy,0.10806990640306399,0.036208012740435516,0.03018106613347995,0.695,0.5084093285040875,0.695,4.986343511997936,0.9906380919768368,0.0,0.35,0.15,0.5
14-22-0.pt,14,22,0.141755325392992,easy,0.1113536217051357,0.03766409909785387,0.031637345093962196,0.8445833333333334,0.5154597915360717,0.8445833333333334,5.434479714778147,0.9906380919768368,0.0,0.35,0.15,0.5
14-23-0.pt,14,23,0.15040529829618,easy,0.12660991620330203,0.040258416922039686,0.03266469318159045,0.7833333333333333,0.5221802965088354,0.7833333333333333,5.7641820974903935,0.9906380919768368,0.0,0.35,0.15,0.5
14-24-0.pt,14,24,0.14385331944867621,easy,0.13723851667004625,0.040741232229483705,0.03370858913506203,0.7216666666666667,0.5286157840644987,0.7216666666666667,5.612373829158718,0.9906380919768368,0.0,0.35,0.15,0.5
14-25-0.pt,14,25,0.15039121234967787,easy,0.09749809285808944,0.041215016865805386,0.034729317802756544,0.8483333333333334,0.5351618505084841,0.8483333333333334,5.696726218818024,0.9906380919768368,0.0,0.35,0.15,0.5
14-26-0.pt,14,26,0.1438186720376963,easy,0.08311591931623173,0.04553695134683128,0.036285277236146954,0.21125,0.5416851321878009,0.21125,6.090663220677771,0.9906380919768368,0.0,0.35,0.15,0.5
14-27-0.pt,14,27,0.1522306086575539,easy,0.07696960321688323,0.04412421404021911,0.03773640258470471,0.37916666666666665,0.5478767306188544,0.37916666666666665,6.195409668827847,0.9906380919768368,0.0,0.35,0.15,0.5
14-28-0.pt,14,28,0.16592382143742257,easy,0.11881130678973738,0.04806730507637393,0.038392319088231666,0.77875,0.552927372463877,0.77875,6.248081140465576,0.9906380919768368,0.0,0.35,0.15,0.5
14-29-0.pt,14,29,0.17955069740455828,easy,0.1048536615283374,0.04855486615590874,0.03985315028781866,0.5220833333333333,0.5588719629718448,0.5220833333333333,6.921480111788518,0.9906380919768368,0.0,0.35,0.15,0.5
14-3-0.pt,14,3,0.12046818890559044,easy,0.47451758746801476,0.00878725525905261,0.005182346753930968,0.9466666666666667,0.25791601385538004,0.9466666666666667,4.767383687978972,0.9906380919768368,1.0,0.35,0.15,0.5
14-30-0.pt,14,30,0.1847436107908209,easy,0.08672819921730823,0.04791185311384987,0.04097729372858915,0.7645833333333333,0.564461576906486,0.7645833333333333,6.8535764396179095,0.9906380919768368,0.0,0.35,0.15,0.5
14-31-0.pt,14,31,0.18506372708211694,easy,0.08409006209356183,0.04832896436938276,0.04234513454557242,0.74125,0.5700680203983916,0.74125,6.883602962733378,0.9906380919768368,0.0,0.35,0.15,0.5
14-32-0.pt,14,32,0.1936678209476394,easy,0.0659117275377074,0.04956672044766623,0.04387282895521344,0.76875,0.5756269028277805,0.76875,7.128043710943371,0.9906380919768368,0.0,0.35,0.15,0.5
14-33-0.pt,14,33,0.19334444213895918,easy,0.06936953581853897,0.05030493857923909,0.04536910686060276,0.7504166666666666,0.5807797364356017,0.7504166666666666,7.133102802275001,0.9906380919768368,0.0,0.35,0.15,0.5
14-34-0.pt,14,34,0.1985966731926813,easy,0.0871973916702867,0.05025191872390812,0.04701672649268884,0.5920833333333333,0.5857502815787875,0.5920833333333333,7.4479753029335125,0.9906380919768368,0.0,0.35,0.15,0.5
14-35-0.pt,14,35,0.2055351474149218,easy,0.09827880365570121,0.05499281182305023,0.04881883703960792,0.5879166666666666,0.5907093851443854,0.5879166666666666,7.669918429481666,0.9906380919768368,0.0,0.35,0.15,0.5
14-36-0.pt,14,36,0.21044202879277368,easy,0.09740252866515074,0.0551043588605417,0.050439198913200346,0.77125,0.59537895695232,0.77125,7.649506163973001,0.9906380919768368,0.0,0.35,0.15,0.5
14-37-0.pt,14,37,0.22089843978282686,medium,0.1164090040351808,0.05478910493195905,0.052616966902528,0.7108333333333333,0.6001941400326323,0.7108333333333333,8.036471025643515,0.9906380919768368,0.0,0.35,0.15,0.5
14-38-0.pt,14,38,0.20237155810559057,easy,0.12309641115987249,0.05837073989734288,0.05498271424081394,0.08333333333333333,0.6051393792774643,0.08333333333333333,8.042902299438541,0.9906380919768368,0.0,0.35,0.15,0.5
14-39-0.pt,14,39,0.23658381051902827,medium,0.11314947575460871,0.06028433226901653,0.05744774363815797,0.74625,0.6096849410968919,0.74625,8.496326227518125,0.9906380919768368,0.0,0.35,0.15,0.5
14-4-0.pt,14,4,0.12981939675321233,easy,0.33236631584534193,0.03356518513235779,0.005485418748376674,0.9108333333333334,0.2899841764651977,0.9108333333333334,5.08486824528303,0.9906380919768368,1.0,0.35,0.15,0.5
14-40-0.pt,14,40,0.24085298905886127,medium,0.11006070044745898,0.06613109648482836,0.06007855642349213,0.7,0.6140985322858197,0.7,8.673817143186346,0.9906380919768368,0.0,0.35,0.15,0.5
14-41-0.pt,14,41,0.2464661166729704,medium,0.10706655346538911,0.06810396944543316,0.06259965155046686,0.7125,0.6184962123627844,0.7125,8.838137603386967,0.9906380919768368,0.0,0.35,0.15,0.5
14-42-0.pt,14,42,0.2509147775717068,medium,0.11211824068398593,0.06837083268172722,0.06551356020114694,0.7208333333333333,0.623186199226026,0.7208333333333333,8.969373069330258,0.9906380919768368,0.0,0.35,0.15,0.5
14-43-0.pt,14,43,0.24253678153407626,medium,0.13346706114648524,0.07409597868902293,0.06859756688429497,0.18333333333333332,0.62729939565446,0.18333333333333332,9.212476358905596,0.9906380919768368,0.0,0.35,0.15,0.5
14-44-0.pt,14,44,0.259886150070824,medium,0.14318753489146452,0.07538936296149992,0.07172238668381081,0.67875,0.6316087505937747,0.67875,9.290372416991216,0.9906380919768368,0.0,0.35,0.15,0.5
14-45-0.pt,14,45,0.2583302604389298,medium,0.1427910866909478,0.08211395447234694,0.07512196401068927,0.3020833333333333,0.6357360984514222,0.3020833333333333,9.597052609669241,0.9906380919768368,0.0,0.35,0.15,0.5
14-46-0.pt,14,46,0.27885020335465244,medium,0.15815280304786486,0.08558272048650514,0.07886355263790626,0.6454166666666666,0.639887873361263,0.6454166666666666,9.919968035801622,0.9906380919768368,0.0,0.35,0.15,0.5
14-47-0.pt,14,47,0.284120264205264,medium,0.16592514655790308,0.0917491609474197,0.08280093825523775,0.6254166666666666,0.6435958585720927,0.6254166666666666,10.10455423306897,0.9906380919768368,0.0,0.35,0.15,0.5
14-48-0.pt,14,48,0.28145312948853296,medium,0.1930067063933121,0.09777859176465588,0.08720667372297534,0.5416666666666666,0.6471091209092691,0.5416666666666666,10.09808660336695,0.9906380919768368,0.0,0.35,0.15,0.5
14-49-0.pt,14,49,0.28915134715445034,medium,0.2007923697079401,0.10301687300838218,0.09142725788776691,0.6195833333333334,0.651306211588524,0.6195833333333334,10.266480943860335,0.9906380919768368,0.0,0.35,0.15,0.5
14-5-0.pt,14,5,0.1387647882624105,easy,0.2873325974723869,0.051169021417182124,0.0075321974443054085,0.9029166666666667,0.3161584544078384,0.9029166666666667,5.365373421857602,0.9906380919768368,1.0,0.35,0.15,0.5
14-50-0.pt,14,50,0.2761630251833145,medium,0.22004498305775158,0.11298406773577657,0.09640658793591841,0.007083333333333333,0.6548664982025428,0.007083333333333333,10.434847649951154,0.9906380919768368,0.0,0.35,0.15,0.5
14-6-0.pt,14,6,0.10777654895470444,easy,0.30919608771145013,0.035799036171563846,0.008410443079921606,0.8416666666666667,0.33785565116774785,0.8416666666666667,4.432135113301485,0.9906380919768368,1.0,0.35,0.15,0.5
14-7-0.pt,14,7,0.11519105562161165,easy,0.30913984360028773,0.04009264652288053,0.010321860308065136,0.6725,0.35698210293196764,0.6725,4.820095311419459,0.9906380919768368,1.0,0.35,0.15,0.5
14-8-0.pt,14,8,0.1098818650931484,easy,0.24447172341993179,0.034798600052600145,0.012583152527430115,0.90875,0.37428937204046625,0.90875,4.420358014541351,0.9906380919768368,1.0,0.35,0.15,0.5
14-9-0.pt,14,9,0.08225644926768888,easy,0.22800170068675987,0.035965202618470145,0.013985890943898715,0.8504166666666667,0.38947843167222124,0.8504166666666667,3.593626812108189,0.9906380919768368,0.0,0.35,0.15,0.5
15-10-0.pt,15,10,0.11205024179051132,easy,0.15739968258376205,0.03951867888908501,0.017620571194478404,0.33791666666666664,0.41316917984698165,0.33791666666666664,5.015369757152643,0.9906380919768368,1.0,0.35,0.15,0.5
15-11-0.pt,15,11,0.07545879076711152,easy,0.14781940152824982,0.03785116985063525,0.01931569728217273,0.16,0.4259831541958453,0.16,4.018870743978815,0.9906380919768368,0.0,0.35,0.15,0.5
15-12-0.pt,15,12,0.17648853057971592,easy,0.13707045014609281,0.032766377835453525,0.0208814370536669,0.94125,0.4379439742294784,0.94125,6.475547687674428,0.9906380919768368,1.0,0.35,0.15,0.5
15-13-0.pt,15,13,0.11345057706624347,easy,0.1278957508067548,0.03382473765659626,0.02242898491852072,0.63375,0.4488367284353491,0.63375,4.764323123309889,0.9906380919768368,0.0,0.35,0.15,0.5
15-14-0.pt,15,14,0.14529774967382786,easy,0.11570489207307899,0.03156367039455663,0.023775056357007177,0.9058333333333334,0.45929967416837175,0.9058333333333334,5.511494079579267,0.9906380919768368,1.0,0.35,0.15,0.5
15-15-0.pt,15,15,0.12232172363764067,easy,0.09885817656200457,0.03337539756055878,0.025177988965587775,0.9308333333333333,0.46907234952237986,0.9308333333333333,4.755253919618685,0.9906380919768368,0.0,0.35,0.15,0.5
15-16-0.pt,15,16,0.13190614219774616,easy,0.10243804816944671,0.03235350823696009,0.02709943163620728,0.9241666666666667,0.4786228787823217,0.9241666666666667,5.0615998845575145,0.9906380919768368,0.0,0.35,0.15,0.5
15-17-0.pt,15,17,0.14027813324425514,easy,0.10913673074326485,0.03383108316621465,0.028408698684600643,0.7983333333333333,0.48753579737067104,0.7983333333333333,5.442926036354628,0.9906380919768368,0.0,0.35,0.15,0.5
15-18-0.pt,15,18,0.20374817457283798,easy,0.1388382127409138,0.034531719376741855,0.03005900069299634,0.72,0.4961497131333041,0.72,7.5263112302110855,0.9906380919768368,1.0,0.35,0.15,0.5
15-19-0.pt,15,19,0.13210555340860455,easy,0.1352073309182777,0.03162482758783788,0.031654176743603615,0.6470833333333333,0.5043618035112333,0.6470833333333333,5.320574123328134,0.9906380919768368,0.0,0.35,0.15,0.5
15-2-0.pt,15,2,0.14481683805866902,easy,0.580522385279326,0.04651296685993093,0.006383991976888713,0.8475,0.2239801929611553,0.8475,5.647411794220108,0.9906380919768368,1.0,0.35,0.15,0.5
15-20-0.pt,15,20,0.12382769236582891,easy,0.10827042664142664,0.031324978751669064,0.03219534367106676,0.06791666666666667,0.5117340274754197,0.06791666666666667,5.605094031687597,0.9906380919768368,0.0,0.35,0.15,0.5
15-21-0.pt,15,21,0.1326299647702551,easy,0.10677179049521981,0.03349824248733395,0.03315490230644091,0.5591666666666667,0.5188600976560781,0.5591666666666667,5.414789849822434,0.9906380919768368,0.0,0.35,0.15,0.5
15-22-0.pt,15,22,0.14855818735433463,easy,0.1259868892168468,0.03475363473182834,0.03466256170066135,0.31125,0.5259520763147063,0.31125,6.152383512352171,0.9906380919768368,0.0,0.35,0.15,0.5
15-23-0.pt,15,23,0.14908196425209647,easy,0.11845580773358215,0.03834722337608452,0.03597573521308957,0.47875,0.5329980501982597,0.47875,6.007060754830984,0.9906380919768368,0.0,0.35,0.15,0.5
15-24-0.pt,15,24,0.16505814717607079,easy,0.09847869051957187,0.042459254958841675,0.0372488347393508,0.8366666666666667,0.5398860231114175,0.8366666666666667,6.170940624008357,0.9906380919768368,0.0,0.35,0.15,0.5
15-25-0.pt,15,25,0.16414684769448878,easy,0.10310579505761115,0.04281908910777562,0.03823707680598426,0.8325,0.5462605189320437,0.8325,6.143407681600731,0.9906380919768368,0.0,0.35,0.15,0.5
15-26-0.pt,15,26,0.15240706762903428,easy,0.11158491829347718,0.0424918202159581,0.039423418579866136,0.06041666666666667,0.5522291941539239,0.06041666666666667,6.501928012973934,0.9906380919768368,0.0,0.35,0.15,0.5
15-27-0.pt,15,27,0.21608386530848703,medium,0.10965293973298679,0.04439270766885895,0.04095447372853619,0.8245833333333333,0.5585761369697075,0.8245833333333333,7.792728320255419,0.9906380919768368,1.0,0.35,0.15,0.5
15-28-0.pt,15,28,0.17500820883688759,easy,0.09120282989557124,0.045639122432916665,0.04193933442888815,0.5095833333333334,0.5644173424090291,0.5095833333333334,6.787060723678701,0.9906380919768368,0.0,0.35,0.15,0.5
15-29-0.pt,15,29,0.20263327834170067,easy,0.09456385907316466,0.04722644787297499,0.043361117813049424,0.7820833333333334,0.570504162174655,0.7820833333333334,7.401742891872279,0.9906380919768368,0.0,0.35,0.15,0.5
15-3-0.pt,15,3,0.12814389617650832,easy,0.4589793541486938,0.007716455957867991,0.005235697390827029,0.6591666666666667,0.26654600356675645,0.6591666666666667,5.280270800480158,0.9906380919768368,1.0,0.35,0.15,0.5
15-30-0.pt,15,30,0.18972363331015382,easy,0.08318319833941488,0.04934130176967988,0.04461445398086478,0.2529166666666667,0.5763125920481812,0.2529166666666667,7.492553483192697,0.9906380919768368,0.0,0.35,0.15,0.5
15-31-0.pt,15,31,0.19884802200700766,easy,0.07345343922034528,0.04959556363039139,0.04620489075623918,0.7608333333333334,0.581977159385735,0.7608333333333334,7.2972305812837,0.9906380919768368,0.0,0.35,0.15,0.5
15-32-0.pt,15,32,0.19041368565223193,easy,0.07973015310195815,0.04987237161727464,0.04723026352893688,0.3045833333333333,0.5870728835922174,0.3045833333333333,7.46099012079684,0.9906380919768368,0.0,0.35,0.15,0.5
15-33-0.pt,15,33,0.2085320616513818,easy,0.09269045028141365,0.05006571893699742,0.048703686798886314,0.73625,0.5924202060848841,0.73625,7.623386288578241,0.9906380919768368,0.0,0.35,0.15,0.5
15-34-0.pt,15,34,0.21754893843789574,medium,0.11815793729183176,0.05192730895880339,0.050604015570955015,0.53625,0.5974282882205987,0.53625,8.097180531402193,0.9906380919768368,0.0,0.35,0.15,0.5
15-35-0.pt,15,35,0.2265463459353744,medium,0.12376530814978934,0.053079799603719585,0.05254128647758286,0.70625,0.6026136222990345,0.70625,8.218922183382103,0.9906380919768368,0.0,0.35,0.15,0.5
15-36-0.pt,15,36,0.22847940877476705,medium,0.12124627060125089,0.05335430802889893,0.054714216129345176,0.6229166666666667,0.6078531918869213,0.6229166666666667,8.357219008136996,0.9906380919768368,0.0,0.35,0.15,0.5
15-37-0.pt,15,37,0.23755587570921216,medium,0.11193158574666,0.059068613202101446,0.05679331706458979,0.5925,0.6126292829076105,0.5925,8.671955716956047,0.9906380919768368,0.0,0.35,0.15,0.5
15-38-0.pt,15,38,0.21220324609244973,medium,0.1156844827929494,0.05910893959704837,0.05881674906829814,0.058333333333333334,0.6172551702645516,0.058333333333333334,8.373454527637183,0.9906380919768368,0.0,0.35,0.15,0.5
15-39-0.pt,15,39,0.24226792438556577,medium,0.11747953239227094,0.061604876884810575,0.06135808755586791,0.4504166666666667,0.6220194576670275,0.4504166666666667,8.95246994760076,0.9906380919768368,0.0,0.35,0.15,0.5
15-4-0.pt,15,4,0.13756350578563498,easy,0.3125510794039789,0.04564708216915823,0.006300355092247702,0.92625,0.298657529904392,0.92625,5.312247815622898,0.9906380919768368,1.0,0.35,0.15,0.5
15-40-0.pt,15,40,0.2519730274800632,medium,0.10804167545045963,0.062034322465336876,0.06404402272996812,0.6829166666666666,0.6265695606688554,0.6829166666666666,9.037557808125655,0.9906380919768368,0.0,0.35,0.15,0.5
15-41-0.pt,15,41,0.25464198651169173,medium,0.11729440766245257,0.06444988012126918,0.06693346996752762,0.6495833333333333,0.6314344443161365,0.6495833333333333,9.151859361688835,0.9906380919768368,0.0,0.35,0.15,0.5
15-42-0.pt,15,42,0.26681650739240914,medium,0.11066136389421612,0.06851181678304528,0.06978601699601533,0.5183333333333333,0.6358723149746038,0.5183333333333333,9.66072094352381,0.9906380919768368,0.0,0.35,0.15,0.5
15-43-0.pt,15,43,0.26218893803832366,medium,0.1377047983150409,0.06946386434616278,0.07302415377079038,0.15333333333333332,0.6399015414310157,0.15333333333333332,9.85896546613737,0.9906380919768368,0.0,0.35,0.15,0.5
15-44-0.pt,15,44,0.26630408239391656,medium,0.1373522729189273,0.07788477649567649,0.0766774297087383,0.22166666666666668,0.6441007647189485,0.22166666666666668,9.922847744554748,0.9906380919768368,0.0,0.35,0.15,0.5
15-45-0.pt,15,45,0.28523113458712723,medium,0.1699024035809151,0.07911732464679927,0.08058179917360757,0.6945833333333333,0.6480376374535386,0.6945833333333333,10.072287146525044,0.9906380919768368,0.0,0.35,0.15,0.5
15-46-0.pt,15,46,0.30055303819796786,medium,0.1573510221006558,0.08512471027654027,0.08458956420484706,0.6733333333333333,0.6525968046306542,0.6733333333333333,10.576437028035388,0.9906380919768368,0.0,0.35,0.15,0.5
15-47-0.pt,15,47,0.3071145447264638,medium,0.1795585279977529,0.09066771992824792,0.08893963520670267,0.6520833333333333,0.6565963405706795,0.6520833333333333,10.803040667459573,0.9906380919768368,0.0,0.35,0.15,0.5
15-48-0.pt,15,48,0.2986665810931513,medium,0.17067293026930702,0.09836230619958909,0.09346931799928017,0.6179166666666667,0.6606496403359681,0.6179166666666667,10.565969344465694,0.9906380919768368,0.0,0.35,0.15,0.5
15-49-0.pt,15,49,0.29867574927034174,medium,0.20547131756369516,0.10391867444345362,0.09844346801391579,0.28958333333333336,0.6649308879150847,0.28958333333333336,10.87631285001564,0.9906380919768368,0.0,0.35,0.15,0.5
15-5-0.pt,15,5,0.12267341804615915,easy,0.29916890658491535,0.052841468261676,0.00813591829371313,0.9345833333333333,0.3248224110299317,0.9345833333333333,4.821551768160584,0.9906380919768368,1.0,0.35,0.15,0.5
15-50-0.pt,15,50,0.3135311987973948,medium,0.22580433952093695,0.11511728889836338,0.1037149047035849,0.605,0.6683810199224872,0.605,11.046415014796713,0.9906380919768368,0.0,0.35,0.15,0.5
15-6-0.pt,15,6,0.11990578048938695,easy,0.2900264903624275,0.0399653583455435,0.009811221107491188,0.9391666666666667,0.34678927128426307,0.9391666666666667,4.720503088809806,0.9906380919768368,1.0,0.35,0.15,0.5
15-7-0.pt,15,7,0.1392314072201351,easy,0.2921312943149614,0.04126767455519539,0.01196604558133053,0.9066666666666666,0.36625835891426567,0.9066666666666666,5.356217952411426,0.9906380919768368,1.0,0.35,0.15,0.5
15-8-0.pt,15,8,0.07252787095143985,easy,0.22093991494171394,0.03779177313381968,0.01410774496074612,0.3129166666666667,0.38358206458094135,0.3129166666666667,3.7979796770028953,0.9906380919768368,0.0,0.35,0.15,0.5
15-9-0.pt,15,9,0.13105551862405013,easy,0.2079255151312278,0.03917977751016258,0.016010194261816768,0.8541666666666666,0.3990110220455396,0.8541666666666666,5.133503257749701,0.9906380919768368,1.0,0.35,0.15,0.5
16-10-0.pt,16,10,0.19452816473625115,easy,0.14666022047372482,0.04234150138125956,0.01996330010371854,0.88,0.4222564364935312,0.88,7.1120964558057675,0.9906380919768368,1.0,0.35,0.15,0.5
16-11-0.pt,16,11,0.1584995626577748,easy,0.13077027298019403,0.040245351268134416,0.021442221508560434,0.8695833333333334,0.4350663108647204,0.8695833333333334,5.974382848054194,0.9906380919768368,1.0,0.35,0.15,0.5
16-12-0.pt,16,12,0.15195044478023714,easy,0.13054558576209055,0.03669406987216577,0.022990535135514325,0.9129166666666667,0.4469125488467059,0.9129166666666667,5.720752048549902,0.9906380919768368,1.0,0.35,0.15,0.5
16-13-0.pt,16,13,0.16960603267306032,easy,0.09879873707105095,0.036113136275043575,0.02487395646503144,0.9025,0.45819124623763546,0.9025,6.285875811137407,0.9906380919768368,1.0,0.35,0.15,0.5
16-14-0.pt,16,14,0.187463689452983,easy,0.08004803915879012,0.03676972919988853,0.026234851910332365,0.74375,0.4685224513610834,0.74375,6.998654164981243,0.9906380919768368,1.0,0.35,0.15,0.5
16-15-0.pt,16,15,0.16831409956930637,easy,0.07264684791038117,0.0340082657185511,0.02795783996876787,0.7229166666666667,0.47858924850610507,0.7229166666666667,6.407147359026464,0.9906380919768368,1.0,0.35,0.15,0.5
16-16-0.pt,16,16,0.14551452787309582,easy,0.08595941043983174,0.034451633451208996,0.029977566079707176,0.9004166666666666,0.488252571251692,0.9004166666666666,5.511728120829393,0.9906380919768368,0.0,0.35,0.15,0.5
16-17-0.pt,16,17,0.20255153301826911,easy,0.11482123493548939,0.033798066293913194,0.031695016028987694,0.8795833333333334,0.4974463535369082,0.8795833333333334,7.336295368629997,0.9906380919768368,1.0,0.35,0.15,0.5
16-18-0.pt,16,18,0.19176499506921926,easy,0.11458129074784354,0.0344177893507477,0.032869405728673445,0.8279166666666666,0.505920686853783,0.8279166666666666,7.039891944130577,0.9906380919768368,1.0,0.35,0.15,0.5
16-19-0.pt,16,19,0.15065205294431097,easy,0.08294289120307814,0.032886313687807985,0.03398164124821595,0.6079166666666667,0.5137446473734453,0.6079166666666667,5.942020291208418,0.9906380919768368,0.0,0.35,0.15,0.5
16-2-0.pt,16,2,0.15155248439953206,easy,0.5855966425344906,0.03872686270659274,0.006743498059142813,0.9804166666666667,0.23205380035669704,0.9804166666666667,5.731477661821905,0.9906380919768368,1.0,0.35,0.15,0.5
16-20-0.pt,16,20,0.16072497227328983,easy,0.08038217884801922,0.03391408362781593,0.035179063335989906,0.7491666666666666,0.5214199819804411,0.7491666666666666,6.124152663407597,0.9906380919768368,0.0,0.35,0.15,0.5
16-21-0.pt,16,21,0.1534583483068565,easy,0.0952261863352898,0.03450044637270776,0.03641404583773162,0.6275,0.5286678913807902,0.6275,6.006331642612856,0.9906380919768368,0.0,0.35,0.15,0.5
16-22-0.pt,16,22,0.18126917484323263,easy,0.07801435539696838,0.034072799557214276,0.03824742044375792,0.7341666666666666,0.536380522411336,0.7341666666666666,6.783722418836386,0.9906380919768368,0.0,0.35,0.15,0.5
16-23-0.pt,16,23,0.19817511212885092,easy,0.07933146795055776,0.03498235252071205,0.039570362608884566,0.6954166666666667,0.5435725568327779,0.6954166666666667,7.3536457097666155,0.9906380919768368,1.0,0.35,0.15,0.5
16-24-0.pt,16,24,0.18550085997036608,easy,0.0689113681107555,0.03760859317548308,0.040696991216439604,0.77,0.5501805794136561,0.77,6.878255551344837,0.9906380919768368,0.0,0.35,0.15,0.5
16-25-0.pt,16,25,0.1651774531784499,easy,0.09340035279841301,0.041653388724418657,0.04183135503186403,0.46625,0.5563554397998708,0.46625,6.5197795759890385,0.9906380919768368,0.0,0.35,0.15,0.5
16-26-0.pt,16,26,0.18536613525561393,easy,0.07956872967307409,0.043252624990854055,0.043004713398250016,0.8204166666666667,0.5627428816780147,0.8204166666666667,6.820993868353704,0.9906380919768368,0.0,0.35,0.15,0.5
16-27-0.pt,16,27,0.1723537002768346,easy,0.07998686597989632,0.043281020452158564,0.044609092537239624,0.2025,0.5694413116391074,0.2025,6.992462655408419,0.9906380919768368,0.0,0.35,0.15,0.5
16-28-0.pt,16,28,0.19654604557786448,easy,0.04641574985585987,0.045977569428807936,0.045761394851443156,0.7841666666666667,0.5755013345356247,0.7841666666666667,7.204717212490832,0.9906380919768368,0.0,0.35,0.15,0.5
16-29-0.pt,16,29,0.2311154551304488,medium,0.04371685887830776,0.04415850201872443,0.047244204747663054,0.04583333333333333,0.5816873822587707,0.04583333333333333,8.999467318261603,0.9906380919768368,1.0,0.35,0.15,0.5
16-3-0.pt,16,3,0.13943425189732062,easy,0.4747153025273929,0.021524056395916855,0.0060666933209723274,0.9495833333333333,0.2747002831701415,0.9495833333333333,5.359157479659805,0.9906380919768368,1.0,0.35,0.15,0.5
16-30-0.pt,16,30,0.2379035827998316,medium,0.06271251553832283,0.047462441204601295,0.04801433593556398,0.78375,0.5871223342050278,0.78375,8.511744966286198,0.9906380919768368,1.0,0.35,0.15,0.5
16-31-0.pt,16,31,0.22019336362879516,medium,0.06564440435854996,0.04978139706694948,0.049612979578740744,0.6775,0.5928580782518312,0.6775,8.048754521974372,0.9906380919768368,0.0,0.35,0.15,0.5
16-32-0.pt,16,32,0.21633774799836236,medium,0.09191902774511912,0.05048870930639344,0.051201691755686396,0.2891666666666667,0.5981146487105158,0.2891666666666667,8.293134619368557,0.9906380919768368,0.0,0.35,0.15,0.5
16-33-0.pt,16,33,0.27217522006942163,medium,0.08691988466983692,0.050117506598477454,0.05274442804456216,0.75375,0.603563020119656,0.75375,9.620225230134238,0.9906380919768368,1.0,0.35,0.15,0.5
16-34-0.pt,16,34,0.23113394742358584,medium,0.09061538812925064,0.0517995303936313,0.054547121421383384,0.3441666666666667,0.6092083579609792,0.3441666666666667,8.705546764615699,0.9906380919768368,0.0,0.35,0.15,0.5
16-35-0.pt,16,35,0.23163921528547804,medium,0.09321133080804364,0.053588272991909706,0.056512609756621174,0.64875,0.6143658071278564,0.64875,8.430227270181172,0.9906380919768368,0.0,0.35,0.15,0.5
16-36-0.pt,16,36,0.2440948866018694,medium,0.08438559780391211,0.055519335989497695,0.05835159651268863,0.6429166666666667,0.6192262344710694,0.6429166666666667,8.828732138264368,0.9906380919768368,0.0,0.35,0.15,0.5
16-37-0.pt,16,37,0.2470846904808533,medium,0.10721495310131955,0.05501245279857819,0.06054914066018393,0.6291666666666667,0.6245237201585355,0.6291666666666667,8.934434031595424,0.9906380919768368,0.0,0.35,0.15,0.5
16-38-0.pt,16,38,0.2386914340799778,medium,0.09688349324719574,0.05612868041827301,0.06286178118857454,0.2708333333333333,0.6293104042992278,0.2708333333333333,9.006637295797972,0.9906380919768368,0.0,0.35,0.15,0.5
16-39-0.pt,16,39,0.2994473681864594,medium,0.08391410659247851,0.06041725052288335,0.06519984888069684,0.7070833333333333,0.6340505158841615,0.7070833333333333,10.51687656164237,0.9906380919768368,1.0,0.35,0.15,0.5
16-4-0.pt,16,4,0.1381884977109479,easy,0.31437346196282223,0.05564431679638654,0.007220288269224877,0.8925,0.3068813154656934,0.8925,5.360768074723299,0.9906380919768368,1.0,0.35,0.15,0.5
16-40-0.pt,16,40,0.34844370622681947,medium,0.08161633315039381,0.06179442423741451,0.06794396586343855,0.44375,0.6385951209285551,0.44375,12.318668380701027,0.9906380919768368,1.0,0.35,0.15,0.5
16-41-0.pt,16,41,0.2905112088083226,medium,0.0813719681561498,0.0651445249490307,0.0711187512240097,0.6475,0.6433311903899888,0.6475,10.286334536297096,0.9906380919768368,0.0,0.35,0.15,0.5
16-42-0.pt,16,42,0.27711974271770373,medium,0.11222056412940709,0.06658068870665933,0.07440716638441158,0.3720833333333333,0.6474421970590196,0.3720833333333333,10.121589779656777,0.9906380919768368,0.0,0.35,0.15,0.5
16-43-0.pt,16,43,0.2871665587441025,medium,0.11184174478896762,0.07206230272567044,0.07781219361170807,0.44208333333333333,0.6518470541229634,0.44208333333333333,10.371886644985793,0.9906380919768368,0.0,0.35,0.15,0.5
16-44-0.pt,16,44,0.27982223562055913,medium,0.1383841498440851,0.07448588285611395,0.08167671600982532,0.14166666666666666,0.6561696767473709,0.14166666666666666,10.422538863873635,0.9906380919768368,0.0,0.35,0.15,0.5
16-45-0.pt,16,45,0.30261959752105105,medium,0.1556278546225384,0.08144161956197965,0.08591988751171692,0.405,0.6606110880290201,0.405,10.893519044812516,0.9906380919768368,0.0,0.35,0.15,0.5
16-46-0.pt,16,46,0.36685455535795636,medium,0.1557045902453242,0.0859448247518515,0.09039395521186375,0.64,0.6652506749385432,0.64,12.70522489110812,0.9906380919768368,1.0,0.35,0.15,0.5
16-47-0.pt,16,47,0.3117555421981255,medium,0.17305681242650164,0.09217264844607151,0.09513801228989292,0.0525,0.6693082069958348,0.0525,11.51440588692757,0.9906380919768368,0.0,0.35,0.15,0.5
16-48-0.pt,16,48,0.32145019209556536,medium,0.16498651017851054,0.10133309301418629,0.10003122292955736,0.6125,0.6733858693853249,0.6125,11.288350730294907,0.9906380919768368,0.0,0.35,0.15,0.5
16-49-0.pt,16,49,0.3342002806510871,medium,0.20279828605146144,0.10904648908256814,0.10539338744173453,0.5470833333333334,0.6774168293127165,0.5470833333333334,11.753110662260243,0.9906380919768368,0.0,0.35,0.15,0.5
16-5-0.pt,16,5,0.1237430013908444,easy,0.3126388433524249,0.05340239442037909,0.009410047408685111,0.40625,0.33316830779155276,0.40625,5.353790600143194,0.9906380919768368,1.0,0.35,0.15,0.5
16-50-0.pt,16,50,0.32468159286258713,medium,0.22143120083364823,0.11468855898753137,0.11106256965477926,0.18666666666666668,0.6813602736033362,0.18666666666666668,11.791950415114762,0.9906380919768368,0.0,0.35,0.15,0.5
16-6-0.pt,16,6,0.12981061299038252,easy,0.324202566681766,0.04623092897269967,0.011215019122045708,0.9333333333333333,0.35521535884843886,0.9333333333333333,5.036674986320328,0.9906380919768368,1.0,0.35,0.15,0.5
16-7-0.pt,16,7,0.1329538883581781,easy,0.23812561142880628,0.04440164410566926,0.013930546322154388,0.6533333333333333,0.37506950161566555,0.6533333333333333,5.394157813745489,0.9906380919768368,1.0,0.35,0.15,0.5
16-8-0.pt,16,8,0.10668320279189711,easy,0.20945170040574548,0.04375015858106919,0.01588711389201099,0.08291666666666667,0.3922541546198595,0.08291666666666667,5.095859845342174,0.9906380919768368,1.0,0.35,0.15,0.5
16-9-0.pt,16,9,0.18697141847861856,easy,0.1506651565605831,0.0405762592411635,0.017990811170982668,0.8608333333333333,0.40801049750781265,0.8608333333333333,6.896486837655939,0.9906380919768368,1.0,0.35,0.15,0.5
17-10-0.pt,17,10,0.1697773472257953,easy,0.11797225191852978,0.04307626108171087,0.02170152108255283,0.7641666666666667,0.43054231487073835,0.7641666666666667,6.433926012505642,0.9906380919768368,1.0,0.35,0.15,0.5
17-11-0.pt,17,11,0.1532412708573421,easy,0.12171743142341838,0.04073330686206485,0.023607068295979677,0.30625,0.44358332511956505,0.30625,6.33914530695034,0.9906380919768368,1.0,0.35,0.15,0.5
17-12-0.pt,17,12,0.1540381879687676,easy,0.11001647925934925,0.04228494485364094,0.0254425264067564,0.28833333333333333,0.45553343088474596,0.28833333333333333,6.376564593647085,0.9906380919768368,1.0,0.35,0.15,0.5
17-13-0.pt,17,13,0.1798579304203484,easy,0.09155273605675159,0.038376063930638755,0.02740594822789156,0.8783333333333333,0.46701298042757244,0.8783333333333333,6.630301289456056,0.9906380919768368,1.0,0.35,0.15,0.5
17-14-0.pt,17,14,0.2228605737190845,medium,0.09339761676101467,0.03979917827562077,0.029043842403949048,0.91,0.47729641378681387,0.91,7.959569012208232,0.9906380919768368,1.0,0.35,0.15,0.5
17-15-0.pt,17,15,0.16310431528317237,easy,0.08336399058632002,0.03635302776348435,0.030743237359369242,0.17708333333333334,0.48744237993673595,0.17708333333333334,6.756692570063271,0.9906380919768368,1.0,0.35,0.15,0.5
17-16-0.pt,17,16,0.18674662472636389,easy,0.09502551894706675,0.036045429456580215,0.03308566665901905,0.8241666666666667,0.4975958214312046,0.8241666666666667,6.88771904198638,0.9906380919768368,1.0,0.35,0.15,0.5
17-17-0.pt,17,17,0.23090453994227791,medium,0.10441341559936361,0.03510694697029416,0.034536254285324954,0.8708333333333333,0.5066537539848589,0.8708333333333333,8.239872347401276,0.9906380919768368,1.0,0.35,0.15,0.5
17-18-0.pt,17,18,0.22691802813394252,medium,0.08440170880638526,0.03229608468717387,0.03537988615452168,0.8658333333333333,0.5147679759610404,0.8658333333333333,8.1149141239736,0.9906380919768368,1.0,0.35,0.15,0.5
17-19-0.pt,17,19,0.20426219328066084,easy,0.07630001681496648,0.03342757387821417,0.03687788849062622,0.86375,0.5229697725073797,0.86375,7.395185032069263,0.9906380919768368,1.0,0.35,0.15,0.5
17-2-0.pt,17,2,0.13587236975573228,easy,0.5532704275265597,0.03169493615712989,0.007236815589037532,0.10875,0.23960626934950616,0.10875,6.058980911968981,0.9906380919768368,1.0,0.35,0.15,0.5
17-20-0.pt,17,20,0.18181997140744735,easy,0.09079079685263347,0.03387628394688059,0.0384632663786114,0.7404166666666666,0.530746384707152,0.7404166666666666,6.797544852116328,0.9906380919768368,0.0,0.35,0.15,0.5
17-21-0.pt,17,21,0.16130841399461468,easy,0.07348399636981864,0.033652428057653776,0.0399086056436736,0.10083333333333333,0.5385700955360851,0.10083333333333333,6.751349382660279,0.9906380919768368,0.0,0.35,0.15,0.5
17-22-0.pt,17,22,0.261585547917628,medium,0.0705869942684389,0.031183396954533916,0.04190428354568974,0.7725,0.5463260168878731,0.7725,9.289937711098316,0.9906380919768368,1.0,0.35,0.15,0.5
17-23-0.pt,17,23,0.26506573676884554,medium,0.07880638493237573,0.034099480319507845,0.04279569567514406,0.7133333333333334,0.5529877309806006,0.7133333333333334,9.453762505996444,0.9906380919768368,1.0,0.35,0.15,0.5
17-24-0.pt,17,24,0.21220793044322236,medium,0.09290932867882148,0.0364256184450534,0.04419816583002646,0.11125,0.55967075404107,0.11125,8.34678775538343,0.9906380919768368,1.0,0.35,0.15,0.5
17-25-0.pt,17,25,0.2010883198002794,easy,0.0871743513495575,0.03657672842694241,0.04554809298875434,0.735,0.5665875941141912,0.735,7.399061194455284,0.9906380919768368,0.0,0.35,0.15,0.5
17-26-0.pt,17,26,0.2004711232453394,easy,0.09080609923867233,0.0389373183420686,0.04683342897580525,0.5595833333333333,0.5729304220631557,0.5595833333333333,7.543490680946455,0.9906380919768368,0.0,0.35,0.15,0.5
17-27-0.pt,17,27,0.2508697567427012,medium,0.06728834413923324,0.04261318144602324,0.04831127578163083,0.73875,0.5798065548521684,0.73875,8.968586181766646,0.9906380919768368,1.0,0.35,0.15,0.5
17-28-0.pt,17,28,0.22096855920799224,medium,0.061538356510643585,0.04475942222800936,0.0493586327333892,0.44583333333333336,0.5858518257162629,0.44583333333333336,8.29618342922834,0.9906380919768368,0.0,0.35,0.15,0.5
17-29-0.pt,17,29,0.28068851263604094,medium,0.054665792597856595,0.046410681057773094,0.050930485782111845,0.0020833333333333333,0.592000687819361,0.0020833333333333333,10.608675010076482,0.9906380919768368,1.0,0.35,0.15,0.5
17-3-0.pt,17,3,0.1221262047970599,easy,0.4500607100538912,0.039182973742610705,0.007299647776947993,0.245,0.2824443516412101,0.245,5.47629703805552,0.9906380919768368,1.0,0.35,0.15,0.5
17-30-0.pt,17,30,0.24508514975509293,medium,0.08411065030928298,0.04610476009603278,0.052011583169409084,0.7866666666666666,0.5974320723559496,0.7866666666666666,8.732491888122148,0.9906380919768368,0.0,0.35,0.15,0.5
17-31-0.pt,17,31,0.2566905551124213,medium,0.08968533742600372,0.04753784690223611,0.05357553404359965,0.1675,0.6032987591974951,0.1675,9.686066824856363,0.9906380919768368,1.0,0.35,0.15,0.5
17-32-0.pt,17,32,0.2768832639537763,medium,0.06260915790475508,0.049858146380600946,0.05514758088219948,0.7375,0.6092206102925594,0.7375,9.782636464908897,0.9906380919768368,1.0,0.35,0.15,0.5
17-33-0.pt,17,33,0.28364183302838,medium,0.06372237158386196,0.049573392067594875,0.0568575053911321,0.7029166666666666,0.6146616478298507,0.7029166666666666,10.02756361409975,0.9906380919768368,1.0,0.35,0.15,0.5
17-34-0.pt,17,34,0.3054397265753794,medium,0.06997541360811746,0.05124511835510537,0.05846873350083635,0.73125,0.6199072903841863,0.73125,10.6896884826879,0.9906380919768368,1.0,0.35,0.15,0.5
17-35-0.pt,17,35,0.2479023714393058,medium,0.09482100652779926,0.05252759103535607,0.060223017811925746,0.014166666666666666,0.625533818908072,0.014166666666666666,9.543972388271504,0.9906380919768368,0.0,0.35,0.15,0.5
17-36-0.pt,17,36,0.271018321669585,medium,0.09718444307394741,0.056269629231070914,0.0623092884438024,0.72875,0.6307250609377175,0.72875,9.596228610808044,0.9906380919768368,0.0,0.35,0.15,0.5
17-37-0.pt,17,37,0.3227318638088375,medium,0.07732419802271691,0.055665255406538675,0.06430197293948044,0.6416666666666667,0.6356209623171943,0.6416666666666667,11.31666206063927,0.9906380919768368,1.0,0.35,0.15,0.5
17-38-0.pt,17,38,0.26872422981890676,medium,0.08256517813299434,0.05706578105179263,0.0666117350077865,0.06916666666666667,0.6404656701100394,0.06916666666666667,10.145883604984594,0.9906380919768368,0.0,0.35,0.15,0.5
17-39-0.pt,17,39,0.2896353171623261,medium,0.07588149582184468,0.05922790719925395,0.06921965698481107,0.6208333333333333,0.6452021444725087,0.6208333333333333,10.283123849969657,0.9906380919768368,0.0,0.35,0.15,0.5
17-4-0.pt,17,4,0.151925358340605,easy,0.3258273827488688,0.06533270639070969,0.00865894301714435,0.9008333333333334,0.31479796111255814,0.9008333333333334,5.785199870552761,0.9906380919768368,1.0,0.35,0.15,0.5
17-40-0.pt,17,40,0.2988730248707992,medium,0.08762545966828955,0.05983725891738788,0.07227638372335195,0.6091666666666666,0.6494124096120938,0.6091666666666666,10.58539788764049,0.9906380919768368,0.0,0.35,0.15,0.5
17-41-0.pt,17,41,0.3056234150280173,medium,0.07538092928689223,0.06346028327536353,0.0755636447426925,0.62625,0.6546063144051213,0.62625,10.78110205984344,0.9906380919768368,0.0,0.35,0.15,0.5
17-42-0.pt,17,42,0.30523313397359647,medium,0.0849093157178017,0.06795062193356098,0.07908082500016402,0.6658333333333334,0.6592461493805057,0.6658333333333334,10.729249194750412,0.9906380919768368,0.0,0.35,0.15,0.5
17-43-0.pt,17,43,0.30754760335185566,medium,0.12040343856311829,0.07199957534562113,0.08275789705509633,0.28625,0.6636174578213203,0.28625,11.161320902239224,0.9906380919768368,0.0,0.35,0.15,0.5
17-44-0.pt,17,44,0.32743200736126,medium,0.1271954251152726,0.07579083751264176,0.08687202071812004,0.6395833333333333,0.6681680969312231,0.6395833333333333,11.454426077104243,0.9906380919768368,0.0,0.35,0.15,0.5
17-45-0.pt,17,45,0.3758123115885243,medium,0.13607562936580803,0.07900406350540469,0.09132869945090981,0.5233333333333333,0.672805759311196,0.5233333333333333,13.096972115757392,0.9906380919768368,1.0,0.35,0.15,0.5
17-46-0.pt,17,46,0.391051075052186,medium,0.1503436468057877,0.0886387637982147,0.09637942507911322,0.33,0.677092299573201,0.33,13.762012256456098,0.9906380919768368,1.0,0.35,0.15,0.5
17-47-0.pt,17,47,0.3811367281595174,medium,0.14211200328420082,0.09274380994820265,0.10138954966808546,0.4066666666666667,0.6815123594987941,0.4066666666666667,13.373045034440516,0.9906380919768368,1.0,0.35,0.15,0.5
17-48-0.pt,17,48,0.36642065320948475,medium,0.15271584822541734,0.09836054297762947,0.10668499210390797,0.6045833333333334,0.6857320817733938,0.6045833333333334,12.716763874816804,0.9906380919768368,0.0,0.35,0.15,0.5
17-49-0.pt,17,49,0.3591146700333493,medium,0.20047652170912172,0.10963267529799996,0.1123920783131943,0.5808333333333333,0.6901218273671275,0.5808333333333333,12.505873473208647,0.9906380919768368,0.0,0.35,0.15,0.5
17-5-0.pt,17,5,0.14638799843796158,easy,0.29817723740544755,0.05959291793867394,0.010822093623272647,0.8495833333333334,0.34111083349192317,0.8495833333333334,5.6475812988956955,0.9906380919768368,1.0,0.35,0.15,0.5
17-50-0.pt,17,50,0.3465429891798208,medium,0.25925596502865983,0.11808095336696114,0.11839374758907276,0.14375,0.6943493208711798,0.14375,12.52059852208682,0.9906380919768368,0.0,0.35,0.15,0.5
17-6-0.pt,17,6,0.12024140211300464,easy,0.26381796985482986,0.05167546741116766,0.012953417600143784,0.09,0.3633999865522651,0.09,5.530778843848837,0.9906380919768368,1.0,0.35,0.15,0.5
17-7-0.pt,17,7,0.15662153279212507,easy,0.19531749857986522,0.05024438864773213,0.016049488313608896,0.8858333333333334,0.38342199992568776,0.8858333333333334,5.920421356002291,0.9906380919768368,1.0,0.35,0.15,0.5
17-8-0.pt,17,8,0.14659045281272523,easy,0.19649661227581708,0.0501857942980366,0.017847705695479794,0.6333333333333333,0.4006839853208517,0.6333333333333333,5.835112868646064,0.9906380919768368,1.0,0.35,0.15,0.5
17-9-0.pt,17,9,0.16231729937174477,easy,0.15186868525073788,0.04481080361278518,0.019981650779394452,0.8854166666666666,0.41640872281037,0.8854166666666666,6.087992889263577,0.9906380919768368,1.0,0.35,0.15,0.5
18-10-0.pt,18,10,0.1738706906004096,easy,0.11778186108714996,0.047664639368975206,0.023965352369889528,0.8420833333333333,0.4386717246569847,0.8420833333333333,6.48641688145092,0.9906380919768368,1.0,0.35,0.15,0.5
18-11-0.pt,18,11,0.17499812300570897,easy,0.10090614203949863,0.04485994629393137,0.025838484434662985,0.84125,0.4514822417731702,0.84125,6.517743101163843,0.9906380919768368,1.0,0.35,0.15,0.5
18-12-0.pt,18,12,0.15872878200843624,easy,0.07957551207783456,0.04411486447717466,0.028002726254543277,0.07791666666666666,0.4639340510049953,0.07791666666666666,6.721692662795461,0.9906380919768368,1.0,0.35,0.15,0.5
18-13-0.pt,18,13,0.1602993744462357,easy,0.08276637031251177,0.043624361116524644,0.029944898333624622,0.25708333333333333,0.4752481525050811,0.25708333333333333,6.596746174344549,0.9906380919768368,1.0,0.35,0.15,0.5
18-14-0.pt,18,14,0.18293973752004372,easy,0.07671246809999081,0.040834135445247714,0.031784502618916584,0.9229166666666667,0.48588915665266935,0.9229166666666667,6.677999013194875,0.9906380919768368,1.0,0.35,0.15,0.5
18-15-0.pt,18,15,0.1692612539056718,easy,0.08036663015266048,0.04181202445944478,0.03381857463710195,0.095,0.49639820350757163,0.095,7.026220231688706,0.9906380919768368,1.0,0.35,0.15,0.5
18-16-0.pt,18,16,0.18467741888161598,easy,0.08798345732870096,0.03550014211501389,0.03599741299632618,0.32875,0.5063504070498849,0.32875,7.28900839948065,0.9906380919768368,1.0,0.35,0.15,0.5
18-17-0.pt,18,17,0.21399935651631205,medium,0.07758730994861579,0.03636742064795784,0.036936226119591214,0.8479166666666667,0.5150202030326654,0.8479166666666667,7.722201421354335,0.9906380919768368,1.0,0.35,0.15,0.5
18-18-0.pt,18,18,0.1936556779748855,easy,0.06528611092705562,0.03714909970327081,0.038449021140921115,0.02875,0.5235122582368836,0.02875,7.851594767883447,0.9906380919768368,1.0,0.35,0.15,0.5
18-19-0.pt,18,19,0.20395270032338245,easy,0.07331686333919044,0.034071098799853566,0.04008556994709685,0.8329166666666666,0.531802249175097,0.8329166666666666,7.411057233647061,0.9906380919768368,1.0,0.35,0.15,0.5
18-2-0.pt,18,2,0.15913079528800933,easy,0.5657285303745428,0.03671870848360425,0.009240508122220333,0.95375,0.2468553027979485,0.95375,5.991069655011826,0.9906380919768368,1.0,0.35,0.15,0.5
18-20-0.pt,18,20,0.22525348560620054,medium,0.0612385961322232,0.03296063865760777,0.04193154356211679,0.7708333333333334,0.5401471832856941,0.7708333333333334,8.142020852617279,0.9906380919768368,1.0,0.35,0.15,0.5
18-21-0.pt,18,21,0.22385877241713317,medium,0.05892356145438181,0.03456245300348016,0.04348016465661145,0.3383333333333333,0.5478460260010374,0.3383333333333333,8.505379084847489,0.9906380919768368,1.0,0.35,0.15,0.5
18-22-0.pt,18,22,0.22997163400876794,medium,0.09790969810942289,0.035661234957811025,0.0450614485425053,0.5404166666666667,0.5549894120121951,0.5404166666666667,8.504393580922377,0.9906380919768368,1.0,0.35,0.15,0.5
18-23-0.pt,18,23,0.25478219836521127,medium,0.09677321640006713,0.03408276291054332,0.04647485878055731,0.6916666666666667,0.5622156258819639,0.6916666666666667,9.144512563285772,0.9906380919768368,1.0,0.35,0.15,0.5
18-24-0.pt,18,24,0.2876630473980813,medium,0.07614056894496793,0.03323499661285838,0.04789547014779671,0.68625,0.569358499704999,0.68625,10.189332811080941,0.9906380919768368,1.0,0.35,0.15,0.5
18-25-0.pt,18,25,0.2470410112301695,medium,0.06276676511086234,0.035850701802544856,0.04921622828684765,0.6608333333333334,0.5763017147314895,0.6608333333333334,8.922603034375733,0.9906380919768368,1.0,0.35,0.15,0.5
18-26-0.pt,18,26,0.2596080617408183,medium,0.058341796427077215,0.038444834523772654,0.05063032151758733,0.7533333333333333,0.5830576490723728,0.7533333333333333,9.230487774848202,0.9906380919768368,1.0,0.35,0.15,0.5
18-27-0.pt,18,27,0.2662119326437843,medium,0.06174072372174564,0.03887573418804537,0.05210002122947921,0.7179166666666666,0.589608875643114,0.7179166666666666,9.47084929506263,0.9906380919768368,1.0,0.35,0.15,0.5
18-28-0.pt,18,28,0.3148026524604948,medium,0.07851360171134995,0.041601313185100706,0.05324196135934351,0.49291666666666667,0.5955048517738945,0.49291666666666667,11.222827330015336,0.9906380919768368,1.0,0.35,0.15,0.5
18-29-0.pt,18,29,0.30347696059722673,medium,0.050188703231378654,0.04362831243171828,0.05488314222977056,0.7075,0.6018537884279632,0.7075,10.65735445451398,0.9906380919768368,1.0,0.35,0.15,0.5
18-3-0.pt,18,3,0.1506985371783344,easy,0.417983864154015,0.05108695955603931,0.008021119028102309,0.9395833333333333,0.2896956032450954,0.9395833333333333,5.719718019683967,0.9906380919768368,1.0,0.35,0.15,0.5
18-30-0.pt,18,30,0.3273736848331111,medium,0.07158003245101176,0.044523150229622846,0.05628912183069823,0.7154166666666667,0.6079336404693748,0.7154166666666667,11.405077656844215,0.9906380919768368,1.0,0.35,0.15,0.5
18-31-0.pt,18,31,0.2669361855817215,medium,0.05737169549013979,0.044139675033333145,0.057707212833837604,0.10708333333333334,0.6136790254674621,0.10708333333333334,10.064083372290012,0.9906380919768368,1.0,0.35,0.15,0.5
18-32-0.pt,18,32,0.2825941153729626,medium,0.057296603169665915,0.047803459510710036,0.05904289124261248,0.28,0.6193637283153987,0.28,10.394043368096142,0.9906380919768368,1.0,0.35,0.15,0.5
18-33-0.pt,18,33,0.26738472176943284,medium,0.0695027706780824,0.04868376538708529,0.060635167779017445,0.71875,0.6252346100955778,0.71875,9.492745529950483,0.9906380919768368,0.0,0.35,0.15,0.5
18-34-0.pt,18,34,0.31415333261221695,medium,0.06934775978672883,0.048477854419686495,0.062318538167514904,0.5745833333333333,0.630732596483708,0.5745833333333333,11.110348484970247,0.9906380919768368,1.0,0.35,0.15,0.5
18-35-0.pt,18,35,0.3519378046784371,medium,0.07921883635036679,0.0497688294559196,0.06413037442382366,0.7129166666666666,0.6360920612474689,0.7129166666666666,12.174868937003609,0.9906380919768368,1.0,0.35,0.15,0.5
18-36-0.pt,18,36,0.34013793951368293,medium,0.08527018707991676,0.05195141370086614,0.06597014774169595,0.6566666666666666,0.6412068049752004,0.6566666666666666,11.852054781705679,0.9906380919768368,1.0,0.35,0.15,0.5
18-37-0.pt,18,37,0.3736581085739393,medium,0.07493172699985272,0.054801062589131644,0.06824851043608776,0.23583333333333334,0.6461588551963343,0.23583333333333334,13.312530324189874,0.9906380919768368,1.0,0.35,0.15,0.5
18-38-0.pt,18,38,0.3059168996180436,medium,0.06771479377409674,0.058052283164667165,0.07075600963454705,0.6366666666666667,0.6508672667467477,0.6366666666666667,10.782037600828163,0.9906380919768368,0.0,0.35,0.15,0.5
18-39-0.pt,18,39,0.3114154887494565,medium,0.09694328665730186,0.060571714594580654,0.07351538346529214,0.6033333333333334,0.6557532974415693,0.6033333333333334,10.986052243485016,0.9906380919768368,0.0,0.35,0.15,0.5
18-4-0.pt,18,4,0.15642709183975784,easy,0.309045242991114,0.07277356025919197,0.009915460031732458,0.7279166666666667,0.3223026961766205,0.7279166666666667,6.089093048069902,0.9906380919768368,1.0,0.35,0.15,0.5
18-40-0.pt,18,40,0.3585507197815782,medium,0.0997218326635595,0.06190716622036062,0.07654556904301005,0.5858333333333333,0.6605185461611959,0.5858333333333333,12.495291702293684,0.9906380919768368,1.0,0.35,0.15,0.5
18-41-0.pt,18,41,0.3532709918282972,medium,0.08238366791839295,0.06433824245867441,0.07999811053340117,0.41333333333333333,0.6659255226331138,0.41333333333333333,12.489493120984559,0.9906380919768368,1.0,0.35,0.15,0.5
18-42-0.pt,18,42,0.3326934758467304,medium,0.08634941755084113,0.06515007768152847,0.0837880717544345,0.13666666666666666,0.6705168566713784,0.13666666666666666,12.09788519378688,0.9906380919768368,0.0,0.35,0.15,0.5
18-43-0.pt,18,43,0.42500027128630685,medium,0.11511565397305384,0.07247515515593088,0.08778002322793665,0.6104166666666667,0.6749069211913481,0.6104166666666667,14.57306810337335,0.9906380919768368,1.0,0.35,0.15,0.5
18-44-0.pt,18,44,0.41135003902850975,medium,0.11079938455251158,0.07640758308287406,0.09201474048460276,0.6066666666666667,0.6796799630910146,0.6066666666666667,14.141866138524774,0.9906380919768368,1.0,0.35,0.15,0.5
18-45-0.pt,18,45,0.41663078651144625,medium,0.14308113217993618,0.08064067174715085,0.09672175768717911,0.010416666666666666,0.6843700054550317,0.010416666666666666,14.873615825615113,0.9906380919768368,1.0,0.35,0.15,0.5
18-46-0.pt,18,46,0.45005516521068467,hard,0.15209488598205884,0.08627159450753036,0.10200415450937717,0.44083333333333335,0.6890284104495389,0.44083333333333335,15.522800977008862,0.9906380919768368,1.0,0.35,0.15,0.5
18-47-0.pt,18,47,0.46968785286027986,hard,0.164751361221734,0.09578286830098598,0.10751352987429312,0.5608333333333333,0.6936633911263482,0.5608333333333333,16.029470769819188,0.9906380919768368,1.0,0.35,0.15,0.5
18-48-0.pt,18,48,0.4033763513962111,medium,0.1702963394994495,0.10141311932473872,0.11299032882170257,0.28541666666666665,0.697823384372187,0.28541666666666665,14.186721626845626,0.9906380919768368,1.0,0.35,0.15,0.5
18-49-0.pt,18,49,0.43430222201230345,medium,0.2173494140833412,0.10778342837821549,0.11946161429987366,0.37875,0.7024654127966585,0.37875,15.076795404595975,0.9906380919768368,1.0,0.35,0.15,0.5
18-5-0.pt,18,5,0.15350513678462524,easy,0.2947677207009461,0.061675448302302996,0.012237450049251771,0.8629166666666667,0.3486014235389719,0.8629166666666667,5.857540692598474,0.9906380919768368,1.0,0.35,0.15,0.5
18-50-0.pt,18,50,0.4659498236023878,hard,0.25070345226047186,0.11757720037531302,0.1257650157449698,0.5616666666666666,0.7062725813792993,0.5616666666666666,15.90502252193417,0.9906380919768368,1.0,0.35,0.15,0.5
18-6-0.pt,18,6,0.14752083184578588,easy,0.22050877822238815,0.05389370567182929,0.014528263617894355,0.8975,0.3711377533031899,0.8975,5.625777502092823,0.9906380919768368,1.0,0.35,0.15,0.5
18-7-0.pt,18,7,0.16722235136143587,easy,0.17383580324646175,0.054333677640243425,0.017402800461025603,0.8870833333333333,0.39101150563791776,0.8870833333333333,6.252275456184803,0.9906380919768368,1.0,0.35,0.15,0.5
18-8-0.pt,18,8,0.1512789801221785,easy,0.15505536563747216,0.05569468310188457,0.01999923973468289,0.6908333333333333,0.4087653102469886,0.6908333333333333,5.92588363457772,0.9906380919768368,1.0,0.35,0.15,0.5
18-9-0.pt,18,9,0.16420055552436602,easy,0.14989891325530738,0.05271911838853308,0.02212689925613695,0.8441666666666666,0.42449932248853905,0.8441666666666666,6.1835865246120445,0.9906380919768368,1.0,0.35,0.15,0.5
19-10-0.pt,19,10,0.18254370300642733,easy,0.11807987159936183,0.052462262876544964,0.026127698270985808,0.7566666666666667,0.44619985063578815,0.7566666666666667,6.839470502946448,0.9906380919768368,1.0,0.35,0.15,0.5
19-11-0.pt,19,11,0.1829625666107558,easy,0.10064839157346955,0.04954718798802983,0.028278685747853326,0.8316666666666667,0.45936267559714317,0.8316666666666667,6.776172480630336,0.9906380919768368,1.0,0.35,0.15,0.5
19-12-0.pt,19,12,0.19659852834619976,easy,0.0780420700936811,0.04922445162175762,0.030432750635798533,0.8220833333333334,0.47168084642693714,0.8220833333333334,7.2126278355188,0.9906380919768368,1.0,0.35,0.15,0.5
19-13-0.pt,19,13,0.18194388367179903,easy,0.0809285459472517,0.04969697621831996,0.032720503813568405,0.8004166666666667,0.4833488132924255,0.8004166666666667,6.763786117210003,0.9906380919768368,1.0,0.35,0.15,0.5
19-14-0.pt,19,14,0.2014480786151092,easy,0.09737230132518226,0.04577780603881617,0.034691389392750294,0.8741666666666666,0.49433797138964053,0.8741666666666666,7.307716012732481,0.9906380919768368,1.0,0.35,0.15,0.5
19-15-0.pt,19,15,0.20880282072490447,easy,0.10782377220878588,0.04250704614278654,0.03675055800452375,0.8804166666666666,0.5046868961813278,0.8804166666666666,7.530772577300263,0.9906380919768368,1.0,0.35,0.15,0.5
19-16-0.pt,19,16,0.18565217124467506,easy,0.07302597307788414,0.04143128575486623,0.03853005510964079,0.25625,0.5143612024374176,0.25625,7.3855036842874275,0.9906380919768368,1.0,0.35,0.15,0.5
19-17-0.pt,19,17,0.22760470308577085,medium,0.07462119279303765,0.038463677827000504,0.03997113474197095,0.8341666666666666,0.523334100499727,0.8341666666666666,8.163272501232827,0.9906380919768368,1.0,0.35,0.15,0.5
19-18-0.pt,19,18,0.25044548668463124,medium,0.08144585496411877,0.037946490491985105,0.041596957580072945,0.3545833333333333,0.5319274285365702,0.3545833333333333,9.339435726134587,0.9906380919768368,1.0,0.35,0.15,0.5
19-19-0.pt,19,19,0.22284744129521822,medium,0.0636019494785522,0.03561493536549787,0.04375217755140016,0.8579166666666667,0.5407857393802964,0.8579166666666667,7.98277334975439,0.9906380919768368,1.0,0.35,0.15,0.5
19-2-0.pt,19,2,0.16347187746905814,easy,0.6396029851376976,0.035300943432136266,0.009446830984125387,0.94375,0.253807256133575,0.94375,6.135383322697513,0.9906380919768368,1.0,0.35,0.15,0.5
19-20-0.pt,19,20,0.23390448823172144,medium,0.07172223153371272,0.035130010413256134,0.04523694983218509,0.7379166666666667,0.548889964320034,0.7379166666666667,8.444026666090028,0.9906380919768368,1.0,0.35,0.15,0.5
19-21-0.pt,19,21,0.2922549909059848,medium,0.09870871957369498,0.03493475408870726,0.046956321882632775,0.7295833333333334,0.556123866783278,0.7295833333333334,10.299169458082272,0.9906380919768368,1.0,0.35,0.15,0.5
19-22-0.pt,19,22,0.24541803451773359,medium,0.08427727365256582,0.03450141164999111,0.04869026781600999,0.3804166666666667,0.5639644001581595,0.3804166666666667,9.14245500124744,0.9906380919768368,1.0,0.35,0.15,0.5
19-23-0.pt,19,23,0.23406592673269225,medium,0.07487923633111948,0.034448521514379736,0.05011555178547395,0.07291666666666667,0.5715103329835789,0.07291666666666667,9.071443399010155,0.9906380919768368,1.0,0.35,0.15,0.5
19-24-0.pt,19,24,0.24129978524775178,medium,0.052720205562301614,0.03257486860462846,0.05166530366478536,0.27708333333333335,0.578858937258583,0.27708333333333335,9.103940463555416,0.9906380919768368,1.0,0.35,0.15,0.5
19-25-0.pt,19,25,0.2641425588162257,medium,0.06022266833038367,0.034783821388018756,0.05293439450459052,0.6716666666666666,0.5856155125833642,0.6716666666666666,9.450779373687185,0.9906380919768368,1.0,0.35,0.15,0.5
19-26-0.pt,19,26,0.2926164421381307,medium,0.05295984076973148,0.0354911139169578,0.05437999585939331,0.6729166666666667,0.5923305234378651,0.6729166666666667,10.349707154956196,0.9906380919768368,1.0,0.35,0.15,0.5
19-27-0.pt,19,27,0.293158709667826,medium,0.0503386274220893,0.03722264280119061,0.056016546799332136,0.44708333333333333,0.5988837852215171,0.44708333333333333,10.578692379108565,0.9906380919768368,1.0,0.35,0.15,0.5
19-28-0.pt,19,28,0.2866668565613912,medium,0.057176607619207176,0.037363967967512686,0.05738554359352649,0.265,0.6050657736684795,0.265,10.543245029468956,0.9906380919768368,1.0,0.35,0.15,0.5
19-29-0.pt,19,29,0.3369841194525731,medium,0.04057356929881011,0.041086299711650585,0.05905201612732305,0.7570833333333333,0.6118352330760235,0.7570833333333333,11.668648779477076,0.9906380919768368,1.0,0.35,0.15,0.5
19-3-0.pt,19,3,0.15035067766838847,easy,0.39738814107340803,0.06433026157688841,0.008640442092544004,0.8170833333333334,0.2965710194395878,0.8170833333333334,5.822219612396515,0.9906380919768368,1.0,0.35,0.15,0.5
19-30-0.pt,19,30,0.34359237150467187,medium,0.05464785655743653,0.04395875330473779,0.060160329147653444,0.7283333333333334,0.6176611243951616,0.7283333333333334,11.903113549850245,0.9906380919768368,1.0,0.35,0.15,0.5
19-31-0.pt,19,31,0.3041570327479306,medium,0.03903634776267333,0.042926878748558016,0.06174178421933847,0.15083333333333335,0.6236102854222001,0.15083333333333335,11.198690976315259,0.9906380919768368,1.0,0.35,0.15,0.5
19-32-0.pt,19,32,0.3186418528318129,medium,0.05414151349986032,0.04371605749729461,0.06301210137443056,0.2758333333333333,0.6294464426729404,0.2758333333333333,11.536895566267463,0.9906380919768368,1.0,0.35,0.15,0.5
19-33-0.pt,19,33,0.3693675867524941,medium,0.053349244275737805,0.04629327413312318,0.06444942501373177,0.2633333333333333,0.6352370964702816,0.2633333333333333,13.15481694303381,0.9906380919768368,1.0,0.35,0.15,0.5
19-34-0.pt,19,34,0.371080165690282,medium,0.06741315525013976,0.04643331825627118,0.06612909250610634,0.3925,0.6407856327634355,0.3925,13.084200549171708,0.9906380919768368,1.0,0.35,0.15,0.5
19-35-0.pt,19,35,0.3930334373708358,medium,0.07247373987623743,0.050456015178226975,0.06809788381638157,0.64625,0.6461769579837499,0.64625,13.537130403046314,0.9906380919768368,1.0,0.35,0.15,0.5
19-36-0.pt,19,36,0.32645884606588965,medium,0.09447980419706806,0.04902886673561691,0.07001318724433077,0.08375,0.6509218617364922,0.08375,11.958424140443705,0.9906380919768368,1.0,0.35,0.15,0.5
19-37-0.pt,19,37,0.3944707174143949,medium,0.07538906829952896,0.05303553587045651,0.07237123287147888,0.22583333333333333,0.6562831683585459,0.22583333333333333,13.977830803525382,0.9906380919768368,1.0,0.35,0.15,0.5
19-38-0.pt,19,38,0.36420344480508626,medium,0.08632833701479822,0.05618598676469467,0.07509536060757133,0.6141666666666666,0.6612868624133663,0.6141666666666666,12.647308999021124,0.9906380919768368,1.0,0.35,0.15,0.5
19-39-0.pt,19,39,0.4186837072895722,medium,0.0780992603162116,0.05987283221434025,0.07809080667178273,0.6220833333333333,0.6667540286887627,0.6220833333333333,14.365022055426707,0.9906380919768368,1.0,0.35,0.15,0.5
19-4-0.pt,19,4,0.15645393327353777,easy,0.34809463792315914,0.07712648041780457,0.010817313363687206,0.9020833333333333,0.3291820067251839,0.9020833333333333,5.921750461030127,0.9906380919768368,1.0,0.35,0.15,0.5
19-40-0.pt,19,40,0.43104729189274466,medium,0.09097123602944869,0.06276013120993952,0.08100666861241426,0.5766666666666667,0.6713493328683942,0.5766666666666667,14.798304469108801,0.9906380919768368,1.0,0.35,0.15,0.5
19-41-0.pt,19,41,0.4093992501241959,medium,0.07796734856066273,0.0664049201682409,0.08459606263382216,0.5866666666666667,0.6765975712294288,0.5866666666666667,14.10025775886072,0.9906380919768368,1.0,0.35,0.15,0.5
19-42-0.pt,19,42,0.3917058607059543,medium,0.08836611488622054,0.06798195632468862,0.08835871248378092,0.5908333333333333,0.6814113068856082,0.5908333333333333,13.533321208478998,0.9906380919768368,1.0,0.35,0.15,0.5
19-43-0.pt,19,43,0.41203958871849267,medium,0.11456390572271914,0.07012370995243392,0.09256945094913403,0.5216666666666666,0.6859340891222843,0.5216666666666666,14.241903551291625,0.9906380919768368,1.0,0.35,0.15,0.5
19-44-0.pt,19,44,0.40184324477058053,medium,0.11606515056739564,0.07713961816964582,0.0972155199717934,0.465,0.6910173389140087,0.465,13.97034222129119,0.9906380919768368,1.0,0.35,0.15,0.5
19-45-0.pt,19,45,0.4158764304850412,medium,0.1450147188117233,0.080306511712715,0.10202846973717188,0.5604166666666667,0.6959428524701831,0.5604166666666667,14.322690263305018,0.9906380919768368,1.0,0.35,0.15,0.5
19-46-0.pt,19,46,0.4266935238725577,medium,0.1519708617370699,0.08784646646028725,0.10771197940193654,0.5358333333333334,0.7005490003868905,0.5358333333333334,14.687148278584175,0.9906380919768368,1.0,0.35,0.15,0.5
19-47-0.pt,19,47,0.4794187836821365,hard,0.1700189848967747,0.09390365524042359,0.11343593718957398,0.020416666666666666,0.7050906179056056,0.020416666666666666,16.84656359124511,0.9906380919768368,1.0,0.35,0.15,0.5
19-48-0.pt,19,48,0.48630423330128314,hard,0.17172951551151885,0.10199661224819036,0.11959342623677283,0.49041666666666667,0.7093422122535937,0.49041666666666667,16.616830443840783,0.9906380919768368,1.0,0.35,0.15,0.5
19-49-0.pt,19,49,0.494087670886585,hard,0.204655073790179,0.10915759855437084,0.12608526587883898,0.5508333333333333,0.7137694304761102,0.5508333333333333,16.804451798755313,0.9906380919768368,1.0,0.35,0.15,0.5
19-5-0.pt,19,5,0.17130367430430246,easy,0.3362654056019568,0.06338932964769683,0.013640625109052165,0.8091666666666667,0.35563967898737814,0.8091666666666667,6.470073520236586,0.9906380919768368,1.0,0.35,0.15,0.5
19-50-0.pt,19,50,0.4239947278261218,medium,0.2549697677878359,0.11852646282545158,0.13317643243517188,0.46541666666666665,0.7182025437685254,0.46541666666666665,14.661260127219078,0.9906380919768368,0.0,0.35,0.15,0.5
19-6-0.pt,19,6,0.1598757285462447,easy,0.20715364986854842,0.05753496415462629,0.01644482452464776,0.6075,0.37864133484385337,0.6075,6.289864502108384,0.9906380919768368,1.0,0.35,0.15,0.5
19-7-0.pt,19,7,0.1863558330268778,easy,0.1853928124850005,0.062050183538323145,0.019294111812048334,0.89875,0.3984524490886591,0.89875,6.84485107044492,0.9906380919768368,1.0,0.35,0.15,0.5
19-8-0.pt,19,8,0.1556227320168028,easy,0.14428356212272234,0.05918602086581261,0.02178244091617063,0.6491666666666667,0.41620085051271527,0.6491666666666667,6.100156759538769,0.9906380919768368,1.0,0.35,0.15,0.5
19-9-0.pt,19,9,0.16383682959901844,easy,0.12673249427400352,0.058649672884540816,0.023964547512460844,0.5454166666666667,0.4319009770409993,0.5454166666666667,6.452743153149263,0.9906380919768368,1.0,0.35,0.15,0.5
2-10-0.pt,2,10,0.004464094415926377,easy,0.8117944187586063,0.10338977896485314,0.005264368576507286,0.020833333333333332,0.1732559078224124,0.020833333333333332,2.002789195060409,0.9906380919768368,0.0,0.35,0.15,0.5
2-11-0.pt,2,11,0.04234735929785773,easy,0.7844639182420033,0.09415489205160234,0.004926715169921937,0.9891666666666666,0.1846173547868061,0.9891666666666666,2.2798065016844102,0.9906380919768368,0.0,0.35,0.15,0.5
2-12-0.pt,2,12,0.045848153341300796,easy,0.775186437412041,0.08797659439279897,0.004903888682000434,0.9895833333333334,0.19504549853347494,0.9895833333333334,2.38616964240052,0.9906380919768368,0.0,0.35,0.15,0.5
2-13-0.pt,2,13,0.022693811158776656,easy,0.775186437412041,0.07971757334628853,0.00384848336206201,0.8866666666666667,0.20493645196033583,0.8866666666666667,1.7457008218862957,0.9906380919768368,0.0,0.35,0.15,0.5
2-14-0.pt,2,14,0.025912755432555643,easy,0.7631431233686812,0.07588697545736249,0.0035402610243983777,0.9966666666666667,0.21398284357605504,0.9966666666666667,1.739625815861781,0.9906380919768368,0.0,0.35,0.15,0.5
2-15-0.pt,2,15,0.03361457665129931,easy,0.768526832225477,0.0741283932316691,0.004101011278504553,0.6645833333333333,0.2224612254853691,0.6645833333333333,2.2957403228337814,0.9906380919768368,0.0,0.35,0.15,0.5
2-16-0.pt,2,16,0.05252449082132489,easy,0.7597377459774738,0.07026622936399797,0.005208708606001817,0.9183333333333333,0.23033865626964692,0.9183333333333333,2.6511598226838555,0.9906380919768368,0.0,0.35,0.15,0.5
2-17-0.pt,2,17,0.05548622105908671,easy,0.776495990273006,0.060617402912609815,0.006406872320302474,0.9908333333333333,0.23780331287455694,0.9908333333333333,2.673183962099465,0.9906380919768368,0.0,0.35,0.15,0.5
2-18-0.pt,2,18,0.042016154414995587,easy,0.7760162126097334,0.04790615652453295,0.005906493550474957,0.98375,0.24497761237585117,0.98375,2.2498828341596764,0.9906380919768368,0.0,0.35,0.15,0.5
2-19-0.pt,2,19,0.025713328682045462,easy,0.7359902531669635,0.04002118050368286,0.006764104972204982,0.23916666666666667,0.2516026046927045,0.23916666666666667,2.4373365238259406,0.9906380919768368,0.0,0.35,0.15,0.5
2-2-0.pt,2,2,0.07767230405529461,easy,1.0,0.287656520521655,0.020084976205744346,0.9775,0.0,0.9775,3.486102542767102,0.9906380919768368,0.0,0.35,0.15,0.5
2-20-0.pt,2,20,0.05820297270445165,easy,0.7398874734527617,0.03786715913178273,0.008278438425230475,0.9766666666666667,0.2578241953652123,0.9766666666666667,2.76463142370654,0.9906380919768368,0.0,0.35,0.15,0.5
2-21-0.pt,2,21,0.056981956054754555,easy,0.7646409545396061,0.03287653909390456,0.008373002224517007,0.9858333333333333,0.26388416003946125,0.9858333333333333,2.7147442680691167,0.9906380919768368,0.0,0.35,0.15,0.5
2-22-0.pt,2,22,0.036283128733883466,easy,0.8097446211736958,0.027849951142964954,0.008734100345584375,0.8691666666666666,0.26964461576147697,0.8691666666666666,2.1668731867525053,0.9906380919768368,0.0,0.35,0.15,0.5
2-23-0.pt,2,23,0.057051499641049726,easy,0.7762144598610089,0.0327580657839969,0.009597485841189472,0.9870833333333333,0.2752351766761098,0.9870833333333333,2.711142627553884,0.9906380919768368,0.0,0.35,0.15,0.5
2-24-0.pt,2,24,0.03958705362150079,easy,0.7734269261850474,0.02540209403913262,0.008650459679273996,0.61375,0.2807340280046895,0.61375,2.509671912468676,0.9906380919768368,0.0,0.35,0.15,0.5
2-25-0.pt,2,25,0.06253357807143678,easy,0.7197319975278172,0.02609844961942868,0.008447191339241572,0.9370833333333334,0.2860973794383126,0.9370833333333334,2.928028709521061,0.9906380919768368,0.0,0.35,0.15,0.5
2-26-0.pt,2,26,0.043829498872356605,easy,0.7519191920244039,0.03899765125523057,0.009480160043804385,0.98,0.29089639297090536,0.98,2.2922531115116986,0.9906380919768368,0.0,0.35,0.15,0.5
2-27-0.pt,2,27,0.06251382542118643,easy,0.7608507712221688,0.06046636528345894,0.010971027581482677,0.9829166666666667,0.29555245954741194,0.9829166666666667,2.8800296137553336,0.9906380919768368,0.0,0.35,0.15,0.5
2-28-0.pt,2,28,0.03165494151533931,easy,0.7897196496753985,0.05891808507289746,0.01024534383771411,0.15791666666666668,0.30023885555252267,0.15791666666666668,2.6830959820134397,0.9906380919768368,0.0,0.35,0.15,0.5
2-29-0.pt,2,29,0.0557302277995294,easy,0.7860932815999729,0.07093887658932908,0.010606965880863621,0.9975,0.3047109267141837,0.9975,2.6473596931007606,0.9906380919768368,0.0,0.35,0.15,0.5
2-3-0.pt,2,3,0.07870902080222915,easy,0.9859001221013667,0.2549379182435613,0.017426206631942505,0.8145833333333333,0.039029686102965463,0.8145833333333333,3.65780077207225,0.9906380919768368,0.0,0.35,0.15,0.5
2-30-0.pt,2,30,0.05645865430043846,easy,0.7709096679142935,0.07677396592800799,0.010599852132278209,0.87375,0.309113384778185,0.87375,2.786181573373295,0.9906380919768368,0.0,0.35,0.15,0.5
2-31-0.pt,2,31,0.0638827353782952,easy,0.758423811796684,0.08096146033441534,0.010386364434180334,0.9954166666666666,0.3133732370817972,0.9954166666666666,2.904311753798303,0.9906380919768368,0.0,0.35,0.15,0.5
2-32-0.pt,2,32,0.06781153924220049,easy,0.7995647405042012,0.09120155283304987,0.010816297692752233,0.9854166666666667,0.3173960839500409,0.9854166666666667,3.036745032391952,0.9906380919768368,0.0,0.35,0.15,0.5
2-33-0.pt,2,33,0.060609402637974194,easy,0.7760312040596015,0.10629325730164452,0.011802507086394609,0.6479166666666667,0.32128481814917215,0.6479166666666667,3.1272977243557114,0.9906380919768368,0.0,0.35,0.15,0.5
2-34-0.pt,2,34,0.05996892884375519,easy,0.7866232172245465,0.11461019958798846,0.012107914084138496,0.9925,0.32510056395670395,0.9925,2.7782099906932807,0.9906380919768368,0.0,0.35,0.15,0.5
2-35-0.pt,2,35,0.061321315135101466,easy,0.7585350424055048,0.12534341520545614,0.012614136187039738,0.9325,0.3289075928147404,0.9325,2.876519754626658,0.9906380919768368,0.0,0.35,0.15,0.5
2-36-0.pt,2,36,0.0747866638101283,easy,0.760625809545282,0.12780132419588724,0.012767210456362643,0.9970833333333333,0.3325996318234545,0.9970833333333333,3.240645127959202,0.9906380919768368,0.0,0.35,0.15,0.5
2-37-0.pt,2,37,0.046829375654421794,easy,0.7476994841291646,0.13759938149682469,0.013667290733905277,0.09458333333333334,0.3361054383184169,0.09458333333333334,3.209791884065745,0.9906380919768368,0.0,0.35,0.15,0.5
2-38-0.pt,2,38,0.08847344821772202,easy,0.7564314206879849,0.13853395988706538,0.013988452197615337,0.9958333333333333,0.3396149189475012,0.9958333333333333,3.672956570918077,0.9906380919768368,0.0,0.35,0.15,0.5
2-39-0.pt,2,39,0.07312305974818231,easy,0.746652099738964,0.17163601245049698,0.01642904986654299,0.8391666666666666,0.34280754433697214,0.8391666666666666,3.333703650159411,0.9906380919768368,0.0,0.35,0.15,0.5
2-4-0.pt,2,4,0.04878226987018882,easy,0.9451258350025173,0.2246020740108617,0.014994791818458237,0.96875,0.06897830027629212,0.96875,2.5502957170317826,0.9906380919768368,0.0,0.35,0.15,0.5
2-40-0.pt,2,40,0.08507422670117255,easy,0.7292509970326184,0.20130277903592228,0.019025011237625712,0.95,0.34596405393444035,0.95,3.606115026716659,0.9906380919768368,0.0,0.35,0.15,0.5
2-41-0.pt,2,41,0.08734219837373956,easy,0.7203725454054792,0.22624639151654055,0.02110025206611115,0.9875,0.34915188884117193,0.9875,3.64111917375499,0.9906380919768368,0.0,0.35,0.15,0.5
2-42-0.pt,2,42,0.08271770146803027,easy,0.7267326284080184,0.2424011989317883,0.022549245150879,0.6641666666666667,0.35225698271421224,0.6641666666666667,3.800269305718712,0.9906380919768368,0.0,0.35,0.15,0.5
2-43-0.pt,2,43,0.10214294323542263,easy,0.7609483440623606,0.25047993203742314,0.023187734614184538,0.9820833333333333,0.3552603030014112,0.9820833333333333,4.113077864892768,0.9906380919768368,0.0,0.35,0.15,0.5
2-44-0.pt,2,44,0.11094656351282571,easy,0.763456904703459,0.26416299528980525,0.02437019644599669,0.9945833333333334,0.35826963560823893,0.9945833333333334,4.379127259010519,0.9906380919768368,0.0,0.35,0.15,0.5
2-45-0.pt,2,45,0.07146650883034107,easy,0.7659688621578766,0.2494532460607078,0.02383696876996532,0.0375,0.36125990466220337,0.0375,4.0349548016557435,0.9906380919768368,0.0,0.35,0.15,0.5
2-46-0.pt,2,46,0.11131609786478788,easy,0.8012929892324908,0.2641392591533237,0.02538622899287327,0.9920833333333333,0.3641030841388765,0.9920833333333333,4.390844379203668,0.9906380919768368,0.0,0.35,0.15,0.5
2-47-0.pt,2,47,0.11014914690434888,easy,0.7929856594213768,0.2851136990652373,0.027201380222789416,0.975,0.3669418837380752,0.975,4.368910286983562,0.9906380919768368,0.0,0.35,0.15,0.5
2-48-0.pt,2,48,0.11157308599533058,easy,0.7991134802793203,0.3079104121467473,0.02950191832793872,0.8195833333333333,0.3696759674676806,0.8195833333333333,4.560536048142035,0.9906380919768368,0.0,0.35,0.15,0.5
2-49-0.pt,2,49,0.12265707100350273,easy,0.8029551394571656,0.3280430339352751,0.03157117152560192,0.985,0.3723449781264099,0.985,4.75381531610121,0.9906380919768368,0.0,0.35,0.15,0.5
2-5-0.pt,2,5,0.04639013162493081,easy,0.9409958962516367,0.19759579210955114,0.01281465480655656,0.9929166666666667,0.09323722103084994,0.9929166666666667,2.4416235866150626,0.9906380919768368,0.0,0.35,0.15,0.5
2-50-0.pt,2,50,0.11494291785543133,easy,0.7994347531888989,0.3681060233160294,0.034878405818849316,0.5433333333333333,0.37499402791064956,0.5433333333333333,4.927557356288449,0.9906380919768368,0.0,0.35,0.15,0.5
2-6-0.pt,2,6,0.018101748540113788,easy,0.9191066404091125,0.17487324276361305,0.01121018737906409,0.7275,0.11351053614047302,0.7275,1.7884544144080423,0.9906380919768368,0.0,0.35,0.15,0.5
2-7-0.pt,2,7,0.049641735036346224,easy,0.8765247284168267,0.15336629714321612,0.009532394593947452,0.99625,0.1312587333058452,0.99625,2.5260855873587094,0.9906380919768368,0.0,0.35,0.15,0.5
2-8-0.pt,2,8,0.036807461235727666,easy,0.8566513053932943,0.13506781720288388,0.00808981836766611,0.9125,0.14681916064794812,0.9125,2.192336079091901,0.9906380919768368,0.0,0.35,0.15,0.5
2-9-0.pt,2,9,0.017627855459782224,easy,0.8455743377351156,0.11938114901518926,0.006827056544553029,0.9941666666666666,0.16058827658450125,0.9941666666666666,1.5010336649367875,0.9906380919768368,0.0,0.35,0.15,0.5
20-10-0.pt,20,10,0.18232543577265803,easy,0.10352707991183333,0.0592118897980278,0.028382358533759647,0.82375,0.45344713339183773,0.82375,6.765895822048717,0.9906380919768368,1.0,0.35,0.15,0.5
20-11-0.pt,20,11,0.19492530561653168,easy,0.1022863370696253,0.05659037960035298,0.030963808885923438,0.7870833333333334,0.46701447463469836,0.7870833333333334,7.194709608817652,0.9906380919768368,1.0,0.35,0.15,0.5
20-12-0.pt,20,12,0.19027839124596402,easy,0.08173818931426073,0.05466138808706185,0.03308470137212682,0.47458333333333336,0.479163420550122,0.47458333333333336,7.3391805646679495,0.9906380919768368,1.0,0.35,0.15,0.5
20-13-0.pt,20,13,0.19234074097862092,easy,0.07309498879163284,0.05388808242326128,0.03542409551515459,0.61875,0.49100581685961275,0.61875,7.26284872337563,0.9906380919768368,1.0,0.35,0.15,0.5
20-14-0.pt,20,14,0.21517705618324182,medium,0.07384885507212648,0.049619330064717644,0.03735371278228778,0.8154166666666667,0.5020235774097466,0.8154166666666667,7.795696232255338,0.9906380919768368,1.0,0.35,0.15,0.5
20-15-0.pt,20,15,0.2132876490935552,medium,0.07662245663573007,0.04923592550676534,0.039267936965480435,0.85375,0.5122254031779186,0.85375,7.6952325876413745,0.9906380919768368,1.0,0.35,0.15,0.5
20-16-0.pt,20,16,0.20869435976986947,easy,0.0696100024462435,0.0453947405315605,0.041436060841359756,0.8375,0.5221505063138144,0.8375,7.560981046917354,0.9906380919768368,1.0,0.35,0.15,0.5
20-17-0.pt,20,17,0.22391146237752307,medium,0.08244146914882614,0.042428999523734856,0.04306167619666099,0.79625,0.5312452338043658,0.79625,8.078954605471052,0.9906380919768368,1.0,0.35,0.15,0.5
20-18-0.pt,20,18,0.22409254267493448,medium,0.06884671325665147,0.03874264946384303,0.04514056013945852,0.31333333333333335,0.5404143571467488,0.31333333333333335,8.539556778437305,0.9906380919768368,1.0,0.35,0.15,0.5
20-19-0.pt,20,19,0.22801085977177218,medium,0.06938359714744319,0.040689377003086544,0.047187461117930936,0.8229166666666666,0.5491477964376951,0.8229166666666666,8.176328455394705,0.9906380919768368,1.0,0.35,0.15,0.5
20-2-0.pt,20,2,0.16469595315843086,easy,0.611859023788514,0.0426064774076865,0.010307921679628573,0.7233333333333334,0.26029415231845876,0.7233333333333334,6.380870448307172,0.9906380919768368,1.0,0.35,0.15,0.5
20-20-0.pt,20,20,0.24616653577049571,medium,0.09951183376110405,0.03617513048368817,0.048689483856713706,0.8125,0.5567870796630344,0.8125,8.758790158006247,0.9906380919768368,1.0,0.35,0.15,0.5
20-21-0.pt,20,21,0.24940730050060347,medium,0.08052828265985872,0.034086100374543855,0.05034242501376467,0.7554166666666666,0.5646863650357234,0.7554166666666666,8.912541243066753,0.9906380919768368,1.0,0.35,0.15,0.5
20-22-0.pt,20,22,0.2599130204342389,medium,0.07905926589922797,0.03400850152189353,0.052297010673488784,0.8054166666666667,0.5727830902143017,0.8054166666666667,9.19487906727708,0.9906380919768368,1.0,0.35,0.15,0.5
20-23-0.pt,20,23,0.26211350396449035,medium,0.05243920107353116,0.03376460595958565,0.053717680632427184,0.5579166666666666,0.580349783124938,0.5579166666666666,9.496605745381693,0.9906380919768368,1.0,0.35,0.15,0.5
20-24-0.pt,20,24,0.2855525266632363,medium,0.049124450158400744,0.03509725494345109,0.055181566333741744,0.11958333333333333,0.5875024017213101,0.11958333333333333,10.653151996339728,0.9906380919768368,1.0,0.35,0.15,0.5
20-25-0.pt,20,25,0.32993201656952875,medium,0.04606522493655493,0.03480479653118888,0.056750483683592985,0.68125,0.5943918054915895,0.68125,11.524154052628306,0.9906380919768368,1.0,0.35,0.15,0.5
20-26-0.pt,20,26,0.30726873369471447,medium,0.04336578459578893,0.03342913062544386,0.05839099176373171,0.53875,0.6010378496463473,0.53875,10.938165853508481,0.9906380919768368,1.0,0.35,0.15,0.5
20-27-0.pt,20,27,0.291323164018595,medium,0.05404704388260818,0.03486766668550745,0.060211021810206,0.49625,0.6081723180783208,0.49625,10.470020605872083,0.9906380919768368,1.0,0.35,0.15,0.5
20-28-0.pt,20,28,0.30127425087585885,medium,0.044502012293651534,0.03473656903642154,0.06150878712042958,0.44458333333333333,0.6144273116233931,0.44458333333333333,10.832067445167413,0.9906380919768368,1.0,0.35,0.15,0.5
20-29-0.pt,20,29,0.3271549402217397,medium,0.03528669199123126,0.037255939729624335,0.0629694057585472,0.7145833333333333,0.6209073068817074,0.7145833333333333,11.39365299907598,0.9906380919768368,1.0,0.35,0.15,0.5
20-3-0.pt,20,3,0.15788693550551436,easy,0.3861624830288512,0.07952421646423326,0.009697575750151193,0.9379166666666666,0.303114062954359,0.9379166666666666,5.943768820338248,0.9906380919768368,1.0,0.35,0.15,0.5
20-30-0.pt,20,30,0.32294511840098,medium,0.06114047854153179,0.041070100135694926,0.06422109895822697,0.6583333333333333,0.6270901740495034,0.6583333333333333,11.311068650350995,0.9906380919768368,1.0,0.35,0.15,0.5
20-31-0.pt,20,31,0.368886757691118,medium,0.07599058822580965,0.042405131491207615,0.06583601987702892,0.66875,0.6334467485298056,0.66875,12.755303642751363,0.9906380919768368,1.0,0.35,0.15,0.5
20-32-0.pt,20,32,0.3712558308905769,medium,0.05712590962836612,0.04284048011154502,0.06712319422666962,0.7020833333333333,0.6390905722292158,0.7020833333333333,12.796470752303165,0.9906380919768368,1.0,0.35,0.15,0.5
20-33-0.pt,20,33,0.3634262244712689,medium,0.05986167283133552,0.04412111478570374,0.06867850526709454,0.6741666666666667,0.6448234071438854,0.6741666666666667,12.572387520422085,0.9906380919768368,1.0,0.35,0.15,0.5
20-34-0.pt,20,34,0.3459134528018385,medium,0.08241187800826756,0.04748870785073904,0.07023890913659629,0.6708333333333333,0.64997407922568,0.6708333333333333,12.018163081452082,0.9906380919768368,1.0,0.35,0.15,0.5
20-35-0.pt,20,35,0.3640795835295575,medium,0.062465092860943434,0.04922999067222318,0.07221088824382678,0.6870833333333334,0.655752241312862,0.6870833333333334,12.576390260711642,0.9906380919768368,1.0,0.35,0.15,0.5
20-36-0.pt,20,36,0.3658979371506577,medium,0.07529882662167368,0.05301091555954082,0.07438076178986125,0.025416666666666667,0.6610969687616144,0.025416666666666667,13.260209813419616,0.9906380919768368,1.0,0.35,0.15,0.5
20-37-0.pt,20,37,0.38064820462339616,medium,0.07801853000057883,0.052859591767445965,0.07666866569331673,0.57,0.6665685872040134,0.57,13.208530605482801,0.9906380919768368,1.0,0.35,0.15,0.5
20-38-0.pt,20,38,0.37613225615009355,medium,0.0811047970365419,0.05573928018518141,0.07915631381505889,0.6633333333333333,0.6716265384534794,0.6633333333333333,12.974648609847453,0.9906380919768368,1.0,0.35,0.15,0.5
20-39-0.pt,20,39,0.37676374981931005,medium,0.08241188880835555,0.05779111423399304,0.08227319647631547,0.22375,0.6768284704541144,0.22375,13.40999640448796,0.9906380919768368,1.0,0.35,0.15,0.5
20-4-0.pt,20,4,0.14926441070934413,easy,0.36740116326439726,0.08252236500779592,0.012317599666070812,0.8845833333333334,0.3358457142707824,0.8845833333333334,5.707692128934497,0.9906380919768368,1.0,0.35,0.15,0.5
20-40-0.pt,20,40,0.407757625595488,medium,0.08550664909651959,0.06248713255399706,0.08552059773674697,0.5741666666666667,0.6817526716814953,0.5741666666666667,14.057977584100824,0.9906380919768368,1.0,0.35,0.15,0.5
20-41-0.pt,20,41,0.4594856138035399,hard,0.09200261849988083,0.06149512264457544,0.08916052436723125,0.5633333333333334,0.6871317588329857,0.5633333333333334,15.706263147852594,0.9906380919768368,1.0,0.35,0.15,0.5
20-42-0.pt,20,42,0.4002445722850722,medium,0.08991343380729633,0.06928850816946733,0.09311269729262475,0.07625,0.6922202030657679,0.07625,14.288330774021567,0.9906380919768368,1.0,0.35,0.15,0.5
20-43-0.pt,20,43,0.4189162694962653,medium,0.11634812899235332,0.07268715433992966,0.09725843715234704,0.5366666666666666,0.6970569263525674,0.5366666666666666,14.441177550342749,0.9906380919768368,1.0,0.35,0.15,0.5
20-44-0.pt,20,44,0.4379601682724011,medium,0.1362420816755444,0.07582346823875269,0.10232357148875615,0.5329166666666667,0.7020636296658397,0.5329166666666667,15.046543504774299,0.9906380919768368,1.0,0.35,0.15,0.5
20-45-0.pt,20,45,0.436133139133037,medium,0.16009742079735131,0.0820247983235509,0.10732301850897875,0.3641666666666667,0.7065875015955206,0.3641666666666667,15.147021131367364,0.9906380919768368,1.0,0.35,0.15,0.5
20-46-0.pt,20,46,0.47815485471858316,hard,0.1596178372641619,0.08589391304712607,0.11317915543571312,0.10958333333333334,0.7113263532913229,0.10958333333333334,16.719273834691247,0.9906380919768368,1.0,0.35,0.15,0.5
20-47-0.pt,20,47,0.4541112329589946,hard,0.18038603683634502,0.09347839218092714,0.11945944633533322,0.24833333333333332,0.7163575270179453,0.24833333333333332,15.823091728581064,0.9906380919768368,1.0,0.35,0.15,0.5
20-48-0.pt,20,48,0.4816349911600746,hard,0.17649909870840935,0.10257349466425555,0.12594075065609564,0.4820833333333333,0.7206222466273585,0.4820833333333333,16.472101256586658,0.9906380919768368,1.0,0.35,0.15,0.5
20-49-0.pt,20,49,0.44549880054312335,medium,0.21597608810938831,0.11097280673519529,0.13317809340922007,0.059166666666666666,0.7252942634384104,0.059166666666666666,15.726010618805573,0.9906380919768368,1.0,0.35,0.15,0.5
20-5-0.pt,20,5,0.1723395470434695,easy,0.2981410907213973,0.0754429274716508,0.015468551658220036,0.8491666666666666,0.3625645229644193,0.8491666666666666,6.462115388966253,0.9906380919768368,1.0,0.35,0.15,0.5
20-50-0.pt,20,50,0.47543763169857217,hard,0.2554166124706689,0.12023644235713672,0.140428544238195,0.45375,0.7295125597497772,0.45375,16.29888382197994,0.9906380919768368,1.0,0.35,0.15,0.5
20-6-0.pt,20,6,0.16028726901929904,easy,0.20665300835739486,0.06844006730780672,0.018349184410267994,0.79875,0.3857490033571632,0.79875,6.118404137967176,0.9906380919768368,1.0,0.35,0.15,0.5
20-7-0.pt,20,7,0.17198029338542037,easy,0.18100435608037424,0.06806635566532179,0.021227683756024258,0.8516666666666667,0.40563920071493986,0.8516666666666667,6.430819408182694,0.9906380919768368,1.0,0.35,0.15,0.5
20-8-0.pt,20,8,0.16339986058267195,easy,0.16356313020228294,0.06667542709345048,0.023996641161096677,0.6929166666666666,0.42352772450698695,0.6929166666666666,6.302225121769451,0.9906380919768368,1.0,0.35,0.15,0.5
20-9-0.pt,20,9,0.17141893073591993,easy,0.1047174382001702,0.061192274219289355,0.026212715710442824,0.8275,0.4392591971810553,0.8275,6.422286346045674,0.9906380919768368,1.0,0.35,0.15,0.5
21-10-0.pt,21,10,0.17949527484232178,easy,0.10975075137384711,0.06438626472564861,0.03083568372067355,0.24875,0.46052706488677664,0.24875,7.219313157046964,0.9906380919768368,1.0,0.35,0.15,0.5
21-11-0.pt,21,11,0.19901208243151536,easy,0.08907095571236306,0.0604800885957408,0.033289518497627096,0.7520833333333333,0.4739514059001984,0.7520833333333333,7.354706646521539,0.9906380919768368,1.0,0.35,0.15,0.5
21-12-0.pt,21,12,0.19563388010539648,easy,0.09607839759174523,0.055150302008983396,0.035813070403547885,0.7683333333333333,0.48647474098278815,0.7683333333333333,7.227062575224451,0.9906380919768368,1.0,0.35,0.15,0.5
21-13-0.pt,21,13,0.20798244675623181,easy,0.08211289887819975,0.056305474538081365,0.03830359399109717,0.575,0.4985830519683304,0.575,7.797277237626075,0.9906380919768368,1.0,0.35,0.15,0.5
21-14-0.pt,21,14,0.23123870831353788,medium,0.0722042969303305,0.052647807430256155,0.04004009150786089,0.7420833333333333,0.5094313152313386,0.7420833333333333,8.371602578737361,0.9906380919768368,1.0,0.35,0.15,0.5
21-15-0.pt,21,15,0.21828541115378022,medium,0.07897123562222043,0.05112888750423637,0.042060917306749296,0.6279166666666667,0.5196186472196319,0.6279166666666667,8.065150433296939,0.9906380919768368,1.0,0.35,0.15,0.5
21-16-0.pt,21,16,0.24496040531355057,medium,0.07307496871905711,0.050540661140043026,0.04444075165044465,0.85125,0.5295852505820338,0.85125,8.694818818289598,0.9906380919768368,1.0,0.35,0.15,0.5
21-17-0.pt,21,17,0.2382905145046369,medium,0.07585933518128207,0.04510607214655797,0.04648322757830656,0.855,0.5393006198694584,0.855,8.475815313122919,0.9906380919768368,1.0,0.35,0.15,0.5
21-18-0.pt,21,18,0.21131241227384645,easy,0.06937815508688454,0.042956867052634524,0.04872589095307532,0.025,0.5485130264793348,0.025,8.404839346034665,0.9906380919768368,1.0,0.35,0.15,0.5
21-19-0.pt,21,19,0.2345967382626935,medium,0.05801973020425616,0.041325303406479386,0.05034622228088129,0.19833333333333333,0.5566339259725641,0.19833333333333333,8.975229358405501,0.9906380919768368,1.0,0.35,0.15,0.5
21-2-0.pt,21,2,0.16588074388379556,easy,0.6136797179004428,0.05932147030193714,0.011522682155795013,0.9616666666666667,0.2664774280055021,0.9616666666666667,6.1895927090778144,0.9906380919768368,1.0,0.35,0.15,0.5
21-20-0.pt,21,20,0.25017508235053815,medium,0.07437725400385127,0.03880070939769639,0.052174625186883206,0.80125,0.5649703540348864,0.80125,8.893245721420875,0.9906380919768368,1.0,0.35,0.15,0.5
21-21-0.pt,21,21,0.24967699464977228,medium,0.05254516544586442,0.03748487485435571,0.053841224900642096,0.40541666666666665,0.5731258301279749,0.40541666666666665,9.250028474916014,0.9906380919768368,1.0,0.35,0.15,0.5
21-22-0.pt,21,22,0.2671962818070917,medium,0.031562446828800834,0.03455363232603374,0.0556966135766162,0.7291666666666666,0.5812638653426275,0.7291666666666666,9.49477391344737,0.9906380919768368,1.0,0.35,0.15,0.5
21-23-0.pt,21,23,0.28216782833729354,medium,0.03936479683612137,0.03343578644833877,0.05743591823895189,0.69875,0.5888008531327534,0.69875,9.995307715265861,0.9906380919768368,1.0,0.35,0.15,0.5
21-24-0.pt,21,24,0.2834251522732543,medium,0.037750509793593866,0.032361842061755554,0.058909993673130406,0.07833333333333334,0.595936829376378,0.07833333333333334,10.621436931427155,0.9906380919768368,1.0,0.35,0.15,0.5
21-25-0.pt,21,25,0.2960744366452658,medium,0.04349383404304519,0.03256835230845606,0.06057822603601337,0.64125,0.6029142045240236,0.64125,10.485117207663867,0.9906380919768368,1.0,0.35,0.15,0.5
21-26-0.pt,21,26,0.30416668318686413,medium,0.028608048585633032,0.033807314938859995,0.06249192320248848,0.6295833333333334,0.6101526619923544,0.6295833333333334,10.749838623163017,0.9906380919768368,1.0,0.35,0.15,0.5
21-27-0.pt,21,27,0.3574262192165618,medium,0.03720756814084357,0.03292452427932671,0.06414919441671693,0.6154166666666666,0.617083616347621,0.6154166666666666,12.449220236474478,0.9906380919768368,1.0,0.35,0.15,0.5
21-28-0.pt,21,28,0.3121673069773033,medium,0.03180813911453467,0.03341979780751401,0.06555159259976895,0.56375,0.623237845300977,0.56375,11.060713640557191,0.9906380919768368,1.0,0.35,0.15,0.5
21-29-0.pt,21,29,0.37513151433180614,medium,0.02667737483864426,0.034347163866603525,0.06700639309527427,0.5679166666666666,0.6299907370119486,0.5679166666666666,13.050472817133452,0.9906380919768368,1.0,0.35,0.15,0.5
21-3-0.pt,21,3,0.15906217978217124,easy,0.370713355863289,0.08596745754809383,0.010595428935358187,0.5208333333333334,0.309322013035855,0.5208333333333334,6.374581707936998,0.9906380919768368,1.0,0.35,0.15,0.5
21-30-0.pt,21,30,0.3152705770512577,medium,0.054496327981790695,0.03754988840799496,0.06826648650475305,0.0275,0.6362073441778856,0.0275,11.663072627506688,0.9906380919768368,1.0,0.35,0.15,0.5
21-31-0.pt,21,31,0.3291011556876894,medium,0.041264029209236865,0.040755004136276106,0.06992618195598807,0.255,0.6424649988324351,0.255,11.883023955745703,0.9906380919768368,1.0,0.35,0.15,0.5
21-32-0.pt,21,32,0.3665608884601404,medium,0.04372240310248594,0.04171169679538149,0.07129154957571768,0.6029166666666667,0.6480136329973326,0.6029166666666667,12.73814397708889,0.9906380919768368,1.0,0.35,0.15,0.5
21-33-0.pt,21,33,0.3958186573544698,medium,0.03227119559372679,0.04307742970186533,0.07292021367967216,0.2991666666666667,0.6537372165921068,0.2991666666666667,13.951967805302754,0.9906380919768368,1.0,0.35,0.15,0.5
21-34-0.pt,21,34,0.37256616938033116,medium,0.07586323160922347,0.04709696877097277,0.0746345277708966,0.66,0.6593961646266024,0.66,12.869718406041393,0.9906380919768368,1.0,0.35,0.15,0.5
21-35-0.pt,21,35,0.4072845175360436,medium,0.04845817688072254,0.049289655100293484,0.07658578751499297,0.24125,0.6654976312905184,0.24125,14.365739529581328,0.9906380919768368,1.0,0.35,0.15,0.5
21-36-0.pt,21,36,0.4171674819068121,medium,0.05993810184303306,0.05254467110185367,0.0785805434671476,0.08666666666666667,0.6707135184831671,0.08666666666666667,14.823782006353058,0.9906380919768368,1.0,0.35,0.15,0.5
21-37-0.pt,21,37,0.3905552979686771,medium,0.04687685904690823,0.05435108547832984,0.08108595747739446,0.6525,0.67638138524751,0.6525,13.440325831832803,0.9906380919768368,1.0,0.35,0.15,0.5
21-38-0.pt,21,38,0.3840253980541554,medium,0.07259115367206874,0.056437370089073416,0.0834780652343297,0.13416666666666666,0.6814842448065402,0.13416666666666666,13.723424392331017,0.9906380919768368,1.0,0.35,0.15,0.5
21-39-0.pt,21,39,0.40489862158748385,medium,0.07525293002008865,0.05903677049438806,0.08641513452678694,0.31708333333333333,0.6868730761365079,0.31708333333333333,14.209374639238925,0.9906380919768368,1.0,0.35,0.15,0.5
21-4-0.pt,21,4,0.15644910042296753,easy,0.36444922657573386,0.08701617146351132,0.013305553647431426,0.305,0.34220341759613443,0.305,6.483305991736434,0.9906380919768368,1.0,0.35,0.15,0.5
21-40-0.pt,21,40,0.41204154415499794,medium,0.06856761369839864,0.06098591246286467,0.08982459939339388,0.31833333333333336,0.6920533023751888,0.31833333333333336,14.432566575403925,0.9906380919768368,1.0,0.35,0.15,0.5
21-41-0.pt,21,41,0.4137127045286832,medium,0.07292368555618467,0.06290636389893099,0.09370387016354285,0.23416666666666666,0.6977145684356031,0.23416666666666666,14.563178751264237,0.9906380919768368,1.0,0.35,0.15,0.5
21-42-0.pt,21,42,0.4241328592664876,medium,0.06807224637573833,0.06454347944084442,0.09774826032878772,0.1425,0.7027582277875449,0.1425,14.978576955496298,0.9906380919768368,1.0,0.35,0.15,0.5
21-43-0.pt,21,43,0.47301860227258147,hard,0.09634396988695686,0.06939323353851211,0.10211541128293705,0.5066666666666667,0.7071858356232713,0.5066666666666667,16.181016790452954,0.9906380919768368,1.0,0.35,0.15,0.5
21-44-0.pt,21,44,0.44041695780387435,medium,0.10247154327109345,0.07481709433195648,0.10713218459880622,0.5241666666666667,0.712276665134333,0.5241666666666667,15.128595917859027,0.9906380919768368,1.0,0.35,0.15,0.5
21-45-0.pt,21,45,0.4599211200252239,hard,0.14594097315215696,0.08086911560845572,0.11284770550311515,0.30041666666666667,0.7175666082871959,0.30041666666666667,15.957359209067654,0.9906380919768368,1.0,0.35,0.15,0.5
21-46-0.pt,21,46,0.48363191556125296,hard,0.15986293516056413,0.08770508023711468,0.11895363950786306,0.4725,0.7222363772505491,0.4725,16.543863278898275,0.9906380919768368,1.0,0.35,0.15,0.5
21-47-0.pt,21,47,0.4651251002844773,hard,0.1643104465087854,0.09212306567980304,0.1253878430951749,0.17,0.7270863653614148,0.17,16.242339813553016,0.9906380919768368,1.0,0.35,0.15,0.5
21-48-0.pt,21,48,0.4834835826826033,hard,0.1625801929175742,0.10198541505380732,0.1323815924133479,0.48583333333333334,0.7313997044025026,0.48583333333333334,16.52276888679869,0.9906380919768368,1.0,0.35,0.15,0.5
21-49-0.pt,21,49,0.490388180304167,hard,0.19613212006829614,0.11121825818035792,0.14010821940378115,0.09791666666666667,0.7358755852408145,0.09791666666666667,17.10825505538662,0.9906380919768368,1.0,0.35,0.15,0.5
21-5-0.pt,21,5,0.17053855030906231,easy,0.2902234500543401,0.08088510553566239,0.01698494077571494,0.7783333333333333,0.36919221705165073,0.7783333333333333,6.469577616645163,0.9906380919768368,1.0,0.35,0.15,0.5
21-50-0.pt,21,50,0.4934675642042149,hard,0.22793077460214767,0.12269012938662685,0.148060765773152,0.3875,0.7404825370919196,0.3875,16.92902393080025,0.9906380919768368,1.0,0.35,0.15,0.5
21-6-0.pt,21,6,0.17917070718996644,easy,0.20806577922612457,0.07513058180356379,0.019985560947751203,0.8233333333333334,0.39229762620431996,0.8233333333333334,6.691148497719686,0.9906380919768368,1.0,0.35,0.15,0.5
21-7-0.pt,21,7,0.18638003795263838,easy,0.18510134298562003,0.07440929690327631,0.02324103325813951,0.86625,0.41256187122639315,0.86625,6.870739221822649,0.9906380919768368,1.0,0.35,0.15,0.5
21-8-0.pt,21,8,0.18099624612497825,easy,0.13685973361671266,0.07179216106769346,0.02575999354612365,0.8383333333333334,0.43017930422472517,0.8383333333333334,6.719370847707287,0.9906380919768368,1.0,0.35,0.15,0.5
21-9-0.pt,21,9,0.18351676209589984,easy,0.11900902273886681,0.06485919172855312,0.028291502087335066,0.8179166666666666,0.44610640016193676,0.8179166666666666,6.812197378258824,0.9906380919768368,1.0,0.35,0.15,0.5
22-10-0.pt,22,10,0.18903976662007038,easy,0.11182725216824521,0.0690461694982509,0.0334326866648367,0.4995833333333333,0.4675451664220783,0.4995833333333333,7.28089404510501,0.9906380919768368,1.0,0.35,0.15,0.5
22-11-0.pt,22,11,0.20376549802184152,easy,0.08459155825653311,0.06683617424899285,0.03588998753658069,0.7808333333333334,0.48080587728948104,0.7808333333333334,7.4753360594189235,0.9906380919768368,1.0,0.35,0.15,0.5
22-12-0.pt,22,12,0.19843377536740248,easy,0.08404513607000068,0.06161477175153293,0.03854729460571972,0.6304166666666666,0.4936829845588895,0.6304166666666666,7.443877610947819,0.9906380919768368,1.0,0.35,0.15,0.5
22-13-0.pt,22,13,0.21137754278386361,medium,0.08445752181083929,0.06038168384594651,0.04119791706189126,0.6004166666666667,0.5057432724649109,0.6004166666666667,7.877878155758018,0.9906380919768368,1.0,0.35,0.15,0.5
22-14-0.pt,22,14,0.20046921889947467,easy,0.06774715798555542,0.05606921475403126,0.042792319743361236,0.14916666666666667,0.5164313328489976,0.14916666666666667,7.956168543807428,0.9906380919768368,1.0,0.35,0.15,0.5
22-15-0.pt,22,15,0.21324382764631059,medium,0.07457049056836364,0.05273111736862243,0.04505702205404974,0.24416666666666667,0.5267890965227656,0.24416666666666667,8.2667945618471,0.9906380919768368,1.0,0.35,0.15,0.5
22-16-0.pt,22,16,0.2676843628142701,medium,0.07655345803645155,0.052577359210564584,0.04757029223401292,0.7825,0.53708115316585,0.7825,9.47758468307327,0.9906380919768368,1.0,0.35,0.15,0.5
22-17-0.pt,22,17,0.23538765576940146,medium,0.09961979715600129,0.049140039004040535,0.05006431838246711,0.8320833333333333,0.5470453311291741,0.8320833333333333,8.402382069036653,0.9906380919768368,1.0,0.35,0.15,0.5
22-18-0.pt,22,18,0.2956046285819038,medium,0.05687890558270174,0.04584884645491455,0.05170065843324435,0.8166666666666667,0.5557274097402831,0.8166666666666667,10.322843915234175,0.9906380919768368,1.0,0.35,0.15,0.5
22-19-0.pt,22,19,0.24011393573819118,medium,0.07555215085770765,0.04450105541791132,0.053713603163732804,0.1825,0.5644128038410484,0.1825,9.162038163596751,0.9906380919768368,1.0,0.35,0.15,0.5
22-2-0.pt,22,2,0.17593703450799517,easy,0.6281709722892487,0.07859008008253336,0.012526233604597904,0.9795833333333334,0.2724901107991429,0.9795833333333334,6.4889955332249265,0.9906380919768368,1.0,0.35,0.15,0.5
22-20-0.pt,22,20,0.2619212944911519,medium,0.059469563310452986,0.037824536100696166,0.05570761332576554,0.7966666666666666,0.5730689475621434,0.7966666666666666,9.266750191609614,0.9906380919768368,1.0,0.35,0.15,0.5
22-21-0.pt,22,21,0.2881342629100593,medium,0.037722512871993685,0.03885048069002386,0.05737005388842563,0.7758333333333334,0.5812451818558404,0.7758333333333334,10.114365357490707,0.9906380919768368,1.0,0.35,0.15,0.5
22-22-0.pt,22,22,0.27209112623474696,medium,0.048809681412251414,0.036288233593873336,0.059308674124485795,0.2966666666666667,0.5893535111359095,0.2966666666666667,10.057401908656665,0.9906380919768368,1.0,0.35,0.15,0.5
22-23-0.pt,22,23,0.2996754230779021,medium,0.035813571023687533,0.034097607979544274,0.06102491367750952,0.65875,0.5967468074381053,0.65875,10.585188518945792,0.9906380919768368,1.0,0.35,0.15,0.5
22-24-0.pt,22,24,0.3611295929444994,medium,0.04207284388056696,0.032072755396779916,0.06286808370741973,0.7625,0.6040118568484989,0.7625,12.432291775179573,0.9906380919768368,1.0,0.35,0.15,0.5
22-25-0.pt,22,25,0.34471287999858385,medium,0.04125405459208015,0.03184120158400497,0.06464895178803881,0.2325,0.6115965898793791,0.2325,12.4119689551457,0.9906380919768368,1.0,0.35,0.15,0.5
22-26-0.pt,22,26,0.31206402572651454,medium,0.030786459369335644,0.031888471290560896,0.06622484222607702,0.2654166666666667,0.6185119564886141,0.2654166666666667,11.342668469674672,0.9906380919768368,1.0,0.35,0.15,0.5
22-27-0.pt,22,27,0.319514091513094,medium,0.016022370298716303,0.03243088346996167,0.06807238527460499,0.07916666666666666,0.6254673229699362,0.07916666666666666,11.752932461220276,0.9906380919768368,1.0,0.35,0.15,0.5
22-28-0.pt,22,28,0.3296161585923799,medium,0.0410070052507558,0.03131827769423644,0.06959196229874351,0.5983333333333334,0.6323316392009922,0.5983333333333334,11.577438093845348,0.9906380919768368,1.0,0.35,0.15,0.5
22-29-0.pt,22,29,0.34708805751611166,medium,0.01784319536240791,0.031232038872883814,0.07111876272980958,0.6183333333333333,0.6388081221841426,0.6183333333333333,12.109807305593923,0.9906380919768368,1.0,0.35,0.15,0.5
22-3-0.pt,22,3,0.17251692150231257,easy,0.3703998109165297,0.10128477348154803,0.012088486506552577,0.9033333333333333,0.315434604531091,0.9033333333333333,6.435482407355372,0.9906380919768368,1.0,0.35,0.15,0.5
22-30-0.pt,22,30,0.33688954263798393,medium,0.037489682595771956,0.03526071288088999,0.07250882012153421,0.31916666666666665,0.6449239382839839,0.31916666666666665,12.068042190610294,0.9906380919768368,1.0,0.35,0.15,0.5
22-31-0.pt,22,31,0.3675638716271714,medium,0.03739293294285007,0.03819134044038135,0.07400927413275597,0.6745833333333333,0.6508267000254877,0.6745833333333333,12.700744795983415,0.9906380919768368,1.0,0.35,0.15,0.5
22-32-0.pt,22,32,0.36319705379850187,medium,0.034778722532403876,0.041379433125588304,0.07565897149302607,0.5333333333333333,0.6569471363969533,0.5333333333333333,12.693926393060947,0.9906380919768368,1.0,0.35,0.15,0.5
22-33-0.pt,22,33,0.3701210431973649,medium,0.05358018394516468,0.04443746554009039,0.07739238702900952,0.52125,0.6627380627588243,0.52125,12.922589601729413,0.9906380919768368,1.0,0.35,0.15,0.5
22-34-0.pt,22,34,0.3813889074375193,medium,0.04447325940247994,0.04628004169839583,0.0791861788512331,0.6245833333333334,0.6689146207624381,0.6245833333333334,13.179227981044619,0.9906380919768368,1.0,0.35,0.15,0.5
22-35-0.pt,22,35,0.374012505383012,medium,0.04835081969480794,0.049150527388933926,0.08083223456201588,0.28708333333333336,0.6745247846928374,0.28708333333333336,13.263554482496255,0.9906380919768368,1.0,0.35,0.15,0.5
22-36-0.pt,22,36,0.44646313772745166,medium,0.07366778594127886,0.05085495391722301,0.08282565957747075,0.6225,0.6800751752193576,0.6225,15.240032942369016,0.9906380919768368,1.0,0.35,0.15,0.5
22-37-0.pt,22,37,0.4152908543709117,medium,0.05362247208410959,0.05468119355809081,0.08519238810961317,0.6070833333333333,0.6857730007621968,0.6070833333333333,14.263945761219231,0.9906380919768368,1.0,0.35,0.15,0.5
22-38-0.pt,22,38,0.4249604292623721,medium,0.051667503567618296,0.05670771314614041,0.08794817238131433,0.6329166666666667,0.6912701436647084,0.6329166666666667,14.543778544400693,0.9906380919768368,1.0,0.35,0.15,0.5
22-39-0.pt,22,39,0.425975580217458,medium,0.05820172741169107,0.05783587763417371,0.09085694516191688,0.5504166666666667,0.6969598377401887,0.5504166666666667,14.651995737079444,0.9906380919768368,1.0,0.35,0.15,0.5
22-4-0.pt,22,4,0.17251077163786918,easy,0.31906071600702945,0.09459821612657593,0.014934928045184767,0.7041666666666667,0.3484650662210405,0.7041666666666667,6.61097918140727,0.9906380919768368,1.0,0.35,0.15,0.5
22-40-0.pt,22,40,0.42055832962659073,medium,0.05487945203082015,0.06185707911713315,0.09412450309724842,0.5833333333333334,0.7020224136933457,0.5833333333333334,14.446906923043104,0.9906380919768368,1.0,0.35,0.15,0.5
22-41-0.pt,22,41,0.4415778624656813,medium,0.07426823797775896,0.06448187521964224,0.09803460503402986,0.5929166666666666,0.7073343515189985,0.5929166666666666,15.102130172056034,0.9906380919768368,1.0,0.35,0.15,0.5
22-42-0.pt,22,42,0.4320234787548994,medium,0.07468113561681793,0.06595917539449835,0.10213273631562997,0.04416666666666667,0.712458400312779,0.04416666666666667,15.318204588018133,0.9906380919768368,1.0,0.35,0.15,0.5
22-43-0.pt,22,43,0.4549293111932399,hard,0.0956857046557041,0.0684770254959656,0.10666764076608423,0.5325,0.7176744993956609,0.5325,15.57864209574226,0.9906380919768368,1.0,0.35,0.15,0.5
22-44-0.pt,22,44,0.5069694548758177,hard,0.11189406962339567,0.07353837044886334,0.11211185120668773,0.41458333333333336,0.7226738257419393,0.41458333333333336,17.338669570198775,0.9906380919768368,1.0,0.35,0.15,0.5
22-45-0.pt,22,45,0.521063809172282,hard,0.13038398291316525,0.07869081484320473,0.11805297160997127,0.4483333333333333,0.7277993980927481,0.4483333333333333,17.751436240384834,0.9906380919768368,1.0,0.35,0.15,0.5
22-46-0.pt,22,46,0.526533971381436,hard,0.13908611212923755,0.08606893861283758,0.1246535004416238,0.4925,0.7325757049064887,0.4925,17.8809978507825,0.9906380919768368,1.0,0.35,0.15,0.5
22-47-0.pt,22,47,0.5028527063680764,hard,0.15604342782102856,0.092077973776938,0.1313022851264929,0.4633333333333333,0.7371865845777483,0.4633333333333333,17.15593509171592,0.9906380919768368,1.0,0.35,0.15,0.5
22-48-0.pt,22,48,0.5529782451121191,hard,0.15273123855680104,0.10236612519493542,0.1390898798981694,0.40041666666666664,0.7420997020629541,0.40041666666666664,18.80305985113805,0.9906380919768368,1.0,0.35,0.15,0.5
22-49-0.pt,22,49,0.5511826541781524,hard,0.19418887949237407,0.1139121461974315,0.14746502382966342,0.38,0.7470763372947304,0.38,18.763488258499255,0.9906380919768368,1.0,0.35,0.15,0.5
22-5-0.pt,22,5,0.16790512740333582,easy,0.2366807461348354,0.08532401980141674,0.018676788193105927,0.84625,0.3755795719698638,0.84625,6.318981982472013,0.9906380919768368,1.0,0.35,0.15,0.5
22-50-0.pt,22,50,0.5204167155935104,hard,0.21459107138004654,0.121262424968877,0.15559581978230705,0.33958333333333335,0.7513713103875355,0.33958333333333335,17.824597116796472,0.9906380919768368,1.0,0.35,0.15,0.5
22-6-0.pt,22,6,0.18944152096402916,easy,0.20789235123782093,0.08324521623212731,0.022093066324242953,0.8116666666666666,0.3986579409013317,0.8116666666666666,7.025305147367791,0.9906380919768368,1.0,0.35,0.15,0.5
22-7-0.pt,22,7,0.16759118756386893,easy,0.19718868558467495,0.0810390139676026,0.02530234104859427,0.30083333333333334,0.4190606188735886,0.30083333333333334,6.809275558710381,0.9906380919768368,1.0,0.35,0.15,0.5
22-8-0.pt,22,8,0.15909909751192003,easy,0.1356824081577752,0.07726935943686675,0.027840050236449598,0.015,0.4367094810278664,0.015,6.804262129201647,0.9906380919768368,1.0,0.35,0.15,0.5
22-9-0.pt,22,9,0.18000708964135406,easy,0.10726742921191844,0.07050332537392524,0.03053100665069855,0.5795833333333333,0.4525294088348301,0.5795833333333333,6.924627384808003,0.9906380919768368,1.0,0.35,0.15,0.5
23-10-0.pt,23,10,0.19920575876535584,easy,0.09248469714553285,0.07436221920403852,0.03584983034648175,0.7733333333333333,0.47381875029633497,0.7733333333333333,7.340722070981689,0.9906380919768368,1.0,0.35,0.15,0.5
23-11-0.pt,23,11,0.20180229781399622,easy,0.06798120876688621,0.07032494150612756,0.03858467256276024,0.15208333333333332,0.48744824245243523,0.15208333333333332,8.007463617184452,0.9906380919768368,1.0,0.35,0.15,0.5
23-12-0.pt,23,12,0.20371039641473035,easy,0.07528275602162823,0.07015047711379517,0.041242299198647595,0.2520833333333333,0.5006061996304056,0.2520833333333333,7.967647374336167,0.9906380919768368,1.0,0.35,0.15,0.5
23-13-0.pt,23,13,0.22153595906513224,medium,0.05594691236059069,0.06199954225059935,0.04357215804614141,0.7395833333333334,0.512440923326965,0.7395833333333334,8.065097756704583,0.9906380919768368,1.0,0.35,0.15,0.5
23-14-0.pt,23,14,0.23968736520539546,medium,0.06416745324255543,0.059007494742596485,0.045700399878510475,0.79,0.523293832321343,0.79,8.588347013858003,0.9906380919768368,1.0,0.35,0.15,0.5
23-15-0.pt,23,15,0.22751292896306757,medium,0.08100408634107903,0.05622224364058092,0.04808760074477118,0.11208333333333333,0.5337752832486006,0.11208333333333333,8.84182517428276,0.9906380919768368,1.0,0.35,0.15,0.5
23-16-0.pt,23,16,0.24493006213308458,medium,0.06439948346659144,0.05639084284476065,0.05081618348134265,0.62,0.544493652731379,0.62,8.907391164111072,0.9906380919768368,1.0,0.35,0.15,0.5
23-17-0.pt,23,17,0.26186667988257745,medium,0.06226664940173182,0.05245959275316068,0.05315468707957585,0.7883333333333333,0.5541797374376137,0.7883333333333333,9.280619671733701,0.9906380919768368,1.0,0.35,0.15,0.5
23-18-0.pt,23,18,0.2620217521864503,medium,0.05576183528365311,0.04897659036333249,0.05501535548940406,0.82125,0.5629368084719436,0.82125,9.250714045947145,0.9906380919768368,1.0,0.35,0.15,0.5
23-19-0.pt,23,19,0.27241605343924896,medium,0.04404564745523686,0.046250372744981866,0.05719655328659599,0.77375,0.5720820476792623,0.77375,9.62168121698196,0.9906380919768368,1.0,0.35,0.15,0.5
23-2-0.pt,23,2,0.17240757727924758,easy,0.5989046791735992,0.09263085403919781,0.013233668524064815,0.5691666666666667,0.2780862767598118,0.5691666666666667,6.764550223435711,0.9906380919768368,1.0,0.35,0.15,0.5
23-20-0.pt,23,20,0.2860870863203749,medium,0.05050967460912776,0.0439337154596171,0.059278451388948494,0.18583333333333332,0.5809439180047657,0.18583333333333332,10.609857981869341,0.9906380919768368,1.0,0.35,0.15,0.5
23-21-0.pt,23,21,0.2927930946382794,medium,0.03505919352527082,0.038634936764631735,0.06108138376182909,0.7545833333333334,0.5889241641455479,0.7545833333333334,10.279141652379927,0.9906380919768368,1.0,0.35,0.15,0.5
23-22-0.pt,23,22,0.34654767776530493,medium,0.030858496489458223,0.03745268542957106,0.0628894166213361,0.7466666666666667,0.5970158496478386,0.7466666666666667,11.987812594108938,0.9906380919768368,1.0,0.35,0.15,0.5
23-23-0.pt,23,23,0.33590379908876034,medium,0.033441793206924295,0.03585326290563122,0.06473656519620571,0.042083333333333334,0.6045382184970494,0.042083333333333334,12.316349325398656,0.9906380919768368,1.0,0.35,0.15,0.5
23-24-0.pt,23,24,0.31859226221787296,medium,0.02042254593595466,0.03355781181271304,0.06676462877145721,0.6933333333333334,0.6123284173577779,0.6933333333333334,11.145819369496083,0.9906380919768368,1.0,0.35,0.15,0.5
23-25-0.pt,23,25,0.315362184729568,medium,0.029644040478726954,0.03142007117596565,0.06851320026371494,0.4175,0.61966292367998,0.4175,11.302354913853748,0.9906380919768368,1.0,0.35,0.15,0.5
23-26-0.pt,23,26,0.33270904201611334,medium,0.009521198119663917,0.02990031045605894,0.07014309972937674,0.6370833333333333,0.6266344626262383,0.6370833333333333,11.641027502537366,0.9906380919768368,1.0,0.35,0.15,0.5
23-27-0.pt,23,27,0.33770378879346064,medium,0.025666509326476825,0.03058080107963036,0.0720057164692648,0.6354166666666666,0.6340962644630943,0.6354166666666666,11.79794643328389,0.9906380919768368,1.0,0.35,0.15,0.5
23-28-0.pt,23,28,0.34062664217413896,medium,0.013769768694755729,0.030415997615073208,0.07353086394781147,0.6120833333333333,0.6405477804508577,0.6120833333333333,11.910156414476079,0.9906380919768368,1.0,0.35,0.15,0.5
23-29-0.pt,23,29,0.39140668237562254,medium,0.011214390480181689,0.03167146963529308,0.07541919841378697,0.06333333333333334,0.6471869073662235,0.06333333333333334,14.038693533854111,0.9906380919768368,1.0,0.35,0.15,0.5
23-3-0.pt,23,3,0.17640091227041663,easy,0.36481441150385413,0.11161333499374229,0.013230159160132189,0.9354166666666667,0.32126400757104445,0.9354166666666667,6.525795917442137,0.9906380919768368,1.0,0.35,0.15,0.5
23-30-0.pt,23,30,0.35017904519568926,medium,0.05040298206221535,0.03377821503158765,0.07689967129844437,0.3620833333333333,0.6528506741861381,0.3620833333333333,12.445443711374615,0.9906380919768368,1.0,0.35,0.15,0.5
23-31-0.pt,23,31,0.37307863819210985,medium,0.0443162443025538,0.03586130670947245,0.0784966809705667,0.5625,0.6593626028281977,0.5625,12.978570317831174,0.9906380919768368,1.0,0.35,0.15,0.5
23-32-0.pt,23,32,0.38095082533473634,medium,0.01624552984286083,0.04271825428121119,0.08006581367564432,0.4845833333333333,0.6657054526041631,0.4845833333333333,13.299591596276471,0.9906380919768368,1.0,0.35,0.15,0.5
23-33-0.pt,23,33,0.38731057926561785,medium,0.035669126667148596,0.0448779589005328,0.08191143893332817,0.62125,0.6716720788169483,0.62125,13.369035091549764,0.9906380919768368,1.0,0.35,0.15,0.5
23-34-0.pt,23,34,0.3940583425901098,medium,0.05543970505084818,0.04724342494286801,0.08358953679964641,0.5516666666666666,0.6777552900513276,0.5516666666666666,13.646595310239777,0.9906380919768368,1.0,0.35,0.15,0.5
23-35-0.pt,23,35,0.39780954408316693,medium,0.05000881600107917,0.04840569308201567,0.0854190403825951,0.25416666666666665,0.6836345628233018,0.25416666666666665,14.045660291764358,0.9906380919768368,1.0,0.35,0.15,0.5
23-36-0.pt,23,36,0.41022993388408546,medium,0.053464470909486354,0.05036784471137996,0.08725221643368158,0.49333333333333335,0.6894204282179779,0.49333333333333335,14.210010453338018,0.9906380919768368,1.0,0.35,0.15,0.5
23-37-0.pt,23,37,0.43419377571689366,medium,0.03387867761518869,0.05395568875397551,0.0895869173473742,0.6266666666666667,0.6953705403692924,0.6266666666666667,14.840815181013541,0.9906380919768368,1.0,0.35,0.15,0.5
23-38-0.pt,23,38,0.4250488945203194,medium,0.04401376935214606,0.05550626796125283,0.09228545600101291,0.5566666666666666,0.7007705855475055,0.5566666666666666,14.615126355170835,0.9906380919768368,1.0,0.35,0.15,0.5
23-39-0.pt,23,39,0.4319346010499303,medium,0.05909901432951318,0.057498968908160586,0.09525718538037582,0.24458333333333335,0.706391204239496,0.24458333333333335,15.127534023399114,0.9906380919768368,1.0,0.35,0.15,0.5
23-4-0.pt,23,4,0.17965400107383075,easy,0.340626461951916,0.10341470151227679,0.016360791250146053,0.8941666666666667,0.35428224195102315,0.8941666666666667,6.654678945892208,0.9906380919768368,1.0,0.35,0.15,0.5
23-40-0.pt,23,40,0.45527950058485284,hard,0.05542457224697724,0.0602969785119405,0.09850031763315995,0.5304166666666666,0.7115210915897987,0.5304166666666666,15.594228610676382,0.9906380919768368,1.0,0.35,0.15,0.5
23-41-0.pt,23,41,0.46562695357614997,hard,0.06116019002201545,0.0635334505851734,0.10256235540059372,0.52,0.7172104842157193,0.52,15.929901347969635,0.9906380919768368,1.0,0.35,0.15,0.5
23-42-0.pt,23,42,0.4748133416504372,hard,0.07559621768419393,0.0695277383684615,0.10699238093714333,0.57375,0.7224597584373801,0.57375,16.16800365325344,0.9906380919768368,1.0,0.35,0.15,0.5
23-43-0.pt,23,43,0.49333291868004775,hard,0.08673490927438295,0.07053566492380421,0.11145971930775121,0.49666666666666665,0.7273115734539113,0.49666666666666665,16.826447028366733,0.9906380919768368,1.0,0.35,0.15,0.5
23-44-0.pt,23,44,0.49698114742022304,hard,0.09832516697326248,0.0738626835060487,0.11713169070861432,0.28125,0.7325426169677254,0.28125,17.144561976256238,0.9906380919768368,1.0,0.35,0.15,0.5
23-45-0.pt,23,45,0.4994996495396208,hard,0.12606046688077827,0.07908209827740204,0.12331295859894079,0.26375,0.7374272124085808,0.26375,17.23904902187222,0.9906380919768368,1.0,0.35,0.15,0.5
23-46-0.pt,23,46,0.49401056863162246,hard,0.14307380545594625,0.0861244155259721,0.13041254058177001,0.027916666666666666,0.7428051658259891,0.027916666666666666,17.286767341941673,0.9906380919768368,1.0,0.35,0.15,0.5
23-47-0.pt,23,47,0.5150797129163744,hard,0.1451859949908667,0.09472322021935102,0.1376685492427485,0.14041666666666666,0.747851407439027,0.14041666666666666,17.845939040978028,0.9906380919768368,1.0,0.35,0.15,0.5
23-48-0.pt,23,48,0.5189676813633393,hard,0.13233929452719528,0.10055756874720527,0.1454283142683645,0.4141666666666667,0.7524263889852914,0.4141666666666667,17.707395274257507,0.9906380919768368,1.0,0.35,0.15,0.5
23-49-0.pt,23,49,0.570191549379948,hard,0.16271934318459183,0.11260082688865945,0.15438351326120697,0.12708333333333333,0.7574591084150464,0.12708333333333333,19.60217250305819,0.9906380919768368,1.0,0.35,0.15,0.5
23-5-0.pt,23,5,0.189090155810411,easy,0.20425148202945362,0.09918222267390868,0.020546415857883093,0.8395833333333333,0.3817743139057376,0.8395833333333333,6.994524953360906,0.9906380919768368,1.0,0.35,0.15,0.5
23-50-0.pt,23,50,0.5293664013098922,hard,0.21652241481937431,0.12233796510224447,0.16321674269801303,0.40875,0.7622137276721244,0.40875,18.038277630221533,0.9906380919768368,1.0,0.35,0.15,0.5
23-6-0.pt,23,6,0.16164317240736262,easy,0.2069465896009906,0.09429314977043719,0.023854246215978384,0.20583333333333334,0.4049132088478256,0.20583333333333334,6.716648976711949,0.9906380919768368,1.0,0.35,0.15,0.5
23-7-0.pt,23,7,0.19651559819601058,easy,0.2060272522699357,0.09007172586044714,0.027328668722081624,0.775,0.4254298547297152,0.775,7.273533469148773,0.9906380919768368,1.0,0.35,0.15,0.5
23-8-0.pt,23,8,0.17364081435616155,easy,0.12738520442626086,0.08079680229180435,0.029956610334641892,0.22125,0.4431137499818656,0.22125,7.066882142557898,0.9906380919768368,1.0,0.35,0.15,0.5
23-9-0.pt,23,9,0.20604054034875335,easy,0.11697518709394927,0.07496068592961994,0.03277316186616045,0.8354166666666667,0.459030056187585,0.8354166666666667,7.504501371734226,0.9906380919768368,1.0,0.35,0.15,0.5
24-10-0.pt,24,10,0.20627613129922598,easy,0.09402084333993127,0.07728394412006101,0.03823672914790889,0.5570833333333334,0.47999433879569897,0.5570833333333334,7.767753036935233,0.9906380919768368,1.0,0.35,0.15,0.5
24-11-0.pt,24,11,0.22135560341011842,medium,0.07989938166996517,0.07509117523107951,0.041138534248975824,0.75875,0.4940000261551948,0.75875,8.048682966383726,0.9906380919768368,1.0,0.35,0.15,0.5
24-12-0.pt,24,12,0.22639930845273626,medium,0.08371001526692136,0.07343813260714023,0.04381819443936276,0.7266666666666667,0.5071846882009836,0.7266666666666667,8.233709728681214,0.9906380919768368,1.0,0.35,0.15,0.5
24-13-0.pt,24,13,0.22853333263559555,medium,0.07174834376233676,0.06687756003250049,0.04640247090572024,0.6166666666666667,0.5187676487818302,0.6166666666666667,8.401120427999528,0.9906380919768368,1.0,0.35,0.15,0.5
24-14-0.pt,24,14,0.24432573077145114,medium,0.0667704566568274,0.05986524439304786,0.04880257522241978,0.7433333333333333,0.5298246056596201,0.7433333333333333,8.777078102898352,0.9906380919768368,1.0,0.35,0.15,0.5
24-15-0.pt,24,15,0.24290335673325653,medium,0.046292675256219905,0.057781962901507784,0.05111312272782386,0.7575,0.5408332758915203,0.7575,8.714044126720665,0.9906380919768368,1.0,0.35,0.15,0.5
24-16-0.pt,24,16,0.25012919513229204,medium,0.04171970690556202,0.05874477463464909,0.053873557600811015,0.5754166666666667,0.5513015886208784,0.5754166666666667,9.11181182743275,0.9906380919768368,1.0,0.35,0.15,0.5
24-17-0.pt,24,17,0.2703060819226841,medium,0.04145042005595255,0.05624727794768097,0.0561247301182678,0.7604166666666666,0.560788026550935,0.7604166666666666,9.572036624400399,0.9906380919768368,1.0,0.35,0.15,0.5
24-18-0.pt,24,18,0.25726130724858176,medium,0.031107025631148068,0.049156196591302125,0.058295333713897154,0.10375,0.5702870689983148,0.10375,9.778138346254352,0.9906380919768368,1.0,0.35,0.15,0.5
24-19-0.pt,24,19,0.282282072956435,medium,0.031101523523667216,0.04813203643093316,0.06066718873404828,0.78875,0.5794586771844469,0.78875,9.917265588788018,0.9906380919768368,1.0,0.35,0.15,0.5
24-2-0.pt,24,2,0.18259248444220486,easy,0.5782869946270008,0.11119229771269945,0.014150213079954857,0.9720833333333333,0.2835141308386008,0.9720833333333333,6.702661654888906,0.9906380919768368,1.0,0.35,0.15,0.5
24-20-0.pt,24,20,0.2799502842909688,medium,0.0355617975073136,0.04585493974422988,0.06262096370121814,0.5,0.588133903574712,0.5,10.114004409577923,0.9906380919768368,1.0,0.35,0.15,0.5
24-21-0.pt,24,21,0.3368842163969388,medium,0.044098003225657406,0.04297513100092667,0.0646312808751758,0.25125,0.596246975257043,0.25125,12.152179774882965,0.9906380919768368,1.0,0.35,0.15,0.5
24-22-0.pt,24,22,0.32761733168884083,medium,0.036647708387472444,0.03855869485062804,0.06672470003002974,0.75,0.6044266302551712,0.75,11.381389118086647,0.9906380919768368,1.0,0.35,0.15,0.5
24-23-0.pt,24,23,0.336517268580109,medium,0.01842024041332977,0.03525622550950629,0.06855182597918788,0.7058333333333333,0.6125563558965798,0.7058333333333333,11.702220962366582,0.9906380919768368,1.0,0.35,0.15,0.5
24-24-0.pt,24,24,0.33156185048648196,medium,0.0161929512266007,0.033851736750455476,0.07047800339319246,0.7166666666666667,0.6200963275711833,0.7166666666666667,11.5317386338833,0.9906380919768368,1.0,0.35,0.15,0.5
24-25-0.pt,24,25,0.33024096564676125,medium,0.022775882819058457,0.032154223147568765,0.07236495641856906,0.42333333333333334,0.6274720585960815,0.42333333333333334,11.765412461480686,0.9906380919768368,1.0,0.35,0.15,0.5
24-26-0.pt,24,26,0.3449584612984049,medium,0.02584888319288913,0.0297156735349631,0.07403135774905921,0.22666666666666666,0.6348211157122864,0.22666666666666666,12.415843319327644,0.9906380919768368,1.0,0.35,0.15,0.5
24-27-0.pt,24,27,0.345541588037403,medium,0.01935010567849099,0.02910159182637426,0.07590792389703108,0.4320833333333333,0.6420046370690903,0.4320833333333333,12.236339636032202,0.9906380919768368,1.0,0.35,0.15,0.5
24-28-0.pt,24,28,0.35071217915463504,medium,0.012566121124827955,0.029902584308610883,0.07753289404405361,0.5933333333333334,0.6485179046566123,0.5933333333333334,12.244509700699503,0.9906380919768368,1.0,0.35,0.15,0.5
24-29-0.pt,24,29,0.3585213468561186,medium,0.020020062550929186,0.0318375158600183,0.07945545912601719,0.13375,0.6549104990223367,0.13375,12.925954656929939,0.9906380919768368,1.0,0.35,0.15,0.5
24-3-0.pt,24,3,0.1528496442293241,easy,0.3571602959168661,0.1193680056837207,0.014738964851996699,0.07541666666666667,0.3269969181495248,0.07541666666666667,6.593382749769424,0.9906380919768368,1.0,0.35,0.15,0.5
24-30-0.pt,24,30,0.3837103696677827,medium,0.031221961972370135,0.032320284876343794,0.08129033107570272,0.18916666666666668,0.6612861902081746,0.18916666666666668,13.669426134407644,0.9906380919768368,1.0,0.35,0.15,0.5
24-31-0.pt,24,31,0.37812833626712766,medium,0.012886735440497808,0.03658600583885252,0.08303473493401103,0.5195833333333333,0.6681587882836066,0.5195833333333333,13.1758608068209,0.9906380919768368,1.0,0.35,0.15,0.5
24-32-0.pt,24,32,0.37985099058091265,medium,0.022260722649026152,0.039307974002716246,0.08455971507431712,0.041666666666666664,0.6741149631443025,0.041666666666666664,13.681902560577292,0.9906380919768368,1.0,0.35,0.15,0.5
24-33-0.pt,24,33,0.40113205067776225,medium,0.048871711218092175,0.04443963192311424,0.08631659254282247,0.5716666666666667,0.6801638655258193,0.5716666666666667,13.85091505374396,0.9906380919768368,1.0,0.35,0.15,0.5
24-34-0.pt,24,34,0.39651265403908825,medium,0.044944419169198266,0.04714150057656389,0.08802674362841639,0.16208333333333333,0.6864078195298597,0.16208333333333333,14.090855030237336,0.9906380919768368,1.0,0.35,0.15,0.5
24-35-0.pt,24,35,0.40656225129633977,medium,0.04331312510214211,0.04783920214189361,0.08987707507288684,0.03375,0.6926085093604584,0.03375,14.528852501640364,0.9906380919768368,1.0,0.35,0.15,0.5
24-36-0.pt,24,36,0.4311404586229526,medium,0.06941647538082267,0.04959124452359568,0.09190107674312735,0.22291666666666668,0.6987157884241066,0.22291666666666668,15.12605250756136,0.9906380919768368,1.0,0.35,0.15,0.5
24-37-0.pt,24,37,0.4505978795447807,hard,0.060751813468941596,0.0524999922248901,0.09403486336558137,0.58375,0.7044847253346914,0.58375,15.39800088169487,0.9906380919768368,1.0,0.35,0.15,0.5
24-38-0.pt,24,38,0.4578580998836298,hard,0.0678726072809581,0.055526691527922716,0.09656078191155376,0.2504166666666667,0.7098979006652847,0.2504166666666667,15.942547670171347,0.9906380919768368,1.0,0.35,0.15,0.5
24-39-0.pt,24,39,0.4615973019449332,hard,0.06823880428668026,0.05884242584173369,0.09970888457547532,0.1775,0.7155129633738818,0.1775,16.128068620185573,0.9906380919768368,1.0,0.35,0.15,0.5
24-4-0.pt,24,4,0.1731368205192814,easy,0.3750488777149966,0.11367684747886786,0.017849321400512794,0.8558333333333333,0.35989029274231077,0.8558333333333333,6.48215277828339,0.9906380919768368,1.0,0.35,0.15,0.5
24-40-0.pt,24,40,0.44766573886499145,medium,0.07522675213219171,0.06085668333904194,0.10305799774145157,0.002916666666666667,0.7210595390916541,0.002916666666666667,15.849859891127231,0.9906380919768368,1.0,0.35,0.15,0.5
24-41-0.pt,24,41,0.5399495077125768,hard,0.0815055615096605,0.06368754416554413,0.10711497949003633,0.08041666666666666,0.7266088499073872,0.08041666666666666,18.70013179060075,0.9906380919768368,1.0,0.35,0.15,0.5
24-42-0.pt,24,42,0.5555539696573714,hard,0.08480377549101008,0.06805242207681822,0.11188831615247968,0.515,0.7320281860902006,0.515,18.780017900308508,0.9906380919768368,1.0,0.35,0.15,0.5
24-43-0.pt,24,43,0.5095925785971708,hard,0.10800685948243305,0.07170344075731705,0.11655822822279308,0.5245833333333333,0.7366950748566228,0.5245833333333333,17.311677642545614,0.9906380919768368,1.0,0.35,0.15,0.5
24-44-0.pt,24,44,0.4917374471377559,hard,0.11651024318000343,0.0754792101103445,0.122456610871748,0.30541666666666667,0.7423035632439745,0.30541666666666667,16.951373182174354,0.9906380919768368,1.0,0.35,0.15,0.5
24-45-0.pt,24,45,0.5117330288359493,hard,0.13650976689551236,0.08021876277066715,0.12896764493408816,0.44166666666666665,0.7475506550620881,0.44166666666666665,17.45386898375972,0.9906380919768368,1.0,0.35,0.15,0.5
24-46-0.pt,24,46,0.523435910227769,hard,0.1450988071992335,0.08640185384963123,0.1362199780113301,0.4875,0.7527548871903313,0.4875,17.779300303469306,0.9906380919768368,1.0,0.35,0.15,0.5
24-47-0.pt,24,47,0.5461085389318369,hard,0.14571262522876796,0.09472527632670814,0.14367929023909182,0.43125,0.7577507170331191,0.43125,18.549585753338814,0.9906380919768368,1.0,0.35,0.15,0.5
24-48-0.pt,24,48,0.545693842799695,hard,0.15743798784365623,0.10330535422507292,0.15203906335040182,0.2816666666666667,0.7628918404725118,0.2816666666666667,18.67639307286439,0.9906380919768368,1.0,0.35,0.15,0.5
24-49-0.pt,24,49,0.5447293787248992,hard,0.20062707916378653,0.11079535576803479,0.16173376649928897,0.04083333333333333,0.7682664986390326,0.04083333333333333,18.87232709014767,0.9906380919768368,1.0,0.35,0.15,0.5
24-5-0.pt,24,5,0.1695250873220731,easy,0.2101427639701748,0.10352521883653266,0.02234698000835337,0.47541666666666665,0.3877110321469103,0.47541666666666665,6.7175647139257695,0.9906380919768368,1.0,0.35,0.15,0.5
24-50-0.pt,24,50,0.5701973241148728,hard,0.21894834123047538,0.1236726521528456,0.17089184867841034,0.4608333333333333,0.7725839539977667,0.4608333333333333,19.279261001303926,0.9906380919768368,1.0,0.35,0.15,0.5
24-6-0.pt,24,6,0.19358210510638368,easy,0.215149123511948,0.09695155766873267,0.025831784495578103,0.7583333333333333,0.41103541684128114,0.7583333333333333,7.202203971776783,0.9906380919768368,1.0,0.35,0.15,0.5
24-7-0.pt,24,7,0.19728483024018192,easy,0.14650895674386483,0.09058948005173664,0.028971076896179962,0.76625,0.431273522824659,0.76625,7.3038552019712535,0.9906380919768368,1.0,0.35,0.15,0.5
24-8-0.pt,24,8,0.19165895291486054,easy,0.13424277687012776,0.08658386666313857,0.03219022758592858,0.80625,0.4491212509804249,0.80625,7.080221364739227,0.9906380919768368,1.0,0.35,0.15,0.5
24-9-0.pt,24,9,0.21625881676581002,medium,0.10841858085346179,0.08174513698292893,0.03514309177992802,0.71375,0.46531320645239005,0.71375,7.941482881930116,0.9906380919768368,1.0,0.35,0.15,0.5
25-10-0.pt,25,10,0.20918667183250164,easy,0.08568867784169447,0.08074472742582349,0.040786053996824834,0.7670833333333333,0.4863086962037176,0.7670833333333333,7.658048077892166,0.9906380919768368,1.0,0.35,0.15,0.5
25-11-0.pt,25,11,0.21293175358918157,medium,0.06593748236843894,0.07611224199646802,0.043713342853945215,0.7033333333333334,0.5003785121677021,0.7033333333333334,7.8316095667201475,0.9906380919768368,1.0,0.35,0.15,0.5
25-12-0.pt,25,12,0.2790488824649438,medium,0.04654146156883203,0.07054490920224905,0.04630168719758321,0.6904166666666667,0.5132628743758714,0.6904166666666667,9.935068773193533,0.9906380919768368,1.0,0.35,0.15,0.5
25-13-0.pt,25,13,0.24189792680313713,medium,0.05928960833574456,0.07136380307681664,0.0492067013902378,0.6258333333333334,0.5251750912821915,0.6258333333333334,8.813571290832247,0.9906380919768368,1.0,0.35,0.15,0.5
25-14-0.pt,25,14,0.249172265069995,medium,0.06715120692404287,0.0639843972358367,0.05183917119367159,0.24708333333333332,0.5362959381564573,0.24708333333333332,9.399371828514367,0.9906380919768368,1.0,0.35,0.15,0.5
25-15-0.pt,25,15,0.25562039396743225,medium,0.056948228606072335,0.05999218679288395,0.05443300477809967,0.31875,0.5478019065919744,0.31875,9.531089038869807,0.9906380919768368,1.0,0.35,0.15,0.5
25-16-0.pt,25,16,0.2584300454279785,medium,0.052931260563891434,0.05985236228335932,0.05670321627576629,0.38708333333333333,0.5577155976379673,0.38708333333333333,9.551251149318418,0.9906380919768368,1.0,0.35,0.15,0.5
25-17-0.pt,25,17,0.27529237261416395,medium,0.04127764853939238,0.05681359612026265,0.05928057215567787,0.46958333333333335,0.5676207909335144,0.46958333333333335,10.003544796948255,0.9906380919768368,1.0,0.35,0.15,0.5
25-18-0.pt,25,18,0.2791605709141731,medium,0.029537878076889096,0.05310235657159681,0.061641950954266,0.7691666666666667,0.5770752110844729,0.7691666666666667,9.837856195134433,0.9906380919768368,1.0,0.35,0.15,0.5
25-19-0.pt,25,19,0.28801588821132207,medium,0.04612456307146257,0.04984376916357617,0.06401312438095934,0.7816666666666666,0.5866599194947595,0.7816666666666666,10.102868719628125,0.9906380919768368,1.0,0.35,0.15,0.5
25-2-0.pt,25,2,0.18313430840627884,easy,0.5756277776836114,0.1352779088997841,0.015364647025649759,0.8566666666666667,0.2887896698843247,0.8566666666666667,6.8272978420654775,0.9906380919768368,1.0,0.35,0.15,0.5
25-20-0.pt,25,20,0.30479178382151956,medium,0.049420318886462415,0.0471500316433517,0.06614120176956295,0.7629166666666667,0.5952942179034035,0.7629166666666667,10.649089079053757,0.9906380919768368,1.0,0.35,0.15,0.5
25-21-0.pt,25,21,0.3067481510031985,medium,0.028184193578142395,0.04329784177500031,0.06822949852501363,0.5133333333333333,0.6033383196740894,0.5133333333333333,10.94485943261527,0.9906380919768368,1.0,0.35,0.15,0.5
25-22-0.pt,25,22,0.36405217190358485,medium,0.01763090928455273,0.04145835664558421,0.07059234700272543,0.11708333333333333,0.6120580720030191,0.11708333333333333,13.13459306922299,0.9906380919768368,1.0,0.35,0.15,0.5
25-23-0.pt,25,23,0.33301739824659415,medium,0.011083590486213466,0.03616863570633231,0.07233873831375552,0.675,0.6199170191002837,0.675,11.617531926166032,0.9906380919768368,1.0,0.35,0.15,0.5
25-24-0.pt,25,24,0.34011037676041894,medium,0.013637654119186398,0.03278150402818088,0.07418405311358123,0.7241666666666666,0.6275131622670129,0.7241666666666666,11.79265389286519,0.9906380919768368,1.0,0.35,0.15,0.5
25-25-0.pt,25,25,0.3787478139737771,medium,0.02713707285523055,0.03188882074863671,0.07607700153073989,0.6825,0.6352664110900219,0.6825,13.054179276627597,0.9906380919768368,1.0,0.35,0.15,0.5
25-26-0.pt,25,26,0.359317988444725,medium,0.011137248433114848,0.031168368706222496,0.0779603621317847,0.655,0.6424492879857281,0.655,12.461291357526239,0.9906380919768368,1.0,0.35,0.15,0.5
25-27-0.pt,25,27,0.3572557718308424,medium,0.0025940687266817974,0.029034996016322038,0.07990217587885871,0.6041666666666666,0.6495918008793097,0.6041666666666666,12.441268720838456,0.9906380919768368,1.0,0.35,0.15,0.5
25-28-0.pt,25,28,0.3641736428483248,medium,0.003767848398223781,0.029653909981431446,0.08169390480321634,0.61625,0.6561798908310416,0.61625,12.64646410220113,0.9906380919768368,1.0,0.35,0.15,0.5
25-29-0.pt,25,29,0.3874934331080422,medium,0.017715424273397787,0.03151582974719309,0.08369236761138409,0.59875,0.663000419372096,0.59875,13.399728912891403,0.9906380919768368,1.0,0.35,0.15,0.5
25-3-0.pt,25,3,0.1886892542408944,easy,0.3981858718452022,0.12875827764410727,0.015485926706183761,0.9304166666666667,0.33220478961501304,0.9304166666666667,6.915729152027605,0.9906380919768368,1.0,0.35,0.15,0.5
25-30-0.pt,25,30,0.38511443502791154,medium,0.004868275300101583,0.033472840975794116,0.08555188390975238,0.2683333333333333,0.6697012800748688,0.2683333333333333,13.635342276087028,0.9906380919768368,1.0,0.35,0.15,0.5
25-31-0.pt,25,31,0.4078424981297612,medium,0.012950488146726799,0.03404111154462681,0.08746158268434902,0.50375,0.6761685183825236,0.50375,14.129811161960891,0.9906380919768368,1.0,0.35,0.15,0.5
25-32-0.pt,25,32,0.4174048583803567,medium,0.022934913075671207,0.03623344635764106,0.08922080387413311,0.5270833333333333,0.6823302790056363,0.5270833333333333,14.408347977638186,0.9906380919768368,1.0,0.35,0.15,0.5
25-33-0.pt,25,33,0.462472152011236,hard,0.02095683799543878,0.04165888738097848,0.0907592914995581,0.52375,0.6888500685816756,0.52375,15.837850271802733,0.9906380919768368,1.0,0.35,0.15,0.5
25-34-0.pt,25,34,0.4455639009938206,medium,0.031246784232378488,0.043746680703529446,0.09255902575243624,0.5629166666666666,0.695215524856643,0.5629166666666666,15.261940252047813,0.9906380919768368,1.0,0.35,0.15,0.5
25-35-0.pt,25,35,0.4719439375002022,hard,0.03610174079922971,0.04777616520276831,0.09443106148534514,0.15,0.7014013241024889,0.15,16.487996994411493,0.9906380919768368,1.0,0.35,0.15,0.5
25-36-0.pt,25,36,0.4946305468414034,hard,0.06228629885588663,0.05094170199974045,0.09638588114415264,0.5658333333333333,0.7074096337718986,0.5658333333333333,16.81000915477882,0.9906380919768368,1.0,0.35,0.15,0.5
25-37-0.pt,25,37,0.4629552034987319,hard,0.050314224539604886,0.05256520370720144,0.09844180397228136,0.55,0.7131076236520895,0.55,15.818366598225657,0.9906380919768368,1.0,0.35,0.15,0.5
25-38-0.pt,25,38,0.5409846171373747,hard,0.07986911022870219,0.05430673761696854,0.1010560403265478,0.5733333333333334,0.7191336649284055,0.5733333333333334,18.267906761769183,0.9906380919768368,1.0,0.35,0.15,0.5
25-39-0.pt,25,39,0.5057404596783197,hard,0.08159937232712282,0.05762628700984398,0.10411059499054431,0.5320833333333334,0.7245320443319784,0.5320833333333334,17.18736288652357,0.9906380919768368,1.0,0.35,0.15,0.5
25-4-0.pt,25,4,0.16418275669095503,easy,0.3560911910280167,0.12036825655264614,0.019342907373609976,0.16875,0.365494105196891,0.16875,6.848432326372376,0.9906380919768368,1.0,0.35,0.15,0.5
25-40-0.pt,25,40,0.4887891278719002,hard,0.08391330910707985,0.06089229664191302,0.10765619435458891,0.20791666666666667,0.7300506377064921,0.20791666666666667,16.95546377860653,0.9906380919768368,1.0,0.35,0.15,0.5
25-41-0.pt,25,41,0.5008053956147845,hard,0.09067673644584512,0.06353796422740958,0.11177712588809936,0.13208333333333333,0.7355887792271116,0.13208333333333333,17.40623435666199,0.9906380919768368,1.0,0.35,0.15,0.5
25-42-0.pt,25,42,0.5126234576840313,hard,0.0887852357198685,0.06475332891714995,0.11652530670685625,0.4795833333333333,0.7411090450947083,0.4795833333333333,17.448717461667673,0.9906380919768368,1.0,0.35,0.15,0.5
25-43-0.pt,25,43,0.5726503515141085,hard,0.10677098565851763,0.07121643748371419,0.12174011383903392,0.495,0.7461814025749949,0.495,19.3353411377256,0.9906380919768368,1.0,0.35,0.15,0.5
25-44-0.pt,25,44,0.5028896807368691,hard,0.11043282272996605,0.07409434406844381,0.12769489723227737,0.07208333333333333,0.7520029180797483,0.07208333333333333,17.522620216988095,0.9906380919768368,1.0,0.35,0.15,0.5
25-45-0.pt,25,45,0.5316461957409424,hard,0.13228321312967592,0.0778243102034179,0.13439116480391755,0.275,0.7571790464456136,0.275,18.23962723482573,0.9906380919768368,1.0,0.35,0.15,0.5
25-46-0.pt,25,46,0.5570876996500904,hard,0.14561768547013426,0.08769067104981815,0.14225704844853332,0.5108333333333334,0.762824241191418,0.5108333333333334,18.820072574717777,0.9906380919768368,1.0,0.35,0.15,0.5
25-47-0.pt,25,47,0.5646034611594597,hard,0.15386932354612037,0.09324772736377793,0.15005834512022906,0.4866666666666667,0.7680667240146577,0.4866666666666667,19.079197552824173,0.9906380919768368,1.0,0.35,0.15,0.5
25-48-0.pt,25,48,0.5530911016236202,hard,0.16262593358184135,0.1043386416382483,0.15874855002178045,0.35625,0.7727912353648722,0.35625,18.836089318503955,0.9906380919768368,1.0,0.35,0.15,0.5
25-49-0.pt,25,49,0.574107258333596,hard,0.18380151416673143,0.11179268457423988,0.16861394166487179,0.24666666666666667,0.7783919921778333,0.24666666666666667,19.60425222121899,0.9906380919768368,1.0,0.35,0.15,0.5
25-5-0.pt,25,5,0.2053936585330302,easy,0.19640720801890507,0.11748249105435159,0.02411186098221368,0.835,0.3932060350287687,0.835,7.511175115460927,0.9906380919768368,1.0,0.35,0.15,0.5
25-50-0.pt,25,50,0.5662414715279497,hard,0.2255471065823505,0.1243595072384115,0.17869259366871906,0.12833333333333333,0.7831672202818432,0.12833333333333333,19.46527389973625,0.9906380919768368,1.0,0.35,0.15,0.5
25-6-0.pt,25,6,0.19868116971366792,easy,0.16853511507917487,0.10651705662196234,0.02754975343872296,0.7679166666666667,0.4167007727522116,0.7679166666666667,7.352478391484047,0.9906380919768368,1.0,0.35,0.15,0.5
25-7-0.pt,25,7,0.20775198494487657,easy,0.13283996375124776,0.0973399430697408,0.03091885993402604,0.7316666666666667,0.4369983737984576,0.7316666666666667,7.666258394142617,0.9906380919768368,1.0,0.35,0.15,0.5
25-8-0.pt,25,8,0.19652969951380939,easy,0.11431056825785058,0.09169392332807477,0.03424871011444606,0.7054166666666667,0.45482860265895414,0.7054166666666667,7.328094188353874,0.9906380919768368,1.0,0.35,0.15,0.5
25-9-0.pt,25,9,0.20379831759361702,easy,0.09472965831893529,0.08282715044983965,0.03745464721958568,0.04875,0.47133162623797425,0.04875,8.175440909509932,0.9906380919768368,1.0,0.35,0.15,0.5
26-10-0.pt,26,10,0.22423875917524888,medium,0.09517884581374325,0.08701464160988369,0.04316895940499033,0.72125,0.4920866187987982,0.72125,8.17649170365005,0.9906380919768368,1.0,0.35,0.15,0.5
26-11-0.pt,26,11,0.21517906606927162,medium,0.08224535499516027,0.07707824901801069,0.046192722661401266,0.37958333333333333,0.5063101977548248,0.37958333333333333,8.207895807826448,0.9906380919768368,1.0,0.35,0.15,0.5
26-12-0.pt,26,12,0.24386996336984526,medium,0.05251326721916363,0.07396098311132636,0.04901894789842369,0.71,0.519122160001446,0.71,8.798636727576948,0.9906380919768368,1.0,0.35,0.15,0.5
26-13-0.pt,26,13,0.24166087029959038,medium,0.06338478208417918,0.07186024310184465,0.05181396933564625,0.6791666666666667,0.5312851298467149,0.6791666666666667,8.75292109503654,0.9906380919768368,1.0,0.35,0.15,0.5
26-14-0.pt,26,14,0.2599133503175298,medium,0.04237788776647636,0.07091379854764568,0.054851286814642956,0.6691666666666667,0.542901427177637,0.6691666666666667,9.336437990579638,0.9906380919768368,1.0,0.35,0.15,0.5
26-15-0.pt,26,15,0.27245738617854126,medium,0.04162247331060768,0.061767196646998805,0.05756766992123348,0.7025,0.5541068845760213,0.7025,9.697968543302464,0.9906380919768368,1.0,0.35,0.15,0.5
26-16-0.pt,26,16,0.2740629820781733,medium,0.06054798199451289,0.06059984470347094,0.059876744673999026,0.7329166666666667,0.5641759051145804,0.7329166666666667,9.715896141452637,0.9906380919768368,1.0,0.35,0.15,0.5
26-17-0.pt,26,17,0.27129637886001706,medium,0.04213009576787579,0.05999188105930882,0.062519394386696,0.29375,0.5744325744008336,0.29375,10.041044460935009,0.9906380919768368,1.0,0.35,0.15,0.5
26-18-0.pt,26,18,0.2652805500079477,medium,0.05180646285646118,0.054365796158986124,0.06496738450887807,0.04125,0.5840646890101941,0.04125,10.086156488096762,0.9906380919768368,1.0,0.35,0.15,0.5
26-19-0.pt,26,19,0.30549568167088276,medium,0.0351130605991933,0.04916885328188313,0.06727133883419321,0.7333333333333333,0.5933244849349354,0.7333333333333333,10.70030309138473,0.9906380919768368,1.0,0.35,0.15,0.5
26-2-0.pt,26,2,0.18675118457839157,easy,0.591933150228261,0.15022529821785907,0.016451742627573072,0.9708333333333333,0.29388575085683155,0.9708333333333333,6.831491352900371,0.9906380919768368,1.0,0.35,0.15,0.5
26-20-0.pt,26,20,0.32365024387616154,medium,0.029343696772628308,0.04897962425206918,0.06960731363218939,0.745,0.601960813893627,0.745,11.261352698840655,0.9906380919768368,1.0,0.35,0.15,0.5
26-21-0.pt,26,21,0.3104005083122924,medium,0.035785476635270354,0.04511324494659127,0.07183998519913257,0.45708333333333334,0.6105861188858136,0.45708333333333334,11.11113505007498,0.9906380919768368,1.0,0.35,0.15,0.5
26-22-0.pt,26,22,0.3820307938982255,medium,0.025974548872323474,0.04063323675829095,0.07421468995375298,0.17916666666666667,0.6191023546710845,0.17916666666666667,13.64283473367095,0.9906380919768368,1.0,0.35,0.15,0.5
26-23-0.pt,26,23,0.32716471211785336,medium,0.005464779156182405,0.0380930173267474,0.07612672172963773,0.1475,0.6269857121778346,0.1475,11.930008408582507,0.9906380919768368,1.0,0.35,0.15,0.5
26-24-0.pt,26,24,0.3446799518161591,medium,0.010817762254603907,0.033798915350875966,0.0779791141732741,0.4525,0.6350976313167346,0.4525,12.192441703006896,0.9906380919768368,1.0,0.35,0.15,0.5
26-25-0.pt,26,25,0.3434149546218983,medium,0.012237817930003097,0.03204863118731688,0.0798233016956115,0.27666666666666667,0.6425725989985224,0.27666666666666667,12.316265692265597,0.9906380919768368,1.0,0.35,0.15,0.5
26-26-0.pt,26,26,0.349820951304378,medium,0.008639032859637076,0.031096961668086554,0.08186116872546326,0.3204166666666667,0.6497144671385099,0.3204166666666667,12.474933603686377,0.9906380919768368,1.0,0.35,0.15,0.5
26-27-0.pt,26,27,0.36891967285555327,medium,0.0,0.032141487258442486,0.08402526991585357,0.62875,0.6570681913274423,0.62875,12.784718959976926,0.9906380919768368,1.0,0.35,0.15,0.5
26-28-0.pt,26,28,0.3824766245585244,medium,0.01043024671260989,0.029343804597968395,0.08589092388978382,0.5104166666666666,0.6638189092394727,0.5104166666666666,13.324207205537771,0.9906380919768368,1.0,0.35,0.15,0.5
26-29-0.pt,26,29,0.40759445290045243,medium,0.002190342404368656,0.029715276974679676,0.08801233006256351,0.5645833333333333,0.6710524188420494,0.5645833333333333,14.0662591731288,0.9906380919768368,1.0,0.35,0.15,0.5
26-3-0.pt,26,3,0.17903716693493057,easy,0.4167097618309514,0.13910819051989823,0.016763716539125624,0.6758333333333333,0.3372678837261007,0.6758333333333333,6.849380888795671,0.9906380919768368,1.0,0.35,0.15,0.5
26-30-0.pt,26,30,0.38813814007000014,medium,0.015790761543298216,0.03152924539181118,0.08987604416452968,0.14208333333333334,0.6775160702058709,0.14208333333333334,13.84792798299356,0.9906380919768368,1.0,0.35,0.15,0.5
26-31-0.pt,26,31,0.41007923347786546,medium,0.013183402619749747,0.03247375722494462,0.09180726707009035,0.5295833333333333,0.6842748372794489,0.5295833333333333,14.17290214152781,0.9906380919768368,1.0,0.35,0.15,0.5
26-32-0.pt,26,32,0.431152831409856,medium,0.013521544584124561,0.034882002795117134,0.09364438329366627,0.4666666666666667,0.6906851505057011,0.4666666666666667,14.898240840015742,0.9906380919768368,1.0,0.35,0.15,0.5
26-33-0.pt,26,33,0.44579000401900376,medium,0.017658441071212595,0.03872441806180983,0.09544310255515275,0.4945833333333333,0.6973582031352976,0.4945833333333333,15.333128860377991,0.9906380919768368,1.0,0.35,0.15,0.5
26-34-0.pt,26,34,0.4474222757452738,medium,0.039607535232312314,0.044212957492544884,0.09709504137010279,0.43416666666666665,0.703611613516474,0.43416666666666665,15.439713250650476,0.9906380919768368,1.0,0.35,0.15,0.5
26-35-0.pt,26,35,0.45082936711251553,hard,0.043627900668397585,0.04686876660759855,0.09883269977424246,0.4658333333333333,0.7097414141880148,0.4658333333333333,15.515178692938129,0.9906380919768368,1.0,0.35,0.15,0.5
26-36-0.pt,26,36,0.4613053935436404,hard,0.05740320323263253,0.05188966576024657,0.10093267192895752,0.48041666666666666,0.7156619604761605,0.48041666666666666,15.831093399708774,0.9906380919768368,1.0,0.35,0.15,0.5
26-37-0.pt,26,37,0.48729751541645044,hard,0.07233649163817792,0.053111413858377816,0.10308364196962033,0.44,0.721931711412468,0.44,16.69107881091082,0.9906380919768368,1.0,0.35,0.15,0.5
26-38-0.pt,26,38,0.5525011416189557,hard,0.07744504769235357,0.0548913774184967,0.10553258129674485,0.5408333333333334,0.7276887544019779,0.5408333333333334,18.660453032255234,0.9906380919768368,1.0,0.35,0.15,0.5
26-39-0.pt,26,39,0.4987319376915446,hard,0.08076514144333262,0.056355566545877506,0.10861545123978093,0.40458333333333335,0.7333300608065149,0.40458333333333335,17.0826343830459,0.9906380919768368,1.0,0.35,0.15,0.5
26-4-0.pt,26,4,0.1782143129466127,easy,0.2998515288893375,0.12702162753801816,0.020846817534582097,0.8570833333333333,0.37079204726440085,0.8570833333333333,6.637525640688555,0.9906380919768368,1.0,0.35,0.15,0.5
26-40-0.pt,26,40,0.5080230144536554,hard,0.08701017933416902,0.060448681164805694,0.11233512769762499,0.48333333333333334,0.7386992258778702,0.48333333333333334,17.3002666041294,0.9906380919768368,1.0,0.35,0.15,0.5
26-41-0.pt,26,41,0.5129261800056727,hard,0.09127095258387984,0.06402440825992906,0.11677176976297662,0.18166666666666667,0.7449697977422504,0.18166666666666667,17.73965551358144,0.9906380919768368,1.0,0.35,0.15,0.5
26-42-0.pt,26,42,0.5323127590386593,hard,0.09669393644636387,0.06537935015887288,0.12141254634319426,0.5445833333333333,0.7504994412232082,0.5445833333333333,18.00747663121901,0.9906380919768368,1.0,0.35,0.15,0.5
26-43-0.pt,26,43,0.5477383813275216,hard,0.1037765816994568,0.06630046594376504,0.1266149305993744,0.4191666666666667,0.7556559085971545,0.4191666666666667,18.6135919225385,0.9906380919768368,1.0,0.35,0.15,0.5
26-44-0.pt,26,44,0.5267028775888654,hard,0.11791729277983573,0.07182938804742084,0.13287195418816192,0.23875,0.7614045911532541,0.23875,18.115589238691168,0.9906380919768368,1.0,0.35,0.15,0.5
26-45-0.pt,26,45,0.5525319837015487,hard,0.13308593819985812,0.07571937180545647,0.1397833635814585,0.17125,0.7670702580729164,0.17125,18.99637075870469,0.9906380919768368,1.0,0.35,0.15,0.5
26-46-0.pt,26,46,0.5667095810857222,hard,0.14904168098599832,0.08239538789283662,0.14776842377487243,0.008333333333333333,0.7721194794348263,0.008333333333333333,19.598568546043396,0.9906380919768368,1.0,0.35,0.15,0.5
26-47-0.pt,26,47,0.5888489786938171,hard,0.15879615514876247,0.09171800622448927,0.15627196094052243,0.45916666666666667,0.7779056802992563,0.45916666666666667,19.87008310124941,0.9906380919768368,1.0,0.35,0.15,0.5
26-48-0.pt,26,48,0.585977415278253,hard,0.15792963582779115,0.0986305333286319,0.16542075100298606,0.3829166666666667,0.7830468607908281,0.3829166666666667,19.8493486993602,0.9906380919768368,1.0,0.35,0.15,0.5
26-49-0.pt,26,49,0.5953087869068036,hard,0.20552105665238754,0.1133730930069782,0.17590928361025787,0.44625,0.7885673048797093,0.44625,20.082837148868308,0.9906380919768368,1.0,0.35,0.15,0.5
26-5-0.pt,26,5,0.1990321779592336,easy,0.18436217630846327,0.12060799177604535,0.025624555968707084,0.6704166666666667,0.39853504266579526,0.6704166666666667,7.46359023194984,0.9906380919768368,1.0,0.35,0.15,0.5
26-50-0.pt,26,50,0.6533505615334616,hard,0.2384261406083796,0.12496418053351671,0.1866125961226895,0.26458333333333334,0.7937087545439089,0.26458333333333334,22.093644954244702,0.9906380919768368,1.0,0.35,0.15,0.5
26-6-0.pt,26,6,0.20638970733152764,easy,0.1747286420157908,0.11128631655779742,0.029362774000199647,0.6891666666666667,0.4222093069899213,0.6891666666666667,7.669441594982191,0.9906380919768368,1.0,0.35,0.15,0.5
26-7-0.pt,26,7,0.21252018424129135,medium,0.15055643116358364,0.10082158962139255,0.03300376983053649,0.7408333333333333,0.442732565598577,0.7408333333333333,7.806409425845768,0.9906380919768368,1.0,0.35,0.15,0.5
26-8-0.pt,26,8,0.20760714896952473,easy,0.11538101698599813,0.09623195102789232,0.03651665815865004,0.7225,0.4606012549993166,0.7225,7.66076488593701,0.9906380919768368,1.0,0.35,0.15,0.5
26-9-0.pt,26,9,0.23443957330296034,medium,0.10022479898248804,0.08918690113189262,0.0399542728655029,0.7941666666666667,0.47703413293509556,0.7941666666666667,8.436820608001677,0.9906380919768368,1.0,0.35,0.15,0.5
27-10-0.pt,27,10,0.20791821528045232,easy,0.11446784756489577,0.08681525029445075,0.04568324794566537,0.06125,0.4981364644542202,0.06125,8.283294787143614,0.9906380919768368,1.0,0.35,0.15,0.5
27-11-0.pt,27,11,0.23086720087109744,medium,0.0821367845778303,0.0831577767072276,0.04881319774491627,0.42375,0.5121849358175615,0.42375,8.66100107038556,0.9906380919768368,1.0,0.35,0.15,0.5
27-12-0.pt,27,12,0.23917229486271863,medium,0.05873057884597431,0.07532990794891528,0.05174492801740435,0.3958333333333333,0.5250739316162435,0.3958333333333333,8.945603244604559,0.9906380919768368,1.0,0.35,0.15,0.5
27-13-0.pt,27,13,0.2561299371289588,medium,0.06535215606409897,0.07214528158188546,0.05470711524556085,0.67375,0.5372540817008415,0.67375,9.214419723367214,0.9906380919768368,1.0,0.35,0.15,0.5
27-14-0.pt,27,14,0.25268964058216353,medium,0.0532821144156785,0.07152847146451984,0.05780882218861749,0.10583333333333333,0.5492368884569507,0.10583333333333333,9.639768985176474,0.9906380919768368,1.0,0.35,0.15,0.5
27-15-0.pt,27,15,0.27950616517383936,medium,0.062482953253480494,0.06263931472638999,0.06069367855692394,0.645,0.5597289081044678,0.645,9.973786343577443,0.9906380919768368,1.0,0.35,0.15,0.5
27-16-0.pt,27,16,0.2882879164438776,medium,0.053929762419359574,0.05896067809276186,0.0630228593342497,0.6808333333333333,0.5705884777278315,0.6808333333333333,10.213789358897099,0.9906380919768368,1.0,0.35,0.15,0.5
27-17-0.pt,27,17,0.32549914075668046,medium,0.04557534378424172,0.05956101539873121,0.06570836408444924,0.6991666666666667,0.581063953512936,0.6991666666666667,11.372006785548615,0.9906380919768368,1.0,0.35,0.15,0.5
27-18-0.pt,27,18,0.2838637824423963,medium,0.044475683903596255,0.05590254697254014,0.06827200431318671,0.18416666666666667,0.5906813077846901,0.18416666666666667,10.536981383800951,0.9906380919768368,1.0,0.35,0.15,0.5
27-19-0.pt,27,19,0.3018255232082706,medium,0.03862573235272654,0.0525333861980977,0.07066155754776243,0.12416666666666666,0.5997918026793673,0.12416666666666666,11.159780866453326,0.9906380919768368,1.0,0.35,0.15,0.5
27-2-0.pt,27,2,0.17401573038160453,easy,0.5739161043964982,0.16520757288627802,0.017233134491901104,0.16333333333333333,0.2986819435842408,0.16333333333333333,7.1925508379691,0.9906380919768368,1.0,0.35,0.15,0.5
27-20-0.pt,27,20,0.3214248938525279,medium,0.03733848535398533,0.04781058543014599,0.07313269764951182,0.7358333333333333,0.608714139195145,0.7358333333333333,11.196747914598596,0.9906380919768368,1.0,0.35,0.15,0.5
27-21-0.pt,27,21,0.34238365788804537,medium,0.02528865101055588,0.04667177152362514,0.07547378149626559,0.6575,0.6174124457150729,0.6575,11.932154421329884,0.9906380919768368,1.0,0.35,0.15,0.5
27-22-0.pt,27,22,0.3578406280381919,medium,0.019560252484747513,0.039900633249665286,0.07782415885275341,0.76,0.6258279142649261,0.76,12.321500808581513,0.9906380919768368,1.0,0.35,0.15,0.5
27-23-0.pt,27,23,0.35385156848375077,medium,0.02498086065514637,0.038871723496215524,0.08000850159736833,0.6875,0.6344213571331887,0.6875,12.26036679492524,0.9906380919768368,1.0,0.35,0.15,0.5
27-24-0.pt,27,24,0.37102500302287283,medium,0.014110679228348695,0.036094117067971575,0.08172111052068841,0.7425,0.6421111329437764,0.7425,12.749541477542623,0.9906380919768368,1.0,0.35,0.15,0.5
27-25-0.pt,27,25,0.3698400448145292,medium,0.012582241977788887,0.03217019458602039,0.08374037832250956,0.7141666666666666,0.6496478513396708,0.7141666666666666,12.73580777178514,0.9906380919768368,1.0,0.35,0.15,0.5
27-26-0.pt,27,26,0.362025888256135,medium,0.008297614588287925,0.03176930930308781,0.08586517033086358,0.0,0.6568645413214637,0.0,13.163294144285848,0.9906380919768368,1.0,0.35,0.15,0.5
27-27-0.pt,27,27,0.387254508267306,medium,0.0010644169641390653,0.030257087025367613,0.08807537635731463,0.155,0.6643808932384749,0.155,13.81298960914758,0.9906380919768368,1.0,0.35,0.15,0.5
27-28-0.pt,27,28,0.41210140383608507,medium,0.009454540998155878,0.030381756038514226,0.09020226936312796,0.59375,0.6716174573940398,0.59375,14.18123772482934,0.9906380919768368,1.0,0.35,0.15,0.5
27-29-0.pt,27,29,0.4259072263007957,medium,0.02051975156189089,0.028848609202085027,0.09225555349709229,0.5675,0.6785969419572594,0.5675,14.64107893995676,0.9906380919768368,1.0,0.35,0.15,0.5
27-3-0.pt,27,3,0.18253786251323578,easy,0.4361513940083108,0.14499087706361255,0.017957457284381043,0.9141666666666667,0.34222653779576656,0.9141666666666667,6.732034085975615,0.9906380919768368,1.0,0.35,0.15,0.5
27-30-0.pt,27,30,0.3996530481601313,medium,0.025212075331282956,0.029043543928149673,0.09412286371559228,0.11333333333333333,0.6851036310354713,0.11333333333333333,14.237255657324285,0.9906380919768368,1.0,0.35,0.15,0.5
27-31-0.pt,27,31,0.4198469016185919,medium,0.022385548358822796,0.031015594918190403,0.09622947296583084,0.2629166666666667,0.6921613953592041,0.2629166666666667,14.7326395953737,0.9906380919768368,1.0,0.35,0.15,0.5
27-32-0.pt,27,32,0.43393596073094637,medium,0.02077378717852432,0.03351923051145534,0.0981312588263632,0.0875,0.6989323575051868,0.0875,15.343199672170977,0.9906380919768368,1.0,0.35,0.15,0.5
27-33-0.pt,27,33,0.45355571426992464,hard,0.03425083278034399,0.03608731771267301,0.09994656443194475,0.22708333333333333,0.7054802849096329,0.22708333333333333,15.830083889919067,0.9906380919768368,1.0,0.35,0.15,0.5
27-34-0.pt,27,34,0.45658792331450515,hard,0.057043315255332676,0.04108772901532862,0.10170754862575605,0.052083333333333336,0.7117412196408891,0.052083333333333336,16.08986610117022,0.9906380919768368,1.0,0.35,0.15,0.5
27-35-0.pt,27,35,0.4641691781705926,hard,0.06600848272728817,0.047960536123874506,0.10343749251612937,0.16708333333333333,0.7180037211153845,0.16708333333333333,16.218495756039555,0.9906380919768368,1.0,0.35,0.15,0.5
27-36-0.pt,27,36,0.48460733521597,hard,0.07709631133454856,0.04852495223295511,0.10536632085974615,0.3466666666666667,0.7242232485724206,0.3466666666666667,16.693478301131098,0.9906380919768368,1.0,0.35,0.15,0.5
27-37-0.pt,27,37,0.5034361133117655,hard,0.07646397774961249,0.050580554652070404,0.10787270234670086,0.47583333333333333,0.7304108350966743,0.47583333333333333,17.16532096264476,0.9906380919768368,1.0,0.35,0.15,0.5
27-38-0.pt,27,38,0.4873126617333823,hard,0.08449440927342176,0.055323687569095906,0.11031556616703998,0.19916666666666666,0.735996030680331,0.19916666666666666,16.914537684125698,0.9906380919768368,1.0,0.35,0.15,0.5
27-39-0.pt,27,39,0.5135979646196827,hard,0.09594881453080503,0.05560936043233153,0.11334707726788926,0.4479166666666667,0.7418541041204287,0.4479166666666667,17.509385444494352,0.9906380919768368,1.0,0.35,0.15,0.5
27-4-0.pt,27,4,0.19393789427887576,easy,0.2882712328003341,0.1352184661475467,0.022400419486663364,0.8766666666666667,0.37599265326246273,0.8766666666666667,7.115374272559461,0.9906380919768368,1.0,0.35,0.15,0.5
27-40-0.pt,27,40,0.5341326253906823,hard,0.09640144326122321,0.057319001292241545,0.11687344126729284,0.5029166666666667,0.7476268691675925,0.5029166666666667,18.105917825678947,0.9906380919768368,1.0,0.35,0.15,0.5
27-41-0.pt,27,41,0.5285016329842143,hard,0.09332560993690865,0.06145290852352979,0.12148581145813156,0.056666666666666664,0.7536826158084234,0.056666666666666664,18.348678566868568,0.9906380919768368,1.0,0.35,0.15,0.5
27-42-0.pt,27,42,0.5506443147969782,hard,0.11269345493724994,0.06550616095212747,0.12628051818663263,0.46,0.7594701246223452,0.46,18.66540415281209,0.9906380919768368,1.0,0.35,0.15,0.5
27-43-0.pt,27,43,0.6096896249403067,hard,0.12395397477597209,0.06644101097136487,0.13155388628738077,0.40125,0.7651236044165866,0.40125,20.591098236401173,0.9906380919768368,1.0,0.35,0.15,0.5
27-44-0.pt,27,44,0.5659744698947103,hard,0.13292371187097615,0.07040548152407766,0.1381368680600808,0.4529166666666667,0.7709115525283075,0.4529166666666667,19.153561607218904,0.9906380919768368,1.0,0.35,0.15,0.5
27-45-0.pt,27,45,0.5823641403090388,hard,0.1563502359811633,0.07691440736342639,0.14509651341200078,0.41083333333333333,0.7763642565893871,0.41083333333333333,19.71098846122245,0.9906380919768368,1.0,0.35,0.15,0.5
27-46-0.pt,27,46,0.5927111169984477,hard,0.1574141062339654,0.08345332397904305,0.15297699187064148,0.31375,0.7818450941317757,0.31375,20.12903224628639,0.9906380919768368,1.0,0.35,0.15,0.5
27-47-0.pt,27,47,0.5946781020487322,hard,0.16844561952064163,0.09362048503467282,0.1622931362962394,0.05708333333333333,0.7875453774176402,0.05708333333333333,20.43281971400858,0.9906380919768368,1.0,0.35,0.15,0.5
27-48-0.pt,27,48,0.6219603542638525,hard,0.21223821213226285,0.10236960241263875,0.17202351037116512,0.40791666666666665,0.7931686172273114,0.40791666666666665,20.96243283961546,0.9906380919768368,1.0,0.35,0.15,0.5
27-49-0.pt,27,49,0.6351520776236161,hard,0.20687669249097573,0.11222485648039952,0.1827639937436835,0.21291666666666667,0.7986479819699907,0.21291666666666667,21.56366284458089,0.9906380919768368,1.0,0.35,0.15,0.5
27-5-0.pt,27,5,0.2060667956985707,easy,0.1995325400214632,0.12201756495206775,0.027303675737010782,0.8016666666666666,0.4038262780418178,0.8016666666666666,7.559850960395984,0.9906380919768368,1.0,0.35,0.15,0.5
27-50-0.pt,27,50,0.7041914707720156,hard,0.23319580427687361,0.1246195488565622,0.19381491413117755,0.385,0.8037427462696974,0.385,23.5872696674173,0.9906380919768368,1.0,0.35,0.15,0.5
27-6-0.pt,27,6,0.20483383991675053,easy,0.21817289094033768,0.11525094775679995,0.03135392375012945,0.4766666666666667,0.4276705776111917,0.4766666666666667,7.8196820053427505,0.9906380919768368,1.0,0.35,0.15,0.5
27-7-0.pt,27,7,0.21771665770508863,medium,0.15725001602951327,0.10580273892794466,0.035252987876441405,0.72375,0.44812605582305387,0.72375,7.985206591428035,0.9906380919768368,1.0,0.35,0.15,0.5
27-8-0.pt,27,8,0.22000898119778386,medium,0.12462125024230733,0.10158719958709793,0.038778351754554026,0.7479166666666667,0.46624985360564564,0.7479166666666667,8.027565915674463,0.9906380919768368,1.0,0.35,0.15,0.5
27-9-0.pt,27,9,0.22347299732991902,medium,0.10017505172572493,0.09503538941699531,0.04240941505003104,0.4816666666666667,0.48257328776858044,0.4816666666666667,8.383598296530838,0.9906380919768368,1.0,0.35,0.15,0.5
28-10-0.pt,28,10,0.23790279088040284,medium,0.1065343098042421,0.08753693290548557,0.04813084233341968,0.7258333333333333,0.5036881813020068,0.7258333333333333,8.60067565486088,0.9906380919768368,1.0,0.35,0.15,0.5
28-11-0.pt,28,11,0.22993940167398988,medium,0.0699931121803083,0.08464146527580688,0.051369250306464845,0.11916666666666667,0.5177091078021382,0.11916666666666667,8.918575721217607,0.9906380919768368,1.0,0.35,0.15,0.5
28-12-0.pt,28,12,0.25440546547719617,medium,0.07075297516270662,0.0748461746087572,0.05457279654015307,0.6979166666666666,0.5305574004776534,0.6979166666666666,9.139516358751864,0.9906380919768368,1.0,0.35,0.15,0.5
28-13-0.pt,28,13,0.2672654588937097,medium,0.04178263692835019,0.07522235950619724,0.05765995266580484,0.3983333333333333,0.5433320245390583,0.3983333333333333,9.826574316736727,0.9906380919768368,1.0,0.35,0.15,0.5
28-14-0.pt,28,14,0.27074742329034995,medium,0.04856453523712515,0.07201903669411794,0.06072664587983223,0.31166666666666665,0.5551693908783217,0.31166666666666665,10.014463827820078,0.9906380919768368,1.0,0.35,0.15,0.5
28-15-0.pt,28,15,0.29582671814991424,medium,0.06363935951095219,0.06961089745986407,0.06377091404056039,0.5891666666666666,0.5659157580493493,0.5891666666666666,10.54178025455217,0.9906380919768368,1.0,0.35,0.15,0.5
28-16-0.pt,28,16,0.28940972069159593,medium,0.042899416146510015,0.060213037634689236,0.06624975570200309,0.6170833333333333,0.5769175428340823,0.6170833333333333,10.30732252849251,0.9906380919768368,1.0,0.35,0.15,0.5
28-17-0.pt,28,17,0.31600533031343914,medium,0.06429448081987613,0.05986797042964018,0.06890961167488488,0.7254166666666667,0.5874922358561648,0.7254166666666667,11.043433768290297,0.9906380919768368,1.0,0.35,0.15,0.5
28-18-0.pt,28,18,0.31332085725149805,medium,0.05278691342457421,0.05830266589307339,0.07157498323491925,0.63875,0.5970723963153269,0.63875,11.036716997645648,0.9906380919768368,1.0,0.35,0.15,0.5
28-19-0.pt,28,19,0.321569786226969,medium,0.042266569972510167,0.053156199947657544,0.07414512674697225,0.6833333333333333,0.6063829594869657,0.6833333333333333,11.2521464825634,0.9906380919768368,1.0,0.35,0.15,0.5
28-2-0.pt,28,2,0.1976775846563133,easy,0.5785378206738901,0.18994762872262988,0.018936698054144614,0.94625,0.3034019698655682,0.94625,7.197416934493032,0.9906380919768368,1.0,0.35,0.15,0.5
28-20-0.pt,28,20,0.3484810392488793,medium,0.058271502072362105,0.050267972039715426,0.07677774259916399,0.71625,0.6157052621196266,0.71625,12.07039375599884,0.9906380919768368,1.0,0.35,0.15,0.5
28-21-0.pt,28,21,0.35362865580362085,medium,0.025279362739664957,0.04574994690820152,0.07905012934484816,0.7320833333333333,0.6241346526667548,0.7320833333333333,12.215147550565717,0.9906380919768368,1.0,0.35,0.15,0.5
28-22-0.pt,28,22,0.34036805364727124,medium,0.02103496891179265,0.04070096004766552,0.08129837023945426,0.043333333333333335,0.6328230149034914,0.043333333333333335,12.445203062868028,0.9906380919768368,1.0,0.35,0.15,0.5
28-23-0.pt,28,23,0.35407331935464764,medium,0.020925208734264213,0.038198310978229566,0.08369273333697336,0.14625,0.6411400469820069,0.14625,12.778650922021972,0.9906380919768368,1.0,0.35,0.15,0.5
28-24-0.pt,28,24,0.36528542335477043,medium,0.02333589115820086,0.03639552657721811,0.08562521509834249,0.12041666666666667,0.6489924652210031,0.12041666666666667,13.155499760192699,0.9906380919768368,1.0,0.35,0.15,0.5
28-25-0.pt,28,25,0.3891024954422889,medium,0.016547982950355148,0.035183072772961815,0.08775125450873208,0.4354166666666667,0.6562826500083704,0.4354166666666667,13.608589208279625,0.9906380919768368,1.0,0.35,0.15,0.5
28-26-0.pt,28,26,0.39757514131232924,medium,0.008468874111917211,0.030405112587843983,0.08989805798404973,0.6508333333333334,0.6639272734628376,0.6508333333333334,13.669561834580746,0.9906380919768368,1.0,0.35,0.15,0.5
28-27-0.pt,28,27,0.4041026740315328,medium,0.005326302477410742,0.029134802942097082,0.0922837892371011,0.3075,0.6718566060249139,0.3075,14.19934888389929,0.9906380919768368,1.0,0.35,0.15,0.5
28-28-0.pt,28,28,0.4185749196687768,medium,0.018690426235612474,0.028563539229864984,0.09432270970652641,0.32416666666666666,0.6788391449551748,0.32416666666666666,14.639564794482965,0.9906380919768368,1.0,0.35,0.15,0.5
28-29-0.pt,28,29,0.48098570068385693,hard,0.021029688122111406,0.02930413260856795,0.09655372850990954,0.5575,0.685904638917645,0.5575,16.394025191752583,0.9906380919768368,1.0,0.35,0.15,0.5
28-3-0.pt,28,3,0.20487227569432678,easy,0.39500499308470943,0.1532287412378018,0.0196244389475781,0.9016666666666666,0.34704858675431066,0.9016666666666666,7.450119834880446,0.9906380919768368,1.0,0.35,0.15,0.5
28-30-0.pt,28,30,0.42298919330725127,medium,0.019215474218697712,0.028077503712362683,0.09847582825876058,0.5129166666666667,0.6928560559893601,0.5129166666666667,14.594584910417908,0.9906380919768368,1.0,0.35,0.15,0.5
28-31-0.pt,28,31,0.4495783745388139,medium,0.03343295893705043,0.03003112004265633,0.10060332743695438,0.4683333333333333,0.7002109448295932,0.4683333333333333,15.477016992081978,0.9906380919768368,1.0,0.35,0.15,0.5
28-32-0.pt,28,32,0.46143999090404647,hard,0.03200426838277303,0.032126825878160674,0.10260079466021657,0.43583333333333335,0.70678952057502,0.43583333333333335,15.881309819798522,0.9906380919768368,1.0,0.35,0.15,0.5
28-33-0.pt,28,33,0.4829470580622612,hard,0.037769071221471856,0.03509212984301108,0.10437289131380012,0.45,0.7130591143000272,0.45,16.54724954783262,0.9906380919768368,1.0,0.35,0.15,0.5
28-34-0.pt,28,34,0.4853512260372141,hard,0.05074317997720852,0.039470721941912014,0.10629029221024355,0.4375,0.7198749959084313,0.4375,16.63257714165014,0.9906380919768368,1.0,0.35,0.15,0.5
28-35-0.pt,28,35,0.49740457808513,hard,0.06660792874294233,0.043438279009291536,0.1081576794517041,0.05416666666666667,0.7260870965870062,0.05416666666666667,17.37626053796529,0.9906380919768368,1.0,0.35,0.15,0.5
28-36-0.pt,28,36,0.5037702095431357,hard,0.07678419727743398,0.047824421866434284,0.11007366665715514,0.4075,0.7323589799491528,0.4075,17.240012983380865,0.9906380919768368,1.0,0.35,0.15,0.5
28-37-0.pt,28,37,0.5020107273940418,hard,0.06903500363316571,0.049737619149444474,0.11236758507323297,0.013333333333333334,0.7382869058734587,0.013333333333333334,17.556123399022525,0.9906380919768368,1.0,0.35,0.15,0.5
28-38-0.pt,28,38,0.5209651745854345,hard,0.08355437933045227,0.05149763656292979,0.11515313302461193,0.19625,0.7445092461267208,0.19625,17.980894006820357,0.9906380919768368,1.0,0.35,0.15,0.5
28-39-0.pt,28,39,0.5281399510640399,hard,0.09395332362974809,0.055368274896000096,0.11812907638675627,0.4708333333333333,0.7505934255919825,0.4708333333333333,17.94516252048449,0.9906380919768368,1.0,0.35,0.15,0.5
28-4-0.pt,28,4,0.18271990953554146,easy,0.2536423257093639,0.14231904519521563,0.024150886413726886,0.215,0.38097972160391164,0.215,7.385984163311139,0.9906380919768368,1.0,0.35,0.15,0.5
28-40-0.pt,28,40,0.5377416280019937,hard,0.10695588713759818,0.05727416851683992,0.1216254111018541,0.22541666666666665,0.7562840173422,0.22541666666666665,18.480350823036126,0.9906380919768368,1.0,0.35,0.15,0.5
28-41-0.pt,28,41,0.5536517569356786,hard,0.09597427479670653,0.058037440239977395,0.12617497590935997,0.5033333333333333,0.7626237853678552,0.5033333333333333,18.718329772726715,0.9906380919768368,1.0,0.35,0.15,0.5
28-42-0.pt,28,42,0.5647337244951389,hard,0.10457167107896938,0.06441862119579364,0.13133156421845243,0.16458333333333333,0.7685234259473204,0.16458333333333333,19.38900207664509,0.9906380919768368,1.0,0.35,0.15,0.5
28-43-0.pt,28,43,0.5802545944544074,hard,0.12184894675290203,0.06862779949570376,0.1366504070612562,0.11291666666666667,0.7738013970685333,0.11291666666666667,19.928052806966186,0.9906380919768368,1.0,0.35,0.15,0.5
28-44-0.pt,28,44,0.5885141719870386,hard,0.12742259097912814,0.07173548639355076,0.14332778113321476,0.19333333333333333,0.7802376902473784,0.19333333333333333,20.11096130791298,0.9906380919768368,1.0,0.35,0.15,0.5
28-45-0.pt,28,45,0.6030882275385279,hard,0.15009085751747828,0.07857954937933369,0.15058872333192586,0.41125,0.7857894436172463,0.41125,20.363874657661963,0.9906380919768368,1.0,0.35,0.15,0.5
28-46-0.pt,28,46,0.6191301794991187,hard,0.1869462511351031,0.08552550005970293,0.15891310291522495,0.13958333333333334,0.791496377013026,0.13958333333333334,21.128191848158654,0.9906380919768368,1.0,0.35,0.15,0.5
28-47-0.pt,28,47,0.6453739652834245,hard,0.1781574611362788,0.0945023874810389,0.16828200239588154,0.3879166666666667,0.7971537128513391,0.3879166666666667,21.72220056366567,0.9906380919768368,1.0,0.35,0.15,0.5
28-48-0.pt,28,48,0.6474726061973411,hard,0.179310958749551,0.10380726195949319,0.17807627076568036,0.014583333333333334,0.8024985922568817,0.014583333333333334,22.14109738268299,0.9906380919768368,1.0,0.35,0.15,0.5
28-49-0.pt,28,49,0.6508596422571188,hard,0.2004619738938634,0.11285395215813332,0.18905758983361662,0.36541666666666667,0.8078434584832219,0.36541666666666667,21.91315610872922,0.9906380919768368,1.0,0.35,0.15,0.5
28-5-0.pt,28,5,0.2166572785562447,medium,0.2155127466096437,0.13297884963891912,0.029101288785499616,0.7979166666666667,0.4090364289076823,0.7979166666666667,7.89709384700139,0.9906380919768368,1.0,0.35,0.15,0.5
28-50-0.pt,28,50,0.7038595558282608,hard,0.2002168215956937,0.12526835557773247,0.2007392594177636,0.23166666666666666,0.8130353985998646,0.23166666666666666,23.718573312150518,0.9906380919768368,1.0,0.35,0.15,0.5
28-6-0.pt,28,6,0.22690661542637064,medium,0.1714493620880958,0.12439509309988803,0.033193404691800085,0.62375,0.4326096997476831,0.62375,8.377878989906385,0.9906380919768368,1.0,0.35,0.15,0.5
28-7-0.pt,28,7,0.21084171320961834,easy,0.1341862233731698,0.11083602320572856,0.03707280080217991,0.3275,0.4531990834277611,0.3275,8.141442642902138,0.9906380919768368,1.0,0.35,0.15,0.5
28-8-0.pt,28,8,0.2067974753924146,easy,0.12336854557387801,0.10559648248927846,0.041113398479362,0.28791666666666665,0.47164704648334865,0.28791666666666665,8.043289749924954,0.9906380919768368,1.0,0.35,0.15,0.5
28-9-0.pt,28,9,0.23170592505781762,medium,0.11539614900943984,0.09700190230310428,0.04470163293598171,0.5145833333333333,0.48814870646371505,0.5145833333333333,8.611119577648804,0.9906380919768368,1.0,0.35,0.15,0.5
29-10-0.pt,29,10,0.24169233690464473,medium,0.1064898328504741,0.08967637104962874,0.05060998891666419,0.7270833333333333,0.5091306474577881,0.7270833333333333,8.717432255558723,0.9906380919768368,1.0,0.35,0.15,0.5
29-11-0.pt,29,11,0.25940479318461473,medium,0.06753216942061725,0.08486168991806688,0.053861055931630916,0.7066666666666667,0.5230175001999527,0.7066666666666667,9.292794018902892,0.9906380919768368,1.0,0.35,0.15,0.5
29-12-0.pt,29,12,0.26059191950453137,medium,0.07290193023190479,0.08196509955016093,0.05729854464596468,0.45166666666666666,0.5362006002954756,0.45166666666666666,9.567225679618872,0.9906380919768368,1.0,0.35,0.15,0.5
29-13-0.pt,29,13,0.2768867370678688,medium,0.06085061219739543,0.07399267230826867,0.060637360867224224,0.585,0.5492931594076784,0.585,9.951954706221125,0.9906380919768368,1.0,0.35,0.15,0.5
29-14-0.pt,29,14,0.2677539068116906,medium,0.08989166117752014,0.0725097910523123,0.06376467978709685,0.029583333333333333,0.5603741153095227,0.029583333333333333,10.18530220632262,0.9906380919768368,1.0,0.35,0.15,0.5
29-15-0.pt,29,15,0.285234023588259,medium,0.05053907981642762,0.06987469969721298,0.06665351635268231,0.21875,0.5720623649726939,0.21875,10.555165130425832,0.9906380919768368,1.0,0.35,0.15,0.5
29-16-0.pt,29,16,0.29664672781970086,medium,0.06729858898768519,0.059631117929559385,0.06970510527455125,0.39208333333333334,0.5832829520303837,0.39208333333333334,10.747869140423385,0.9906380919768368,1.0,0.35,0.15,0.5
29-17-0.pt,29,17,0.3263809984895687,medium,0.061064252952736,0.05815704498712851,0.07208827173441286,0.685,0.5934841566702518,0.685,11.408366928019573,0.9906380919768368,1.0,0.35,0.15,0.5
29-18-0.pt,29,18,0.31916975183326973,medium,0.05556734880083132,0.057840710593719494,0.07478212774419532,0.20458333333333334,0.603060741674406,0.20458333333333334,11.632033855522263,0.9906380919768368,1.0,0.35,0.15,0.5
29-19-0.pt,29,19,0.32891142170955073,medium,0.06179659490681824,0.054207958792484655,0.07778545644573727,0.021666666666666667,0.6130197661383217,0.021666666666666667,12.110571979744853,0.9906380919768368,1.0,0.35,0.15,0.5
29-2-0.pt,29,2,0.18950744014517532,easy,0.5521554942044191,0.1886932211771983,0.01887609078940874,0.9583333333333334,0.3079338281849478,0.9583333333333334,6.925039523065589,0.9906380919768368,1.0,0.35,0.15,0.5
29-20-0.pt,29,20,0.338588248661753,medium,0.06469228856067488,0.04898643795977346,0.0801545863881407,0.125,0.6220881032466482,0.125,12.315584961232277,0.9906380919768368,1.0,0.35,0.15,0.5
29-21-0.pt,29,21,0.3532140339793001,medium,0.04053455395862905,0.045931184531198724,0.08261518374923774,0.7004166666666667,0.6308744659369755,0.7004166666666667,12.229329373588506,0.9906380919768368,1.0,0.35,0.15,0.5
29-22-0.pt,29,22,0.3751095435136826,medium,0.04000841187552502,0.044666370616452504,0.0848142762625184,0.6720833333333334,0.6395965653265556,0.6720833333333334,12.94694694901585,0.9906380919768368,1.0,0.35,0.15,0.5
29-23-0.pt,29,23,0.3669641887851085,medium,0.02086766069196879,0.038437764581697634,0.08727726295287702,0.6554166666666666,0.6478128041735893,0.6554166666666666,12.701157949215741,0.9906380919768368,1.0,0.35,0.15,0.5
29-24-0.pt,29,24,0.4045832479473917,medium,0.05310504053820109,0.03468936430700583,0.08972532831464036,0.6966666666666667,0.6552131715082867,0.6966666666666667,13.85179613760418,0.9906380919768368,1.0,0.35,0.15,0.5
29-25-0.pt,29,25,0.3906786364518926,medium,0.022283156176761118,0.033691012579529354,0.09173557415908044,0.34375,0.663215279470147,0.34375,13.74279331785887,0.9906380919768368,1.0,0.35,0.15,0.5
29-26-0.pt,29,26,0.4180368669514822,medium,0.014376062516795624,0.03172745461778296,0.09402964654358033,0.6675,0.6711850715982374,0.6675,14.299579694539752,0.9906380919768368,1.0,0.35,0.15,0.5
29-27-0.pt,29,27,0.420480208931976,medium,0.011652060972962763,0.027586058304826737,0.09639835532620794,0.64375,0.6788771942590651,0.64375,14.396476136528914,0.9906380919768368,1.0,0.35,0.15,0.5
29-28-0.pt,29,28,0.4423116238883077,medium,0.0260154418308697,0.026683317106809466,0.0985717911255372,0.5875,0.6859027705689663,0.5875,15.139262370012235,0.9906380919768368,1.0,0.35,0.15,0.5
29-29-0.pt,29,29,0.43424107288368563,medium,0.027278603762489806,0.0278936022839416,0.10074126619742053,0.011666666666666667,0.6934129923748585,0.011666666666666667,15.427134052784076,0.9906380919768368,1.0,0.35,0.15,0.5
29-3-0.pt,29,3,0.18629051128456442,easy,0.4254254434666444,0.16426952940495085,0.021141725504334997,0.4,0.35175661663415747,0.4,7.335412316069367,0.9906380919768368,1.0,0.35,0.15,0.5
29-30-0.pt,29,30,0.45944604733794275,hard,0.042735864683172524,0.027264053477609167,0.10290020471700977,0.55875,0.7005718529553487,0.55875,15.703891141035177,0.9906380919768368,1.0,0.35,0.15,0.5
29-31-0.pt,29,31,0.5094901806347085,hard,0.0387813200559412,0.029106688213635906,0.10493586130755721,0.5804166666666667,0.7077399600724285,0.5804166666666667,17.2671940816228,0.9906380919768368,1.0,0.35,0.15,0.5
29-32-0.pt,29,32,0.4746687966410338,hard,0.0432611604104246,0.02959380485400319,0.10685758407061921,0.44666666666666666,0.7142139581186591,0.44666666666666666,16.287458495631892,0.9906380919768368,1.0,0.35,0.15,0.5
29-33-0.pt,29,33,0.4811879679406627,hard,0.06261429984623045,0.03300009175749306,0.10898727169102321,0.2725,0.7212253330793245,0.2725,16.656708264608557,0.9906380919768368,1.0,0.35,0.15,0.5
29-34-0.pt,29,34,0.5545156330507643,hard,0.07033047659484262,0.037147005036110986,0.11085742250635312,0.39458333333333334,0.7274564656108048,0.39458333333333334,18.863306306920848,0.9906380919768368,1.0,0.35,0.15,0.5
29-35-0.pt,29,35,0.5037101031227612,hard,0.06558150213745162,0.042265523756825275,0.11288896823159567,0.42041666666666666,0.7341786670230124,0.42041666666666666,17.225100494582215,0.9906380919768368,1.0,0.35,0.15,0.5
29-36-0.pt,29,36,0.5161064827288612,hard,0.07830798626913127,0.04554358148500972,0.11488324983128345,0.38958333333333334,0.7401273653023183,0.38958333333333334,17.645023187879147,0.9906380919768368,1.0,0.35,0.15,0.5
29-37-0.pt,29,37,0.5315098845701647,hard,0.0749819732990651,0.050348935602074964,0.11714558908445713,0.3491666666666667,0.7467092503837516,0.3491666666666667,18.16913523739271,0.9906380919768368,1.0,0.35,0.15,0.5
29-38-0.pt,29,38,0.5374715134729527,hard,0.08935102258567168,0.05088276226842359,0.11981091844215547,0.3908333333333333,0.752961519383595,0.3908333333333333,18.316053617958254,0.9906380919768368,1.0,0.35,0.15,0.5
29-39-0.pt,29,39,0.5396397005498009,hard,0.10646993757389019,0.05439092583804949,0.12289113905990699,0.034583333333333334,0.7588607656955356,0.034583333333333334,18.720707135958715,0.9906380919768368,1.0,0.35,0.15,0.5
29-4-0.pt,29,4,0.1986189501057624,easy,0.23919777125965636,0.15000805201738085,0.02574512391898037,0.81875,0.38594962857196613,0.81875,7.314747908840087,0.9906380919768368,1.0,0.35,0.15,0.5
29-40-0.pt,29,40,0.5858982888700868,hard,0.09104499605277275,0.05689753489105835,0.12642800187664316,0.4395833333333333,0.764997924479003,0.4395833333333333,19.800373029201317,0.9906380919768368,1.0,0.35,0.15,0.5
29-41-0.pt,29,41,0.575372320105095,hard,0.10052672724777388,0.05873261836959431,0.1310304450979039,0.4533333333333333,0.7715488460594192,0.4533333333333333,19.45089287799456,0.9906380919768368,1.0,0.35,0.15,0.5
29-42-0.pt,29,42,0.5927019508749091,hard,0.11361085172212,0.061159365645144424,0.1361320897298587,0.38916666666666666,0.7773009158126255,0.38916666666666666,20.058973083300742,0.9906380919768368,1.0,0.35,0.15,0.5
29-43-0.pt,29,43,0.6092913196985795,hard,0.1305261809670477,0.06892216844023027,0.14170875945839323,0.43083333333333335,0.7829862143304598,0.43083333333333335,20.543105779624955,0.9906380919768368,1.0,0.35,0.15,0.5
29-44-0.pt,29,44,0.6213774891682231,hard,0.13499302152919604,0.07163113135447227,0.14849145285838955,0.3591666666666667,0.7894486905317052,0.3591666666666667,20.99175981468686,0.9906380919768368,1.0,0.35,0.15,0.5
29-45-0.pt,29,45,0.6779345406307686,hard,0.1656380754037638,0.07659110262708735,0.15619174150307552,0.15583333333333332,0.7952115922822529,0.15583333333333332,22.97581252776696,0.9906380919768368,1.0,0.35,0.15,0.5
29-46-0.pt,29,46,0.7045132465574774,hard,0.16150499913147498,0.08539966439296622,0.16432475661209742,0.35791666666666666,0.8006457706656701,0.35791666666666666,23.624452077383005,0.9906380919768368,1.0,0.35,0.15,0.5
29-47-0.pt,29,47,0.6631621045378565,hard,0.18788421318042584,0.09274133189851101,0.17432994846961955,0.13541666666666666,0.8066058018686231,0.13541666666666666,22.522160265480046,0.9906380919768368,1.0,0.35,0.15,0.5
29-48-0.pt,29,48,0.7153091006931934,hard,0.18159938557689145,0.1049024757313608,0.18458430165705325,0.37,0.8117619999837241,0.37,23.95076737031172,0.9906380919768368,1.0,0.35,0.15,0.5
29-49-0.pt,29,49,0.6702888529337934,hard,0.21162125332311632,0.11222397781766809,0.1964334825683378,0.185,0.8177664143254518,0.185,22.696506642761392,0.9906380919768368,1.0,0.35,0.15,0.5
29-5-0.pt,29,5,0.216500388261523,medium,0.2384312937447843,0.1347446326114859,0.03101693091807539,0.13333333333333333,0.41409658652455894,0.13333333333333333,8.521168085915033,0.9906380919768368,1.0,0.35,0.15,0.5
29-50-0.pt,29,50,0.695457406505801,hard,0.22862789351782117,0.1261560765809752,0.20870550584621658,0.35125,0.8228444053638168,0.35125,23.334606562018305,0.9906380919768368,1.0,0.35,0.15,0.5
29-6-0.pt,29,6,0.23444863403910732,medium,0.1679422829555241,0.12763961890512968,0.03498502189185234,0.7595833333333334,0.4376210421842648,0.7595833333333334,8.485989787523796,0.9906380919768368,1.0,0.35,0.15,0.5
29-7-0.pt,29,7,0.22286356305339908,medium,0.1370208146868918,0.11603996774109224,0.03902760517486126,0.5429166666666667,0.45819851420027574,0.5429166666666667,8.316029710303143,0.9906380919768368,1.0,0.35,0.15,0.5
29-8-0.pt,29,8,0.24273215721598532,medium,0.11632347463279816,0.10713542120115221,0.04321230674739462,0.70875,0.4766679054480042,0.70875,8.781024509828532,0.9906380919768368,1.0,0.35,0.15,0.5
29-9-0.pt,29,9,0.2384525847806183,medium,0.10531912424872178,0.10235825739829595,0.047084122872750836,0.67625,0.49336455605822904,0.67625,8.669395855154992,0.9906380919768368,1.0,0.35,0.15,0.5
3-10-0.pt,3,10,0.03900030051798176,easy,0.5945285770571284,0.06717257278767079,0.0006559476964092042,0.9779166666666667,0.21541866444752958,0.9779166666666667,2.171825905285603,0.9906380919768368,0.0,0.35,0.15,0.5
3-11-0.pt,3,11,0.036334376135911686,easy,0.5538188329973092,0.05050725921226767,0.0010829215848856177,0.5654166666666667,0.22686451395976498,0.5654166666666667,2.47435909573198,0.9906380919768368,0.0,0.35,0.15,0.5
3-12-0.pt,3,12,0.04870073542561406,easy,0.5318225970783527,0.03870447457161552,0.0016524652266843025,0.9516666666666667,0.23743710779798594,0.9516666666666667,2.495373184276935,0.9906380919768368,0.0,0.35,0.15,0.5
3-13-0.pt,3,13,0.05010781946237662,easy,0.4711500906298748,0.022045183645464116,0.002021606550845792,0.9704166666666667,0.24730478270536074,0.9704166666666667,2.5181673452569218,0.9906380919768368,0.0,0.35,0.15,0.5
3-14-0.pt,3,14,0.022203198691119815,easy,0.4884357224577418,0.013437467398223251,0.002531421367773962,0.40291666666666665,0.2563989147282726,0.40291666666666665,2.168583644633924,0.9906380919768368,0.0,0.35,0.15,0.5
3-15-0.pt,3,15,0.03245252143319467,easy,0.4572496116395228,0.0065008802648325896,0.0031184362881885547,0.9745833333333334,0.2649541704925008,0.9745833333333334,1.94721468470563,0.9906380919768368,0.0,0.35,0.15,0.5
3-16-0.pt,3,16,0.03953653435742802,easy,0.4539680741184664,0.00411944191912368,0.00399668949282061,0.8625,0.27288611660312007,0.8625,2.275043551448564,0.9906380919768368,0.0,0.35,0.15,0.5
3-17-0.pt,3,17,0.05182029391213941,easy,0.4558935325092816,0.0075296845689779195,0.004716584842699481,0.96375,0.2804302717655673,0.96375,2.565315667362064,0.9906380919768368,0.0,0.35,0.15,0.5
3-18-0.pt,3,18,0.03541922194667938,easy,0.43615550795170355,0.011553519686481481,0.004538876101950368,0.4870833333333333,0.28778615089546006,0.4870833333333333,2.4949349938808902,0.9906380919768368,0.0,0.35,0.15,0.5
3-19-0.pt,3,19,0.04951660844303999,easy,0.4306579506815182,0.018960591961071343,0.004903085460506856,0.9716666666666667,0.29467277718202467,0.9716666666666667,2.4789562031596546,0.9906380919768368,0.0,0.35,0.15,0.5
3-2-0.pt,3,2,0.04225086490512094,easy,0.8798802068571481,0.24851864853566757,0.01696542908076797,0.99,0.039149260418402505,0.99,2.335158738528444,0.9906380919768368,0.0,0.35,0.15,0.5
3-20-0.pt,3,20,0.038055668581250396,easy,0.4978337765077862,0.03218346730789042,0.005900899780389525,0.7483333333333333,0.30090567481613106,0.7483333333333333,2.3251009499232977,0.9906380919768368,0.0,0.35,0.15,0.5
3-21-0.pt,3,21,0.027405696230556907,easy,0.5550689317655649,0.038645740550849794,0.006076954543562037,0.95875,0.3070930730621613,0.95875,1.7850762727472913,0.9906380919768368,0.0,0.35,0.15,0.5
3-22-0.pt,3,22,0.021031114999551875,easy,0.5784694651420575,0.049649190584378666,0.006514400173151815,0.79125,0.3130094879461334,0.79125,1.7396066833972228,0.9906380919768368,0.0,0.35,0.15,0.5
3-23-0.pt,3,23,0.04014943841255171,easy,0.5583488160850676,0.05809024162535009,0.006952407726099086,0.9658333333333333,0.3187548152955453,0.9658333333333333,2.177681186525767,0.9906380919768368,0.0,0.35,0.15,0.5
3-24-0.pt,3,24,0.041404331378297896,easy,0.5703446326421794,0.0607853540344974,0.007215286207490024,0.9679166666666666,0.3242467088944728,0.9679166666666666,2.213257726588532,0.9906380919768368,0.0,0.35,0.15,0.5
3-25-0.pt,3,25,0.03459780682281031,easy,0.5657627620487776,0.06883485730906154,0.007796061615284671,0.58,0.3294900789848563,0.58,2.363680321773306,0.9906380919768368,0.0,0.35,0.15,0.5
3-26-0.pt,3,26,0.06082816541211797,easy,0.5236354747064557,0.07068810894954754,0.008070415989064246,0.96,0.33468956254948945,0.96,2.8324150032316973,0.9906380919768368,0.0,0.35,0.15,0.5
3-27-0.pt,3,27,0.06476823438137806,easy,0.5350312566620443,0.07382638342619041,0.008824897059078747,0.9741666666666666,0.33958469276407927,0.9741666666666666,2.94190107623019,0.9906380919768368,0.0,0.35,0.15,0.5
3-28-0.pt,3,28,0.06664349229090173,easy,0.5226124603166643,0.07894853671332994,0.00934828815734934,0.8083333333333333,0.3443581646569772,0.8083333333333333,3.156899200882736,0.9906380919768368,0.0,0.35,0.15,0.5
3-29-0.pt,3,29,0.06867662618470337,easy,0.47454807165597856,0.08617493471181939,0.010242688840728677,0.97375,0.34892046333988513,0.97375,3.06242423278428,0.9906380919768368,0.0,0.35,0.15,0.5
3-3-0.pt,3,3,0.05085216513770471,easy,0.8436806736235197,0.2044666749151621,0.0132824673648483,0.99375,0.07910183722907145,0.99375,2.588066926317144,0.9906380919768368,0.0,0.35,0.15,0.5
3-30-0.pt,3,30,0.0672042263611532,easy,0.44595836230812697,0.08998338007968307,0.011366265524775888,0.6191666666666666,0.3533958064286678,0.6191666666666666,3.3506390882372203,0.9906380919768368,0.0,0.35,0.15,0.5
3-31-0.pt,3,31,0.06283849124549215,easy,0.435322564665638,0.1016425265363051,0.01298866887933795,0.9683333333333334,0.357681358040061,0.9683333333333334,2.8788873777387676,0.9906380919768368,0.0,0.35,0.15,0.5
3-32-0.pt,3,32,0.06403594410740283,easy,0.43180061433877615,0.10534588918369414,0.013719213625641945,0.9420833333333334,0.3617668383339971,0.9420833333333334,2.9401211844830186,0.9906380919768368,0.0,0.35,0.15,0.5
3-33-0.pt,3,33,0.04909811068550696,easy,0.42580914897882144,0.1075238164308199,0.014615198492493257,0.34208333333333335,0.365824307838042,0.34208333333333335,3.0346002086723356,0.9906380919768368,0.0,0.35,0.15,0.5
3-34-0.pt,3,34,0.06238623090017311,easy,0.45071778904301574,0.11469596547597771,0.015817197595629117,0.8716666666666667,0.3696720398451882,0.8716666666666667,2.9514646940464146,0.9906380919768368,0.0,0.35,0.15,0.5
3-35-0.pt,3,35,0.07389682981488017,easy,0.46675421672809003,0.11389100847756209,0.01620488130679202,0.9654166666666667,0.37367327205098727,0.9654166666666667,3.2257856307841806,0.9906380919768368,0.0,0.35,0.15,0.5
3-36-0.pt,3,36,0.09118807258069893,easy,0.46576075026882174,0.12081219715351076,0.017350469526869958,0.9641666666666666,0.3774377696750179,0.9641666666666666,3.7737099850596723,0.9906380919768368,0.0,0.35,0.15,0.5
3-37-0.pt,3,37,0.08982409731218893,easy,0.43542958285030164,0.12772226913111667,0.018588324463926508,0.66125,0.38108862253489045,0.66125,4.016634092981965,0.9906380919768368,0.0,0.35,0.15,0.5
3-38-0.pt,3,38,0.08639742989070112,easy,0.4511036506849584,0.1386283015475989,0.0197827093424944,0.9604166666666667,0.3846849745686369,0.9604166666666667,3.6224202656815327,0.9906380919768368,0.0,0.35,0.15,0.5
3-39-0.pt,3,39,0.10341278508891842,easy,0.45069618137973755,0.13460566114378456,0.01987492302818724,0.9629166666666666,0.38818469985142195,0.9629166666666666,4.158143443456133,0.9906380919768368,0.0,0.35,0.15,0.5
3-4-0.pt,3,4,0.04310369015690236,easy,0.7724512593586234,0.1638438602371766,0.00992191159367784,0.9983333333333333,0.10950427512207361,0.9983333333333333,2.3256530856741557,0.9906380919768368,0.0,0.35,0.15,0.5
3-40-0.pt,3,40,0.07077009047493336,easy,0.43896762734983286,0.1290930667085322,0.019888298634295972,0.1975,0.3916574319964431,0.1975,3.8485606955693887,0.9906380919768368,0.0,0.35,0.15,0.5
3-41-0.pt,3,41,0.10044144385082329,easy,0.44989083825024273,0.12718003117489782,0.020473178248105496,0.8745833333333334,0.39511270916565217,0.8745833333333334,4.144992779206666,0.9906380919768368,0.0,0.35,0.15,0.5
3-42-0.pt,3,42,0.10994340389584344,easy,0.44824363373112264,0.13771201256539511,0.021758476923199137,0.9670833333333333,0.3983449303039983,0.9670833333333333,4.357123960716729,0.9906380919768368,0.0,0.35,0.15,0.5
3-43-0.pt,3,43,0.10506224284319965,easy,0.46232985397440035,0.1389413903405681,0.022597055749698804,0.9633333333333334,0.40144530848032,0.9633333333333334,4.2046517854046135,0.9906380919768368,0.0,0.35,0.15,0.5
3-44-0.pt,3,44,0.10085664199605252,easy,0.4613036829360161,0.14953634436260957,0.024091581035741688,0.5483333333333333,0.40446372266484554,0.5483333333333333,4.464168940906503,0.9906380919768368,0.0,0.35,0.15,0.5
3-45-0.pt,3,45,0.11320036851358556,easy,0.479646005416014,0.15025791698865468,0.024839017222275273,0.9733333333333334,0.40752457570740547,0.9733333333333334,4.450724387147815,0.9906380919768368,0.0,0.35,0.15,0.5
3-46-0.pt,3,46,0.10764436698785612,easy,0.48548097654961553,0.15417976543511702,0.025652905299091294,0.9545833333333333,0.4104699578996183,0.9545833333333333,4.291161953331498,0.9906380919768368,0.0,0.35,0.15,0.5
3-47-0.pt,3,47,0.12193765081756229,easy,0.49652578977799294,0.1644880183782548,0.027244427741943668,0.84875,0.4134500613961975,0.84875,4.843661967051128,0.9906380919768368,0.0,0.35,0.15,0.5
3-48-0.pt,3,48,0.09824509035610078,easy,0.5135489665872541,0.18562286819997514,0.029600161539116474,0.07083333333333333,0.4161945387869218,0.07083333333333333,4.830036154928877,0.9906380919768368,0.0,0.35,0.15,0.5
3-49-0.pt,3,49,0.12767089756079347,easy,0.5197147461265167,0.19982643669122702,0.0314529657953755,0.96625,0.41900834602175957,0.96625,4.911607651544911,0.9906380919768368,0.0,0.35,0.15,0.5
3-5-0.pt,3,5,0.04909923868233863,easy,0.8021643152725356,0.1303538663050007,0.006885688328255224,0.9625,0.13421726848739107,0.9625,2.539730091346212,0.9906380919768368,0.0,0.35,0.15,0.5
3-50-0.pt,3,50,0.12497855258961227,easy,0.535124722116064,0.230114173749837,0.0358264562761127,0.83125,0.42140038625912163,0.83125,4.953465517276148,0.9906380919768368,0.0,0.35,0.15,0.5
3-6-0.pt,3,6,0.04708642057835422,easy,0.7346742280547071,0.10728517006014163,0.004856075803102313,0.9375,0.1549394744004131,0.9375,2.4912149470229044,0.9906380919768368,0.0,0.35,0.15,0.5
3-7-0.pt,3,7,0.042661113589712446,easy,0.7024400236645624,0.08788803200436182,0.002981339683350089,0.9695833333333334,0.17282669726506306,0.9695833333333334,2.3131505334497136,0.9906380919768368,0.0,0.35,0.15,0.5
3-8-0.pt,3,8,0.03421084616317453,easy,0.6158719868832102,0.07833884746607298,0.0019761859334043383,0.8591666666666666,0.18850014015645306,0.8591666666666666,2.143686237918364,0.9906380919768368,0.0,0.35,0.15,0.5
3-9-0.pt,3,9,0.05974873620817029,easy,0.5854387192368441,0.07258480502594661,0.0011957079450498381,0.9620833333333333,0.2025014512735183,0.9620833333333333,2.8500086356393934,0.9906380919768368,0.0,0.35,0.15,0.5
30-10-0.pt,30,10,0.25574162409083606,medium,0.11104550229733942,0.09422449421689123,0.05296771441029659,0.6425,0.5141733901985102,0.6425,9.241176541759538,0.9906380919768368,1.0,0.35,0.15,0.5
30-11-0.pt,30,11,0.24983389394600056,medium,0.0647984440964763,0.0852181711346621,0.056493309492471465,0.01,0.5283297027687714,0.01,9.6487342988347,0.9906380919768368,1.0,0.35,0.15,0.5
30-12-0.pt,30,12,0.2745090836835289,medium,0.05403595293471421,0.0832616796777382,0.060004803853003975,0.59625,0.5418737423707078,0.59625,9.868900502044939,0.9906380919768368,1.0,0.35,0.15,0.5
30-13-0.pt,30,13,0.2928476171741926,medium,0.050918988713792586,0.07277320414491563,0.06340736030628276,0.6341666666666667,0.5546060049677224,0.6341666666666667,10.409188687258613,0.9906380919768368,1.0,0.35,0.15,0.5
30-14-0.pt,30,14,0.2935803016733727,medium,0.07312211900609883,0.07266612367156818,0.06663747374690429,0.5775,0.5661543008093917,0.5775,10.481532986250993,0.9906380919768368,1.0,0.35,0.15,0.5
30-15-0.pt,30,15,0.309913896629428,medium,0.05593351572843494,0.0695797689730571,0.06975483066125207,0.5954166666666667,0.577796060899072,0.5954166666666667,10.977685151733652,0.9906380919768368,1.0,0.35,0.15,0.5
30-16-0.pt,30,16,0.31236830955240436,medium,0.05719949447603097,0.06597309311786202,0.07270478294254824,0.37041666666666667,0.5890747585742732,0.37041666666666667,11.264585999677681,0.9906380919768368,1.0,0.35,0.15,0.5
30-17-0.pt,30,17,0.3219119383018206,medium,0.05113080865865851,0.05935055676193711,0.07539716053522548,0.6941666666666667,0.599347129751621,0.6941666666666667,11.255571227838491,0.9906380919768368,1.0,0.35,0.15,0.5
30-18-0.pt,30,18,0.34804419767185607,medium,0.03920081200285211,0.05722749476220422,0.07811782287001556,0.56,0.6090546496765972,0.56,12.207628807993842,0.9906380919768368,1.0,0.35,0.15,0.5
30-19-0.pt,30,19,0.3520596203463286,medium,0.044406211219349775,0.054607144974960005,0.08104849870356774,0.6625,0.6188923661744276,0.6625,12.23360864703495,0.9906380919768368,1.0,0.35,0.15,0.5
30-2-0.pt,30,2,0.20026897763557672,easy,0.5279930832088011,0.1986097633973066,0.019813524237102642,0.6970833333333334,0.31224847386105,0.6970833333333334,7.51260039335392,0.9906380919768368,1.0,0.35,0.15,0.5
30-20-0.pt,30,20,0.3677510932032011,medium,0.05019078145658363,0.049622523986229024,0.08367126290271872,0.6858333333333333,0.6281644745397581,0.6858333333333333,12.705221035514752,0.9906380919768368,1.0,0.35,0.15,0.5
30-21-0.pt,30,21,0.3653248109860945,medium,0.046343096672860774,0.0475259829619713,0.0860518909877154,0.6983333333333334,0.6373582469639671,0.6983333333333334,12.612676566985014,0.9906380919768368,1.0,0.35,0.15,0.5
30-22-0.pt,30,22,0.37551886741867574,medium,0.03825312401237584,0.04312277142927793,0.08843260453930227,0.43333333333333335,0.6459814236361302,0.43333333333333335,13.184051399329142,0.9906380919768368,1.0,0.35,0.15,0.5
30-23-0.pt,30,23,0.397955347528179,medium,0.03283491892318627,0.040594297931334504,0.09094100536995975,0.7116666666666667,0.65384276733453,0.7116666666666667,13.627952458233494,0.9906380919768368,1.0,0.35,0.15,0.5
30-24-0.pt,30,24,0.45651977598588644,hard,0.04968644088563711,0.03569305387422263,0.09365298720529157,0.6820833333333334,0.6618522998578219,0.6820833333333334,15.509742362128948,0.9906380919768368,1.0,0.35,0.15,0.5
30-25-0.pt,30,25,0.39637234470269,medium,0.008321850343361843,0.032559706030540925,0.09587916540285339,0.027083333333333334,0.6702150759615124,0.027083333333333334,14.221196362854814,0.9906380919768368,1.0,0.35,0.15,0.5
30-26-0.pt,30,26,0.41278337035504786,medium,0.01946601737853171,0.03073125999004304,0.09815142688676046,0.14125,0.6777795073695682,0.14125,14.63006121070407,0.9906380919768368,1.0,0.35,0.15,0.5
30-27-0.pt,30,27,0.4351583413313526,medium,0.005384251835589338,0.028024440489607384,0.10053415259325832,0.22333333333333333,0.6857631581190539,0.22333333333333333,15.258327064473285,0.9906380919768368,1.0,0.35,0.15,0.5
30-28-0.pt,30,28,0.4554064361248957,hard,0.01464734000342542,0.02520794427910852,0.10275093299316553,0.63625,0.6930877312255193,0.63625,15.505253047125203,0.9906380919768368,1.0,0.35,0.15,0.5
30-29-0.pt,30,29,0.44622986150750754,medium,0.02081223772163702,0.025992117831999163,0.1050780463082734,0.17875,0.7008950772767645,0.17875,15.645561202385121,0.9906380919768368,1.0,0.35,0.15,0.5
30-3-0.pt,30,3,0.2134615517511235,medium,0.4043676299113632,0.1723770277672181,0.022228753054391082,0.91625,0.35623943311765505,0.91625,7.704878643715158,0.9906380919768368,1.0,0.35,0.15,0.5
30-30-0.pt,30,30,0.4745094006274115,hard,0.024155169895837384,0.026976748758234328,0.10705403308476502,0.12583333333333332,0.7078671560120698,0.12583333333333332,16.58966040470263,0.9906380919768368,1.0,0.35,0.15,0.5
30-31-0.pt,30,31,0.5135092759565606,hard,0.025620570006332038,0.026861949731429507,0.10924873662186417,0.10666666666666667,0.7148708980510282,0.10666666666666667,17.841616309829146,0.9906380919768368,1.0,0.35,0.15,0.5
30-32-0.pt,30,32,0.49900722803883957,hard,0.04447276671411139,0.029772618721037515,0.11132334541954164,0.5008333333333334,0.7218942371173335,0.5008333333333334,17.004615576167513,0.9906380919768368,1.0,0.35,0.15,0.5
30-33-0.pt,30,33,0.505841210151842,hard,0.03874461551074156,0.030346813826215947,0.11345827398304,0.4295833333333333,0.7284404369497319,0.4295833333333333,17.28630390130201,0.9906380919768368,1.0,0.35,0.15,0.5
30-34-0.pt,30,34,0.526848182072994,hard,0.04964510191427059,0.03330894915354872,0.11556234156711997,0.4825,0.7351386977760185,0.4825,17.89941402214161,0.9906380919768368,1.0,0.35,0.15,0.5
30-35-0.pt,30,35,0.5274442904444065,hard,0.061806203334306434,0.04013319646670656,0.117601183936016,0.17666666666666667,0.7417394953015077,0.17666666666666667,18.206057485916265,0.9906380919768368,1.0,0.35,0.15,0.5
30-36-0.pt,30,36,0.526383366903087,hard,0.06985453201367292,0.04352219568138943,0.11967616484626664,0.09583333333333334,0.7481310288427908,0.09583333333333334,18.246578312228316,0.9906380919768368,1.0,0.35,0.15,0.5
30-37-0.pt,30,37,0.5510431022901384,hard,0.06718654044988279,0.0463083483696756,0.12195400409271746,0.35375,0.754632609578241,0.35375,18.780915862616702,0.9906380919768368,1.0,0.35,0.15,0.5
30-38-0.pt,30,38,0.5607973213630305,hard,0.07783411632983253,0.04997731945768782,0.12446507068647952,0.25083333333333335,0.7608755696599804,0.25083333333333335,19.185393871093005,0.9906380919768368,1.0,0.35,0.15,0.5
30-39-0.pt,30,39,0.5710704282190495,hard,0.08845967750271017,0.0534878915637599,0.12773818170031584,0.2875,0.7674661361264451,0.2875,19.473630734629015,0.9906380919768368,1.0,0.35,0.15,0.5
30-4-0.pt,30,4,0.2127064551507101,medium,0.25669752828962306,0.15473916881081612,0.027759946686545918,0.8545833333333334,0.39074263214058813,0.8545833333333334,7.725454357803854,0.9906380919768368,1.0,0.35,0.15,0.5
30-40-0.pt,30,40,0.5849918619154174,hard,0.09060683201355269,0.05750159581835083,0.13130412244814768,0.3779166666666667,0.7732296547617241,0.3779166666666667,19.826842447536972,0.9906380919768368,1.0,0.35,0.15,0.5
30-41-0.pt,30,41,0.5914351330952706,hard,0.09358435407912744,0.05849815375613738,0.13572729065421138,0.03833333333333333,0.7800888820195764,0.03833333333333333,20.350832141738753,0.9906380919768368,1.0,0.35,0.15,0.5
30-42-0.pt,30,42,0.6249040467872183,hard,0.09808417329286356,0.05922396571662953,0.14074140044208097,0.43625,0.786050233631069,0.43625,21.031762103333108,0.9906380919768368,1.0,0.35,0.15,0.5
30-43-0.pt,30,43,0.6368753460721043,hard,0.15624515026048938,0.06803158400842649,0.14682105378923938,0.4404166666666667,0.7921503311160262,0.4404166666666667,21.404907713071484,0.9906380919768368,1.0,0.35,0.15,0.5
30-44-0.pt,30,44,0.6991785522711702,hard,0.12110528523164628,0.07078327728563959,0.15333751639556376,0.37833333333333335,0.7981868482180339,0.37833333333333335,23.436912459923047,0.9906380919768368,1.0,0.35,0.15,0.5
30-45-0.pt,30,45,0.713888527917119,hard,0.14771463360740278,0.0749496834753585,0.16116885712801693,0.3883333333333333,0.804037585672381,0.3883333333333333,23.891457788004335,0.9906380919768368,1.0,0.35,0.15,0.5
30-46-0.pt,30,46,0.6736734920602168,hard,0.15653653209057314,0.08340921354470199,0.16974740009364658,0.035833333333333335,0.8091709822214395,0.035833333333333335,22.948977878583555,0.9906380919768368,1.0,0.35,0.15,0.5
30-47-0.pt,30,47,0.7441252153687601,hard,0.17074942271124446,0.09178867265955197,0.18009423412402623,0.35875,0.8154878893765612,0.35875,24.873633498525752,0.9906380919768368,1.0,0.35,0.15,0.5
30-48-0.pt,30,48,0.7399856422095367,hard,0.18556804033598434,0.09792466998330004,0.19150575708847165,0.08833333333333333,0.8214456295402187,0.08833333333333333,24.99674731619221,0.9906380919768368,1.0,0.35,0.15,0.5
30-49-0.pt,30,49,0.7121954928208586,hard,0.19901615951307108,0.10939248922792646,0.20345823274132305,0.27375,0.8270446318493155,0.27375,23.937223430788695,0.9906380919768368,1.0,0.35,0.15,0.5
30-5-0.pt,30,5,0.21910904606685636,medium,0.1899795998239489,0.137510055303022,0.03259725183991672,0.7770833333333333,0.41875734590845,0.7770833333333333,7.990662003257124,0.9906380919768368,1.0,0.35,0.15,0.5
30-50-0.pt,30,50,0.7661602180995001,hard,0.24532348801155693,0.1184222504229769,0.21683963900340944,0.19708333333333333,0.8329110848760475,0.19708333333333333,25.718750245021994,0.9906380919768368,1.0,0.35,0.15,0.5
30-6-0.pt,30,6,0.23673998538067187,medium,0.16995539655533518,0.1286714358571212,0.03688204047707234,0.7429166666666667,0.44250565727278407,0.7429166666666667,8.572482987205488,0.9906380919768368,1.0,0.35,0.15,0.5
30-7-0.pt,30,7,0.230779465089335,medium,0.13051467680506135,0.11659956301323549,0.04107614217392159,0.7158333333333333,0.4631159806071053,0.7158333333333333,8.400818333114612,0.9906380919768368,1.0,0.35,0.15,0.5
30-8-0.pt,30,8,0.2377098411570068,medium,0.11217718921433112,0.1070073471440523,0.045537896414729405,0.65375,0.48164597720510494,0.65375,8.67198095096057,0.9906380919768368,1.0,0.35,0.15,0.5
30-9-0.pt,30,9,0.2558874556088205,medium,0.11413802660072359,0.10515955420411877,0.04943376723366894,0.5695833333333333,0.4987898002039735,0.5695833333333333,9.321305294561123,0.9906380919768368,1.0,0.35,0.15,0.5
31-10-0.pt,31,10,0.26370310639621203,medium,0.10865659063451359,0.09396947768709966,0.0554001766904504,0.6083333333333333,0.5192386520430856,0.6083333333333333,9.52400282764044,0.9906380919768368,1.0,0.35,0.15,0.5
31-11-0.pt,31,11,0.2728605886728702,medium,0.07625038435995876,0.0862735296202751,0.05924284110891851,0.74,0.5334177755554418,0.74,9.68356227287656,0.9906380919768368,1.0,0.35,0.15,0.5
31-12-0.pt,31,12,0.29215316485839615,medium,0.06440263492286069,0.08314358086541383,0.06284250905181793,0.65625,0.5474572533663637,0.65625,10.369107478774055,0.9906380919768368,1.0,0.35,0.15,0.5
31-13-0.pt,31,13,0.3121466868984877,medium,0.06713312878717842,0.07628122213078288,0.06633957948543612,0.6233333333333333,0.5597451247886274,0.6233333333333333,11.029318237473571,0.9906380919768368,1.0,0.35,0.15,0.5
31-14-0.pt,31,14,0.30010475086034427,medium,0.07165138017954377,0.07107432695679433,0.06957898125652545,0.63125,0.5717719543933695,0.63125,10.635080811492125,0.9906380919768368,1.0,0.35,0.15,0.5
31-15-0.pt,31,15,0.3100886409983336,medium,0.06622043016728077,0.07063435886908502,0.07287702792810992,0.005,0.5838174828342583,0.005,11.541452721851623,0.9906380919768368,1.0,0.35,0.15,0.5
31-16-0.pt,31,16,0.32534914457125186,medium,0.045055655495936056,0.06648318821520192,0.07578644968529549,0.5120833333333333,0.5946367461939573,0.5120833333333333,11.53938676088844,0.9906380919768368,1.0,0.35,0.15,0.5
31-17-0.pt,31,17,0.3419230911221944,medium,0.043463014195846104,0.06156807428604816,0.0787100859884301,0.5945833333333334,0.6050699537449065,0.5945833333333334,11.982321563790503,0.9906380919768368,1.0,0.35,0.15,0.5
31-18-0.pt,31,18,0.3615408049562218,medium,0.060202820029368276,0.05935990703777039,0.08162399413151894,0.5841666666666666,0.6154408782714796,0.5841666666666666,12.610029715537657,0.9906380919768368,1.0,0.35,0.15,0.5
31-19-0.pt,31,19,0.35953363217304335,medium,0.04623179761226679,0.055013715386279985,0.0843735154430239,0.27208333333333334,0.6250433088587659,0.27208333333333334,12.838842109109201,0.9906380919768368,1.0,0.35,0.15,0.5
31-2-0.pt,31,2,0.20352636715757394,easy,0.5165379889734307,0.22462245106937545,0.021389486828944378,0.9508333333333333,0.3165176679080557,0.9508333333333333,7.373179329993912,0.9906380919768368,1.0,0.35,0.15,0.5
31-20-0.pt,31,20,0.3696944092581386,medium,0.06336746328961733,0.05195080238394626,0.08712202774247503,0.16666666666666666,0.6344668669083781,0.16666666666666666,13.257290849733687,0.9906380919768368,1.0,0.35,0.15,0.5
31-21-0.pt,31,21,0.38693423459089804,medium,0.037258441245475456,0.04652064047059911,0.08954141581244675,0.6866666666666666,0.6434683020728993,0.6866666666666666,13.306458844966572,0.9906380919768368,1.0,0.35,0.15,0.5
31-22-0.pt,31,22,0.3899199123424607,medium,0.03523641740216096,0.04406194758739768,0.09215321262621631,0.16583333333333333,0.6519962862983562,0.16583333333333333,13.892256720238665,0.9906380919768368,1.0,0.35,0.15,0.5
31-23-0.pt,31,23,0.38841030878307764,medium,0.010162825172412498,0.039797246778209255,0.09454242203782104,0.12291666666666666,0.6604294299237375,0.12291666666666666,13.88171312509662,0.9906380919768368,1.0,0.35,0.15,0.5
31-24-0.pt,31,24,0.4155639026777026,medium,0.021273346678903307,0.036930767191664375,0.09745302991845516,0.6541666666666667,0.6686613740781779,0.6541666666666667,14.234855971163292,0.9906380919768368,1.0,0.35,0.15,0.5
31-25-0.pt,31,25,0.4504724125694337,hard,0.018236198773264007,0.03242966362869657,0.10007775315138925,0.69375,0.6766374739008781,0.69375,15.300896672475067,0.9906380919768368,1.0,0.35,0.15,0.5
31-26-0.pt,31,26,0.44447570763636063,medium,0.02485594377173117,0.02986905056695135,0.10237745763767073,0.6054166666666667,0.6844074900356368,0.6054166666666667,15.191475323126957,0.9906380919768368,1.0,0.35,0.15,0.5
31-27-0.pt,31,27,0.44132857359570465,medium,0.0036103923151952076,0.02849989700216578,0.10463469610252508,0.14583333333333334,0.6926396926209523,0.14583333333333334,15.524770006811838,0.9906380919768368,1.0,0.35,0.15,0.5
31-28-0.pt,31,28,0.46811963144278734,hard,0.02345778730317427,0.026359507025707014,0.10696671969312078,0.5791666666666667,0.7003249140989943,0.5791666666666667,15.959624704873656,0.9906380919768368,1.0,0.35,0.15,0.5
31-29-0.pt,31,29,0.4865558662007747,hard,0.0174666305994445,0.022795536595846263,0.10924352319074149,0.5420833333333334,0.7079398733810499,0.5420833333333334,16.57631571091651,0.9906380919768368,1.0,0.35,0.15,0.5
31-3-0.pt,31,3,0.21223711745026833,medium,0.4058962265446617,0.17820761253172457,0.023207727017091218,0.85875,0.3605997186761965,0.85875,7.718883534701793,0.9906380919768368,1.0,0.35,0.15,0.5
31-30-0.pt,31,30,0.49510087985436657,hard,0.025266417708458805,0.02432756057473451,0.1113102119126405,0.5308333333333334,0.7148073741959523,0.5308333333333334,16.85514872585284,0.9906380919768368,1.0,0.35,0.15,0.5
31-31-0.pt,31,31,0.49983400775879644,hard,0.047882756295114806,0.02544929594319927,0.1135947867072213,0.48625,0.7223604571550748,0.48625,17.04449007196862,0.9906380919768368,1.0,0.35,0.15,0.5
31-32-0.pt,31,32,0.49760718993788533,hard,0.035374726641486276,0.02551018163588027,0.11577187232019943,0.11166666666666666,0.7290568787136628,0.11166666666666666,17.326872556106103,0.9906380919768368,1.0,0.35,0.15,0.5
31-33-0.pt,31,33,0.520695345162107,hard,0.04383164905750802,0.028369973090812718,0.11811482377657861,0.27875,0.7358945818165791,0.27875,17.897499829477475,0.9906380919768368,1.0,0.35,0.15,0.5
31-34-0.pt,31,34,0.5441024256772432,hard,0.06096554068567653,0.03236389690452719,0.12029033583560647,0.4575,0.742602222860708,0.4575,18.467213477551187,0.9906380919768368,1.0,0.35,0.15,0.5
31-35-0.pt,31,35,0.5433798894204862,hard,0.06455942298500418,0.035189822340475796,0.1224488736798192,0.4058333333333333,0.7494440736437171,0.4058333333333333,18.49058304669807,0.9906380919768368,1.0,0.35,0.15,0.5
31-36-0.pt,31,36,0.543026526719792,hard,0.07477871727453908,0.041323847765312414,0.12443619952473244,0.33208333333333334,0.7559626891595114,0.33208333333333334,18.546760891622718,0.9906380919768368,1.0,0.35,0.15,0.5
31-37-0.pt,31,37,0.5683020804307778,hard,0.07306954489719884,0.044535155629484985,0.1267453812441064,0.38333333333333336,0.7626698206634903,0.38333333333333336,19.296797985160968,0.9906380919768368,1.0,0.35,0.15,0.5
31-38-0.pt,31,38,0.563940092242222,hard,0.07675443735199473,0.04881264429616262,0.1293658666312134,0.022916666666666665,0.7692547192627821,0.022916666666666665,19.498070945573502,0.9906380919768368,1.0,0.35,0.15,0.5
31-39-0.pt,31,39,0.5973484751096357,hard,0.08637400105566036,0.050266228125296124,0.13246047344264772,0.34041666666666665,0.7753090987942931,0.34041666666666665,20.25340982329874,0.9906380919768368,1.0,0.35,0.15,0.5
31-4-0.pt,31,4,0.18918683178936926,easy,0.24893859810591032,0.15803011595871533,0.029277087689404957,0.02625,0.3951512945050282,0.02625,7.764511906977897,0.9906380919768368,1.0,0.35,0.15,0.5
31-40-0.pt,31,40,0.617169835745757,hard,0.08933814409325325,0.05561517644311441,0.1361062174919939,0.17041666666666666,0.7819937410084091,0.17041666666666666,21.040620581437732,0.9906380919768368,1.0,0.35,0.15,0.5
31-41-0.pt,31,41,0.6612915041288101,hard,0.09822563052177907,0.0580681588965552,0.14045644088479245,0.06458333333333334,0.7884849299076165,0.06458333333333334,22.537487783234354,0.9906380919768368,1.0,0.35,0.15,0.5
31-42-0.pt,31,42,0.6557998753431524,hard,0.1306182819741608,0.05888917444028556,0.14542482637907714,0.19291666666666665,0.7947826093594538,0.19291666666666665,22.238927388646115,0.9906380919768368,1.0,0.35,0.15,0.5
31-43-0.pt,31,43,0.7167771801438205,hard,0.11664212550477154,0.06366929241049069,0.15148414067789764,0.36583333333333334,0.8008491004808346,0.36583333333333334,24.005715292463293,0.9906380919768368,1.0,0.35,0.15,0.5
31-44-0.pt,31,44,0.6851827045309298,hard,0.11847607493388229,0.06882944558921712,0.15845899989923315,0.36625,0.8069697160998953,0.36625,23.001033393241958,0.9906380919768368,1.0,0.35,0.15,0.5
31-45-0.pt,31,45,0.6831202799292355,hard,0.1405956548987118,0.071822420541654,0.16640534146438732,0.38375,0.812588800130822,0.38375,22.916732786061132,0.9906380919768368,1.0,0.35,0.15,0.5
31-46-0.pt,31,46,0.6932232243964336,hard,0.1483047297870068,0.08144435323478413,0.1755225236760724,0.34541666666666665,0.8185797895884398,0.34541666666666665,23.27104042630075,0.9906380919768368,1.0,0.35,0.15,0.5
31-47-0.pt,31,47,0.7527823008625609,hard,0.16558797582228202,0.0868977700444522,0.1862415395857097,0.36375,0.8245361254263517,0.36375,25.139701065368957,0.9906380919768368,1.0,0.35,0.15,0.5
31-48-0.pt,31,48,0.7819372152888175,hard,0.1788438655686108,0.09309246794189759,0.1980957935918859,0.40375,0.8308227141034016,0.40375,26.023599125374364,0.9906380919768368,1.0,0.35,0.15,0.5
31-49-0.pt,31,49,0.7715243531503618,hard,0.2158068884756929,0.10508810470967969,0.21103873632905115,0.04958333333333333,0.8367019870793004,0.04958333333333333,26.027363426305683,0.9906380919768368,1.0,0.35,0.15,0.5
31-5-0.pt,31,5,0.23041273085458727,medium,0.2102113227945089,0.14533171517356083,0.03423782546735331,0.8175,0.42341289303027896,0.8175,8.308802763127868,0.9906380919768368,1.0,0.35,0.15,0.5
31-50-0.pt,31,50,0.7834498521106363,hard,0.2546289285008911,0.11467242457957874,0.2242449862767908,0.20666666666666667,0.8423517292901807,0.20666666666666667,26.254025827380758,0.9906380919768368,1.0,0.35,0.15,0.5
31-6-0.pt,31,6,0.21273211853069376,medium,0.15925352180550348,0.13179306461239154,0.038875962775003964,0.13166666666666665,0.44719252255546965,0.13166666666666665,8.389797266458745,0.9906380919768368,1.0,0.35,0.15,0.5
31-7-0.pt,31,7,0.2680415175732644,medium,0.1435723875260747,0.11684702619101678,0.043265859741222074,0.7079166666666666,0.46808785434557343,0.7079166666666666,9.587815084242216,0.9906380919768368,1.0,0.35,0.15,0.5
31-8-0.pt,31,8,0.2379152667047585,medium,0.10678511949479977,0.10667706549097195,0.04782139554148988,0.13791666666666666,0.48664851015543614,0.13791666666666666,9.166309454253467,0.9906380919768368,1.0,0.35,0.15,0.5
31-9-0.pt,31,9,0.27046584469163765,medium,0.12058982405060951,0.10709004091443862,0.05174971350378597,0.6404166666666666,0.5038415063300224,0.6404166666666666,9.714234317294832,0.9906380919768368,1.0,0.35,0.15,0.5
32-10-0.pt,32,10,0.27793586724712366,medium,0.09478523653182133,0.09655466467669481,0.05791199993845322,0.6779166666666666,0.5239967289585915,0.6779166666666666,9.907279236784728,0.9906380919768368,1.0,0.35,0.15,0.5
32-11-0.pt,32,11,0.28304916585701334,medium,0.08119823352274655,0.09011909575604847,0.06191646200397934,0.6616666666666666,0.5385330734767926,0.6616666666666666,10.078926743804857,0.9906380919768368,1.0,0.35,0.15,0.5
32-12-0.pt,32,12,0.2773081490739031,medium,0.06327775125923879,0.0827031439524057,0.06565225322602551,0.26666666666666666,0.5527204563346786,0.26666666666666666,10.266220851626832,0.9906380919768368,1.0,0.35,0.15,0.5
32-13-0.pt,32,13,0.29071270134172467,medium,0.07307410968913439,0.07921213740723962,0.06916227153807537,0.6020833333333333,0.5650384799514648,0.6020833333333333,10.367716382752358,0.9906380919768368,1.0,0.35,0.15,0.5
32-14-0.pt,32,14,0.3037524761808313,medium,0.05923985007305263,0.07277424512566831,0.07262703949028589,0.6433333333333333,0.5773102849872926,0.6433333333333333,10.737013897840113,0.9906380919768368,1.0,0.35,0.15,0.5
32-15-0.pt,32,15,0.3324721858665916,medium,0.04714642966517201,0.07031807072765053,0.07576288804489688,0.6016666666666667,0.5892812717304453,0.6016666666666667,11.682352179644809,0.9906380919768368,1.0,0.35,0.15,0.5
32-16-0.pt,32,16,0.33175159151735706,medium,0.044211335472303576,0.06938502386683515,0.0789777018011593,0.3325,0.6002950116185632,0.3325,11.910629966787702,0.9906380919768368,1.0,0.35,0.15,0.5
32-17-0.pt,32,17,0.3443200179932295,medium,0.04275239547876477,0.06549510280626086,0.08202266934341548,0.175,0.6108292585049233,0.175,12.45442813676104,0.9906380919768368,1.0,0.35,0.15,0.5
32-18-0.pt,32,18,0.37153093401491505,medium,0.05332908710380903,0.05809057236311184,0.08506842227815259,0.6241666666666666,0.6211928416718496,0.6241666666666666,12.88646980540147,0.9906380919768368,1.0,0.35,0.15,0.5
32-19-0.pt,32,19,0.3819221527519622,medium,0.06881492561770965,0.05576109989504213,0.08779186422864496,0.63,0.6312251106150664,0.63,13.206331292665327,0.9906380919768368,1.0,0.35,0.15,0.5
32-2-0.pt,32,2,0.20559392913287014,easy,0.5015963596808564,0.22882365979439473,0.02230124814918781,0.9645833333333333,0.3206208537694836,0.9645833333333333,7.424010082014086,0.9906380919768368,1.0,0.35,0.15,0.5
32-20-0.pt,32,20,0.3725800950891658,medium,0.05233940902499665,0.053585387413733566,0.09042891280752746,0.04041666666666666,0.6405684360340704,0.04041666666666666,13.466197508081256,0.9906380919768368,1.0,0.35,0.15,0.5
32-21-0.pt,32,21,0.39605088670165195,medium,0.028816830631996075,0.048741239730454675,0.0931729373722695,0.70125,0.6495120486376532,0.70125,13.579220473780024,0.9906380919768368,1.0,0.35,0.15,0.5
32-22-0.pt,32,22,0.4208383509257213,medium,0.022069525455461276,0.04454758057805435,0.0959072179214121,0.7083333333333334,0.6580307786306014,0.7083333333333334,14.354985965108877,0.9906380919768368,1.0,0.35,0.15,0.5
32-23-0.pt,32,23,0.42501932577716306,medium,0.024570051373091966,0.039259837445805405,0.09843315522900381,0.6679166666666667,0.6665312627201504,0.6679166666666667,14.522477314986988,0.9906380919768368,1.0,0.35,0.15,0.5
32-24-0.pt,32,24,0.42378701155628884,medium,0.02146846208120085,0.038260821852980686,0.10120339319125193,0.23541666666666666,0.6749389049116109,0.23541666666666666,14.890696411061217,0.9906380919768368,1.0,0.35,0.15,0.5
32-25-0.pt,32,25,0.42549106432197176,medium,0.012033251205461054,0.03333719723229887,0.10419072209294564,0.10208333333333333,0.6829972794839335,0.10208333333333333,15.068066095329941,0.9906380919768368,1.0,0.35,0.15,0.5
32-26-0.pt,32,26,0.46271236621614825,hard,0.018072421388759394,0.03156853341702294,0.10648436756652206,0.6,0.6912381817145974,0.6,15.772085749033106,0.9906380919768368,1.0,0.35,0.15,0.5
32-27-0.pt,32,27,0.4810854725399552,hard,0.0024307189006203844,0.027642311403289828,0.1088465231740298,0.58125,0.6996236465163072,0.58125,16.36905161544594,0.9906380919768368,1.0,0.35,0.15,0.5
32-28-0.pt,32,28,0.47891826900775536,hard,0.028155679384461004,0.026293364458972047,0.1110595925181839,0.6133333333333333,0.7071837421462265,0.6133333333333333,16.266789952977852,0.9906380919768368,1.0,0.35,0.15,0.5
32-29-0.pt,32,29,0.5031271940148464,hard,0.01589623028311678,0.023054376537568116,0.11340254710929988,0.55375,0.7145203673019664,0.55375,17.088000935530264,0.9906380919768368,1.0,0.35,0.15,0.5
32-3-0.pt,32,3,0.2190269886091397,medium,0.4141306833788472,0.18694608052098455,0.025110005681460382,0.5458333333333333,0.3648720338380028,0.5458333333333333,8.229592559060428,0.9906380919768368,1.0,0.35,0.15,0.5
32-30-0.pt,32,30,0.49788358638812447,hard,0.03144046179045867,0.021225370964982598,0.11566580422276496,0.024166666666666666,0.7221296490508502,0.024166666666666666,17.421548417528072,0.9906380919768368,1.0,0.35,0.15,0.5
32-31-0.pt,32,31,0.5136391765200603,hard,0.038260024271541196,0.022810489579501648,0.11796810705783935,0.49875,0.7292175567000311,0.49875,17.467562203563137,0.9906380919768368,1.0,0.35,0.15,0.5
32-32-0.pt,32,32,0.5339266376558783,hard,0.03387626218798122,0.02347016469119877,0.12029985890605718,0.49583333333333335,0.7362054814468074,0.49583333333333335,18.11076125412625,0.9906380919768368,1.0,0.35,0.15,0.5
32-33-0.pt,32,33,0.5947003443996598,hard,0.039871999798636835,0.026543854968504327,0.12264770767731892,0.4691666666666667,0.7431889540709676,0.4691666666666667,20.060250621533886,0.9906380919768368,1.0,0.35,0.15,0.5
32-34-0.pt,32,34,0.5383387121850091,hard,0.05503451404541736,0.029446996546597593,0.12506418922036,0.06875,0.7501675417455462,0.06875,18.650547808128696,0.9906380919768368,1.0,0.35,0.15,0.5
32-35-0.pt,32,35,0.5664975118328383,hard,0.056933361969283676,0.03356457974257858,0.12722890971798245,0.39791666666666664,0.7569664545215917,0.39791666666666664,19.22805127041187,0.9906380919768368,1.0,0.35,0.15,0.5
32-36-0.pt,32,36,0.5732611281743679,hard,0.07311517111675775,0.03822668413311112,0.12944189028242248,0.19083333333333333,0.763802721437486,0.19083333333333333,19.636381806445485,0.9906380919768368,1.0,0.35,0.15,0.5
32-37-0.pt,32,37,0.5857435637320516,hard,0.07966822499399524,0.04338977310805428,0.1315894465243064,0.37625,0.7707060599424668,0.37625,19.85328713172573,0.9906380919768368,1.0,0.35,0.15,0.5
32-38-0.pt,32,38,0.5995300897639477,hard,0.08116827927829869,0.045536769596542945,0.13415113563976086,0.3304166666666667,0.7770126033802452,0.3304166666666667,20.331387295474993,0.9906380919768368,1.0,0.35,0.15,0.5
32-39-0.pt,32,39,0.6681520341348598,hard,0.09154320820589175,0.049786768533662346,0.13705915606691127,0.25833333333333336,0.7837433524497689,0.25833333333333336,22.57295986990385,0.9906380919768368,1.0,0.35,0.15,0.5
32-4-0.pt,32,4,0.22723414211356877,medium,0.25000494777595217,0.15946808873141322,0.03122963871538838,0.85625,0.3995408963424941,0.85625,8.180933676883905,0.9906380919768368,1.0,0.35,0.15,0.5
32-40-0.pt,32,40,0.6332201193295782,hard,0.09829886858118655,0.05127637001489913,0.14075243970971726,0.29583333333333334,0.7903103146487156,0.29583333333333334,21.42705759902637,0.9906380919768368,1.0,0.35,0.15,0.5
32-41-0.pt,32,41,0.6429823086893285,hard,0.10546908643487488,0.05772369691565613,0.14518673051975156,0.08541666666666667,0.7969117608066042,0.08541666666666667,21.933727661745937,0.9906380919768368,1.0,0.35,0.15,0.5
32-42-0.pt,32,42,0.7193058009254044,hard,0.10142529929769499,0.05854764868495857,0.15008025943355532,0.27291666666666664,0.803076811014225,0.27291666666666664,24.173222423839533,0.9906380919768368,1.0,0.35,0.15,0.5
32-43-0.pt,32,43,0.6789434746499625,hard,0.11009196263211836,0.05953674509440099,0.15615302816802948,0.22875,0.8089303328054317,0.22875,22.932976560249017,0.9906380919768368,1.0,0.35,0.15,0.5
32-44-0.pt,32,44,0.6871449197854386,hard,0.10194598815022703,0.06694603221632235,0.16357529192336076,0.17375,0.815235936344563,0.17375,23.24269072918986,0.9906380919768368,1.0,0.35,0.15,0.5
32-45-0.pt,32,45,0.7070505203545306,hard,0.14509968474561477,0.07019449735245116,0.17204400075354562,0.019166666666666665,0.8215986436000133,0.019166666666666665,24.018063453125997,0.9906380919768368,1.0,0.35,0.15,0.5
32-46-0.pt,32,46,0.7229030821749033,hard,0.16632378023462346,0.07575781837691449,0.1812132792690103,0.37166666666666665,0.8273766608701238,0.37166666666666665,24.18361911778049,0.9906380919768368,1.0,0.35,0.15,0.5
32-47-0.pt,32,47,0.7996739040749989,hard,0.19730697520835092,0.08471206357185668,0.1923281420947157,0.3954166666666667,0.8337851558182892,0.3954166666666667,26.59270061853752,0.9906380919768368,1.0,0.35,0.15,0.5
32-48-0.pt,32,48,0.7982113666883235,hard,0.20573668402519962,0.09133189815385397,0.20476667171273036,0.34833333333333333,0.8399783450115098,0.34833333333333333,26.588517812230755,0.9906380919768368,1.0,0.35,0.15,0.5
32-49-0.pt,32,49,0.8089701002451797,hard,0.23809655630371857,0.10106910622857782,0.21815275619921143,0.2175,0.8461490975992099,0.2175,27.05138678252392,0.9906380919768368,1.0,0.35,0.15,0.5
32-5-0.pt,32,5,0.22680852312480365,medium,0.27232330434655894,0.14760726672602867,0.03633413605037588,0.24166666666666667,0.4281071661715326,0.24166666666666667,8.739438965086471,0.9906380919768368,1.0,0.35,0.15,0.5
32-50-0.pt,32,50,0.8237320267152767,hard,0.28127445985572935,0.11354713913263666,0.23179578174888252,0.11791666666666667,0.8516830187216536,0.11791666666666667,27.611771929812356,0.9906380919768368,1.0,0.35,0.15,0.5
32-6-0.pt,32,6,0.2496106351385611,medium,0.1522710241584402,0.13517149688891025,0.04092205212142053,0.7454166666666666,0.451761084039368,0.7454166666666666,8.974443680469932,0.9906380919768368,1.0,0.35,0.15,0.5
32-7-0.pt,32,7,0.25344048896682664,medium,0.13765683729931638,0.12301678114695583,0.04542236185029675,0.67125,0.47286475858004723,0.67125,9.157722425369998,0.9906380919768368,1.0,0.35,0.15,0.5
32-8-0.pt,32,8,0.2816430699209369,medium,0.10858640532578813,0.11358714152453048,0.05008207742261438,0.6545833333333333,0.49139623879142685,0.6545833333333333,10.060252859399359,0.9906380919768368,1.0,0.35,0.15,0.5
32-9-0.pt,32,9,0.26964351081427385,medium,0.09627729866428666,0.11025790762573812,0.05397209269127552,0.6620833333333334,0.5085767155153966,0.6620833333333334,9.665657343604149,0.9906380919768368,1.0,0.35,0.15,0.5
33-10-0.pt,33,10,0.30966078121998547,medium,0.09391085343253544,0.09714647642024167,0.06045706962188585,0.3125,0.5288439391065944,0.3125,11.258248303641334,0.9906380919768368,1.0,0.35,0.15,0.5
33-11-0.pt,33,11,0.2773046521236057,medium,0.08970178654983604,0.09209032073873291,0.06451821471381629,0.12458333333333334,0.5437655077183108,0.12458333333333334,10.404681098213263,0.9906380919768368,1.0,0.35,0.15,0.5
33-12-0.pt,33,12,0.3096253758084304,medium,0.06949116010466073,0.08609477151754732,0.0684007715042711,0.6145833333333334,0.5576710569605781,0.6145833333333334,10.95852607360222,0.9906380919768368,1.0,0.35,0.15,0.5
33-13-0.pt,33,13,0.29042280159400685,medium,0.07959173093673613,0.08002542271258353,0.07199078541496938,0.09125,0.5701780267738652,0.09125,10.841535236531303,0.9906380919768368,1.0,0.35,0.15,0.5
33-14-0.pt,33,14,0.3192864257239645,medium,0.05274548625047842,0.07840942539242786,0.07559477728808953,0.5958333333333333,0.5827751328244574,0.5958333333333333,11.27244650681135,0.9906380919768368,1.0,0.35,0.15,0.5
33-15-0.pt,33,15,0.32818812661444857,medium,0.044634033390362905,0.07488222591799419,0.07882524566302217,0.0625,0.5945463868812491,0.0625,12.056379608807173,0.9906380919768368,1.0,0.35,0.15,0.5
33-16-0.pt,33,16,0.3547585755555969,medium,0.04727202767143011,0.07016817000552303,0.08211112664216438,0.5991666666666666,0.6055976518307646,0.5991666666666666,12.384740890310747,0.9906380919768368,1.0,0.35,0.15,0.5
33-17-0.pt,33,17,0.3711696940053185,medium,0.06853591868415256,0.06446101823944736,0.08545203826664606,0.4970833333333333,0.6167691451394286,0.4970833333333333,12.9974981629502,0.9906380919768368,1.0,0.35,0.15,0.5
33-18-0.pt,33,18,0.3603654278521462,medium,0.04511985151302729,0.059953878944536985,0.0883702328122118,0.5525,0.6267330257358983,0.5525,12.598236839520114,0.9906380919768368,1.0,0.35,0.15,0.5
33-19-0.pt,33,19,0.40793867709314163,medium,0.06455823231002183,0.05733371574747512,0.09112392517138485,0.6766666666666666,0.6370176327610864,0.6766666666666666,13.984587729246796,0.9906380919768368,1.0,0.35,0.15,0.5
33-2-0.pt,33,2,0.1841036100132599,easy,0.5121133411353458,0.23731852804966064,0.023222764951537633,0.24625,0.32466279256026864,0.24625,7.423102599862357,0.9906380919768368,1.0,0.35,0.15,0.5
33-20-0.pt,33,20,0.3991856282957979,medium,0.048133146185153027,0.05243145573365751,0.09379231840824945,0.59125,0.6464115035207836,0.59125,13.78433780097057,0.9906380919768368,1.0,0.35,0.15,0.5
33-21-0.pt,33,21,0.4155787514717757,medium,0.03979224064327157,0.05047923434867172,0.09668329086560093,0.34,0.6549572482793004,0.34,14.539246269578722,0.9906380919768368,1.0,0.35,0.15,0.5
33-22-0.pt,33,22,0.4164315569529532,medium,0.03235820345708754,0.046303694113214174,0.09968938967364775,0.24333333333333335,0.6639842513275198,0.24333333333333335,14.654410684433271,0.9906380919768368,1.0,0.35,0.15,0.5
33-23-0.pt,33,23,0.4323104641801131,medium,0.01878632033019279,0.040534788467511636,0.10241291773742954,0.6558333333333334,0.6730023430761856,0.6558333333333334,14.762505244299106,0.9906380919768368,1.0,0.35,0.15,0.5
33-24-0.pt,33,24,0.45181899956623217,hard,0.021979018356407344,0.03742066783356873,0.10500973557553275,0.625,0.6813166366605796,0.625,15.406976871009114,0.9906380919768368,1.0,0.35,0.15,0.5
33-25-0.pt,33,25,0.45765761507033986,hard,0.012894553999109064,0.035341653741398554,0.1080067349815639,0.6420833333333333,0.6895357525467599,0.6420833333333333,15.572539348530011,0.9906380919768368,1.0,0.35,0.15,0.5
33-26-0.pt,33,26,0.4640837711235304,hard,0.017919582546280094,0.03002328726293128,0.11061831399333248,0.029166666666666667,0.6978981559034428,0.029166666666666667,16.354940137617703,0.9906380919768368,1.0,0.35,0.15,0.5
33-27-0.pt,33,27,0.4787403249596418,hard,0.01493959545329706,0.027271843885312615,0.11292145746477755,0.22958333333333333,0.7061715739207532,0.22958333333333333,16.625980187889862,0.9906380919768368,1.0,0.35,0.15,0.5
33-28-0.pt,33,28,0.4826692165274807,hard,0.022662857432221753,0.025073358285948203,0.11511024579209482,0.13458333333333333,0.7137391932190754,0.13458333333333333,16.837692135534976,0.9906380919768368,1.0,0.35,0.15,0.5
33-29-0.pt,33,29,0.5170771611469511,hard,0.04488657271777186,0.023941603126327256,0.11771246606333242,0.5641666666666667,0.7216307647426031,0.5641666666666667,17.517539630519142,0.9906380919768368,1.0,0.35,0.15,0.5
33-3-0.pt,33,3,0.22258559749339704,medium,0.42379733102977246,0.18799531486845075,0.026175379429541505,0.8758333333333334,0.368946318480156,0.8758333333333334,8.027392569458303,0.9906380919768368,1.0,0.35,0.15,0.5
33-30-0.pt,33,30,0.5288050543481992,hard,0.029190936278700473,0.021143026430582246,0.12000726753924518,0.5425,0.728655297047783,0.5425,17.9071232180592,0.9906380919768368,1.0,0.35,0.15,0.5
33-31-0.pt,33,31,0.5281611270544615,hard,0.026114040862731898,0.02039183685533601,0.12239445605085748,0.13125,0.7362103327432801,0.13125,18.274166200729596,0.9906380919768368,1.0,0.35,0.15,0.5
33-32-0.pt,33,32,0.5419559871141474,hard,0.034389508565202696,0.021862692175085807,0.12487331079036282,0.15541666666666668,0.7432076375577548,0.15541666666666668,18.685775386115075,0.9906380919768368,1.0,0.35,0.15,0.5
33-33-0.pt,33,33,0.5614716092406957,hard,0.03932640667010222,0.022329482930231553,0.12726462203558195,0.4508333333333333,0.7504620567441108,0.4508333333333333,19.021086264575302,0.9906380919768368,1.0,0.35,0.15,0.5
33-34-0.pt,33,34,0.5625431364745647,hard,0.05882900109664692,0.02696335273523875,0.1297186125080412,0.10833333333333334,0.757478045280093,0.10833333333333334,19.377455065973276,0.9906380919768368,1.0,0.35,0.15,0.5
33-35-0.pt,33,35,0.5863008109202834,hard,0.07069816913522048,0.028815238808526412,0.13219877084542883,0.38625,0.7647515505736128,0.38625,19.863883374425157,0.9906380919768368,1.0,0.35,0.15,0.5
33-36-0.pt,33,36,0.589835539385985,hard,0.07598048182192885,0.036542980417320396,0.13436752599706892,0.17625,0.771729842168517,0.17625,20.172544532224705,0.9906380919768368,1.0,0.35,0.15,0.5
33-37-0.pt,33,37,0.6117341057639822,hard,0.08720236592384942,0.0392455926398434,0.1365022270903341,0.35583333333333333,0.7782016206781812,0.35583333333333333,20.693730962943484,0.9906380919768368,1.0,0.35,0.15,0.5
33-38-0.pt,33,38,0.6328545021173149,hard,0.08298078140179717,0.044076377884204695,0.13881858360879196,0.32125,0.7850294604453946,0.32125,21.393477430489998,0.9906380919768368,1.0,0.35,0.15,0.5
33-39-0.pt,33,39,0.6510544656596873,hard,0.09986544650898707,0.04831569288537454,0.1417342687497569,0.325,0.7919246498607333,0.325,21.964193141183234,0.9906380919768368,1.0,0.35,0.15,0.5
33-4-0.pt,33,4,0.22545964909971103,medium,0.2506043361677539,0.16701731211577983,0.033208935257224986,0.8433333333333334,0.4037434784585646,0.8433333333333334,8.1352238575292,0.9906380919768368,1.0,0.35,0.15,0.5
33-40-0.pt,33,40,0.7017847559071693,hard,0.09160372584061982,0.04789335377618097,0.14522100984170222,0.22041666666666668,0.798203910743131,0.22041666666666668,23.66950523534208,0.9906380919768368,1.0,0.35,0.15,0.5
33-41-0.pt,33,41,0.664965905262364,hard,0.09885282567289859,0.05496563608247074,0.14985368628772414,0.06416666666666666,0.8049585846842696,0.06416666666666666,22.647686574579907,0.9906380919768368,1.0,0.35,0.15,0.5
33-42-0.pt,33,42,0.7436903697405988,hard,0.10621292285884491,0.05572410484405385,0.15497279849343948,0.36666666666666664,0.8109181386252764,0.36666666666666664,24.854187358714466,0.9906380919768368,1.0,0.35,0.15,0.5
33-43-0.pt,33,43,0.7561956953538994,hard,0.10435383318601922,0.054873551627806126,0.161180176525572,0.39375,0.8175563879229664,0.39375,25.22228445975245,0.9906380919768368,1.0,0.35,0.15,0.5
33-44-0.pt,33,44,0.7456352311207175,hard,0.11619410930085952,0.060662789523260124,0.16901107481141114,0.19458333333333333,0.8240675299215139,0.19458333333333333,25.073918784987395,0.9906380919768368,1.0,0.35,0.15,0.5
33-45-0.pt,33,45,0.7676295125007352,hard,0.16387071552677107,0.06755520373648288,0.17784267459845693,0.14,0.8304993852899009,0.14,25.820528092969052,0.9906380919768368,1.0,0.35,0.15,0.5
33-46-0.pt,33,46,0.7945920305227869,hard,0.18191284052493997,0.07074028003872329,0.187407445743676,0.16375,0.8366081186532285,0.16375,26.6504136875918,0.9906380919768368,1.0,0.35,0.15,0.5
33-47-0.pt,33,47,0.8117564989511304,hard,0.20769108873654302,0.07881602036777494,0.19848448334817484,0.33875,0.842609331185031,0.33875,27.026035685288765,0.9906380919768368,1.0,0.35,0.15,0.5
33-48-0.pt,33,48,0.8199250177430011,hard,0.22517109269037683,0.08782055000996836,0.21155617361335133,0.3416666666666667,0.8492135739504814,0.3416666666666667,27.279584879246908,0.9906380919768368,1.0,0.35,0.15,0.5
33-49-0.pt,33,49,0.8306105641026227,hard,0.23304252602460498,0.09405500947567269,0.22462655475610824,0.044583333333333336,0.8549733060039306,0.044583333333333336,27.89817651146864,0.9906380919768368,1.0,0.35,0.15,0.5
33-5-0.pt,33,5,0.23984067731534747,medium,0.24600830963219414,0.15175130787595711,0.03811927056136023,0.5079166666666667,0.4324199910086249,0.5079166666666667,8.898067262314528,0.9906380919768368,1.0,0.35,0.15,0.5
33-50-0.pt,33,50,0.8446822489942238,hard,0.26688386972637834,0.10809007768144947,0.23895147300220773,0.1725,0.8606137385295206,0.1725,28.220591344778708,0.9906380919768368,1.0,0.35,0.15,0.5
33-6-0.pt,33,6,0.2447313011427616,medium,0.15098889371965132,0.13701398692845956,0.042982574519804216,0.6158333333333333,0.45608076944973913,0.6158333333333333,8.941028314017762,0.9906380919768368,1.0,0.35,0.15,0.5
33-7-0.pt,33,7,0.25452078576623005,medium,0.143074660582799,0.12390772472150909,0.047502617391175284,0.38083333333333336,0.4772301827341484,0.38083333333333336,9.4659881307622,0.9906380919768368,1.0,0.35,0.15,0.5
33-8-0.pt,33,8,0.2639720213642769,medium,0.11711845090334351,0.11735651255737788,0.05247010832232288,0.6683333333333333,0.4961976628299619,0.6683333333333333,9.48492908060336,0.9906380919768368,1.0,0.35,0.15,0.5
33-9-0.pt,33,9,0.26594385228168327,medium,0.11801935103420155,0.10862238440737361,0.05638052679698611,0.32708333333333334,0.5135318693782934,0.32708333333333334,9.864458252188548,0.9906380919768368,1.0,0.35,0.15,0.5
34-10-0.pt,34,10,0.28057065271320003,medium,0.11404650884047102,0.10132010728110304,0.06298419330244849,0.47125,0.5334995825702712,0.47125,10.183212179862903,0.9906380919768368,1.0,0.35,0.15,0.5
34-11-0.pt,34,11,0.29324633334309314,medium,0.09359869467097963,0.09290109599561219,0.06722407639078967,0.6320833333333333,0.548871747285028,0.6320833333333333,10.426143298025789,0.9906380919768368,1.0,0.35,0.15,0.5
34-12-0.pt,34,12,0.3086265017562702,medium,0.0818502761687753,0.09014771513238029,0.07123910816314227,0.30666666666666664,0.5621030928478985,0.30666666666666664,11.217457004127699,0.9906380919768368,1.0,0.35,0.15,0.5
34-13-0.pt,34,13,0.32841287178502304,medium,0.06292468400796575,0.08436661645871998,0.07478512424577817,0.27625,0.5754809418660803,0.27625,11.868281723710368,0.9906380919768368,1.0,0.35,0.15,0.5
34-14-0.pt,34,14,0.32672472473094166,medium,0.043345609936910924,0.07981465589088825,0.07848035927467281,0.17291666666666666,0.5880539554996292,0.17291666666666666,11.907765505554355,0.9906380919768368,1.0,0.35,0.15,0.5
34-15-0.pt,34,15,0.3930806465665077,medium,0.040752970873947046,0.07437709858384718,0.08186401426095818,0.5870833333333333,0.5997244887467258,0.5870833333333333,13.613719179867555,0.9906380919768368,1.0,0.35,0.15,0.5
34-16-0.pt,34,16,0.35502087136619925,medium,0.04021616164211329,0.07218945316969158,0.08534263709660406,0.25458333333333333,0.6110019726925349,0.25458333333333333,12.71808496280694,0.9906380919768368,1.0,0.35,0.15,0.5
34-17-0.pt,34,17,0.35305066335784746,medium,0.05276705516135978,0.06854176521787156,0.08865961195952377,0.11625,0.6221455721012734,0.11625,12.782443978585883,0.9906380919768368,1.0,0.35,0.15,0.5
34-18-0.pt,34,18,0.3886052252915346,medium,0.0631302721485455,0.06394780889917138,0.09166543615822569,0.51,0.6325785249782674,0.51,13.531642436070145,0.9906380919768368,1.0,0.35,0.15,0.5
34-19-0.pt,34,19,0.38792264645324237,medium,0.03707039950386508,0.057316358750795764,0.09446942068058425,0.12875,0.6425960626330995,0.12875,13.86796875711767,0.9906380919768368,1.0,0.35,0.15,0.5
34-2-0.pt,34,2,0.20364515558751786,easy,0.5366988455518364,0.24850346154552874,0.024826480660505804,0.95625,0.32859624433455875,0.95625,7.3668862439025675,0.9906380919768368,1.0,0.35,0.15,0.5
34-20-0.pt,34,20,0.40909371292522834,medium,0.03303231216605218,0.054140074295733025,0.09731822539795494,0.6358333333333334,0.6520217893775394,0.6358333333333334,14.053881621761981,0.9906380919768368,1.0,0.35,0.15,0.5
34-21-0.pt,34,21,0.4313976894721604,medium,0.022817423574523252,0.052914276455898364,0.10016787826736978,0.6025,0.6609543674246413,0.6025,14.78911332687877,0.9906380919768368,1.0,0.35,0.15,0.5
34-22-0.pt,34,22,0.4321834871568947,medium,0.015151463426078555,0.04906559471571579,0.10342623093333199,0.61,0.6703046721793938,0.61,14.803101687229375,0.9906380919768368,1.0,0.35,0.15,0.5
34-23-0.pt,34,23,0.4386045209850212,medium,0.015113364203451368,0.04310587227848407,0.10641654076954953,0.3425,0.6788314588902611,0.3425,15.257255110649854,0.9906380919768368,1.0,0.35,0.15,0.5
34-24-0.pt,34,24,0.4563871782862349,hard,0.010404692817399263,0.03706552707991648,0.10897155003308606,0.23041666666666666,0.6874148594676811,0.23041666666666666,15.92405064640548,0.9906380919768368,1.0,0.35,0.15,0.5
34-25-0.pt,34,25,0.47093411333002133,hard,0.006781148211832821,0.035771351987722785,0.1116801925343542,0.5845833333333333,0.6959553909334096,0.5845833333333333,16.045500580007786,0.9906380919768368,1.0,0.35,0.15,0.5
34-26-0.pt,34,26,0.4959089216986388,hard,0.013689105837349226,0.034156609801401734,0.1146860060538828,0.6629166666666667,0.7043029025275945,0.6629166666666667,16.759614906788386,0.9906380919768368,1.0,0.35,0.15,0.5
34-27-0.pt,34,27,0.5109551640954287,hard,0.016741117610196282,0.02877449691210021,0.11704424296057613,0.50875,0.7125203210399086,0.50875,17.379756954466245,0.9906380919768368,1.0,0.35,0.15,0.5
34-28-0.pt,34,28,0.5167458414881095,hard,0.03517713996029887,0.025380093270610398,0.11931272360477231,0.28041666666666665,0.7202206404139916,0.28041666666666665,17.777065599371777,0.9906380919768368,1.0,0.35,0.15,0.5
34-29-0.pt,34,29,0.5165407768897812,hard,0.024654853942936573,0.02328889330773488,0.12182511257734689,0.01875,0.7280618105827048,0.01875,18.015858725244225,0.9906380919768368,1.0,0.35,0.15,0.5
34-3-0.pt,34,3,0.23004130546482204,medium,0.45228676882963514,0.19428319857348728,0.028079815724111078,0.8970833333333333,0.37307430278910797,0.8970833333333333,8.241937926181008,0.9906380919768368,1.0,0.35,0.15,0.5
34-30-0.pt,34,30,0.5432800561604143,hard,0.020205318919025158,0.021291962346906886,0.12449696080999725,0.54375,0.7355964432023008,0.54375,18.362083497495448,0.9906380919768368,1.0,0.35,0.15,0.5
34-31-0.pt,34,31,0.5511397018773238,hard,0.023404176925995942,0.018797792936266437,0.1269249883093558,0.53125,0.7430300747081311,0.53125,18.620141549377916,0.9906380919768368,1.0,0.35,0.15,0.5
34-32-0.pt,34,32,0.5683400853668542,hard,0.02544440219358537,0.01848118266859613,0.1294213516063917,0.24916666666666668,0.7502684325741962,0.24916666666666668,19.430458912567325,0.9906380919768368,1.0,0.35,0.15,0.5
34-33-0.pt,34,33,0.6312114111635322,hard,0.029723999403517724,0.020210568800864314,0.13192624164300343,0.40958333333333335,0.7574799136287717,0.40958333333333335,21.268706672600597,0.9906380919768368,1.0,0.35,0.15,0.5
34-34-0.pt,34,34,0.5884464261917558,hard,0.05845299193815964,0.022931122700831478,0.13439824704246128,0.42625,0.7649704946253216,0.42625,19.89384207087325,0.9906380919768368,1.0,0.35,0.15,0.5
34-35-0.pt,34,35,0.6038185788759909,hard,0.06284884767298742,0.02669722369322497,0.13692566449017504,0.39,0.7724028396316229,0.39,20.41266035874222,0.9906380919768368,1.0,0.35,0.15,0.5
34-36-0.pt,34,36,0.6037313636037608,hard,0.0767579085351786,0.03301286461562227,0.13914877752027222,0.08083333333333333,0.7790130949424602,0.08083333333333333,20.70079863284313,0.9906380919768368,1.0,0.35,0.15,0.5
34-37-0.pt,34,37,0.6492111776017764,hard,0.07070670172527405,0.038740488660523514,0.14133087109838866,0.3570833333333333,0.7859781443747382,0.3570833333333333,21.877699140635915,0.9906380919768368,1.0,0.35,0.15,0.5
34-38-0.pt,34,38,0.7083233222100562,hard,0.09498525550070668,0.043275846300556885,0.1437192328918278,0.3225,0.7930825252046599,0.3225,23.781972519328715,0.9906380919768368,1.0,0.35,0.15,0.5
34-39-0.pt,34,39,0.679291255472888,hard,0.0844933629463417,0.044835773754177015,0.14642392698832712,0.29333333333333333,0.79971243326133,0.29333333333333333,22.886425234013963,0.9906380919768368,1.0,0.35,0.15,0.5
34-4-0.pt,34,4,0.23789371769958026,medium,0.2616403156368467,0.1775084759550703,0.0349019559983713,0.3575,0.407951001317191,0.3575,8.989131897902924,0.9906380919768368,1.0,0.35,0.15,0.5
34-40-0.pt,34,40,0.68405386713445,hard,0.09387483694812876,0.044858508523083596,0.14991320129900065,0.29791666666666666,0.8063672551750697,0.29791666666666666,23.030376882502782,0.9906380919768368,1.0,0.35,0.15,0.5
34-41-0.pt,34,41,0.6826080703378609,hard,0.10316137012438924,0.048134345580423725,0.1546254418125922,0.28375,0.8126249701960483,0.28375,22.99543996848533,0.9906380919768368,1.0,0.35,0.15,0.5
34-42-0.pt,34,42,0.7163124488642755,hard,0.11061652433799217,0.05151291968363645,0.1599203900146975,0.3,0.8194477220162835,0.3,24.045927593431486,0.9906380919768368,1.0,0.35,0.15,0.5
34-43-0.pt,34,43,0.7449131190604363,hard,0.12312305362086488,0.05108439321624054,0.16625346927541182,0.28458333333333335,0.8257104530529304,0.28458333333333335,24.964886761667547,0.9906380919768368,1.0,0.35,0.15,0.5
34-44-0.pt,34,44,0.7950848676666399,hard,0.1361579332532177,0.05587362481871866,0.1744128648254172,0.315,0.8327933286700868,0.315,26.523961543641924,0.9906380919768368,1.0,0.35,0.15,0.5
34-45-0.pt,34,45,0.7652509694234275,hard,0.1542563484632659,0.06115355751376115,0.1833480598749821,0.015416666666666667,0.8389430814704535,0.015416666666666667,25.85998105645334,0.9906380919768368,1.0,0.35,0.15,0.5
34-46-0.pt,34,46,0.763470927099726,hard,0.20917510690427213,0.06543942411630163,0.19307636717641022,0.30333333333333334,0.8452480087418248,0.30333333333333334,25.52755928281851,0.9906380919768368,1.0,0.35,0.15,0.5
34-47-0.pt,34,47,0.8263810614026705,hard,0.2287380955218336,0.07147095481122351,0.20427124439001682,0.3179166666666667,0.8513781538936716,0.3179166666666667,27.505965383507046,0.9906380919768368,1.0,0.35,0.15,0.5
34-48-0.pt,34,48,0.8543095356028428,hard,0.22425200563237493,0.08216990567395348,0.21743673387417056,0.32458333333333333,0.8576647932553346,0.32458333333333333,28.38262988489708,0.9906380919768368,1.0,0.35,0.15,0.5
34-49-0.pt,34,49,0.8556191442527064,hard,0.2398338850485795,0.08838263863068362,0.23101287718157917,0.3070833333333333,0.8635758767759257,0.3070833333333333,28.438367663945154,0.9906380919768368,1.0,0.35,0.15,0.5
34-5-0.pt,34,5,0.2525808387993678,medium,0.2172101615337829,0.15060581677253268,0.039974356732139,0.7975,0.4365246550654198,0.7975,9.025363760543334,0.9906380919768368,1.0,0.35,0.15,0.5
34-50-0.pt,34,50,0.8859960344419785,hard,0.27823777539218536,0.09947392081937444,0.24578615000294227,0.195,0.8689043096877355,0.195,29.50582489731289,0.9906380919768368,1.0,0.35,0.15,0.5
34-6-0.pt,34,6,0.2642437785630522,medium,0.1513330126028044,0.13902015086435657,0.04529989094384202,0.7308333333333333,0.4603883972326146,0.7308333333333333,9.448767867816633,0.9906380919768368,1.0,0.35,0.15,0.5
34-7-0.pt,34,7,0.26875252626413165,medium,0.13930817301054405,0.12661204013985916,0.04998453901861326,0.6408333333333334,0.4816451521609844,0.6408333333333334,9.668546435840927,0.9906380919768368,1.0,0.35,0.15,0.5
34-8-0.pt,34,8,0.2490494225617777,medium,0.1367261486761608,0.11718511089141606,0.05459254985572981,0.03208333333333333,0.5010224357305944,0.03208333333333333,9.614002972091818,0.9906380919768368,1.0,0.35,0.15,0.5
34-9-0.pt,34,9,0.27951438774389825,medium,0.11948056830995507,0.10715715976362247,0.05876865352739982,0.59,0.5178993912962154,0.59,10.043300674430643,0.9906380919768368,1.0,0.35,0.15,0.5
35-10-0.pt,35,10,0.2840770305140918,medium,0.10980121379571559,0.10643182745727046,0.06563796601969295,0.5904166666666667,0.5380990021801852,0.5904166666666667,10.17935599985581,0.9906380919768368,1.0,0.35,0.15,0.5
35-11-0.pt,35,11,0.33652574423508164,medium,0.08366998632455107,0.09551041695188728,0.06991525870393427,0.4008333333333333,0.5536396238794956,0.4008333333333333,12.016105060942506,0.9906380919768368,1.0,0.35,0.15,0.5
35-12-0.pt,35,12,0.326822844097015,medium,0.07915420403708061,0.09388534774803539,0.07396442246843656,0.6604166666666667,0.567089821030091,0.6604166666666667,11.456464087617702,0.9906380919768368,1.0,0.35,0.15,0.5
35-13-0.pt,35,13,0.3353230710251714,medium,0.053963802748946146,0.08724100972005419,0.07762117038176192,0.33625,0.5802941293018755,0.33625,12.028453099486692,0.9906380919768368,1.0,0.35,0.15,0.5
35-14-0.pt,35,14,0.34122241121074526,medium,0.04016086764813601,0.08416761190992698,0.0813611108767138,0.5995833333333334,0.5930541627361587,0.5995833333333334,11.960246546673742,0.9906380919768368,1.0,0.35,0.15,0.5
35-15-0.pt,35,15,0.3542417217235934,medium,0.04463801931153577,0.07799398496619067,0.08511063870661259,0.5083333333333333,0.6047846434636884,0.5083333333333333,12.454941473610017,0.9906380919768368,1.0,0.35,0.15,0.5
35-16-0.pt,35,16,0.3744507010738582,medium,0.05030339819114057,0.07500571335118969,0.08862444203966834,0.5229166666666667,0.6166302457264455,0.5229166666666667,13.077056505152397,0.9906380919768368,1.0,0.35,0.15,0.5
35-17-0.pt,35,17,0.3739057378885885,medium,0.041633767790430626,0.07260815559992824,0.09183455743289551,0.24958333333333332,0.6273965625407397,0.24958333333333332,13.314960681076881,0.9906380919768368,1.0,0.35,0.15,0.5
35-18-0.pt,35,18,0.3930139979252431,medium,0.05834929685548212,0.066917654926762,0.09490859258625932,0.46458333333333335,0.638160323234794,0.46458333333333335,13.712292790301802,0.9906380919768368,1.0,0.35,0.15,0.5
35-19-0.pt,35,19,0.4041437695739219,medium,0.02444941380761423,0.060743156284674416,0.09794828912370682,0.17791666666666667,0.6481013571228147,0.17791666666666667,14.333376180131106,0.9906380919768368,1.0,0.35,0.15,0.5
35-2-0.pt,35,2,0.210284641932865,easy,0.5452936899011003,0.2609532204940941,0.02635184411032759,0.7391666666666666,0.33250976906728136,0.7391666666666666,7.781966686263954,0.9906380919768368,1.0,0.35,0.15,0.5
35-20-0.pt,35,20,0.41813087191182285,medium,0.03679677289664611,0.059624448651039004,0.10094472069368769,0.0725,0.6571572395192472,0.0725,14.873299388560318,0.9906380919768368,1.0,0.35,0.15,0.5
35-21-0.pt,35,21,0.4156224364812206,medium,0.02629148587324496,0.05366238631421366,0.10390401978006958,0.05625,0.6666896377475315,0.05625,14.805314060966095,0.9906380919768368,1.0,0.35,0.15,0.5
35-22-0.pt,35,22,0.45663646031366706,hard,0.020506998947689044,0.0502917328249658,0.10700133550178485,0.6383333333333333,0.6759110994124358,0.6383333333333333,15.549266784086058,0.9906380919768368,1.0,0.35,0.15,0.5
35-23-0.pt,35,23,0.46680007624852493,hard,0.01633381672113602,0.04621569744987993,0.1102913821336107,0.6345833333333334,0.6847723871686325,0.6345833333333334,15.871488651396781,0.9906380919768368,1.0,0.35,0.15,0.5
35-24-0.pt,35,24,0.4899149023121407,hard,0.009513637223170151,0.040167988050220635,0.1129809056841381,0.6529166666666667,0.6935912607654566,0.6529166666666667,16.58341276748792,0.9906380919768368,1.0,0.35,0.15,0.5
35-25-0.pt,35,25,0.47118114469227956,hard,0.01363032435595621,0.03659082869068124,0.11552243633936768,0.10166666666666667,0.7024532044085993,0.10166666666666667,16.50928110551758,0.9906380919768368,1.0,0.35,0.15,0.5
35-26-0.pt,35,26,0.4964975209722587,hard,0.02589873251683154,0.036225481497826714,0.11845508671792646,0.29875,0.7107017454088685,0.29875,17.121497551733462,0.9906380919768368,1.0,0.35,0.15,0.5
35-27-0.pt,35,27,0.5218897023879392,hard,0.026715843935125203,0.030139284186666403,0.12129382814174292,0.5916666666666667,0.7188313995800502,0.5916666666666667,17.645159792627176,0.9906380919768368,1.0,0.35,0.15,0.5
35-28-0.pt,35,28,0.5417380311617739,hard,0.027784591301844148,0.026571928878782687,0.12364910803382465,0.5829166666666666,0.7268306993611303,0.5829166666666666,18.27956276261368,0.9906380919768368,1.0,0.35,0.15,0.5
35-29-0.pt,35,29,0.5516484217925502,hard,0.016597321571051652,0.02274353149779,0.12610375790746056,0.5854166666666667,0.7347242248371939,0.5854166666666667,18.588214057479796,0.9906380919768368,1.0,0.35,0.15,0.5
35-3-0.pt,35,3,0.21309019168274732,medium,0.4174258705823026,0.1988494065665809,0.02962867740080527,0.3229166666666667,0.37706058820547733,0.3229166666666667,8.248076871087381,0.9906380919768368,1.0,0.35,0.15,0.5
35-30-0.pt,35,30,0.5537453852660381,hard,0.014941633721293604,0.02192665871164959,0.12886883994395143,0.16916666666666666,0.7419356719127714,0.16916666666666666,19.047052981230912,0.9906380919768368,1.0,0.35,0.15,0.5
35-31-0.pt,35,31,0.5583023591857247,hard,0.020242631714572704,0.018756417367321837,0.1315239140325236,0.5316666666666666,0.7498121383334218,0.5316666666666666,18.84409866890052,0.9906380919768368,1.0,0.35,0.15,0.5
35-32-0.pt,35,32,0.5833827627002854,hard,0.01634897453849066,0.01800002335331779,0.13396706880618015,0.235,0.7571775779222852,0.235,19.91807215806068,0.9906380919768368,1.0,0.35,0.15,0.5
35-33-0.pt,35,33,0.5910796425203146,hard,0.028712753162023534,0.018437138069360523,0.13656475552460204,0.06291666666666666,0.764706710205324,0.06291666666666666,20.322475504010452,0.9906380919768368,1.0,0.35,0.15,0.5
35-34-0.pt,35,34,0.5997646953615301,hard,0.05610442769308024,0.021652921827638213,0.13907996016403937,0.12666666666666668,0.7723393157765469,0.12666666666666668,20.534215230878576,0.9906380919768368,1.0,0.35,0.15,0.5
35-35-0.pt,35,35,0.6287644385164581,hard,0.06835402170643447,0.0259880796438127,0.14147483239687378,0.4325,0.7794036244510811,0.4325,21.16043328852516,0.9906380919768368,1.0,0.35,0.15,0.5
35-36-0.pt,35,36,0.6811955967101306,hard,0.07135423827432999,0.02889144584607604,0.14388174174454188,0.00375,0.7865333074783621,0.00375,23.227168675832782,0.9906380919768368,1.0,0.35,0.15,0.5
35-37-0.pt,35,37,0.6675486932410517,hard,0.0956362694829709,0.034179363064169646,0.14610335905883637,0.37416666666666665,0.7938402900559696,0.37416666666666665,22.439721072605607,0.9906380919768368,1.0,0.35,0.15,0.5
35-38-0.pt,35,38,0.6762734235118537,hard,0.07054524337561528,0.038855713620871084,0.1484487385221992,0.2945833333333333,0.8007447815818802,0.2945833333333333,22.789128860985087,0.9906380919768368,1.0,0.35,0.15,0.5
35-39-0.pt,35,39,0.6926366772116401,hard,0.09058170591798834,0.04181599116979454,0.15122933666306726,0.17458333333333334,0.8075017601232212,0.17458333333333334,23.419179285229564,0.9906380919768368,1.0,0.35,0.15,0.5
35-4-0.pt,35,4,0.24293754628963696,medium,0.28155535841429213,0.17729749547324472,0.03694711558867758,0.8304166666666667,0.4121026029229428,0.8304166666666667,8.698275712366328,0.9906380919768368,1.0,0.35,0.15,0.5
35-40-0.pt,35,40,0.7457573176711091,hard,0.09849893343136838,0.04407974069430944,0.1547976913589125,0.09416666666666666,0.8137119366880471,0.09416666666666666,25.177363144957884,0.9906380919768368,1.0,0.35,0.15,0.5
35-41-0.pt,35,41,0.7643672698948817,hard,0.09891023485752345,0.04590636141906009,0.15933504321827666,0.2841666666666667,0.8208029558016466,0.2841666666666667,25.584130447660957,0.9906380919768368,1.0,0.35,0.15,0.5
35-42-0.pt,35,42,0.7936135130652072,hard,0.11498179025880978,0.05008879266765502,0.16499587466970228,0.25916666666666666,0.8273211863897565,0.25916666666666666,26.532556031652234,0.9906380919768368,1.0,0.35,0.15,0.5
35-43-0.pt,35,43,0.8094981394349431,hard,0.12252329087970348,0.04892988079804359,0.1716004519462469,0.38125,0.8343275388919011,0.38125,26.917439075890456,0.9906380919768368,1.0,0.35,0.15,0.5
35-44-0.pt,35,44,0.8208155247086413,hard,0.13219224661346357,0.05151762029357609,0.17947583153437832,0.20291666666666666,0.8410759979378942,0.20291666666666666,27.442894042533183,0.9906380919768368,1.0,0.35,0.15,0.5
35-45-0.pt,35,45,0.8343986123590071,hard,0.17888136520380019,0.05610321798624181,0.18883157772040898,0.2733333333333333,0.847569543944986,0.2733333333333333,27.804072996261176,0.9906380919768368,1.0,0.35,0.15,0.5
35-46-0.pt,35,46,0.8434299003935948,hard,0.18799689205259837,0.060015738149266994,0.1984088263554815,0.3145833333333333,0.8535363164145245,0.3145833333333333,28.048835766495152,0.9906380919768368,1.0,0.35,0.15,0.5
35-47-0.pt,35,47,0.8540993582948639,hard,0.21003670958438608,0.06607843306030581,0.2098896548786154,0.030416666666666668,0.859871995536469,0.030416666666666668,28.654416810772698,0.9906380919768368,1.0,0.35,0.15,0.5
35-48-0.pt,35,48,0.8874276492238531,hard,0.21856922299621856,0.07277704979670464,0.22337829071684348,0.3279166666666667,0.8659942351795954,0.3279166666666667,29.426181122570064,0.9906380919768368,1.0,0.35,0.15,0.5
35-49-0.pt,35,49,0.8772908369298944,hard,0.2441649931997833,0.08235094421526953,0.23743628149107737,0.03875,0.8718100472722993,0.03875,29.37699826477098,0.9906380919768368,1.0,0.35,0.15,0.5
35-5-0.pt,35,5,0.253652694032816,medium,0.20354378894661546,0.15235242998037163,0.04202541025621857,0.75625,0.4406349529513176,0.75625,9.096849477748798,0.9906380919768368,1.0,0.35,0.15,0.5
35-50-0.pt,35,50,0.9052856174253076,hard,0.26044899141362066,0.089285742490413,0.25326306712388214,0.29833333333333334,0.8779213320613563,0.29833333333333334,30.01565929891701,0.9906380919768368,1.0,0.35,0.15,0.5
35-6-0.pt,35,6,0.24790241409735106,medium,0.13836217494204658,0.14338261215438605,0.047333326487434504,0.00625,0.4646305943999722,0.00625,9.616976733367892,0.9906380919768368,1.0,0.35,0.15,0.5
35-7-0.pt,35,7,0.2714862351740193,medium,0.1376247285338232,0.12789902427579836,0.05236337328663801,0.7104166666666667,0.48593298734898843,0.7104166666666667,9.687403163174327,0.9906380919768368,1.0,0.35,0.15,0.5
35-8-0.pt,35,8,0.2723495551224193,medium,0.1345592330417097,0.11962552314732862,0.056975877613072365,0.5941666666666666,0.5054416542854288,0.5941666666666666,9.81723201916799,0.9906380919768368,1.0,0.35,0.15,0.5
35-9-0.pt,35,9,0.28661322374915627,medium,0.12300795863583304,0.10883118131617937,0.06134264474109368,0.5116666666666667,0.5223078660436105,0.5116666666666667,10.340983533412889,0.9906380919768368,1.0,0.35,0.15,0.5
36-10-0.pt,36,10,0.29367134276868667,medium,0.0954834379008416,0.10638207294548666,0.06834440061992997,0.5179166666666667,0.5428592153266061,0.5179166666666667,10.550482568938245,0.9906380919768368,1.0,0.35,0.15,0.5
36-11-0.pt,36,11,0.3187793647676513,medium,0.08847375228589975,0.09817808244558518,0.07272273212261864,0.6316666666666667,0.5582132908284438,0.6316666666666667,11.232336530569196,0.9906380919768368,1.0,0.35,0.15,0.5
36-12-0.pt,36,12,0.3364596676349258,medium,0.1029373548702528,0.09861575899337813,0.07681536591474757,0.56875,0.5718561685643062,0.56875,11.84713734740562,0.9906380919768368,1.0,0.35,0.15,0.5
36-13-0.pt,36,13,0.3901619578174881,medium,0.07221563746930106,0.08913451359380596,0.08051787526199597,0.60875,0.5855165576387651,0.60875,13.506380706520757,0.9906380919768368,1.0,0.35,0.15,0.5
36-14-0.pt,36,14,0.3672284413195854,medium,0.05183849854150158,0.0862212697411062,0.08424482245997256,0.525,0.5979666198723247,0.525,12.853671050083733,0.9906380919768368,1.0,0.35,0.15,0.5
36-15-0.pt,36,15,0.36107500211470056,medium,0.05561274771723604,0.08127475781798624,0.08827790552534316,0.04625,0.6098971653414232,0.04625,13.108338113920455,0.9906380919768368,1.0,0.35,0.15,0.5
36-16-0.pt,36,16,0.3711607945348189,medium,0.058401812089473495,0.07889553812988806,0.09170817346317084,0.4716666666666667,0.6217036648190307,0.4716666666666667,13.019344137761829,0.9906380919768368,1.0,0.35,0.15,0.5
36-17-0.pt,36,17,0.3777108605744397,medium,0.07490065375814588,0.07496724076447335,0.0951703230981316,0.4891666666666667,0.6329913678849852,0.4891666666666667,13.205820688628187,0.9906380919768368,1.0,0.35,0.15,0.5
36-18-0.pt,36,18,0.417933619021337,medium,0.04539696113220785,0.07077862288822515,0.09812612620645281,0.55125,0.6433535376070312,0.55125,14.418027408915625,0.9906380919768368,1.0,0.35,0.15,0.5
36-19-0.pt,36,19,0.4235811094017716,medium,0.030387777865696963,0.06579644570084729,0.1013043097007229,0.565,0.653350715018807,0.565,14.579971495958965,0.9906380919768368,1.0,0.35,0.15,0.5
36-2-0.pt,36,2,0.22927090955749185,medium,0.5691005966820958,0.27784520112314975,0.028227139493763962,0.9529166666666666,0.33634567092425555,0.9529166666666666,8.179437236806884,0.9906380919768368,1.0,0.35,0.15,0.5
36-20-0.pt,36,20,0.42962624663653737,medium,0.041934842886768874,0.060615902316423484,0.10446048040521226,0.5475,0.6628158495460219,0.5475,14.784416611571926,0.9906380919768368,1.0,0.35,0.15,0.5
36-21-0.pt,36,21,0.4397289183650266,medium,0.03869643885286482,0.056270308572077585,0.1075836428219359,0.2,0.6724585561490762,0.2,15.430823371756242,0.9906380919768368,1.0,0.35,0.15,0.5
36-22-0.pt,36,22,0.4468923857356639,medium,0.026218248908437075,0.05246169584691284,0.1107200697780297,0.06583333333333333,0.6818762633456279,0.06583333333333333,15.781537889688616,0.9906380919768368,1.0,0.35,0.15,0.5
36-23-0.pt,36,23,0.477351567533223,hard,0.017777881364820235,0.051200531934018634,0.11400993106244242,0.22083333333333333,0.6907675076153232,0.22083333333333333,16.596524049532757,0.9906380919768368,1.0,0.35,0.15,0.5
36-24-0.pt,36,24,0.48187660705080115,hard,0.028101085683199713,0.04225204356059384,0.11695179013158134,0.6445833333333333,0.6998386659800078,0.6445833333333333,16.33390610170195,0.9906380919768368,1.0,0.35,0.15,0.5
36-25-0.pt,36,25,0.509257894983566,hard,0.033123193772065324,0.03869069319601521,0.11952184254258562,0.5720833333333334,0.7085194328870488,0.5720833333333334,17.26742513650281,0.9906380919768368,1.0,0.35,0.15,0.5
36-26-0.pt,36,26,0.5051765967272314,hard,0.035319249230714715,0.037725982659836704,0.12228942481234671,0.11875,0.7166970256441624,0.11875,17.565186449894927,0.9906380919768368,1.0,0.35,0.15,0.5
36-27-0.pt,36,27,0.53041300880464,hard,0.0383301099188001,0.03360697209932412,0.12542476288045518,0.14833333333333334,0.7253984398913252,0.14833333333333334,18.333746119627854,0.9906380919768368,1.0,0.35,0.15,0.5
36-28-0.pt,36,28,0.5271298067732169,hard,0.037460099076649364,0.028500604917812828,0.12802478730600717,0.06208333333333333,0.7333155744726491,0.06208333333333333,18.308326042686357,0.9906380919768368,1.0,0.35,0.15,0.5
36-29-0.pt,36,29,0.5606577484466557,hard,0.026923288247791142,0.02444793141481882,0.1305375547136701,0.5141666666666667,0.7409494387209478,0.5141666666666667,18.939008677825818,0.9906380919768368,1.0,0.35,0.15,0.5
36-3-0.pt,36,3,0.24512840156683027,medium,0.4286892919508492,0.20105088236926605,0.03158039937197529,0.8904166666666666,0.38092784500683663,0.8904166666666666,8.723453018462504,0.9906380919768368,1.0,0.35,0.15,0.5
36-30-0.pt,36,30,0.6187160640883951,hard,0.02553254326374508,0.022292207929456697,0.1332405654193404,0.00125,0.7488148444591964,0.00125,21.263797313678584,0.9906380919768368,1.0,0.35,0.15,0.5
36-31-0.pt,36,31,0.5849168182600771,hard,0.02707487856836223,0.020769275030303642,0.13605071356498297,0.5383333333333333,0.7566110061510214,0.5383333333333333,19.6788900098529,0.9906380919768368,1.0,0.35,0.15,0.5
36-32-0.pt,36,32,0.6049898190376012,hard,0.031569825465874106,0.01841551772259856,0.13866344829271746,0.485,0.7641819962192627,0.485,20.362928851353463,0.9906380919768368,1.0,0.35,0.15,0.5
36-33-0.pt,36,33,0.6182274323945177,hard,0.04543916842294441,0.01947046312103098,0.1411711896119052,0.47791666666666666,0.7719073352929937,0.47791666666666666,20.786248541527304,0.9906380919768368,1.0,0.35,0.15,0.5
36-34-0.pt,36,34,0.675717853582495,hard,0.06837924917698499,0.019555879534343634,0.1436949415579388,0.18083333333333335,0.7791083807250739,0.18083333333333335,22.8883389867419,0.9906380919768368,1.0,0.35,0.15,0.5
36-35-0.pt,36,35,0.6502665968428025,hard,0.07647893794080184,0.023292572792566427,0.14613573689080728,0.41041666666666665,0.78666596023455,0.41041666666666665,21.860237426842033,0.9906380919768368,1.0,0.35,0.15,0.5
36-36-0.pt,36,36,0.6727408592833195,hard,0.12230911358672585,0.026429015843018582,0.14851759113267665,0.09333333333333334,0.7941375763669748,0.09333333333333334,22.870920661549636,0.9906380919768368,1.0,0.35,0.15,0.5
36-37-0.pt,36,37,0.7376880636978315,hard,0.08539547673004022,0.03259434918196917,0.15088290492711967,0.21708333333333332,0.8013717172766919,0.21708333333333332,24.809800769209915,0.9906380919768368,1.0,0.35,0.15,0.5
36-38-0.pt,36,38,0.7025559765656278,hard,0.09168630504574439,0.037327192885739505,0.15334001264791156,0.29083333333333333,0.8084032791847626,0.29083333333333333,23.622938275057745,0.9906380919768368,1.0,0.35,0.15,0.5
36-39-0.pt,36,39,0.7669185220115567,hard,0.09620059533006692,0.03899875208712837,0.15620809326547322,0.3104166666666667,0.8146689035337847,0.3104166666666667,25.642594029410493,0.9906380919768368,1.0,0.35,0.15,0.5
36-4-0.pt,36,4,0.255679030771538,medium,0.3301254550158777,0.18152173696995033,0.038779551384378996,0.7720833333333333,0.41614249666409575,0.7720833333333333,9.156032644856742,0.9906380919768368,1.0,0.35,0.15,0.5
36-40-0.pt,36,40,0.7794135232080595,hard,0.09948374692659506,0.040689094175453785,0.15981009179052189,0.010833333333333334,0.8218506418469653,0.010833333333333334,26.3203550586422,0.9906380919768368,1.0,0.35,0.15,0.5
36-41-0.pt,36,41,0.801667504467088,hard,0.1170562242470732,0.04310670997717336,0.1643147172678464,0.2941666666666667,0.8285792207561589,0.2941666666666667,26.75418232510866,0.9906380919768368,1.0,0.35,0.15,0.5
36-42-0.pt,36,42,0.8035906612347001,hard,0.12519867614800817,0.0453477686962486,0.17009001807933752,0.2775,0.8358055740077015,0.2775,26.82804778860124,0.9906380919768368,1.0,0.35,0.15,0.5
36-43-0.pt,36,43,0.8185000937066715,hard,0.13180419868240253,0.04673062767047348,0.17670628574090352,0.21583333333333332,0.8425260868156467,0.21583333333333332,27.35662031440484,0.9906380919768368,1.0,0.35,0.15,0.5
36-44-0.pt,36,44,0.8197580833010023,hard,0.1760023232864789,0.049401331642288715,0.18465472656270773,0.09958333333333333,0.8494464507917983,0.09958333333333333,27.504086567261172,0.9906380919768368,1.0,0.35,0.15,0.5
36-45-0.pt,36,45,0.8559005433218564,hard,0.1911132674566899,0.05345245496668503,0.19386599120412992,0.29125,0.8558727523496771,0.29125,28.465461104219443,0.9906380919768368,1.0,0.35,0.15,0.5
36-46-0.pt,36,46,0.8728493886014405,hard,0.20761232435552984,0.057494315708543374,0.20390361303089566,0.13291666666666666,0.8619777980249493,0.13291666666666666,29.150747233652382,0.9906380919768368,1.0,0.35,0.15,0.5
36-47-0.pt,36,47,0.8947358006000841,hard,0.2208418640738029,0.06038997525160731,0.21524262962262092,0.33166666666666667,0.8677118836207846,0.33166666666666667,29.653647260905842,0.9906380919768368,1.0,0.35,0.15,0.5
36-48-0.pt,36,48,0.8985107126605769,hard,0.2294705661645651,0.06738569766783915,0.2294012687388927,0.14958333333333335,0.874207807133928,0.14958333333333335,29.943609952292615,0.9906380919768368,1.0,0.35,0.15,0.5
36-49-0.pt,36,49,0.9112523041313697,hard,0.2622780173488624,0.07582092049772363,0.24460575678222365,0.2808333333333333,0.8805934791313345,0.2808333333333333,30.220381550459248,0.9906380919768368,1.0,0.35,0.15,0.5
36-5-0.pt,36,5,0.2469019358916524,medium,0.22698595081100156,0.15846689529028118,0.04431975369514,0.5770833333333333,0.444693238022643,0.5770833333333333,9.051287346613316,0.9906380919768368,1.0,0.35,0.15,0.5
36-50-0.pt,36,50,0.919490667048269,hard,0.29802163784307045,0.08041793362136784,0.26108519921389417,0.14083333333333334,0.8869906342839291,0.14083333333333334,30.61194760043533,0.9906380919768368,1.0,0.35,0.15,0.5
36-6-0.pt,36,6,0.2675226893466057,medium,0.16008793185975997,0.1435360775116763,0.0497167829968532,0.7220833333333333,0.46888984603023826,0.7220833333333333,9.55758462784469,0.9906380919768368,1.0,0.35,0.15,0.5
36-7-0.pt,36,7,0.2633241233892797,medium,0.14367393460308842,0.13072187783204928,0.05482325386018061,0.30833333333333335,0.4903760906777882,0.30833333333333335,9.808621690278486,0.9906380919768368,1.0,0.35,0.15,0.5
36-8-0.pt,36,8,0.2899718552332575,medium,0.1335310927253297,0.12041632432625501,0.05945442904835251,0.6375,0.5097022252508507,0.6375,10.333113947042797,0.9906380919768368,1.0,0.35,0.15,0.5
36-9-0.pt,36,9,0.3076566282601483,medium,0.14202208674642536,0.11198237240752872,0.06407042901293263,0.615,0.5266529531641764,0.615,10.908329378737282,0.9906380919768368,1.0,0.35,0.15,0.5
37-10-0.pt,37,10,0.3031379224666708,medium,0.12157023662587342,0.10607128498898388,0.07125327026605456,0.47833333333333333,0.5474362593319462,0.47833333333333333,10.88637489474824,0.9906380919768368,1.0,0.35,0.15,0.5
37-11-0.pt,37,11,0.3216888126192578,medium,0.11150637270767351,0.10225618386477338,0.07568117483679244,0.46791666666666665,0.5622394450803103,0.46791666666666665,11.478452421710102,0.9906380919768368,1.0,0.35,0.15,0.5
37-12-0.pt,37,12,0.3449978298619462,medium,0.09592874020730799,0.09690514432268268,0.0796358242943733,0.5970833333333333,0.576713965670854,0.5970833333333333,12.08898151259068,0.9906380919768368,1.0,0.35,0.15,0.5
37-13-0.pt,37,13,0.37080959915165135,medium,0.06884094584642378,0.09526441325517504,0.08362251744908766,0.5708333333333333,0.590303550232223,0.5708333333333333,12.926816167904338,0.9906380919768368,1.0,0.35,0.15,0.5
37-14-0.pt,37,14,0.36328201068897675,medium,0.04985436451095617,0.08827314139039023,0.08748499090149642,0.51875,0.6026435451504131,0.51875,12.732569680984172,0.9906380919768368,1.0,0.35,0.15,0.5
37-15-0.pt,37,15,0.38130697507223044,medium,0.07177423437598224,0.08544394658118419,0.09140792089382754,0.52625,0.6152225508736515,0.52625,13.291862194896359,0.9906380919768368,1.0,0.35,0.15,0.5
37-16-0.pt,37,16,0.3889289954584254,medium,0.061085768709875615,0.08123600682347672,0.09482335412598766,0.09833333333333333,0.626709688112619,0.09833333333333333,13.93522808080035,0.9906380919768368,1.0,0.35,0.15,0.5
37-17-0.pt,37,17,0.4091498664487876,medium,0.08586885656595232,0.07701817323059518,0.09823379371422805,0.4841666666666667,0.6381581798228741,0.4841666666666667,14.205331630402128,0.9906380919768368,1.0,0.35,0.15,0.5
37-18-0.pt,37,18,0.41988589805479365,medium,0.05315243452909845,0.07379449668266334,0.10139470056709064,0.3258333333333333,0.6485783667352557,0.3258333333333333,14.69186614245592,0.9906380919768368,1.0,0.35,0.15,0.5
37-19-0.pt,37,19,0.427108129098493,medium,0.04051551167818395,0.0704176844400525,0.1046811010433031,0.27416666666666667,0.6584392427337702,0.27416666666666667,14.965919091946477,0.9906380919768368,1.0,0.35,0.15,0.5
37-2-0.pt,37,2,0.2420003021788759,medium,0.5741568133678602,0.28204866382788946,0.029136420039010076,0.9329166666666666,0.3399523682478681,0.9329166666666666,8.600584580105226,0.9906380919768368,1.0,0.35,0.15,0.5
37-20-0.pt,37,20,0.4527521872191821,hard,0.048370182638182026,0.06496263596763323,0.1081439193539773,0.5279166666666667,0.6681996556005217,0.5279166666666667,15.534097970935317,0.9906380919768368,1.0,0.35,0.15,0.5
37-21-0.pt,37,21,0.462854045123878,hard,0.051810682779657447,0.06268036822850924,0.11132988031232707,0.5479166666666667,0.6778966160259388,0.5479166666666667,15.831467799795558,0.9906380919768368,1.0,0.35,0.15,0.5
37-22-0.pt,37,22,0.48190425719378077,hard,0.030283129677680706,0.05769674225463516,0.11445466731973564,0.5979166666666667,0.6873592287904164,0.5979166666666667,16.384177834827778,0.9906380919768368,1.0,0.35,0.15,0.5
37-23-0.pt,37,23,0.5025492643244976,hard,0.03311500664257193,0.05495674942909193,0.1175530227688607,0.56625,0.6966447541681683,0.56625,17.065080703305735,0.9906380919768368,1.0,0.35,0.15,0.5
37-24-0.pt,37,24,0.5021499540991868,hard,0.04283247981389766,0.050763828650574314,0.12083860955426494,0.03666666666666667,0.7056188129826646,0.03666666666666667,17.551675355360295,0.9906380919768368,1.0,0.35,0.15,0.5
37-25-0.pt,37,25,0.5229981639092022,hard,0.04283491783451275,0.04346563866341651,0.1235408430447273,0.58625,0.7143127085498533,0.58625,17.687289671920325,0.9906380919768368,1.0,0.35,0.15,0.5
37-26-0.pt,37,26,0.5428495778739588,hard,0.059692399767550815,0.038575741931700006,0.12629609304884482,0.5783333333333334,0.7231031660340151,0.5783333333333334,18.32067711975185,0.9906380919768368,1.0,0.35,0.15,0.5
37-27-0.pt,37,27,0.5476361422629784,hard,0.04190715970587651,0.03558439948613727,0.1293555437386842,0.57125,0.7315355810012538,0.57125,18.475743824354666,0.9906380919768368,1.0,0.35,0.15,0.5
37-28-0.pt,37,28,0.5679387025088409,hard,0.04693942328340959,0.03074661320792201,0.1323594283340365,0.5158333333333334,0.7392808673705289,0.5158333333333334,19.168968980080493,0.9906380919768368,1.0,0.35,0.15,0.5
37-29-0.pt,37,29,0.5712686906489496,hard,0.04533335748630351,0.02573453264123859,0.13509074417513045,0.5379166666666667,0.7475518756378471,0.5379166666666667,19.250218822606282,0.9906380919768368,1.0,0.35,0.15,0.5
37-3-0.pt,37,3,0.24104820786579664,medium,0.4201006316568198,0.2159782465495377,0.03409363956502004,0.5495833333333333,0.38473563915572034,0.5495833333333333,8.91619441299144,0.9906380919768368,1.0,0.35,0.15,0.5
37-30-0.pt,37,30,0.5878105932067237,hard,0.04511113710356877,0.022262829889173955,0.13758110457708714,0.21,0.7554472096021556,0.21,20.082914454596047,0.9906380919768368,1.0,0.35,0.15,0.5
37-31-0.pt,37,31,0.6041704460449295,hard,0.03649729304091861,0.022643149882400338,0.14043302804324131,0.4425,0.7632340619644588,0.4425,20.3776933067526,0.9906380919768368,1.0,0.35,0.15,0.5
37-32-0.pt,37,32,0.6168086935607228,hard,0.040842776527943915,0.02011615325153756,0.1433157694831999,0.2075,0.7711469902306408,0.2075,20.998368521963243,0.9906380919768368,1.0,0.35,0.15,0.5
37-33-0.pt,37,33,0.7035162056971042,hard,0.060438057301896185,0.01988212325199505,0.14578381546305144,0.42541666666666667,0.7785939739007088,0.42541666666666667,23.537712688153665,0.9906380919768368,1.0,0.35,0.15,0.5
37-34-0.pt,37,34,0.6701450860991999,hard,0.07953097686438688,0.018978827355255693,0.14830872470364825,0.20416666666666666,0.7863163154855836,0.20416666666666666,22.686546548940996,0.9906380919768368,1.0,0.35,0.15,0.5
37-35-0.pt,37,35,0.6734767375329288,hard,0.11189460171457986,0.02186693193975681,0.15071317779018872,0.41791666666666666,0.7941130689630601,0.41791666666666666,22.586029717585905,0.9906380919768368,1.0,0.35,0.15,0.5
37-36-0.pt,37,36,0.7318382778638507,hard,0.08382593410955998,0.025840925547858547,0.15318683969962618,0.02666666666666667,0.801422162691017,0.02666666666666667,24.805121065352534,0.9906380919768368,1.0,0.35,0.15,0.5
37-37-0.pt,37,37,0.7754363622670304,hard,0.08669958347598533,0.030729491014805196,0.1556685371496893,0.39625,0.8087833739488776,0.39625,25.833562464157456,0.9906380919768368,1.0,0.35,0.15,0.5
37-38-0.pt,37,38,0.7840202252878448,hard,0.07964044277252466,0.03617142822779157,0.15824069856298492,0.30583333333333335,0.8152544527007141,0.30583333333333335,26.188967695664683,0.9906380919768368,1.0,0.35,0.15,0.5
37-39-0.pt,37,39,0.7889702109672203,hard,0.1064749179298557,0.038286323899452454,0.16124118632997833,0.34875,0.8225831877962023,0.34875,26.302183827597073,0.9906380919768368,1.0,0.35,0.15,0.5
37-4-0.pt,37,4,0.24863494431271424,medium,0.3585627213901452,0.18547509841718376,0.041368894695494166,0.51625,0.42012091903957743,0.51625,9.174007155728964,0.9906380919768368,1.0,0.35,0.15,0.5
37-40-0.pt,37,40,0.8051517434315534,hard,0.11430799175864632,0.037515820760664426,0.16478411285103836,0.1525,0.8294959032312155,0.1525,26.99881815818117,0.9906380919768368,1.0,0.35,0.15,0.5
37-41-0.pt,37,41,0.7983576788815074,hard,0.1275144142771611,0.03976845588351999,0.16929667428808287,0.06666666666666667,0.8368074253173571,0.06666666666666667,26.861926715590062,0.9906380919768368,1.0,0.35,0.15,0.5
37-42-0.pt,37,42,0.8287957537803967,hard,0.13155739991085316,0.04201948973010495,0.1748135396815488,0.2679166666666667,0.8435480254265246,0.2679166666666667,27.633198507761154,0.9906380919768368,1.0,0.35,0.15,0.5
37-43-0.pt,37,43,0.8256118879372762,hard,0.1669739623927486,0.046961934678527655,0.18166247904425062,0.25,0.8505973843019196,0.25,27.54638995893054,0.9906380919768368,1.0,0.35,0.15,0.5
37-44-0.pt,37,44,0.8632736150465278,hard,0.14712901209051138,0.04751365938253389,0.18943648746396843,0.3254166666666667,0.8573739013711903,0.3254166666666667,28.666189262962344,0.9906380919768368,1.0,0.35,0.15,0.5
37-45-0.pt,37,45,0.8813013552996098,hard,0.1697772111061351,0.05118949780630723,0.19894000545790244,0.26166666666666666,0.8638936355963093,0.26166666666666666,29.295696963987528,0.9906380919768368,1.0,0.35,0.15,0.5
37-46-0.pt,37,46,0.9004803135449169,hard,0.20512502388149056,0.053954797927873846,0.2091702996349842,0.2704166666666667,0.8695334770219659,0.2704166666666667,29.893217320777772,0.9906380919768368,1.0,0.35,0.15,0.5
37-47-0.pt,37,47,0.9007977311436767,hard,0.24125403262423642,0.05745349291740139,0.22125664405041678,0.04541666666666667,0.8759663389753205,0.04541666666666667,30.114330662912185,0.9906380919768368,1.0,0.35,0.15,0.5
37-48-0.pt,37,48,0.9333879446630722,hard,0.2537320305982254,0.0590184319147928,0.236106472817344,0.3329166666666667,0.8829125478907269,0.3329166666666667,30.871853030452318,0.9906380919768368,1.0,0.35,0.15,0.5
37-49-0.pt,37,49,0.901592068904214,hard,0.27267886965173543,0.06702773995252774,0.25195838532436443,0.335,0.8893355996869656,0.335,29.859079347205757,0.9906380919768368,1.0,0.35,0.15,0.5
37-5-0.pt,37,5,0.24761711785448048,medium,0.2351901212695722,0.1607599350686121,0.04670935817053803,0.11458333333333333,0.4487011771357329,0.11458333333333333,9.511537015152419,0.9906380919768368,1.0,0.35,0.15,0.5
37-50-0.pt,37,50,0.940318783509346,hard,0.29177859240864984,0.07507794507698182,0.2682832760273698,0.0675,0.8953665708110627,0.0675,31.338594593071193,0.9906380919768368,1.0,0.35,0.15,0.5
37-6-0.pt,37,6,0.2775872725739339,medium,0.17138758430198675,0.15175908288446097,0.05259253571508191,0.68875,0.47296791064300486,0.68875,9.9067062929237,0.9906380919768368,1.0,0.35,0.15,0.5
37-7-0.pt,37,7,0.2830358370578979,medium,0.14162090551039003,0.13073465257368758,0.057445323895430896,0.6695833333333333,0.49446234165170083,0.6695833333333333,10.088922307037194,0.9906380919768368,1.0,0.35,0.15,0.5
37-8-0.pt,37,8,0.27931435690953416,medium,0.15398586043360163,0.12499471820206862,0.062269277950566845,0.19041666666666668,0.5141327877149149,0.19041666666666668,10.417947404428002,0.9906380919768368,1.0,0.35,0.15,0.5
37-9-0.pt,37,9,0.31352578603677544,medium,0.13196573526599617,0.11606698125267281,0.06688819018655781,0.5529166666666666,0.5309886465770558,0.5529166666666666,11.151619826560644,0.9906380919768368,1.0,0.35,0.15,0.5
38-10-0.pt,38,10,0.29514326295039356,medium,0.13755949725477035,0.10908713862462707,0.0745682330960998,0.050833333333333335,0.552079880744632,0.050833333333333335,11.036957808541606,0.9906380919768368,1.0,0.35,0.15,0.5
38-11-0.pt,38,11,0.33339781885084857,medium,0.12072845323473706,0.10317898593261716,0.07881020767002428,0.48875,0.5668459582881433,0.48875,11.828061961037784,0.9906380919768368,1.0,0.35,0.15,0.5
38-12-0.pt,38,12,0.35495928724609294,medium,0.11339620198108334,0.09914512879840924,0.082769955561809,0.54,0.5811824368127086,0.54,12.457228095829876,0.9906380919768368,1.0,0.35,0.15,0.5
38-13-0.pt,38,13,0.3506860291480768,medium,0.06585184106607353,0.09852568366012937,0.08689867527211297,0.24208333333333334,0.594992669132174,0.24208333333333334,12.599022027124334,0.9906380919768368,1.0,0.35,0.15,0.5
38-14-0.pt,38,14,0.37677927625267293,medium,0.0651116075671258,0.09125034723961194,0.09075120302129625,0.56125,0.6074225013628405,0.56125,13.118235711449847,0.9906380919768368,1.0,0.35,0.15,0.5
38-15-0.pt,38,15,0.3882615220961532,medium,0.06471996411090718,0.09013726536526558,0.09460498414319246,0.5275,0.6200632983286434,0.5275,13.509219296216466,0.9906380919768368,1.0,0.35,0.15,0.5
38-16-0.pt,38,16,0.403635111707907,medium,0.07181647534470555,0.08558745168462778,0.0981144316681224,0.32083333333333336,0.631769151160402,0.32083333333333336,14.188176684438828,0.9906380919768368,1.0,0.35,0.15,0.5
38-17-0.pt,38,17,0.43194153094431376,medium,0.07204907832950382,0.08178791590611721,0.10147504481358029,0.5370833333333334,0.643193459180947,0.5370833333333334,14.875707454777723,0.9906380919768368,1.0,0.35,0.15,0.5
38-18-0.pt,38,18,0.43673722791878994,medium,0.045025681342918726,0.07747723614032911,0.10472716216140911,0.48375,0.6536100026070849,0.48375,15.074176615720571,0.9906380919768368,1.0,0.35,0.15,0.5
38-19-0.pt,38,19,0.4283780560763287,medium,0.04331736504951767,0.07326002423601463,0.10817246816005706,0.17083333333333334,0.6636204299130674,0.17083333333333334,15.10220561720684,0.9906380919768368,1.0,0.35,0.15,0.5
38-2-0.pt,38,2,0.22528151089973295,medium,0.5803025310672214,0.280979251489504,0.030133921509341407,0.48791666666666667,0.34340579841659125,0.48791666666666667,8.491646303838804,0.9906380919768368,1.0,0.35,0.15,0.5
38-20-0.pt,38,20,0.46487748540926516,hard,0.04207987005004609,0.07284749449108435,0.11178308444998038,0.42791666666666667,0.6739619743018591,0.42791666666666667,16.011183834569266,0.9906380919768368,1.0,0.35,0.15,0.5
38-21-0.pt,38,21,0.46406621485629534,hard,0.041605197015473716,0.06908227350622087,0.11508986248254137,0.15125,0.6833936971561755,0.15125,16.24435254909728,0.9906380919768368,1.0,0.35,0.15,0.5
38-22-0.pt,38,22,0.4867217059940942,hard,0.03167562169767123,0.06288003354249815,0.11823720196013736,0.15291666666666667,0.6930432065607983,0.15291666666666667,16.957201220244986,0.9906380919768368,1.0,0.35,0.15,0.5
38-23-0.pt,38,23,0.5153443365432125,hard,0.03990540962653476,0.05888503704213939,0.1212778585291617,0.5825,0.7026295924828158,0.5825,17.45291865460882,0.9906380919768368,1.0,0.35,0.15,0.5
38-24-0.pt,38,24,0.5248659314189913,hard,0.04227688632642638,0.057495584969306165,0.12456441571694069,0.5883333333333334,0.7115345741078292,0.5883333333333334,17.745664962989387,0.9906380919768368,1.0,0.35,0.15,0.5
38-25-0.pt,38,25,0.537681772436166,hard,0.044387668926669434,0.04659096080746195,0.12769001876071326,0.5266666666666666,0.7202229122080898,0.5266666666666666,18.207053176438478,0.9906380919768368,1.0,0.35,0.15,0.5
38-26-0.pt,38,26,0.5604988382991947,hard,0.04161729513172252,0.043160237360368336,0.1304318600743103,0.5583333333333333,0.7287966851684492,0.5583333333333333,18.896973952786976,0.9906380919768368,1.0,0.35,0.15,0.5
38-27-0.pt,38,27,0.5621406834176678,hard,0.036376620585302465,0.040885409355365075,0.13339019193597962,0.09666666666666666,0.737472026136507,0.09666666666666666,19.38391526835449,0.9906380919768368,1.0,0.35,0.15,0.5
38-28-0.pt,38,28,0.5633573375822045,hard,0.04106685387739388,0.035219740756261435,0.13664063868242246,0.23375,0.7454340787226793,0.23375,19.289073961679627,0.9906380919768368,1.0,0.35,0.15,0.5
38-29-0.pt,38,29,0.5772244889785888,hard,0.039909604951716214,0.03059958253104661,0.1395404791476011,0.13916666666666666,0.7539311923478422,0.13916666666666666,19.815133525959062,0.9906380919768368,1.0,0.35,0.15,0.5
38-3-0.pt,38,3,0.25149074144248773,medium,0.4201482582825778,0.21875789086603672,0.035863448899589416,0.8895833333333333,0.38849640587319273,0.8895833333333333,8.922900679339866,0.9906380919768368,1.0,0.35,0.15,0.5
38-30-0.pt,38,30,0.6513776244046365,hard,0.04183831604220736,0.026469328614932945,0.14226114251488803,0.022083333333333333,0.761641592618249,0.022083333333333333,22.27442333486276,0.9906380919768368,1.0,0.35,0.15,0.5
38-31-0.pt,38,31,0.6312885683442705,hard,0.036270317647224645,0.02474717119188396,0.14491125558108237,0.48541666666666666,0.770119764701022,0.48541666666666666,21.193995332826624,0.9906380919768368,1.0,0.35,0.15,0.5
38-32-0.pt,38,32,0.7110183738539934,hard,0.05091018713156176,0.022645024447247135,0.1477525539964133,0.48833333333333334,0.7774965056880297,0.48833333333333334,23.716289959017416,0.9906380919768368,1.0,0.35,0.15,0.5
38-33-0.pt,38,33,0.7181671443748037,hard,0.061326902441575265,0.022661839779768864,0.1504459296870895,0.46166666666666667,0.7856833824829409,0.46166666666666667,23.9649541678142,0.9906380919768368,1.0,0.35,0.15,0.5
38-34-0.pt,38,34,0.7143976721211835,hard,0.09093432530654895,0.023469171020318143,0.15283097897341946,0.18875,0.7935701642098016,0.18875,24.101392102290827,0.9906380919768368,1.0,0.35,0.15,0.5
38-35-0.pt,38,35,0.7513851492394003,hard,0.07377499909116193,0.02271792710148976,0.15527798067088178,0.37583333333333335,0.8011016361795127,0.37583333333333335,25.093463061068995,0.9906380919768368,1.0,0.35,0.15,0.5
38-36-0.pt,38,36,0.7640131987655946,hard,0.0803744802524484,0.02682225887101974,0.15782776785998578,0.16125,0.8085378002896294,0.16125,25.69462067438892,0.9906380919768368,1.0,0.35,0.15,0.5
38-37-0.pt,38,37,0.7737675267391705,hard,0.06886936305434542,0.03081260839407161,0.1605398181425055,0.08458333333333333,0.8154076572923676,0.08458333333333333,26.073919209653926,0.9906380919768368,1.0,0.35,0.15,0.5
38-38-0.pt,38,38,0.7895341938271461,hard,0.08240583804490142,0.03633221244757426,0.16325591988576194,0.29,0.8229418467617461,0.29,26.375711350467327,0.9906380919768368,1.0,0.35,0.15,0.5
38-39-0.pt,38,39,0.7610811365626114,hard,0.10701764120133411,0.03644035379447318,0.16635256109817476,0.34125,0.8301697103066374,0.34125,25.421913811086046,0.9906380919768368,1.0,0.35,0.15,0.5
38-4-0.pt,38,4,0.2641366975070984,medium,0.35107022126479814,0.19303023730942198,0.043355488171376265,0.83375,0.423844797912815,0.83375,9.362512461317946,0.9906380919768368,1.0,0.35,0.15,0.5
38-40-0.pt,38,40,0.8280308730430385,hard,0.12008607917302531,0.03726534938057335,0.16981443073804525,0.2791666666666667,0.8375794248049784,0.2791666666666667,27.600691516277493,0.9906380919768368,1.0,0.35,0.15,0.5
38-41-0.pt,38,41,0.8305230622198949,hard,0.12244717947318066,0.04012669612003295,0.17415179011695067,0.285,0.8445602665969585,0.285,27.67133305906067,0.9906380919768368,1.0,0.35,0.15,0.5
38-42-0.pt,38,42,0.8525796023559432,hard,0.15044863605429462,0.04271490868269125,0.17939780121939414,0.02,0.8513849589895457,0.02,28.619574575738408,0.9906380919768368,1.0,0.35,0.15,0.5
38-43-0.pt,38,43,0.8785874781290932,hard,0.14658771855038227,0.04612060361294646,0.18646015590974713,0.19958333333333333,0.8584436754299286,0.19958333333333333,29.270819801135275,0.9906380919768368,1.0,0.35,0.15,0.5
38-44-0.pt,38,44,0.877139198055386,hard,0.1469445436413019,0.04740130162769373,0.1944417909046802,0.2375,0.8650277676881594,0.2375,29.186211418302495,0.9906380919768368,1.0,0.35,0.15,0.5
38-45-0.pt,38,45,0.9062909779255207,hard,0.19290985470354466,0.048699279864815335,0.20387438183192794,0.2675,0.8711850567016362,0.2675,30.07955901155269,0.9906380919768368,1.0,0.35,0.15,0.5
38-46-0.pt,38,46,0.8949586118368282,hard,0.22357053394976278,0.049348826702053115,0.21480619449929142,0.26916666666666667,0.8776040133312221,0.26916666666666667,29.71603807964176,0.9906380919768368,1.0,0.35,0.15,0.5
38-47-0.pt,38,47,0.9135305277896046,hard,0.25372905753276853,0.052884771979173587,0.2276772175248013,0.051666666666666666,0.8845301325535548,0.051666666666666666,30.50864069134564,0.9906380919768368,1.0,0.35,0.15,0.5
38-48-0.pt,38,48,0.9470391127170414,hard,0.24255935378709179,0.056538657694211986,0.24261409480978718,0.2783333333333333,0.8914053568865351,0.2783333333333333,31.35308076097494,0.9906380919768368,1.0,0.35,0.15,0.5
38-49-0.pt,38,49,0.9476876955978609,hard,0.2577271972506338,0.06356633612409562,0.2592695829879224,0.13625,0.8978788662477092,0.13625,31.50593796483227,0.9906380919768368,1.0,0.35,0.15,0.5
38-5-0.pt,38,5,0.27754009405160945,medium,0.24411697456587048,0.16722346175952663,0.049070941856223925,0.7579166666666667,0.4525628589315873,0.7579166666666667,9.847832150174849,0.9906380919768368,1.0,0.35,0.15,0.5
38-50-0.pt,38,50,0.9514298085575505,hard,0.2996351837585683,0.07002191796866379,0.27578785837454695,0.12958333333333333,0.9035492577416617,0.12958333333333333,31.628615704120197,0.9906380919768368,1.0,0.35,0.15,0.5
38-6-0.pt,38,6,0.2640927192998757,medium,0.16495701646195432,0.14965471140425718,0.05487875103903997,0.18375,0.4768865872970644,0.18375,9.95679036510532,0.9906380919768368,1.0,0.35,0.15,0.5
38-7-0.pt,38,7,0.2893926698125782,medium,0.14773749306004438,0.135516356040688,0.060368500358337046,0.6466666666666666,0.49855171362960665,0.6466666666666666,10.310582320940544,0.9906380919768368,1.0,0.35,0.15,0.5
38-8-0.pt,38,8,0.30800929001670907,medium,0.14016265464782587,0.12494712583978901,0.06505475343776201,0.6325,0.5180526472198455,0.6325,10.906393214419014,0.9906380919768368,1.0,0.35,0.15,0.5
38-9-0.pt,38,9,0.31544473172147547,medium,0.1317966862372819,0.11882417451008852,0.06985307399800349,0.07125,0.5352470720589565,0.07125,11.668137642226915,0.9906380919768368,1.0,0.35,0.15,0.5
39-10-0.pt,39,10,0.32442792822244254,medium,0.13076635543893295,0.11206339521693476,0.0778555320823627,0.45416666666666666,0.5561220847110524,0.45416666666666666,11.580851173543664,0.9906380919768368,1.0,0.35,0.15,0.5
39-11-0.pt,39,11,0.3424766141820646,medium,0.1360008295872716,0.10309125410416019,0.08225002042260963,0.4370833333333333,0.5711574499952277,0.4370833333333333,12.163241221841767,0.9906380919768368,1.0,0.35,0.15,0.5
39-12-0.pt,39,12,0.35597502996762664,medium,0.10036783869892264,0.10292502529195295,0.0862888230366529,0.15416666666666667,0.5859705621303699,0.15416666666666667,12.853885427370606,0.9906380919768368,1.0,0.35,0.15,0.5
39-13-0.pt,39,13,0.3570497339625829,medium,0.07291168176923561,0.10068988691335502,0.09036323646692451,0.10458333333333333,0.5995193989032062,0.10458333333333333,12.929533719462617,0.9906380919768368,1.0,0.35,0.15,0.5
39-14-0.pt,39,14,0.36975383352507135,medium,0.05823933944274853,0.09749599674336694,0.09446977153966221,0.2525,0.6121474246554235,0.2525,13.18674881939042,0.9906380919768368,1.0,0.35,0.15,0.5
39-15-0.pt,39,15,0.41261780197366604,medium,0.08489951094442255,0.09343583719817686,0.09795858926521007,0.46708333333333335,0.624892977934874,0.46708333333333335,14.33691424166024,0.9906380919768368,1.0,0.35,0.15,0.5
39-16-0.pt,39,16,0.4184794953857971,medium,0.08099847165190427,0.08701760692459684,0.1015923467034791,0.03125,0.6367353329354588,0.03125,14.93183715056028,0.9906380919768368,1.0,0.35,0.15,0.5
39-17-0.pt,39,17,0.4384670607495893,medium,0.07968438779958065,0.0821591897098451,0.10497885326211313,0.39125,0.6481541353848606,0.39125,15.219087256018089,0.9906380919768368,1.0,0.35,0.15,0.5
39-18-0.pt,39,18,0.44500465163330255,medium,0.05192588358365725,0.07953916214972068,0.10826836764289695,0.435,0.6582363328355667,0.435,15.380731078448225,0.9906380919768368,1.0,0.35,0.15,0.5
39-19-0.pt,39,19,0.45171077338324944,hard,0.058449140766427404,0.07979325818368505,0.11182808869774774,0.20083333333333334,0.668801738840622,0.20083333333333334,15.811440026647963,0.9906380919768368,1.0,0.35,0.15,0.5
39-2-0.pt,39,2,0.24786131078322302,medium,0.6030676148896694,0.29449517132677283,0.031805124129438866,0.9491666666666667,0.346775916930539,0.9491666666666667,8.768216428679771,0.9906380919768368,1.0,0.35,0.15,0.5
39-20-0.pt,39,20,0.48070686885319863,hard,0.04515793382972654,0.07723740818262671,0.11540853683972759,0.47208333333333335,0.6789733347372664,0.47208333333333335,16.46911917945869,0.9906380919768368,1.0,0.35,0.15,0.5
39-21-0.pt,39,21,0.47755490009620905,hard,0.06340773260393881,0.07272553753417758,0.1188144050791119,0.46125,0.6887339514204969,0.46125,16.37549203537339,0.9906380919768368,1.0,0.35,0.15,0.5
39-22-0.pt,39,22,0.49999507212329,hard,0.03533352842872946,0.0697567178211425,0.12194505878433924,0.44416666666666665,0.6986394832023433,0.44416666666666665,17.09921475105526,0.9906380919768368,1.0,0.35,0.15,0.5
39-23-0.pt,39,23,0.5116488737591711,hard,0.03977977064998312,0.06549193479819301,0.12500509476568597,0.11375,0.7081082166752247,0.11375,17.778652577675548,0.9906380919768368,1.0,0.35,0.15,0.5
39-24-0.pt,39,24,0.5271054050566376,hard,0.04496311592237314,0.06202713910059681,0.12824838890533924,0.21958333333333332,0.7170805079153143,0.21958333333333332,18.164592998195523,0.9906380919768368,1.0,0.35,0.15,0.5
39-25-0.pt,39,25,0.5363775689689257,hard,0.06076666233377393,0.05635385550508882,0.13170293257759297,0.08166666666666667,0.7261855329126312,0.08166666666666667,18.585858274871473,0.9906380919768368,1.0,0.35,0.15,0.5
39-26-0.pt,39,26,0.5749240300715064,hard,0.046792547413648515,0.04716264029468791,0.13455385847134063,0.5491666666666667,0.7347313223155428,0.5491666666666667,19.360656472415176,0.9906380919768368,1.0,0.35,0.15,0.5
39-27-0.pt,39,27,0.5829643647044797,hard,0.042988367977655983,0.044854058226116274,0.13762609106017706,0.535,0.7432572339781353,0.535,19.62558197055767,0.9906380919768368,1.0,0.35,0.15,0.5
39-28-0.pt,39,28,0.5963505538724627,hard,0.04329557383524925,0.04156173294639871,0.14081590385775425,0.5820833333333333,0.7516228857139484,0.5820833333333333,20.00191379922897,0.9906380919768368,1.0,0.35,0.15,0.5
39-29-0.pt,39,29,0.609155656675564,hard,0.04197210464161158,0.03731924238656835,0.14389392639588358,0.5395833333333333,0.7600378253631191,0.5395833333333333,20.44487155231178,0.9906380919768368,1.0,0.35,0.15,0.5
39-3-0.pt,39,3,0.26292639684457114,medium,0.3997500379216149,0.22332143088122816,0.037975284941702554,0.8379166666666666,0.3921829660238482,0.8379166666666666,9.3330654170368,0.9906380919768368,1.0,0.35,0.15,0.5
39-30-0.pt,39,30,0.6119937165575434,hard,0.04047117932199864,0.03267124437506005,0.14676733089915242,0.14416666666666667,0.7681947921111395,0.14416666666666667,20.907040333310675,0.9906380919768368,1.0,0.35,0.15,0.5
39-31-0.pt,39,31,0.6392243895764829,hard,0.04350757411992113,0.026299601653926738,0.14942473156523903,0.04,0.7762993235940061,0.04,21.866089819170302,0.9906380919768368,1.0,0.35,0.15,0.5
39-32-0.pt,39,32,0.6528475157105852,hard,0.05069668784304768,0.027213151348936915,0.15215754271522103,0.10416666666666667,0.784513112105395,0.10416666666666667,22.233773386241268,0.9906380919768368,1.0,0.35,0.15,0.5
39-33-0.pt,39,33,0.7423187108400147,hard,0.054434766436433545,0.02472641540387853,0.1549761882838403,0.49833333333333335,0.7927112246544676,0.49833333333333335,24.69307020686667,0.9906380919768368,1.0,0.35,0.15,0.5
39-34-0.pt,39,34,0.7632793408841381,hard,0.07538513402751715,0.026374437852683053,0.15744412672155578,0.3595833333333333,0.8003103048385153,0.3595833333333333,25.486356731382035,0.9906380919768368,1.0,0.35,0.15,0.5
39-35-0.pt,39,35,0.7718508149211084,hard,0.07955352673522705,0.028013867805488295,0.16002959848153364,0.345,0.8082173376671649,0.345,25.768771110444355,0.9906380919768368,1.0,0.35,0.15,0.5
39-36-0.pt,39,36,0.7839365839817897,hard,0.07708176508570823,0.02806636568263592,0.16259442417183795,0.32625,0.8152088563019302,0.32625,26.16694588017914,0.9906380919768368,1.0,0.35,0.15,0.5
39-37-0.pt,39,37,0.8045145040948747,hard,0.08760680512080965,0.033096447083549765,0.1654286648957971,0.12333333333333334,0.822926963953084,0.12333333333333334,27.008983620418185,0.9906380919768368,1.0,0.35,0.15,0.5
39-38-0.pt,39,38,0.7693475392806893,hard,0.08429792154553481,0.03707341903071197,0.1681700093811614,0.0025,0.8303154415035764,0.0025,26.005652150378356,0.9906380919768368,1.0,0.35,0.15,0.5
39-39-0.pt,39,39,0.7950841962978825,hard,0.12278938582703318,0.03914025894854124,0.17120660220941716,0.3283333333333333,0.8379543600478756,0.3283333333333333,26.509178063033307,0.9906380919768368,1.0,0.35,0.15,0.5
39-4-0.pt,39,4,0.2612402165432745,medium,0.34344162673338285,0.19466433896440102,0.04567403598042281,0.04375,0.4274999557752666,0.04375,10.019391217289318,0.9906380919768368,1.0,0.35,0.15,0.5
39-40-0.pt,39,40,0.8435446506581472,hard,0.11666616452179904,0.040239497318500184,0.1746043915153818,0.15458333333333332,0.8449381084236541,0.15458333333333332,28.207914404123688,0.9906380919768368,1.0,0.35,0.15,0.5
39-41-0.pt,39,41,0.8700805160778096,hard,0.13704717294256155,0.04090441630859184,0.17873311128752992,0.27458333333333335,0.8521917456518249,0.27458333333333335,28.932403879573066,0.9906380919768368,1.0,0.35,0.15,0.5
39-42-0.pt,39,42,0.8837715332171938,hard,0.13510914549539582,0.04391178174976871,0.18392772918962383,0.11083333333333334,0.8589940336027543,0.11083333333333334,29.51925110536779,0.9906380919768368,1.0,0.35,0.15,0.5
39-43-0.pt,39,43,0.8808323437688103,hard,0.1447557075040364,0.046741108782149945,0.191076631998223,0.007916666666666667,0.865845378350521,0.007916666666666667,29.52099988056739,0.9906380919768368,1.0,0.35,0.15,0.5
39-44-0.pt,39,44,0.9014861948074401,hard,0.17192811213230355,0.04740286368171327,0.19944201343955342,0.225,0.8724332216349265,0.225,29.96706060843595,0.9906380919768368,1.0,0.35,0.15,0.5
39-45-0.pt,39,45,0.9239282888832951,hard,0.20393988817673953,0.049130952660566066,0.20937310847421695,0.2575,0.8793696257397706,0.2575,30.644966832979595,0.9906380919768368,1.0,0.35,0.15,0.5
39-46-0.pt,39,46,0.9502967040792915,hard,0.22728441015055742,0.04908905988994911,0.220525209890094,0.21666666666666667,0.8861043463934226,0.21666666666666667,31.5170901680138,0.9906380919768368,1.0,0.35,0.15,0.5
39-47-0.pt,39,47,0.9491238912073421,hard,0.23850739699906048,0.052998497194504716,0.23355369297247094,0.25583333333333336,0.8925222873154859,0.25583333333333336,31.440096861640946,0.9906380919768368,1.0,0.35,0.15,0.5
39-48-0.pt,39,48,0.9175469585269038,hard,0.23423196207197866,0.05583743704418942,0.24887944406863802,0.25875,0.8994535741269338,0.25875,30.433267206784702,0.9906380919768368,1.0,0.35,0.15,0.5
39-49-0.pt,39,49,0.9161674939160036,hard,0.26983644667063933,0.062218416424149665,0.2658146875879479,0.2225,0.9057383917993903,0.2225,30.421393515410863,0.9906380919768368,1.0,0.35,0.15,0.5
39-5-0.pt,39,5,0.29312814363631795,medium,0.22123370192425107,0.1690019791019479,0.05180622813050242,0.54875,0.4561726494763067,0.54875,10.539258664351111,0.9906380919768368,1.0,0.35,0.15,0.5
39-50-0.pt,39,50,0.9578056322245603,hard,0.2974569525899312,0.06870064933074471,0.2833506405867513,0.16083333333333333,0.9119879824506988,0.16083333333333333,31.797669467310207,0.9906380919768368,1.0,0.35,0.15,0.5
39-6-0.pt,39,6,0.293178528478557,medium,0.16761748975843693,0.15191083489316012,0.057719312616879896,0.7170833333333333,0.480657952021929,0.7170833333333333,10.371036736070272,0.9906380919768368,1.0,0.35,0.15,0.5
39-7-0.pt,39,7,0.28153404416269057,medium,0.17206459598214932,0.13866651235344468,0.063463898925057,0.37125,0.50280201670139,0.37125,10.321215755989158,0.9906380919768368,1.0,0.35,0.15,0.5
39-8-0.pt,39,8,0.29429283241361026,medium,0.1475253649124575,0.13090169746204186,0.06844540302661171,0.07333333333333333,0.5220867031775411,0.07333333333333333,11.00083249826868,0.9906380919768368,1.0,0.35,0.15,0.5
39-9-0.pt,39,9,0.3320273302652272,medium,0.15698868995848636,0.12379043649123667,0.07315133250570441,0.5391666666666667,0.5393468948980978,0.5391666666666667,11.74792111866017,0.9906380919768368,1.0,0.35,0.15,0.5
4-10-0.pt,4,10,0.061637477040008645,easy,0.42113291510124895,0.012945610239279207,0.0010789235419534653,0.8991666666666667,0.2471901467156456,0.8991666666666667,2.9514566459274403,0.9906380919768368,0.0,0.35,0.15,0.5
4-11-0.pt,4,11,0.07156975666056013,easy,0.3928811285541764,0.005523223931569218,0.001831818311754796,0.7666666666666667,0.25880870469198225,0.7666666666666667,3.3874860232203203,0.9906380919768368,0.0,0.35,0.15,0.5
4-12-0.pt,4,12,0.05186838127633849,easy,0.3665144059763785,0.0015008130610181247,0.0023979150113760763,0.92375,0.2694372124906293,0.92375,2.6092996227991523,0.9906380919768368,0.0,0.35,0.15,0.5
4-13-0.pt,4,13,0.04662264251101578,easy,0.39598151985415636,0.005753854692710373,0.003007894861506201,0.9291666666666667,0.2792712231187311,0.9291666666666667,2.4338220201953207,0.9906380919768368,0.0,0.35,0.15,0.5
4-14-0.pt,4,14,0.028720631001301636,easy,0.440657230251958,0.01573631128913542,0.0034838376094490087,0.6995833333333333,0.28852873284448743,0.6995833333333333,2.080437976095586,0.9906380919768368,0.0,0.35,0.15,0.5
4-15-0.pt,4,15,0.04718669408571079,easy,0.3507465986025813,0.02367922796280504,0.003801268639591966,0.9608333333333333,0.2974804702368085,0.9608333333333333,2.4142244281737373,0.9906380919768368,0.0,0.35,0.15,0.5
4-16-0.pt,4,16,0.026730225069980393,easy,0.3654438161357412,0.02848993827983101,0.004320985334379679,0.9358333333333333,0.30540718835819614,0.9358333333333333,1.7861069687657012,0.9906380919768368,0.0,0.35,0.15,0.5
4-17-0.pt,4,17,0.004150802815447784,easy,0.3150247477139373,0.036365155906068335,0.004942563867982363,0.16958333333333334,0.31307721197947186,0.16958333333333334,1.7946928207209907,0.9906380919768368,0.0,0.35,0.15,0.5
4-18-0.pt,4,18,0.03862182940217179,easy,0.3255797809980234,0.036777363557939625,0.005426855645451406,0.8641666666666666,0.32046237272809724,0.8641666666666666,2.225094649864601,0.9906380919768368,0.0,0.35,0.15,0.5
4-19-0.pt,4,19,0.028901368743944802,easy,0.37251992625583774,0.04047949630902606,0.0061407791078214105,0.93375,0.3273379465793032,0.93375,1.8480023483984913,0.9906380919768368,0.0,0.35,0.15,0.5
4-2-0.pt,4,2,0.03583106814709626,easy,0.8466103611494642,0.21216696837845997,0.014117137152313029,0.20916666666666667,0.0692081071637727,0.20916666666666667,2.8608696364351114,0.9906380919768368,0.0,0.35,0.15,0.5
4-20-0.pt,4,20,0.04908773339573162,easy,0.46747040871830414,0.05428612624032521,0.0071593961844105885,0.92,0.3337326119151683,0.92,2.4985249455793728,0.9906380919768368,0.0,0.35,0.15,0.5
4-21-0.pt,4,21,0.011248096820678288,easy,0.4554725118648451,0.05177296866118595,0.007685843758300977,0.20208333333333334,0.34018373267445556,0.20208333333333334,1.9778383727763977,0.9906380919768368,0.0,0.35,0.15,0.5
4-22-0.pt,4,22,0.060245964024327005,easy,0.45731202093501805,0.047727205396151856,0.008377619545142732,0.9320833333333334,0.3463725157008922,0.9320833333333334,2.8357103331317357,0.9906380919768368,0.0,0.35,0.15,0.5
4-23-0.pt,4,23,0.0553465398696522,easy,0.37977992509773867,0.05168360231530771,0.009047779280704295,0.7095833333333333,0.352245741891236,0.7095833333333333,2.889262142258028,0.9906380919768368,0.0,0.35,0.15,0.5
4-24-0.pt,4,24,0.0634646872823343,easy,0.3536962571810705,0.064585352290994,0.010189092589631459,0.9079166666666667,0.3577416917618014,0.9079166666666667,2.9560916817390495,0.9906380919768368,0.0,0.35,0.15,0.5
4-25-0.pt,4,25,0.07414619048920386,easy,0.3084564154418061,0.0753434852429082,0.011484457902836738,0.9166666666666666,0.3631026188881501,0.9166666666666666,3.284288895348049,0.9906380919768368,0.0,0.35,0.15,0.5
4-26-0.pt,4,26,0.04490299467700085,easy,0.3139086324564271,0.06294790423051756,0.011470095627875139,0.05291666666666667,0.368387482514909,0.05291666666666667,3.1751399763815074,0.9906380919768368,0.0,0.35,0.15,0.5
4-27-0.pt,4,27,0.0765632761389101,easy,0.3352539198996694,0.05689000761827405,0.011779668002421069,0.945,0.3734647775001765,0.945,3.3298062420218195,0.9906380919768368,0.0,0.35,0.15,0.5
4-28-0.pt,4,28,0.058145171462015255,easy,0.3610452892763036,0.0634742609837617,0.012318477257997647,0.9158333333333334,0.3783210614341161,0.9158333333333334,2.7715274942112185,0.9906380919768368,0.0,0.35,0.15,0.5
4-29-0.pt,4,29,0.06140071621928415,easy,0.351561726101727,0.06624417837097077,0.013091995282898538,0.7325,0.3830480830739391,0.7325,3.046929079600023,0.9906380919768368,0.0,0.35,0.15,0.5
4-3-0.pt,4,3,0.04881142406310973,easy,0.7641566562069593,0.1592046933571618,0.009547776766355024,0.90375,0.1096630847597634,0.90375,2.5963880207518555,0.9906380919768368,0.0,0.35,0.15,0.5
4-30-0.pt,4,30,0.07249154998528907,easy,0.34203781210328205,0.06975153400908919,0.013417932408215523,0.9295833333333333,0.3877887728795574,0.9295833333333333,3.2095107480476766,0.9906380919768368,0.0,0.35,0.15,0.5
4-31-0.pt,4,31,0.06186244517687451,easy,0.3192050422347395,0.07437187154741677,0.014267344799306242,0.635,0.39208159762591777,0.635,3.1504819781429307,0.9906380919768368,0.0,0.35,0.15,0.5
4-32-0.pt,4,32,0.06644221780733302,easy,0.31678113812717024,0.0732159827134219,0.014723739051569302,0.93,0.39641514900302266,0.93,3.0137925053277117,0.9906380919768368,0.0,0.35,0.15,0.5
4-33-0.pt,4,33,0.09222507424136611,easy,0.3516573090619939,0.07748170995298975,0.0157429574563103,0.94,0.40069246506624134,0.94,3.8200762515982123,0.9906380919768368,0.0,0.35,0.15,0.5
4-34-0.pt,4,34,0.0756851041445875,easy,0.3187545250474629,0.07659597106568801,0.0166891086379195,0.37375,0.40466831268870834,0.37375,3.831738052547158,0.9906380919768368,0.0,0.35,0.15,0.5
4-35-0.pt,4,35,0.0934352409779563,easy,0.322042011290624,0.08008085581829852,0.017170614337693905,0.93125,0.40863681612394714,0.93125,3.863524163045376,0.9906380919768368,0.0,0.35,0.15,0.5
4-36-0.pt,4,36,0.09135249350719542,easy,0.3237314103605146,0.0860980497056704,0.01853519787796908,0.6216666666666667,0.4123609589383993,0.6216666666666667,4.089958535932764,0.9906380919768368,0.0,0.35,0.15,0.5
4-37-0.pt,4,37,0.11159244353215798,easy,0.3269252472616751,0.09014768657325317,0.019937867798313257,0.9404166666666667,0.4160311037818948,0.9404166666666667,4.427537056950368,0.9906380919768368,0.0,0.35,0.15,0.5
4-38-0.pt,4,38,0.1002006382258192,easy,0.3328870664651292,0.09916864394033946,0.021313393532605,0.79375,0.41965782852383976,0.79375,4.204129617317446,0.9906380919768368,0.0,0.35,0.15,0.5
4-39-0.pt,4,39,0.09867688199544786,easy,0.33130145055313753,0.09732444437960518,0.021511434572648137,0.9179166666666667,0.4232961712481831,0.9179166666666667,4.036421323625495,0.9906380919768368,0.0,0.35,0.15,0.5
4-4-0.pt,4,4,0.03917297782461981,easy,0.7296292618172032,0.11664403000729644,0.005658196158505834,0.9995833333333334,0.1404765966388359,0.9995833333333334,2.187226072041448,0.9906380919768368,0.0,0.35,0.15,0.5
4-40-0.pt,4,40,0.08689939884395002,easy,0.32816252573007637,0.09634445540108626,0.022040848193029313,0.17833333333333334,0.4267243120711346,0.17833333333333334,4.363917149184173,0.9906380919768368,0.0,0.35,0.15,0.5
4-41-0.pt,4,41,0.11209774034474593,easy,0.34191137054844595,0.10353166352059398,0.023465027862838002,0.9445833333333333,0.43000971599871696,0.9445833333333333,4.43391310202344,0.9906380919768368,0.0,0.35,0.15,0.5
4-42-0.pt,4,42,0.11897499107072644,easy,0.3373234865094323,0.10789329406880928,0.02472564743111455,0.91375,0.433333537427437,0.91375,4.679903960995231,0.9906380919768368,0.0,0.35,0.15,0.5
4-43-0.pt,4,43,0.10138062006366252,easy,0.38073925783491114,0.10826874946235797,0.02570810356196544,0.5345833333333333,0.43656839923359875,0.5345833333333333,4.480774511189662,0.9906380919768368,0.0,0.35,0.15,0.5
4-44-0.pt,4,44,0.12233772423432328,easy,0.3591415737694428,0.11082798922776463,0.02657937902319254,0.92875,0.43988189236075353,0.92875,4.769619719352245,0.9906380919768368,0.0,0.35,0.15,0.5
4-45-0.pt,4,45,0.13306757009783218,easy,0.3667583335086824,0.11430754929176246,0.027294679953075083,0.9216666666666666,0.4430864109054736,0.9216666666666666,5.1152632119413015,0.9906380919768368,0.0,0.35,0.15,0.5
4-46-0.pt,4,46,0.11138375329889455,easy,0.37521903536159945,0.10903010457409532,0.02743172029024014,0.6654166666666667,0.44637716806255584,0.6654166666666667,4.669717816757482,0.9906380919768368,0.0,0.35,0.15,0.5
4-47-0.pt,4,47,0.13522557792403772,easy,0.3808630135448792,0.12489734260596824,0.030002026451410094,0.9120833333333334,0.4491289958648015,0.9120833333333334,5.190330543786162,0.9906380919768368,0.0,0.35,0.15,0.5
4-48-0.pt,4,48,0.14590264259088345,easy,0.38912474034694006,0.1362405563763705,0.03235211841098796,0.9220833333333334,0.4519720951655333,0.9220833333333334,5.518224699355562,0.9906380919768368,0.0,0.35,0.15,0.5
4-49-0.pt,4,49,0.11819715163875022,easy,0.40104618680521825,0.1453757265981468,0.034384716272471166,0.28875,0.45480225741362995,0.28875,5.240021641417067,0.9906380919768368,0.0,0.35,0.15,0.5
4-5-0.pt,4,5,0.04563505688639814,easy,0.6236213344953241,0.08869466936850012,0.002805784074896088,0.9991666666666666,0.16546238497923768,0.9991666666666666,2.382352037928952,0.9906380919768368,0.0,0.35,0.15,0.5
4-50-0.pt,4,50,0.14666402581190513,easy,0.40407442682162953,0.17384056959738822,0.03838282186240672,0.9075,0.45734698611548386,0.9075,5.554027855904684,0.9906380919768368,0.0,0.35,0.15,0.5
4-6-0.pt,4,6,0.046567793588415084,easy,0.5748896892963027,0.07591983428797879,0.0010967126757293378,0.9754166666666667,0.18624230781024578,0.9754166666666667,2.4260237935159297,0.9906380919768368,0.0,0.35,0.15,0.5
4-7-0.pt,4,7,0.03240324613824142,easy,0.538969733149401,0.07140672657328033,0.00022338306239994888,0.7925,0.20426051982113413,0.7925,2.143265437315035,0.9906380919768368,0.0,0.35,0.15,0.5
4-8-0.pt,4,8,0.04587414163669863,easy,0.5375118598803114,0.053837035899913045,0.00027144978303571146,0.9366666666666666,0.22026031808959254,0.9366666666666666,2.4269828985611084,0.9906380919768368,0.0,0.35,0.15,0.5
4-9-0.pt,4,9,0.05341048522130344,easy,0.46485938612474476,0.0284692835371014,0.0005476988547595894,0.9133333333333333,0.23441724036371162,0.9133333333333333,2.6823410961665544,0.9906380919768368,0.0,0.35,0.15,0.5
40-10-0.pt,40,10,0.322007441843759,medium,0.12130496097929556,0.11628088370226182,0.08148918549197005,0.15875,0.5603182139151982,0.15875,11.782931363331961,0.9906380919768368,1.0,0.35,0.15,0.5
40-11-0.pt,40,11,0.3404404631698883,medium,0.12713505132923295,0.10656110581963531,0.08596034894946002,0.08916666666666667,0.5756770368043993,0.08916666666666667,12.427231824007388,0.9906380919768368,1.0,0.35,0.15,0.5
40-12-0.pt,40,12,0.3890411831049642,medium,0.08738981156060778,0.10642775190095095,0.0901069104722384,0.5725,0.5902754833263664,0.5725,13.503330548831938,0.9906380919768368,1.0,0.35,0.15,0.5
40-13-0.pt,40,13,0.3795731475849138,medium,0.07154080203512224,0.10357822863415762,0.09430343415445229,0.35208333333333336,0.6037646975637737,0.35208333333333336,13.406943193276957,0.9906380919768368,1.0,0.35,0.15,0.5
40-14-0.pt,40,14,0.38601523280992983,medium,0.06539096774998374,0.10067563164359658,0.0983544612221261,0.006666666666666667,0.6170766800796735,0.006666666666666667,13.933808621833903,0.9906380919768368,1.0,0.35,0.15,0.5
40-15-0.pt,40,15,0.4368068161074669,medium,0.0787776820839891,0.09428242338415668,0.10180892727721001,0.5166666666666667,0.6293197699239075,0.5166666666666667,15.05501020023809,0.9906380919768368,1.0,0.35,0.15,0.5
40-16-0.pt,40,16,0.41790664992162396,medium,0.08582403046992446,0.09135655721004438,0.10545742905155565,0.12,0.64162931918277,0.12,14.827401966988676,0.9906380919768368,1.0,0.35,0.15,0.5
40-17-0.pt,40,17,0.4548877085504801,hard,0.07517331023211914,0.08596866556989687,0.10894910181235777,0.21833333333333332,0.6529193000820208,0.21833333333333332,15.902019422251602,0.9906380919768368,1.0,0.35,0.15,0.5
40-18-0.pt,40,18,0.4521588683044627,hard,0.06891267836030056,0.08422875449065086,0.1123382621677357,0.4083333333333333,0.6634593269814756,0.4083333333333333,15.630774227101499,0.9906380919768368,1.0,0.35,0.15,0.5
40-19-0.pt,40,19,0.4818661360201839,hard,0.06379002832957159,0.08223510193219694,0.11588603869962333,0.004166666666666667,0.6742377999256702,0.004166666666666667,16.952152154001073,0.9906380919768368,1.0,0.35,0.15,0.5
40-2-0.pt,40,2,0.24984290259442646,medium,0.5946904164146045,0.28917167496184604,0.03254861961292809,0.9279166666666666,0.3501192613958777,0.9279166666666666,8.849867540833415,0.9906380919768368,1.0,0.35,0.15,0.5
40-20-0.pt,40,20,0.4860159096942574,hard,0.06426158553087595,0.07980585553211031,0.11930145048702157,0.25958333333333333,0.6842506538649223,0.25958333333333333,16.8371064431195,0.9906380919768368,1.0,0.35,0.15,0.5
40-21-0.pt,40,21,0.4849491972606867,hard,0.06741683296932335,0.07700660862559405,0.12280215828635495,0.07166666666666667,0.6941421161979796,0.07166666666666667,16.97770885158382,0.9906380919768368,1.0,0.35,0.15,0.5
40-22-0.pt,40,22,0.5094645917572929,hard,0.06700924961066021,0.07373050569043664,0.12603508513475736,0.5191666666666667,0.7043391660549383,0.5191666666666667,17.325931622289996,0.9906380919768368,1.0,0.35,0.15,0.5
40-23-0.pt,40,23,0.5316637643270251,hard,0.051214887429672826,0.068139420976443,0.1289939295648708,0.1275,0.7134585691696146,0.1275,18.398048280022728,0.9906380919768368,1.0,0.35,0.15,0.5
40-24-0.pt,40,24,0.5555610931032066,hard,0.07248395309228041,0.06634893682853248,0.13214223509970902,0.5170833333333333,0.7228083134549209,0.5170833333333333,18.78201771753961,0.9906380919768368,1.0,0.35,0.15,0.5
40-25-0.pt,40,25,0.5681126297085539,hard,0.06911778402799111,0.06340775883256503,0.135611907211502,0.15166666666666667,0.7317732551882572,0.15166666666666667,19.523362943525385,0.9906380919768368,1.0,0.35,0.15,0.5
40-26-0.pt,40,26,0.5762321470520049,hard,0.0552515175472028,0.05505381958744689,0.13884638319400303,0.11416666666666667,0.7403078740902342,0.11416666666666667,19.812953651988632,0.9906380919768368,1.0,0.35,0.15,0.5
40-27-0.pt,40,27,0.5953686973823911,hard,0.04966710586537601,0.051549031481869935,0.141884610454011,0.4170833333333333,0.7495512683066574,0.4170833333333333,20.128313243754295,0.9906380919768368,1.0,0.35,0.15,0.5
40-28-0.pt,40,28,0.6116657480618097,hard,0.048931900127209174,0.049388812914504414,0.14499417216173296,0.5283333333333333,0.7577170407787659,0.5283333333333333,20.536089199802202,0.9906380919768368,1.0,0.35,0.15,0.5
40-29-0.pt,40,29,0.6255350708144545,hard,0.05403755370883775,0.04261366075302858,0.14819423829448874,0.53375,0.7664160011261392,0.53375,20.967172459060905,0.9906380919768368,1.0,0.35,0.15,0.5
40-3-0.pt,40,3,0.25570337733070836,medium,0.41548972832880054,0.23256702825940195,0.04073678411803632,0.13041666666666665,0.39579395597109335,0.13041666666666665,9.774432114196763,0.9906380919768368,1.0,0.35,0.15,0.5
40-30-0.pt,40,30,0.7130873157164205,hard,0.0638764954312558,0.03718328950616983,0.15131601927157992,0.5045833333333334,0.7747841208624058,0.5045833333333334,23.7675642195857,0.9906380919768368,1.0,0.35,0.15,0.5
40-31-0.pt,40,31,0.6697594194039989,hard,0.05771474764840062,0.034076697557857895,0.1539901942335947,0.5175,0.7830437529658407,0.5175,22.37809898894019,0.9906380919768368,1.0,0.35,0.15,0.5
40-32-0.pt,40,32,0.6653745918322278,hard,0.06164823322905682,0.032197277118636895,0.15658823267992367,0.07,0.7909343431074026,0.07,22.66081331481644,0.9906380919768368,1.0,0.35,0.15,0.5
40-33-0.pt,40,33,0.708919008633761,hard,0.06986506053783792,0.031136390077277108,0.1592962990768465,0.19,0.7992427126084902,0.19,23.92417938208852,0.9906380919768368,1.0,0.35,0.15,0.5
40-34-0.pt,40,34,0.7861013349458742,hard,0.07984686469614732,0.030578229210745052,0.16210122527949228,0.44916666666666666,0.8069950203311141,0.44916666666666666,26.122203179921794,0.9906380919768368,1.0,0.35,0.15,0.5
40-35-0.pt,40,35,0.792796819364982,hard,0.08246671315477554,0.03270405050329219,0.16482220429837777,0.4033333333333333,0.8144050940478464,0.4033333333333333,26.375012016980154,0.9906380919768368,1.0,0.35,0.15,0.5
40-36-0.pt,40,36,0.75669795501403,hard,0.08973050018153433,0.032603541971202375,0.16751468488865207,0.38875,0.8225531409501577,0.38875,25.24092462099125,0.9906380919768368,1.0,0.35,0.15,0.5
40-37-0.pt,40,37,0.8064620758100666,hard,0.08475452779201112,0.03554169887307112,0.17021640961386034,0.3541666666666667,0.8299088082892089,0.3541666666666667,26.84868930321865,0.9906380919768368,1.0,0.35,0.15,0.5
40-38-0.pt,40,38,0.7923239278031374,hard,0.10690670425833373,0.04048724523007462,0.1730244032213461,0.08958333333333333,0.8378802289422496,0.08958333333333333,26.64841002638498,0.9906380919768368,1.0,0.35,0.15,0.5
40-39-0.pt,40,39,0.8478893199331132,hard,0.12021871651169133,0.04291360239862537,0.17579810928829617,0.30291666666666667,0.8451884671466003,0.30291666666666667,28.204711162502292,0.9906380919768368,1.0,0.35,0.15,0.5
40-4-0.pt,40,4,0.2767113360547792,medium,0.37062057757311007,0.20009337015408674,0.048342456571165204,0.815,0.43121955899209596,0.815,9.776032293836806,0.9906380919768368,1.0,0.35,0.15,0.5
40-40-0.pt,40,40,0.8677847558874056,hard,0.13396365613131897,0.04256355989721874,0.17925266149414998,0.26625,0.8524450109373919,0.26625,28.867420599189725,0.9906380919768368,1.0,0.35,0.15,0.5
40-41-0.pt,40,41,0.8745108178446485,hard,0.14030568863888548,0.04298256417415138,0.18336638539209396,0.2925,0.85956601111253,0.2925,29.05286413490058,0.9906380919768368,1.0,0.35,0.15,0.5
40-42-0.pt,40,42,0.8896491080662292,hard,0.16027785011301923,0.04469084365512445,0.1886938057587932,0.26,0.8664729415453027,0.26,29.560919852393546,0.9906380919768368,1.0,0.35,0.15,0.5
40-43-0.pt,40,43,0.908649730329696,hard,0.16315899337359552,0.0475278121946343,0.19586624041090256,0.0425,0.8730141546730299,0.0425,30.367272501874524,0.9906380919768368,1.0,0.35,0.15,0.5
40-44-0.pt,40,44,0.9011586066301429,hard,0.17209276142005678,0.04709190011370102,0.2047081774955604,0.21791666666666668,0.8803325359035965,0.21791666666666668,29.960185116741098,0.9906380919768368,1.0,0.35,0.15,0.5
40-45-0.pt,40,45,0.9481921102919881,hard,0.2209475069483719,0.04767783508747752,0.21496949303330432,0.23083333333333333,0.8875641521077912,0.23083333333333333,31.436310658051916,0.9906380919768368,1.0,0.35,0.15,0.5
40-46-0.pt,40,46,0.9565635140099278,hard,0.19748002715635674,0.049835016712175155,0.22583704818823802,0.26208333333333333,0.8937084870218289,0.26208333333333333,31.669573902099202,0.9906380919768368,1.0,0.35,0.15,0.5
40-47-0.pt,40,47,0.9631696913414897,hard,0.22940669502077807,0.05474968688728656,0.2395555565948679,0.005833333333333334,0.9004496641789661,0.005833333333333334,32.11964121854402,0.9906380919768368,1.0,0.35,0.15,0.5
40-48-0.pt,40,48,0.9635687134709929,hard,0.25744907793180194,0.05765272381289098,0.2552552786376928,0.2658333333333333,0.9071959958887396,0.2658333333333333,31.88264391566186,0.9906380919768368,1.0,0.35,0.15,0.5
40-49-0.pt,40,49,0.9669454339031032,hard,0.2503098962384089,0.06546037612470958,0.27256482959620754,0.12375,0.9137704185581322,0.12375,32.12196362700149,0.9906380919768368,1.0,0.35,0.15,0.5
40-5-0.pt,40,5,0.305765120022927,medium,0.21456927356661593,0.1756973529758605,0.05453437195412202,0.78,0.4597216393191007,0.78,10.718904614759328,0.9906380919768368,1.0,0.35,0.15,0.5
40-50-0.pt,40,50,0.9622019214081391,hard,0.29459550884080205,0.07391918806367907,0.2909137421405149,0.31625,0.9198873669671418,0.31625,31.78626340608788,0.9906380919768368,1.0,0.35,0.15,0.5
40-6-0.pt,40,6,0.28194146473855447,medium,0.1732437329505788,0.15500480302718853,0.06084982212510753,0.3725,0.48441704850525846,0.3725,10.3404295725984,0.9906380919768368,1.0,0.35,0.15,0.5
40-7-0.pt,40,7,0.3030269864309241,medium,0.17314968258506908,0.14217721245889733,0.06652417179825282,0.6391666666666667,0.506668218213856,0.6391666666666667,10.746717128867516,0.9906380919768368,1.0,0.35,0.15,0.5
40-8-0.pt,40,8,0.3187909291809009,medium,0.14333216528507933,0.13130869784140492,0.07167778063974199,0.5895833333333333,0.5259029166220023,0.5895833333333333,11.285816627731815,0.9906380919768368,1.0,0.35,0.15,0.5
40-9-0.pt,40,9,0.3323374382309489,medium,0.1369966544843053,0.12622449397463348,0.07665753077206346,0.505,0.5436193414190971,0.505,11.788460873346693,0.9906380919768368,1.0,0.35,0.15,0.5
41-10-0.pt,41,10,0.34769449794817486,medium,0.1440161597145142,0.1190507414729861,0.08567936518865504,0.5004166666666666,0.563967856690327,0.5004166666666666,12.27147229742482,0.9906380919768368,1.0,0.35,0.15,0.5
41-11-0.pt,41,11,0.359374831659355,medium,0.12281588806354717,0.11523483904328731,0.09022969034336001,0.455,0.5799247730870675,0.455,12.678466245967803,0.9906380919768368,1.0,0.35,0.15,0.5
41-12-0.pt,41,12,0.3906254246004311,medium,0.08361815517313645,0.11024013034407046,0.09428348157190715,0.55625,0.5945626399492121,0.55625,13.567250240420279,0.9906380919768368,1.0,0.35,0.15,0.5
41-13-0.pt,41,13,0.3906074957516809,medium,0.06738377362431552,0.1069642608242936,0.09866415866805736,0.5091666666666667,0.6081753218070115,0.5091666666666667,13.605853354461226,0.9906380919768368,1.0,0.35,0.15,0.5
41-14-0.pt,41,14,0.4069086860313722,medium,0.07087525804638958,0.10436661991966958,0.10262725443655195,0.4920833333333333,0.6214575450185298,0.4920833333333333,14.133547444201934,0.9906380919768368,1.0,0.35,0.15,0.5
41-15-0.pt,41,15,0.4201720053555069,medium,0.09114144883716717,0.09847059097651459,0.10624696630108982,0.5154166666666666,0.634270597610409,0.5154166666666666,14.526727016725951,0.9906380919768368,1.0,0.35,0.15,0.5
41-16-0.pt,41,16,0.4429191643740613,medium,0.07025334716188684,0.0956151440426134,0.10970338405942145,0.48291666666666666,0.6463280216706297,0.48291666666666666,15.27394799620489,0.9906380919768368,1.0,0.35,0.15,0.5
41-17-0.pt,41,17,0.449950839908586,medium,0.07600410921388591,0.09153215465628593,0.11329906053472968,0.25333333333333335,0.6572911314564186,0.25333333333333335,15.710465248704814,0.9906380919768368,1.0,0.35,0.15,0.5
41-18-0.pt,41,18,0.4732885819831077,hard,0.06713223342313122,0.08471866729803883,0.11685782707152571,0.3016666666666667,0.668359980961465,0.3016666666666667,16.400052962060766,0.9906380919768368,1.0,0.35,0.15,0.5
41-19-0.pt,41,19,0.4978749440398004,hard,0.07729726352082669,0.08426448696573893,0.12039204492532692,0.42875,0.6790899483668197,0.42875,17.05458637533054,0.9906380919768368,1.0,0.35,0.15,0.5
41-2-0.pt,41,2,0.2298595332986939,medium,0.5925988857872119,0.30135202668974653,0.03408206386499839,0.050416666666666665,0.35338930364447224,0.050416666666666665,9.048205909513861,0.9906380919768368,1.0,0.35,0.15,0.5
41-20-0.pt,41,20,0.5043782435805352,hard,0.06109023996024408,0.08383761310660283,0.1237494788840246,0.42083333333333334,0.6893252001817841,0.42083333333333334,17.26414481939344,0.9906380919768368,1.0,0.35,0.15,0.5
41-21-0.pt,41,21,0.5128096341890168,hard,0.06564722935527165,0.08243615381909561,0.1272243893632852,0.21416666666666667,0.6994913680290504,0.21416666666666667,17.723606118188243,0.9906380919768368,1.0,0.35,0.15,0.5
41-22-0.pt,41,22,0.549417418815323,hard,0.05728301448400887,0.07796950297456144,0.13053696511512308,0.47625,0.7096342887424829,0.47625,18.631352743368115,0.9906380919768368,1.0,0.35,0.15,0.5
41-23-0.pt,41,23,0.5601163433285216,hard,0.053864871772202706,0.07332294259035341,0.1335275350734714,0.46875,0.718834079217513,0.46875,18.973971481715694,0.9906380919768368,1.0,0.35,0.15,0.5
41-24-0.pt,41,24,0.5888044158596684,hard,0.05872776254723191,0.07134338612862078,0.13667299058339832,0.5354166666666667,0.7283090472050077,0.5354166666666667,19.816445865919754,0.9906380919768368,1.0,0.35,0.15,0.5
41-25-0.pt,41,25,0.5776102140952801,hard,0.05917885904728351,0.06670973992756818,0.1400210201706042,0.19166666666666668,0.7374440494650644,0.19166666666666668,19.784218499017964,0.9906380919768368,1.0,0.35,0.15,0.5
41-26-0.pt,41,26,0.5908874761532434,hard,0.06238843024183225,0.06039497916450406,0.14342952391780767,0.057916666666666665,0.7460795968574003,0.057916666666666665,20.328711400654818,0.9906380919768368,1.0,0.35,0.15,0.5
41-27-0.pt,41,27,0.6483880533090536,hard,0.06208435663918919,0.05413080095511292,0.14630029220026,0.12208333333333334,0.7553323676917191,0.12208333333333334,22.087234992129506,0.9906380919768368,1.0,0.35,0.15,0.5
41-28-0.pt,41,28,0.6144875003110869,hard,0.06361382786069975,0.05303761781999248,0.1494673199646854,0.08416666666666667,0.7637560046671497,0.08416666666666667,21.044897358872372,0.9906380919768368,1.0,0.35,0.15,0.5
41-29-0.pt,41,29,0.6472038357822031,hard,0.06320234421702664,0.05018440510727441,0.15255606115781073,0.22625,0.772567096089313,0.22625,21.94375185128517,0.9906380919768368,1.0,0.35,0.15,0.5
41-3-0.pt,41,3,0.280729954174359,medium,0.43220372226644876,0.23775087360384492,0.04316559476214838,0.8825,0.399239891396909,0.8825,9.85236952505732,0.9906380919768368,1.0,0.35,0.15,0.5
41-30-0.pt,41,30,0.7144340336462457,hard,0.07491271622289429,0.04766340605636347,0.15572843222003876,0.17583333333333334,0.7807876444254117,0.17583333333333334,24.120013390669293,0.9906380919768368,1.0,0.35,0.15,0.5
41-31-0.pt,41,31,0.6781922921426848,hard,0.07587604583002215,0.04064711011704109,0.15851830951104054,0.4741666666666667,0.7892565579119212,0.4741666666666667,22.684109996922306,0.9906380919768368,1.0,0.35,0.15,0.5
41-32-0.pt,41,32,0.6866116036310089,hard,0.07868159293200572,0.03930698096152253,0.16105400113779,0.04833333333333333,0.7976422851399774,0.04833333333333333,23.35204015760696,0.9906380919768368,1.0,0.35,0.15,0.5
41-33-0.pt,41,33,0.7342692264414767,hard,0.09292864794580137,0.03646112759403851,0.16378610036435476,0.09083333333333334,0.8058180250764735,0.09083333333333334,24.819477755243117,0.9906380919768368,1.0,0.35,0.15,0.5
41-34-0.pt,41,34,0.7451413006197126,hard,0.10913866962568783,0.03741564769688993,0.16674927703995635,0.0325,0.813364836272815,0.0325,25.21653230787578,0.9906380919768368,1.0,0.35,0.15,0.5
41-35-0.pt,41,35,0.8015732328525653,hard,0.08987327814896386,0.03798468269896911,0.1696461533395213,0.13583333333333333,0.8215540319704857,0.13583333333333333,26.90441040202178,0.9906380919768368,1.0,0.35,0.15,0.5
41-36-0.pt,41,36,0.8072692373181912,hard,0.108992167385663,0.04150066540670062,0.17240124841303844,0.14708333333333334,0.8293209551816042,0.14708333333333334,27.071174523594244,0.9906380919768368,1.0,0.35,0.15,0.5
41-37-0.pt,41,37,0.8424915194084895,hard,0.12940790455915033,0.040498604356954515,0.17503161464263653,0.33916666666666667,0.8373922184537915,0.33916666666666667,28.00230697604046,0.9906380919768368,1.0,0.35,0.15,0.5
41-38-0.pt,41,38,0.8856078398718488,hard,0.11621928277319221,0.04356896726327179,0.17756767069858673,0.34958333333333336,0.8449843817470244,0.34958333333333336,29.356454109085554,0.9906380919768368,1.0,0.35,0.15,0.5
41-39-0.pt,41,39,0.8771692430793299,hard,0.13681506283865244,0.04628090840661637,0.18033190341064326,0.1,0.8523767121710166,0.1,29.322886997673084,0.9906380919768368,1.0,0.35,0.15,0.5
41-4-0.pt,41,4,0.2805534135170771,medium,0.36078788654908883,0.20696935513963416,0.05074345695943688,0.5729166666666666,0.4347758734780905,0.5729166666666666,10.126298838881798,0.9906380919768368,1.0,0.35,0.15,0.5
41-40-0.pt,41,40,0.8643058376899981,hard,0.13078978032588762,0.04600560294406556,0.18377372198652944,0.30416666666666664,0.8596108514808188,0.30416666666666664,28.718188135023297,0.9906380919768368,1.0,0.35,0.15,0.5
41-41-0.pt,41,41,0.9131954420370089,hard,0.1620158372323539,0.04560079644575677,0.18816498526467995,0.20541666666666666,0.8668364941195728,0.20541666666666666,30.359211229698122,0.9906380919768368,1.0,0.35,0.15,0.5
41-42-0.pt,41,42,0.895382810024454,hard,0.16483601083899507,0.04834351092102766,0.19355422558161406,0.18291666666666667,0.8733660323459591,0.18291666666666667,29.813118907700765,0.9906380919768368,1.0,0.35,0.15,0.5
41-43-0.pt,41,43,0.9370403871354336,hard,0.1869061436454481,0.04919301453595586,0.20080183257976253,0.0225,0.880654598510552,0.0225,31.283364345131837,0.9906380919768368,1.0,0.35,0.15,0.5
41-44-0.pt,41,44,0.9454386487377768,hard,0.183078416525676,0.0507872777523763,0.21019069041813543,0.09541666666666666,0.8884045812350208,0.09541666666666666,31.477257804393442,0.9906380919768368,1.0,0.35,0.15,0.5
41-45-0.pt,41,45,0.9274432849742569,hard,0.20980191429615208,0.05049596908807044,0.22014290455278163,0.2425,0.8949337107099434,0.2425,30.764330173695306,0.9906380919768368,1.0,0.35,0.15,0.5
41-46-0.pt,41,46,0.9776460774976807,hard,0.2130151438655265,0.05081165519588749,0.2317198054529261,0.2125,0.9015432762811911,0.2125,32.38195540624733,0.9906380919768368,1.0,0.35,0.15,0.5
41-47-0.pt,41,47,0.9622273710772346,hard,0.2852302473445171,0.05798126023542839,0.24628842107420873,0.05458333333333333,0.9081779688964511,0.05458333333333333,32.0403224353223,0.9906380919768368,1.0,0.35,0.15,0.5
41-48-0.pt,41,48,0.9689616428105756,hard,0.247004397210689,0.06363935789129067,0.26247371938392294,0.14875,0.9148421041252127,0.14875,32.1617165147675,0.9906380919768368,1.0,0.35,0.15,0.5
41-49-0.pt,41,49,0.9650784655012011,hard,0.3009742286509206,0.07532937527050645,0.2813216408676215,0.0925,0.9215902936394993,0.0925,32.08925930799662,0.9906380919768368,1.0,0.35,0.15,0.5
41-5-0.pt,41,5,0.29660735790128756,medium,0.2142929800595864,0.18100163180195916,0.058005334476033094,0.2866666666666667,0.46336884740472556,0.2866666666666667,10.895530796483497,0.9906380919768368,1.0,0.35,0.15,0.5
41-50-0.pt,41,50,0.9752932152014241,hard,0.3028394838992228,0.08789194630312497,0.30114947744307263,0.25375,0.9281201571077715,0.25375,32.257362414428364,0.9906380919768368,1.0,0.35,0.15,0.5
41-6-0.pt,41,6,0.3108168617224209,medium,0.18499630812267875,0.16009750601652506,0.06435892793214057,0.6958333333333333,0.4880893553562419,0.6958333333333333,10.947466836840421,0.9906380919768368,1.0,0.35,0.15,0.5
41-7-0.pt,41,7,0.3205190426774965,medium,0.1663498484451404,0.1475374377540694,0.07000740209592005,0.41583333333333333,0.5104363903987925,0.41583333333333333,11.511904374850587,0.9906380919768368,1.0,0.35,0.15,0.5
41-8-0.pt,41,8,0.3376913738236687,medium,0.14131545814022198,0.13401543561534385,0.07538204461419959,0.57875,0.529824728507973,0.57875,11.893802029464045,0.9906380919768368,1.0,0.35,0.15,0.5
41-9-0.pt,41,9,0.33242170940607163,medium,0.1423494256644116,0.1270342553117715,0.08067357848091522,0.5016666666666667,0.547782508967612,0.5016666666666667,11.792604026998426,0.9906380919768368,1.0,0.35,0.15,0.5
42-10-0.pt,42,10,0.3496797417781716,medium,0.17685827889248262,0.12506306438389198,0.08996436044007575,0.47041666666666665,0.5681620664857007,0.47041666666666665,12.361202181677404,0.9906380919768368,1.0,0.35,0.15,0.5
42-11-0.pt,42,11,0.36671408774450975,medium,0.13914394516523562,0.12010379393152361,0.0946592993093601,0.42291666666666666,0.5840799589463941,0.42291666666666666,12.939955020960028,0.9906380919768368,1.0,0.35,0.15,0.5
42-12-0.pt,42,12,0.3875841177738863,medium,0.10290721987031838,0.11547717809087889,0.09918774229678115,0.5041666666666667,0.5988431813957968,0.5041666666666667,13.518534500915749,0.9906380919768368,1.0,0.35,0.15,0.5
42-13-0.pt,42,13,0.4141131106952651,medium,0.07759488438050309,0.11357244032154452,0.10362984113013073,0.5075,0.6125008527861784,0.5075,14.350989895684567,0.9906380919768368,1.0,0.35,0.15,0.5
42-14-0.pt,42,14,0.421723158051413,medium,0.0941552338272622,0.10729248951052592,0.10730800072586755,0.19375,0.6260615878425513,0.19375,14.88471612163151,0.9906380919768368,1.0,0.35,0.15,0.5
42-15-0.pt,42,15,0.4446844043693643,medium,0.10818989759625573,0.10364405580106463,0.11112813353765506,0.4895833333333333,0.638942011853714,0.4895833333333333,15.326595214540605,0.9906380919768368,1.0,0.35,0.15,0.5
42-16-0.pt,42,16,0.44453356507679126,medium,0.08225850093235161,0.0956625642698828,0.1147196602594178,0.017083333333333332,0.65091545725273,0.017083333333333332,15.76563961159083,0.9906380919768368,1.0,0.35,0.15,0.5
42-17-0.pt,42,17,0.4622805282531115,hard,0.08150751913225388,0.0934804983647397,0.11838644332764255,0.08625,0.6622541907532188,0.08625,16.258061535525062,0.9906380919768368,1.0,0.35,0.15,0.5
42-18-0.pt,42,18,0.48295889209481674,hard,0.08517698589692209,0.09138543065828211,0.1220705051335781,0.3625,0.673289486110575,0.3625,16.646903025189815,0.9906380919768368,1.0,0.35,0.15,0.5
42-19-0.pt,42,19,0.501406003267793,hard,0.07768335627748671,0.08904265959973952,0.12551523055113067,0.31583333333333335,0.6840382051278656,0.31583333333333335,17.271764130111848,0.9906380919768368,1.0,0.35,0.15,0.5
42-2-0.pt,42,2,0.27255842384422535,medium,0.5906045613170516,0.31210369727146375,0.03576624963915322,0.915,0.3565971566948412,0.915,9.579759211053295,0.9906380919768368,1.0,0.35,0.15,0.5
42-20-0.pt,42,20,0.5020342678372397,hard,0.06146104751097442,0.08829909666071153,0.1289725309680751,0.33416666666666667,0.6944061710198515,0.33416666666666667,17.270055611370914,0.9906380919768368,1.0,0.35,0.15,0.5
42-21-0.pt,42,21,0.5257822271395006,hard,0.08701249074456763,0.086978147955811,0.1324235477743976,0.21625,0.7048862769325884,0.21625,18.130766067827437,0.9906380919768368,1.0,0.35,0.15,0.5
42-22-0.pt,42,22,0.5511737287424243,hard,0.06241113444216977,0.08186008196371353,0.13566792166047487,0.23208333333333334,0.7146200797340393,0.23208333333333334,18.916880551768465,0.9906380919768368,1.0,0.35,0.15,0.5
42-23-0.pt,42,23,0.5750223573397983,hard,0.07263923623274932,0.07742963820286083,0.13886038754099408,0.4475,0.7246083594178895,0.4475,19.464439835554426,0.9906380919768368,1.0,0.35,0.15,0.5
42-24-0.pt,42,24,0.5853982305476988,hard,0.0690805905411938,0.07600745678765439,0.14194661997392133,0.47708333333333336,0.7337190416444275,0.47708333333333336,19.7616361054132,0.9906380919768368,1.0,0.35,0.15,0.5
42-25-0.pt,42,25,0.6066574551142431,hard,0.07439190796264014,0.07059924120948714,0.14541754014580704,0.5125,0.7426691162414258,0.5125,20.398446707048517,0.9906380919768368,1.0,0.35,0.15,0.5
42-26-0.pt,42,26,0.6138549562611831,hard,0.07290980880021747,0.0652010014724376,0.14858310294539326,0.43166666666666664,0.7517101311670082,0.43166666666666664,20.699746736800012,0.9906380919768368,1.0,0.35,0.15,0.5
42-27-0.pt,42,27,0.6178540546413627,hard,0.06804904612240253,0.05833540248975071,0.15139174447302006,0.25166666666666665,0.7610470109071712,0.25166666666666665,20.993683290365706,0.9906380919768368,1.0,0.35,0.15,0.5
42-28-0.pt,42,28,0.7120756874698668,hard,0.07398120887064913,0.05473566322398061,0.1544385285843185,0.50625,0.7699676594759584,0.50625,23.735865095674743,0.9906380919768368,1.0,0.35,0.15,0.5
42-29-0.pt,42,29,0.7051606638865547,hard,0.08513783140351804,0.05301625415050424,0.15758527231102165,0.43833333333333335,0.7784032415330607,0.43833333333333335,23.577666613300142,0.9906380919768368,1.0,0.35,0.15,0.5
42-3-0.pt,42,3,0.28857709679069027,medium,0.43992149872577907,0.24202335060181845,0.045191736027895286,0.875,0.40249640106807827,0.875,10.106983002340284,0.9906380919768368,1.0,0.35,0.15,0.5
42-30-0.pt,42,30,0.7433881471934721,hard,0.08894532426320637,0.05155606662077482,0.16050677640825514,0.19416666666666665,0.7870311166873886,0.19416666666666665,25.018137337323132,0.9906380919768368,1.0,0.35,0.15,0.5
42-31-0.pt,42,31,0.6875325620176477,hard,0.13067020202929322,0.04511679007020805,0.1636034865060156,0.4675,0.7959148286587483,0.4675,22.983891617791272,0.9906380919768368,1.0,0.35,0.15,0.5
42-32-0.pt,42,32,0.7796368611592696,hard,0.10013249442933364,0.04217110207694438,0.16615995038347756,0.425,0.8041081394848695,0.425,25.941352445905782,0.9906380919768368,1.0,0.35,0.15,0.5
42-33-0.pt,42,33,0.8131947680800516,hard,0.11222495902353614,0.0405566158238046,0.16884698357104705,0.45458333333333334,0.8120709097600367,0.45458333333333334,26.974070056612916,0.9906380919768368,1.0,0.35,0.15,0.5
42-34-0.pt,42,34,0.814863913257868,hard,0.11540485554258198,0.0430017787611002,0.1716767969601357,0.42916666666666664,0.8203108991058446,0.42916666666666664,27.047778068987828,0.9906380919768368,1.0,0.35,0.15,0.5
42-35-0.pt,42,35,0.7867739738360524,hard,0.11938137395862951,0.04123951732903715,0.17464561264870943,0.4125,0.8280535790718083,0.4125,26.16978042837669,0.9906380919768368,1.0,0.35,0.15,0.5
42-36-0.pt,42,36,0.8414589321214335,hard,0.15252477155708938,0.0433777075823973,0.17744535034940095,0.44333333333333336,0.8365267565976812,0.44333333333333336,27.870998208735926,0.9906380919768368,1.0,0.35,0.15,0.5
42-37-0.pt,42,37,0.8665698617045604,hard,0.15512936217822962,0.04499189002973811,0.17982546777763955,0.10041666666666667,0.8442617346217896,0.10041666666666667,28.98970960997598,0.9906380919768368,1.0,0.35,0.15,0.5
42-38-0.pt,42,38,0.8841588832746435,hard,0.1616750696362924,0.04751493345132293,0.18216893390258226,0.35,0.8521827438753522,0.35,29.307185404061688,0.9906380919768368,1.0,0.35,0.15,0.5
42-39-0.pt,42,39,0.9053234881064407,hard,0.16622336494732032,0.048952253747885956,0.1850966322412799,0.1225,0.8595844317852245,0.1225,30.19129954878342,0.9906380919768368,1.0,0.35,0.15,0.5
42-4-0.pt,42,4,0.2890411096775829,medium,0.3687328165266039,0.20941178895342022,0.05362997750320476,0.8254166666666667,0.4381333251830272,0.8254166666666667,10.154278042311294,0.9906380919768368,1.0,0.35,0.15,0.5
42-40-0.pt,42,40,0.924000026395051,hard,0.1500118977280098,0.04657875497866814,0.1886129931015647,0.11,0.8666111993475268,0.11,30.79250439341573,0.9906380919768368,1.0,0.35,0.15,0.5
42-41-0.pt,42,41,0.8862569320557064,hard,0.18075273129969638,0.04767087145009968,0.1931314150417914,0.2825,0.8735267103323276,0.2825,29.42912354438263,0.9906380919768368,1.0,0.35,0.15,0.5
42-42-0.pt,42,42,0.9286399071709095,hard,0.17525371476821977,0.04828887073901369,0.19884247897708596,0.16041666666666668,0.8808036015798334,0.16041666666666668,30.885972112425165,0.9906380919768368,1.0,0.35,0.15,0.5
42-43-0.pt,42,43,0.9667975417412623,hard,0.21038259987873995,0.04864464244862302,0.20645828818728873,0.2579166666666667,0.8886134499455597,0.2579166666666667,32.00010406571683,0.9906380919768368,1.0,0.35,0.15,0.5
42-44-0.pt,42,44,0.9255684361196608,hard,0.21134601743971204,0.050218989812070076,0.21589136912368392,0.24791666666666667,0.8956048954393089,0.24791666666666667,30.6994656179278,0.9906380919768368,1.0,0.35,0.15,0.5
42-45-0.pt,42,45,0.9628956930962739,hard,0.2276723629977383,0.05164556496730622,0.22681571292928088,0.15041666666666667,0.9025936504741945,0.15041666666666667,31.9727800551005,0.9906380919768368,1.0,0.35,0.15,0.5
42-46-0.pt,42,46,0.9769000204649833,hard,0.26948309796221376,0.05608549097961051,0.23950463644999243,0.21916666666666668,0.909005182358378,0.21916666666666668,32.34893174094695,0.9906380919768368,1.0,0.35,0.15,0.5
42-47-0.pt,42,47,0.9739632356134461,hard,0.29257542360409583,0.06673130756420358,0.25477996899145666,0.27166666666666667,0.9156884628327113,0.27166666666666667,32.203236822307524,0.9906380919768368,1.0,0.35,0.15,0.5
42-48-0.pt,42,48,0.968751665026988,hard,0.2920538462772552,0.07875619260322429,0.2729218908609366,0.075,0.9227505666739639,0.075,32.22187515178272,0.9906380919768368,1.0,0.35,0.15,0.5
42-49-0.pt,42,49,0.9188471549508657,hard,0.30668172690512885,0.09600090969375746,0.293815935824399,0.030833333333333334,0.9297696766685959,0.030833333333333334,30.678592075162182,0.9906380919768368,1.0,0.35,0.15,0.5
42-5-0.pt,42,5,0.31677851069483354,medium,0.23240082680609836,0.18659620043877712,0.06090888646988254,0.7516666666666667,0.46686010728125393,0.7516666666666667,11.092117307564614,0.9906380919768368,1.0,0.35,0.15,0.5
42-50-0.pt,42,50,0.969157115262469,hard,0.3279021985072899,0.11976716857014541,0.3160742321792205,0.13833333333333334,0.9362042638795016,0.13833333333333334,32.16911245628935,0.9906380919768368,1.0,0.35,0.15,0.5
42-6-0.pt,42,6,0.3058853054982186,medium,0.19716077690693054,0.16559184686091005,0.06762424714183024,0.6670833333333334,0.4918485609115361,0.6670833333333334,10.816869354304314,0.9906380919768368,1.0,0.35,0.15,0.5
42-7-0.pt,42,7,0.32666357444595495,medium,0.22069862839614993,0.15015714615461054,0.0740153679367398,0.61125,0.5143661677388215,0.61125,11.51956182183963,0.9906380919768368,1.0,0.35,0.15,0.5
42-8-0.pt,42,8,0.33063782334134517,medium,0.18284929644084558,0.14173464363255817,0.07950926904334202,0.4979166666666667,0.533441037725725,0.4979166666666667,11.745438570075558,0.9906380919768368,1.0,0.35,0.15,0.5
42-9-0.pt,42,9,0.333328266464448,medium,0.16533084381251487,0.1346473553182432,0.08510479419894795,0.31416666666666665,0.5520680096127751,0.31416666666666665,11.99766057342828,0.9906380919768368,1.0,0.35,0.15,0.5
43-10-0.pt,43,10,0.35704252135827885,medium,0.17775487862959147,0.12893739151604325,0.09491593300065798,0.48083333333333333,0.5721046093696541,0.48083333333333333,12.583164102757515,0.9906380919768368,1.0,0.35,0.15,0.5
43-11-0.pt,43,11,0.3856472273767118,medium,0.14182936348467667,0.12297649471751192,0.09953926908874733,0.38416666666666666,0.5883590061685806,0.38416666666666666,13.575342229526791,0.9906380919768368,1.0,0.35,0.15,0.5
43-12-0.pt,43,12,0.4027942079650888,medium,0.12002478515237074,0.12284550930353104,0.10447206064686848,0.43,0.6029505085853526,0.43,14.069574160041453,0.9906380919768368,1.0,0.35,0.15,0.5
43-13-0.pt,43,13,0.40133101465497273,medium,0.11283235022421383,0.11598696597758602,0.10885217593786699,0.14291666666666666,0.6172024570948855,0.14291666666666666,14.290001981010125,0.9906380919768368,1.0,0.35,0.15,0.5
43-14-0.pt,43,14,0.4505542264135978,hard,0.11748857166313909,0.10856671331863064,0.11301511047325885,0.49083333333333334,0.630221492987953,0.49083333333333334,15.515077161473855,0.9906380919768368,1.0,0.35,0.15,0.5
43-15-0.pt,43,15,0.4343211252170252,medium,0.12157829205400657,0.10710864383506224,0.11658176086567383,0.3566666666666667,0.6433411713485095,0.3566666666666667,15.122428421715064,0.9906380919768368,1.0,0.35,0.15,0.5
43-16-0.pt,43,16,0.47339700932106393,hard,0.09966464708729765,0.10094933826437538,0.1204708650190607,0.4429166666666667,0.6552044766985943,0.4429166666666667,16.27470980601153,0.9906380919768368,1.0,0.35,0.15,0.5
43-17-0.pt,43,17,0.48241215263120424,hard,0.11023962714540354,0.09952142720914366,0.12412060341086908,0.4216666666666667,0.666666602864965,0.4216666666666667,16.57607601642445,0.9906380919768368,1.0,0.35,0.15,0.5
43-18-0.pt,43,18,0.4881779356594694,hard,0.10542877843076234,0.09837425531834795,0.12807241932625832,0.105,0.677929909353491,0.105,17.055029221296586,0.9906380919768368,1.0,0.35,0.15,0.5
43-19-0.pt,43,19,0.5142537644009493,hard,0.09680575394650001,0.09408578870315652,0.13162532871387236,0.43666666666666665,0.688901026824066,0.43666666666666665,17.562413903790993,0.9906380919768368,1.0,0.35,0.15,0.5
43-2-0.pt,43,2,0.27902786678459585,medium,0.6106219448468155,0.3104694868007524,0.03729050797134454,0.94875,0.3597013678106901,0.94875,9.751578435222054,0.9906380919768368,1.0,0.35,0.15,0.5
43-20-0.pt,43,20,0.5201415480798095,hard,0.08792321329577799,0.0922120715813763,0.13494137337090614,0.43375,0.6995791970688177,0.43375,17.747527206662387,0.9906380919768368,1.0,0.35,0.15,0.5
43-21-0.pt,43,21,0.5290414601127826,hard,0.10117498857708229,0.09002903789267255,0.13848977992247294,0.05375,0.7099827535952908,0.05375,18.38635027695532,0.9906380919768368,1.0,0.35,0.15,0.5
43-22-0.pt,43,22,0.5530301508285429,hard,0.09321962197557453,0.08639468734852944,0.1418391474082162,0.034166666666666665,0.7198006801920257,0.034166666666666665,19.161583034314006,0.9906380919768368,1.0,0.35,0.15,0.5
43-23-0.pt,43,23,0.5850579852797192,hard,0.09129744214473309,0.08421591344869019,0.14500113576813778,0.44875,0.7296974547166161,0.44875,19.77939054213093,0.9906380919768368,1.0,0.35,0.15,0.5
43-24-0.pt,43,24,0.5883885309175523,hard,0.0915876240784426,0.07965216309592991,0.14835847647051456,0.205,0.7390398524483962,0.205,20.112665346723045,0.9906380919768368,1.0,0.35,0.15,0.5
43-25-0.pt,43,25,0.630463584769065,hard,0.1075835941203257,0.07671405702122731,0.15170830054937798,0.5020833333333333,0.7483673705290784,0.5020833333333333,21.160862531994916,0.9906380919768368,1.0,0.35,0.15,0.5
43-26-0.pt,43,26,0.6313683078198454,hard,0.09540980831120349,0.07000342052996776,0.15480497490356324,0.47375,0.7576214114071508,0.47375,21.212689357079586,0.9906380919768368,1.0,0.35,0.15,0.5
43-27-0.pt,43,27,0.6489648357353976,hard,0.08668957480626108,0.06290033078814834,0.1576886295846114,0.08,0.7668854572206043,0.08,22.140785237444458,0.9906380919768368,1.0,0.35,0.15,0.5
43-28-0.pt,43,28,0.678248955276985,hard,0.10110505354766737,0.06011406370101356,0.16056421782554375,0.45666666666666667,0.7758453705230354,0.45666666666666667,22.70798333612901,0.9906380919768368,1.0,0.35,0.15,0.5
43-29-0.pt,43,29,0.7084566211316545,hard,0.10384875525726579,0.05738518850132606,0.16329823739701613,0.5254166666666666,0.7846733331873292,0.5254166666666666,23.59692579471702,0.9906380919768368,1.0,0.35,0.15,0.5
43-3-0.pt,43,3,0.29284198735154116,medium,0.45945452771271866,0.24841778001092704,0.04777457809102953,0.6754166666666667,0.4057425104413388,0.6754166666666667,10.430423044060857,0.9906380919768368,1.0,0.35,0.15,0.5
43-30-0.pt,43,30,0.7012421443127999,hard,0.1220175380630499,0.054541000864704856,0.16635710932521144,0.49125,0.7935833545525919,0.49125,23.39698916816338,0.9906380919768368,1.0,0.35,0.15,0.5
43-31-0.pt,43,31,0.7148409509478412,hard,0.11503011746183302,0.053034555583636435,0.16948920424082733,0.20833333333333334,0.8020411069378476,0.20833333333333334,24.09340309080402,0.9906380919768368,1.0,0.35,0.15,0.5
43-32-0.pt,43,32,0.7943240477439047,hard,0.12017015878711865,0.04635060111899429,0.17232442459458847,0.07958333333333334,0.8103185158737087,0.07958333333333334,26.732543162439658,0.9906380919768368,1.0,0.35,0.15,0.5
43-33-0.pt,43,33,0.8196951027616888,hard,0.11387800233116775,0.045006516418516614,0.17516974286636072,0.40208333333333335,0.8184662737294951,0.40208333333333335,27.227434938662473,0.9906380919768368,1.0,0.35,0.15,0.5
43-34-0.pt,43,34,0.795795035118427,hard,0.1340804535145599,0.04366149614027757,0.17779906353982694,0.4116666666666667,0.8269323530888029,0.4116666666666667,26.4570672319551,0.9906380919768368,1.0,0.35,0.15,0.5
43-35-0.pt,43,35,0.8437806763338663,hard,0.1631773636320707,0.04372841514533052,0.18051245542767635,0.03166666666666667,0.8352467664418235,0.03166666666666667,28.336067873659637,0.9906380919768368,1.0,0.35,0.15,0.5
43-36-0.pt,43,36,0.8674353260310935,hard,0.17061811935541676,0.045125017521340606,0.18307266451497275,0.19208333333333333,0.8433593703263487,0.19208333333333333,28.93046951305489,0.9906380919768368,1.0,0.35,0.15,0.5
43-37-0.pt,43,37,0.9062710943329565,hard,0.17936637580766648,0.04726160146720528,0.18557043255350475,0.055,0.8512662531288956,0.055,30.288831571913978,0.9906380919768368,1.0,0.35,0.15,0.5
43-38-0.pt,43,38,0.897458656020742,hard,0.1720455467908174,0.04780189563961366,0.18786876385975423,0.32208333333333333,0.8590434153557925,0.32208333333333333,29.75261190509144,0.9906380919768368,1.0,0.35,0.15,0.5
43-39-0.pt,43,39,0.9277158404028292,hard,0.17390468996380073,0.04793511182025898,0.19086770623188035,0.35541666666666666,0.8662526783624783,0.35541666666666666,30.67741600994829,0.9906380919768368,1.0,0.35,0.15,0.5
43-4-0.pt,43,4,0.27442726124196715,medium,0.35871334212219474,0.22019560092363172,0.05632093734514698,0.23,0.4413812654299399,0.23,10.255006952369365,0.9906380919768368,1.0,0.35,0.15,0.5
43-40-0.pt,43,40,0.9448171418159709,hard,0.17614813924440625,0.04700055852037154,0.19463532833822209,0.38166666666666665,0.8732831968827633,0.38166666666666665,31.191873672435747,0.9906380919768368,1.0,0.35,0.15,0.5
43-41-0.pt,43,41,0.9518744502297123,hard,0.19912508536466578,0.04866882415940106,0.19934793760150932,0.24583333333333332,0.8809292457663215,0.24583333333333332,31.541525864150984,0.9906380919768368,1.0,0.35,0.15,0.5
43-42-0.pt,43,42,0.96937510784238,hard,0.20974484871505145,0.048602779931727645,0.2055281546458614,0.29625,0.8886377384783829,0.29625,32.04542096466531,0.9906380919768368,1.0,0.35,0.15,0.5
43-43-0.pt,43,43,0.96315084635059,hard,0.19836065922261972,0.050905128834933804,0.21366909660115677,0.135,0.8956890495997395,0.135,31.998320629329932,0.9906380919768368,1.0,0.35,0.15,0.5
43-44-0.pt,43,44,0.9451615055826349,hard,0.22057332784308992,0.054284914973884296,0.22400826062256077,0.23708333333333334,0.9030765967728944,0.23708333333333334,31.32796796537802,0.9906380919768368,1.0,0.35,0.15,0.5
43-45-0.pt,43,45,0.9296751526643189,hard,0.2735688495686769,0.05842770925425234,0.23612208322699607,0.009166666666666667,0.9098747914797003,0.009166666666666667,31.050597625706025,0.9906380919768368,1.0,0.35,0.15,0.5
43-46-0.pt,43,46,0.9698474861252935,hard,0.26650293306357664,0.06860347317666357,0.2501166635208546,0.24041666666666667,0.9163778831979669,0.24041666666666667,32.1021303071536,0.9906380919768368,1.0,0.35,0.15,0.5
43-47-0.pt,43,47,0.9756722450256196,hard,0.30360102960447005,0.08435540512566854,0.2673065517357253,0.12125,0.9233843982853743,0.12125,32.39713402539985,0.9906380919768368,1.0,0.35,0.15,0.5
43-48-0.pt,43,48,0.9384490337928719,hard,0.2934693317527942,0.10769600884000353,0.2883586849339541,0.2608333333333333,0.9307248959428034,0.2608333333333333,31.081323283458286,0.9906380919768368,1.0,0.35,0.15,0.5
43-49-0.pt,43,49,0.9421974002615707,hard,0.3075648491147127,0.13594425762941342,0.311821919964258,0.17416666666666666,0.9375721273196639,0.17416666666666666,31.2796907577816,0.9906380919768368,1.0,0.35,0.15,0.5
43-5-0.pt,43,5,0.32157383315570587,medium,0.2625828578757773,0.1935665040500106,0.06433369520494281,0.7508333333333334,0.4704024802255922,0.7508333333333334,11.243516694962528,0.9906380919768368,1.0,0.35,0.15,0.5
43-50-0.pt,43,50,0.9445184756508751,hard,0.3407392471538326,0.1744048281304564,0.3393466205690292,0.0016666666666666668,0.9447223011569337,0.0016666666666666668,31.51418841576494,0.9906380919768368,1.0,0.35,0.15,0.5
43-6-0.pt,43,6,0.30245873948509194,medium,0.22876303634466025,0.17278502246250407,0.07150940415905792,0.22791666666666666,0.4953543029539138,0.22791666666666666,11.123839145236525,0.9906380919768368,1.0,0.35,0.15,0.5
43-7-0.pt,43,7,0.32895875130818675,medium,0.2332750848919658,0.1569480884567367,0.07780119324141896,0.6895833333333333,0.5177977023041295,0.6895833333333333,11.51655284633191,0.9906380919768368,1.0,0.35,0.15,0.5
43-8-0.pt,43,8,0.3360782654604424,medium,0.19898782817177005,0.15080589304373673,0.08389065149860464,0.27125,0.537213006989144,0.27125,12.131658041709386,0.9906380919768368,1.0,0.35,0.15,0.5
43-9-0.pt,43,9,0.35260192106424676,medium,0.18031566224053877,0.13872649727861125,0.08984788233768655,0.5441666666666667,0.5558346814670037,0.5441666666666667,12.388840255370734,0.9906380919768368,1.0,0.35,0.15,0.5
44-10-0.pt,44,10,0.35760113001512006,medium,0.1686378390676861,0.13480613783741457,0.10032357533226642,0.023333333333333334,0.5762676280510606,0.023333333333333334,13.033637891600238,0.9906380919768368,1.0,0.35,0.15,0.5
44-11-0.pt,44,11,0.38658049228059493,medium,0.14926624132087346,0.13273006408421045,0.10526099618788914,0.45125,0.5925110071912671,0.45125,13.53953997301468,0.9906380919768368,1.0,0.35,0.15,0.5
44-12-0.pt,44,12,0.39807532775628995,medium,0.12855879827364108,0.1291276816360104,0.11038800201448767,0.355,0.6069083617679124,0.355,13.98955973609893,0.9906380919768368,1.0,0.35,0.15,0.5
44-13-0.pt,44,13,0.422389140749613,medium,0.12551359129976977,0.12183081802092435,0.11491528769709874,0.49166666666666664,0.6213902529505784,0.49166666666666664,14.624823588935602,0.9906380919768368,1.0,0.35,0.15,0.5
44-14-0.pt,44,14,0.45601535605526966,hard,0.1349406356380832,0.11642434289797915,0.11901445150828066,0.475,0.6348858341762212,0.475,15.7013757396252,0.9906380919768368,1.0,0.35,0.15,0.5
44-15-0.pt,44,15,0.44619930223964116,medium,0.13614530062235752,0.11376581076717612,0.12299669713162609,0.4558333333333333,0.6477234928069553,0.4558333333333333,15.403105570266135,0.9906380919768368,1.0,0.35,0.15,0.5
44-16-0.pt,44,16,0.4752593142186027,hard,0.11944528706248919,0.10999869717114237,0.12703963605778437,0.24541666666666667,0.6593963149154926,0.24541666666666667,16.51960555182153,0.9906380919768368,1.0,0.35,0.15,0.5
44-17-0.pt,44,17,0.4948744381754281,hard,0.10924159667394089,0.10742272591403913,0.1309638090039674,0.3754166666666667,0.6713629731718065,0.3754166666666667,17.013238258078562,0.9906380919768368,1.0,0.35,0.15,0.5
44-18-0.pt,44,18,0.5017787966884817,hard,0.10803728531518912,0.10372661863917922,0.13473473605282524,0.2554166666666667,0.6828225255685945,0.2554166666666667,17.34145288065155,0.9906380919768368,1.0,0.35,0.15,0.5
44-19-0.pt,44,19,0.5085178007144465,hard,0.10438609961225799,0.10366770349894656,0.13858287861373683,0.009583333333333333,0.6938460188135666,0.009583333333333333,17.78409704057435,0.9906380919768368,1.0,0.35,0.15,0.5
44-2-0.pt,44,2,0.26567604943147227,medium,0.5991268058232937,0.3255274314562531,0.039271651389425594,0.4975,0.36288632519331604,0.4975,9.75544436373948,0.9906380919768368,1.0,0.35,0.15,0.5
44-20-0.pt,44,20,0.5446966055379338,hard,0.10958945860488722,0.09738515083504064,0.14215269608169592,0.4454166666666667,0.7047596568092094,0.4454166666666667,18.512929714483068,0.9906380919768368,1.0,0.35,0.15,0.5
44-21-0.pt,44,21,0.5509453735491914,hard,0.10547316982461095,0.09504306760002555,0.14560925926118612,0.38666666666666666,0.714761568877009,0.38666666666666666,18.762785319085236,0.9906380919768368,1.0,0.35,0.15,0.5
44-22-0.pt,44,22,0.5700683153402486,hard,0.10404673740908066,0.09218559787081035,0.14896523424523112,0.14541666666666667,0.7252913822408034,0.14541666666666667,19.593946882981133,0.9906380919768368,1.0,0.35,0.15,0.5
44-23-0.pt,44,23,0.602135337391418,hard,0.09905242973080068,0.08922367094866904,0.15233221095694552,0.41833333333333333,0.7350779661247265,0.41833333333333333,20.347572718936394,0.9906380919768368,1.0,0.35,0.15,0.5
44-24-0.pt,44,24,0.623164577674294,hard,0.10069434214185193,0.08646600550577921,0.155951676090841,0.09208333333333334,0.744179385317393,0.09208333333333334,21.320478939088904,0.9906380919768368,1.0,0.35,0.15,0.5
44-25-0.pt,44,25,0.6336944220405311,hard,0.10085251169455235,0.0812529366479205,0.15924743527776788,0.44958333333333333,0.7538693984097734,0.44958333333333333,21.310922013042717,0.9906380919768368,1.0,0.35,0.15,0.5
44-26-0.pt,44,26,0.6551673642816603,hard,0.1078264230601419,0.0769949356583018,0.16256930598545535,0.4625,0.7630524746878709,0.4625,21.975781006690166,0.9906380919768368,1.0,0.35,0.15,0.5
44-27-0.pt,44,27,0.7100805760644813,hard,0.10024218114921282,0.06803419662679967,0.16527929957524434,0.0075,0.7728060580885132,0.0075,24.145077062821787,0.9906380919768368,1.0,0.35,0.15,0.5
44-28-0.pt,44,28,0.6946909267866463,hard,0.11631117279104769,0.06492912746640467,0.1681244905595663,0.13,0.7815530077171858,0.13,23.537213682748447,0.9906380919768368,1.0,0.35,0.15,0.5
44-29-0.pt,44,29,0.698389383996592,hard,0.11456174650028247,0.06200713762011266,0.17089870865450832,0.10333333333333333,0.7904800190023498,0.10333333333333333,23.67617439684369,0.9906380919768368,1.0,0.35,0.15,0.5
44-3-0.pt,44,3,0.2884469592541982,medium,0.4794596321552488,0.24804700550918138,0.049898420640176445,0.19666666666666666,0.40886555215187176,0.19666666666666666,10.744430189163479,0.9906380919768368,1.0,0.35,0.15,0.5
44-30-0.pt,44,30,0.7704980884362719,hard,0.12237717752427373,0.058210021424429985,0.17371927390950148,0.45625,0.7996105299112061,0.45625,25.623735453929363,0.9906380919768368,1.0,0.35,0.15,0.5
44-31-0.pt,44,31,0.7877154819269443,hard,0.12064049368769833,0.05580287676635702,0.17681439946183294,0.45958333333333334,0.8081561175108722,0.45958333333333334,26.163019901310474,0.9906380919768368,1.0,0.35,0.15,0.5
44-32-0.pt,44,32,0.7626618819557254,hard,0.12953683380013484,0.0506783160832525,0.18001563523790137,0.08708333333333333,0.816201872611453,0.08708333333333333,25.719084962697814,0.9906380919768368,1.0,0.35,0.15,0.5
44-33-0.pt,44,33,0.7679925796079964,hard,0.14497694389603683,0.04805223387739341,0.1827513812127235,0.065,0.8250932533461223,0.065,25.90546266235269,0.9906380919768368,1.0,0.35,0.15,0.5
44-34-0.pt,44,34,0.8205663879970887,hard,0.15442735306940922,0.04636249126073089,0.1855222785893626,0.43291666666666667,0.8336228754834313,0.43291666666666667,27.21961282529591,0.9906380919768368,1.0,0.35,0.15,0.5
44-35-0.pt,44,35,0.8681433048210355,hard,0.17092439054291186,0.04593587937123668,0.18810118015828406,0.4245833333333333,0.8416551860282928,0.4245833333333333,28.732822638439313,0.9906380919768368,1.0,0.35,0.15,0.5
44-36-0.pt,44,36,0.8891346597187318,hard,0.1837666526021239,0.045478479208772675,0.19021452916739234,0.375,0.8501115829214168,0.375,29.442059123009045,0.9906380919768368,1.0,0.35,0.15,0.5
44-37-0.pt,44,37,0.9143346350387348,hard,0.18903863331715998,0.04727044644946625,0.19265035976304204,0.09041666666666667,0.8579512211129098,0.09041666666666667,30.5081562979439,0.9906380919768368,1.0,0.35,0.15,0.5
44-38-0.pt,44,38,0.9403658398638709,hard,0.1829051326520677,0.047891510182002585,0.19520469046207703,0.41875,0.8658218158766087,0.41875,31.0185533463204,0.9906380919768368,1.0,0.35,0.15,0.5
44-39-0.pt,44,39,0.9177271437861184,hard,0.18180202691485323,0.04919318854748006,0.19874143551521928,0.10541666666666667,0.8726686335684433,0.10541666666666667,30.59549150000031,0.9906380919768368,1.0,0.35,0.15,0.5
44-4-0.pt,44,4,0.3022933420994275,medium,0.37684135005295405,0.2226805832056489,0.059172640094947035,0.8216666666666667,0.44469289020841585,0.8216666666666667,10.575370290903539,0.9906380919768368,1.0,0.35,0.15,0.5
44-40-0.pt,44,40,0.9516786137294382,hard,0.20280271375959807,0.04859081906711059,0.20270669979989545,0.3775,0.8804782671005354,0.3775,31.41046521229813,0.9906380919768368,1.0,0.35,0.15,0.5
44-41-0.pt,44,41,0.9598468323997399,hard,0.2263475307701482,0.04925988574745748,0.20784583395351558,0.03625,0.8884195280244502,0.03625,31.990291756138117,0.9906380919768368,1.0,0.35,0.15,0.5
44-42-0.pt,44,42,0.9684401936716832,hard,0.21001444351648366,0.0505584653361475,0.21469277654780497,0.2625,0.8954255339661533,0.2625,32.045064265554885,0.9906380919768368,1.0,0.35,0.15,0.5
44-43-0.pt,44,43,0.9748954600397522,hard,0.21704318995762092,0.055502980256338964,0.22397579801838405,0.28208333333333335,0.9029364706219917,0.28208333333333335,32.22809360437819,0.9906380919768368,1.0,0.35,0.15,0.5
44-44-0.pt,44,44,0.9805370243465302,hard,0.2547629191840077,0.06208137245712395,0.2352826348569608,0.21333333333333335,0.9101334574551945,0.21333333333333335,32.46933390132198,0.9906380919768368,1.0,0.35,0.15,0.5
44-45-0.pt,44,45,0.9578426511961824,hard,0.2821571846607458,0.07315390914068846,0.2490310438544366,0.1125,0.9171596014274321,0.1125,31.84263728038117,0.9906380919768368,1.0,0.35,0.15,0.5
44-46-0.pt,44,46,0.9639600489645025,hard,0.2843253053426951,0.09507417266645223,0.2661903856562093,0.18833333333333332,0.9240606616747499,0.18833333333333332,31.961785026769995,0.9906380919768368,1.0,0.35,0.15,0.5
44-47-0.pt,44,47,0.949380097071282,hard,0.2960266520879789,0.12128113794766911,0.28594003769173737,0.07375,0.9311568673228195,0.07375,31.60540875609096,0.9906380919768368,1.0,0.35,0.15,0.5
44-48-0.pt,44,48,0.968939584458788,hard,0.303137031667711,0.15526112455076269,0.3106376402093968,0.18541666666666667,0.9383553798956105,0.18541666666666667,32.11662778712142,0.9906380919768368,1.0,0.35,0.15,0.5
44-49-0.pt,44,49,0.9627992808372996,hard,0.32693302462701396,0.1962287899399296,0.3396520143428103,0.22208333333333333,0.9459032510578254,0.22208333333333333,31.88403987380733,0.9906380919768368,1.0,0.35,0.15,0.5
44-5-0.pt,44,5,0.30918919102983844,medium,0.2912846247355347,0.19818602375325275,0.06775776573457538,0.3854166666666667,0.4738571516244781,0.3854166666666667,11.19643005923596,0.9906380919768368,1.0,0.35,0.15,0.5
44-50-0.pt,44,50,0.9370731687769247,hard,0.35665249384567027,0.2381795928797369,0.37206422802885425,0.07416666666666667,0.9527003156645927,0.07416666666666667,31.206018086757975,0.9906380919768368,1.0,0.35,0.15,0.5
44-6-0.pt,44,6,0.3211450243826119,medium,0.24077377203589817,0.17901009938438825,0.07532069953687694,0.6783333333333333,0.49884704407901087,0.6783333333333333,11.287191747034688,0.9906380919768368,1.0,0.35,0.15,0.5
44-7-0.pt,44,7,0.3143025262807325,medium,0.2353539928390012,0.16652597356335608,0.08193220527198952,0.2920833333333333,0.5212498423817894,0.2920833333333333,11.427907360929854,0.9906380919768368,1.0,0.35,0.15,0.5
44-8-0.pt,44,8,0.34505042010300896,medium,0.19683982361032076,0.1549041052156954,0.08846091019216294,0.5545833333333333,0.5409177514661424,0.5545833333333333,12.145576814954502,0.9906380919768368,1.0,0.35,0.15,0.5
44-9-0.pt,44,9,0.3475723143931754,medium,0.17264343061959228,0.14240857974196103,0.09463090723039108,0.33375,0.5595995067924912,0.33375,12.42764763672744,0.9906380919768368,1.0,0.35,0.15,0.5
45-10-0.pt,45,10,0.3832016806390813,medium,0.18422956364209211,0.146267287125576,0.10596660524179748,0.46041666666666664,0.5801608541033773,0.46041666666666664,13.428726247264992,0.9906380919768368,1.0,0.35,0.15,0.5
45-11-0.pt,45,11,0.3866609314851328,medium,0.16860084430470204,0.14034389116514806,0.1114754888565826,0.12541666666666668,0.5964062854911247,0.12541666666666668,13.849926343166223,0.9906380919768368,1.0,0.35,0.15,0.5
45-12-0.pt,45,12,0.41900878028704236,medium,0.16319860064519348,0.1347701808866666,0.11679657696479182,0.38458333333333333,0.610983154847274,0.38458333333333333,14.623564454601043,0.9906380919768368,1.0,0.35,0.15,0.5
45-13-0.pt,45,13,0.4199414122368844,medium,0.1402134223228182,0.13035401599197413,0.1214377785115734,0.24083333333333334,0.6255193579030836,0.24083333333333334,14.783729591626019,0.9906380919768368,1.0,0.35,0.15,0.5
45-14-0.pt,45,14,0.4450732010059314,medium,0.16721322155864154,0.12146576207612485,0.12579498001545686,0.14666666666666667,0.6392728825002084,0.14666666666666667,15.664432463462798,0.9906380919768368,1.0,0.35,0.15,0.5
45-15-0.pt,45,15,0.45848527916683507,hard,0.14253731500548006,0.11995173055231163,0.13016871097644384,0.48,0.6520153517904989,0.48,15.767972278256563,0.9906380919768368,1.0,0.35,0.15,0.5
45-16-0.pt,45,16,0.49285393813082323,hard,0.13232564609642822,0.11597962121367993,0.13442881366466264,0.2916666666666667,0.6640955583148028,0.2916666666666667,17.031661637766266,0.9906380919768368,1.0,0.35,0.15,0.5
45-17-0.pt,45,17,0.4934992127956132,hard,0.1317922069376339,0.11302986840810864,0.13866020932726358,0.35833333333333334,0.6761426300513609,0.35833333333333334,16.983910317975706,0.9906380919768368,1.0,0.35,0.15,0.5
45-18-0.pt,45,18,0.5119999799681522,hard,0.12065973967510593,0.11401125900369453,0.14272148647532484,0.31,0.6872491307689144,0.31,17.61190984846801,0.9906380919768368,1.0,0.35,0.15,0.5
45-19-0.pt,45,19,0.527196703184591,hard,0.11954077314757987,0.108966133924878,0.14650510125307772,0.34708333333333335,0.6986444846595887,0.34708333333333335,18.053913212135164,0.9906380919768368,1.0,0.35,0.15,0.5
45-2-0.pt,45,2,0.2748135475128659,medium,0.6065518124385894,0.32657037761535246,0.04126947962706185,0.8058333333333333,0.36592143461556936,0.8058333333333333,9.751137613663532,0.9906380919768368,1.0,0.35,0.15,0.5
45-20-0.pt,45,20,0.5472164117957315,hard,0.10978407025673373,0.10689940461304688,0.15039142866462854,0.33666666666666667,0.709505862231656,0.33666666666666667,18.694168176951916,0.9906380919768368,1.0,0.35,0.15,0.5
45-21-0.pt,45,21,0.5673895720096858,hard,0.12064672453819994,0.10155346509696944,0.15408549796680113,0.3154166666666667,0.7196404753205571,0.3154166666666667,19.349872214199486,0.9906380919768368,1.0,0.35,0.15,0.5
45-22-0.pt,45,22,0.5758846508488245,hard,0.10513952336134774,0.09919926051344678,0.1573446741302802,0.0125,0.7301012036649113,0.0125,19.902634946112823,0.9906380919768368,1.0,0.35,0.15,0.5
45-23-0.pt,45,23,0.6023772246865011,hard,0.11059483426212828,0.09656445981037974,0.16100801862346958,0.3675,0.7399943234931197,0.3675,20.401514443812353,0.9906380919768368,1.0,0.35,0.15,0.5
45-24-0.pt,45,24,0.6202987092187815,hard,0.10937155686157002,0.09256701014940832,0.16473390242919994,0.019583333333333335,0.7496973876939187,0.019583333333333335,21.2962106392477,0.9906380919768368,1.0,0.35,0.15,0.5
45-25-0.pt,45,25,0.6638726762418181,hard,0.11054669450893287,0.09062089483474418,0.16851602942709482,0.415,0.7592136781567221,0.415,22.298478132752347,0.9906380919768368,1.0,0.35,0.15,0.5
45-26-0.pt,45,26,0.6768174523775856,hard,0.10999197657024808,0.08267628673831637,0.17177601356107514,0.4379166666666667,0.7688694778505082,0.4379166666666667,22.683237993714236,0.9906380919768368,1.0,0.35,0.15,0.5
45-27-0.pt,45,27,0.685494833076578,hard,0.11877123565625758,0.07617928071167074,0.1746690778764391,0.49541666666666667,0.7780270869134335,0.49541666666666667,22.90004898824747,0.9906380919768368,1.0,0.35,0.15,0.5
45-28-0.pt,45,28,0.716244402141464,hard,0.1300882957341532,0.0703224162292203,0.17726526374426016,0.48125,0.7874952459609027,0.48125,23.884653681604465,0.9906380919768368,1.0,0.35,0.15,0.5
45-29-0.pt,45,29,0.7362061455386857,hard,0.1402379677134375,0.06674694814598608,0.18012555629783292,0.49375,0.7966483524161763,0.49375,24.502003573888167,0.9906380919768368,1.0,0.35,0.15,0.5
45-3-0.pt,45,3,0.30338096114546287,medium,0.4801731588797661,0.25975043557766153,0.05291154826885224,0.8720833333333333,0.4120609262992984,0.8720833333333333,10.575259948001953,0.9906380919768368,1.0,0.35,0.15,0.5
45-30-0.pt,45,30,0.7405701155581585,hard,0.1310132747813639,0.06427595261526259,0.18334515516427916,0.46375,0.8054967659904486,0.46375,24.665263739002345,0.9906380919768368,1.0,0.35,0.15,0.5
45-31-0.pt,45,31,0.7439870043990067,hard,0.15133422453303694,0.058034192446937215,0.18658241698439984,0.47,0.8137415712655822,0.47,24.764315495779794,0.9906380919768368,1.0,0.35,0.15,0.5
45-32-0.pt,45,32,0.8311285642333395,hard,0.1546022560114194,0.05418052940064137,0.1893935054170198,0.43875,0.8227644931755244,0.43875,27.5533971872132,0.9906380919768368,1.0,0.35,0.15,0.5
45-33-0.pt,45,33,0.8049931522910947,hard,0.1566860055236889,0.04950146071055952,0.19207095870822552,0.42125,0.8314429013726463,0.42125,26.73778408667843,0.9906380919768368,1.0,0.35,0.15,0.5
45-34-0.pt,45,34,0.8908136392508453,hard,0.182872994691478,0.046955152500843846,0.19465624346599936,0.36333333333333334,0.8402882925191202,0.36333333333333334,29.51037302049993,0.9906380919768368,1.0,0.35,0.15,0.5
45-35-0.pt,45,35,0.8917234438369015,hard,0.18766360481454378,0.04635767689974536,0.19740362652351218,0.025833333333333333,0.8485167967250887,0.025833333333333333,29.856372307360562,0.9906380919768368,1.0,0.35,0.15,0.5
45-36-0.pt,45,36,0.9297398342378886,hard,0.19711607843551576,0.04680024586844873,0.19983777459098792,0.39958333333333335,0.8566350386105883,0.39958333333333335,30.70356488652646,0.9906380919768368,1.0,0.35,0.15,0.5
45-37-0.pt,45,37,0.9318390524307893,hard,0.20851968546963073,0.04881994370702585,0.20233002720246504,0.03958333333333333,0.8646129498376102,0.03958333333333333,31.10874667311884,0.9906380919768368,1.0,0.35,0.15,0.5
45-38-0.pt,45,38,0.9437257426802547,hard,0.20153580114655328,0.04748026492708141,0.20507001062859287,0.3433333333333333,0.8720183402123379,0.3433333333333333,31.194184934160987,0.9906380919768368,1.0,0.35,0.15,0.5
45-39-0.pt,45,39,0.9607817271649348,hard,0.19331735966260075,0.048418247068076466,0.20860998528570096,0.12166666666666667,0.8796442729955403,0.12166666666666667,31.94239248514314,0.9906380919768368,1.0,0.35,0.15,0.5
45-4-0.pt,45,4,0.3135779871802878,medium,0.37088547143571327,0.23300983855201743,0.06276860768704468,0.76125,0.44786938352295536,0.76125,10.989263657045331,0.9906380919768368,1.0,0.35,0.15,0.5
45-40-0.pt,45,40,0.9737389470515496,hard,0.23474243764677283,0.05027824856967312,0.2130783014685278,0.30125,0.8877696704624486,0.30125,32.17939438559661,0.9906380919768368,1.0,0.35,0.15,0.5
45-41-0.pt,45,41,0.9752954221982969,hard,0.22329232207322305,0.05182777686179446,0.21908839671787458,0.07583333333333334,0.8951205455778138,0.07583333333333334,32.43981773229396,0.9906380919768368,1.0,0.35,0.15,0.5
45-42-0.pt,45,42,0.969281063898843,hard,0.22004647346318326,0.05677800366960183,0.22740355907235835,0.09708333333333333,0.9025917821255156,0.09708333333333333,32.22589460279701,0.9906380919768368,1.0,0.35,0.15,0.5
45-43-0.pt,45,43,0.9979384319357186,hard,0.24836805274394722,0.06687538020894598,0.23813511225731646,0.27,0.9099046850585596,0.27,32.96737714416026,0.9906380919768368,1.0,0.35,0.15,0.5
45-44-0.pt,45,44,0.994520378817441,hard,0.24407169848008778,0.0813421009990021,0.25132529733869363,0.26875,0.9171932317036486,0.26875,32.8572184897541,0.9906380919768368,1.0,0.35,0.15,0.5
45-45-0.pt,45,45,0.9453506693485616,hard,0.2815735883587401,0.10564795249784467,0.2683854018764362,0.26125,0.9246173441945785,0.26125,31.302249816358252,0.9906380919768368,1.0,0.35,0.15,0.5
45-46-0.pt,45,46,0.9778902238621483,hard,0.2742571824227307,0.13757789274070784,0.2881491020812761,0.21041666666666667,0.9315856747990181,0.21041666666666667,32.37944839167864,0.9906380919768368,1.0,0.35,0.15,0.5
45-47-0.pt,45,47,0.9313434040312789,hard,0.2934173729233939,0.1733475233531643,0.31320708090651456,0.11041666666666666,0.9386837581834335,0.11041666666666666,30.995619572151803,0.9906380919768368,1.0,0.35,0.15,0.5
45-48-0.pt,45,48,0.9700952935338109,hard,0.31349776344025576,0.21997083912078613,0.3438089910550879,0.18708333333333332,0.946624014178367,0.18708333333333332,32.148325001232315,0.9906380919768368,1.0,0.35,0.15,0.5
45-49-0.pt,45,49,0.9765875607249284,hard,0.31894579353248265,0.2642131547761988,0.3794555468874273,0.19875,0.9538019609318519,0.19875,32.34018098562299,0.9906380919768368,1.0,0.35,0.15,0.5
45-5-0.pt,45,5,0.3329554829420416,medium,0.31608539343741865,0.21124246401789754,0.07185506838989847,0.7354166666666667,0.4773784266884286,0.7354166666666667,11.616206208498228,0.9906380919768368,1.0,0.35,0.15,0.5
45-50-0.pt,45,50,0.9617437334282796,hard,0.3872711292524904,0.3152998498476095,0.4217247683960935,0.049166666666666664,0.9610549109008456,0.049166666666666664,32.008611033297434,0.9906380919768368,1.0,0.35,0.15,0.5
45-6-0.pt,45,6,0.32855472686545284,medium,0.2624045582586743,0.18383229953787578,0.07966159158935222,0.08791666666666667,0.5025203270318496,0.08791666666666667,12.081320473511646,0.9906380919768368,1.0,0.35,0.15,0.5
45-7-0.pt,45,7,0.3469706075796425,medium,0.24156133190160145,0.1695327448924712,0.086860528317345,0.6108333333333333,0.5247554543147789,0.6108333333333333,12.159623083777081,0.9906380919768368,1.0,0.35,0.15,0.5
45-8-0.pt,45,8,0.34536311977092626,medium,0.2003945271559398,0.16573367042039977,0.09360154308973148,0.5204166666666666,0.5446666093347187,0.5204166666666666,12.186411839503442,0.9906380919768368,1.0,0.35,0.15,0.5
45-9-0.pt,45,9,0.36382634015348947,medium,0.1957466742858499,0.15184979766037038,0.10000808543945777,0.39708333333333334,0.5630067375248662,0.39708333333333334,12.881499120678901,0.9906380919768368,1.0,0.35,0.15,0.5
46-10-0.pt,46,10,0.3810114810942542,medium,0.204726928324054,0.1552090395156043,0.11234509356974469,0.05583333333333333,0.5837945433019907,0.05583333333333333,13.742005206659309,0.9906380919768368,1.0,0.35,0.15,0.5
46-11-0.pt,46,11,0.40049501227021866,medium,0.1857966244595294,0.14825724618436947,0.11815172179698902,0.4041666666666667,0.6002269854774253,0.4041666666666667,14.02231197912577,0.9906380919768368,1.0,0.35,0.15,0.5
46-12-0.pt,46,12,0.43534268510526014,medium,0.18534679269671317,0.1451487823637257,0.12383716755553892,0.44125,0.6150693069994054,0.44125,15.086003294319914,0.9906380919768368,1.0,0.35,0.15,0.5
46-13-0.pt,46,13,0.42323161505241147,medium,0.16245037981004518,0.1387176827274375,0.12891360309460118,0.0825,0.6294655080337815,0.0825,15.036807163095476,0.9906380919768368,1.0,0.35,0.15,0.5
46-14-0.pt,46,14,0.4650023329049109,hard,0.16340230219297308,0.1315813662614484,0.1333744868157534,0.41291666666666665,0.6432826629104678,0.41291666666666665,16.041872938706025,0.9906380919768368,1.0,0.35,0.15,0.5
46-15-0.pt,46,15,0.4915231684341125,hard,0.15877249922935116,0.13009279152959033,0.138313108574963,0.4554166666666667,0.6559504905089275,0.4554166666666667,16.83727868647152,0.9906380919768368,1.0,0.35,0.15,0.5
46-16-0.pt,46,16,0.5176226152654733,hard,0.14624103026366467,0.12622628321905835,0.14280014217581477,0.19583333333333333,0.6683222401663322,0.19583333333333333,17.906310985853985,0.9906380919768368,1.0,0.35,0.15,0.5
46-17-0.pt,46,17,0.5049567824799138,hard,0.14819412942330368,0.12139604740293067,0.1473769632229987,0.0575,0.6804273019646873,0.0575,17.63114264600515,0.9906380919768368,1.0,0.35,0.15,0.5
46-18-0.pt,46,18,0.5432660941764377,hard,0.13686144137542447,0.12097521645087927,0.15187408980551767,0.4275,0.6918963256713492,0.4275,18.489820548379267,0.9906380919768368,1.0,0.35,0.15,0.5
46-19-0.pt,46,19,0.5546745525906542,hard,0.13443511573942968,0.1185886526681309,0.15568408098099634,0.3233333333333333,0.7035458316675316,0.3233333333333333,18.94573771006258,0.9906380919768368,1.0,0.35,0.15,0.5
46-2-0.pt,46,2,0.2735761535585945,medium,0.6310045292346859,0.3390842390165425,0.04388373630395872,0.9195833333333333,0.36887110996692857,0.9195833333333333,9.602681529787477,0.9906380919768368,1.0,0.35,0.15,0.5
46-20-0.pt,46,20,0.5644670326699555,hard,0.12640664397438783,0.11541120340992081,0.15988801539460154,0.3458333333333333,0.7143138428285702,0.3458333333333333,19.230487834417815,0.9906380919768368,1.0,0.35,0.15,0.5
46-21-0.pt,46,21,0.5840762592130773,hard,0.146190358972889,0.11143577224033754,0.16391275764764218,0.3516666666666667,0.7249380094399549,0.3516666666666667,19.842392317798616,0.9906380919768368,1.0,0.35,0.15,0.5
46-22-0.pt,46,22,0.6035803678626653,hard,0.11939955770208228,0.10537979886315807,0.1674940165827011,0.3375,0.735217549938176,0.3375,20.47009658959547,0.9906380919768368,1.0,0.35,0.15,0.5
46-23-0.pt,46,23,0.6225193210476871,hard,0.12041127925326024,0.10447220255697758,0.17141171845636322,0.3904166666666667,0.7448715594646357,0.3904166666666667,21.016431186568695,0.9906380919768368,1.0,0.35,0.15,0.5
46-24-0.pt,46,24,0.6444213825897501,hard,0.11299159871063338,0.10066161305946918,0.17503302801071288,0.115,0.7551015331307833,0.115,21.96828059147507,0.9906380919768368,1.0,0.35,0.15,0.5
46-25-0.pt,46,25,0.6639261794649554,hard,0.12293706302537107,0.09658424115045866,0.17902234477504603,0.3858333333333333,0.7645674105086487,0.3858333333333333,22.325693267155277,0.9906380919768368,1.0,0.35,0.15,0.5
46-26-0.pt,46,26,0.7343480012589678,hard,0.1365276207166699,0.09147951642346884,0.18254143599820885,0.06833333333333333,0.774481072164708,0.06833333333333333,24.856095865624773,0.9906380919768368,1.0,0.35,0.15,0.5
46-27-0.pt,46,27,0.6977366169509979,hard,0.14194107864175515,0.08490772558851549,0.1857606158826144,0.3670833333333333,0.7839208295138156,0.3670833333333333,23.40768106858854,0.9906380919768368,1.0,0.35,0.15,0.5
46-28-0.pt,46,28,0.7131584292274126,hard,0.13161294963638032,0.08025432671436843,0.1885595488111736,0.01375,0.793275044955152,0.01375,24.22840365203971,0.9906380919768368,1.0,0.35,0.15,0.5
46-29-0.pt,46,29,0.7340169170995356,hard,0.13447514818648074,0.07555938018036627,0.19180351823289343,0.0975,0.8023852032855433,0.0975,24.806543787410764,0.9906380919768368,1.0,0.35,0.15,0.5
46-3-0.pt,46,3,0.30445895904248704,medium,0.5218176526504406,0.27240242018928734,0.055735390402510694,0.845,0.4152211685895622,0.845,10.633874001553378,0.9906380919768368,1.0,0.35,0.15,0.5
46-30-0.pt,46,30,0.816547311707135,hard,0.15474617506840008,0.06885152235223527,0.19513099693221306,0.4579166666666667,0.8115363116486785,0.4579166666666667,27.077424394023218,0.9906380919768368,1.0,0.35,0.15,0.5
46-31-0.pt,46,31,0.7739900956513801,hard,0.1492199562958889,0.06067245895689611,0.19839891212195132,0.20125,0.8201379923864789,0.20125,25.96826106219899,0.9906380919768368,1.0,0.35,0.15,0.5
46-32-0.pt,46,32,0.8712177828054125,hard,0.16194213750103292,0.055106455430655114,0.20154273323392247,0.145,0.828680768247859,0.145,29.1010890735595,0.9906380919768368,1.0,0.35,0.15,0.5
46-33-0.pt,46,33,0.8608425303657828,hard,0.18243768279825034,0.050064137851195956,0.20382294286223754,0.07666666666666666,0.8380579572279027,0.07666666666666666,28.833186378195236,0.9906380919768368,1.0,0.35,0.15,0.5
46-34-0.pt,46,34,0.8967843938263322,hard,0.203001124151897,0.049684487773698646,0.20664755449628625,0.37666666666666665,0.8465483794222025,0.37666666666666665,29.68448376040447,0.9906380919768368,1.0,0.35,0.15,0.5
46-35-0.pt,46,35,0.9187183392862956,hard,0.20870466948615993,0.04682624553676114,0.20915693385998527,0.17333333333333334,0.8549058159960146,0.17333333333333334,30.569653731374718,0.9906380919768368,1.0,0.35,0.15,0.5
46-36-0.pt,46,36,0.902833988495901,hard,0.227760765806121,0.047899520560282835,0.2115915924022759,0.19541666666666666,0.8632295916396809,0.19541666666666666,30.04163530356692,0.9906380919768368,1.0,0.35,0.15,0.5
46-37-0.pt,46,37,0.9460426121795282,hard,0.19340106361177523,0.04993012588443943,0.21478628012107434,0.3616666666666667,0.8706059091635417,0.3616666666666667,31.250813008603394,0.9906380919768368,1.0,0.35,0.15,0.5
46-38-0.pt,46,38,0.9766357170870102,hard,0.18380635587083477,0.04997882044254934,0.21781309700228263,0.295,0.8787100757490148,0.295,32.280867249939796,0.9906380919768368,1.0,0.35,0.15,0.5
46-39-0.pt,46,39,0.9774442768475656,hard,0.22672229159201646,0.05141674887360093,0.22179685666177665,0.15375,0.8868292656807597,0.15375,32.437335863957266,0.9906380919768368,1.0,0.35,0.15,0.5
46-4-0.pt,46,4,0.3115458331471621,medium,0.42644407014159147,0.2348172748013805,0.0661003163614957,0.42,0.45116948242343113,0.42,11.247546440512403,0.9906380919768368,1.0,0.35,0.15,0.5
46-40-0.pt,46,40,0.9581525801972617,hard,0.22469037750974022,0.054517426756452915,0.22704954232855487,0.28583333333333333,0.894446484749917,0.28583333333333333,31.697105824326886,0.9906380919768368,1.0,0.35,0.15,0.5
46-41-0.pt,46,41,0.9786378991884862,hard,0.21324149723967567,0.059799591965007205,0.23468385056931096,0.2604166666666667,0.9021205960229107,0.2604166666666667,32.367665945842305,0.9906380919768368,1.0,0.35,0.15,0.5
46-42-0.pt,46,42,1.0,hard,0.2633411287026287,0.07291101682494398,0.2449185694247698,0.035416666666666666,0.9094853479688049,0.035416666666666666,33.25568323525494,0.9906380919768368,1.0,0.35,0.15,0.5
46-43-0.pt,46,43,0.9760550056682838,hard,0.25152246211938284,0.09056758561314193,0.257435739328048,0.26958333333333334,0.9168468387163216,0.26958333333333334,32.27106946297457,0.9906380919768368,1.0,0.35,0.15,0.5
46-44-0.pt,46,44,0.9833832321233479,hard,0.2522694640312052,0.11928063625944921,0.27469826049236745,0.3025,0.9244586199433138,0.3025,32.46907577746319,0.9906380919768368,1.0,0.35,0.15,0.5
46-45-0.pt,46,45,0.9740546451709852,hard,0.27921601528875084,0.15358756667107862,0.2950178236718589,0.22916666666666666,0.9319724229755096,0.22916666666666666,32.239867190755795,0.9906380919768368,1.0,0.35,0.15,0.5
46-46-0.pt,46,46,0.9470543264756486,hard,0.286566391382446,0.19459872418688173,0.32054402980116237,0.18625,0.9389426313072291,0.18625,31.421661333970192,0.9906380919768368,1.0,0.35,0.15,0.5
46-47-0.pt,46,47,0.9769049802160699,hard,0.3101127933915237,0.24088053690232616,0.3521160518351099,0.10791666666666666,0.9468553236952577,0.10791666666666666,32.439330934604,0.9906380919768368,1.0,0.35,0.15,0.5
46-48-0.pt,46,48,0.9464282403362143,hard,0.32574441813307203,0.289627932453095,0.3911211609534078,0.165,0.954390156632628,0.165,31.415702180647042,0.9906380919768368,1.0,0.35,0.15,0.5
46-49-0.pt,46,49,0.9538746409692269,hard,0.3777437139466722,0.34538204576921305,0.43867538978903103,0.15625,0.9620258570670148,0.15625,31.657013737295127,0.9906380919768368,1.0,0.35,0.15,0.5
46-5-0.pt,46,5,0.31743290902259136,medium,0.31462706002015445,0.21402136566829943,0.0757372267994992,0.05875,0.4804496807853398,0.05875,11.765350670831516,0.9906380919768368,1.0,0.35,0.15,0.5
46-50-0.pt,46,50,0.9805596770108502,hard,0.4175522455273301,0.40733577192624065,0.4948861249734929,0.03,0.9690807700006452,0.03,32.620160382840055,0.9906380919768368,1.0,0.35,0.15,0.5
46-6-0.pt,46,6,0.3303392092896819,medium,0.30059747869415465,0.19228047804194762,0.08444723795706911,0.6116666666666667,0.5061415182001356,0.6116666666666667,11.639060195542879,0.9906380919768368,1.0,0.35,0.15,0.5
46-7-0.pt,46,7,0.33104390010477597,medium,0.2639785527913276,0.17864325443976575,0.0919664632340076,0.024583333333333332,0.5281192729113959,0.024583333333333332,12.209971856581392,0.9906380919768368,1.0,0.35,0.15,0.5
46-8-0.pt,46,8,0.34578411969968215,medium,0.22465324502115186,0.17090356268030188,0.09913901661916434,0.09916666666666667,0.5483315770428967,0.09916666666666667,12.59830095062073,0.9906380919768368,1.0,0.35,0.15,0.5
46-9-0.pt,46,9,0.3658057224971634,medium,0.24726292961357968,0.16181304790945256,0.10611532191339473,0.5225,0.5665710829045031,0.5225,12.823711156169612,0.9906380919768368,1.0,0.35,0.15,0.5
47-10-0.pt,47,10,0.3986850539130644,medium,0.22660421290121643,0.1620697549495301,0.1191292784393467,0.43916666666666665,0.5879634810037179,0.43916666666666665,13.93667595933273,0.9906380919768368,1.0,0.35,0.15,0.5
47-11-0.pt,47,11,0.4247550238785161,medium,0.20126771811864316,0.15901276984557397,0.12554170950359028,0.06,0.6040298952871661,0.06,15.116829865695621,0.9906380919768368,1.0,0.35,0.15,0.5
47-12-0.pt,47,12,0.4294190517755663,medium,0.19808737552638167,0.15242457518588495,0.13152436973334597,0.3729166666666667,0.6192609737587457,0.3729166666666667,14.961362624703296,0.9906380919768368,1.0,0.35,0.15,0.5
47-13-0.pt,47,13,0.4433170460464901,medium,0.1897292460644163,0.1472278999710224,0.13710453539762166,0.4270833333333333,0.6336031115377933,0.4270833333333333,15.344763848290176,0.9906380919768368,1.0,0.35,0.15,0.5
47-14-0.pt,47,14,0.4629814925282374,hard,0.17642920909669108,0.1412021390436706,0.14205410335992083,0.17958333333333334,0.6474502618962588,0.17958333333333334,16.197680485411794,0.9906380919768368,1.0,0.35,0.15,0.5
47-15-0.pt,47,15,0.49568771493764036,hard,0.16997659796736142,0.14253244434933757,0.14765116520372742,0.028333333333333332,0.6599033177319853,0.028333333333333332,17.373290241519076,0.9906380919768368,1.0,0.35,0.15,0.5
47-16-0.pt,47,16,0.5122491187887123,hard,0.16258829329282112,0.13844130882786182,0.15245876791429333,0.4225,0.6728150974657618,0.4225,17.518850566807036,0.9906380919768368,1.0,0.35,0.15,0.5
47-17-0.pt,47,17,0.5245615068951017,hard,0.15872344991991275,0.1345767371266725,0.15727833466297705,0.18458333333333332,0.684944516021573,0.18458333333333332,18.13024716563397,0.9906380919768368,1.0,0.35,0.15,0.5
47-18-0.pt,47,18,0.5408111355648422,hard,0.1461390938260733,0.13289598099367947,0.16213860396508115,0.18041666666666667,0.6965555948809817,0.18041666666666667,18.64472041839468,0.9906380919768368,1.0,0.35,0.15,0.5
47-19-0.pt,47,19,0.554315604797106,hard,0.14555295750381217,0.1276509492645948,0.16631072039186748,0.06541666666666666,0.7081061326730335,0.06541666666666666,19.17742566886324,0.9906380919768368,1.0,0.35,0.15,0.5
47-2-0.pt,47,2,0.2916228739052437,medium,0.6345491574244089,0.34870648645163405,0.04570210227496512,0.9266666666666666,0.3717005678227338,0.9266666666666666,10.167027472336077,0.9906380919768368,1.0,0.35,0.15,0.5
47-20-0.pt,47,20,0.5750646363531796,hard,0.13933777606641418,0.12679202740490525,0.17082191206467895,0.1175,0.718965741773416,0.1175,19.781454791183364,0.9906380919768368,1.0,0.35,0.15,0.5
47-21-0.pt,47,21,0.5887487769616359,hard,0.14839855426172707,0.12249423802971077,0.17521414643020725,0.1575,0.7296030310316287,0.1575,20.17303606683927,0.9906380919768368,1.0,0.35,0.15,0.5
47-22-0.pt,47,22,0.6184383474041154,hard,0.12929491528751125,0.11744813538402417,0.17945395049242605,0.33458333333333334,0.7399311887867641,0.33458333333333334,20.94206365012268,0.9906380919768368,1.0,0.35,0.15,0.5
47-23-0.pt,47,23,0.6395432852441082,hard,0.13179851750748617,0.11457810364968042,0.1833767850848309,0.35291666666666666,0.750184974938728,0.35291666666666666,21.589674396658758,0.9906380919768368,1.0,0.35,0.15,0.5
47-24-0.pt,47,24,0.6620701247640652,hard,0.1358233574513087,0.11170459821056675,0.18761710573178775,0.12083333333333333,0.7599852620528491,0.12083333333333333,22.520358453936613,0.9906380919768368,1.0,0.35,0.15,0.5
47-25-0.pt,47,25,0.6859146029971788,hard,0.14348907825282475,0.10608364787675233,0.19155364027684688,0.3975,0.7700172800352245,0.3975,23.0096034964531,0.9906380919768368,1.0,0.35,0.15,0.5
47-26-0.pt,47,26,0.6907236330867894,hard,0.15048873002256996,0.10119589563944732,0.19537977719531138,0.042916666666666665,0.77947135649201,0.042916666666666665,23.49496318663438,0.9906380919768368,1.0,0.35,0.15,0.5
47-27-0.pt,47,27,0.7716857276449569,hard,0.16089366487437176,0.09536569653615788,0.1988022213511197,0.3358333333333333,0.7893277820571235,0.3358333333333333,25.77992923063059,0.9906380919768368,1.0,0.35,0.15,0.5
47-28-0.pt,47,28,0.7900452796248104,hard,0.15604448452394057,0.08922053745684468,0.20176470318255282,0.43041666666666667,0.7991640560296243,0.43041666666666667,26.268250120494827,0.9906380919768368,1.0,0.35,0.15,0.5
47-29-0.pt,47,29,0.7912697833500104,hard,0.1692450374405221,0.08513944756326325,0.20571461648608722,0.04666666666666667,0.8079958532855787,0.04666666666666667,26.667902723044975,0.9906380919768368,1.0,0.35,0.15,0.5
47-3-0.pt,47,3,0.30758905683109367,medium,0.5374159679983732,0.28122913921752946,0.0591090008210519,0.5025,0.41827787438196823,0.5025,11.057127167212673,0.9906380919768368,1.0,0.35,0.15,0.5
47-30-0.pt,47,30,0.7658244833150982,hard,0.17599045346399547,0.0780023620538046,0.20977250288920227,0.41375,0.8169582797867011,0.41375,25.508844154267752,0.9906380919768368,1.0,0.35,0.15,0.5
47-31-0.pt,47,31,0.8718188781043958,hard,0.18896400153403556,0.06641014217524469,0.21266132165391458,0.46291666666666664,0.8263913956643045,0.46291666666666664,28.81917707371139,0.9906380919768368,1.0,0.35,0.15,0.5
47-32-0.pt,47,32,0.8754508251524118,hard,0.18998424198673589,0.059713801524932573,0.21567568211251034,0.445,0.8352630196231439,0.445,28.947742167427567,0.9906380919768368,1.0,0.35,0.15,0.5
47-33-0.pt,47,33,0.8696021227770732,hard,0.2080785826160314,0.05503639048816517,0.2183229459607952,0.42583333333333334,0.8442478729762543,0.42583333333333334,28.77683650655799,0.9906380919768368,1.0,0.35,0.15,0.5
47-34-0.pt,47,34,0.9155938722655428,hard,0.22672049469636657,0.05266483395306509,0.22119220059172764,0.40708333333333335,0.8531493484410829,0.40708333333333335,30.249322197886492,0.9906380919768368,1.0,0.35,0.15,0.5
47-35-0.pt,47,35,0.9487087494450658,hard,0.2342638751495215,0.05123966426935634,0.2243261333949366,0.36291666666666667,0.8611891813549551,0.36291666666666667,31.337996108783784,0.9906380919768368,1.0,0.35,0.15,0.5
47-36-0.pt,47,36,0.9487657758962038,hard,0.23216068031794576,0.050092583418074,0.22692088071591124,0.16541666666666666,0.8693485570633291,0.16541666666666666,31.524035497652033,0.9906380919768368,1.0,0.35,0.15,0.5
47-37-0.pt,47,37,0.9494874167906916,hard,0.21205318383677876,0.05180840434305833,0.23011955792991334,0.30916666666666665,0.877098558274615,0.30916666666666665,31.40725378245747,0.9906380919768368,1.0,0.35,0.15,0.5
47-38-0.pt,47,38,0.9907914605233111,hard,0.24467267319511035,0.05296524937884109,0.23352613787675755,0.32166666666666666,0.8856530101094559,0.32166666666666666,32.701567350712224,0.9906380919768368,1.0,0.35,0.15,0.5
47-39-0.pt,47,39,0.9761961193941554,hard,0.27102099456792805,0.0570663839390292,0.23849937017860057,0.33708333333333335,0.8937012153317478,0.33708333333333335,32.22086376292072,0.9906380919768368,1.0,0.35,0.15,0.5
47-4-0.pt,47,4,0.3343684481022213,medium,0.435348656098806,0.24451105936721185,0.06996663488947524,0.7829166666666667,0.454235192803699,0.7829166666666667,11.625319905484327,0.9906380919768368,1.0,0.35,0.15,0.5
47-40-0.pt,47,40,0.9795580831664639,hard,0.25645165214607935,0.0625691503535972,0.24554998345239754,0.3095833333333333,0.9013744967749244,0.3095833333333333,32.35045657548994,0.9906380919768368,1.0,0.35,0.15,0.5
47-41-0.pt,47,41,0.9775177474349492,hard,0.2622489958828391,0.07904005880889897,0.25549057298743,0.24375,0.9088636528615354,0.24375,32.34523110867785,0.9906380919768368,1.0,0.35,0.15,0.5
47-42-0.pt,47,42,0.9619356361855329,hard,0.2763633716350844,0.10036204319064579,0.26794859065660714,0.012916666666666667,0.9161462082589938,0.012916666666666667,32.06739709827258,0.9906380919768368,1.0,0.35,0.15,0.5
47-43-0.pt,47,43,0.9706486136625969,hard,0.2995049132804435,0.13329659233407984,0.2847019504355735,0.04791666666666667,0.9239056675667329,0.04791666666666667,32.307272494045115,0.9906380919768368,1.0,0.35,0.15,0.5
47-44-0.pt,47,44,0.9914999588525496,hard,0.27685823937384674,0.17217336437858385,0.3058255229887152,0.18958333333333333,0.9317958425709363,0.18958333333333333,32.830683256358114,0.9906380919768368,1.0,0.35,0.15,0.5
47-45-0.pt,47,45,0.9818878456845795,hard,0.32293667720479097,0.21553367084664438,0.3327243210519136,0.27958333333333335,0.9391676604912177,0.27958333333333335,32.43743618496283,0.9906380919768368,1.0,0.35,0.15,0.5
47-46-0.pt,47,46,0.93975301949453,hard,0.3297439205919233,0.26504875381834847,0.3658536983142058,0.1875,0.9468796122280809,0.1875,31.185734784231112,0.9906380919768368,1.0,0.35,0.15,0.5
47-47-0.pt,47,47,0.9769149941560267,hard,0.3572784923906143,0.31617377591011475,0.40747871080667314,0.25666666666666665,0.9543868815505892,0.25666666666666665,32.295325758885156,0.9906380919768368,1.0,0.35,0.15,0.5
47-48-0.pt,47,48,0.986911876076458,hard,0.3943853033978129,0.3763206949327664,0.46044734995210534,0.21541666666666667,0.9624000199893863,0.21541666666666667,32.648217147399215,0.9906380919768368,1.0,0.35,0.15,0.5
47-49-0.pt,47,49,0.9775449906574126,hard,0.4352175764174514,0.44589600244983485,0.5226192054321013,0.23833333333333334,0.9696620585915452,0.23833333333333334,32.32649476694706,0.9906380919768368,1.0,0.35,0.15,0.5
47-5-0.pt,47,5,0.3515614348374546,medium,0.32497751532259456,0.22048946721856202,0.07981350023215183,0.725,0.4836134666361179,0.725,12.213516729916861,0.9906380919768368,1.0,0.35,0.15,0.5
47-50-0.pt,47,50,0.9770751668896106,hard,0.4692731155090217,0.523251749961724,0.5924900235020084,0.20625,0.9766441135142145,0.20625,32.33922334159069,0.9906380919768368,1.0,0.35,0.15,0.5
47-6-0.pt,47,6,0.3469005799057429,medium,0.3119795966567987,0.20135950236223363,0.08917299412221212,0.6570833333333334,0.5094049418539881,0.6570833333333334,12.119729679188547,0.9906380919768368,1.0,0.35,0.15,0.5
47-7-0.pt,47,7,0.3524278527676995,medium,0.29431648713016995,0.18714015869358194,0.0974796870218321,0.6270833333333333,0.5315793132315347,0.6270833333333333,12.314452306450834,0.9906380919768368,1.0,0.35,0.15,0.5
47-8-0.pt,47,8,0.3586128931569674,medium,0.2504554746416634,0.1805133921861595,0.1055949845886278,0.5520833333333334,0.5521450655995542,0.5520833333333334,12.573419411647928,0.9906380919768368,1.0,0.35,0.15,0.5
47-9-0.pt,47,9,0.36231222576907507,medium,0.257403629721953,0.16995701935973684,0.11241437860596866,0.21375,0.5701774418610236,0.21375,13.004670176893528,0.9906380919768368,1.0,0.35,0.15,0.5
48-10-0.pt,48,10,0.40379067240660416,medium,0.24164343893013251,0.17582351787075748,0.1267050018674008,0.4241666666666667,0.591556574730032,0.4241666666666667,14.111346639614224,0.9906380919768368,1.0,0.35,0.15,0.5
48-11-0.pt,48,11,0.4264038969082319,medium,0.2304995100910627,0.17106516198593594,0.13368800727843785,0.4345833333333333,0.6075689683460576,0.4345833333333333,14.811956266434432,0.9906380919768368,1.0,0.35,0.15,0.5
48-12-0.pt,48,12,0.4489518556562576,medium,0.21917182739825275,0.16495168470846508,0.14006996040762215,0.42833333333333334,0.6229421759012301,0.42833333333333334,15.526583758038766,0.9906380919768368,1.0,0.35,0.15,0.5
48-13-0.pt,48,13,0.4536024404833003,hard,0.20435525385110204,0.15462827011236988,0.14605128248818888,0.27791666666666665,0.6376599656769563,0.27791666666666665,15.810894425723033,0.9906380919768368,1.0,0.35,0.15,0.5
48-14-0.pt,48,14,0.48542902806633725,hard,0.18981091925839003,0.15704834154090894,0.15167424764023107,0.365,0.6513969811268945,0.365,16.731761739271885,0.9906380919768368,1.0,0.35,0.15,0.5
48-15-0.pt,48,15,0.5013226093215082,hard,0.190284145267248,0.1515511737842297,0.15748582325547028,0.4791666666666667,0.6642929202594405,0.4791666666666667,17.122049659605118,0.9906380919768368,1.0,0.35,0.15,0.5
48-16-0.pt,48,16,0.5266720229241897,hard,0.17923458174277238,0.14962319781592223,0.16294607075430043,0.41208333333333336,0.6772888497751373,0.41208333333333336,17.984242145001243,0.9906380919768368,1.0,0.35,0.15,0.5
48-17-0.pt,48,17,0.5314570907512,hard,0.18653328458791316,0.14678845265902446,0.16841390025023406,0.03333333333333333,0.68916797499353,0.03333333333333333,18.490804477848886,0.9906380919768368,1.0,0.35,0.15,0.5
48-18-0.pt,48,18,0.556186167075518,hard,0.16060885274811748,0.1442460955013628,0.1735748855945381,0.13875,0.7011378349282075,0.13875,19.169933765353793,0.9906380919768368,1.0,0.35,0.15,0.5
48-19-0.pt,48,19,0.5787499115843259,hard,0.17157232981431855,0.14162250982471739,0.17831541410073,0.32916666666666666,0.7129406518087774,0.32916666666666666,19.699754305629586,0.9906380919768368,1.0,0.35,0.15,0.5
48-2-0.pt,48,2,0.2784595731456303,medium,0.6445002161068875,0.3508539933949516,0.04790771865871538,0.16416666666666666,0.3744944387100577,0.16416666666666666,10.472602392165603,0.9906380919768368,1.0,0.35,0.15,0.5
48-20-0.pt,48,20,0.5968811872806233,hard,0.1723532702554841,0.13697179280981228,0.18317746921424397,0.35333333333333333,0.7235854476317828,0.35333333333333333,20.247377756009822,0.9906380919768368,1.0,0.35,0.15,0.5
48-21-0.pt,48,21,0.6163374613942706,hard,0.1740586650372893,0.13532839935500923,0.18805171196719922,0.2275,0.7344675329329343,0.2275,20.979362090814963,0.9906380919768368,1.0,0.35,0.15,0.5
48-22-0.pt,48,22,0.6398686883938889,hard,0.15424280554451397,0.13054803010007213,0.19284862522102073,0.33125,0.7445995525950597,0.33125,21.62284075211709,0.9906380919768368,1.0,0.35,0.15,0.5
48-23-0.pt,48,23,0.650497640614876,hard,0.14988163521272946,0.1280829264925117,0.19720914734476222,0.3645833333333333,0.7553540913648201,0.3645833333333333,21.923831495502238,0.9906380919768368,1.0,0.35,0.15,0.5
48-24-0.pt,48,24,0.670795775407264,hard,0.15769319580810034,0.12349730024590286,0.2018501111078908,0.20708333333333334,0.7652104611827832,0.20708333333333334,22.712998553168912,0.9906380919768368,1.0,0.35,0.15,0.5
48-25-0.pt,48,25,0.7023101301947853,hard,0.19044104886992275,0.11955199464108698,0.20597978564181396,0.36833333333333335,0.7756105735210364,0.36833333333333335,23.55489278429248,0.9906380919768368,1.0,0.35,0.15,0.5
48-26-0.pt,48,26,0.7663570612302405,hard,0.17541200416635372,0.11341928128271453,0.209997590130758,0.39875,0.7852907475539513,0.39875,25.552863733858008,0.9906380919768368,1.0,0.35,0.15,0.5
48-27-0.pt,48,27,0.7289209678077976,hard,0.19649075355325768,0.10809230161060134,0.21386333217338677,0.395,0.7950668594848744,0.395,24.36542532447424,0.9906380919768368,1.0,0.35,0.15,0.5
48-28-0.pt,48,28,0.7674525053768791,hard,0.19441854151914253,0.10091847569197585,0.21740692195016906,0.16791666666666666,0.8048620533354419,0.16791666666666666,25.798839050661787,0.9906380919768368,1.0,0.35,0.15,0.5
48-29-0.pt,48,29,0.7661499088560252,hard,0.19290758888837198,0.09671116496932354,0.22215979832784774,0.02375,0.8135593514126374,0.02375,25.89090175555051,0.9906380919768368,1.0,0.35,0.15,0.5
48-3-0.pt,48,3,0.31504270638925846,medium,0.5535469318736252,0.28188617687535633,0.06191851476838768,0.84375,0.4212633687522453,0.84375,10.968190612938688,0.9906380919768368,1.0,0.35,0.15,0.5
48-30-0.pt,48,30,0.84296609065707,hard,0.19751461661527278,0.08577040921117533,0.22600375190305114,0.08583333333333333,0.8231981406008428,0.08583333333333333,28.263704359971598,0.9906380919768368,1.0,0.35,0.15,0.5
48-31-0.pt,48,31,0.8338345211184057,hard,0.20005895578186708,0.07576525906027706,0.22957805815745153,0.21083333333333334,0.8321959503822488,0.21083333333333334,27.851795524164924,0.9906380919768368,1.0,0.35,0.15,0.5
48-32-0.pt,48,32,0.8575489539713538,hard,0.21701886216696578,0.06355776321413101,0.2326126209967283,0.14458333333333334,0.8413702647771444,0.14458333333333334,28.662910143533427,0.9906380919768368,1.0,0.35,0.15,0.5
48-33-0.pt,48,33,0.9150006512990371,hard,0.24972553454358073,0.061321098844100204,0.23559457611858928,0.01625,0.8506465973870471,0.01625,30.602678053977414,0.9906380919768368,1.0,0.35,0.15,0.5
48-34-0.pt,48,34,0.9452384993909628,hard,0.24980275452476144,0.0564525847220596,0.23887822711261875,0.47291666666666665,0.8591370520141534,0.47291666666666665,31.12433756256892,0.9906380919768368,1.0,0.35,0.15,0.5
48-35-0.pt,48,35,0.9329050736741217,hard,0.2691905070494461,0.05466440952170347,0.24224780518694108,0.0004166666666666667,0.8673282361361903,0.0004166666666666667,31.178636758485585,0.9906380919768368,1.0,0.35,0.15,0.5
48-36-0.pt,48,36,0.9604369963876016,hard,0.2614019626066154,0.055327607345210715,0.24548607860571026,0.06375,0.8753923401962261,0.06375,31.988191665368177,0.9906380919768368,1.0,0.35,0.15,0.5
48-37-0.pt,48,37,0.975596856988139,hard,0.2728114531244052,0.056684522344306376,0.24915183850227793,0.34458333333333335,0.8837122011252122,0.34458333333333335,32.19880554283553,0.9906380919768368,1.0,0.35,0.15,0.5
48-38-0.pt,48,38,0.9720377213095021,hard,0.2795563785111525,0.060630584974178614,0.25350325992904144,0.07708333333333334,0.8923040326009916,0.07708333333333334,32.33648203974074,0.9906380919768368,1.0,0.35,0.15,0.5
48-39-0.pt,48,39,0.9799577585966546,hard,0.2969529784996827,0.06885530465804668,0.26025419383696025,0.10291666666666667,0.9004026952557151,0.10291666666666667,32.559781840142215,0.9906380919768368,1.0,0.35,0.15,0.5
48-4-0.pt,48,4,0.3169452258625096,medium,0.4560370010228843,0.24932175215702834,0.07408408461871958,0.09625,0.4573641494522726,0.09625,11.723671572235846,0.9906380919768368,1.0,0.35,0.15,0.5
48-40-0.pt,48,40,0.9559019308714066,hard,0.28708775929388,0.08615441023841887,0.26985889985686556,0.31958333333333333,0.90788728489986,0.31958333333333333,31.58822219775458,0.9906380919768368,1.0,0.35,0.15,0.5
48-41-0.pt,48,41,0.985731582911302,hard,0.28519099945849363,0.11157118133548118,0.282124837198462,0.30875,0.9156660458925211,0.30875,32.54118035714974,0.9906380919768368,1.0,0.35,0.15,0.5
48-42-0.pt,48,42,0.9637479635245185,hard,0.31792127764527384,0.14717992224065063,0.29922307863636066,0.29541666666666666,0.9231223680610259,0.29541666666666666,31.85375255656483,0.9906380919768368,1.0,0.35,0.15,0.5
48-43-0.pt,48,43,0.9744807797164081,hard,0.31479526971442084,0.18928785039791454,0.320474729121,0.06958333333333333,0.9311527477902267,0.06958333333333333,32.40525775743647,0.9906380919768368,1.0,0.35,0.15,0.5
48-44-0.pt,48,44,0.9608774974166887,hard,0.3123497593506979,0.23659980491790056,0.3489177296406321,0.015833333333333335,0.9388710441309329,0.015833333333333335,32.021827308818935,0.9906380919768368,1.0,0.35,0.15,0.5
48-45-0.pt,48,45,0.9388845988481115,hard,0.37010460343033974,0.2864958038721118,0.3846373167896707,0.23125,0.9468781095986708,0.23125,31.116653265062716,0.9906380919768368,1.0,0.35,0.15,0.5
48-46-0.pt,48,46,0.9631225717858269,hard,0.369053554951084,0.3428954901284768,0.4296377620488229,0.06708333333333333,0.9542855291066207,0.06708333333333333,32.038071961863906,0.9906380919768368,1.0,0.35,0.15,0.5
48-47-0.pt,48,47,0.9769778280171719,hard,0.4306486409671129,0.4085889593017523,0.4866044262079829,0.10125,0.96225055209509,0.10125,32.44170603776789,0.9906380919768368,1.0,0.35,0.15,0.5
48-48-0.pt,48,48,0.9620457291745644,hard,0.45474221348839633,0.4850601528846345,0.5542210127872585,0.05333333333333334,0.9698900286946558,0.05333333333333334,32.010634145181015,0.9906380919768368,1.0,0.35,0.15,0.5
48-49-0.pt,48,49,0.9312635971229408,hard,0.47339948874729526,0.5696828537952843,0.6298848213989605,0.18791666666666668,0.9772492290024485,0.18791666666666668,30.903797189762383,0.9906380919768368,1.0,0.35,0.15,0.5
48-5-0.pt,48,5,0.34791742202418996,medium,0.34048169315631743,0.231552130784238,0.08459421493988582,0.6854166666666667,0.4867582532033034,0.6854166666666667,12.134282293601593,0.9906380919768368,1.0,0.35,0.15,0.5
48-50-0.pt,48,50,0.9707086328114487,hard,0.49325270526334103,0.6618872550464128,0.7119789275421516,0.16166666666666665,0.9841229269732484,0.16166666666666665,32.1766476777835,0.9906380919768368,1.0,0.35,0.15,0.5
48-6-0.pt,48,6,0.3307354557081616,medium,0.33876957666308233,0.21374686151394223,0.09483426910581774,0.15708333333333332,0.5126213154531543,0.15708333333333332,12.080673168037858,0.9906380919768368,1.0,0.35,0.15,0.5
48-7-0.pt,48,7,0.3511108445840584,medium,0.3220503107577926,0.1957101182033382,0.10318777545667857,0.21166666666666667,0.5347905035629877,0.21166666666666667,12.665877960364476,0.9906380919768368,1.0,0.35,0.15,0.5
48-8-0.pt,48,8,0.3517039592421712,medium,0.27036319690230803,0.18802561034200835,0.11152628076072837,0.017916666666666668,0.5556592450274875,0.017916666666666668,12.860181968079273,0.9906380919768368,1.0,0.35,0.15,0.5
48-9-0.pt,48,9,0.3879757594535363,medium,0.28836432973848425,0.18451848750140956,0.11965425814581086,0.49,0.5737030777978778,0.49,13.554637365665805,0.9906380919768368,1.0,0.35,0.15,0.5
49-10-0.pt,49,10,0.41303111064371223,medium,0.2646409866237398,0.18968753306537472,0.13541524527643597,0.30791666666666667,0.5951179399368363,0.30791666666666667,14.513286825639025,0.9906380919768368,1.0,0.35,0.15,0.5
49-11-0.pt,49,11,0.4201703434294865,medium,0.2481597065828697,0.18244030727465552,0.14231208431182504,0.03791666666666667,0.6114051356761411,0.03791666666666667,14.989428557315007,0.9906380919768368,1.0,0.35,0.15,0.5
49-12-0.pt,49,12,0.4388343901295797,medium,0.24755763098125558,0.17998413830803886,0.14927064461080713,0.36791666666666667,0.6269933324299005,0.36791666666666667,15.261504657490338,0.9906380919768368,1.0,0.35,0.15,0.5
49-13-0.pt,49,13,0.47895096329714876,hard,0.26100249905374334,0.17118944513668838,0.15600545415844266,0.3525,0.6417542034956067,0.3525,16.54215059007022,0.9906380919768368,1.0,0.35,0.15,0.5
49-14-0.pt,49,14,0.5026803102889568,hard,0.22562547944570108,0.16791106194260838,0.1626313640936462,0.46416666666666667,0.6553848167541345,0.46416666666666667,17.182969447663783,0.9906380919768368,1.0,0.35,0.15,0.5
49-15-0.pt,49,15,0.49580049590007597,hard,0.22585330915883375,0.1666678072815651,0.16896568119793637,0.12791666666666668,0.6683032572801453,0.12791666666666668,17.278880321498406,0.9906380919768368,1.0,0.35,0.15,0.5
49-16-0.pt,49,16,0.5353555005522117,hard,0.21016435826602614,0.164516434372196,0.1748516204192722,0.39416666666666667,0.6811890252950195,0.39416666666666667,18.275004086979457,0.9906380919768368,1.0,0.35,0.15,0.5
49-17-0.pt,49,17,0.5459812924199823,hard,0.2139347211767106,0.16303126095107454,0.18083547460810157,0.36916666666666664,0.693561457284621,0.36916666666666664,18.63063125166864,0.9906380919768368,1.0,0.35,0.15,0.5
49-18-0.pt,49,18,0.5653514732128411,hard,0.21694410874844838,0.1549030680200316,0.18633960180556416,0.31666666666666665,0.7058153619775744,0.31666666666666665,19.289687899483507,0.9906380919768368,1.0,0.35,0.15,0.5
49-19-0.pt,49,19,0.5842681148851436,hard,0.20930129335669706,0.15700773953947286,0.19173716624393908,0.28291666666666665,0.7171978503015316,0.28291666666666665,19.916912852627664,0.9906380919768368,1.0,0.35,0.15,0.5
49-2-0.pt,49,2,0.30242146430943073,medium,0.6613359641131515,0.35714462207029835,0.05042112564543092,0.9208333333333333,0.3772736819408305,0.9208333333333333,10.51269969277492,0.9906380919768368,1.0,0.35,0.15,0.5
49-20-0.pt,49,20,0.6270836434383761,hard,0.20458540886235407,0.1545723598603709,0.19734840936841316,0.32958333333333334,0.7284685878435283,0.32958333333333334,21.225601287108358,0.9906380919768368,1.0,0.35,0.15,0.5
49-21-0.pt,49,21,0.6276990574936527,hard,0.2164110359086666,0.1501779828546319,0.202848795716058,0.0775,0.7391358536851526,0.0775,21.480159289630787,0.9906380919768368,1.0,0.35,0.15,0.5
49-22-0.pt,49,22,0.6425151412710861,hard,0.18962614893306007,0.14816077083027313,0.20780000712832114,0.3175,0.7496565268200203,0.3175,21.717753582435638,0.9906380919768368,1.0,0.35,0.15,0.5
49-23-0.pt,49,23,0.6654880677360187,hard,0.1828956140532053,0.14282213561228405,0.21309342380914778,0.38208333333333333,0.7600990850980547,0.38208333333333333,22.38059715250403,0.9906380919768368,1.0,0.35,0.15,0.5
49-24-0.pt,49,24,0.6938602438860642,hard,0.2027220161505201,0.14046130506593105,0.21829030344954473,0.39666666666666667,0.770415099619542,0.39666666666666667,23.262172724419884,0.9906380919768368,1.0,0.35,0.15,0.5
49-25-0.pt,49,25,0.7077081465333466,hard,0.2175840957352255,0.13336767490931567,0.22308375900735478,0.12625,0.7803518899417936,0.12625,23.95401264348144,0.9906380919768368,1.0,0.35,0.15,0.5
49-26-0.pt,49,26,0.7167820719474992,hard,0.21877964487494914,0.12676804985307402,0.2272484584302998,0.07458333333333333,0.7904898356700953,0.07458333333333333,24.286666213954057,0.9906380919768368,1.0,0.35,0.15,0.5
49-27-0.pt,49,27,0.8131891277828444,hard,0.23284302766348058,0.1203313071281206,0.23137615013364868,0.41,0.8006321682667741,0.41,27.020884276223843,0.9906380919768368,1.0,0.35,0.15,0.5
49-28-0.pt,49,28,0.8333667091118434,hard,0.2371596995124122,0.11429030073458493,0.23576649564102076,0.4091666666666667,0.8103806759889017,0.4091666666666667,27.65749735633204,0.9906380919768368,1.0,0.35,0.15,0.5
49-29-0.pt,49,29,0.7910584212897647,hard,0.2403602853698907,0.10697600571596266,0.2413838279218532,0.35083333333333333,0.8191751492291945,0.35083333333333333,26.36780526367307,0.9906380919768368,1.0,0.35,0.15,0.5
49-3-0.pt,49,3,0.2899496251731568,medium,0.607513181000054,0.29688924483058304,0.06557284384639141,0.20958333333333334,0.42436490168360347,0.20958333333333334,10.773502558637915,0.9906380919768368,1.0,0.35,0.15,0.5
49-30-0.pt,49,30,0.8968464120486092,hard,0.24551279081359415,0.09351533861986651,0.24543532449133307,0.4195833333333333,0.8286831736405389,0.4195833333333333,29.652966131283982,0.9906380919768368,1.0,0.35,0.15,0.5
49-31-0.pt,49,31,0.8680622378297967,hard,0.2632651103463157,0.07743895271903456,0.2485359911651467,0.4775,0.8384694449293542,0.4775,28.68129746188189,0.9906380919768368,1.0,0.35,0.15,0.5
49-32-0.pt,49,32,0.9323617174635427,hard,0.2878059643996017,0.0702927636489507,0.2523762301698708,0.45875,0.8474046279112987,0.45875,30.734269547332982,0.9906380919768368,1.0,0.35,0.15,0.5
49-33-0.pt,49,33,0.9339842172518843,hard,0.28741221908070674,0.0647744681269611,0.2558036112141118,0.08208333333333333,0.8565651390781861,0.08208333333333333,31.13968145108285,0.9906380919768368,1.0,0.35,0.15,0.5
49-34-0.pt,49,34,0.9570444573101246,hard,0.2956806143529186,0.061951770481713915,0.2596015169323694,0.3695833333333333,0.8651621048041452,0.3695833333333333,31.59435631409729,0.9906380919768368,1.0,0.35,0.15,0.5
49-35-0.pt,49,35,0.9697065532162074,hard,0.29932720935686297,0.06019289516651748,0.2637471260885133,0.37083333333333335,0.8730412890515652,0.37083333333333335,31.99145134440348,0.9906380919768368,1.0,0.35,0.15,0.5
49-36-0.pt,49,36,0.9508791582253482,hard,0.3079360526867017,0.06226652462820834,0.26712848683855284,0.02125,0.8818882447656764,0.02125,31.722848007355932,0.9906380919768368,1.0,0.35,0.15,0.5
49-37-0.pt,49,37,0.9807305845581572,hard,0.34648456111696335,0.06520121781856963,0.271854841197599,0.36083333333333334,0.8904939758677621,0.36083333333333334,32.34339382112441,0.9906380919768368,1.0,0.35,0.15,0.5
49-38-0.pt,49,38,0.9784578697933256,hard,0.32758794053089807,0.07419184210267132,0.27847230995240424,0.3929166666666667,0.898719623153126,0.3929166666666667,32.237515747449535,0.9906380919768368,1.0,0.35,0.15,0.5
49-39-0.pt,49,39,0.9632245897904022,hard,0.33046709395682555,0.09546608488718987,0.2880436314663925,0.060833333333333336,0.9064577060406914,0.060833333333333336,32.06670710243132,0.9906380919768368,1.0,0.35,0.15,0.5
49-4-0.pt,49,4,0.33973198989405684,medium,0.4319247765672864,0.26410994322371867,0.07750774860633086,0.7779166666666667,0.4602073901411201,0.7779166666666667,11.797704239636927,0.9906380919768368,1.0,0.35,0.15,0.5
49-40-0.pt,49,40,0.9415387849766542,hard,0.33618734944957535,0.12376037415500618,0.3003197984260004,0.32666666666666666,0.9145214947269712,0.32666666666666666,31.123370096519327,0.9906380919768368,1.0,0.35,0.15,0.5
49-41-0.pt,49,41,0.9709978741640111,hard,0.3544843857604691,0.162831641721181,0.3174236291651231,0.10916666666666666,0.9221676133812187,0.10916666666666666,32.26088933916303,0.9906380919768368,1.0,0.35,0.15,0.5
49-42-0.pt,49,42,0.9706158041536185,hard,0.3482529024984836,0.20603046334036537,0.3396712967879585,0.23791666666666667,0.9300368505296506,0.23791666666666667,32.12330716639982,0.9906380919768368,1.0,0.35,0.15,0.5
49-43-0.pt,49,43,0.9799488623086735,hard,0.35193373753447216,0.2556965835154082,0.3690281260265534,0.23458333333333334,0.9379719539369066,0.23458333333333334,32.41917503421788,0.9906380919768368,1.0,0.35,0.15,0.5
49-44-0.pt,49,44,0.9835442448362239,hard,0.3737829999302129,0.3107523615221081,0.4072944364929435,0.09291666666666666,0.9464058368523967,0.09291666666666666,32.66427561628277,0.9906380919768368,1.0,0.35,0.15,0.5
49-45-0.pt,49,45,0.9640080126288131,hard,0.4396681031626347,0.3709076917087394,0.45667085233600635,0.23291666666666666,0.9540597930495132,0.23291666666666666,31.908759005780983,0.9906380919768368,1.0,0.35,0.15,0.5
49-46-0.pt,49,46,0.9915401707183087,hard,0.46182330743148714,0.44223190845022614,0.5175710827767733,0.24,0.961923097889686,0.24,32.771819788826306,0.9906380919768368,1.0,0.35,0.15,0.5
49-47-0.pt,49,47,0.9444279375523993,hard,0.4970882992912374,0.5240009279921138,0.5889454479961088,0.14791666666666667,0.9696900838217256,0.14791666666666667,31.362272748886106,0.9906380919768368,1.0,0.35,0.15,0.5
49-48-0.pt,49,48,0.9521157610811734,hard,0.5015436815892103,0.6155752709220925,0.6694779335468323,0.1075,0.9772567023971634,0.1075,31.641339058045354,0.9906380919768368,1.0,0.35,0.15,0.5
49-49-0.pt,49,49,0.9453040213067061,hard,0.5139310984450165,0.714731185382951,0.7567368246728137,0.1025,0.9845075457469058,0.1025,31.427150103080827,0.9906380919768368,1.0,0.35,0.15,0.5
49-5-0.pt,49,5,0.3539241428367215,medium,0.35775837551829803,0.23496144283425213,0.08890962710293679,0.31083333333333335,0.4897536773829712,0.31083333333333335,12.679239441268926,0.9906380919768368,1.0,0.35,0.15,0.5
49-50-0.pt,49,50,0.9104630405093862,hard,0.5385693770049652,0.8213407541852291,0.8492629306362082,0.035,0.9919324135527449,0.035,30.383493162736624,0.9906380919768368,1.0,0.35,0.15,0.5
49-6-0.pt,49,6,0.36020627449265236,medium,0.3717468186610076,0.21896479074991224,0.09972774906348959,0.6804166666666667,0.5159480031481292,0.6804166666666667,12.516804671400797,0.9906380919768368,1.0,0.35,0.15,0.5
49-7-0.pt,49,7,0.37294388957400143,medium,0.3391087414243171,0.21257466406507225,0.10949209907975743,0.5975,0.5380746238554353,0.5975,12.990422971382719,0.9906380919768368,1.0,0.35,0.15,0.5
49-8-0.pt,49,8,0.3822119434246289,medium,0.2749931546220272,0.20065653295623354,0.11854773483713667,0.5541666666666667,0.5589175121613091,0.5541666666666667,13.316961624040642,0.9906380919768368,1.0,0.35,0.15,0.5
49-9-0.pt,49,9,0.4029631865259502,medium,0.29437099226716945,0.19703611759082307,0.12718403053694566,0.45208333333333334,0.5774921923396429,0.45208333333333334,14.064322257549211,0.9906380919768368,1.0,0.35,0.15,0.5
5-10-0.pt,5,10,0.05363618779001275,easy,0.33349200648174643,0.0030167999430928205,0.0025002265962385767,0.97125,0.2729186283840872,0.97125,2.6188287876551444,0.9906380919768368,0.0,0.35,0.15,0.5
5-11-0.pt,5,11,0.0412596702295606,easy,0.3479110288092286,0.012179122017238924,0.002960600630687241,0.9429166666666666,0.28445942408475955,0.9429166666666666,2.2486043740217228,0.9906380919768368,0.0,0.35,0.15,0.5
5-12-0.pt,5,12,0.04945877603980106,easy,0.33094399541724995,0.02288168804462494,0.003477394127743866,0.9204166666666667,0.295377235801596,0.9204166666666667,2.5255042945759736,0.9906380919768368,0.0,0.35,0.15,0.5
5-13-0.pt,5,13,0.05093283496727559,easy,0.35476546468643116,0.026888236017195408,0.004174814833897272,0.95125,0.30549272878474965,0.95125,2.5388465356884438,0.9906380919768368,0.0,0.35,0.15,0.5
5-14-0.pt,5,14,0.04251354589467469,easy,0.4057967573711136,0.027384174244038276,0.004814993136610069,0.89625,0.31472543097127254,0.89625,2.320360447493458,0.9906380919768368,0.0,0.35,0.15,0.5
5-15-0.pt,5,15,0.026044879995699804,easy,0.35873505463560545,0.030545076672255443,0.005350656689125423,0.6308333333333334,0.3235668807178428,0.6308333333333334,2.0466225570951524,0.9906380919768368,0.0,0.35,0.15,0.5
5-16-0.pt,5,16,0.02468481979120206,easy,0.35380299739443305,0.032920198476400354,0.00609872677615724,0.9054166666666666,0.3317651779338463,0.9054166666666666,1.739408706738378,0.9906380919768368,0.0,0.35,0.15,0.5
5-17-0.pt,5,17,0.03790691914784189,easy,0.3305222160163878,0.03493568665379449,0.006983722646329499,0.9045833333333333,0.33951713206898887,0.9045833333333333,2.1562904604004043,0.9906380919768368,0.0,0.35,0.15,0.5
5-18-0.pt,5,18,0.0473871313677254,easy,0.31190865356750647,0.033110825003437504,0.00761039240657988,0.8933333333333333,0.3471459799182617,0.8933333333333333,2.4644668239247447,0.9906380919768368,0.0,0.35,0.15,0.5
5-19-0.pt,5,19,0.05514104590689096,easy,0.27301930830554483,0.03548066423595413,0.008104885938698023,0.88875,0.3542701794058882,0.88875,2.711780389032183,0.9906380919768368,0.0,0.35,0.15,0.5
5-2-0.pt,5,2,0.05921271498516433,easy,0.7781547524801622,0.1823974951002362,0.011734901457999474,0.9845833333333334,0.09362583755602033,0.9845833333333334,2.8559565058153162,0.9906380919768368,0.0,0.35,0.15,0.5
5-20-0.pt,5,20,0.0671305954174293,easy,0.27919460374878974,0.041038961894983225,0.00901481447894119,0.9170833333333334,0.36096147979809146,0.9170833333333334,3.0623146721662797,0.9906380919768368,0.0,0.35,0.15,0.5
5-21-0.pt,5,21,0.06770513002856252,easy,0.2811695383934879,0.04352816860758964,0.009714004904127358,0.8158333333333333,0.36740420736613116,0.8158333333333333,3.1740599261474576,0.9906380919768368,0.0,0.35,0.15,0.5
5-22-0.pt,5,22,0.047393421010468326,easy,0.2865446628965544,0.049029798037606445,0.010121657092551587,0.6283333333333333,0.3736084641138313,0.6283333333333333,2.7055484048465672,0.9906380919768368,0.0,0.35,0.15,0.5
5-23-0.pt,5,23,0.06712648981555036,easy,0.2981809745215217,0.04777025594276658,0.01069118985749511,0.90625,0.37965186980673005,0.90625,3.0648654555235724,0.9906380919768368,0.0,0.35,0.15,0.5
5-24-0.pt,5,24,0.03868584029543024,easy,0.32061123251312773,0.055003801788188214,0.01137427352924597,0.16833333333333333,0.3852821788645953,0.16833333333333333,2.8615279067740187,0.9906380919768368,0.0,0.35,0.15,0.5
5-25-0.pt,5,25,0.05866052140422572,easy,0.28429744264346757,0.05856563861306908,0.012244080140163377,0.8816666666666667,0.3908294955094575,0.8816666666666667,2.8152231281349165,0.9906380919768368,0.0,0.35,0.15,0.5
5-26-0.pt,5,26,0.070839977251302,easy,0.26645861971196316,0.06338302287542179,0.012621183156657771,0.5816666666666667,0.3962855508566358,0.5816666666666667,3.4840768745515525,0.9906380919768368,0.0,0.35,0.15,0.5
5-27-0.pt,5,27,0.07640982537619813,easy,0.27732492844184536,0.06153080502125255,0.01335187720891344,0.8908333333333334,0.4014422651277917,0.8908333333333334,3.3649925332116553,0.9906380919768368,0.0,0.35,0.15,0.5
5-28-0.pt,5,28,0.0717103498593169,easy,0.28800215403587,0.0606415721685751,0.014224338140126653,0.8983333333333333,0.40638897882995906,0.8983333333333333,3.2068464612845844,0.9906380919768368,0.0,0.35,0.15,0.5
5-29-0.pt,5,29,0.056967269263042346,easy,0.23942284777100664,0.06486592525074236,0.015014695452209416,0.21208333333333335,0.41102688964544865,0.21208333333333335,3.3891700552003994,0.9906380919768368,0.0,0.35,0.15,0.5
5-3-0.pt,5,3,0.03688651894068622,easy,0.6983905052178284,0.12428911033043538,0.006472701878594717,0.66625,0.13431255427000496,0.66625,2.43377922905991,0.9906380919768368,0.0,0.35,0.15,0.5
5-30-0.pt,5,30,0.07862521047410848,easy,0.23392219124100466,0.06309485103952289,0.01578643488827226,0.8408333333333333,0.4157194109568777,0.8408333333333333,3.476908723637604,0.9906380919768368,0.0,0.35,0.15,0.5
5-31-0.pt,5,31,0.086562754414951,easy,0.24332154994387256,0.06711057462584644,0.01676521758145836,0.8920833333333333,0.42023670027648247,0.8920833333333333,3.6780847558043215,0.9906380919768368,0.0,0.35,0.15,0.5
5-32-0.pt,5,32,0.07811433990621199,easy,0.24765473586884043,0.06797278990458885,0.017426773542336148,0.595,0.42460214405028435,0.595,3.690545668111102,0.9906380919768368,0.0,0.35,0.15,0.5
5-33-0.pt,5,33,0.08695644709281244,easy,0.24077223276036436,0.0746821174971735,0.01847207001540698,0.9175,0.428754290901008,0.9175,3.6629649768575967,0.9906380919768368,0.0,0.35,0.15,0.5
5-34-0.pt,5,34,0.08903934234100899,easy,0.25097523431419205,0.07103522384386801,0.019580480159489017,0.36125,0.4327375122936872,0.36125,4.255619871675336,0.9906380919768368,0.0,0.35,0.15,0.5
5-35-0.pt,5,35,0.10031667085133282,easy,0.2680621948651481,0.07205180825526976,0.019897955325144004,0.89375,0.43690946568598216,0.89375,4.105824619541502,0.9906380919768368,0.0,0.35,0.15,0.5
5-36-0.pt,5,36,0.10815267232647643,easy,0.2605403463663297,0.07061590200181751,0.02107860535794272,0.87,0.44076596910000765,0.87,4.375272134766553,0.9906380919768368,0.0,0.35,0.15,0.5
5-37-0.pt,5,37,0.07831529299987872,easy,0.2643154468613565,0.0743143701742621,0.022145756748045507,0.0008333333333333334,0.4446375187595521,0.0008333333333333334,4.253001916286938,0.9906380919768368,0.0,0.35,0.15,0.5
5-38-0.pt,5,38,0.11567533008726989,easy,0.27265789913576227,0.07999765756975284,0.023484994147264265,0.8929166666666667,0.4483347858716806,0.8929166666666667,4.588957248719508,0.9906380919768368,0.0,0.35,0.15,0.5
5-39-0.pt,5,39,0.11607380616087264,easy,0.27665064323674793,0.07743303547943099,0.023960249684495866,0.88375,0.45203052045562037,0.88375,4.608792933905218,0.9906380919768368,0.0,0.35,0.15,0.5
5-4-0.pt,5,4,0.028292465286520616,easy,0.6151211434317042,0.08765696328799463,0.0028069433259631784,0.3120833333333333,0.16558382764335342,0.3120833333333333,2.4848800250607934,0.9906380919768368,0.0,0.35,0.15,0.5
5-40-0.pt,5,40,0.11887389867911374,easy,0.2709686642248063,0.07810909244311898,0.024507398281474784,0.6175,0.4556206139693459,0.6175,4.948955945261352,0.9906380919768368,0.0,0.35,0.15,0.5
5-41-0.pt,5,41,0.1281547725135573,easy,0.2561122389976424,0.08224357493746279,0.025669305338468985,0.9275,0.4591164858119957,0.9275,4.947425102800312,0.9906380919768368,0.0,0.35,0.15,0.5
5-42-0.pt,5,42,0.09865925186874168,easy,0.256652257202132,0.09174445093249922,0.02725246207209294,0.26708333333333334,0.46246575118894256,0.26708333333333334,4.637971800318516,0.9906380919768368,0.0,0.35,0.15,0.5
5-43-0.pt,5,43,0.11902494499831136,easy,0.28468559223203355,0.08688075003490141,0.027860890774459676,0.8958333333333334,0.46596888881102816,0.8958333333333334,4.685220025546599,0.9906380919768368,0.0,0.35,0.15,0.5
5-44-0.pt,5,44,0.13193412316615583,easy,0.29053094159137743,0.09399130144729707,0.029400085711251196,0.7175,0.46924606708543715,0.7175,5.26256019680703,0.9906380919768368,0.0,0.35,0.15,0.5
5-45-0.pt,5,45,0.13700627133810672,easy,0.3020183415083385,0.09272020380911077,0.03046008128547458,0.9041666666666667,0.4724889581962608,0.9041666666666667,5.244803401347787,0.9906380919768368,0.0,0.35,0.15,0.5
5-46-0.pt,5,46,0.11563318925507239,easy,0.29407431033112913,0.09323376265919056,0.0308972254516334,0.13708333333333333,0.475932013680234,0.13708333333333333,5.2941514636421445,0.9906380919768368,0.0,0.35,0.15,0.5
5-47-0.pt,5,47,0.1430730958705751,easy,0.30674440427973426,0.09751169592249712,0.03245311118155798,0.9083333333333333,0.47923218898455744,0.9083333333333333,5.4304686303432455,0.9906380919768368,0.0,0.35,0.15,0.5
5-48-0.pt,5,48,0.14550049655551267,easy,0.3205898283167317,0.10539974215476786,0.03477411207128289,0.8875,0.4821770622431217,0.8875,5.526021908637019,0.9906380919768368,0.0,0.35,0.15,0.5
5-49-0.pt,5,49,0.13182100766984858,easy,0.32211732224080203,0.11367386069480774,0.03695484651310637,0.4266666666666667,0.48507906898885433,0.4266666666666667,5.528713831022624,0.9906380919768368,0.0,0.35,0.15,0.5
5-5-0.pt,5,5,0.045218757886983305,easy,0.5358545816235432,0.07267134184212624,0.0007858203417092325,0.99875,0.19067754148825924,0.99875,2.359285567080066,0.9906380919768368,0.0,0.35,0.15,0.5
5-50-0.pt,5,50,0.15288161425721272,easy,0.35579156257265593,0.13047343019809743,0.040095850574199426,0.89125,0.48795530891658295,0.89125,5.7541490578898,0.9906380919768368,0.0,0.35,0.15,0.5
5-6-0.pt,5,6,0.05201963162846492,easy,0.49648563877770613,0.06364524824030338,0.0,0.9825,0.2115435902348552,0.9825,2.5818664874831327,0.9906380919768368,0.0,0.35,0.15,0.5
5-7-0.pt,5,7,0.05768406897421368,easy,0.5074081985496847,0.032405870773678666,0.00032995713270269033,0.995,0.2298886424223085,0.995,2.7421375111243087,0.9906380919768368,0.0,0.35,0.15,0.5
5-8-0.pt,5,8,0.05007863501994578,easy,0.4402222539873542,0.012672181744127885,0.0008367680479656605,0.9904166666666666,0.24576534476308495,0.9904166666666666,2.4988758931152315,0.9906380919768368,0.0,0.35,0.15,0.5
5-9-0.pt,5,9,0.06481495515680266,easy,0.401182370890451,0.0,0.0016095069373215792,0.9591666666666666,0.26005900716181574,0.9591666666666666,2.989992652200728,0.9906380919768368,0.0,0.35,0.15,0.5
50-10-0.pt,50,10,0.43693303369732295,medium,0.2969583000710524,0.20223698526182773,0.14402095204869594,0.4220833333333333,0.598666548980629,0.4220833333333333,15.16130685424037,0.9906380919768368,1.0,0.35,0.15,0.5
50-11-0.pt,50,11,0.4341493592452605,medium,0.2919762323865009,0.19851053306059163,0.1518475416180848,0.41625,0.6150659943252692,0.41625,15.071907508521354,0.9906380919768368,1.0,0.35,0.15,0.5
50-12-0.pt,50,12,0.4395241203154561,medium,0.28524701385501117,0.19454423589576184,0.15953827332683326,0.0475,0.6305272673143737,0.0475,15.58621361127688,0.9906380919768368,1.0,0.35,0.15,0.5
50-13-0.pt,50,13,0.474769092378719,hard,0.2919403046885001,0.18422741804585258,0.16676617568765068,0.11666666666666667,0.6455273919175025,0.11666666666666667,16.631970939065766,0.9906380919768368,1.0,0.35,0.15,0.5
50-14-0.pt,50,14,0.49912138351526686,hard,0.28822785912071425,0.18852265189943634,0.17412268533967357,0.2475,0.6589133414406153,0.2475,17.27444039366665,0.9906380919768368,1.0,0.35,0.15,0.5
50-15-0.pt,50,15,0.5197050470671023,hard,0.26112363980867154,0.18389103693113046,0.18108201312685124,0.2970833333333333,0.6723699443515199,0.2970833333333333,17.874543179317083,0.9906380919768368,1.0,0.35,0.15,0.5
50-16-0.pt,50,16,0.5439187991813186,hard,0.25419370866819496,0.1802804244683519,0.1877341419737871,0.39166666666666666,0.6854444838149828,0.39166666666666666,18.54717067775359,0.9906380919768368,1.0,0.35,0.15,0.5
50-17-0.pt,50,17,0.5686722063656348,hard,0.25921112646475863,0.1771341121977971,0.1941476257405268,0.3308333333333333,0.6979888640972949,0.3308333333333333,19.38471362263953,0.9906380919768368,1.0,0.35,0.15,0.5
50-18-0.pt,50,18,0.5710905385206784,hard,0.2538052506756543,0.1746288358241353,0.2007124326566809,0.18,0.7100615924997107,0.18,19.599716370348517,0.9906380919768368,1.0,0.35,0.15,0.5
50-19-0.pt,50,19,0.5863668498320379,hard,0.24719858350408055,0.17474679170598023,0.20675304495694966,0.05125,0.7214852323970081,0.05125,20.201712113207403,0.9906380919768368,1.0,0.35,0.15,0.5
50-2-0.pt,50,2,0.3017349775412281,medium,0.6701145459231352,0.36009243011909575,0.05315599658294152,0.7558333333333334,0.3800217542050415,0.7558333333333334,10.646503159859098,0.9906380919768368,1.0,0.35,0.15,0.5
50-20-0.pt,50,20,0.6112540358772849,hard,0.2310087623313535,0.171402396920858,0.21298342056642924,0.15916666666666668,0.7327877749835451,0.15916666666666668,20.883752244243425,0.9906380919768368,1.0,0.35,0.15,0.5
50-21-0.pt,50,21,0.6409244892120378,hard,0.245278101817807,0.171308801558038,0.21940466011145981,0.15958333333333333,0.7434513431423798,0.15958333333333333,21.819805133821035,0.9906380919768368,1.0,0.35,0.15,0.5
50-22-0.pt,50,22,0.6615642638235059,hard,0.25173589596233253,0.1659380818530707,0.22505876971681196,0.045,0.7544727691941836,0.045,22.578575764589907,0.9906380919768368,1.0,0.35,0.15,0.5
50-23-0.pt,50,23,0.6732061688350287,hard,0.25301713326810954,0.1620189283955761,0.23084818418805128,0.09375,0.7649321749996383,0.09375,22.897165122308653,0.9906380919768368,1.0,0.35,0.15,0.5
50-24-0.pt,50,24,0.7298848143336847,hard,0.2590114570359923,0.1583473563060097,0.23607824725677945,0.32375,0.7757265164753465,0.32375,24.471519254455185,0.9906380919768368,1.0,0.35,0.15,0.5
50-25-0.pt,50,25,0.7253531125102947,hard,0.26919338487386707,0.1527673196584149,0.24163660477096174,0.3333333333333333,0.7859547965104693,0.3333333333333333,24.314565027432764,0.9906380919768368,1.0,0.35,0.15,0.5
50-26-0.pt,50,26,0.7379644402579363,hard,0.2729125528846084,0.14408758747260375,0.24677877515821364,0.18208333333333335,0.796124529385473,0.18208333333333335,24.853936671285553,0.9906380919768368,1.0,0.35,0.15,0.5
50-27-0.pt,50,27,0.8330973350055786,hard,0.2843154171042318,0.1383730996139898,0.2520105962875126,0.19791666666666666,0.8060127899143225,0.19791666666666666,27.851343073487055,0.9906380919768368,1.0,0.35,0.15,0.5
50-28-0.pt,50,28,0.8298444485038345,hard,0.27008275455199604,0.13049969682557797,0.25751867470578327,0.00875,0.8152736803169517,0.00875,27.924070111620015,0.9906380919768368,1.0,0.35,0.15,0.5
50-29-0.pt,50,29,0.8623367234505457,hard,0.2662584764774944,0.11745792436430565,0.2626558629056541,0.09166666666666666,0.825125659100514,0.09166666666666666,28.871582930252366,0.9906380919768368,1.0,0.35,0.15,0.5
50-3-0.pt,50,3,0.32016477598417553,medium,0.5877094701664329,0.3050019578902944,0.06869576363782401,0.8425,0.4271717153276378,0.8425,11.129383238611485,0.9906380919768368,1.0,0.35,0.15,0.5
50-30-0.pt,50,30,0.8439965407114769,hard,0.2804327786191503,0.09896852527179,0.2666321968516561,0.04708333333333333,0.8348579041992568,0.04708333333333333,28.32843061567324,0.9906380919768368,1.0,0.35,0.15,0.5
50-31-0.pt,50,31,0.910341980652035,hard,0.30638912996467355,0.08940942596382692,0.27072730446241505,0.21458333333333332,0.844165895857202,0.21458333333333332,30.2692555291184,0.9906380919768368,1.0,0.35,0.15,0.5
50-32-0.pt,50,32,0.9394688224784657,hard,0.330101352730833,0.07964882034183522,0.2750086235497746,0.3408333333333333,0.8536279696961844,0.3408333333333333,31.06906550015136,0.9906380919768368,1.0,0.35,0.15,0.5
50-33-0.pt,50,33,0.9108360967370766,hard,0.3299633114252214,0.07314778854021893,0.27914958114264704,0.17166666666666666,0.8625904514315892,0.17166666666666666,30.31817937589295,0.9906380919768368,1.0,0.35,0.15,0.5
50-34-0.pt,50,34,0.9620102852798651,hard,0.3216472956094898,0.06926176946245755,0.28395156024333823,0.19125,0.8707222129521144,0.19125,31.918900225851534,0.9906380919768368,1.0,0.35,0.15,0.5
50-35-0.pt,50,35,0.9662917423303556,hard,0.32932457665242326,0.06866138484045446,0.28849749832702826,0.3475,0.8793356720111352,0.3475,31.902771100585735,0.9906380919768368,1.0,0.35,0.15,0.5
50-36-0.pt,50,36,0.9686110829436341,hard,0.38801912888759044,0.0715543830108036,0.2930164878619077,0.20041666666666666,0.8884703664374625,0.20041666666666666,32.11226965304617,0.9906380919768368,1.0,0.35,0.15,0.5
50-37-0.pt,50,37,0.9826560301632695,hard,0.34611220097696394,0.08202574031716309,0.3002101529889752,0.16625,0.896431529557924,0.16625,32.58681139453628,0.9906380919768368,1.0,0.35,0.15,0.5
50-38-0.pt,50,38,0.9536273083543411,hard,0.35859901880432954,0.10467249763394898,0.3091447409184385,0.36041666666666666,0.9049748077835127,0.36041666666666666,31.478507412091584,0.9906380919768368,1.0,0.35,0.15,0.5
50-39-0.pt,50,39,0.9751250826206876,hard,0.3656184530413155,0.13566821569313228,0.3216462916910296,0.03916666666666667,0.9129408402768376,0.03916666666666667,32.46198380637807,0.9906380919768368,1.0,0.35,0.15,0.5
50-4-0.pt,50,4,0.3441783946069764,medium,0.4435533732767526,0.27392585646048395,0.0824721938039971,0.5341666666666667,0.4630977633485342,0.5341666666666667,12.168986491514943,0.9906380919768368,1.0,0.35,0.15,0.5
50-40-0.pt,50,40,0.9663835137746482,hard,0.37695023252775156,0.17587727292177427,0.3392802814401201,0.30375,0.9207991211223494,0.30375,31.93035232432857,0.9906380919768368,1.0,0.35,0.15,0.5
50-41-0.pt,50,41,0.9800832375225932,hard,0.379185614998029,0.2228392814285661,0.36206526417704127,0.11833333333333333,0.9289721241052604,0.11833333333333333,32.53749307700901,0.9906380919768368,1.0,0.35,0.15,0.5
50-42-0.pt,50,42,0.9827896700541615,hard,0.3854456511491792,0.2752389303606554,0.3928222552052008,0.14333333333333334,0.9368301606868674,0.14333333333333334,32.5963695844706,0.9906380919768368,1.0,0.35,0.15,0.5
50-43-0.pt,50,43,0.9714019339306414,hard,0.39377246192977294,0.3324084267273605,0.43344415540653325,0.22416666666666665,0.9453425929182633,0.22416666666666665,32.155061925754836,0.9906380919768368,1.0,0.35,0.15,0.5
50-44-0.pt,50,44,0.9615472102757702,hard,0.42148764957510876,0.39906017070052757,0.48677710777623573,0.005416666666666667,0.9533505010047818,0.005416666666666667,32.047061581124616,0.9906380919768368,1.0,0.35,0.15,0.5
50-45-0.pt,50,45,0.9819983189229825,hard,0.4632172163070662,0.477077124449941,0.5520128010719594,0.12916666666666668,0.961520129721843,0.12916666666666668,32.574682145558945,0.9906380919768368,1.0,0.35,0.15,0.5
50-46-0.pt,50,46,0.9763202645452771,hard,0.51305746861326,0.5640938999068861,0.6273073909139997,0.20333333333333334,0.9695160952427831,0.20333333333333334,32.320957701509705,0.9906380919768368,1.0,0.35,0.15,0.5
50-47-0.pt,50,47,0.9405538944557974,hard,0.5100099254945122,0.6603639311171412,0.7106220539853124,0.01125,0.9767506093889007,0.01125,31.366344136971904,0.9906380919768368,1.0,0.35,0.15,0.5
50-48-0.pt,50,48,0.9402293764751136,hard,0.5129654656525747,0.7666899163106511,0.8025175411267889,0.1925,0.9844797815708808,0.1925,31.18078824579598,0.9906380919768368,1.0,0.35,0.15,0.5
50-49-0.pt,50,49,0.9343573942826073,hard,0.5270770088283067,0.8798450614293303,0.899313792862299,0.20166666666666666,0.9921360635587236,0.20166666666666666,30.982778952990028,0.9906380919768368,1.0,0.35,0.15,0.5
50-5-0.pt,50,5,0.3461999935112455,medium,0.3735154697326833,0.24832941099216024,0.09470504212287915,0.6925,0.4930241388819063,0.6925,12.07054953776227,0.9906380919768368,1.0,0.35,0.15,0.5
50-50-0.pt,50,50,0.8887751068428152,hard,0.561653882596613,1.0,1.0,0.07875,1.0,0.07875,29.650984118341142,0.9906380919768368,1.0,0.35,0.15,0.5
50-6-0.pt,50,6,0.34707695619957357,medium,0.3904115216669322,0.23060402547151804,0.10552301294209172,0.39916666666666667,0.5190695400026558,0.39916666666666667,12.366314284511557,0.9906380919768368,1.0,0.35,0.15,0.5
50-7-0.pt,50,7,0.35833350300890976,medium,0.35001553519194656,0.22491393114303404,0.11602504172950816,0.37333333333333335,0.5412806248828428,0.37333333333333335,12.73872855984878,0.9906380919768368,1.0,0.35,0.15,0.5
50-8-0.pt,50,8,0.37556922391001657,medium,0.28838124789653125,0.21698405394598952,0.1258051205191652,0.3745833333333333,0.5623330598471469,0.3745833333333333,13.275482436666566,0.9906380919768368,1.0,0.35,0.15,0.5
50-9-0.pt,50,9,0.393095562377981,medium,0.32570637844879224,0.21070328183839218,0.13511822360773185,0.22833333333333333,0.5809359922057978,0.22833333333333333,13.962518535792139,0.9906380919768368,1.0,0.35,0.15,0.5
6-10-0.pt,6,10,0.02945650640468593,easy,0.3205401129578098,0.016639856646166525,0.0036756265499946696,0.3770833333333333,0.29448527388829987,0.3770833333333333,2.4076025321793098,0.9906380919768368,0.0,0.35,0.15,0.5
6-11-0.pt,6,11,0.021462218935359368,easy,0.3258646467161917,0.021509541940731885,0.0042757159818489505,0.8883333333333333,0.30646756359155847,0.8883333333333333,1.6637453032842155,0.9906380919768368,0.0,0.35,0.15,0.5
6-12-0.pt,6,12,0.03647376562062617,easy,0.3478349642802992,0.02550340332386544,0.004817777114955885,0.9520833333333333,0.31719903972704344,0.9520833333333333,2.074823823234779,0.9906380919768368,0.0,0.35,0.15,0.5
6-13-0.pt,6,13,0.03810730591920974,easy,0.3416049113441526,0.021939797083188148,0.005598391868840096,0.7904166666666667,0.32742563996466834,0.7904166666666667,2.275981454710207,0.9906380919768368,0.0,0.35,0.15,0.5
6-14-0.pt,6,14,0.0384205863457169,easy,0.39087980393588295,0.026203046152646976,0.0065553561557807226,0.6879166666666666,0.3368000341642803,0.6879166666666666,2.3794367761602335,0.9906380919768368,0.0,0.35,0.15,0.5
6-15-0.pt,6,15,0.05089276566160994,easy,0.3383958228563071,0.0271273977402075,0.007139526791007143,0.9233333333333333,0.3457990464845501,0.9233333333333333,2.54768248805931,0.9906380919768368,0.0,0.35,0.15,0.5
6-16-0.pt,6,16,0.050304774940213605,easy,0.285862398225986,0.031168591408129928,0.00773176880701957,0.6595833333333333,0.3543409716668054,0.6595833333333333,2.7760270212548046,0.9906380919768368,0.0,0.35,0.15,0.5
6-17-0.pt,6,17,0.05512773054401452,easy,0.2334443418529202,0.03708830607053092,0.008629541729985066,0.8620833333333333,0.36241723514726687,0.8620833333333333,2.73336593086303,0.9906380919768368,0.0,0.35,0.15,0.5
6-18-0.pt,6,18,0.07002288477819839,easy,0.22628995641469168,0.042150267041423745,0.009485745123978977,0.9070833333333334,0.3700354275827546,0.9070833333333334,3.1598265090446103,0.9906380919768368,0.0,0.35,0.15,0.5
6-19-0.pt,6,19,0.07420329878397217,easy,0.23400735468289588,0.04315569467266196,0.010199145839859154,0.935,0.37725315177557633,0.935,3.262930751546508,0.9906380919768368,0.0,0.35,0.15,0.5
6-2-0.pt,6,2,0.058152708423275565,easy,0.7787556196883446,0.15399097244771207,0.009648554670221604,0.93875,0.11420929854630824,0.93875,2.857493463814885,0.9906380919768368,0.0,0.35,0.15,0.5
6-20-0.pt,6,20,0.06755840693803795,easy,0.2708706280057769,0.046851659177762926,0.010631469623652681,0.8954166666666666,0.3838825230271381,0.8954166666666666,3.087126500209836,0.9906380919768368,0.0,0.35,0.15,0.5
6-21-0.pt,6,21,0.07165934666455509,easy,0.27638536102640665,0.05157771957753258,0.011458983256635165,0.90125,0.390404988992793,0.90125,3.2089647346181542,0.9906380919768368,0.0,0.35,0.15,0.5
6-22-0.pt,6,22,0.06992991030491846,easy,0.2590720581434933,0.05033371054088987,0.012213759869925962,0.81375,0.3969839004852131,0.81375,3.2345430145871332,0.9906380919768368,0.0,0.35,0.15,0.5
6-23-0.pt,6,23,0.08472121762655867,easy,0.2558466160463714,0.051443454448077255,0.01298697313677227,0.8966666666666666,0.40303178172837084,0.8966666666666666,3.6223431084411595,0.9906380919768368,0.0,0.35,0.15,0.5
6-24-0.pt,6,24,0.0756485391551803,easy,0.2323217205365733,0.05111996190428483,0.013813193334584974,0.665,0.4089092360449162,0.665,3.5522729090744822,0.9906380919768368,0.0,0.35,0.15,0.5
6-25-0.pt,6,25,0.0737937084411776,easy,0.2003262932519316,0.05693517372318252,0.01463103391500405,0.8916666666666667,0.4141803703846401,0.8916666666666667,3.2760653293961104,0.9906380919768368,0.0,0.35,0.15,0.5
6-26-0.pt,6,26,0.07955633729590773,easy,0.20128874808083108,0.054570625836407066,0.015270485944078756,0.805,0.41969637801706466,0.805,3.5388426691637354,0.9906380919768368,0.0,0.35,0.15,0.5
6-27-0.pt,6,27,0.07704638078474953,easy,0.2150992242390607,0.050220042303016445,0.015711392963905967,0.8704166666666666,0.42507917799382955,0.8704166666666666,3.394944811266881,0.9906380919768368,0.0,0.35,0.15,0.5
6-28-0.pt,6,28,0.0862137382633985,easy,0.22710883426550937,0.05399869049384596,0.016357743963813804,0.8833333333333333,0.42995851297260246,0.8833333333333333,3.6713708160314695,0.9906380919768368,0.0,0.35,0.15,0.5
6-29-0.pt,6,29,0.07440561257706087,easy,0.2473459389697714,0.053919150358564774,0.017002882656860098,0.51125,0.43473070677831,0.51125,3.6483589757470023,0.9906380919768368,0.0,0.35,0.15,0.5
6-3-0.pt,6,3,0.054492201136137335,easy,0.6183135262562794,0.0983796373232758,0.004109815572885821,0.97875,0.15526643541918628,0.97875,2.6867315648065255,0.9906380919768368,0.0,0.35,0.15,0.5
6-30-0.pt,6,30,0.09301264984783164,easy,0.24111895503210634,0.05656713146376106,0.017760867386506334,0.8779166666666667,0.4394116718608505,0.8779166666666667,3.8882467286590545,0.9906380919768368,0.0,0.35,0.15,0.5
6-31-0.pt,6,31,0.09494310183934326,easy,0.22609231434308394,0.05760311960342167,0.01869819926536642,0.7729166666666667,0.44396214768999076,0.7729166666666667,4.0473165371134465,0.9906380919768368,0.0,0.35,0.15,0.5
6-32-0.pt,6,32,0.10378330703747085,easy,0.22788343813979878,0.0591280958559906,0.019293562236542966,0.895,0.4486129165157521,0.895,4.2097942971654785,0.9906380919768368,0.0,0.35,0.15,0.5
6-33-0.pt,6,33,0.10426285731327267,easy,0.2036276230546344,0.05992968313670622,0.020371071607325524,0.7016666666666667,0.45297370559705463,0.7016666666666667,4.406820212525425,0.9906380919768368,0.0,0.35,0.15,0.5
6-34-0.pt,6,34,0.11939985314115416,easy,0.20523775205025863,0.06517876384596068,0.02154592890623667,0.8633333333333333,0.45700294942680336,0.8633333333333333,4.7316195579082585,0.9906380919768368,0.0,0.35,0.15,0.5
6-35-0.pt,6,35,0.1067456343410514,easy,0.21230181738845832,0.062398398026101955,0.022156990248863688,0.8429166666666666,0.4612825135677349,0.8429166666666666,4.348027117222289,0.9906380919768368,0.0,0.35,0.15,0.5
6-36-0.pt,6,36,0.10790171533072253,easy,0.2072928693743606,0.06966255283165208,0.023557863134479617,0.6379166666666667,0.4651849106003686,0.6379166666666667,4.577769992623459,0.9906380919768368,0.0,0.35,0.15,0.5
6-37-0.pt,6,37,0.11281974552349688,easy,0.21702363632053417,0.06820239256095013,0.024612193581379425,0.8604166666666667,0.46924055502899076,0.8604166666666667,4.520767247773246,0.9906380919768368,0.0,0.35,0.15,0.5
6-38-0.pt,6,38,0.1138809245393818,easy,0.22150296748033357,0.07264245942039199,0.026291548376064913,0.8333333333333334,0.4729462399336781,0.8333333333333334,4.578626022936644,0.9906380919768368,0.0,0.35,0.15,0.5
6-39-0.pt,6,39,0.11862895147397971,easy,0.2295022128457833,0.07125647930804173,0.026921722535658738,0.8225,0.47681289044115654,0.8225,4.73789009208759,0.9906380919768368,0.0,0.35,0.15,0.5
6-4-0.pt,6,4,0.019030178216905235,easy,0.5337094491147055,0.07418125620489963,0.001103300947742601,0.91125,0.18658047892109123,0.91125,1.613660148481087,0.9906380919768368,0.0,0.35,0.15,0.5
6-40-0.pt,6,40,0.12457320047848662,easy,0.21242080018383994,0.07086620049580465,0.027546131695776417,0.7045833333333333,0.4808597126210064,0.7045833333333333,5.036700104458054,0.9906380919768368,0.0,0.35,0.15,0.5
6-41-0.pt,6,41,0.14314850967409157,easy,0.21485132673427246,0.07029751315372469,0.02872636587994672,0.8529166666666667,0.4844628905708777,0.8529166666666667,5.483356364365513,0.9906380919768368,0.0,0.35,0.15,0.5
6-42-0.pt,6,42,0.11621963642338212,easy,0.21998758490751724,0.07824465750999582,0.030008748423545627,0.23666666666666666,0.487969869054547,0.23666666666666666,5.213279940924037,0.9906380919768368,0.0,0.35,0.15,0.5
6-43-0.pt,6,43,0.14785719137095538,easy,0.24376944334307896,0.07801533638169517,0.0314679054282954,0.8520833333333333,0.49152418816257104,0.8520833333333333,5.63057640589842,0.9906380919768368,0.0,0.35,0.15,0.5
6-44-0.pt,6,44,0.14538733961901462,easy,0.22549784400902587,0.08310184876373553,0.032587924656880235,0.705,0.4948599879986569,0.705,5.690579670854338,0.9906380919768368,0.0,0.35,0.15,0.5
6-45-0.pt,6,45,0.16310424787236893,easy,0.27764777238694094,0.08425095315413786,0.034175229078706064,0.8616666666666667,0.4980624470844623,0.8616666666666667,6.102267321564121,0.9906380919768368,0.0,0.35,0.15,0.5
6-46-0.pt,6,46,0.1629231736315861,easy,0.2778726465773304,0.08997401413602393,0.035369948876659035,0.8675,0.5013379937471881,0.8675,6.089653228563886,0.9906380919768368,0.0,0.35,0.15,0.5
6-47-0.pt,6,47,0.16043754299377117,easy,0.27237656589954096,0.09520545968923504,0.03760252536769489,0.5683333333333334,0.5043809522569535,0.5683333333333334,6.293698264243357,0.9906380919768368,0.0,0.35,0.15,0.5
6-48-0.pt,6,48,0.1607944857010596,easy,0.30447144992771874,0.10011333603238509,0.039668444400261585,0.87875,0.5075225919089713,0.87875,6.008956581283214,0.9906380919768368,0.0,0.35,0.15,0.5
6-49-0.pt,6,49,0.15482575120876618,easy,0.3054545505925589,0.10752704472902694,0.042174615363458644,0.23333333333333334,0.5104195594078446,0.23333333333333334,6.431428448859166,0.9906380919768368,0.0,0.35,0.15,0.5
6-5-0.pt,6,5,0.012992029703700394,easy,0.4826337830076736,0.05799449334166898,0.00042126352584082114,0.16291666666666665,0.21179394895780151,0.16291666666666665,2.1225813352793472,0.9906380919768368,0.0,0.35,0.15,0.5
6-50-0.pt,6,50,0.16920104108502804,easy,0.3183810999899017,0.12330125251970768,0.045638943135211864,0.8554166666666667,0.5132533705658507,0.8554166666666667,6.295336696569924,0.9906380919768368,0.0,0.35,0.15,0.5
6-6-0.pt,6,6,0.03083202071516526,easy,0.47635260643098004,0.02473176062041469,0.00047541609626764413,0.6845833333333333,0.23298395425003773,0.6845833333333333,2.1842360645535233,0.9906380919768368,0.0,0.35,0.15,0.5
6-7-0.pt,6,7,0.045430161362495385,easy,0.4172033227052732,0.004324594471674072,0.0012186612064029687,0.81125,0.25122467310857527,0.81125,2.5194026355823027,0.9906380919768368,0.0,0.35,0.15,0.5
6-8-0.pt,6,8,0.0,easy,0.3656820021564346,0.0025320889764358086,0.00204449585954793,0.06166666666666667,0.26720826101267153,0.06166666666666667,1.784228335078735,0.9906380919768368,0.0,0.35,0.15,0.5
6-9-0.pt,6,9,0.03452978989023939,easy,0.3307126109301998,0.01096982926275961,0.002919015470311623,0.9791666666666666,0.2814954770654172,0.9791666666666666,2.0019960313241696,0.9906380919768368,0.0,0.35,0.15,0.5
7-10-0.pt,7,10,0.04325976933453958,easy,0.3167323476982113,0.0178752732303517,0.004655885622453187,0.97,0.31332724108427834,0.97,2.27455546806007,0.9906380919768368,0.0,0.35,0.15,0.5
7-11-0.pt,7,11,0.03534956535739959,easy,0.33877838482369516,0.021291229709863434,0.005404589015621948,0.9833333333333333,0.3251423611267602,0.9833333333333333,2.0062690204570788,0.9906380919768368,0.0,0.35,0.15,0.5
7-12-0.pt,7,12,0.032028393189488955,easy,0.32533533680971854,0.025821369499918874,0.006143972201614668,0.9675,0.3362003887566469,0.9675,1.9114969118991905,0.9906380919768368,0.0,0.35,0.15,0.5
7-13-0.pt,7,13,0.023831040987616105,easy,0.33087145889318814,0.027380095140222976,0.007210902729024067,0.08125,0.34658992018867196,0.08125,2.488957155206431,0.9906380919768368,0.0,0.35,0.15,0.5
7-14-0.pt,7,14,0.04803109611452254,easy,0.2988948872116074,0.0290025358222064,0.00820757269594802,0.8645833333333334,0.35622915841445,0.8645833333333334,2.5084907620736656,0.9906380919768368,0.0,0.35,0.15,0.5
7-15-0.pt,7,15,0.06532514073857545,easy,0.21665706109696095,0.03663255424574247,0.00881465706952583,0.9254166666666667,0.3653951818247044,0.9254166666666667,2.9953494217932297,0.9906380919768368,0.0,0.35,0.15,0.5
7-16-0.pt,7,16,0.05077616056805449,easy,0.20245177966965955,0.0368687827290765,0.009887078555068282,0.5670833333333334,0.3741185121382053,0.5670833333333334,2.870765312493511,0.9906380919768368,0.0,0.35,0.15,0.5
7-17-0.pt,7,17,0.07613907250691113,easy,0.2104494170517256,0.04088728389548019,0.010472738901623169,0.9283333333333333,0.38207305217966364,0.9283333333333333,3.3286793604729725,0.9906380919768368,0.0,0.35,0.15,0.5
7-18-0.pt,7,18,0.06766302013245405,easy,0.24685885483494782,0.042155741272540556,0.011216743921986523,0.7954166666666667,0.3897690537665797,0.7954166666666667,3.1830108475243866,0.9906380919768368,0.0,0.35,0.15,0.5
7-19-0.pt,7,19,0.05768439492000113,easy,0.23927780969883414,0.04225077903158536,0.012444110923640098,0.88625,0.3973071513486137,0.88625,2.7772834085528366,0.9906380919768368,0.0,0.35,0.15,0.5
7-2-0.pt,7,2,0.052611933311354164,easy,0.6811885566476077,0.13172731814446592,0.007617792816368381,0.9866666666666667,0.13180989616606278,0.9866666666666667,2.629140714708568,0.9906380919768368,0.0,0.35,0.15,0.5
7-20-0.pt,7,20,0.07356942193507085,easy,0.2250129677028373,0.04166204326873991,0.012936300500984772,0.86875,0.40410341810104533,0.86875,3.294817186914812,0.9906380919768368,0.0,0.35,0.15,0.5
7-21-0.pt,7,21,0.060041094615443394,easy,0.24030562274850478,0.04083303429799756,0.013664123671342777,0.9,0.4107663881461588,0.9,2.8334743514348433,0.9906380919768368,0.0,0.35,0.15,0.5
7-22-0.pt,7,22,0.08167581593062462,easy,0.18685905111647022,0.04215889135335498,0.014350751972330787,0.8595833333333334,0.4170745642281264,0.8595833333333334,3.5552799993210216,0.9906380919768368,0.0,0.35,0.15,0.5
7-23-0.pt,7,23,0.05900070589192167,easy,0.19570399591454601,0.04303145546791815,0.014882087695236204,0.11583333333333333,0.42315420603905396,0.11583333333333333,3.540112374452489,0.9906380919768368,0.0,0.35,0.15,0.5
7-24-0.pt,7,24,0.08657536577816075,easy,0.185670545168564,0.05033650354263144,0.015551006883075428,0.9225,0.42906700303510975,0.9225,3.6460062603469807,0.9906380919768368,0.0,0.35,0.15,0.5
7-25-0.pt,7,25,0.0936160136015689,easy,0.18832179365395071,0.05147631732723461,0.016144510172145778,0.8879166666666667,0.4345022599637092,0.8879166666666667,3.899879893629968,0.9906380919768368,0.0,0.35,0.15,0.5
7-26-0.pt,7,26,0.08694387371007198,easy,0.19487042740921645,0.05098512051836995,0.016980032748786077,0.8308333333333333,0.440001039830312,0.8308333333333333,3.740290322305711,0.9906380919768368,0.0,0.35,0.15,0.5
7-27-0.pt,7,27,0.07318924761270897,easy,0.1839379679789358,0.05082951366745509,0.017670100308971863,0.1375,0.44542255528496943,0.1375,3.9603633876095388,0.9906380919768368,0.0,0.35,0.15,0.5
7-28-0.pt,7,28,0.09792467670098501,easy,0.20546828168806278,0.05498639273599006,0.018505360085410847,0.8295833333333333,0.45055723839607387,0.8295833333333333,4.085359617275774,0.9906380919768368,0.0,0.35,0.15,0.5
7-29-0.pt,7,29,0.09448416397198207,easy,0.17815588945803,0.053360536563746015,0.019373063738503414,0.6770833333333334,0.4556538232998812,0.6770833333333334,4.119012455509718,0.9906380919768368,0.0,0.35,0.15,0.5
7-3-0.pt,7,3,0.0582431911236466,easy,0.5576639992894246,0.0827077120359889,0.0026277704775312504,0.9558333333333333,0.17334236150038532,0.9558333333333333,2.8200734067142257,0.9906380919768368,0.0,0.35,0.15,0.5
7-30-0.pt,7,30,0.0873523851741789,easy,0.19565206928152912,0.05791339901555325,0.02024459749458903,0.11541666666666667,0.4603564296086597,0.11541666666666667,4.424340218861849,0.9906380919768368,0.0,0.35,0.15,0.5
7-31-0.pt,7,31,0.10292725123647174,easy,0.1962322033924474,0.055400769638364294,0.021129628269560267,0.81625,0.46496771205213816,0.81625,4.250777766912021,0.9906380919768368,0.0,0.35,0.15,0.5
7-32-0.pt,7,32,0.11361519177435324,easy,0.17943960266218,0.052806034398292616,0.022022703280592117,0.8679166666666667,0.46964933050399793,0.8679166666666667,4.538700606251552,0.9906380919768368,0.0,0.35,0.15,0.5
7-33-0.pt,7,33,0.10787949224683702,easy,0.1823262371855855,0.0553184687277304,0.02315295018481666,0.5558333333333333,0.47398112438188256,0.5558333333333333,4.651434224342419,0.9906380919768368,0.0,0.35,0.15,0.5
7-34-0.pt,7,34,0.11954809950474186,easy,0.18491303999148628,0.058751313066079044,0.024147325994855653,0.8583333333333333,0.4784465392230434,0.8583333333333333,4.732341087991621,0.9906380919768368,0.0,0.35,0.15,0.5
7-35-0.pt,7,35,0.11663439673808193,easy,0.20460759229736059,0.05858217811094438,0.024989130633613958,0.6816666666666666,0.483147279469041,0.6816666666666666,4.805808471999419,0.9906380919768368,0.0,0.35,0.15,0.5
7-36-0.pt,7,36,0.11949572202487849,easy,0.21224576410555784,0.060258607411502726,0.026179140563486976,0.78625,0.48720176627267037,0.78625,4.795569566800183,0.9906380919768368,0.0,0.35,0.15,0.5
7-37-0.pt,7,37,0.13353773393215923,easy,0.19553884677819597,0.06607168077586295,0.027486776600132826,0.8345833333333333,0.4910750254972108,0.8345833333333333,5.193337468617339,0.9906380919768368,0.0,0.35,0.15,0.5
7-38-0.pt,7,38,0.11261375184888822,easy,0.21115652748709832,0.06728198507106371,0.028891365176682664,0.085,0.49512516215286384,0.085,5.240059960964709,0.9906380919768368,0.0,0.35,0.15,0.5
7-39-0.pt,7,39,0.1385817918277722,easy,0.1989596949066337,0.06744918886111237,0.030093064709571272,0.83625,0.49882243401575077,0.83625,5.348538281580656,0.9906380919768368,0.0,0.35,0.15,0.5
7-4-0.pt,7,4,0.054107765388584556,easy,0.4677099086412364,0.07003583449174462,0.0006691108145089028,0.9841666666666666,0.2047350803855249,0.9841666666666666,2.6492651135743324,0.9906380919768368,0.0,0.35,0.15,0.5
7-40-0.pt,7,40,0.14126414178590985,easy,0.20446627814781215,0.06679440288930108,0.03127975232935475,0.8291666666666667,0.5026008231403178,0.8291666666666667,5.438778830830673,0.9906380919768368,0.0,0.35,0.15,0.5
7-41-0.pt,7,41,0.150949806867633,easy,0.21223439537689967,0.07440871198336264,0.032981196624758485,0.67,0.5061541352272033,0.67,5.895594469858682,0.9906380919768368,0.0,0.35,0.15,0.5
7-42-0.pt,7,42,0.14702952273942943,easy,0.20645011129534102,0.07503208378905092,0.03425484483526632,0.8133333333333334,0.5098148703574992,0.8133333333333334,5.6336868960467115,0.9906380919768368,0.0,0.35,0.15,0.5
7-43-0.pt,7,43,0.15269408475075857,easy,0.24989830856725515,0.08303004404383696,0.03665788162328303,0.8095833333333333,0.5130558333575792,0.8095833333333333,5.815540488335151,0.9906380919768368,0.0,0.35,0.15,0.5
7-44-0.pt,7,44,0.15448518651809665,easy,0.242736314624844,0.0805838621056494,0.03742711813089262,0.6483333333333333,0.5167321752766836,0.6483333333333333,6.023964240031296,0.9906380919768368,0.0,0.35,0.15,0.5
7-45-0.pt,7,45,0.15284238852276238,easy,0.2729729287701833,0.0854428651459324,0.03886171393847214,0.8008333333333333,0.520187341795348,0.8008333333333333,5.825649743999306,0.9906380919768368,0.0,0.35,0.15,0.5
7-46-0.pt,7,46,0.165705186434438,easy,0.2688580792774917,0.08364946658141373,0.040087468802466567,0.84,0.5237062333322976,0.84,6.194876382574497,0.9906380919768368,0.0,0.35,0.15,0.5
7-47-0.pt,7,47,0.15860383958276816,easy,0.26346716680385374,0.08792103024109833,0.04200491787870887,0.5554166666666667,0.5270504360343568,0.5554166666666667,6.238595266888601,0.9906380919768368,0.0,0.35,0.15,0.5
7-48-0.pt,7,48,0.1781150271057344,easy,0.26228445334070427,0.0944057807863028,0.04379981758625726,0.8120833333333334,0.5305456153649727,0.8120833333333334,6.6120936496528975,0.9906380919768368,0.0,0.35,0.15,0.5
7-49-0.pt,7,49,0.18227881097905105,easy,0.263861770428882,0.0981870108393956,0.04603152710456486,0.8404166666666667,0.5337456599668784,0.8404166666666667,6.715910038549106,0.9906380919768368,0.0,0.35,0.15,0.5
7-5-0.pt,7,5,0.04703838393734302,easy,0.49999006310922495,0.028113733618668413,0.001187698839999867,0.93625,0.23023989197390482,0.93625,2.460232753919453,0.9906380919768368,0.0,0.35,0.15,0.5
7-50-0.pt,7,50,0.17345419789132596,easy,0.28514121411983295,0.11093638024099478,0.049555976914487425,0.24291666666666667,0.536553702725722,0.24291666666666667,7.002361009257035,0.9906380919768368,0.0,0.35,0.15,0.5
7-6-0.pt,7,6,0.0530621567011309,easy,0.4035598478782858,0.0031424611580275694,0.0013729283579090765,1.0,0.251327432285904,1.0,2.582112867521836,0.9906380919768368,0.0,0.35,0.15,0.5
7-7-0.pt,7,7,0.03904712217697326,easy,0.3780935498875638,0.0014750849434636908,0.0024458867451355873,0.98125,0.26967397607020704,0.98125,2.1480640287670636,0.9906380919768368,0.0,0.35,0.15,0.5
7-8-0.pt,7,8,0.02861631997688079,easy,0.3271947213592421,0.0130003870845401,0.003106447716635608,0.795,0.28566463733400094,0.795,1.987685597344517,0.9906380919768368,0.0,0.35,0.15,0.5
7-9-0.pt,7,9,0.04653831351235908,easy,0.2958392175649115,0.014597564340550246,0.00392305624787924,0.98625,0.30020569932815794,0.98625,2.368420070239087,0.9906380919768368,0.0,0.35,0.15,0.5
8-10-0.pt,8,10,0.047659227833835506,easy,0.29917436437441497,0.02293340744031361,0.005930604111066825,0.9454166666666667,0.3299437130692852,0.9454166666666667,2.4306355918135276,0.9906380919768368,0.0,0.35,0.15,0.5
8-11-0.pt,8,11,0.048157366444404714,easy,0.30049990355518136,0.02540645739441316,0.00679945864955474,0.9479166666666666,0.34191840396276246,0.9479166666666666,2.4391829464631942,0.9906380919768368,0.0,0.35,0.15,0.5
8-12-0.pt,8,12,0.055911280516981,easy,0.2806577648308522,0.028049018253806925,0.007905363680728396,0.9533333333333334,0.3531405581571284,0.9533333333333334,2.6753323929284427,0.9906380919768368,0.0,0.35,0.15,0.5
8-13-0.pt,8,13,0.03207712564900348,easy,0.23294565919797966,0.029775639253909192,0.009099891717480569,0.22458333333333333,0.36376814045278677,0.22458333333333333,2.607318471634917,0.9906380919768368,0.0,0.35,0.15,0.5
8-14-0.pt,8,14,0.05645735608396899,easy,0.1953678853925033,0.03498308597455075,0.009651928849600542,0.9808333333333333,0.37352895412823384,0.9808333333333333,2.658234731537903,0.9906380919768368,0.0,0.35,0.15,0.5
8-15-0.pt,8,15,0.053189840650216265,easy,0.21233372037813522,0.035440483518237816,0.01061558091279269,0.8025,0.38258810308387087,0.8025,2.7202923632545484,0.9906380919768368,0.0,0.35,0.15,0.5
8-16-0.pt,8,16,0.03606117015438524,easy,0.22355250347892555,0.03299717942320793,0.011738076489193793,0.018333333333333333,0.39155165551666693,0.018333333333333333,2.9181979959430135,0.9906380919768368,0.0,0.35,0.15,0.5
8-17-0.pt,8,17,0.07111703761343773,easy,0.21363403408995632,0.032466506986534055,0.012549310875118402,0.9441666666666667,0.39983388667204145,0.9441666666666667,3.147176870481219,0.9906380919768368,0.0,0.35,0.15,0.5
8-18-0.pt,8,18,0.06203037990524689,easy,0.22084649971954154,0.035752205243244475,0.01325390412150558,0.32,0.40749856984282745,0.32,3.4486658420853344,0.9906380919768368,0.0,0.35,0.15,0.5
8-19-0.pt,8,19,0.07073174230073495,easy,0.20489063428418763,0.03882372887640392,0.014333404438231185,0.7008333333333333,0.4150462110292763,0.7008333333333333,3.359845426098461,0.9906380919768368,0.0,0.35,0.15,0.5
8-2-0.pt,8,2,0.05853772861093099,easy,0.6816072191710472,0.1127794349258032,0.0062920952294685,0.97625,0.14741516387645462,0.97625,2.820576261221721,0.9906380919768368,0.0,0.35,0.15,0.5
8-20-0.pt,8,20,0.09390380670333759,easy,0.16791640280997058,0.040630776258175225,0.014695054972933145,0.9383333333333334,0.42180884372257954,0.9383333333333334,3.8662940545535713,0.9906380919768368,0.0,0.35,0.15,0.5
8-21-0.pt,8,21,0.06626614880069996,easy,0.16559431532808166,0.04446494238153118,0.015317744315453663,0.70375,0.4285033954599278,0.70375,3.2100041103785526,0.9906380919768368,0.0,0.35,0.15,0.5
8-22-0.pt,8,22,0.09125221414604284,easy,0.17482347244955573,0.04484042444199045,0.01627024882681325,0.8470833333333333,0.4350074153815673,0.8470833333333333,3.863499690955783,0.9906380919768368,0.0,0.35,0.15,0.5
8-23-0.pt,8,23,0.08244236438415217,easy,0.18716421912564565,0.049406221337739115,0.01705043402766143,0.8066666666666666,0.4409800957907859,0.8066666666666666,3.620107740222398,0.9906380919768368,0.0,0.35,0.15,0.5
8-24-0.pt,8,24,0.0871492539998184,easy,0.16907705476386242,0.04964346909667815,0.017754936588566084,0.7766666666666666,0.44698946513802384,0.7766666666666666,3.7953966202221827,0.9906380919768368,0.0,0.35,0.15,0.5
8-25-0.pt,8,25,0.09476709032913355,easy,0.15411415811217083,0.050946738599513965,0.01837020428513394,0.905,0.4527005535139104,0.905,3.9127488800343957,0.9906380919768368,0.0,0.35,0.15,0.5
8-26-0.pt,8,26,0.10444847980813524,easy,0.14431268337540162,0.04668503150283561,0.01937313658545823,0.7945833333333333,0.45851057282784696,0.7945833333333333,4.322216038829256,0.9906380919768368,0.0,0.35,0.15,0.5
8-27-0.pt,8,27,0.10634979147483552,easy,0.1520160439139061,0.04677815749350645,0.019893205197104937,0.8666666666666667,0.46386210399426214,0.8666666666666667,4.311872195078697,0.9906380919768368,0.0,0.35,0.15,0.5
8-28-0.pt,8,28,0.09900845456302244,easy,0.16747432919826388,0.04939375243216516,0.020737609975287386,0.68375,0.468887495484903,0.68375,4.25075155285774,0.9906380919768368,0.0,0.35,0.15,0.5
8-29-0.pt,8,29,0.07785812145853419,easy,0.16449231265996084,0.04983004293417369,0.02155896565815944,0.032916666666666664,0.4741624498698624,0.032916666666666664,4.1960224744729775,0.9906380919768368,0.0,0.35,0.15,0.5
8-3-0.pt,8,3,0.06032181312470348,easy,0.49771745354617325,0.0741903979348239,0.0016145464073814677,0.8104166666666667,0.1890811965955299,0.8104166666666667,3.0176687733600263,0.9906380919768368,0.0,0.35,0.15,0.5
8-30-0.pt,8,30,0.11841092202211057,easy,0.1607516888045594,0.05127101494594649,0.022690307270876214,0.7716666666666666,0.47906018263377886,0.7716666666666666,4.778335079443023,0.9906380919768368,0.0,0.35,0.15,0.5
8-31-0.pt,8,31,0.12524895374130848,easy,0.1556529861165273,0.05408790099539908,0.023672606729029138,0.78125,0.48422899861651475,0.78125,4.983950619800637,0.9906380919768368,0.0,0.35,0.15,0.5
8-32-0.pt,8,32,0.10804669810338181,easy,0.16162528782982197,0.05771976439865243,0.024834237084704835,0.3933333333333333,0.4889599121143971,0.3933333333333333,4.804954727682594,0.9906380919768368,0.0,0.35,0.15,0.5
8-33-0.pt,8,33,0.12565916405633112,easy,0.14868603611383538,0.05668308428278116,0.0258467802290262,0.8075,0.49327930219382654,0.8075,4.968346416639339,0.9906380919768368,0.0,0.35,0.15,0.5
8-34-0.pt,8,34,0.1152381015677652,easy,0.1639853458760302,0.05859368052360734,0.027099110161479898,0.29041666666666666,0.49789855673980155,0.29041666666666666,5.12707407279386,0.9906380919768368,0.0,0.35,0.15,0.5
8-35-0.pt,8,35,0.13343581657083806,easy,0.15605451714798635,0.05766865751265292,0.028215288065611115,0.7204166666666667,0.5021103885912999,0.7204166666666667,5.29403075930515,0.9906380919768368,0.0,0.35,0.15,0.5
8-36-0.pt,8,36,0.12919224871931592,easy,0.17747783287183802,0.05933139660475264,0.029577177058993487,0.4166666666666667,0.5061542311099922,0.4166666666666667,5.446280382761855,0.9906380919768368,0.0,0.35,0.15,0.5
8-37-0.pt,8,37,0.15060357767675728,easy,0.17641383871868446,0.06164314563917873,0.031071781503893562,0.7854166666666667,0.5101121013583443,0.7854166666666667,5.773402295110625,0.9906380919768368,0.0,0.35,0.15,0.5
8-38-0.pt,8,38,0.1329905102283179,easy,0.1815970543297545,0.06713972585893249,0.03253952990592209,0.012083333333333333,0.5140674594881702,0.012083333333333333,5.947699303679204,0.9906380919768368,0.0,0.35,0.15,0.5
8-39-0.pt,8,39,0.16174606710020695,easy,0.19224511061549507,0.06465194899302336,0.0337166902565845,0.8208333333333333,0.5181033837945446,0.8208333333333333,6.089822443004236,0.9906380919768368,0.0,0.35,0.15,0.5
8-4-0.pt,8,4,0.0570700758086272,easy,0.42978238225453186,0.04342565756439757,0.0009138725134342264,0.9425,0.22067695984494348,0.9425,2.776273650922272,0.9906380919768368,0.0,0.35,0.15,0.5
8-40-0.pt,8,40,0.15398995577229435,easy,0.20059392765464404,0.06857144949871276,0.0352484145604228,0.26416666666666666,0.5219476224691864,0.26416666666666666,6.370955109931642,0.9906380919768368,0.0,0.35,0.15,0.5
8-41-0.pt,8,41,0.1648350561393301,easy,0.19147652644065313,0.06751122850119069,0.03653598637696481,0.8283333333333334,0.5259572467430562,0.8283333333333334,6.177449247672856,0.9906380919768368,0.0,0.35,0.15,0.5
8-42-0.pt,8,42,0.1700353676178416,easy,0.1830228424459388,0.07139419583936947,0.03806335258123176,0.8270833333333333,0.5298594133086498,0.8270833333333333,6.341939244817215,0.9906380919768368,0.0,0.35,0.15,0.5
8-43-0.pt,8,43,0.16080836548612426,easy,0.19710233865538726,0.07665610265494555,0.04040674594858449,0.7741666666666667,0.5335865422037798,0.7741666666666667,6.098104538480675,0.9906380919768368,0.0,0.35,0.15,0.5
8-44-0.pt,8,44,0.1749802631151854,easy,0.19692151736103905,0.07832974058230832,0.041895205454212776,0.7875,0.5372632614505979,0.7875,6.533307887574859,0.9906380919768368,0.0,0.35,0.15,0.5
8-45-0.pt,8,45,0.16127388276775723,easy,0.21894844103975458,0.08229680362395006,0.043751895755435324,0.3825,0.5407729706883,0.3825,6.481878800604875,0.9906380919768368,0.0,0.35,0.15,0.5
8-46-0.pt,8,46,0.17776048212408874,easy,0.2553205518601322,0.08399387609119485,0.045204259556183374,0.7470833333333333,0.5441333975618492,0.7470833333333333,6.657047703971166,0.9906380919768368,0.0,0.35,0.15,0.5
8-47-0.pt,8,47,0.18898027064132653,easy,0.2787822321078183,0.08920238703785968,0.047640482450576414,0.7916666666666666,0.547377039771502,0.7916666666666666,6.969146118529287,0.9906380919768368,0.0,0.35,0.15,0.5
8-48-0.pt,8,48,0.18056440117700154,easy,0.28641613872769744,0.09462734526590451,0.05006301392794279,0.17208333333333334,0.5506651490093124,0.17208333333333334,7.289333118487954,0.9906380919768368,0.0,0.35,0.15,0.5
8-49-0.pt,8,49,0.19867811714294864,easy,0.2749676640729055,0.10200670711302054,0.05247955633031724,0.7858333333333334,0.5538767074261661,0.7858333333333334,7.279538942420748,0.9906380919768368,0.0,0.35,0.15,0.5
8-5-0.pt,8,5,0.053582580890884156,easy,0.44542824542773335,0.006017049479567592,0.001984390395618917,0.9816666666666667,0.24632771771537476,0.9816666666666667,2.618059127856814,0.9906380919768368,0.0,0.35,0.15,0.5
8-50-0.pt,8,50,0.19202799064237389,easy,0.28859140163317765,0.10878279960377171,0.055628829512665436,0.69625,0.5572156528161771,0.69625,7.152389365639177,0.9906380919768368,0.0,0.35,0.15,0.5
8-6-0.pt,8,6,0.05554234831569536,easy,0.377780126182972,0.003209532633963852,0.002435652395459871,0.9316666666666666,0.2675483004721957,0.9316666666666666,2.719044342689873,0.9906380919768368,0.0,0.35,0.15,0.5
8-7-0.pt,8,7,0.03618150595205818,easy,0.3172157050126349,0.01131853305854866,0.00330208032184189,0.9883333333333333,0.28588697082676673,0.9883333333333333,2.0438763071096933,0.9906380919768368,0.0,0.35,0.15,0.5
8-8-0.pt,8,8,0.030633232346429333,easy,0.2989832962977121,0.013141742318043156,0.004063060370598108,0.68,0.302131027962215,0.68,2.154143595087389,0.9906380919768368,0.0,0.35,0.15,0.5
8-9-0.pt,8,9,0.0074128748828587694,easy,0.3112292748636324,0.01999595704906079,0.004868052631551502,0.2975,0.31663691794759763,0.2975,1.775204097265348,0.9906380919768368,0.0,0.35,0.15,0.5
9-10-0.pt,9,10,0.06441423291749214,easy,0.313208396861814,0.026843056687309914,0.007470567164426487,0.99125,0.34473038030089315,0.99125,2.912359363872122,0.9906380919768368,0.0,0.35,0.15,0.5
9-11-0.pt,9,11,0.06255904730433923,easy,0.2582876247889736,0.03215637685627786,0.008499648977268931,0.9095833333333333,0.3570781022659034,0.9095833333333333,2.9260630720694043,0.9906380919768368,0.0,0.35,0.15,0.5
9-12-0.pt,9,12,0.05441092558302308,easy,0.1995122274939582,0.030441273920969836,0.009365355255935145,0.89,0.36854915685225625,0.89,2.681631432069931,0.9906380919768368,0.0,0.35,0.15,0.5
9-13-0.pt,9,13,0.04875965697987146,easy,0.2082358160221433,0.03283403977550584,0.010738105282783345,0.5704166666666667,0.3792194889701537,0.5704166666666667,2.8015847192955823,0.9906380919768368,0.0,0.35,0.15,0.5
9-14-0.pt,9,14,0.06046958816336177,easy,0.20734622868458408,0.03225721901943166,0.011249566843181767,0.9554166666666667,0.38881890458863877,0.9554166666666667,2.8033679413018313,0.9906380919768368,0.0,0.35,0.15,0.5
9-15-0.pt,9,15,0.07146498287484747,easy,0.18899494755678686,0.03198819749882541,0.012425307983901363,0.66375,0.39844304404721365,0.66375,3.425067638794375,0.9906380919768368,0.0,0.35,0.15,0.5
9-16-0.pt,9,16,0.08987741034733705,easy,0.18488090802245416,0.03436676690499773,0.01395064643232925,0.9270833333333334,0.40732855024008585,0.9270833333333334,3.7552019760818425,0.9906380919768368,0.0,0.35,0.15,0.5
9-17-0.pt,9,17,0.07386971345014999,easy,0.22811645333870775,0.03521311153901814,0.014875360879835164,0.8508333333333333,0.41569875031246245,0.8508333333333333,3.3166338943113933,0.9906380919768368,0.0,0.35,0.15,0.5
9-18-0.pt,9,18,0.0780589009994263,easy,0.1878350530988239,0.03874632530849469,0.015115658437432573,0.8725,0.4232512655711649,0.8725,3.4258152608117687,0.9906380919768368,0.0,0.35,0.15,0.5
9-19-0.pt,9,19,0.06607872897381546,easy,0.16757222358096938,0.040446216474119306,0.016259191721450905,0.2833333333333333,0.4308378866428168,0.2833333333333333,3.602351618930191,0.9906380919768368,0.0,0.35,0.15,0.5
9-2-0.pt,9,2,0.046899071979305616,easy,0.6629835186831303,0.09771444567322378,0.004963769981113159,0.8466666666666667,0.16147387385820686,0.8466666666666667,2.5688731774360494,0.9906380919768368,0.0,0.35,0.15,0.5
9-20-0.pt,9,20,0.08811399976982726,easy,0.1567998084558248,0.04151317181252044,0.01669195189985922,0.8820833333333333,0.4377271512645181,0.8820833333333333,3.729649486767358,0.9906380919768368,0.0,0.35,0.15,0.5
9-21-0.pt,9,21,0.09230704019176171,easy,0.18077154341538879,0.04234569213607826,0.017298148880659427,0.9145833333333333,0.44431091708170234,0.9145833333333333,3.8290596267253956,0.9906380919768368,0.0,0.35,0.15,0.5
9-22-0.pt,9,22,0.09037621285334049,easy,0.17206609850782495,0.0386957793958944,0.01838871821451888,0.885,0.4510478083326179,0.885,3.7931885140915007,0.9906380919768368,0.0,0.35,0.15,0.5
9-23-0.pt,9,23,0.09461531350925398,easy,0.14259664119829432,0.04080534780813698,0.019266538552752895,0.865,0.4576157162378062,0.865,3.943921160390063,0.9906380919768368,0.0,0.35,0.15,0.5
9-24-0.pt,9,24,0.09711691731940224,easy,0.17433035433995403,0.044982688459508736,0.019719259464784124,0.7654166666666666,0.4633981490567186,0.7654166666666666,4.11545579054766,0.9906380919768368,0.0,0.35,0.15,0.5
9-25-0.pt,9,25,0.10874491765354903,easy,0.16890845221321188,0.046637500950452895,0.020330558075264953,0.8733333333333333,0.46900179543563053,0.8733333333333333,4.379394032636579,0.9906380919768368,0.0,0.35,0.15,0.5
9-26-0.pt,9,26,0.10967686397294414,easy,0.1424209355960651,0.047303816218704456,0.02146605357461597,0.8729166666666667,0.4751078654473519,0.8729166666666667,4.406854720023042,0.9906380919768368,0.0,0.35,0.15,0.5
9-27-0.pt,9,27,0.11237776171839887,easy,0.1388801648164347,0.049293662318232824,0.02245246631940473,0.8770833333333333,0.4805349193601145,0.8770833333333333,4.486329062248958,0.9906380919768368,0.0,0.35,0.15,0.5
9-28-0.pt,9,28,0.11747068163735065,easy,0.15792144217058074,0.050612943656974434,0.023520565066090675,0.7633333333333333,0.48615891512089543,0.7633333333333333,4.753546520029278,0.9906380919768368,0.0,0.35,0.15,0.5
9-29-0.pt,9,29,0.11398812473416575,easy,0.14724093765255955,0.051789977890155305,0.02458998750873355,0.8525,0.4914420252678428,0.8525,4.556296381332055,0.9906380919768368,0.0,0.35,0.15,0.5
9-3-0.pt,9,3,0.05779360996710989,easy,0.5165277704809488,0.07083260082406403,0.0016044720512423552,0.9579166666666666,0.20330670955403965,0.9579166666666666,2.7916447061729075,0.9906380919768368,0.0,0.35,0.15,0.5
9-30-0.pt,9,30,0.1276865529407405,easy,0.16467807556401626,0.052659409695618754,0.02559085604305625,0.82625,0.4964562327042724,0.82625,5.01353218446131,0.9906380919768368,0.0,0.35,0.15,0.5
9-31-0.pt,9,31,0.13170256301698244,easy,0.14422977273731086,0.050096383371819014,0.02648890444562715,0.7891666666666667,0.5012426333179455,0.7891666666666667,5.174138983992976,0.9906380919768368,0.0,0.35,0.15,0.5
9-32-0.pt,9,32,0.13391223997482557,easy,0.1405645068942479,0.0521686336424263,0.02760142179711236,0.785,0.5059871842467132,0.785,5.2462290867326775,0.9906380919768368,0.0,0.35,0.15,0.5
9-33-0.pt,9,33,0.14325953786181958,easy,0.1540232422523992,0.054402218860262065,0.028732341712738592,0.7675,0.5103295197429952,0.7675,5.55746375954111,0.9906380919768368,0.0,0.35,0.15,0.5
9-34-0.pt,9,34,0.1370968285591913,easy,0.16661282366678415,0.05810491677245062,0.030033437502013212,0.6008333333333333,0.5148409045091771,0.6008333333333333,5.518492655985397,0.9906380919768368,0.0,0.35,0.15,0.5
9-35-0.pt,9,35,0.13714342950623606,easy,0.1572259848751194,0.05954742888970309,0.03128085463961135,0.8029166666666666,0.5193409283418288,0.8029166666666666,5.3262344286725325,0.9906380919768368,0.0,0.35,0.15,0.5
9-36-0.pt,9,36,0.16275163990548858,easy,0.17287019158374572,0.05756671776055297,0.032802132144282556,0.8041666666666667,0.5235757828903512,0.8041666666666667,6.135307055953953,0.9906380919768368,0.0,0.35,0.15,0.5
9-37-0.pt,9,37,0.13289713629834862,easy,0.16547588284724823,0.06007394098687112,0.03425558036293147,0.08875,0.5279488432768046,0.08875,5.866284133722042,0.9906380919768368,0.0,0.35,0.15,0.5
9-38-0.pt,9,38,0.15881598288280505,easy,0.171978757328751,0.0645001539856429,0.03585487714063342,0.5758333333333333,0.5321456132523081,0.5758333333333333,6.223859952951193,0.9906380919768368,0.0,0.35,0.15,0.5
9-39-0.pt,9,39,0.16133833998365965,easy,0.17156404889516735,0.06278211672768784,0.037268297115893904,0.65125,0.5364939264657171,0.65125,6.230451030949568,0.9906380919768368,0.0,0.35,0.15,0.5
9-4-0.pt,9,4,0.044986711687762845,easy,0.47441828009771236,0.020730500872064767,0.0019676759393060655,0.9595833333333333,0.23512721286161906,0.9595833333333333,2.371031388948524,0.9906380919768368,0.0,0.35,0.15,0.5
9-40-0.pt,9,40,0.17509211598681534,easy,0.18552455179699326,0.06715007476276341,0.038829578255202085,0.7933333333333333,0.5403534679287227,0.7933333333333333,6.530057335683682,0.9906380919768368,0.0,0.35,0.15,0.5
9-41-0.pt,9,41,0.1774491972519707,easy,0.19947629653190438,0.06795106503394689,0.04057574025315096,0.7304166666666667,0.5442868285897571,0.7304166666666667,6.662942230570636,0.9906380919768368,0.0,0.35,0.15,0.5
9-42-0.pt,9,42,0.17637161646433366,easy,0.23463144648388365,0.07448884591801247,0.042984246496569796,0.6204166666666666,0.5476755218691424,0.6204166666666666,6.731854542408705,0.9906380919768368,0.0,0.35,0.15,0.5
9-43-0.pt,9,43,0.18747859330305136,easy,0.2614687090999442,0.0752428066662746,0.04543967065617729,0.74875,0.5513114093158616,0.74875,6.960684777869436,0.9906380919768368,0.0,0.35,0.15,0.5
9-44-0.pt,9,44,0.1878155759299377,easy,0.22799038784518175,0.07933576918635027,0.04714442773602429,0.54625,0.5551640470292485,0.54625,7.162101920909717,0.9906380919768368,0.0,0.35,0.15,0.5
9-45-0.pt,9,45,0.19468254611487282,easy,0.23529586223649762,0.08327341652917894,0.049108534336666905,0.7416666666666667,0.5590719952075159,0.7416666666666667,7.192675274291094,0.9906380919768368,0.0,0.35,0.15,0.5
9-46-0.pt,9,46,0.19840590224114624,easy,0.2576131597552691,0.0842640621962742,0.05078658717363693,0.7958333333333333,0.5629184612376371,0.7958333333333333,7.257731420537625,0.9906380919768368,0.0,0.35,0.15,0.5
9-47-0.pt,9,47,0.20352015784394395,easy,0.2444328408585287,0.08820827189750699,0.05320773138127816,0.7445833333333334,0.5662314894516011,0.7445833333333334,7.467214037482645,0.9906380919768368,0.0,0.35,0.15,0.5
9-48-0.pt,9,48,0.1938975079360716,easy,0.24489042142632392,0.09225423022129367,0.05575468957313758,0.1625,0.5699944056706507,0.1625,7.713332168927901,0.9906380919768368,0.0,0.35,0.15,0.5
9-49-0.pt,9,49,0.2118559496213255,medium,0.25815195394293344,0.09804946416764775,0.05823826517736278,0.7529166666666667,0.5733949036872455,0.7529166666666667,7.720695707026133,0.9906380919768368,0.0,0.35,0.15,0.5
9-5-0.pt,9,5,0.06006233049548257,easy,0.39066305161459025,0.0018146961136674493,0.0026245759121889573,0.9783333333333334,0.260625116811463,0.9783333333333334,2.820865151031054,0.9906380919768368,0.0,0.35,0.15,0.5
9-50-0.pt,9,50,0.20481309522223706,easy,0.2612510971349789,0.1034055763544347,0.06161425972496857,0.6458333333333334,0.5765061374885911,0.6458333333333334,7.597804745014752,0.9906380919768368,0.0,0.35,0.15,0.5
9-6-0.pt,9,6,0.05433306894129773,easy,0.32894040268287783,0.008892244573691524,0.003140385978692803,0.91875,0.2819289339588765,0.91875,2.6871139671319564,0.9906380919768368,0.0,0.35,0.15,0.5
9-7-0.pt,9,7,0.0497511800904117,easy,0.3127189707108585,0.018617075019502376,0.004132916709603338,0.9979166666666667,0.30039627089338566,0.9979166666666667,2.4591368219259295,0.9906380919768368,0.0,0.35,0.15,0.5
9-8-0.pt,9,8,0.0365492362722381,easy,0.32167505226621645,0.021709818981639564,0.004925291367476446,0.98875,0.31677143905246435,0.98875,2.0425710988890247,0.9906380919768368,0.0,0.35,0.15,0.5
9-9-0.pt,9,9,0.044482247564012416,easy,0.28281498718734516,0.024447572634426675,0.006161689476417393,0.9916666666666667,0.3314623698140144,0.9916666666666667,2.2853616838399007,0.9906380919768368,0.0,0.35,0.15,0.5
