instance_id,y_true,oof_pred
10-10-0.pt,0.01937642874245997,0.06043315610510876
10-11-0.pt,0.10544305815981987,0.04757578003230459
10-12-0.pt,0.05347973755533983,0.06400467027980707
10-13-0.pt,0.06089762660457629,0.0600030991539688
10-14-0.pt,0.06811568793805894,0.05555006427808785
10-15-0.pt,0.07204214186399277,0.07484586497178533
10-16-0.pt,0.06662742151391335,0.09319072295025893
10-17-0.pt,0.12686269309527057,0.07141076503566925
10-18-0.pt,0.06271288734826377,0.09701608725451862
10-19-0.pt,0.08121957844341188,0.08323359092536405
10-2-0.pt,0.06203542109013414,0.17802318613144924
10-20-0.pt,0.12400615207911031,0.08973043844365658
10-21-0.pt,0.08660745980132795,0.09546314512497606
10-22-0.pt,0.08638108832202644,0.09041677001992757
10-23-0.pt,0.08812813789616328,0.09614605658478302
10-24-0.pt,0.09273155218010498,0.10300963001101855
10-25-0.pt,0.14967521121324978,0.11311160417211805
10-26-0.pt,0.15381885166561543,0.11573838304519238
10-27-0.pt,0.09875327350291234,0.14093793634976576
10-28-0.pt,0.15869544874371536,0.1132335004217668
10-29-0.pt,0.1017866548084136,0.14602741328621746
10-3-0.pt,0.044566083676001865,0.11300889788719419
10-30-0.pt,0.16274108818938232,0.11381387553807208
10-31-0.pt,0.10393879785553126,0.1273490926116644
10-32-0.pt,0.105644457739935,0.11860235980204296
10-33-0.pt,0.10857208808076642,0.12646371161771272
10-34-0.pt,0.15927200692868984,0.12211334255557425
10-35-0.pt,0.1731115424735043,0.12785659394706583
10-36-0.pt,0.11325281822110153,0.12176921525742727
10-37-0.pt,0.1147468127423092,0.1279398169871176
10-38-0.pt,0.11634738790674373,0.13301928136294008
10-39-0.pt,0.17501222507936579,0.11926372374035907
10-4-0.pt,0.013990500364894121,0.04809603717633522
10-40-0.pt,0.11669490028295379,0.1435422435689321
10-41-0.pt,0.12055487689422312,0.15245515599765935
10-42-0.pt,0.18414902001875666,0.15903200110413473
10-43-0.pt,0.18721732272301378,0.16673817273766992
10-44-0.pt,0.18267973753190708,0.17409364364111918
10-45-0.pt,0.17076471156280462,0.16874763375145244
10-46-0.pt,0.18403422308404183,0.1651481947129338
10-47-0.pt,0.18323541497301782,0.16894432792438047
10-48-0.pt,0.1613367993660152,0.1726365284574009
10-49-0.pt,0.13115703743586288,0.1738359540468237
10-5-0.pt,0.031324096288942865,0.03061134858319767
10-50-0.pt,0.19628559629569653,0.1459896417014684
10-6-0.pt,0.024585294646869798,0.03156953027729031
10-7-0.pt,0.008706167545966344,0.03190497195668704
10-8-0.pt,0.033814522880819244,0.04234945172899935
10-9-0.pt,0.09701723059339772,0.0467698653990317
11-10-0.pt,0.06116834152799064,0.07797740127755576
11-11-0.pt,0.06372857953022831,0.05722152719732719
11-12-0.pt,0.07395694850957345,0.061225372352527514
11-13-0.pt,0.06344584692714657,0.0666624533275391
11-14-0.pt,0.07382312112266542,0.07286860845453773
11-15-0.pt,0.07217777389952129,0.10630549885443928
11-16-0.pt,0.13861788563457866,0.07500167142610992
11-17-0.pt,0.07867064549740464,0.09316586789705442
11-18-0.pt,0.0871186110419612,0.09269542049224165
11-19-0.pt,0.08737083965695586,0.09227374859174996
11-2-0.pt,0.3105204015819852,0.18565731560586085
11-20-0.pt,0.08507370674917245,0.09597218178135888
11-21-0.pt,0.09237738124214612,0.09691376953023652
11-22-0.pt,0.14188336512409533,0.10124903610465323
11-23-0.pt,0.09642967415045621,0.13300581184413368
11-24-0.pt,0.0981170787953927,0.1263044537059394
11-25-0.pt,0.1003907220570631,0.13604865982710249
11-26-0.pt,0.1672669022793343,0.1283014687552126
11-27-0.pt,0.1685270925010378,0.11823229056291773
11-28-0.pt,0.10591465941144823,0.12127385627496541
11-29-0.pt,0.10674851618429948,0.11130306241973896
11-3-0.pt,0.20504262733821638,0.19716808072550235
11-30-0.pt,0.10998742770403139,0.11311962906186984
11-31-0.pt,0.11127580241605822,0.11732804100395533
11-32-0.pt,0.11273795231483391,0.1202718736044352
11-33-0.pt,0.11449505461347939,0.11772946103259428
11-34-0.pt,0.11518432337966918,0.12270987880537762
11-35-0.pt,0.11523845643273278,0.12626905425278534
11-36-0.pt,0.1194986786530918,0.13919828992458785
11-37-0.pt,0.18659107756914947,0.12680688117191066
11-38-0.pt,0.16531231421701864,0.14922521785665807
11-39-0.pt,0.12407374744453184,0.15192845655218232
11-4-0.pt,0.17065320024483996,0.08856349768170087
11-40-0.pt,0.17687349341087064,0.14271121615438792
11-41-0.pt,0.12684798311860185,0.1555746976980378
11-42-0.pt,0.1289356952598247,0.17092192148044974
11-43-0.pt,0.19326563043223227,0.14588144020698815
11-44-0.pt,0.1312750013391176,0.17925318917510996
11-45-0.pt,0.19724324093917897,0.14956682953083725
11-46-0.pt,0.13567425687449094,0.16781590310968922
11-47-0.pt,0.13608375903031752,0.16892344445046262
11-48-0.pt,0.2020801331806496,0.14278123001801557
11-49-0.pt,0.13598251919897592,0.15603480659272576
11-5-0.pt,0.053130800989396765,0.12847079191592814
11-50-0.pt,0.13724466024431464,0.15605592457328826
11-6-0.pt,0.030460035406602436,0.07774160992226029
11-7-0.pt,0.028747699017379405,0.05103344625948352
11-8-0.pt,0.043295416182747,0.05499078416935564
11-9-0.pt,0.06472809965893815,0.0737609397247091
12-10-0.pt,0.06659092522515075,0.06876456945329289
12-11-0.pt,0.0267384882432993,0.08494132501376547
12-12-0.pt,0.05469766091923757,0.07873054748189658
12-13-0.pt,0.07256631381302625,0.11212770687821677
12-14-0.pt,0.13697866739061496,0.08295401252465308
12-15-0.pt,0.08256079504950664,0.10228176268952029
12-16-0.pt,0.08856383605155854,0.08821283917250224
12-17-0.pt,0.09458165314914323,0.09933320991716448
12-18-0.pt,0.09545429759986788,0.10355791126002332
12-19-0.pt,0.09370558748311898,0.10171138042668662
12-2-0.pt,0.31689196228456884,0.2956255574617341
12-20-0.pt,0.09695056293456256,0.12523499730260615
12-21-0.pt,0.16186271979396855,0.12512652958110554
12-22-0.pt,0.1648487426938084,0.14088724413754175
12-23-0.pt,0.1674019838454535,0.13264312628132793
12-24-0.pt,0.10393606971273772,0.13576468673406367
12-25-0.pt,0.10322351440362489,0.12935072923650065
12-26-0.pt,0.10831914349088374,0.11801576981694296
12-27-0.pt,0.110069049810749,0.11900481167045113
12-28-0.pt,0.1101845388609167,0.12684438667794953
12-29-0.pt,0.14578729416102693,0.1153847113088372
12-3-0.pt,0.3673316229038335,0.25748372768971406
12-30-0.pt,0.11446818281401488,0.13185919494541828
12-31-0.pt,0.11674078316457631,0.12642799605309696
12-32-0.pt,0.12078100500461983,0.12122660662960406
12-33-0.pt,0.11914883005796566,0.13121060896929257
12-34-0.pt,0.12320098236117538,0.1473407203167796
12-35-0.pt,0.17040789514914484,0.12779397506268006
12-36-0.pt,0.12474601454458811,0.151439723877704
12-37-0.pt,0.12607426437362287,0.14104524115353792
12-38-0.pt,0.1277944203003501,0.15242342211134638
12-39-0.pt,0.19415177073565096,0.15436674210197474
12-4-0.pt,0.2160432583726402,0.24061721673298378
12-40-0.pt,0.13273220450756212,0.1618729603516553
12-41-0.pt,0.1906517037689526,0.1657626135304262
12-42-0.pt,0.1997588152631862,0.1701675839794988
12-43-0.pt,0.20087752562262534,0.17064096969343456
12-44-0.pt,0.19830055639940208,0.18114851455681266
12-45-0.pt,0.2034196741575361,0.17248701770354982
12-46-0.pt,0.14186694130820732,0.16491803708743566
12-47-0.pt,0.14242618507537205,0.16125734034235523
12-48-0.pt,0.14341369266108606,0.16302721830634967
12-49-0.pt,0.14554130723921108,0.16164496788729732
12-5-0.pt,0.356382772694354,0.1828641687771352
12-50-0.pt,0.14761434312049515,0.15960341464708838
12-6-0.pt,0.0746411547920367,0.19187073218215764
12-7-0.pt,0.1461893850115919,0.16850605477019162
12-8-0.pt,0.03280514506890671,0.14432970806410692
12-9-0.pt,0.20391780413932686,0.0799866740622432
13-10-0.pt,0.15783809089372292,0.15879454093467182
13-11-0.pt,0.08688326904950977,0.16233600909758186
13-12-0.pt,0.2281682067179171,0.11224665238570163
13-13-0.pt,0.0943114159858559,0.16178479698969112
13-14-0.pt,0.0888088419187318,0.13915830957669437
13-15-0.pt,0.091576724822152,0.13253332615274643
13-16-0.pt,0.16423988213757024,0.11308824726312902
13-17-0.pt,0.09061584214501817,0.13607355562428314
13-18-0.pt,0.19311459233955836,0.1218528164691061
13-19-0.pt,0.17033989847541003,0.13382752005758977
13-2-0.pt,0.33458653497167434,0.3116464481935077
13-20-0.pt,0.10836592520312466,0.14647848107651879
13-21-0.pt,0.10492373969413003,0.14363267949774378
13-22-0.pt,0.1777024408094928,0.14422991003390795
13-23-0.pt,0.17634263077488366,0.1531028196102127
13-24-0.pt,0.1730885958984242,0.1396404266048806
13-25-0.pt,0.10983469604755554,0.15480196668532142
13-26-0.pt,0.17708521648315742,0.12244495877848668
13-27-0.pt,0.11476740762215996,0.14204812104218245
13-28-0.pt,0.11618169420655786,0.13792289916401823
13-29-0.pt,0.12298504748813428,0.13188794635045917
13-3-0.pt,0.2500147007028912,0.3425722586286482
13-30-0.pt,0.12015745411802356,0.14968671272671125
13-31-0.pt,0.19766069176750473,0.151113551436067
13-32-0.pt,0.12150912912444486,0.1746712139144859
13-33-0.pt,0.18894745700372603,0.1525982276241602
13-34-0.pt,0.12797794952383024,0.15883102264390378
13-35-0.pt,0.13189562303377772,0.1524914526563459
13-36-0.pt,0.19861438540823972,0.14614383321541502
13-37-0.pt,0.13468255051156036,0.1641358633354732
13-38-0.pt,0.13299447174602663,0.15753033020446425
13-39-0.pt,0.20325764760594928,0.15928651497307753
13-4-0.pt,0.3672216672248227,0.2837463403055904
13-40-0.pt,0.1383451024476877,0.17647326960436266
13-41-0.pt,0.13949252347852786,0.16441767994858025
13-42-0.pt,0.20481890998521374,0.16156304249906103
13-43-0.pt,0.1435167437310651,0.19214367136706886
13-44-0.pt,0.20743353849753854,0.17763246448925685
13-45-0.pt,0.2107849519227616,0.1756233779484599
13-46-0.pt,0.18465510448078548,0.17625018899424652
13-47-0.pt,0.16190034247239754,0.17025482090936447
13-48-0.pt,0.15226522082507943,0.1648522046503438
13-49-0.pt,0.1510239670238986,0.16256411409545693
13-5-0.pt,0.3266574653163082,0.3007060477435326
13-50-0.pt,0.15389685425373117,0.16798980472800823
13-6-0.pt,0.16176376369074835,0.2101668379018064
13-7-0.pt,0.24675479061240727,0.1760963385655514
13-8-0.pt,0.19758873378669378,0.17014137848875655
13-9-0.pt,0.09918250938673516,0.18255556319721558
14-10-0.pt,0.08562232702215564,0.2393142417414614
14-11-0.pt,0.24761758926751432,0.2034630709795464
14-12-0.pt,0.24853159300920769,0.16856277283487708
14-13-0.pt,0.13941008562947632,0.1957111203428386
14-14-0.pt,0.09769109143111647,0.1658992117622049
14-15-0.pt,0.18283143916085715,0.16515799455336538
14-16-0.pt,0.13638670468256225,0.17590252777989324
14-17-0.pt,0.15448043541791054,0.20392299056625962
14-18-0.pt,0.2152762619550951,0.15976972971204922
14-19-0.pt,0.20292802374617422,0.16377474592134367
14-2-0.pt,0.31842773065110447,0.3108640580848411
14-20-0.pt,0.1415446961306674,0.1578613696888104
14-21-0.pt,0.1104827992809487,0.1741964980520369
14-22-0.pt,0.1773702358947596,0.16527434988898246
14-23-0.pt,0.2058281772272741,0.15864490978885415
14-24-0.pt,0.11827669071970935,0.15307297990765945
14-25-0.pt,0.11931640508026314,0.14811589666917035
14-26-0.pt,0.11923302791952997,0.15047619129770165
14-27-0.pt,0.1284700738662472,0.14081986190012613
14-28-0.pt,0.1272813652786979,0.14379594292172873
14-29-0.pt,0.12971794930748567,0.17316071500914376
14-3-0.pt,0.37156106750290036,0.3207768269831328
14-30-0.pt,0.19113902473327937,0.16246211330700056
14-31-0.pt,0.17910830755089185,0.17736528499531895
14-32-0.pt,0.34778084910602847,0.17526343548717443
14-33-0.pt,0.2047430313322341,0.1847847003232552
14-34-0.pt,0.1393925430292246,0.17457681238626077
14-35-0.pt,0.13890375578233258,0.16484985101274577
14-36-0.pt,0.19330814261731774,0.15880762054300807
14-37-0.pt,0.14658117662683678,0.1740806293845785
14-38-0.pt,0.18925173086746383,0.16051040275861816
14-39-0.pt,0.15008637564681687,0.1686874547516794
14-4-0.pt,0.33877584464217003,0.32784977865343434
14-40-0.pt,0.15274765243479602,0.16463501258192692
14-41-0.pt,0.1465780499077946,0.17238437304613402
14-42-0.pt,0.15582396600488133,0.18542618257648458
14-43-0.pt,0.2153655867098836,0.1716558164210662
14-44-0.pt,0.15602404686822102,0.19473705148943415
14-45-0.pt,0.16802373189482728,0.1783043936486001
14-46-0.pt,0.23104053340245279,0.1892597222434914
14-47-0.pt,0.22032356226946037,0.18854457921139922
14-48-0.pt,0.15685670368927185,0.20294336923045037
14-49-0.pt,0.20568241017946465,0.19348360969162515
14-5-0.pt,0.40616593753131963,0.29971081264551236
14-50-0.pt,0.23611453237393742,0.20862959563294445
14-6-0.pt,0.16511864641614404,0.281760259752301
14-7-0.pt,0.17003562674413292,0.24951251940896957
14-8-0.pt,0.2885991461622486,0.20373285412849002
14-9-0.pt,0.19515483386116808,0.2307942426789739
15-10-0.pt,0.15137877380965042,0.3780154247194917
15-11-0.pt,0.08787819446595549,0.3389697508216667
15-12-0.pt,0.43886345561938545,0.2705072593632816
15-13-0.pt,0.46119297752717414,0.32016514847645033
15-14-0.pt,0.3002477540556311,0.3299814490626778
15-15-0.pt,0.41495859904153537,0.2870057493192986
15-16-0.pt,0.1908939233385495,0.33634360942998076
15-17-0.pt,0.354649484540759,0.36863405339217026
15-18-0.pt,0.5978261777207825,0.2650990963540076
15-19-0.pt,0.2257952801495049,0.36629662090447834
15-2-0.pt,0.3008371174166064,0.34102781979034874
15-20-0.pt,0.3811640950722837,0.2248438047666193
15-21-0.pt,0.18207302636671363,0.22764284306268967
15-22-0.pt,0.15604452781427358,0.2275886936623166
15-23-0.pt,0.16820214435576664,0.17104190382738985
15-24-0.pt,0.1542409268297259,0.17876879264105183
15-25-0.pt,0.14497293284375606,0.19116955859225074
15-26-0.pt,0.1624894339325396,0.1925481020488073
15-27-0.pt,0.1957821133061094,0.16515752999371786
15-28-0.pt,0.1411498050359757,0.2289169431887276
15-29-0.pt,0.4161511567012292,0.17333015727721526
15-3-0.pt,0.359255949232284,0.353698676240204
15-30-0.pt,0.14440313659965331,0.2680292731948899
15-31-0.pt,0.22836315073851574,0.20033343220724098
15-32-0.pt,0.23540872373323657,0.20136506491776482
15-33-0.pt,0.14578440730501155,0.21196002706790487
15-34-0.pt,0.23181008215432214,0.19608752899534154
15-35-0.pt,0.16592878145389045,0.19034375538864726
15-36-0.pt,0.19641410469203016,0.1864030983843435
15-37-0.pt,0.27883397078109434,0.1779637466797215
15-38-0.pt,0.16339977804595313,0.1962857488079624
15-39-0.pt,0.15362793092160956,0.19403975488136369
15-4-0.pt,0.35166236032081616,0.31391368341026554
15-40-0.pt,0.1532704707948088,0.2001724964025731
15-41-0.pt,0.23197386339492668,0.20914714341308807
15-42-0.pt,0.2301405875815863,0.19625056298932303
15-43-0.pt,0.16365937647385262,0.2086367571643666
15-44-0.pt,0.16244578648514474,0.2013116524577564
15-45-0.pt,0.16018281286324493,0.21117406312093198
15-46-0.pt,0.20226879045321064,0.2357701015014887
15-47-0.pt,0.3720847300514605,0.19847552265425292
15-48-0.pt,0.18625677319933148,0.28227603238720705
15-49-0.pt,0.21094725290054825,0.2545753718476833
15-5-0.pt,0.33601255793775237,0.3110850692320486
15-50-0.pt,0.23492912755813156,0.23019970245060534
15-6-0.pt,0.3297900115950224,0.28384133313372756
15-7-0.pt,0.36532099225035203,0.28942579452429257
15-8-0.pt,0.345556433387686,0.29532992651271023
15-9-0.pt,0.3756975787976452,0.39681886543369904
16-10-0.pt,0.6963193503073589,0.30361305959939594
16-11-0.pt,0.19207693672108705,0.34463714963285536
16-12-0.pt,0.14038424179807663,0.3130603643156568
16-13-0.pt,0.40591944174546385,0.3296837738109208
16-14-0.pt,0.4730229317396646,0.3433458698222645
16-15-0.pt,0.3505680716171687,0.31767104116902134
16-16-0.pt,0.1927058930409235,0.35205809283446715
16-17-0.pt,0.39212845620691644,0.36818973366995017
16-18-0.pt,0.3293449551755743,0.36953178500597533
16-19-0.pt,0.2660667424520554,0.29458569870355866
16-2-0.pt,0.3540336177981457,0.3381509418296458
16-20-0.pt,0.1996245965373643,0.3153123152967674
16-21-0.pt,0.33454791607393536,0.35281385790437564
16-22-0.pt,0.4994010680281402,0.29006099721599954
16-23-0.pt,0.26189374694798456,0.3552728720878027
16-24-0.pt,0.17890252348824717,0.2873559353817863
16-25-0.pt,0.2095006453801709,0.28897030734511053
16-26-0.pt,0.3159519209818695,0.27394514050712426
16-27-0.pt,0.18255062844463243,0.2554514285323283
16-28-0.pt,0.15116854530318524,0.26275548317028563
16-29-0.pt,0.37345863758705644,0.25964208473890127
16-3-0.pt,0.37508525883172433,0.3428282074353696
16-30-0.pt,0.27002120693718423,0.275242013919841
16-31-0.pt,0.22194299768012304,0.28493333501086954
16-32-0.pt,0.40668839266519313,0.3058046494263405
16-33-0.pt,0.3773446197497884,0.287075491830142
16-34-0.pt,0.2150922238122833,0.21997839222012203
16-35-0.pt,0.1621763352197383,0.2341773135948692
16-36-0.pt,0.16073318771057907,0.22343127996923068
16-37-0.pt,0.17831189070618642,0.21156512030688346
16-38-0.pt,0.16606355584118399,0.27144559218532216
16-39-0.pt,0.30432100232759585,0.19072997374162454
16-4-0.pt,0.2521242912824634,0.3366353306007387
16-40-0.pt,0.5856019616785211,0.19887246157748956
16-41-0.pt,0.230392047220158,0.2159391675817161
16-42-0.pt,0.180309543343837,0.221361025579712
16-43-0.pt,0.2186914742983232,0.25169027789202897
16-44-0.pt,0.26024152971011527,0.24883483707166187
16-45-0.pt,0.18947408339168453,0.2889952602038946
16-46-0.pt,0.40959386809099024,0.21234397452260131
16-47-0.pt,0.39110754325469127,0.2178021212355776
16-48-0.pt,0.21187624096375363,0.30949583888268734
16-49-0.pt,0.21063327260529346,0.28589488031682975
16-5-0.pt,0.20486500395739504,0.3376525888613389
16-50-0.pt,0.21174397931207195,0.272557015548909
16-6-0.pt,0.3309638623523728,0.29300617610526064
16-7-0.pt,0.31075625761921466,0.34934723391925515
16-8-0.pt,0.31062145921489825,0.3606611749520603
16-9-0.pt,0.6172534491101865,0.332547965827493
17-10-0.pt,0.29241523153506443,0.2311058376855618
17-11-0.pt,0.2548004715387386,0.2456716096065128
17-12-0.pt,0.2009344539599629,0.2547835428656156
17-13-0.pt,0.19890282417159538,0.3480826337916691
17-14-0.pt,0.6059933854146154,0.2892982670951316
17-15-0.pt,0.1895087081221008,0.43316725750820323
17-16-0.pt,0.5278749757243132,0.373187332852413
17-17-0.pt,0.5494132526178043,0.44064110792135097
17-18-0.pt,0.44858864703690976,0.38081545997203
17-19-0.pt,0.5015307960195142,0.3596802655366361
17-2-0.pt,0.35166213550283026,0.36082099312999044
17-20-0.pt,0.2802036607795282,0.41693352658078847
17-21-0.pt,0.2928707796904892,0.4925272731266307
17-22-0.pt,0.7039897314331014,0.38261589735758944
17-23-0.pt,0.5391940251701618,0.3790250897296309
17-24-0.pt,0.33055934359937306,0.4432505004021328
17-25-0.pt,0.5184954988278826,0.35061630925876436
17-26-0.pt,0.22468894100005343,0.38404240631265213
17-27-0.pt,0.29287952440750453,0.3400418864865732
17-28-0.pt,0.2896631697228832,0.3512973605950431
17-29-0.pt,0.45274592115959694,0.3600149207786125
17-3-0.pt,0.3666638050908356,0.37520641876390554
17-30-0.pt,0.340068999381289,0.35453612870574347
17-31-0.pt,0.2998443852302566,0.35621503044984293
17-32-0.pt,0.3048269128501904,0.350475337554961
17-33-0.pt,0.3680913494213791,0.35221626384385596
17-34-0.pt,0.3637374491484922,0.3399956741330542
17-35-0.pt,0.3560571323842501,0.3278584014780542
17-36-0.pt,0.36281207970298013,0.31378466655578946
17-37-0.pt,0.3876764605597805,0.32774365459208155
17-38-0.pt,0.18521342830908677,0.30424795995677634
17-39-0.pt,0.21730784147052112,0.27362973071110036
17-4-0.pt,0.3961520759400465,0.3818776428813929
17-40-0.pt,0.29600668431793115,0.2773532993331994
17-41-0.pt,0.24794730975718582,0.2726685184796685
17-42-0.pt,0.20163896874916698,0.2701532355720978
17-43-0.pt,0.272061289769482,0.2902296432076082
17-44-0.pt,0.23649068595460893,0.28495402546433846
17-45-0.pt,0.3691435813168294,0.29696346851686367
17-46-0.pt,0.41009057119775083,0.3014834140448714
17-47-0.pt,0.2724926076319818,0.37635331612148626
17-48-0.pt,0.4031176762962475,0.276829895994423
17-49-0.pt,0.23181646120954882,0.3493064631696171
17-5-0.pt,0.3721328647561654,0.32521361103003205
17-50-0.pt,0.2999383747540194,0.32137010830514784
17-6-0.pt,0.33171872771625127,0.33767800340053855
17-7-0.pt,0.35670624917036536,0.34068558827254664
17-8-0.pt,0.3562695725923656,0.35296803259281695
17-9-0.pt,0.20597865296284096,0.3484574022420662
18-10-0.pt,0.15127658795762877,0.2492848540537084
18-11-0.pt,0.20070326797718246,0.28932822924455387
18-12-0.pt,0.24407344667486564,0.2721781974620294
18-13-0.pt,0.28635209816363155,0.26924623467543324
18-14-0.pt,0.21570205210665838,0.36602087399179023
18-15-0.pt,0.20298153277607306,0.40439943245190896
18-16-0.pt,0.5545822010176212,0.36493602802437936
18-17-0.pt,0.19542620876214584,0.4190440616066768
18-18-0.pt,0.3416499733141563,0.46703432060852035
18-19-0.pt,0.22121524789452296,0.43601677810551254
18-2-0.pt,0.3599987716752342,0.36527743789371914
18-20-0.pt,0.38341572688779624,0.3792755884297386
18-21-0.pt,0.37076512375992443,0.38359856255331026
18-22-0.pt,0.2875958526350252,0.5068984412991863
18-23-0.pt,0.4522371017359845,0.436934334312121
18-24-0.pt,0.5872432455971964,0.361907459461975
18-25-0.pt,0.40198441080041536,0.3366659153836164
18-26-0.pt,0.3245545158561751,0.379001153741728
18-27-0.pt,0.29266229558742096,0.399960563601949
18-28-0.pt,0.6010372041233342,0.424464832451902
18-29-0.pt,0.5495978200393795,0.43433625876989285
18-3-0.pt,0.3998902560804642,0.3849795599643688
18-30-0.pt,0.5168052911442998,0.40659477375280845
18-31-0.pt,0.3031943716950832,0.39167264036277105
18-32-0.pt,0.2993554293904046,0.37753767940796207
18-33-0.pt,0.36165036505477316,0.4434875610616934
18-34-0.pt,0.27886687616581723,0.45104417671071967
18-35-0.pt,0.46683759451338414,0.37141507371424926
18-36-0.pt,0.40360097658294597,0.5034571476229611
18-37-0.pt,0.7189190599869512,0.37188983705238166
18-38-0.pt,0.3487731687264787,0.46937300269248566
18-39-0.pt,0.33326256204261495,0.4772330279102437
18-4-0.pt,0.43164973487969266,0.3844223702953308
18-40-0.pt,0.45227303421244786,0.37657341711243114
18-41-0.pt,0.316530652246183,0.4782330293755045
18-42-0.pt,0.2756558689156864,0.48525763147416
18-43-0.pt,0.5699548097011582,0.4599415144627853
18-44-0.pt,0.5688495109523447,0.4899078655687981
18-45-0.pt,0.5136489926611809,0.5728159588614722
18-46-0.pt,0.7009555414387633,0.5154640647862487
18-47-0.pt,0.6670601507266367,0.5960000815561184
18-48-0.pt,0.2708996257011075,0.569818017626275
18-49-0.pt,0.5158676602437733,0.4876155316014785
18-5-0.pt,0.3497954604289059,0.3652279453873263
18-50-0.pt,0.5659990006872568,0.5037064300991827
18-6-0.pt,0.3465297129050113,0.34371906770038085
18-7-0.pt,0.34087958631715953,0.3587518649947419
18-8-0.pt,0.3298145501852778,0.33330023350228416
18-9-0.pt,0.1537488920591274,0.29694267592805274
19-10-0.pt,0.3467693754231744,0.27913784685128246
19-11-0.pt,0.3656645350617678,0.30233178293219726
19-12-0.pt,0.4520365342125006,0.2983588172915478
19-13-0.pt,0.20796818420676094,0.3620607614738318
19-14-0.pt,0.35517887117218133,0.3470205634489365
19-15-0.pt,0.45929765568726594,0.3506311482056048
19-16-0.pt,0.2357594554572282,0.373473030438084
19-17-0.pt,0.5451120138050024,0.37565778398068395
19-18-0.pt,0.6607878517124649,0.3860466973783708
19-19-0.pt,0.31983770823606017,0.3967282894722512
19-2-0.pt,0.37041438056949405,0.35731745880804494
19-20-0.pt,0.35791460492380556,0.3934963447593618
19-21-0.pt,0.6278179743382826,0.37710550369841134
19-22-0.pt,0.5758785857648604,0.3684905902294769
19-23-0.pt,0.24249318344793447,0.4139730040311943
19-24-0.pt,0.3186879794159698,0.37271864350962153
19-25-0.pt,0.24676203717219247,0.43030597476732196
19-26-0.pt,0.44867292256652863,0.43144457870431824
19-27-0.pt,0.39109189468132843,0.4318588761177558
19-28-0.pt,0.3311752106287151,0.44442352184468176
19-29-0.pt,0.5010640704611081,0.4161069290122342
19-3-0.pt,0.40410993196226996,0.3965376539530052
19-30-0.pt,0.5148946192004727,0.4209235997223076
19-31-0.pt,0.36269875732844686,0.44388465131514615
19-32-0.pt,0.5360737294064346,0.4865375126248724
19-33-0.pt,0.5719689501176662,0.48658164533859377
19-34-0.pt,0.49160936456131227,0.45572046524584625
19-35-0.pt,0.6522127789409696,0.4466206829575355
19-36-0.pt,0.254121734677162,0.5202244444174955
19-37-0.pt,0.6954525580953332,0.4448862763192437
19-38-0.pt,0.48855030913356484,0.5221512661300827
19-39-0.pt,0.6996241611941343,0.5410788206350803
19-4-0.pt,0.4071715747326621,0.4063720679674385
19-40-0.pt,0.7219871055616482,0.504446141000123
19-41-0.pt,0.5557775197734708,0.4672030781555954
19-42-0.pt,0.2717665987412634,0.5094375381325557
19-43-0.pt,0.4395507472448879,0.4754726039783887
19-44-0.pt,0.3865876664208296,0.5162494035493452
19-45-0.pt,0.3223057774894364,0.5340476914047758
19-46-0.pt,0.3523479235214798,0.6031608296239563
19-47-0.pt,0.7296101735289742,0.49126546163890195
19-48-0.pt,0.5863140893089316,0.6169931044768423
19-49-0.pt,0.6136914668371202,0.4860470804798564
19-5-0.pt,0.3486405330817632,0.37472696623297985
19-50-0.pt,0.45514491242994726,0.5631263211367362
19-6-0.pt,0.3356695136721193,0.3722053169980579
19-7-0.pt,0.48886434147202673,0.3229982328059935
19-8-0.pt,0.340422075452683,0.30689162006258625
19-9-0.pt,0.37030970558901816,0.2672760368512428
2-10-0.pt,0.02529318883429234,0.006103224412270475
2-11-0.pt,0.0,0.016512751638903585
2-12-0.pt,0.013975835467284077,0.011714813422385948
2-13-0.pt,0.014933629543637096,0.01548426058250713
2-14-0.pt,0.020852579284091795,0.018313470607712122
2-15-0.pt,0.016887948269720846,0.02302351724004429
2-16-0.pt,0.028434880084572327,0.014866282382805653
2-17-0.pt,0.0,0.025999457322806868
2-18-0.pt,0.02195373134199609,0.017098214103452032
2-19-0.pt,0.02389816730062912,0.019912957999496383
2-2-0.pt,0.0,0.015311900520213306
2-20-0.pt,0.022901223660702325,0.022450818178679107
2-21-0.pt,0.023480766194707903,0.026089434159008974
2-22-0.pt,0.04124227685312465,0.017694405260696572
2-23-0.pt,0.02588061158935516,0.017767948484851203
2-24-0.pt,0.0,0.02777882943574996
2-25-0.pt,0.03159445979340945,0.02622055589453701
2-26-0.pt,0.027408520888441985,0.01970690041865491
2-27-0.pt,0.030626965486465287,0.018311679166036078
2-28-0.pt,0.035043124696949944,0.014862336955089137
2-29-0.pt,0.0,0.03224025130516739
2-3-0.pt,0.0,0.009260615706245463
2-30-0.pt,0.030332507045013547,0.022002210727594486
2-31-0.pt,0.02520413280168562,0.0292785277596404
2-32-0.pt,0.03526507975024281,0.020707680003279237
2-33-0.pt,0.026294487199266088,0.019219229414455294
2-34-0.pt,0.0020653737162816895,0.025861908906578773
2-35-0.pt,0.01695800726009723,0.024796559878321734
2-36-0.pt,0.02960186125354232,0.03713897386465552
2-37-0.pt,0.06014299476050006,0.03960452883830953
2-38-0.pt,0.06828171738015794,0.05314796171972964
2-39-0.pt,0.058742136046531175,0.056687640615691245
2-4-0.pt,0.0,0.005448287850765891
2-40-0.pt,0.048494166368206665,0.05299160975558125
2-41-0.pt,0.043886869197240254,0.057325996725709656
2-42-0.pt,0.061702271080268524,0.04986127325220199
2-43-0.pt,0.044041624983729245,0.05600455925547763
2-44-0.pt,0.0714144918097504,0.05093563349831814
2-45-0.pt,0.0431252291861618,0.053017550270928714
2-46-0.pt,0.052654331767565746,0.061909738444876086
2-47-0.pt,0.06683060768384276,0.06538609604907944
2-48-0.pt,0.0930674863198526,0.06003229659728457
2-49-0.pt,0.06518368061980967,0.06266909834646928
2-5-0.pt,0.0,0.00412245855892738
2-50-0.pt,0.03714324294137289,0.06512039851227781
2-6-0.pt,0.0012161901486913173,0.009909466952560024
2-7-0.pt,0.008042544029565854,0.011054312589333476
2-8-0.pt,0.008007256046922559,0.01103507804985854
2-9-0.pt,0.005036647650993944,0.014306916133415629
20-10-0.pt,0.20251299503971015,0.3593347945206217
20-11-0.pt,0.21603355533821178,0.3480165053932173
20-12-0.pt,0.3746190098000856,0.35324654201668226
20-13-0.pt,0.3558579764946258,0.34234430969824364
20-14-0.pt,0.49336196508657887,0.3748374267214939
20-15-0.pt,0.2737218904392142,0.3749887437993047
20-16-0.pt,0.3301534332906087,0.3494117702152558
20-17-0.pt,0.39895741496438203,0.4697137160410194
20-18-0.pt,0.5843242075779869,0.37403391589918294
20-19-0.pt,0.3021309205451931,0.3956336509877574
20-2-0.pt,0.34714241385158134,0.3553060740347026
20-20-0.pt,0.40364294641541093,0.4030120687631876
20-21-0.pt,0.23769260801376602,0.43294136883838213
20-22-0.pt,0.26858655177660123,0.3634729982963321
20-23-0.pt,0.4454549482705571,0.33285602957635313
20-24-0.pt,0.49535451371184397,0.3471625589221797
20-25-0.pt,0.6611603640493036,0.38445044218574964
20-26-0.pt,0.5128130881225949,0.4280144430192955
20-27-0.pt,0.2965993400841274,0.4244237114892356
20-28-0.pt,0.36857847852520215,0.423244634555368
20-29-0.pt,0.35433407018162083,0.41443895634505457
20-3-0.pt,0.40151977619350376,0.40393437722464803
20-30-0.pt,0.4637133996223602,0.49260248445637606
20-31-0.pt,0.5787003171927413,0.447043032915596
20-32-0.pt,0.5485807118502176,0.4590532031146075
20-33-0.pt,0.5579723933715345,0.5228354362842664
20-34-0.pt,0.28639823698920763,0.4891357748429685
20-35-0.pt,0.31274079841655383,0.4957883131437343
20-36-0.pt,0.5445821706717506,0.4625338769579755
20-37-0.pt,0.45592236491639804,0.4979927200768507
20-38-0.pt,0.37200988613422,0.45303093605445127
20-39-0.pt,0.3131471460170743,0.482895883653128
20-4-0.pt,0.4040887593961139,0.4060422914392833
20-40-0.pt,0.4403561863891898,0.5187266256525362
20-41-0.pt,0.709020647819059,0.44373100136799176
20-42-0.pt,0.46754896853943245,0.45756388949624077
20-43-0.pt,0.4441205639027313,0.46358096723018777
20-44-0.pt,0.5227702562588807,0.41510811269910175
20-45-0.pt,0.37961243302283176,0.5165423420735881
20-46-0.pt,0.6472991630640043,0.4545608661109958
20-47-0.pt,0.45998193890513234,0.5108114420269539
20-48-0.pt,0.5793945483534325,0.4598004186368141
20-49-0.pt,0.2752802610421139,0.5527170447927024
20-5-0.pt,0.38497974632109666,0.39137127372711317
20-50-0.pt,0.5612551855975777,0.4477771420591742
20-6-0.pt,0.3937397206455444,0.3753253272177398
20-7-0.pt,0.23010494618497224,0.3896877418520644
20-8-0.pt,0.36376581116559403,0.2964250384982386
20-9-0.pt,0.20171191292450952,0.31963889489540215
21-10-0.pt,0.5114015060176106,0.28825686286169966
21-11-0.pt,0.4431654453309814,0.3275868330094032
21-12-0.pt,0.21425199740218626,0.353554473419451
21-13-0.pt,0.2833520031263031,0.32654804119189546
21-14-0.pt,0.4457530006206399,0.35705821497491147
21-15-0.pt,0.3031956067613982,0.3834657316238359
21-16-0.pt,0.508566775648335,0.37500398437475574
21-17-0.pt,0.3597006159499474,0.44239595362092415
21-18-0.pt,0.3709977361852267,0.46344089687063267
21-19-0.pt,0.35682062261433095,0.37227772789541363
21-2-0.pt,0.344643930634041,0.3637603109986845
21-20-0.pt,0.31196328342519136,0.33340961904277466
21-21-0.pt,0.23459808542756427,0.3467441330884437
21-22-0.pt,0.2781772850935949,0.41095174660281514
21-23-0.pt,0.4513103830205403,0.34961762466340773
21-24-0.pt,0.3557426942683179,0.4731702439436929
21-25-0.pt,0.2715647840960567,0.47620289446917213
21-26-0.pt,0.2610416735242777,0.47477334266523297
21-27-0.pt,0.571691114147759,0.41513928790430665
21-28-0.pt,0.399448262444347,0.4757829858130179
21-29-0.pt,0.596374999413593,0.4269804579497714
21-3-0.pt,0.379549782553517,0.4152715904770819
21-30-0.pt,0.37205334549371577,0.5127222613450452
21-31-0.pt,0.46649101723617453,0.5139043019623896
21-32-0.pt,0.5908487864990759,0.5057698048435751
21-33-0.pt,0.6875415418634085,0.5282592197049831
21-34-0.pt,0.5977641094732238,0.5384863051813196
21-35-0.pt,0.6139293998739047,0.5221589891188892
21-36-0.pt,0.630904741520415,0.5026450168850897
21-37-0.pt,0.4083524112315247,0.5011369178109797
21-38-0.pt,0.30844663542106665,0.45552364738585366
21-39-0.pt,0.34454704418184817,0.43393818998570133
21-4-0.pt,0.41236475027494884,0.4062976756983093
21-40-0.pt,0.5390337581877213,0.4196449230542928
21-41-0.pt,0.34183084254750634,0.4752184163618216
21-42-0.pt,0.44093230134133743,0.4509260822882222
21-43-0.pt,0.5750007442092578,0.46785350562556594
21-44-0.pt,0.31385604451143784,0.4780282271813625
21-45-0.pt,0.47910419977143187,0.44337761962595124
21-46-0.pt,0.5974317591231746,0.49044732777951644
21-47-0.pt,0.43099814571070433,0.5398319077203623
21-48-0.pt,0.5039900595849152,0.5621498178808546
21-49-0.pt,0.5569104644602252,0.5412122494293898
21-5-0.pt,0.4107367032043991,0.3894637288503565
21-50-0.pt,0.45917939874655217,0.4944073712277985
21-6-0.pt,0.38146126295327176,0.3704936587482273
21-7-0.pt,0.3065265383217881,0.33616003306548775
21-8-0.pt,0.20880546261843397,0.30249013461092195
21-9-0.pt,0.3417222398470765,0.3090298150555216
22-10-0.pt,0.28674102613043584,0.3141098739509911
22-11-0.pt,0.38023256256181287,0.36574557743798153
22-12-0.pt,0.2802041778498562,0.38725029190914795
22-13-0.pt,0.23406757481050205,0.3736018561665138
22-14-0.pt,0.37480188089034255,0.3757656451649635
22-15-0.pt,0.3868371233872141,0.4047859515228549
22-16-0.pt,0.492242192169232,0.3978036856928145
22-17-0.pt,0.4174481335684383,0.4626187515156779
22-18-0.pt,0.601644838213432,0.39139818576594165
22-19-0.pt,0.2988709521428366,0.3998784283744149
22-2-0.pt,0.3691495459787147,0.3576205822003062
22-20-0.pt,0.25482949869617694,0.39096004755422054
22-21-0.pt,0.5571757438190141,0.3734583986520585
22-22-0.pt,0.3724071227042802,0.427015171047729
22-23-0.pt,0.3356673926294334,0.5109512473099221
22-24-0.pt,0.7104240453416785,0.443777457628138
22-25-0.pt,0.5663752353568046,0.4456528439855357
22-26-0.pt,0.41696135295903664,0.46976431347753606
22-27-0.pt,0.49924519030061293,0.4315301852531519
22-28-0.pt,0.36782977326179983,0.41073149873195697
22-29-0.pt,0.3408649240052266,0.4718035754585326
22-3-0.pt,0.432032732490564,0.3915394264366116
22-30-0.pt,0.42382922000089857,0.4829993815790434
22-31-0.pt,0.5128179065870132,0.4486204542736119
22-32-0.pt,0.3541361331247425,0.4957317329985578
22-33-0.pt,0.4520945311070507,0.5124668972544616
22-34-0.pt,0.509357687980042,0.493078953675857
22-35-0.pt,0.4048707035985246,0.4924257500771148
22-36-0.pt,0.6027325773058915,0.44443408190091277
22-37-0.pt,0.44102068386160215,0.438619589991454
22-38-0.pt,0.511710317847592,0.472280193096074
22-39-0.pt,0.5655991799156368,0.4125057699559554
22-4-0.pt,0.4240494556420775,0.4089883156016848
22-40-0.pt,0.3308011167982717,0.43169940423509456
22-41-0.pt,0.4124629225935356,0.4688894382519899
22-42-0.pt,0.3357250603962181,0.4560844593112398
22-43-0.pt,0.34502962719176716,0.4882098602040073
22-44-0.pt,0.6125077449379009,0.4956205313197323
22-45-0.pt,0.6091411984943673,0.5383225001864899
22-46-0.pt,0.5947322567040854,0.5398475543403819
22-47-0.pt,0.4239243054750695,0.5681705313625703
22-48-0.pt,0.7099974469182415,0.5295511086164085
22-49-0.pt,0.6416649241269898,0.5920939412087695
22-5-0.pt,0.3987779909830204,0.40269934692034803
22-50-0.pt,0.5451605910797644,0.5132314753431408
22-6-0.pt,0.4034470360104692,0.3836389242941716
22-7-0.pt,0.307373238325599,0.33838832986372674
22-8-0.pt,0.2302929315738837,0.2984451766662413
22-9-0.pt,0.22010544278379124,0.31968632657821167
23-10-0.pt,0.22431345344240522,0.3321802373480653
23-11-0.pt,0.4044093807755949,0.3750558164871947
23-12-0.pt,0.4181556493879757,0.4092468586787913
23-13-0.pt,0.47015319464490085,0.42522437712897504
23-14-0.pt,0.44436556285870676,0.40012989602856597
23-15-0.pt,0.38187241029947827,0.3948435924360778
23-16-0.pt,0.33929464415886007,0.4026538654437512
23-17-0.pt,0.5515188925180474,0.45035458192035566
23-18-0.pt,0.3655214372973033,0.45456586893334633
23-19-0.pt,0.3472202268992655,0.3503179837259534
23-2-0.pt,0.37900444242258163,0.35715127990424295
23-20-0.pt,0.495850731839262,0.389524163200791
23-21-0.pt,0.3360636474765123,0.4056356727895079
23-22-0.pt,0.7172845762345288,0.4061276641099514
23-23-0.pt,0.6365310954039375,0.4905108057806364
23-24-0.pt,0.44026651839439823,0.45801890880419827
23-25-0.pt,0.3354615108234866,0.49464029289989964
23-26-0.pt,0.44274376263347265,0.4667869280639017
23-27-0.pt,0.37262975366752316,0.43909134719841575
23-28-0.pt,0.3171469176204461,0.4657655530847069
23-29-0.pt,0.695456826869098,0.4068660310581583
23-3-0.pt,0.3795309305648859,0.4174832309515228
23-30-0.pt,0.4523694362825042,0.4700878159289031
23-31-0.pt,0.45641319904013633,0.4942003331469175
23-32-0.pt,0.542223392317943,0.45362011178689726
23-33-0.pt,0.5432340952435425,0.48714007525298164
23-34-0.pt,0.5326673213238953,0.4694429961018551
23-35-0.pt,0.4239513815071982,0.44235714034038237
23-36-0.pt,0.3816101418014383,0.4708463149405516
23-37-0.pt,0.5208011940196823,0.4284982438929253
23-38-0.pt,0.33982001535838124,0.4849036552221193
23-39-0.pt,0.4436587559740105,0.5311847605051495
23-4-0.pt,0.41136772390539716,0.4122689026140029
23-40-0.pt,0.5235029472264977,0.47320231482602415
23-41-0.pt,0.5182147185338212,0.5125586627301537
23-42-0.pt,0.4448409733953431,0.5713006044530966
23-43-0.pt,0.5712791072673832,0.5649827858335221
23-44-0.pt,0.544966896159528,0.559748009247368
23-45-0.pt,0.4878736054956218,0.5097696365620136
23-46-0.pt,0.49524380621895003,0.5113108959287234
23-47-0.pt,0.6015243077627908,0.4785583024778541
23-48-0.pt,0.40599123604067294,0.5671436415004486
23-49-0.pt,0.6492434004690504,0.4761585582348987
23-5-0.pt,0.3765955280701548,0.4007125357135317
23-50-0.pt,0.3688451413506678,0.5494190049080496
23-6-0.pt,0.37517897782732934,0.3808817758758569
23-7-0.pt,0.4075470296559368,0.29619682666309566
23-8-0.pt,0.232754673963609,0.3128432410776991
23-9-0.pt,0.37857000081722586,0.29447282366935873
24-10-0.pt,0.30032225347839625,0.3191115934904621
24-11-0.pt,0.5297231538101618,0.3336271067764582
24-12-0.pt,0.45223205256553,0.45463926116402403
24-13-0.pt,0.23800372332525366,0.4591127505495719
24-14-0.pt,0.45707039790685694,0.4266597692049779
24-15-0.pt,0.26582373288955635,0.39334187022947603
24-16-0.pt,0.24589650142317615,0.42349260745950257
24-17-0.pt,0.5763739666193816,0.4428624254786938
24-18-0.pt,0.5330344359128528,0.38437834444001595
24-19-0.pt,0.3401176607657051,0.39644932848682324
24-2-0.pt,0.354871700057689,0.36505792990859354
24-20-0.pt,0.3080212151816451,0.4130972123832091
24-21-0.pt,0.6618859928874608,0.3970334952303093
24-22-0.pt,0.39140174182032766,0.5614317265415298
24-23-0.pt,0.395654576134605,0.5125719111693109
24-24-0.pt,0.46368755113648147,0.45744030219286536
24-25-0.pt,0.6037701546048796,0.4659436685634015
24-26-0.pt,0.5449665485998125,0.4723889558049997
24-27-0.pt,0.49189751477821025,0.4287042448076817
24-28-0.pt,0.43475563420515057,0.41026721354920165
24-29-0.pt,0.4755152744609887,0.4556943741473914
24-3-0.pt,0.4466953135683798,0.39676353439859424
24-30-0.pt,0.5007357427348816,0.46788819086797206
24-31-0.pt,0.47655587276012035,0.509692411584174
24-32-0.pt,0.4086348472892423,0.5005633539225881
24-33-0.pt,0.5298445367752278,0.4698429387265035
24-34-0.pt,0.4456161326246259,0.4607503233150604
24-35-0.pt,0.36752073491984066,0.4904492976462334
24-36-0.pt,0.41829457319769187,0.48462697261448
24-37-0.pt,0.5088590950724105,0.5042519997874239
24-38-0.pt,0.6125279043832164,0.534178282549311
24-39-0.pt,0.5579123238502564,0.5404214268850017
24-4-0.pt,0.4210675943705023,0.41528909172952716
24-40-0.pt,0.4084458659277041,0.5713077595044239
24-41-0.pt,0.786485222725538,0.5886393144891222
24-42-0.pt,0.7059583557263908,0.5631393167443743
24-43-0.pt,0.5585306702574905,0.5479410454530376
24-44-0.pt,0.3564968330450211,0.4879048762703519
24-45-0.pt,0.4695017629618408,0.456041529558759
24-46-0.pt,0.3542909448207183,0.5041953091636092
24-47-0.pt,0.6226092498346542,0.475700265852523
24-48-0.pt,0.5594910330569018,0.5227843253128706
24-49-0.pt,0.4849144281806956,0.5430000344976806
24-5-0.pt,0.4140872804562973,0.40144454644921296
24-50-0.pt,0.5131292054278104,0.47552012490609524
24-6-0.pt,0.3824411773626671,0.3868343083427505
24-7-0.pt,0.25173341000874927,0.37923633830712583
24-8-0.pt,0.3647977740279422,0.30328449265751023
24-9-0.pt,0.3875689603531214,0.330536415383196
25-10-0.pt,0.2869891793109072,0.3303016673109413
25-11-0.pt,0.4377025309243388,0.32417732932215604
25-12-0.pt,0.7311261911255277,0.41047664721134175
25-13-0.pt,0.45915734602734826,0.3858206764292371
25-14-0.pt,0.5102239525917195,0.43151315877832874
25-15-0.pt,0.5470235943772389,0.40495105230890904
25-16-0.pt,0.4488227114428986,0.4202820443088894
25-17-0.pt,0.5340326789269014,0.43669992010612807
25-18-0.pt,0.33817991238631884,0.42226947110460367
25-19-0.pt,0.41651334420460634,0.4171168692348856
25-2-0.pt,0.33515489186640596,0.3745448426298214
25-20-0.pt,0.4211358518071274,0.3972477033345209
25-21-0.pt,0.3607603080442237,0.5168375594650856
25-22-0.pt,0.7033517931529546,0.4535857015982183
25-23-0.pt,0.43941723142226036,0.4630209477752149
25-24-0.pt,0.47130987033005783,0.4811812299459364
25-25-0.pt,0.49803884470579357,0.4846713912824144
25-26-0.pt,0.5692143517490886,0.4109083654140341
25-27-0.pt,0.3213669054447562,0.4552978935312473
25-28-0.pt,0.32136572885223125,0.485819719937593
25-29-0.pt,0.5157789532573597,0.5096837596485495
25-3-0.pt,0.4161147562000709,0.4168930634348152
25-30-0.pt,0.5208851638248739,0.5027765611430863
25-31-0.pt,0.6143357079884068,0.48901753251125085
25-32-0.pt,0.3834444534438592,0.507364598400542
25-33-0.pt,0.6752474243419265,0.5288710400037935
25-34-0.pt,0.5174289783942679,0.5553298914410143
25-35-0.pt,0.6781771556548345,0.5026523181225224
25-36-0.pt,0.5963095035461028,0.5513496508434301
25-37-0.pt,0.5424797775445345,0.5708175097363436
25-38-0.pt,0.7857667972087096,0.555016545082302
25-39-0.pt,0.5508816583035914,0.6093689100822786
25-4-0.pt,0.4358425946017173,0.42147473594721263
25-40-0.pt,0.6206336751275148,0.586285827892862
25-41-0.pt,0.5969219817368409,0.5694382664470172
25-42-0.pt,0.5689797641895958,0.5891397345465598
25-43-0.pt,0.7028003326309976,0.5074840983774994
25-44-0.pt,0.401784725902518,0.5205273629723267
25-45-0.pt,0.5266658612704732,0.5041365213879977
25-46-0.pt,0.542316295239794,0.5009691657583899
25-47-0.pt,0.5156828796699764,0.5231930993260353
25-48-0.pt,0.38673494433815314,0.5411892463697009
25-49-0.pt,0.6099584200975747,0.5123627413197953
25-5-0.pt,0.4249820397428889,0.41665817928283033
25-50-0.pt,0.43725394749238494,0.5292915904684111
25-6-0.pt,0.4109182022760464,0.3845715368900724
25-7-0.pt,0.38744605588387715,0.33307626385592687
25-8-0.pt,0.2417461780097543,0.3308074763771996
25-9-0.pt,0.37087806726368333,0.34738377065897397
26-10-0.pt,0.23763912955322863,0.3338227876546716
26-11-0.pt,0.26852946876249423,0.36328682593420625
26-12-0.pt,0.43180032301224464,0.409730670575206
26-13-0.pt,0.3921436647763835,0.41994499509672023
26-14-0.pt,0.5086065519146936,0.4493050071251159
26-15-0.pt,0.38757578613939814,0.451591385027073
26-16-0.pt,0.24816653722466825,0.41256503555017165
26-17-0.pt,0.24269197985811436,0.41722511902368326
26-18-0.pt,0.4509201340930579,0.40203297787442804
26-19-0.pt,0.2745171414040122,0.45815014921460623
26-2-0.pt,0.37776544730838063,0.3695518698680784
26-20-0.pt,0.5333901447787273,0.4250393910541657
26-21-0.pt,0.33532728478781165,0.525696755520084
26-22-0.pt,0.7050587069691294,0.48151062599578115
26-23-0.pt,0.3190669472453908,0.48476697089796245
26-24-0.pt,0.49851952179814646,0.47005817135270767
26-25-0.pt,0.35666710493626214,0.4953894315362236
26-26-0.pt,0.34565776789193514,0.44915373312496154
26-27-0.pt,0.4606964008927631,0.4655141371604554
26-28-0.pt,0.5130615312516458,0.48747575040508695
26-29-0.pt,0.49521005136402646,0.5114165993371032
26-3-0.pt,0.4113962456280428,0.41123873440088404
26-30-0.pt,0.47161669529684763,0.47879759464608973
26-31-0.pt,0.3870102147423256,0.5239819085633505
26-32-0.pt,0.5509452904411294,0.5257456138449474
26-33-0.pt,0.6223605116924896,0.5140363461697489
26-34-0.pt,0.4583686857263182,0.5461767647421546
26-35-0.pt,0.47364309582895614,0.5146185237949957
26-36-0.pt,0.38288509900001033,0.5428572191630153
26-37-0.pt,0.5210609080378042,0.5692379031657665
26-38-0.pt,0.7260452185037858,0.5469163099765928
26-39-0.pt,0.5953714771643971,0.5798083676286433
26-4-0.pt,0.3143814716124645,0.42873470417056986
26-40-0.pt,0.4595977578406017,0.5700767330678758
26-41-0.pt,0.5203659086504802,0.5408897716661886
26-42-0.pt,0.5344984807223282,0.5363603569043105
26-43-0.pt,0.513294914517986,0.5548102147942526
26-44-0.pt,0.3938431425469708,0.5527504123476803
26-45-0.pt,0.6148729028861789,0.5503559862832881
26-46-0.pt,0.62548538578438,0.5323149269645747
26-47-0.pt,0.501668668412719,0.5730261402895264
26-48-0.pt,0.5519987534825009,0.5513504908194707
26-49-0.pt,0.5391018227196537,0.5690224494411795
26-5-0.pt,0.43383940993697223,0.42003357946724373
26-50-0.pt,0.7244178455554389,0.5628816028604944
26-6-0.pt,0.3955211546900766,0.36220783464192974
26-7-0.pt,0.4034185802957546,0.3648863978441446
26-8-0.pt,0.3013944222348136,0.32657942932200706
26-9-0.pt,0.4089154971676766,0.34253437407680204
27-10-0.pt,0.30912178383568634,0.27148615217965344
27-11-0.pt,0.3069500717830099,0.3128368669217713
27-12-0.pt,0.38510150627911827,0.39411154574037305
27-13-0.pt,0.3850703561416891,0.41380654982858006
27-14-0.pt,0.5218712950655974,0.4588161354515133
27-15-0.pt,0.44613950820307896,0.4190164096062064
27-16-0.pt,0.37349163691915893,0.3746218020695371
27-17-0.pt,0.5683605786497108,0.42519241368717287
27-18-0.pt,0.3613839136339881,0.4343902134285595
27-19-0.pt,0.37468539264303274,0.44660274233004754
27-2-0.pt,0.37990613577348603,0.38530036210014645
27-20-0.pt,0.41281198539644276,0.43774082261747743
27-21-0.pt,0.4832285140807713,0.5120003543578764
27-22-0.pt,0.6122122171847948,0.46735049668009876
27-23-0.pt,0.3780489082009294,0.4633800798842548
27-24-0.pt,0.5099586230175874,0.4429556816519448
27-25-0.pt,0.4487962489658226,0.448819474385227
27-26-0.pt,0.5194436960220994,0.5006180583979795
27-27-0.pt,0.5579321112512573,0.49240855954073603
27-28-0.pt,0.49700563910631795,0.5370746495810039
27-29-0.pt,0.6720812264331012,0.524429536750166
27-3-0.pt,0.43168445039097236,0.4223661886028879
27-30-0.pt,0.42619656606242484,0.5402880920786007
27-31-0.pt,0.568441174523215,0.506233828264471
27-32-0.pt,0.5140113249137916,0.5408761158451081
27-33-0.pt,0.5183807612938957,0.5547283654033062
27-34-0.pt,0.5633151499111781,0.5277220362944767
27-35-0.pt,0.5214403966012354,0.5415358206639698
27-36-0.pt,0.5236051083843088,0.5656852768220596
27-37-0.pt,0.5801129375610034,0.536930945796153
27-38-0.pt,0.529853447974015,0.5629354535381236
27-39-0.pt,0.5897205162485284,0.5418834459829797
27-4-0.pt,0.4693857006782276,0.42956717940328865
27-40-0.pt,0.5322289404039838,0.5401582378141299
27-41-0.pt,0.5421318614710178,0.5267866736219596
27-42-0.pt,0.5508300900888203,0.5598131326339939
27-43-0.pt,0.7417894627992453,0.5690333681978373
27-44-0.pt,0.5014409490208473,0.5525769089666553
27-45-0.pt,0.5881012821360145,0.5644387848383565
27-46-0.pt,0.5921864957079306,0.5691240192164135
27-47-0.pt,0.5485618783767829,0.5698149591442757
27-48-0.pt,0.5173319571761238,0.6243118358761972
27-49-0.pt,0.5685814835709366,0.6668311369630749
27-5-0.pt,0.45079623252300705,0.4311092007495261
27-50-0.pt,0.7427369244963047,0.6459644316612942
27-6-0.pt,0.24645268845742524,0.40857286846252666
27-7-0.pt,0.4284104360367291,0.34880346657114925
27-8-0.pt,0.319098026977287,0.33335640992957893
27-9-0.pt,0.3703455964476355,0.3306990130173862
28-10-0.pt,0.23981585413951717,0.2892253601453428
28-11-0.pt,0.3113547035007201,0.30996416815007916
28-12-0.pt,0.4347338585872839,0.3649504748219765
28-13-0.pt,0.3671650430763203,0.41466965330130745
28-14-0.pt,0.4710284512970228,0.4095077061082182
28-15-0.pt,0.4727209612783872,0.38862294503654177
28-16-0.pt,0.34959709838981945,0.3755936222330632
28-17-0.pt,0.4663510389655255,0.4117612265621082
28-18-0.pt,0.3977498327470906,0.4675060090192841
28-19-0.pt,0.3665175031379347,0.5022037110192208
28-2-0.pt,0.38338721017745986,0.38243624514918473
28-20-0.pt,0.49287967855424103,0.5132326589058902
28-21-0.pt,0.5593561006402548,0.4921293364393724
28-22-0.pt,0.5231955505972495,0.5171236628135117
28-23-0.pt,0.3629820649489475,0.4706711808817283
28-24-0.pt,0.4841408384171031,0.4442984525205725
28-25-0.pt,0.5060594953856253,0.4729830460580252
28-26-0.pt,0.45781253324186627,0.49177410672863886
28-27-0.pt,0.6095226340240822,0.5413333886239325
28-28-0.pt,0.5624019992375409,0.5568740602750072
28-29-0.pt,0.7287454618397661,0.5212551551710015
28-3-0.pt,0.4223066514895976,0.42904008053383497
28-30-0.pt,0.46923133153272084,0.5481719551153458
28-31-0.pt,0.47785106940423366,0.5630187092282227
28-32-0.pt,0.5885678284565485,0.5360826525991346
28-33-0.pt,0.564775611139928,0.5372852370933346
28-34-0.pt,0.5485851176789486,0.5622723986035894
28-35-0.pt,0.5659486033321631,0.5763620720839
28-36-0.pt,0.5970242726672482,0.5274345792477134
28-37-0.pt,0.5151991329733717,0.5196773452165107
28-38-0.pt,0.468328311737625,0.5429143845187917
28-39-0.pt,0.46042810645882637,0.5500993623710214
28-4-0.pt,0.46803054827726176,0.398664495548784
28-40-0.pt,0.5097998203936783,0.5357387496345951
28-41-0.pt,0.517425561038178,0.5796239617262362
28-42-0.pt,0.6235773355698411,0.5510943466459632
28-43-0.pt,0.5369807063849911,0.5740724605042156
28-44-0.pt,0.540139262721387,0.5753915209178599
28-45-0.pt,0.5540320066999678,0.5867145344672183
28-46-0.pt,0.6285366334754714,0.5788065640554869
28-47-0.pt,0.6335153582861556,0.6419746863873782
28-48-0.pt,0.6275488582996105,0.6513982521197177
28-49-0.pt,0.553076861649021,0.6663937925700285
28-5-0.pt,0.44552698496707427,0.4269315695293534
28-50-0.pt,0.7139894734800952,0.6417593753527667
28-6-0.pt,0.4354197410149925,0.3983918449806944
28-7-0.pt,0.274638962712402,0.3637467892075771
28-8-0.pt,0.2601194537485888,0.32831593933047626
28-9-0.pt,0.39965412096816305,0.3242054022171015
29-10-0.pt,0.25261025708846235,0.2883212991672013
29-11-0.pt,0.3173442933767174,0.35079257463651586
29-12-0.pt,0.30346029804353825,0.3884450583404441
29-13-0.pt,0.5013661215736,0.40206963408721
29-14-0.pt,0.30366013621407817,0.43234376541511144
29-15-0.pt,0.26926633622754775,0.3766335086325334
29-16-0.pt,0.2700424278255401,0.4320084470964417
29-17-0.pt,0.5514206697093091,0.4169269734469779
29-18-0.pt,0.6185321431775628,0.47031898398583505
29-19-0.pt,0.5535421144564491,0.4965531743005004
29-2-0.pt,0.42637026882034973,0.39534535133828835
29-20-0.pt,0.5391635804818479,0.485283930408975
29-21-0.pt,0.4748086955720146,0.4934413287750496
29-22-0.pt,0.5042398301537027,0.4785824565947735
29-23-0.pt,0.37864140022022325,0.4565987032556063
29-24-0.pt,0.529848429995535,0.546082721808925
29-25-0.pt,0.36421377029095436,0.5179287718515793
29-26-0.pt,0.5513430500458649,0.5188324667030507
29-27-0.pt,0.4967443303005872,0.5470370855647153
29-28-0.pt,0.5639242629266772,0.558759701879363
29-29-0.pt,0.46333694549081084,0.5466726954455703
29-3-0.pt,0.4426371549200354,0.42326190624126314
29-30-0.pt,0.563528674147875,0.49553731968091674
29-31-0.pt,0.7205139131557677,0.5265878057830241
29-32-0.pt,0.4188605707804595,0.6192240858621075
29-33-0.pt,0.5296436864154762,0.6156728243256011
29-34-0.pt,0.711478200385743,0.5656306620843076
29-35-0.pt,0.4756460775750632,0.5604593779023087
29-36-0.pt,0.5361536107123938,0.5375025231081233
29-37-0.pt,0.5131534086882628,0.5367769267033496
29-38-0.pt,0.5483156094307199,0.5536891511831095
29-39-0.pt,0.6125852997363423,0.5536608695965736
29-4-0.pt,0.31888046917827145,0.44919603231962507
29-40-0.pt,0.6823469121547844,0.5668597360788682
29-41-0.pt,0.5026884492899631,0.5894837768574086
29-42-0.pt,0.562960326943772,0.5679058640009653
29-43-0.pt,0.5676482635442526,0.583978235872894
29-44-0.pt,0.6353566685775831,0.5988430753217076
29-45-0.pt,0.79365996096891,0.6359918727384948
29-46-0.pt,0.7435566046513367,0.6971491048661381
29-47-0.pt,0.6350054510346886,0.6746485920487586
29-48-0.pt,0.7398849290411349,0.6480877722800588
29-49-0.pt,0.6326484812080836,0.6744204836803096
29-5-0.pt,0.4545784647240673,0.39944911685760515
29-50-0.pt,0.6322615462328552,0.6769137746714018
29-6-0.pt,0.44954003473404386,0.4183578269262509
29-7-0.pt,0.27286803219747385,0.34247155038630994
29-8-0.pt,0.42515575320600163,0.3167290407076327
29-9-0.pt,0.32827786878787346,0.3724333029600178
3-10-0.pt,0.018678697322972355,0.012427353226154065
3-11-0.pt,0.03755378536234387,0.014660894127666847
3-12-0.pt,0.0,0.014920895850655862
3-13-0.pt,0.021471637047391037,0.017673492940035816
3-14-0.pt,0.024517833182077727,0.02013664486822293
3-15-0.pt,0.0,0.01937797099650095
3-16-0.pt,0.02451967801052573,0.017124724952416272
3-17-0.pt,0.027441979959824576,0.01583997101808561
3-18-0.pt,0.047415077591785294,0.012484721719273747
3-19-0.pt,0.0,0.024114785918272093
3-2-0.pt,0.011208790461261123,0.01485754275742773
3-20-0.pt,0.0,0.021907606122142455
3-21-0.pt,0.018845040821235812,0.011180245202276284
3-22-0.pt,0.0,0.019236031613814705
3-23-0.pt,0.02437812603809043,0.01244310999442495
3-24-0.pt,0.013213085552701473,0.015260950512246714
3-25-0.pt,0.002117016946235521,0.03452235311151124
3-26-0.pt,0.06371367138702226,0.024578070702083177
3-27-0.pt,0.04160613133808509,0.020741095925945335
3-28-0.pt,0.005735121783291613,0.02478928839836747
3-29-0.pt,0.006832832510625262,0.01993891014889733
3-3-0.pt,0.019303948871012323,0.014486503571039169
3-30-0.pt,0.007993551767655236,0.02002782134896302
3-31-0.pt,0.039382794253486626,0.013235648397097935
3-32-0.pt,0.010104906718166088,0.01766972965100866
3-33-0.pt,0.011074305987351471,0.01562098326212816
3-34-0.pt,0.012043838318347582,0.014775012401679628
3-35-0.pt,0.01298944663296842,0.019195769329153903
3-36-0.pt,0.014046581956657403,0.033809451432701046
3-37-0.pt,0.014886179371013586,0.046615892432622916
3-38-0.pt,0.05320512811967956,0.03946383646802067
3-39-0.pt,0.04716575628292103,0.043241114434931414
3-4-0.pt,0.019711753263182967,0.015518544434975266
3-40-0.pt,0.04589228808617277,0.05036641797623185
3-41-0.pt,0.05603006096439345,0.04679943621615667
3-42-0.pt,0.058354571693080635,0.03789213630935477
3-43-0.pt,0.02001977739512309,0.05518758027072507
3-44-0.pt,0.06176017241363201,0.03439261266148571
3-45-0.pt,0.021519047922734735,0.05473832998678289
3-46-0.pt,0.06492614559756693,0.05702902179996525
3-47-0.pt,0.06943964782823304,0.04561594547135585
3-48-0.pt,0.0674678229583037,0.042625810901824636
3-49-0.pt,0.024698490590299424,0.06502126112504265
3-5-0.pt,0.0,0.014352387980743474
3-50-0.pt,0.0652192371228674,0.04859578751602881
3-6-0.pt,0.0,0.014780112940182832
3-7-0.pt,0.0305687525183341,0.002762381762426534
3-8-0.pt,0.0,0.01643627784720311
3-9-0.pt,0.0,0.015284809510735329
30-10-0.pt,0.2608025699138611,0.2785452533457972
30-11-0.pt,0.41960998183376413,0.32804992508860037
30-12-0.pt,0.25043207404505763,0.4019063975172445
30-13-0.pt,0.27379139135595826,0.3619564422171239
30-14-0.pt,0.48342024781121307,0.3440567695238691
30-15-0.pt,0.38173315024202314,0.3450009200671962
30-16-0.pt,0.4234082007575254,0.40319110387088053
30-17-0.pt,0.3657215856091399,0.5115603078064833
30-18-0.pt,0.5361498351811412,0.4992948793577423
30-19-0.pt,0.39951382325441637,0.517084933814515
30-2-0.pt,0.412406591446334,0.4033825140892978
30-20-0.pt,0.5321181487099695,0.4819991147699225
30-21-0.pt,0.4159305022814001,0.5049104117692939
30-22-0.pt,0.4630053086726838,0.5078759971097079
30-23-0.pt,0.4410715121451544,0.5307017483163364
30-24-0.pt,0.7383267921850729,0.46653329372030167
30-25-0.pt,0.4067261784544155,0.5382750668337692
30-26-0.pt,0.5078860367729777,0.5481266741440091
30-27-0.pt,0.5551076899073373,0.5336317893034214
30-28-0.pt,0.5563904754162792,0.5317516051023246
30-29-0.pt,0.466680443520754,0.5560300042058662
30-3-0.pt,0.4243556102722299,0.4372472399443269
30-30-0.pt,0.5319507310062447,0.589188811719335
30-31-0.pt,0.6871197471817105,0.5388501553432092
30-32-0.pt,0.6201899286715699,0.5584059474019447
30-33-0.pt,0.5769995488200131,0.6121280265356691
30-34-0.pt,0.5612169491111941,0.5899590516735848
30-35-0.pt,0.6137539505723779,0.5433245841466815
30-36-0.pt,0.5260959940966796,0.5558998034662223
30-37-0.pt,0.5653531079514863,0.5469054908538148
30-38-0.pt,0.6215414556364683,0.5538308211478474
30-39-0.pt,0.5631586098507784,0.5944091109874161
30-4-0.pt,0.4726075683238326,0.40277947773141604
30-40-0.pt,0.6170375430587649,0.5688665685138102
30-41-0.pt,0.5533557803044127,0.5846748735089123
30-42-0.pt,0.5720016983575542,0.5906391836040421
30-43-0.pt,0.5082807153671663,0.6373379179552693
30-44-0.pt,0.7440822841532404,0.6824801645133333
30-45-0.pt,0.7420682915728737,0.6943493556816915
30-46-0.pt,0.6232329118941105,0.6782686166369728
30-47-0.pt,0.7464647083533786,0.6749608601777265
30-48-0.pt,0.7339561395228735,0.6805747165760749
30-49-0.pt,0.6231590591283226,0.6956163875113708
30-5-0.pt,0.43592680151883995,0.3928395885463092
30-50-0.pt,0.7459978198648214,0.6975161206782429
30-6-0.pt,0.4398479515393183,0.41804017210406236
30-7-0.pt,0.2800635888681718,0.3472961728883574
30-8-0.pt,0.3284328397605317,0.30887422908765144
30-9-0.pt,0.2669163203623993,0.354609111440184
31-10-0.pt,0.2587075025574928,0.3204077724957404
31-11-0.pt,0.27867324170431457,0.3715193899866047
31-12-0.pt,0.5532400850568846,0.3820549398056444
31-13-0.pt,0.42505863032399194,0.3190463750074489
31-14-0.pt,0.336305265192332,0.3598187360251836
31-15-0.pt,0.39954973614717315,0.37756683256435203
31-16-0.pt,0.4876745404980256,0.4089715975742928
31-17-0.pt,0.5294591407343565,0.5149277076776165
31-18-0.pt,0.5647755521909916,0.5144072264647874
31-19-0.pt,0.4943461579197887,0.4869366569859353
31-2-0.pt,0.40158951502888746,0.41325877499996616
31-20-0.pt,0.5498644266849325,0.4665403662199948
31-21-0.pt,0.5010489795413319,0.4938099663166243
31-22-0.pt,0.6203278974725217,0.49354243868943665
31-23-0.pt,0.4021123248285917,0.5464842464880039
31-24-0.pt,0.5218911166886044,0.5092423818177358
31-25-0.pt,0.6165181163526378,0.5287832399578473
31-26-0.pt,0.5538832169419752,0.5307702065906389
31-27-0.pt,0.5038891031223351,0.5402520551668802
31-28-0.pt,0.554516491622618,0.5212953884503093
31-29-0.pt,0.5703289829122614,0.5584398731043868
31-3-0.pt,0.4420536166478415,0.4392756386247573
31-30-0.pt,0.5593124557042637,0.5410114518948819
31-31-0.pt,0.5026990568722548,0.5786609579466082
31-32-0.pt,0.526716178393779,0.5931102686361501
31-33-0.pt,0.6282554854312772,0.5833215851728976
31-34-0.pt,0.5719449403687267,0.6077075231310022
31-35-0.pt,0.5187121609399755,0.5620489637007113
31-36-0.pt,0.4813035790518739,0.5508333834403966
31-37-0.pt,0.5427171460379974,0.5587874860853986
31-38-0.pt,0.4719826480445325,0.5801118654668354
31-39-0.pt,0.5675858415815354,0.6050826686480855
31-4-0.pt,0.39571795373971563,0.42148396165291074
31-40-0.pt,0.6222566092439156,0.6280670824424271
31-41-0.pt,0.7413531246739629,0.5815888097262637
31-42-0.pt,0.5672240425534817,0.6548365719849826
31-43-0.pt,0.8002126511404611,0.6535827293000801
31-44-0.pt,0.6247308468141405,0.690556893790806
31-45-0.pt,0.6318047972227151,0.6718008641169878
31-46-0.pt,0.5664588484600391,0.6930103753866474
31-47-0.pt,0.7646416004582625,0.6528452703644165
31-48-0.pt,0.7462714252092973,0.6952989812732636
31-49-0.pt,0.7746475897424857,0.7069938424135767
31-5-0.pt,0.33197052074683414,0.42155018056395016
31-50-0.pt,0.7162114603339029,0.7556802686444724
31-6-0.pt,0.41512513756759617,0.4011664336799662
31-7-0.pt,0.48783820455029425,0.3084839613954191
31-8-0.pt,0.27129414602708074,0.38709712367887034
31-9-0.pt,0.4164648720173831,0.2926372605272211
32-10-0.pt,0.26185794161071657,0.39043758171580806
32-11-0.pt,0.33062453116188756,0.3472370243441566
32-12-0.pt,0.4034846648698691,0.48031204403186173
32-13-0.pt,0.25440437404001864,0.38756242383905565
32-14-0.pt,0.318531938649514,0.3399686872627388
32-15-0.pt,0.3763519206669462,0.3966813108315727
32-16-0.pt,0.4626444108391898,0.5061631848247238
32-17-0.pt,0.566867590628971,0.48564247205855615
32-18-0.pt,0.5490339139467748,0.4515272584667347
32-19-0.pt,0.4776703324144358,0.4889073102070205
32-2-0.pt,0.42406367846414667,0.40187494719003675
32-20-0.pt,0.4210685928706998,0.5209641801395857
32-21-0.pt,0.5709989773780252,0.49057200092287684
32-22-0.pt,0.5267165943092401,0.5603453371517348
32-23-0.pt,0.49718580940456897,0.526372058371147
32-24-0.pt,0.5580748983773491,0.5431786308128759
32-25-0.pt,0.5131552536125166,0.5412339265792137
32-26-0.pt,0.5571703856561412,0.5449600166546208
32-27-0.pt,0.5683728694931829,0.5143990450176562
32-28-0.pt,0.5255736121739361,0.5630621030039585
32-29-0.pt,0.5698385842558713,0.5593361889991361
32-3-0.pt,0.462164949252375,0.44501576434862034
32-30-0.pt,0.5710477429850102,0.5676193503317617
32-31-0.pt,0.5636116720884845,0.580530406944377
32-32-0.pt,0.5331991739960574,0.6043212382677305
32-33-0.pt,0.7468575559629311,0.586938413720902
32-34-0.pt,0.5655965282468325,0.5672095723544403
32-35-0.pt,0.5557640056188089,0.5706980398281682
32-36-0.pt,0.6371268125581687,0.5689498265044364
32-37-0.pt,0.6142807112378982,0.5735217411404712
32-38-0.pt,0.5631157893832431,0.6091735377516394
32-39-0.pt,0.7297998880057023,0.5867089189424776
32-4-0.pt,0.4950737010576498,0.4145581835198931
32-40-0.pt,0.5710518780109719,0.6503579402821628
32-41-0.pt,0.5686558441835492,0.6595210002215585
32-42-0.pt,0.7451698084330085,0.6380415906785974
32-43-0.pt,0.6388264248985365,0.6453146843076861
32-44-0.pt,0.5668952792168366,0.6785969919197801
32-45-0.pt,0.6259029054577595,0.6551235700239161
32-46-0.pt,0.5720445514366075,0.7183200061934032
32-47-0.pt,0.7772454312024383,0.7081908899786924
32-48-0.pt,0.731012960543571,0.7315659791243837
32-49-0.pt,0.7616251768128869,0.7360256373865477
32-5-0.pt,0.3997560217233041,0.42017120729538004
32-50-0.pt,0.7652514651561341,0.7370024616211114
32-6-0.pt,0.3733900494661558,0.3970199468570691
32-7-0.pt,0.2872904334355178,0.42148521646653675
32-8-0.pt,0.47625265730847405,0.2970569335943015
32-9-0.pt,0.29478775395599865,0.3577476545547708
33-10-0.pt,0.570341404772066,0.2984326071916356
33-11-0.pt,0.33400101181681635,0.3279816105842251
33-12-0.pt,0.5013604070524078,0.3849591429337879
33-13-0.pt,0.2570825231150628,0.38043801319631765
33-14-0.pt,0.29790266041686325,0.3655460472329571
33-15-0.pt,0.3690831407198374,0.4897301876721184
33-16-0.pt,0.45825146029439157,0.5212073058014443
33-17-0.pt,0.4898478134392035,0.5113509299717358
33-18-0.pt,0.3892345562215776,0.5016852890664637
33-19-0.pt,0.5340194803539527,0.4773888468367229
33-2-0.pt,0.46638620698699446,0.39572494408937636
33-20-0.pt,0.5918214116745397,0.4913770418137859
33-21-0.pt,0.5541612990517095,0.5452151937563645
33-22-0.pt,0.5765906519225138,0.5431936139866231
33-23-0.pt,0.5659029837078018,0.5212116796979658
33-24-0.pt,0.5099808635602665,0.5319234370918976
33-25-0.pt,0.5395239048141134,0.526162507452229
33-26-0.pt,0.5986395933339193,0.532834814394341
33-27-0.pt,0.4803794752480869,0.5518687825793152
33-28-0.pt,0.5457890804998424,0.5506336833841159
33-29-0.pt,0.5397166961345551,0.5717508108657563
33-3-0.pt,0.45244067034760266,0.44508523666395394
33-30-0.pt,0.6335461301164784,0.578343156820654
33-31-0.pt,0.5724266718938478,0.570793706080877
33-32-0.pt,0.6323700482590418,0.611696708683725
33-33-0.pt,0.542454143205691,0.5826153343667134
33-34-0.pt,0.5132248485248477,0.6098528214894419
33-35-0.pt,0.5391174995424083,0.5912528196261054
33-36-0.pt,0.6386648304246725,0.5874317994793963
33-37-0.pt,0.628839748815457,0.5961386364299168
33-38-0.pt,0.5666962787739331,0.5906146538116338
33-39-0.pt,0.5663598085247883,0.6542678343596957
33-4-0.pt,0.33052465721738733,0.4537528004981623
33-40-0.pt,0.7293670892777202,0.6362185480004081
33-41-0.pt,0.5675509448582726,0.6697828654214633
33-42-0.pt,0.8030462309212923,0.640181974884593
33-43-0.pt,0.7716717337895713,0.6732475845359226
33-44-0.pt,0.7348770944499893,0.6822845600688094
33-45-0.pt,0.778066741458859,0.6761615176492013
33-46-0.pt,0.7745629662171157,0.7098692061033997
33-47-0.pt,0.7738750070985052,0.7420842090983292
33-48-0.pt,0.7039098337960512,0.7538797308439361
33-49-0.pt,0.7558824050273238,0.7576634318736171
33-5-0.pt,0.47190285862399334,0.38928807880204175
33-50-0.pt,0.7668453582502274,0.7602745803350811
33-6-0.pt,0.3081097443602837,0.3549153861748979
33-7-0.pt,0.45728421208580744,0.3231508382974802
33-8-0.pt,0.2768157895218981,0.37059896023683786
33-9-0.pt,0.2812697912612337,0.3186079200731602
34-10-0.pt,0.2701865138812449,0.38988695941197754
34-11-0.pt,0.2859804582340688,0.40716563468758044
34-12-0.pt,0.4723987965545379,0.3498909995838282
34-13-0.pt,0.48132598867167736,0.38320062932147264
34-14-0.pt,0.38482017879434877,0.3717367512118517
34-15-0.pt,0.7017642541479202,0.43101834154930296
34-16-0.pt,0.5483740458568449,0.4794791664895296
34-17-0.pt,0.3526218639607363,0.48745771847727903
34-18-0.pt,0.37976448923474243,0.47846362354550914
34-19-0.pt,0.5052611159073587,0.5120179259220768
34-2-0.pt,0.4195330452256164,0.4144697835029396
34-20-0.pt,0.4617640192735342,0.5640049387565989
34-21-0.pt,0.5683232217165206,0.5063991436027236
34-22-0.pt,0.4798031319920942,0.5426394836497791
34-23-0.pt,0.4339240087753228,0.532988262672246
34-24-0.pt,0.544256377643984,0.5260201065574662
34-25-0.pt,0.48445856412670985,0.5400015902882855
34-26-0.pt,0.5479838300963479,0.5485639167199621
34-27-0.pt,0.5540844064596171,0.5601680132445234
34-28-0.pt,0.6242628822617649,0.5677388219495834
34-29-0.pt,0.6107792927196865,0.588540990432244
34-3-0.pt,0.4606329719128976,0.44141672779671665
34-30-0.pt,0.517220795754201,0.60487656206077
34-31-0.pt,0.6316046632549779,0.609636266106529
34-32-0.pt,0.5754044540203735,0.5715825741829434
34-33-0.pt,0.7487428046652788,0.574401806758832
34-34-0.pt,0.569765721303866,0.6102134866352533
34-35-0.pt,0.6395703352181032,0.5880466390655602
34-36-0.pt,0.5491483285045196,0.6157001939621508
34-37-0.pt,0.5743432999906297,0.6076749131698219
34-38-0.pt,0.7745479383915147,0.5944871512810871
34-39-0.pt,0.627376071936966,0.6701862942544276
34-4-0.pt,0.5016472318710222,0.4034481490346568
34-40-0.pt,0.5703188977254133,0.6766871998683822
34-41-0.pt,0.576045765916244,0.6430901780195583
34-42-0.pt,0.5666765900168133,0.7070343868429119
34-43-0.pt,0.6306091846764466,0.7011619261152762
34-44-0.pt,0.8015157132637549,0.6875301321156785
34-45-0.pt,0.6333564408610445,0.7507642054186828
34-46-0.pt,0.639251601332799,0.7651406623733307
34-47-0.pt,0.7824331865992793,0.7469047780063354
34-48-0.pt,0.7660846450197066,0.7521953999834429
34-49-0.pt,0.7720335442547233,0.7519571046728108
34-5-0.pt,0.341781678211509,0.38480836767866855
34-50-0.pt,0.7672224412550371,0.7458137596704325
34-6-0.pt,0.3151066188567497,0.3457229598761994
34-7-0.pt,0.3309680541368134,0.3204058235455237
34-8-0.pt,0.34253948164494163,0.3850436674773507
34-9-0.pt,0.2954201494053215,0.30118807572474166
35-10-0.pt,0.34360262337257125,0.33620838394328106
35-11-0.pt,0.55812299432422,0.33274590374281265
35-12-0.pt,0.38915444644263547,0.37139259991435886
35-13-0.pt,0.3840685079893868,0.42050272423558466
35-14-0.pt,0.29233848191782413,0.4439260629946632
35-15-0.pt,0.38143446202502024,0.5007523611522199
35-16-0.pt,0.6159206985884819,0.4507866900955472
35-17-0.pt,0.45517912632717816,0.4512626850056648
35-18-0.pt,0.5482912726528105,0.466849555126352
35-19-0.pt,0.5237999614705182,0.5398940348272677
35-2-0.pt,0.3106918484733431,0.3907189956938984
35-20-0.pt,0.6397192989386126,0.524162795336095
35-21-0.pt,0.4450468026080391,0.5428386967645144
35-22-0.pt,0.6115457153800231,0.5009493468311138
35-23-0.pt,0.5144373066002897,0.49929881756924505
35-24-0.pt,0.5638543484086536,0.5073096725232482
35-25-0.pt,0.5305638723272836,0.5373400824957537
35-26-0.pt,0.4943994096829187,0.5630520751806719
35-27-0.pt,0.5327183593677421,0.5916977848659154
35-28-0.pt,0.6264370766959486,0.566951607050142
35-29-0.pt,0.5321611693744761,0.5922323395475696
35-3-0.pt,0.46033072418311843,0.40514657763121187
35-30-0.pt,0.6356948213881604,0.5887340514586008
35-31-0.pt,0.5100699139271129,0.6035611129323247
35-32-0.pt,0.5754407306290285,0.579885271450886
35-33-0.pt,0.6407974969712205,0.6262456307067209
35-34-0.pt,0.5726017014269917,0.633929784054581
35-35-0.pt,0.5715239486979365,0.6296468812779374
35-36-0.pt,0.7535764137759537,0.5928709526050031
35-37-0.pt,0.5450016488405973,0.6846343522583219
35-38-0.pt,0.5731363464076338,0.704383110429346
35-39-0.pt,0.6923110958915564,0.6615876281572377
35-4-0.pt,0.3326820520658921,0.4637517649033355
35-40-0.pt,0.7397078934231046,0.6833503268549967
35-41-0.pt,0.7250471084049195,0.7316388005716052
35-42-0.pt,0.771666777566035,0.7226070271114285
35-43-0.pt,0.7770963351140885,0.7201876279312941
35-44-0.pt,0.792593616629242,0.7352008947500522
35-45-0.pt,0.7696509733561538,0.7498341979034434
35-46-0.pt,0.7749097360506532,0.7697677210058861
35-47-0.pt,0.7672476370786102,0.7701411936541611
35-48-0.pt,0.7666428614103121,0.7674993307815438
35-49-0.pt,0.7698958359858039,0.7633990573779763
35-5-0.pt,0.40943898394639505,0.36554116042198953
35-50-0.pt,0.7684494804220121,0.7637340905942832
35-6-0.pt,0.31686611041374585,0.36398096715280615
35-7-0.pt,0.2917003365916035,0.34095651223540435
35-8-0.pt,0.2878893646239781,0.39491764372587945
35-9-0.pt,0.2851825216378011,0.3236805155080591
36-10-0.pt,0.34670292249385604,0.3200032557510083
36-11-0.pt,0.2787369651883691,0.34541986844030936
36-12-0.pt,0.3891823795093044,0.40624061405006423
36-13-0.pt,0.6368908104228398,0.43337338436191486
36-14-0.pt,0.568223482128309,0.3894648455464441
36-15-0.pt,0.45570630128107176,0.46299987183503644
36-16-0.pt,0.4041618170891094,0.48737957939233884
36-17-0.pt,0.3293851102045993,0.48267705840347486
36-18-0.pt,0.5694800876614727,0.5132750311356905
36-19-0.pt,0.6407420927881492,0.535296296031686
36-2-0.pt,0.2811557359193552,0.38945530735271944
36-20-0.pt,0.49102889707324354,0.5486954901123674
36-21-0.pt,0.5465980059495148,0.5331055861076958
36-22-0.pt,0.5010584632594428,0.5239190275727866
36-23-0.pt,0.5105713273417835,0.520460250544318
36-24-0.pt,0.4416629820304347,0.5531171458557885
36-25-0.pt,0.6162790695744725,0.5781269533355307
36-26-0.pt,0.6112261803460197,0.5800439184542954
36-27-0.pt,0.5449098879059872,0.5822685785845558
36-28-0.pt,0.5123559749003989,0.6002847263255107
36-29-0.pt,0.6285517821324622,0.6106083540431257
36-3-0.pt,0.460848943533634,0.3730935584448086
36-30-0.pt,0.7512952093600532,0.595968286034952
36-31-0.pt,0.6210109103912508,0.6247337287203256
36-32-0.pt,0.6121805204051204,0.6220533742834875
36-33-0.pt,0.6279299797219371,0.63846194335593
36-34-0.pt,0.751930319663263,0.6058653075068127
36-35-0.pt,0.5666112147852886,0.6845448873631725
36-36-0.pt,0.6946082410674467,0.6649558411289147
36-37-0.pt,0.8055614588206083,0.7140201797421164
36-38-0.pt,0.5674333289741923,0.7454700251704321
36-39-0.pt,0.7882690601506658,0.734910885687072
36-4-0.pt,0.48073675637229474,0.3921645877995713
36-40-0.pt,0.7823699685131762,0.7648361147144962
36-41-0.pt,0.7837873507235338,0.7405056798252694
36-42-0.pt,0.7163275930038571,0.7641852009692468
36-43-0.pt,0.7841896355618683,0.759363082445166
36-44-0.pt,0.7243005811348857,0.7567003251939576
36-45-0.pt,0.7698150597484509,0.7614892381662431
36-46-0.pt,0.7666502642263889,0.7637084258038982
36-47-0.pt,0.7672821817438025,0.7686001639811904
36-48-0.pt,0.7728349180170745,0.7657121833152088
36-49-0.pt,0.7666751886862235,0.756262477615984
36-5-0.pt,0.3443203796390381,0.39260182273018135
36-50-0.pt,0.7679649331058952,0.7600900821965784
36-6-0.pt,0.4596533815016399,0.35547874782989053
36-7-0.pt,0.2998261506046194,0.3547723706647149
36-8-0.pt,0.5304648093320672,0.32585857863220663
36-9-0.pt,0.28696914520181455,0.3521151979629708
37-10-0.pt,0.2748538069132687,0.32356578100455624
37-11-0.pt,0.3379360481805304,0.34817000684441857
37-12-0.pt,0.5417380657247587,0.4461968761648851
37-13-0.pt,0.43029272811913655,0.5117827880635349
37-14-0.pt,0.29571615234224985,0.4618812352949351
37-15-0.pt,0.3732578568864418,0.4341580291472209
37-16-0.pt,0.5335932903138572,0.48388095911371143
37-17-0.pt,0.44772080371641587,0.49714474067514136
37-18-0.pt,0.4918098289573937,0.5370953151617257
37-19-0.pt,0.5613011229734783,0.5407968178061993
37-2-0.pt,0.4039074849212742,0.3694700814072313
37-20-0.pt,0.583630421497348,0.5326320030115193
37-21-0.pt,0.491743970668054,0.5455539721422662
37-22-0.pt,0.4756590186758323,0.5102775663314931
37-23-0.pt,0.5626737075942927,0.5338260657363069
37-24-0.pt,0.6443031664507168,0.5533210697439026
37-25-0.pt,0.6389873388728537,0.5839263802933806
37-26-0.pt,0.6935161001069142,0.5856565535385033
37-27-0.pt,0.6211897807046939,0.580040809282852
37-28-0.pt,0.6394003850978954,0.5879336484443424
37-29-0.pt,0.5677223380548568,0.6089648723396868
37-3-0.pt,0.2918256148176164,0.395785546893335
37-30-0.pt,0.6454512503598683,0.6563128628743323
37-31-0.pt,0.6379383311811448,0.6278378633128548
37-32-0.pt,0.5438399936127095,0.6631850063168403
37-33-0.pt,0.7561177624290188,0.6374984255858327
37-34-0.pt,0.6311271817590557,0.695726444884103
37-35-0.pt,0.6466261973279883,0.6969463588337681
37-36-0.pt,0.8010824038943087,0.7551542431688908
37-37-0.pt,0.797771388651409,0.7514988510049166
37-38-0.pt,0.7993260468542736,0.7700961168350627
37-39-0.pt,0.7886625514835122,0.7611283258477898
37-4-0.pt,0.4817425558219855,0.40867329079346354
37-40-0.pt,0.7863715685369582,0.7222414213830392
37-41-0.pt,0.7328754969136377,0.7647952099980921
37-42-0.pt,0.7897236740812283,0.7687913739059631
37-43-0.pt,0.6403519300422863,0.7711969521955043
37-44-0.pt,0.7695053590376162,0.776898949532589
37-45-0.pt,0.7796877619120268,0.7678882713441393
37-46-0.pt,0.7823407520276464,0.7539604081010998
37-47-0.pt,0.7719644124210131,0.7664321315138326
37-48-0.pt,0.7644640992440004,0.7604904418788561
37-49-0.pt,0.7068323388506615,0.7649363110179205
37-5-0.pt,0.3473075541060122,0.4107605037426667
37-50-0.pt,0.7675503701947847,0.7630818881067649
37-6-0.pt,0.3879982076511336,0.38685894556481304
37-7-0.pt,0.34204322992120584,0.3244437420399834
37-8-0.pt,0.3646892321475002,0.35848106355950066
37-9-0.pt,0.3154525830247539,0.48148600068485536
38-10-0.pt,0.2908851481124296,0.3405632577672314
38-11-0.pt,0.37422404846352536,0.32400075228868935
38-12-0.pt,0.48317366463738415,0.43228568689394725
38-13-0.pt,0.376457740474972,0.4435869457326285
38-14-0.pt,0.44684694401357206,0.4131582357991071
38-15-0.pt,0.34098840796917135,0.4502488466850967
38-16-0.pt,0.566050707873332,0.49214229222822636
38-17-0.pt,0.5641928140606125,0.5035325552995751
38-18-0.pt,0.514861850216381,0.56522396881864
38-19-0.pt,0.5359521164256914,0.558750319887171
38-2-0.pt,0.4312313267436288,0.39772393723125116
38-20-0.pt,0.614329389172537,0.559128812614769
38-21-0.pt,0.5700824730997633,0.503039462464609
38-22-0.pt,0.5019459452234606,0.5196753611497404
38-23-0.pt,0.6190468033330535,0.5605417584927423
38-24-0.pt,0.5925798882567045,0.580595037968869
38-25-0.pt,0.5584535108537323,0.5970743086829529
38-26-0.pt,0.5738240980589379,0.5820589188576124
38-27-0.pt,0.5835318743392552,0.5840968094044986
38-28-0.pt,0.5801324710525205,0.5846436910811926
38-29-0.pt,0.5585447755477928,0.5981801688730477
38-3-0.pt,0.2929637609673102,0.3483349240198636
38-30-0.pt,0.754668058102269,0.6198147863303433
38-31-0.pt,0.6465912002065476,0.657501596101906
38-32-0.pt,0.8075267639563358,0.6564122041485263
38-33-0.pt,0.7568522235770956,0.7170201211796436
38-34-0.pt,0.7479816442848537,0.6792447878887489
38-35-0.pt,0.8097879420859488,0.7450488517844024
38-36-0.pt,0.7975774545189455,0.7728624811408825
38-37-0.pt,0.7875769446736728,0.7834971280639558
38-38-0.pt,0.7943993170274521,0.7492478770681682
38-39-0.pt,0.6423561611763968,0.7477089408884489
38-4-0.pt,0.3377979687824926,0.4042159617159333
38-40-0.pt,0.7995934129109611,0.7384341829849022
38-41-0.pt,0.7728674367352112,0.7691264291740422
38-42-0.pt,0.7716219345340595,0.7702968489905786
38-43-0.pt,0.7802298538508093,0.7735894267893391
38-44-0.pt,0.7898431067634094,0.7681121300104469
38-45-0.pt,0.7692247513781878,0.7632071263725938
38-46-0.pt,0.7466684900654382,0.7663440477275457
38-47-0.pt,0.772232556067853,0.7621565932507824
38-48-0.pt,0.7676091800031352,0.7616337207662816
38-49-0.pt,0.7648983044499215,0.7516465924798809
38-5-0.pt,0.4531315920879014,0.39337070223780657
38-50-0.pt,0.7706917138647716,0.7607930294111823
38-6-0.pt,0.3231333106671645,0.36499903513076
38-7-0.pt,0.3065363944338973,0.3587484562948527
38-8-0.pt,0.29989681206263114,0.33016759988379607
38-9-0.pt,0.6536534779007618,0.3280331623095629
39-10-0.pt,0.3064943631162346,0.3202696420492903
39-11-0.pt,0.30021261660060633,0.3446457823183687
39-12-0.pt,0.4361969038528479,0.5639251322989716
39-13-0.pt,0.36349892618159235,0.43693952702526984
39-14-0.pt,0.3789862291377244,0.4776730922542577
39-15-0.pt,0.5113383151462361,0.45916041193646334
39-16-0.pt,0.5879379010094821,0.4941045887106078
39-17-0.pt,0.5348933145753005,0.5374574391014005
39-18-0.pt,0.545499544402607,0.5637099882635367
39-19-0.pt,0.4777185077910527,0.5728678122468942
39-2-0.pt,0.4222747469673546,0.4280556116140166
39-20-0.pt,0.5497929588321268,0.5588525903051182
39-21-0.pt,0.45804346018978864,0.5244926074603566
39-22-0.pt,0.39329793348182723,0.5397183759359653
39-23-0.pt,0.5533351501755246,0.5762735787872783
39-24-0.pt,0.5785163998561682,0.5982268661475697
39-25-0.pt,0.5910418951185513,0.611837526701066
39-26-0.pt,0.5685529027682865,0.5811983492075558
39-27-0.pt,0.5818002324962084,0.5832702299487876
39-28-0.pt,0.5461239985506344,0.5822692611995027
39-29-0.pt,0.5540080248831417,0.621047509906767
39-3-0.pt,0.31543962553837995,0.3944287401259083
39-30-0.pt,0.5816381283600953,0.6668651698069499
39-31-0.pt,0.642015418145671,0.6807966296812572
39-32-0.pt,0.6455032040319628,0.7023476209103745
39-33-0.pt,0.8094887379167914,0.6838170871980392
39-34-0.pt,0.8114385893361985,0.7450087363981859
39-35-0.pt,0.7894297036773109,0.7748492187024635
39-36-0.pt,0.8069517226515261,0.7734792637969663
39-37-0.pt,0.8074144361138696,0.7272382216554713
39-38-0.pt,0.6401358394872269,0.7066026708219745
39-39-0.pt,0.7001294825417809,0.7536799188213966
39-4-0.pt,0.5056299549038376,0.4012961109569645
39-40-0.pt,0.7908865730101646,0.7552509590622994
39-41-0.pt,0.7733645103501087,0.7680711305244254
39-42-0.pt,0.7766341221549801,0.7759332507056602
39-43-0.pt,0.7827887909478551,0.7741161844507443
39-44-0.pt,0.7801401589317956,0.7614071683202216
39-45-0.pt,0.770751565490693,0.7694555701269311
39-46-0.pt,0.7726207758391642,0.7647759920733628
39-47-0.pt,0.7683508210189368,0.7639464644671028
39-48-0.pt,0.7247908078353316,0.7652894249506614
39-49-0.pt,0.7159268985045083,0.7622933787886774
39-5-0.pt,0.5016707929763009,0.4039131044935254
39-50-0.pt,0.7644501788268063,0.7511840005659789
39-6-0.pt,0.3259821896536584,0.34750793896066406
39-7-0.pt,0.3643785946854868,0.35125245701633745
39-8-0.pt,0.30674272344226944,0.3421450854697935
39-9-0.pt,0.3865227899401576,0.3405819282870829
4-10-0.pt,0.023229828462464887,0.00932341320235933
4-11-0.pt,0.0,0.012701364129765792
4-12-0.pt,0.0,0.015938480385668943
4-13-0.pt,0.014809234136602765,0.03018111582088815
4-14-0.pt,0.029417741156290117,0.03127130964367522
4-15-0.pt,0.06404575523144146,0.028551988235436726
4-16-0.pt,0.07699018289863963,0.03705071388564366
4-17-0.pt,3.486716351664584e-05,0.02927583083810269
4-18-0.pt,0.032159753088292456,0.02586820445344377
4-19-0.pt,0.024943184758034746,0.025647202273131785
4-2-0.pt,0.0,0.035048489647144125
4-20-0.pt,0.03414721911852695,0.026590400668153234
4-21-0.pt,0.004831674342894647,0.030802011298146213
4-22-0.pt,0.044464819356889236,0.01463253851669854
4-23-0.pt,0.00752925977192384,0.02522750474931056
4-24-0.pt,0.008810355902003408,0.0174210370379687
4-25-0.pt,0.010088760155889196,0.01670152571808925
4-26-0.pt,0.011281417199347573,0.03354781290170332
4-27-0.pt,0.054431395418102435,0.017979594891412782
4-28-0.pt,0.05308100611443001,0.02564178157368256
4-29-0.pt,0.05764113852613625,0.034289030301389044
4-3-0.pt,0.038698947719390774,0.005827057412328721
4-30-0.pt,0.0157524426825974,0.031739337745196196
4-31-0.pt,0.0168139403346639,0.031803919278852365
4-32-0.pt,0.017784128731612968,0.03550702406847745
4-33-0.pt,0.04400635212011826,0.043790283551750936
4-34-0.pt,0.06110713822723564,0.04925736459143357
4-35-0.pt,0.060199763391664,0.053907154081045974
4-36-0.pt,0.056541638375744135,0.06097427527380495
4-37-0.pt,0.0631841570803039,0.05970221739773379
4-38-0.pt,0.06513818911208702,0.06468889551638426
4-39-0.pt,0.0701985977818103,0.06835921420516054
4-4-0.pt,0.04468415539816081,0.004088228235101352
4-40-0.pt,0.07409228433490371,0.07354251955345009
4-41-0.pt,0.07457748651837091,0.07433946401564395
4-42-0.pt,0.06664479295814901,0.0793665073248749
4-43-0.pt,0.0771227479772654,0.07186355917603923
4-44-0.pt,0.076582764884983,0.07368558929679628
4-45-0.pt,0.0719193293393761,0.07613662662266775
4-46-0.pt,0.07704378967551158,0.076783976279351
4-47-0.pt,0.07562903800724426,0.0784792224713049
4-48-0.pt,0.07915870705295587,0.07913043062687186
4-49-0.pt,0.07924937130111308,0.08114080683057029
4-5-0.pt,0.0,0.013837729347733222
4-50-0.pt,0.08334511687532564,0.08191856739440034
4-6-0.pt,0.0,0.006240206365453806
4-7-0.pt,0.01748673235633995,0.001870545952722509
4-8-0.pt,0.0,0.011900455890786754
4-9-0.pt,0.0,0.014316658356671279
40-10-0.pt,0.35220792074376917,0.3246743551442265
40-11-0.pt,0.3306034677984861,0.32374881824014895
40-12-0.pt,0.658305244538766,0.4362413056176761
40-13-0.pt,0.3506690756316259,0.39628642064901326
40-14-0.pt,0.43363181320514865,0.4298802408692119
40-15-0.pt,0.5667353693726773,0.47514806660709
40-16-0.pt,0.4523771204641116,0.5406062420179194
40-17-0.pt,0.5865069333255384,0.5359977241558226
40-18-0.pt,0.4391739545986186,0.5717886897281935
40-19-0.pt,0.7005358337699046,0.5439367767801712
40-2-0.pt,0.4604372867998014,0.413666034623077
40-20-0.pt,0.5775990253278236,0.5422795914017116
40-21-0.pt,0.5295179760267029,0.5253285991516673
40-22-0.pt,0.5005384625070252,0.5502852578687301
40-23-0.pt,0.5656677742355452,0.5817179829996043
40-24-0.pt,0.5556923615317202,0.5880365624309721
40-25-0.pt,0.5949859157636255,0.5870449560359926
40-26-0.pt,0.586046950764985,0.5840444493382553
40-27-0.pt,0.5715440865465652,0.5995249320090483
40-28-0.pt,0.5815790915085929,0.6079445053298755
40-29-0.pt,0.6503997232454893,0.6166301033489495
40-3-0.pt,0.4673195969303519,0.38238853440030945
40-30-0.pt,0.7545231155801109,0.6777577865564188
40-31-0.pt,0.6985759358554788,0.6823591947809289
40-32-0.pt,0.5835531588983771,0.6816785707950127
40-33-0.pt,0.6467034809855571,0.7182408046976967
40-34-0.pt,0.8075551954650629,0.7413574198071358
40-35-0.pt,0.7945787705136068,0.7558873893431433
40-36-0.pt,0.5845795967784486,0.794188576827276
40-37-0.pt,0.7546867588589354,0.697815035627142
40-38-0.pt,0.6427534404605938,0.7692264688826956
40-39-0.pt,0.7853895198060061,0.7546447742876328
40-4-0.pt,0.34558927473840506,0.43192452711625795
40-40-0.pt,0.7938055537833286,0.7576291518529805
40-41-0.pt,0.7777644146490758,0.7542885410633955
40-42-0.pt,0.783720828301967,0.772955396203537
40-43-0.pt,0.7731666254467575,0.759320750098048
40-44-0.pt,0.7228063204583536,0.7713273647101336
40-45-0.pt,0.7939609749786554,0.7575685974509876
40-46-0.pt,0.7638471798798986,0.7674039961247355
40-47-0.pt,0.775819674592232,0.7592671842683513
40-48-0.pt,0.7734716098331097,0.7585137960237114
40-49-0.pt,0.7680613867522164,0.7549785246897777
40-5-0.pt,0.5091739340178365,0.3987126460978131
40-50-0.pt,0.7757264809290978,0.7622000485804694
40-6-0.pt,0.326227587892935,0.3408816680151864
40-7-0.pt,0.31012482658280993,0.38395577652673996
40-8-0.pt,0.36464391455864903,0.3801251627622934
40-9-0.pt,0.3323460080844004,0.3551430666515979
41-10-0.pt,0.29799600779712104,0.33312956958568885
41-11-0.pt,0.2973350924923939,0.33103777970586085
41-12-0.pt,0.48969385512642355,0.43241842106021255
41-13-0.pt,0.3500790056310624,0.4411357634465362
41-14-0.pt,0.35995977573598215,0.4598470984923033
41-15-0.pt,0.42748328380786976,0.5301482491250775
41-16-0.pt,0.494252887290788,0.5656286450927566
41-17-0.pt,0.5266587369613904,0.5467745805742112
41-18-0.pt,0.5866905903594648,0.524174716696431
41-19-0.pt,0.5766523573506666,0.5540563037846791
41-2-0.pt,0.4083624570924435,0.4324645646786317
41-20-0.pt,0.6293493633816872,0.54614220719658
41-21-0.pt,0.6190570851978107,0.49783850939178864
41-22-0.pt,0.6403200049242593,0.5942502785637529
41-23-0.pt,0.6523978193262372,0.5891614846968499
41-24-0.pt,0.7021589988126152,0.5857494845261776
41-25-0.pt,0.5826012152078771,0.6008836308271741
41-26-0.pt,0.5343757931997917,0.6058170496297298
41-27-0.pt,0.7411357060017622,0.5924350036265672
41-28-0.pt,0.6113020614289089,0.6400879028650805
41-29-0.pt,0.6503432864308851,0.6728021926762751
41-3-0.pt,0.43875699566282284,0.41622365200528333
41-30-0.pt,0.7518747203153089,0.6817151803789577
41-31-0.pt,0.6416589000782511,0.6851489156739006
41-32-0.pt,0.6357405496760751,0.6823591196758237
41-33-0.pt,0.7001156800263718,0.7387027191766408
41-34-0.pt,0.5890133753739651,0.7516360222375789
41-35-0.pt,0.7960107537932036,0.6895291393703648
41-36-0.pt,0.7960594439061127,0.699812145211365
41-37-0.pt,0.7960506662962442,0.7533006258153979
41-38-0.pt,0.7863420570324665,0.7631822845322292
41-39-0.pt,0.7877724756414702,0.7784103515620667
41-4-0.pt,0.49668478638962177,0.3998249320169313
41-40-0.pt,0.7072066178216833,0.7784708035779415
41-41-0.pt,0.7805699456339169,0.771412390526128
41-42-0.pt,0.6567004489142894,0.7520082426965967
41-43-0.pt,0.7800809149176621,0.7532096669410017
41-44-0.pt,0.7838585516274487,0.7402520074397472
41-45-0.pt,0.7171912578283655,0.7680877216040047
41-46-0.pt,0.7724623325069317,0.7684550853492934
41-47-0.pt,0.7719373912963107,0.7478859981239755
41-48-0.pt,0.7757950836772459,0.7728517155654526
41-49-0.pt,0.7651827299325844,0.763277471015903
41-5-0.pt,0.42070825148637997,0.4247815075660057
41-50-0.pt,0.764059190100491,0.7593890881904732
41-6-0.pt,0.327769900043861,0.3574406250297667
41-7-0.pt,0.45370813697656504,0.34395804487782633
41-8-0.pt,0.4809646793224777,0.3469303042147784
41-9-0.pt,0.4004269833540102,0.3520664693301131
42-10-0.pt,0.3059846555304208,0.32241646396876505
42-11-0.pt,0.32086888574043043,0.3325625572836008
42-12-0.pt,0.428155304193874,0.5062715972659358
42-13-0.pt,0.6117635593868864,0.4009475806987606
42-14-0.pt,0.5712946070125063,0.49232016921449157
42-15-0.pt,0.6101528966873244,0.4740694776845892
42-16-0.pt,0.653161471511057,0.5213667845311337
42-17-0.pt,0.5571475362629146,0.5443714893281771
42-18-0.pt,0.5772091703223519,0.5481409654044864
42-19-0.pt,0.5525355073147651,0.5665251065637781
42-2-0.pt,0.4566501077884242,0.36158380681310304
42-20-0.pt,0.46511993940618923,0.5560201103222333
42-21-0.pt,0.5890014913787474,0.5658044262068836
42-22-0.pt,0.6383732428603435,0.585018094324165
42-23-0.pt,0.5581362948958971,0.6362456965668349
42-24-0.pt,0.5893821587057255,0.6190207644722725
42-25-0.pt,0.579801129017775,0.5992120703241813
42-26-0.pt,0.5922417963721616,0.5795567993499255
42-27-0.pt,0.6158614897250487,0.6431879500455531
42-28-0.pt,0.8136535648216304,0.6354528277404616
42-29-0.pt,0.7457380598112189,0.6745505569081761
42-3-0.pt,0.45698437007925735,0.4492353958736545
42-30-0.pt,0.8151652360282103,0.7090411994907537
42-31-0.pt,0.6366507538891739,0.6750259588265899
42-32-0.pt,0.7905674293489046,0.7102079909173439
42-33-0.pt,0.7909931727039372,0.6813103494247815
42-34-0.pt,0.7934315401878218,0.7221312444991406
42-35-0.pt,0.6406198352300341,0.7766350571976507
42-36-0.pt,0.8089742951494389,0.764088654238662
42-37-0.pt,0.7847980624621408,0.7872418509130413
42-38-0.pt,0.8007494166029249,0.7612482113611133
42-39-0.pt,0.7897010339507923,0.761524348425889
42-4-0.pt,0.34931487332187006,0.41072158638758816
42-40-0.pt,0.7777267849950931,0.7658224879385633
42-41-0.pt,0.5953550287864913,0.7545866393740043
42-42-0.pt,0.7831020853124302,0.7409806284510768
42-43-0.pt,0.7742659071719532,0.7624634482992233
42-44-0.pt,0.6562238406737121,0.7566512456001024
42-45-0.pt,0.7786597833670945,0.7419967860405419
42-46-0.pt,0.785351321146824,0.7173430048598926
42-47-0.pt,0.7682235202700473,0.7661041472903959
42-48-0.pt,0.817076247930363,0.7647877900641317
42-49-0.pt,0.7247778414512944,0.7611691438533889
42-5-0.pt,0.3579985595131948,0.4090674220564571
42-50-0.pt,0.7728134400718563,0.75557629875828
42-6-0.pt,0.3287754427530101,0.38557670794838744
42-7-0.pt,0.3202873892677945,0.37477649483371767
42-8-0.pt,0.3091721874737677,0.3928918989529753
42-9-0.pt,0.3117491130323868,0.3640535244044076
43-10-0.pt,0.3033652182211514,0.325888779089907
43-11-0.pt,0.32059332853988365,0.3860832191382963
43-12-0.pt,0.6514802998969362,0.43135716717746275
43-13-0.pt,0.41874242008432144,0.4313749831525258
43-14-0.pt,0.5727395509858253,0.4918391793737601
43-15-0.pt,0.4373240080233308,0.5124889545847439
43-16-0.pt,0.5328665987468828,0.549136261815527
43-17-0.pt,0.5077926649581025,0.5273478769571055
43-18-0.pt,0.5725180465302848,0.558273285484552
43-19-0.pt,0.5895343833300273,0.5487280327389571
43-2-0.pt,0.30748167810332344,0.41148314087836985
43-20-0.pt,0.4371039328943895,0.5649139956366563
43-21-0.pt,0.6510388976752424,0.5859689610019077
43-22-0.pt,0.570956888741149,0.6009019829314239
43-23-0.pt,0.5251362314149897,0.6091677362857872
43-24-0.pt,0.6553172001176143,0.6098171776884174
43-25-0.pt,0.6438996586172162,0.5881106889593353
43-26-0.pt,0.5284326603974446,0.6243457334875809
43-27-0.pt,0.703919516331066,0.6380310593401665
43-28-0.pt,0.5880361098550344,0.7139373510154395
43-29-0.pt,0.6393606458839749,0.6943558802542243
43-3-0.pt,0.48450129734394914,0.4430945241086181
43-30-0.pt,0.6529350307179748,0.6950816086464112
43-31-0.pt,0.6396720571893415,0.7543051908473872
43-32-0.pt,0.8014229510996912,0.735155744049002
43-33-0.pt,0.7998261412168296,0.6810008907025642
43-34-0.pt,0.6443927371187045,0.6877311002390513
43-35-0.pt,0.7787947426082972,0.7740182507448737
43-36-0.pt,0.784355710724176,0.7817656071096595
43-37-0.pt,0.7753387287567247,0.784359053912493
43-38-0.pt,0.7895114242335411,0.7790225222873698
43-39-0.pt,0.7788531208041861,0.7736126289337569
43-4-0.pt,0.34913841462419176,0.37979129198121564
43-40-0.pt,0.7806868961331459,0.7423836381199277
43-41-0.pt,0.7793589522342502,0.7619536939261089
43-42-0.pt,0.7692243177846684,0.7710583614325628
43-43-0.pt,0.7856952080846256,0.7524776356260184
43-44-0.pt,0.7145270802510539,0.7330268795481132
43-45-0.pt,0.653343333315649,0.772962128525414
43-46-0.pt,0.7789565269952179,0.7568623265459381
43-47-0.pt,0.7748051757717844,0.7603129185148377
43-48-0.pt,0.7283580714225689,0.742251687680966
43-49-0.pt,0.6559050148235169,0.7598036087678761
43-5-0.pt,0.3594032045107028,0.4128945058693862
43-50-0.pt,0.7820821146227424,0.7095025050707562
43-6-0.pt,0.48448616618666346,0.35764650960798056
43-7-0.pt,0.33286009432045877,0.36813331506103436
43-8-0.pt,0.4120040502870797,0.34234242415887134
43-9-0.pt,0.4208198985293717,0.3533924898329015
44-10-0.pt,0.3075419301582735,0.32891126304692364
44-11-0.pt,0.4125687292089837,0.349959327323885
44-12-0.pt,0.4141393293085283,0.5141636306966293
44-13-0.pt,0.33212552848718324,0.432581917539852
44-14-0.pt,0.5067044505445067,0.5015364605577288
44-15-0.pt,0.4183444400100833,0.5098408819500445
44-16-0.pt,0.6214852680590898,0.5383830149834126
44-17-0.pt,0.4129245621141409,0.5236026390477981
44-18-0.pt,0.5474153316722721,0.557389948011312
44-19-0.pt,0.5806926354481979,0.5429606400062038
44-2-0.pt,0.3251825781520069,0.4113974570550136
44-20-0.pt,0.5943961430327572,0.5572503707057589
44-21-0.pt,0.5311765067343246,0.5829645957509558
44-22-0.pt,0.6543717519410006,0.5893618291077852
44-23-0.pt,0.5917183147491366,0.6107072154004227
44-24-0.pt,0.6454491217075179,0.601644829849922
44-25-0.pt,0.5923854409889472,0.611066435176122
44-26-0.pt,0.6510356902825817,0.6370698552837379
44-27-0.pt,0.7637546756080886,0.679195981174475
44-28-0.pt,0.6423332209380395,0.7206134782121715
44-29-0.pt,0.7069800913086361,0.6866623413809789
44-3-0.pt,0.5079324783388524,0.39663712316635924
44-30-0.pt,0.7633773757722743,0.6756023789679334
44-31-0.pt,0.8098913382631859,0.705346028220992
44-32-0.pt,0.656021001799978,0.7015217771561908
44-33-0.pt,0.6402381436040446,0.7118774082444669
44-34-0.pt,0.6480883033023642,0.7362531117810763
44-35-0.pt,0.7921328521883749,0.7782717301206948
44-36-0.pt,0.7908428359840705,0.7746569106128987
44-37-0.pt,0.7909205451187343,0.7847675532778671
44-38-0.pt,0.7829845868038855,0.779629006826734
44-39-0.pt,0.7152001575463571,0.7657319155289143
44-4-0.pt,0.3486521829110504,0.3961079073163686
44-40-0.pt,0.7966073228537174,0.772642967011712
44-41-0.pt,0.8033578552847501,0.7742656323073677
44-42-0.pt,0.7780349076467198,0.7729471155705058
44-43-0.pt,0.78707067315003,0.7598850518145502
44-44-0.pt,0.7859040503447801,0.7297649998601337
44-45-0.pt,0.7857564730389189,0.7636350513506927
44-46-0.pt,0.793569363431663,0.7530317196478293
44-47-0.pt,0.7110962185871565,0.7641357219261331
44-48-0.pt,0.7908376873919001,0.720393728165083
44-49-0.pt,0.7762785143571544,0.7481597075043407
44-5-0.pt,0.42649463152651207,0.3774515627459964
44-50-0.pt,0.6598850639681019,0.7646124722211082
44-6-0.pt,0.3366414000226265,0.45803727019769924
44-7-0.pt,0.3838396690795782,0.3836375156665995
44-8-0.pt,0.3136847778213873,0.38294968093818565
44-9-0.pt,0.33094175977230217,0.37120378989242847
45-10-0.pt,0.3123290944274754,0.34074528922356995
45-11-0.pt,0.32480633620564564,0.4144059738715262
45-12-0.pt,0.5325144584639541,0.4706293089732438
45-13-0.pt,0.3897321535780343,0.46567109378701466
45-14-0.pt,0.6255795887915886,0.4856163662615069
45-15-0.pt,0.4200867251572318,0.5368147159576098
45-16-0.pt,0.5621622437611797,0.5471434959266276
45-17-0.pt,0.38823175242688773,0.5347694753424858
45-18-0.pt,0.5384886468558749,0.5419348265945141
45-19-0.pt,0.49800909744470423,0.572043465986149
45-2-0.pt,0.4388110352346689,0.4033775989237363
45-20-0.pt,0.5190677829638415,0.5884649345893344
45-21-0.pt,0.5352074937252173,0.5850257959054413
45-22-0.pt,0.5359206634017535,0.61424386502602
45-23-0.pt,0.6527466466141464,0.5982538043864357
45-24-0.pt,0.5688718070005399,0.6116892017483037
45-25-0.pt,0.6465127707640778,0.6015907686899873
45-26-0.pt,0.5907522935245371,0.6749096137652434
45-27-0.pt,0.5913299629531095,0.6539884058712889
45-28-0.pt,0.7083176933472887,0.7132622528498813
45-29-0.pt,0.6569337813725175,0.6807744277760345
45-3-0.pt,0.335417586225502,0.4828530502832706
45-30-0.pt,0.5674380965373935,0.7597057454784754
45-31-0.pt,0.6469780454038225,0.6616954417633887
45-32-0.pt,0.803101600765235,0.6693183047306974
45-33-0.pt,0.5930226875619815,0.7115206107324717
45-34-0.pt,0.7919122122753308,0.7708473031671573
45-35-0.pt,0.7819602469820863,0.7829675083910985
45-36-0.pt,0.7951124491816481,0.7710220772232126
45-37-0.pt,0.786085716739597,0.7734991299986055
45-38-0.pt,0.7826152809508163,0.7732758547627359
45-39-0.pt,0.7911552444258174,0.7661709067299298
45-4-0.pt,0.40655920406019314,0.413017114040968
45-40-0.pt,0.7899682236010356,0.7744997677100397
45-41-0.pt,0.7756376931629596,0.774127051529615
45-42-0.pt,0.6596904732630324,0.7767463233671176
45-43-0.pt,0.7759086500557151,0.7271827151345869
45-44-0.pt,0.772536168275782,0.768250224021662
45-45-0.pt,0.7212295246848202,0.7742239176182352
45-46-0.pt,0.7709261705414323,0.7688081883264709
45-47-0.pt,0.6707889661615455,0.7657796319990363
45-48-0.pt,0.7779107872970482,0.7459022594011555
45-49-0.pt,0.7787082994567991,0.7459396890320737
45-5-0.pt,0.363446951995504,0.3964848145956157
45-50-0.pt,0.7745257599727373,0.73047784393041
45-6-0.pt,0.549923248062129,0.3810980322773913
45-7-0.pt,0.38972281537449327,0.35662745183843386
45-8-0.pt,0.3737404578225585,0.3558920532899239
45-9-0.pt,0.41221787694064665,0.35127732307451004
46-10-0.pt,0.3227620883217311,0.33869392265902454
46-11-0.pt,0.3823767454104869,0.442050292948173
46-12-0.pt,0.5880014523266176,0.44656691915351443
46-13-0.pt,0.3322412641924392,0.45966396949778615
46-14-0.pt,0.4994372527447865,0.527013781121404
46-15-0.pt,0.53849442889028,0.5333560710379778
46-16-0.pt,0.6494379216076095,0.5205294179234056
46-17-0.pt,0.5213503792705871,0.5514633598192235
46-18-0.pt,0.5633002177290786,0.56442316248266
46-19-0.pt,0.5696395590463726,0.5864135295081574
46-2-0.pt,0.43921064415583844,0.4298103565499193
46-20-0.pt,0.5655032209429379,0.592422096493296
46-21-0.pt,0.6554191409432129,0.5967839179764008
46-22-0.pt,0.5667633742248057,0.5840446182755823
46-23-0.pt,0.6350138991511591,0.6044582442877817
46-24-0.pt,0.58936154553389,0.5924480061520857
46-25-0.pt,0.5943901823155967,0.6213305126242821
46-26-0.pt,0.8179608586064792,0.6540797624564066
46-27-0.pt,0.5906211170674487,0.7165396327164366
46-28-0.pt,0.6581524372980601,0.7079952547061701
46-29-0.pt,0.7067884169497962,0.7587295843723845
46-3-0.pt,0.3348302047761642,0.46485108243097945
46-30-0.pt,0.8189363396593714,0.6954412836597109
46-31-0.pt,0.5969779389552602,0.7380650276685934
46-32-0.pt,0.7923054905477036,0.6705435099349975
46-33-0.pt,0.7695506531049431,0.7529429962489189
46-34-0.pt,0.7938026138271573,0.7748005927584658
46-35-0.pt,0.8037484345535003,0.7613321330786573
46-36-0.pt,0.6514229174607082,0.7956761692410603
46-37-0.pt,0.7984099129588283,0.7664985129826506
46-38-0.pt,0.7824564701005904,0.7792279686121212
46-39-0.pt,0.7873073731917272,0.7692591839768419
46-4-0.pt,0.4162156793846124,0.41387211962791576
46-40-0.pt,0.7200996805761576,0.7832581027181132
46-41-0.pt,0.7954724207156136,0.7525852979661369
46-42-0.pt,0.826601673883027,0.7275410945879249
46-43-0.pt,0.7928881514514072,0.7806800303309198
46-44-0.pt,0.7919971921010837,0.7808129065856219
46-45-0.pt,0.7947138459120906,0.7541525045760946
46-46-0.pt,0.720546766194417,0.76963486837296
46-47-0.pt,0.7720066407538579,0.7314341322834418
46-48-0.pt,0.7275241829848949,0.7603591552777192
46-49-0.pt,0.7153892912080289,0.7656179733295114
46-5-0.pt,0.3607791634638916,0.42845113094798914
46-50-0.pt,0.7647674310855552,0.7442736588342505
46-6-0.pt,0.41026529950750285,0.39161380662280587
46-7-0.pt,0.3268572733756431,0.38174409348787486
46-8-0.pt,0.317793111718268,0.3569501115571516
46-9-0.pt,0.37162986350454585,0.3563688119432588
47-10-0.pt,0.3907135444203447,0.3500653938761551
47-11-0.pt,0.5835410327964422,0.385173342587173
47-12-0.pt,0.3838161803994943,0.5131124518856607
47-13-0.pt,0.4054191554071325,0.4376970023053618
47-14-0.pt,0.6179535558005153,0.4474621786236763
47-15-0.pt,0.6432586683724556,0.5125722907524914
47-16-0.pt,0.5453495052712889,0.5295450883587007
47-17-0.pt,0.5751927691066154,0.5681854043590265
47-18-0.pt,0.6437685588368126,0.5505115860576378
47-19-0.pt,0.6644751265863548,0.5871748053441573
47-2-0.pt,0.4229775163440902,0.451660496477081
47-20-0.pt,0.6560168536085835,0.5939497581217882
47-21-0.pt,0.6381643049626371,0.6079449332585907
47-22-0.pt,0.5725989413589228,0.6050524466555892
47-23-0.pt,0.653465112030006,0.5887223228323105
47-24-0.pt,0.5907629057257928,0.6164977542583844
47-25-0.pt,0.5963812123629414,0.644154194381245
47-26-0.pt,0.5915175394042169,0.6910251997813498
47-27-0.pt,0.7685612938510514,0.6844360983188312
47-28-0.pt,0.8047020731539926,0.7025293904642961
47-29-0.pt,0.820281910222889,0.7130780245020537
47-3-0.pt,0.47140450791920535,0.35545669853853984
47-30-0.pt,0.6383618876917542,0.7366699405517619
47-31-0.pt,0.7943146301077441,0.7023044425559086
47-32-0.pt,0.8099420492887692,0.7381308338729254
47-33-0.pt,0.7190405106743323,0.7887666298292105
47-34-0.pt,0.7934779706450454,0.7875315184173389
47-35-0.pt,0.8348183128826872,0.7727760059363556
47-36-0.pt,0.798223699631534,0.76827083430007
47-37-0.pt,0.7238779435569863,0.7880368999161793
47-38-0.pt,0.794882924051602,0.7709497953495241
47-39-0.pt,0.789060085522718,0.7745871206408195
47-4-0.pt,0.49714841304583085,0.38759426106252803
47-40-0.pt,0.7919750618887643,0.7521235120836219
47-41-0.pt,0.6813870623459655,0.7662329211120013
47-42-0.pt,0.7913494344486826,0.7816881744849559
47-43-0.pt,0.78580893467933,0.7739556383732666
47-44-0.pt,0.8004135812870026,0.7805053146523719
47-45-0.pt,0.7877475893174148,0.7561374537562795
47-46-0.pt,0.7328863069892741,0.7605611460784267
47-47-0.pt,0.7256937009119359,0.7531559261959865
47-48-0.pt,0.7704709365981445,0.768256568484269
47-49-0.pt,0.7763217967588425,0.7537311526494657
47-5-0.pt,0.5060368925338063,0.415943330954422
47-50-0.pt,0.7650791672375873,0.7579960231782901
47-6-0.pt,0.34074895624335144,0.40720708106407166
47-7-0.pt,0.3912561469261829,0.3575181356302644
47-8-0.pt,0.3178031189665861,0.34700393078452835
47-9-0.pt,0.32569957978912983,0.3616574831989901
48-10-0.pt,0.3238213395997908,0.4081436366522207
48-11-0.pt,0.34702273937429834,0.4538901767036219
48-12-0.pt,0.6224398114047417,0.43126988497764385
48-13-0.pt,0.42754071503339847,0.47583774713212224
48-14-0.pt,0.3992747109571294,0.4930964581572736
48-15-0.pt,0.46912102280609186,0.5757953670136204
48-16-0.pt,0.586703555160592,0.5300786869224142
48-17-0.pt,0.5146769527987248,0.5589138946670398
48-18-0.pt,0.5996393001365407,0.5438558583716677
48-19-0.pt,0.6005274802968372,0.6194391521525998
48-2-0.pt,0.47780819700746313,0.44011500863880326
48-20-0.pt,0.5977917905102166,0.6193702692995228
48-21-0.pt,0.59463164316291,0.6302995587759385
48-22-0.pt,0.5169392703063584,0.5991726961144331
48-23-0.pt,0.5229533740964133,0.6169024857261904
48-24-0.pt,0.6120908702499135,0.6006583872235088
48-25-0.pt,0.5998259836293018,0.6875558414358388
48-26-0.pt,0.8229586873083202,0.6589131810919316
48-27-0.pt,0.6451518596576935,0.6904560952734896
48-28-0.pt,0.6481178352672442,0.7528144246062943
48-29-0.pt,0.658097592210803,0.7428511107606593
48-3-0.pt,0.3439792960708497,0.43255307429480117
48-30-0.pt,0.7906828163227805,0.7132853445668442
48-31-0.pt,0.6034707182095671,0.6939285258244579
48-32-0.pt,0.7147043467151487,0.7760012755793382
48-33-0.pt,0.7973039324662083,0.7684309523908048
48-34-0.pt,0.7882105089579305,0.7871549995129603
48-35-0.pt,0.8028183710705967,0.7962615577693225
48-36-0.pt,0.7886099583781827,0.7806963383452635
48-37-0.pt,0.791110149153562,0.7792868142962008
48-38-0.pt,0.8035548001303204,0.7813372940171782
48-39-0.pt,0.7878833527270064,0.7742589710255169
48-4-0.pt,0.3539460913108876,0.4183569524609826
48-40-0.pt,0.7172123918902911,0.7496748512798297
48-41-0.pt,0.7762244706449996,0.7664793779208068
48-42-0.pt,0.6474110092185326,0.7730462721730131
48-43-0.pt,0.7811652065091147,0.7840871064508874
48-44-0.pt,0.7889812861104555,0.7868407030236267
48-45-0.pt,0.6891288401376588,0.7768490610414824
48-46-0.pt,0.79295539192788,0.7408067920849143
48-47-0.pt,0.7743760810676416,0.7465158984761247
48-48-0.pt,0.8104997681798012,0.7601687292879519
48-49-0.pt,0.7384926795658506,0.7596889549167046
48-5-0.pt,0.42243063986238405,0.4840300539031318
48-50-0.pt,0.7727323083486332,0.755627266672588
48-6-0.pt,0.37967184881649935,0.3779829399046355
48-7-0.pt,0.33524556540922373,0.3683071665992088
48-8-0.pt,0.3311967928020021,0.38025697127358615
48-9-0.pt,0.3314975856489864,0.38213422869773933
49-10-0.pt,0.38875094452664727,0.38452292422878204
49-11-0.pt,0.4057714158224775,0.44630510670052964
49-12-0.pt,0.47432047966147384,0.47439536010217703
49-13-0.pt,0.5631426290344317,0.4779683675844264
49-14-0.pt,0.43957296908916554,0.4773275493479229
49-15-0.pt,0.4280120466859504,0.5806226138473249
49-16-0.pt,0.5451708275108824,0.5839020194400985
49-17-0.pt,0.5020323791949644,0.5564898553975706
49-18-0.pt,0.5513358674334252,0.5855082523495995
49-19-0.pt,0.5906264134344497,0.6220271427516462
49-2-0.pt,0.4630428526827518,0.4408139189488666
49-20-0.pt,0.7144741112040294,0.6200393247778047
49-21-0.pt,0.661618043456017,0.6046469688447456
49-22-0.pt,0.5766237712176215,0.6259570296130718
49-23-0.pt,0.6588699825332621,0.6318590576989737
49-24-0.pt,0.5933928971566668,0.6510211491984648
49-25-0.pt,0.715663153943966,0.6463839297684428
49-26-0.pt,0.6591646197419533,0.7145744119918708
49-27-0.pt,0.8031668856156079,0.7248748016294667
49-28-0.pt,0.7971411348469696,0.7598214155354287
49-29-0.pt,0.6556531600416633,0.7290059956491878
49-3-0.pt,0.3408727988394831,0.390133090172248
49-30-0.pt,0.8110707186135323,0.7042214976591532
49-31-0.pt,0.7228655317365343,0.7688626221729323
49-32-0.pt,0.7904825490607692,0.7824738110718376
49-33-0.pt,0.8111584114316427,0.7874581044131587
49-34-0.pt,0.8079865164267166,0.7955868989050704
49-35-0.pt,0.8049780752374245,0.7907648788364376
49-36-0.pt,0.8085050994744163,0.7977808064453278
49-37-0.pt,0.8068127543796163,0.7922208167254661
49-38-0.pt,0.8058748233722164,0.779126350132811
49-39-0.pt,0.6587207915286126,0.7628364826589491
49-4-0.pt,0.3548285240790976,0.44528562363967134
49-40-0.pt,0.7299255384503234,0.7604137434904918
49-41-0.pt,0.7785956105296835,0.7776635899732212
49-42-0.pt,0.8152312798433867,0.7877630763733298
49-43-0.pt,0.8189827520799127,0.794300048935619
49-44-0.pt,0.8374026261403569,0.785556382842612
49-45-0.pt,0.7906169307051545,0.7727299215867884
49-46-0.pt,0.7814116967391191,0.7508921901065462
49-47-0.pt,0.6643597156888953,0.7831463694349681
49-48-0.pt,0.7729838509242021,0.7465276350601517
49-49-0.pt,0.7320735643065677,0.7449170739241989
49-5-0.pt,0.5560859381388952,0.4164447983025594
49-50-0.pt,0.7416176428650038,0.7455852817968761
49-6-0.pt,0.3727271603317024,0.382062944222325
49-7-0.pt,0.34275880565187844,0.36804764491732433
49-8-0.pt,0.5039940686716624,0.3551316646820646
49-9-0.pt,0.3936685496758191,0.36985189555966497
5-10-0.pt,0.02365232592405859,0.00882791232098551
5-11-0.pt,0.019781218627266846,0.014456733511155227
5-12-0.pt,0.0244702208087324,0.01261073211628574
5-13-0.pt,0.07132845335593399,0.021574845376133685
5-14-0.pt,0.03337346871292243,0.0372798951929927
5-15-0.pt,0.03629844643952652,0.034342494340744205
5-16-0.pt,0.0498543746456403,0.026276200279629194
5-17-0.pt,0.005672552028626596,0.039425405182117984
5-18-0.pt,0.04555309317743466,0.020951411813432307
5-19-0.pt,0.008679069420973743,0.03495112022775297
5-2-0.pt,0.07333174008147578,0.010490890756833272
5-20-0.pt,0.03058905128862536,0.03270225470889487
5-21-0.pt,0.04678295773074944,0.032523449914832595
5-22-0.pt,0.042268169362015655,0.04534539101032801
5-23-0.pt,0.05280451236495706,0.0492630274146655
5-24-0.pt,0.057420364480837115,0.042821876947809534
5-25-0.pt,0.04837130934558301,0.04003765345407966
5-26-0.pt,0.05795247310929885,0.05033279798465587
5-27-0.pt,0.05815262138472631,0.04715710702795961
5-28-0.pt,0.05792465315410639,0.05788448653025031
5-29-0.pt,0.0654422212475205,0.0627506575049614
5-3-0.pt,0.007773632747720938,0.014694947897289116
5-30-0.pt,0.06708381547042977,0.06573595340676451
5-31-0.pt,0.06984688843876675,0.06805707838524397
5-32-0.pt,0.06713804939996956,0.08533774060892271
5-33-0.pt,0.10463491240966727,0.07116497834116488
5-34-0.pt,0.07090723573339236,0.08075968273113676
5-35-0.pt,0.07447847597496116,0.07612215458188537
5-36-0.pt,0.0739713990493794,0.07925220381849225
5-37-0.pt,0.08000649563133588,0.0792065536406568
5-38-0.pt,0.08107023920064116,0.08067534810828719
5-39-0.pt,0.0814862681874971,0.08022713747675833
5-4-0.pt,0.0,0.0029026567577547205
5-40-0.pt,0.08123704018903369,0.08430625509092504
5-41-0.pt,0.08151929307255935,0.08309400251534968
5-42-0.pt,0.08607909426098366,0.08511341821442055
5-43-0.pt,0.08762728731355132,0.08641725402359017
5-44-0.pt,0.08923445207302286,0.08807382247156076
5-45-0.pt,0.0894405874176829,0.08897524572283422
5-46-0.pt,0.09062246052445494,0.09026268424604138
5-47-0.pt,0.08977161309175269,0.09116129077155098
5-48-0.pt,0.09053359441178951,0.09256625536645953
5-49-0.pt,0.09420857015719697,0.09412072693910706
5-5-0.pt,0.0,0.003908115864797618
5-50-0.pt,0.09492370282028442,0.10486800872951758
5-6-0.pt,0.0,0.003057932263332118
5-7-0.pt,0.0,0.008490611853998136
5-8-0.pt,0.020689255161246336,0.010806915486952538
5-9-0.pt,7.278506950572996e-07,0.009398923068192134
50-10-0.pt,0.385216469503816,0.4082540063978995
50-11-0.pt,0.42312341206703485,0.4262872929818904
50-12-0.pt,0.45263407732616745,0.48341067305930113
50-13-0.pt,0.4615616244116829,0.5049660975860493
50-14-0.pt,0.5530626440804534,0.49802211170374694
50-15-0.pt,0.5864028153893683,0.5354274305909592
50-16-0.pt,0.6668977761655792,0.5615624875177416
50-17-0.pt,0.6633696665001855,0.5841580023143765
50-18-0.pt,0.5215750827091089,0.5887968792679875
50-19-0.pt,0.5866615703822902,0.6201367105946841
50-2-0.pt,0.44636959199962034,0.4469426353705671
50-20-0.pt,0.6533688243465043,0.6187294486560462
50-21-0.pt,0.6039925580168355,0.5985473034632667
50-22-0.pt,0.6525716536352585,0.603525453634186
50-23-0.pt,0.6593890355946926,0.6334583246282253
50-24-0.pt,0.651008956904593,0.6590405330693043
50-25-0.pt,0.6634075591478976,0.6995598924687234
50-26-0.pt,0.6391555422887267,0.7074820814981049
50-27-0.pt,0.7999741325166622,0.761975578536533
50-28-0.pt,0.8058759752730972,0.7075556243067196
50-29-0.pt,0.8034035772539598,0.724393101376757
50-3-0.pt,0.3945429355774047,0.38758397709084397
50-30-0.pt,0.650064093426415,0.7680399489992985
50-31-0.pt,0.8185897290105736,0.7470753343359848
50-32-0.pt,0.795717899455078,0.7878405267626909
50-33-0.pt,0.7421700374438971,0.7909501024523938
50-34-0.pt,0.8003589270432941,0.793324895963553
50-35-0.pt,0.8028111382504005,0.7992609523996939
50-36-0.pt,0.8116353151716827,0.7957230790120164
50-37-0.pt,0.8217093343631443,0.7830315207038667
50-38-0.pt,0.7263114730718827,0.8002987893265932
50-39-0.pt,0.7781192188630044,0.7397891064776831
50-4-0.pt,0.516509436678843,0.394935387242099
50-40-0.pt,0.786705971821464,0.7712100816129761
50-41-0.pt,0.7832925003319358,0.7893023738631207
50-42-0.pt,0.786906535666245,0.7999010574005213
50-43-0.pt,0.8151452540188069,0.8042370211490866
50-44-0.pt,0.808469235731335,0.7927991943199613
50-45-0.pt,0.7797970206721694,0.7835222617279319
50-46-0.pt,0.7682142254801054,0.7568300831809055
50-47-0.pt,0.8008868015211509,0.730867551386317
50-48-0.pt,0.7656981455967499,0.7557790582616942
50-49-0.pt,0.7284123865854866,0.7496431057198145
50-5-0.pt,0.3699166680098988,0.4951787015152112
50-50-0.pt,0.7420801395198989,0.7489357689172962
50-6-0.pt,0.3535157575457085,0.382079806890993
50-7-0.pt,0.40870484498692833,0.36459742926053346
50-8-0.pt,0.34215499357926743,0.3595594477816425
50-9-0.pt,0.40174953888412857,0.3803701226916135
6-10-0.pt,7.317911227662166e-05,0.023691538249027245
6-11-0.pt,0.00022217904298109048,0.022945750319082123
6-12-0.pt,0.0023563514535441888,0.022457895805348214
6-13-0.pt,0.03722355177822437,0.030932878068808047
6-14-0.pt,0.032273828817541206,0.03308304351391375
6-15-0.pt,0.033024690766360915,0.03387606869143249
6-16-0.pt,0.03771088033194078,0.03266871638638237
6-17-0.pt,0.047012088487099965,0.031877994446894604
6-18-0.pt,0.013065897052524224,0.033635639173928145
6-19-0.pt,0.05652907699026237,0.033024499782872765
6-2-0.pt,0.0,0.03329053895273303
6-20-0.pt,0.015863009983628266,0.053558717380027425
6-21-0.pt,0.0610005528993728,0.03619061481643955
6-22-0.pt,0.06275257714058477,0.04013812161793546
6-23-0.pt,0.01976958748372773,0.05531719401845455
6-24-0.pt,0.0612395533226349,0.052934816186569894
6-25-0.pt,0.0680431023341593,0.06216565373200649
6-26-0.pt,0.06899492024421418,0.06992836163663242
6-27-0.pt,0.06734484074755688,0.08974446665291262
6-28-0.pt,0.12297179912501217,0.07362399060146461
6-29-0.pt,0.07560312549688475,0.10002833573658004
6-3-0.pt,0.0,0.007404133269332974
6-30-0.pt,0.11749838960009189,0.07565791355448298
6-31-0.pt,0.07950566279100035,0.08523815221774032
6-32-0.pt,0.07858018390031205,0.08440343861635147
6-33-0.pt,0.08210981662951108,0.08528340615686075
6-34-0.pt,0.0817722992339262,0.08352308934653566
6-35-0.pt,0.0845379643095943,0.08573351561114287
6-36-0.pt,0.08534256732068793,0.0865589866476558
6-37-0.pt,0.08803299869535527,0.088194839720262
6-38-0.pt,0.08945803624854368,0.08943401304857809
6-39-0.pt,0.09096611969025528,0.08976309185501094
6-4-0.pt,0.0,0.0017123602085489609
6-40-0.pt,0.09056306847280621,0.09285312857202517
6-41-0.pt,0.09347810624585098,0.10232436138876085
6-42-0.pt,0.09341217888833091,0.10234520670198834
6-43-0.pt,0.09635154398073555,0.10917662409999883
6-44-0.pt,0.14619097101822223,0.0985659806186524
6-45-0.pt,0.0990435617589073,0.13224584412125887
6-46-0.pt,0.09627348542310277,0.12747719735721807
6-47-0.pt,0.14680050855888366,0.10481017108676055
6-48-0.pt,0.10056173005379002,0.10959210392903967
6-49-0.pt,0.10334039768431007,0.10900316616929501
6-5-0.pt,1.605671633938564e-05,0.0029157609704446807
6-50-0.pt,0.10142430968099851,0.10918057854428066
6-6-0.pt,0.015708799679568643,0.004642640436527049
6-7-0.pt,0.022782862212168898,0.00632771128214791
6-8-0.pt,7.249378618418034e-05,0.009590797154811181
6-9-0.pt,6.887461535388096e-05,0.016346346919808373
7-10-0.pt,0.028925527258858105,0.014528169032198734
7-11-0.pt,0.039241036534589595,0.02277935824060994
7-12-0.pt,0.007654041482677426,0.03982092945120955
7-13-0.pt,0.04090543105274367,0.030811007334761248
7-14-0.pt,0.011616706246524597,0.02907582323755978
7-15-0.pt,0.052372611123849895,0.035374049170503
7-16-0.pt,0.054176469484359946,0.053951053343677655
7-17-0.pt,0.11111072075271201,0.03335979726799972
7-18-0.pt,0.018112542999819493,0.05284839288009583
7-19-0.pt,0.019484403682660034,0.05003917947505876
7-2-0.pt,0.0,0.030984447793651792
7-20-0.pt,0.020957599282178024,0.05584624269746946
7-21-0.pt,0.06290775262621828,0.05170925821328394
7-22-0.pt,0.046987377929556776,0.06931299333671101
7-23-0.pt,0.06648257533688212,0.07395395403258814
7-24-0.pt,0.06977430304165963,0.0839368601557805
7-25-0.pt,0.05027054229510507,0.08463712187405081
7-26-0.pt,0.07445874995721048,0.08332156245212927
7-27-0.pt,0.07850119924750164,0.07942192509044155
7-28-0.pt,0.08100921604647479,0.09039018303912867
7-29-0.pt,0.08324956859403797,0.087528019945604
7-3-0.pt,0.013339542066337157,0.0053623841935702896
7-30-0.pt,0.08513169892310682,0.08573088589486533
7-31-0.pt,0.08618909683349735,0.08575284290780909
7-32-0.pt,0.0863768994764546,0.0889227531426609
7-33-0.pt,0.0893386807387381,0.09196737804027659
7-34-0.pt,0.08983780554045545,0.09381311011941068
7-35-0.pt,0.15129165976279277,0.095119683980787
7-36-0.pt,0.09389628109769504,0.11577447551171254
7-37-0.pt,0.09576499945234412,0.10191828006274556
7-38-0.pt,0.1405176427756199,0.11202507625698425
7-39-0.pt,0.0969370920609158,0.1136944770020441
7-4-0.pt,0.0,0.0022313603742235674
7-40-0.pt,0.09944357154217348,0.11399714756157789
7-41-0.pt,0.1461576909729721,0.10752340187977066
7-42-0.pt,0.09950485199892234,0.10673559492298826
7-43-0.pt,0.10323145731988656,0.1105124116394667
7-44-0.pt,0.10313689634400236,0.10432792664693954
7-45-0.pt,0.1038841747228591,0.1078017981446822
7-46-0.pt,0.10627434171196898,0.1058845383333016
7-47-0.pt,0.10569958667005361,0.10819300195498174
7-48-0.pt,0.10828726336253469,0.11564343016287
7-49-0.pt,0.11003465922025193,0.11175088363847342
7-5-0.pt,0.0001382869430572009,0.0038704706908069303
7-50-0.pt,0.10934572733113301,0.11552754396285962
7-6-0.pt,0.0002185776500361175,0.01128977184426014
7-7-0.pt,0.0046323871634388475,0.014975184883618601
7-8-0.pt,0.028562936156644483,0.017581490866441323
7-9-0.pt,0.029485916435185083,0.015174049044708572
8-10-0.pt,0.008612851745365722,0.028256097168930967
8-11-0.pt,0.04205162136821927,0.048805311017698735
8-12-0.pt,0.0955230689509537,0.026115766395242837
8-13-0.pt,0.01442890739726623,0.03809570160950856
8-14-0.pt,0.03796304289053554,0.04318413262555298
8-15-0.pt,0.05945640123388039,0.04224155888082264
8-16-0.pt,0.019579386331842367,0.0466237260122706
8-17-0.pt,0.05398257360637018,0.04304292778332576
8-18-0.pt,0.06034334245292487,0.0539119452827257
8-19-0.pt,0.056334603981919716,0.06512626293235285
8-2-0.pt,0.0015681223513936036,0.04067218136716837
8-20-0.pt,0.11338053212651764,0.06485468859769879
8-21-0.pt,0.06708874124151051,0.08092217170771546
8-22-0.pt,0.07359346381973428,0.07730053730231365
8-23-0.pt,0.07540436723050256,0.07646257908883967
8-24-0.pt,0.06908864568219945,0.08366103646095299
8-25-0.pt,0.13606495903961285,0.08076433636858657
8-26-0.pt,0.08121253603411122,0.08268294514830944
8-27-0.pt,0.0834956688216994,0.0876147154486225
8-28-0.pt,0.08898603085934266,0.08811054489390756
8-29-0.pt,0.09076777406970077,0.08898186864586806
8-3-0.pt,0.014903544964426212,0.010680604266238793
8-30-0.pt,0.09174795014601103,0.09065130569383285
8-31-0.pt,0.09202912091126347,0.1048855849597738
8-32-0.pt,0.09489715558530538,0.10163090014641338
8-33-0.pt,0.09414228094828592,0.11614832667405438
8-34-0.pt,0.1375063083745057,0.11313099602870506
8-35-0.pt,0.09720630706508121,0.11462703717540762
8-36-0.pt,0.14696746910055294,0.11027383462122432
8-37-0.pt,0.10124378909783162,0.1055087665854254
8-38-0.pt,0.10346497460155726,0.11522840505291117
8-39-0.pt,0.10350326426251412,0.11313267550197147
8-4-0.pt,0.00017744844683982385,0.006258317248239286
8-40-0.pt,0.1064189519045354,0.11843772128136668
8-41-0.pt,0.10499723173827501,0.12283026775950664
8-42-0.pt,0.1650630112965254,0.10828981195629094
8-43-0.pt,0.10786397740588727,0.11155642016843494
8-44-0.pt,0.11069849294758248,0.1154171261332086
8-45-0.pt,0.11183749833429212,0.11621290635861492
8-46-0.pt,0.11508555983136537,0.12687545543305853
8-47-0.pt,0.1737525935980622,0.11634278540318178
8-48-0.pt,0.11579769913678173,0.14402449546037885
8-49-0.pt,0.11791769408401168,0.13167248696064557
8-5-0.pt,0.00012244120446038123,0.0068288719826450055
8-50-0.pt,0.11606926054968149,0.12802325671288844
8-6-0.pt,0.012794016159703327,0.008205773447002795
8-7-0.pt,0.05290701703388501,0.020026010944381053
8-8-0.pt,0.0026912047411215933,0.024434531649846204
8-9-0.pt,0.005833096702021501,0.02395171375303309
9-10-0.pt,0.04797812010370959,0.03835882770335422
9-11-0.pt,0.014737590812956978,0.04029531028241631
9-12-0.pt,0.016570725311816612,0.03991343928850474
9-13-0.pt,0.05057336243395562,0.041357237221225765
9-14-0.pt,0.020382216951409873,0.04977352544184318
9-15-0.pt,0.02200891683046583,0.05051751588491796
9-16-0.pt,0.06053158540151459,0.05940319404644992
9-17-0.pt,0.07157293468947627,0.06716576126722884
9-18-0.pt,0.06934303945144835,0.06841818347042569
9-19-0.pt,0.0717043490344318,0.08942958138005838
9-2-0.pt,0.012668114302340201,0.05229508769666461
9-20-0.pt,0.07587841660047223,0.08121681465247578
9-21-0.pt,0.07645733083316338,0.07788439190069014
9-22-0.pt,0.08350922322550036,0.08892379326881956
9-23-0.pt,0.08171912107064963,0.08791675603595998
9-24-0.pt,0.08448990604990352,0.08599286097028525
9-25-0.pt,0.08735200419590458,0.09362385051399859
9-26-0.pt,0.09096051939438367,0.09022473167256782
9-27-0.pt,0.08971158932480111,0.10285649684637059
9-28-0.pt,0.09297829673051167,0.10390904024438145
9-29-0.pt,0.09439364561433056,0.11068019724650206
9-3-0.pt,0.0023785866219266875,0.03153074056133546
9-30-0.pt,0.14890043623145527,0.11152613579841034
9-31-0.pt,0.09958394863638532,0.1258226195478246
9-32-0.pt,0.10023249892543792,0.12371206253332834
9-33-0.pt,0.10249229279520126,0.1323884041266023
9-34-0.pt,0.16400670436121767,0.10645290163308485
9-35-0.pt,0.10562330282137894,0.11992933553448512
9-36-0.pt,0.10793556842545651,0.1109993813758543
9-37-0.pt,0.10657628491358229,0.1224646312948592
9-38-0.pt,0.11002140072342068,0.12225862195437891
9-39-0.pt,0.1107013584165162,0.11761527954028345
9-4-0.pt,0.0014074836685720067,0.010671147032807887
9-40-0.pt,0.11268336072429352,0.11495654231376183
9-41-0.pt,0.11098545707290419,0.11899322304514515
9-42-0.pt,0.11557360422560076,0.1292012823857855
9-43-0.pt,0.1154024614869743,0.13236915099943267
9-44-0.pt,0.11900030474952411,0.11905576907261578
9-45-0.pt,0.11976461138090874,0.12563995710746012
9-46-0.pt,0.12108094482770757,0.13609060490018915
9-47-0.pt,0.12138056306283286,0.15228189872037676
9-48-0.pt,0.1877552158440084,0.14260767386080034
9-49-0.pt,0.15908389762442907,0.15346047168922247
9-5-0.pt,0.0006180389482076634,0.013169561797318435
9-50-0.pt,0.12405662695918246,0.1620205100217481
9-6-0.pt,0.0009082700082251698,0.02559111232497353
9-7-0.pt,0.028869083388621194,0.02161615870661349
9-8-0.pt,0.00800534721034206,0.02318725479522197
9-9-0.pt,0.039029082601436005,0.03154181115962206
