,n_jobs,n_machines,node_x_col0_max,node_x_col0_mean,node_x_col0_median,node_x_col0_std,node_x_col0_range,node_x_col0_q1,node_x_col0_q3,node_x_col0_gini,node_x_col1_max,node_x_col1_mean,node_x_col1_median,node_x_col1_std,node_x_col1_range,node_x_col1_q1,node_x_col1_q3,node_x_col1_gini,node_x_overall_mean,node_x_overall_std,num_conjunctive_edges,num_disjunctive_edges,num_nodes_total,num_edges_total,disj_graph_density,deg_d_max,deg_d_mean,deg_d_median,deg_d_std,deg_d_range,deg_d_q1,deg_d_q3,deg_d_gini,clustering_max,clustering_mean,clustering_median,clustering_std,clustering_range,clustering_q1,clustering_q3,clustering_gini,conj_graph_density,deg_c_max,deg_c_mean,deg_c_std,deg_c_range,deg_c_q3,deg_c_gini,betweenness_min,betweenness_max,betweenness_mean,betweenness_median,betweenness_std,betweenness_range,betweenness_q1,betweenness_q3,betweenness_gini,makespan_min,makespan_range,operation_cost_mean,operation_cost_std,makespan_lb_job_sum,makespan_lb_machine_sum,makespan_lb_meanload,num_op_nodes
abz5.pt,-0.010032659587873286,-0.0004214087732543349,0.00016089392819481626,0.0020608858484547155,-3.952205694882415e-05,8.415011791359299e-05,0.00010319673016035551,0.0005612491187893468,0.0015206023426918825,0.0007687522680199969,-0.00030257762545061957,-0.0012247047108557359,-0.00015286072946082104,-0.0006390298878147289,-0.0005390315916567347,-0.0001379210867501763,-0.00037708293805808444,-0.0016730415055914306,0.0014618928919495355,0.0004126937837201673,-0.007328043384741568,-0.009261813467446214,-0.005424781898173388,-0.00892846235670267,-0.0007322081527268665,-0.013375367913612215,-0.02361341428522198,-0.010124458623431329,-9.372472193719137e-05,-0.008847870866179094,-0.010698231149858184,-0.013696546327322553,-0.005642226676307173,-1.4690817354698275e-07,-0.006089205597625966,-1.8920302290173673e-06,-0.004366861144584806,-4.4838764393882986e-08,-7.288687700703769e-08,-4.893540025556103e-06,-0.005375664695517069,-0.00429583602975287,-0.011624071445846129,0.0001681158025385867,7.570765485924937e-05,-0.01009374863628936,-4.951983676519337e-09,-0.00031123669041446654,-0.011754339047932268,-0.007851745083980947,-0.031766449203345676,-0.015911150469977608,-0.0020830892815563366,-0.029881552213237933,-0.011504265934518598,-0.008259943161202281,-8.021218784583987e-05,-0.0005713557812906572,-0.008062220859459925,0.0010465109153790998,-0.000513940629279561,-0.0008057634818025652,-0.00023977021591468824,-0.016054651154206005,-0.005879770688805122
abz6.pt,-0.010449424706759122,-0.00046239549947185894,-0.00028888068341795334,0.0013135650393687175,-0.00020576764614962495,0.0002728711686629038,-0.0003159147347562702,0.0003327345122074693,0.001369120208956629,0.0006764640509358058,-0.0003728783691930344,-0.0012433748061396624,-0.00011870173701511768,-0.0007092353468886038,-0.00047919780893597663,-8.639116531542497e-05,-0.000398159810593043,-0.0018527116761007409,0.0005215394900815621,0.0002808861161453614,-0.007642563542176267,-0.009469731163523289,-0.005648450081546585,-0.008899021577096626,-0.0006477434252345702,-0.013680883010311423,-0.024265949092249973,-0.010471776739254863,-0.0001867090502397079,-0.009049432484431774,-0.01147365325714996,-0.01449790956108735,-0.005581506533194958,-3.4391928248336657e-07,-0.0062679217921000445,-5.850543375588714e-06,-0.004412497538088799,-1.0201733805012787e-07,-7.76706764576605e-08,-5.013046022447175e-06,-0.005493607634967261,-0.004522149471127658,-0.012159644656408708,0.00018525340256526248,-2.301619383066516e-05,-0.010515245368875738,-1.242993315446185e-08,-0.000276575808561136,-0.011069780532463781,-0.007697484300527654,-0.03370762332550493,-0.01565504204067793,-0.002125786786977974,-0.030124904851564317,-0.010568472546479562,-0.007879227024914422,-8.362705926367771e-05,-0.0008315180309132055,-0.008546584074700317,0.0006730444244914403,-0.0002519674480218258,-0.0010171076040059507,-0.004912703369582235,-0.03455521465170316,-0.0062721600036486636
abz7.pt,0.003973609483155309,-0.00016536950620109274,-0.0002474883105393597,0.00016435034181425497,0.0007397481240516328,0.0007684092592440484,-0.00011019049352969358,6.805547729179297e-05,-0.0005261749954684417,0.0022640831392540537,-0.00016966818141421353,-0.00018817745972741782,7.26739974936714e-05,0.00014069016805604465,0.00020929126763127105,-0.00021895613154942743,-0.00037847135226944177,-0.0007061398211770673,-0.0021399057893702555,0.0014809616493442277,-0.008549859681646704,-0.01174793649622642,-0.006671337032169248,-0.011777097857603213,-0.0006025065450554872,0.005229399222401324,0.009758750264210298,0.0040658680277360585,-0.00010451034033342792,0.003837804289084538,0.004698385846081104,0.005126105884961484,-0.006225490528839843,-8.030494817906343e-08,-0.007234053952084352,-1.5393736833747394e-07,-0.006276156096183519,-6.829467433311165e-09,-6.145215584342125e-09,-2.3576898039372286e-07,-0.007472552397209586,-0.006280431597690526,0.004760588257510431,-5.35962907407179e-05,-0.0005583166678671195,0.003929663842906479,-3.068150822926592e-09,0.00012841785231727782,0.005482883952794556,0.002272862981327312,0.012592446837367575,0.005921356473387231,-0.0034397581923718535,0.012051010841232283,0.004925152846568029,0.002420682753559834,5.6262418468009516e-05,-0.0015948274478211812,-0.011769839337612715,0.0005859683432280464,0.0003556916982253374,-0.00116257027129115,-0.0038994923693718617,-0.025584459179125267,-0.006988828415504693
abz8.pt,0.003981519384395313,-0.00016880379694853972,-0.00024762213829185596,0.00021175409279246212,0.0008488324254602771,0.0008554097446203783,-0.00010886305883354542,5.521706876290159e-05,-0.0005965155877014374,0.002184605863041548,-0.00016878649922714607,-0.00020326863824994857,7.299702232158854e-05,0.00021387375885145165,0.00021069053325487928,-0.00021567764461007753,-0.000395565458648163,-0.0006540694413215954,-0.002163794586758914,0.0015449403550570494,-0.008522238847761265,-0.011784495629796157,-0.006685256993135387,-0.011844187261856248,-0.0005410094957377052,0.005254301907948426,0.009725211201975075,0.004088088482733681,-0.00010115612421888514,0.003843325346674309,0.0047129670050610785,0.005124838473358589,-0.006396413078669246,-7.987452193163195e-08,-0.007214878502040399,-1.5413406586599438e-07,-0.006285876012956225,-6.998256939590161e-09,-6.262208320517949e-09,-2.3576898039372286e-07,-0.0075452083002217184,-0.006352377919223256,0.004792241728158562,1.1953048675605713e-05,-0.0005547232849421646,0.003943582320879414,-3.068150822926592e-09,0.00022398015792728928,0.005522988204920417,0.0022660396417696145,0.012538336046883062,0.005902326824294861,-0.0034056035669416764,0.012050788491898848,0.004853102937425301,0.0024405500983160746,7.772686058392927e-05,-0.001978398761831883,-0.011852435330195706,0.0006476769404626163,0.00033740854044678295,-0.0017642267697299651,-0.003687336278587717,-0.025440096340656193,-0.007084075320476361
abz9.pt,0.003982667259118576,-0.000168355168656003,-0.00024761831468264383,0.00021211805361595555,0.0008482225390818881,0.0008557255245525423,-0.0001103297971403733,5.516893118474998e-05,-0.0005966395326442523,0.0021845662242119417,-0.00016882011620909226,-0.0002040084126224308,7.295886714729725e-05,0.00021379249698348003,0.0002108610332633537,-0.000215727096349656,-0.0003956119380010573,-0.0006547399504428196,-0.002163800740325933,0.0015450346981583727,-0.00852285219112471,-0.011785137701780411,-0.006685001670121567,-0.011843336786167972,-0.0005413779932930647,0.005254145858268899,0.00972214031103554,0.0040881803218123965,-0.00010129160112162766,0.0038444236457144017,0.004712590337346917,0.005130217259349259,-0.006396239323120003,-8.003260754961307e-08,-0.007215814761601945,-1.5413406586599438e-07,-0.00628622595405515,-7.386943124816618e-09,-6.262208320517949e-09,-2.3590264027239813e-07,-0.007544878602296197,-0.006351496653548774,0.004792607399234471,1.1417644541858209e-05,-0.0005551609656831768,0.003943610449409741,-3.068150822926592e-09,0.00022442988965008158,0.005524410009587968,0.0022695902421756265,0.012539567707174579,0.005902529202219171,-0.0034053612540249517,0.012053869503518977,0.004854789777358789,0.0024409933785730503,7.825085663737848e-05,-0.001978533767594312,-0.011860595621249796,0.0006476968866894219,0.00033736599892143706,-0.001763771798528159,-0.00368613585590191,-0.02544722091767213,-0.007083543300764316
ft06.pt,-0.01138681987625304,-0.0005843983082301497,-0.0005279963997292659,-0.00043082665585987627,0.0001055502824214571,0.0003036188122870479,-0.0005414076914024461,-9.304734991248605e-05,-0.0006501988829862546,-0.0008789519472704837,-0.0004808578713130862,-0.0009735584249177207,-0.00015216773707969094,-0.0005039574629019314,-0.0006174395408036072,-0.0003175018900393743,-0.00041065041424345126,-0.001537827354516474,-0.0009341151097415041,0.00042399537267664793,-0.008393264113104943,-0.010215727692015978,-0.006492003569690856,-0.010150642959919496,-0.0006720815055446036,-0.015480153858712903,-0.028260415999334876,-0.011508047840274914,-0.0001859739352919075,-0.010507071446213835,-0.013372127102994067,-0.01600301728780958,-0.006659357439965592,3.247298767909646e-06,-0.006652199246111213,-9.101762924644634e-07,-0.003851645697061816,7.569966479572127e-07,-2.5468250764248586e-07,7.137304286359655e-07,-0.004934083116048947,-0.005775903619182224,-0.013588743810432367,-0.00024403488887529237,-0.0007484944465909308,-0.011703300401520884,-1.6486682216030201e-06,-0.00027046447723693415,-0.010847022352399672,-0.010451753172343363,-0.03526324126973366,-0.014661876365075214,-0.00188302446476346,-0.03148831774688152,-0.010179848307395992,-0.007294249497452561,2.018913047397304e-05,-0.0006270129094841512,-0.010278460512432731,-9.3833721550982e-05,-5.517813009218243e-06,-0.0007542664490184995,-0.006156651505180223,-0.036152264592940776,-0.007190756711461375
ft10.pt,-0.010310185509460633,-0.00044099889770384687,0.00035318811721683535,-0.00030503630645811806,9.04908573057366e-05,-2.4576533177593466e-05,0.0003553763790386784,-9.248583610237639e-05,-0.0006996724854445961,-0.0008545313900068558,-0.0003445866922344452,-0.001228072657776829,-9.410253119454057e-05,-0.0006698645827889372,-0.00042626490208597323,-0.0001229846037826986,-0.00039970747265403013,-0.0018307395272189717,-0.0012547217841569105,-0.00024044447542800494,-0.007805400600891816,-0.009256208618522511,-0.005739107076587427,-0.008992313562392069,-0.0008260288547010016,-0.013936324138995293,-0.02468367926941508,-0.010114295183713028,-0.00019474193226409376,-0.009175870971820575,-0.011898098400984332,-0.01460426795089069,-0.005715428062618073,-7.044226680786034e-08,-0.006533950092069457,-1.1096282517257736e-06,-0.00436869816831422,-3.5873057269355976e-08,-5.2726885092207404e-08,-1.7846796696590627e-06,-0.005558895003179638,-0.004585303398651934,-0.012426795404065934,-1.0677231319153778e-05,-7.750731588554239e-05,-0.010640332997695205,-1.2321295169576821e-08,-0.0003208142514370762,-0.01055298610090536,-0.007973767236497974,-0.0327999924653949,-0.014905743918547924,-0.00207827188903396,-0.029380790152522488,-0.010393426624317463,-0.0075935853699564265,-0.00019432944982599297,-0.0008729090945526267,-0.009173690832278798,-0.00010340783555730007,0.0006943335279769687,-0.0010147268196195483,-0.005575559309965917,-0.03426291278156831,-0.006239806053111434
ft20.pt,0.0034176774058166525,-0.0005811248454609274,0.00010802663586329882,-0.0004963353458052103,-5.645602448792035e-05,0.0001749181666812825,5.9111625971474596e-05,-0.00020351938597221205,-0.001041651706426774,-0.0012221916284654952,-0.0001125677667008837,-0.0008347381964180385,0.00022410679901931242,0.0010551611667891094,-8.953878803627222e-05,-0.00020608347575355585,0.00026704785044793985,-0.0012276089012719835,-0.0008108729637431246,-1.3354101900466178e-05,-0.010223291538974258,-0.012054205418432239,-0.007593030696851539,-0.011586152005024603,0.00010650399450593128,0.004450196624928838,0.008078797043739967,0.0035951892457591946,0.00018105326706557685,0.0033875380443234193,0.004089021340007508,0.0047310447449126995,-0.006928360217751154,-2.539635858270793e-08,-0.008569465703555696,-1.0387924504573385e-07,-0.006862806825680211,-2.781457350488807e-08,-1.2220055473460822e-08,-1.8376454998894867e-07,-0.0084098525953899,-0.00702864108711577,0.004043883524009836,0.0009568207529736008,0.0006661947821468911,0.003370654192006996,-2.9337027487325305e-09,0.0009007065282081422,0.006207655431940116,-0.0005645921862656745,0.01083716579072016,0.0064615838116565275,-0.003972942990316127,0.010205977539610809,0.0044656178174264285,0.0031529915233228056,0.0010041390443411133,-0.0009055672555869926,-0.012891021225791657,-0.00014032832898370204,0.0009357619945896368,-0.0012077641405081703,-0.0005102916591946431,0.012269154476843952,-0.007525207375194367
la01.pt,-0.011075830074006018,-3.0825531399184974e-05,-0.0004632641266542353,0.0010143687982234492,9.212005136564231e-05,0.00031471439980098676,-0.000471192503129663,0.00026051968487588383,0.0011758969633410125,-0.00017611378129736802,-7.782456343926803e-05,-0.0007369437430821874,-3.387589989738572e-05,-0.00011002582658329914,-0.0002648995196021079,-0.0001545604049116802,-0.00012722419040110198,-0.00147671757791176,-0.0015540297397426998,-3.1181604715198155e-05,-0.008558673971219833,-0.010221741756579186,-0.0064452935926201434,-0.00982621199589505,-4.16639709559059e-05,-0.01442829661618364,-0.027321731313629073,-0.01110842246151043,0.00014649815637711287,-0.009874898061514757,-0.012738302292757221,-0.015542999495638232,-0.006661448661145108,3.0484034390231624e-07,-0.006711189627689317,-8.600311039024726e-07,-0.004409884597545515,1.785338670946354e-07,-1.694053240113851e-07,-8.54867725953252e-07,-0.005338288352190872,-0.005745037652991014,-0.013227751337408783,0.00014756078497611843,0.00016326819402433658,-0.010972794186102483,-1.7811049033791035e-08,0.00012119104200107703,-0.01100837920765516,-0.009440451887761879,-0.0344100060638142,-0.012866451895458979,-0.0020487430763902388,-0.030590873555868692,-0.010462595290523229,-0.007830426204662757,7.896008248357e-05,-0.0006480219908899809,-0.010264620277762555,0.0006709621529164755,-0.00031250290505415996,-0.0009380203251418248,-0.005205902446626094,-0.035479813186013336,-0.006866165371212027
la02.pt,-0.01110841553054326,-0.00016318020145022759,0.0004240148764782493,-0.0004982400368778998,1.1353235585391243e-05,-2.0273534278475093e-05,0.0005122985822489089,-0.00010094535839910169,0.0002489702463511823,-0.0010433069800970592,-7.491953836321446e-05,-0.0007641764968761822,-8.608264310024716e-05,-0.0001303987459462296,-0.0002291438711458033,-0.00020774289681130097,-0.00010140370669127075,-0.0016073161033649409,-0.0011645772024607309,0.00028534366028173935,-0.008639180929845688,-0.010008657659260385,-0.006469660249340346,-0.009806350159456216,-0.00024005349812986583,-0.014538863498243336,-0.02745707005293077,-0.011009588204366323,1.2742585832076986e-05,-0.010045090154256904,-0.01287524552058171,-0.01537560975880125,-0.006692422638173476,5.097894209518438e-07,-0.00686867121038627,-6.038611939183624e-07,-0.004294562008477964,1.8251521366599143e-07,1.3532035841367906e-07,-8.647468610286675e-07,-0.0053788025937937115,-0.00566323797487304,-0.013221105352365405,9.754761279279579e-05,0.0001142542876232786,-0.010941983817916324,-2.268925307748602e-08,5.269719859298574e-05,-0.01070637168078794,-0.009331127123482627,-0.03401990767467382,-0.012652585515971896,-0.002026789431759289,-0.030188316382928633,-0.010330803830563472,-0.007579738509970314,2.628183653583996e-05,-0.0006199552398579145,-0.010247265235071388,-0.00029070513554058184,0.0008272022677796402,-0.0009288421566772857,-0.006317530734319861,-0.03555759152976832,-0.006944435273791598
la03.pt,-0.010897362640549503,-0.00011530209614807156,-0.000443280152470133,-0.0004492776951406015,3.055270250156443e-06,0.0001958772984565543,-0.0004692829476085429,-0.00011403561459629924,-0.0006004650748988558,-0.0009972350423285215,-8.053014642363361e-05,-0.0006520917724095673,-3.143730110413751e-05,-8.978606567147283e-05,-0.00021293767413268545,-0.00020268989418859801,-0.00010254065447799645,-0.0014350213036674758,-0.0009256019252534369,0.0003096823685917058,-0.008256405229085623,-0.009847247077375443,-0.006209896039675709,-0.009622915315267922,-0.0001270386221982425,-0.014436920793422124,-0.02720377719957418,-0.011136633680913714,5.1238993995166104e-05,-0.009925351633096288,-0.012813694736347683,-0.015446248284325722,-0.0063569379596658745,4.953317451039211e-07,-0.006588425195002405,-9.784490961163163e-07,-0.004127760909041912,5.939942007552021e-07,-4.814593834398849e-08,-5.18476559333168e-07,-0.005162714365164243,-0.005610013786598901,-0.013205056898846991,0.00010653911952461128,9.635608156274211e-05,-0.010961504555325886,-2.3173699885105867e-08,8.062367255676282e-05,-0.010843552710394085,-0.009387589596181356,-0.033929049416611234,-0.012579813402671104,-0.002012885990814814,-0.030073545912572233,-0.010349130682916128,-0.007630889604927386,4.257605779824933e-05,-0.0005903033814577055,-0.00996982465007866,-0.0001333383543340476,-0.0002757191978917024,-0.0009035821925230923,-0.0063545893837925835,-0.0355656162351572,-0.006630908685088164
la04.pt,-0.011185147611966074,-0.00014203318621768216,-0.0004465833124552388,-0.00044158327744357994,9.417318863164405e-06,-9.584090126430553e-05,-0.0005218532936984349,-0.00013188834921637935,0.0011295601591178078,-0.0010808089489510813,-6.840134955705664e-05,-0.0008231527575694704,-7.293094727796226e-05,-0.00011280499693951469,-0.00022895185772706081,-0.0001899793734359074,-0.00011470586770866362,-0.0016191417792247433,-0.0010501755495900306,-2.209571129014368e-05,-0.008417593741219411,-0.009991584794958291,-0.006325382591564788,-0.009754812618644675,-0.00025490535630342853,-0.014553086611998648,-0.02744448601662845,-0.01115748201468346,6.925892385666777e-05,-0.01001224202452313,-0.0129709410915901,-0.015468765550157117,-0.006565333394485461,6.141557467230675e-07,-0.006702094090392513,-1.1205738366237875e-06,-0.004194628019778242,3.0487453474734277e-07,1.1155639600994486e-07,-7.433432416935302e-07,-0.005265127803613769,-0.005642414320241363,-0.013306635208336033,0.00010683793123275067,9.072647632964822e-05,-0.011020856228545673,-1.909275414962995e-08,6.000345791359806e-05,-0.01085055216657588,-0.00942679260149716,-0.03443983079457813,-0.012532762557874113,-0.0021023865511525276,-0.03036316821852155,-0.010290936561926586,-0.007638811461811595,1.2891638179623475e-05,-0.0006285139955535005,-0.01027275607126583,-7.445672358606553e-05,0.0010053900497448292,-0.0009539377410263501,-0.00666001457997205,-0.035784045568373384,-0.006741431769474493
la05.pt,-0.010899461682551301,-0.0001090622388027344,-0.0004442152461465943,-0.00045478089363620204,8.697804576580874e-06,0.0001309588733065236,-0.00045663477300470124,-0.00012303559403651702,-0.00060479125821924,-0.0009954590447043327,-7.629848607837412e-05,-0.000630715943963304,-3.390194515759953e-05,-6.991847855241501e-05,-0.00022060923326079664,-0.00020439939225002705,-9.474922441486229e-05,-0.0014246037875612425,-0.0009409473720080105,0.00043218050654694664,-0.008251777601259573,-0.009846553730323887,-0.006219029855167662,-0.009635030280691275,-0.0001346385599140621,-0.014435907764236599,-0.02729613021607925,-0.011135843477736329,6.096663666324593e-05,-0.009939002567911649,-0.012863055755191848,-0.015455113569990887,-0.0063340510561815215,4.958304920975716e-07,-0.006584680640508467,-9.857927718044427e-07,-0.004123119670351013,4.3978466972463736e-07,-4.295026077949337e-08,-5.857950536060228e-07,-0.0051621184656812195,-0.0056066892158404035,-0.013200687065672123,0.00010346228364373803,0.00010157016041837123,-0.010963140900142039,-2.3173699885105867e-08,7.738042284005047e-05,-0.010831567861655188,-0.009399514015809579,-0.03390592531598984,-0.012606627900250827,-0.0020051111741286676,-0.03006635140038668,-0.010383249064460084,-0.007615421071483877,3.942883308673604e-05,-0.0005882815496759048,-0.009943204762232758,-0.00013454854822614082,-0.00027164618593356353,-0.0008953933783472673,-0.006411688618027744,-0.0355699347568201,-0.006597975134708326
la06.pt,-0.002263708851366928,-2.0510802309351566e-05,-2.4934991767829976e-05,-0.0005183160983111788,-0.00021134911228424616,-4.73292754120256e-05,-3.3916254077448105e-05,0.00023723142723695417,0.0012936156848100892,-0.0011918201541028161,-4.294829227247873e-07,-0.0005369217778207497,3.8399426841152195e-05,0.0006010981641012557,-4.0422667436001446e-05,-0.00013385981112484116,-0.00010116081207890568,-0.000944979644184151,-0.0007619185891480346,0.0007240564078636501,-0.0063391385894666155,-0.008478142730409996,-0.004393997772256908,-0.007845740104964177,0.0003698463228944705,-0.004163728515827657,-0.007083795573881692,-0.0015590192521667812,0.0017233395797574267,-0.0018772378163559845,-0.0030679307845365446,-0.004936361389610467,-0.004592516043184814,-1.0147078996371203e-07,-0.005601522883140598,-1.8813575485272288e-07,-0.0038129752011110216,-1.8192793696657467e-08,-3.938413039495502e-08,-4.079121945688903e-07,-0.005320232910260122,-0.003696575105305449,-0.0029614003201779916,0.0012017062167865764,0.0019337653301312182,-0.003374845065624807,-2.2343314708915673e-09,0.0012659473066360279,0.013564023813989252,-0.0040832308839053606,-0.011127664925724446,0.009629972384442796,-0.002002553689697775,-0.0042911731044540345,0.00824576244361863,0.005975081589457351,0.001010316235735111,-0.0002709088942481766,-0.008067655033389994,-0.0011093033032192555,-0.0009963788313937087,-0.0008156666113837007,-0.0002750920127481475,-0.008094044634134285,-0.005048154582788272
la07.pt,-0.0023591790154041947,-0.00010807547156396279,-0.0002519492124509086,-0.0010951954867469396,-0.00018384199672801644,0.0010725600042009486,-0.00010193827720004605,0.00015937164780216377,-0.0007501545217822766,0.001920045639675092,5.6181854061061635e-05,-0.0004903298009743346,-4.0574877718629604e-05,0.0006946964642262635,-0.00014599154727037384,-0.00010443802347173164,1.759334117396533e-05,-0.0010823684493040662,-0.0009700812441106796,0.00014541382721142585,-0.0063739367883594465,-0.008553041245436386,-0.004579139736650016,-0.0078040482244925895,0.00026109364809248766,-0.0038911792360716555,-0.007867686514343362,-0.001985485862801302,0.0016234852931465706,-0.001979083423111435,-0.003177375336148757,-0.0046840131758175835,-0.0043183159401978845,-2.11652137803338e-07,-0.005857416761437327,-1.6230649916815765e-07,-0.003993980633411584,-1.6382795411442263e-08,-3.649589306443504e-08,-5.347567851385536e-07,-0.005204713128145438,-0.003875927240376887,-0.0027790102044835995,0.0010117027305140524,0.0022291259229427125,-0.0035212608150786626,-1.8821114943353397e-09,0.0013726138058893144,0.013704727357736259,-0.004548549412037306,-0.011445675443236292,0.009891906964335723,-0.002102975804096748,-0.0036733231470879473,0.009047246638081556,0.005603384026286564,0.0010162346082593318,-0.00016156195462658664,-0.007692835270424794,-0.0011432106518735677,0.00036812678111854775,-0.0008247988480402682,-0.00045115591612928215,-0.013382440064470239,-0.005056302803739076
la08.pt,-0.0025125502989155717,-3.142749354769717e-05,-2.4532038172877123e-05,-0.0010618279343415826,-8.024624833270338e-05,-0.0006553998438749634,-2.453613024725849e-05,-0.00046738632228072617,0.0004623726487564675,-0.001996409872589973,-4.500258728374594e-05,-0.0006544492118351494,-5.799519442602221e-05,0.0006114572059347553,-8.735555652148767e-05,-0.00013354196920266115,-8.319680702593286e-05,-0.0009424633447572955,-0.0010079970580586836,0.0011845288514268778,-0.006446043293661213,-0.008684070722223491,-0.004535287827390282,-0.007914500170164476,0.00044644828620820715,-0.004037729862254438,-0.007830071864765897,-0.0018253524176388128,0.001626306359474379,-0.0022431879660784254,-0.0033954178041105706,-0.005146483964795543,-0.004517593672329324,-8.453593524108737e-08,-0.005775475140982973,-1.959683803535835e-07,-0.0038694903845403997,-8.204729390179463e-09,-4.681860373878347e-08,-2.669902837987987e-07,-0.005316853413073221,-0.0037467125829971936,-0.0030741533278824005,0.0012812809445929114,0.0017744763078223185,-0.003708370616077754,-1.6143481942442944e-09,0.0013499194562547345,0.013125573535232474,-0.004181763859341495,-0.011857760561924785,0.009388668262989097,-0.002015115310394281,-0.005110431978234153,0.007858549597741678,0.005871365697435594,0.0009311575521931165,-0.00031079291059824725,-0.007968210140880661,-0.001180024243864816,3.955689054944746e-06,-0.0008620706300558939,-0.0002304773858858033,-0.01225968281137792,-0.005107716116195813
la09.pt,-0.0020555901699248003,4.3072818887848525e-05,0.00019911047244512136,0.0019138635178382471,-6.910786723643441e-05,-3.9628137186958585e-05,0.0003304666743922102,0.000670489726816534,0.0013023192220487925,0.0010361193471663736,-3.331108596183155e-05,-0.0004524045113062791,-4.4695287189437806e-06,0.000463233221321131,-0.0002118858959344087,-0.00012009725280936905,-0.00017120105409676234,-0.0011155908117353136,-0.0010754866721571633,0.0008558322396242857,-0.006346472124133645,-0.008641729657152068,-0.004519284250905854,-0.008027925197847105,0.0005494563890306051,-0.00394841265655207,-0.006341636512455526,-0.0015543582552663179,0.001817853648366101,-0.0014068261588315145,-0.002599557945452117,-0.004571247939577258,-0.004651138780691212,-9.038227905795996e-08,-0.0055628393284153236,-1.233438279569436e-07,-0.003714895995369868,-2.2305959230730555e-09,-1.8142342616500094e-08,-3.7808517639493323e-07,-0.005125540574137065,-0.0036288216811932615,-0.0026862015764030117,0.001136091806327349,0.0020570404073647053,-0.0029488110141135566,-2.2550307471645358e-09,0.0010987608405478987,0.014022936527311,-0.0039152301625008535,-0.011031710784333341,0.010211361259318246,-0.0019620276951849325,-0.004226279548281713,0.009217652283291784,0.0063640723835035945,0.0010282019666011206,-0.0004543528103683946,-0.008077902103727812,0.0017222939512565277,-0.0005880808572401333,-0.0008110359468884871,-4.0049409853581557e-05,-0.007708349972246276,-0.005042853070175206
la10.pt,-0.0024701988049856184,-4.1602934768724156e-05,-0.00022376827303062199,-0.0005165009452696728,0.00014925267216006453,-0.00020116719079373664,-3.25071194036141e-05,-0.0002850236972600108,0.0012667093202656798,-0.0021334890280775877,-4.732577911280834e-05,-0.000554147839548066,2.578939392683005e-06,0.000629234717633859,-6.1015743845554424e-05,-0.0001097041557882738,-6.944752460335895e-05,-0.0010196989725051926,-0.0008320072992320075,0.0012439885732203875,-0.006325437602930179,-0.008516258233347193,-0.00444121807892182,-0.007842755017708744,0.0001782116358276927,-0.003940956288171248,-0.00715910552386898,-0.00184916816533166,0.0015422847728107877,-0.001918590794961389,-0.0031753112112141916,-0.005023057376201535,-0.004579633038373015,-6.627494977902403e-08,-0.005704270525771068,-1.9971759636120752e-07,-0.003860047877437862,3.1829779410004055e-11,-3.2618429941591373e-08,-2.928196422717578e-07,-0.005293815060332888,-0.003669620897097591,-0.0030610028352754644,0.001073706959599009,0.0019187119161812839,-0.003329443589607036,-2.2343314708915673e-09,0.0013221415070450327,0.013583105716348493,-0.003829032159404659,-0.01113516237600426,0.009697430570545243,-0.002042155207739965,-0.004749409361940096,0.008325111560350278,0.005880380533151373,0.0008435991798313787,-0.0005962835072669532,-0.008164605246886338,-0.0010033840201462171,-4.499661622233343e-06,-0.0011135625150328957,4.49147626185074e-05,-0.008421409188722894,-0.005072438502199782
la11.pt,0.003430718502588964,-0.000534971323504515,-3.082692444419623e-05,-0.0007048426078661367,-1.5984344226752217e-05,0.00010758924498389367,-1.3612802308212301e-05,-7.003632155792899e-06,0.0015950005347417512,-0.0011577250614698508,-4.808367496554879e-05,-0.0008330124878443802,0.00022910183519951786,0.0009739662169943251,-0.0001617904133962295,-0.00019140137620586258,0.00023208788776493756,-0.0013054795053856238,-0.0019148125557601182,0.0003924757444152617,-0.010555866443874745,-0.012219745953221848,-0.007701943791293909,-0.011797097289666363,0.00018795503805024062,0.004459778992393554,0.007982468170181339,0.0035285873234081003,0.00023879476037237077,0.00332567111747776,0.004050461894032618,0.004772603409447015,-0.007250125305354965,-2.0777638214291745e-08,-0.008579239799284847,-1.3992648382476001e-07,-0.007178066559238695,-3.124627402942176e-08,-1.2699160793863483e-08,-2.1144971468507066e-07,-0.008853798233535963,-0.007291878564776719,0.003979213873575958,0.0011740719125764374,0.0006917418259632572,0.0033349181659839792,-3.0207648844227015e-09,0.0009074040690254425,0.005983644548115731,-0.0005621252225893353,0.010646468733932777,0.006518199949955489,-0.0042120045588544645,0.010046459426969703,0.00448522191957922,0.003102501806455681,0.0009704676257711492,-0.0009261019607601864,-0.013280140114214908,-0.000456430304766515,-0.0009853787365294306,-0.0014196391544334152,0.0015921360064232593,0.01174629534415765,-0.008160471098000756
la12.pt,0.00346004920995358,-0.0005314975805532232,-3.140749603733562e-05,-0.0006043064368779067,-0.00010382311726789984,7.049534423396042e-05,9.776389589084574e-06,-0.000316100534389773,-0.0007347178275648007,-0.0014031677774926658,-0.00015286598968819614,-0.0007245320119933006,0.00015551572669205544,0.000780779204831113,-7.354047915336507e-05,-0.00011374478810036562,0.00023592311192642486,-0.001291813564062579,-0.0008730537922792171,0.00014597986991919177,-0.010168841046111089,-0.012291063704485267,-0.007512411925970977,-0.011644858331205238,-7.207730264889367e-05,0.004656313683761407,0.008227549324173682,0.003677512484112475,0.0001622875746919751,0.003403031343075557,0.004194799404624309,0.0047182612612257785,-0.0069071773683050865,-3.6015594165392936e-08,-0.008666134360643122,-1.379456203696641e-07,-0.006929462972468283,-1.3659668888924055e-08,-1.3825499621456466e-08,-1.9809473651652198e-07,-0.00828415646828869,-0.00700176602772204,0.004090063861794411,0.0009592124039234951,0.000678197342041382,0.003424880438744255,-3.276172183384289e-09,0.0007591023322297708,0.006187128490043568,-0.0006001516350188261,0.010732905626421763,0.0065308908499831664,-0.003928169975182813,0.010286879216458414,0.004416547789315456,0.003062723278715042,0.0008534775181810638,-0.0008989454530389817,-0.012498590588605139,-0.00029207149953023356,0.0008572566546704145,-0.0012838265413151828,-0.0017434718637691386,0.010502579333047641,-0.007602141925803465
la13.pt,0.0034551405556859744,-0.00045815071858669275,-0.00023303282216012786,-0.0006906855980145246,7.283111831284263e-05,-0.00022093939053927466,5.700438316182364e-06,-0.0002875404057897896,-0.0009190124791085665,-0.0011800089355547825,-0.00013787769982837955,-0.0007705749620428819,0.00016918572856812806,0.0011282978083274429,-0.0002045528689388796,-0.0002599478045147744,0.00022444692099918704,-0.0012617204629359045,-0.0020393012689351115,-0.00015789467449439182,-0.01037186268004382,-0.0118594733255453,-0.00761906859015553,-0.01159994211805097,0.00012195623239867296,0.00448134839548975,0.00805912388409225,0.0035387614945635764,0.00014787870929871253,0.0033032317806165664,0.004007205621628734,0.00474628872449613,-0.007059500852592367,-3.4328874572231824e-08,-0.008602145810889259,-1.360735110329269e-07,-0.0068195025115699096,-2.843877592778575e-08,-1.090795582074116e-08,-2.171885492282859e-07,-0.008369933832182534,-0.007401805286541104,0.003976185127757906,0.0010984817457390852,0.0006413236279567043,0.0033137037250761865,-3.0892153475832926e-09,0.0007931440165403644,0.005966143452342324,-0.0006211802494054943,0.010856597160849716,0.006405977864520818,-0.004067907484800419,0.01006609560977516,0.004526814208815662,0.003111680791634959,0.0011330586793543932,-0.0008120267511882799,-0.012651674296610127,-0.00025249350187915505,0.0002459662319328232,-0.0013137233871800447,0.001691497339824879,0.012042709923212339,-0.007809104243508587
la14.pt,0.0035350944997461224,-0.0005487216549549125,-0.0002221225012278783,-0.0006742432127273534,-4.522093681972917e-05,0.00013809524250932702,-1.782376289362289e-05,-0.00027781296300317634,0.0014898736602641507,-0.0012970554718578534,-8.864391691191744e-05,-0.000816568019360618,0.000177803380873503,0.0009961624947227602,-0.00016124588926772125,-0.00024635158458430746,0.0001908216020026431,-0.0013498057819948314,-0.001966888811915906,0.0002344035122074336,-0.01054046242766233,-0.012639477771146622,-0.007882837752504387,-0.011791055752394898,5.887864294678956e-05,0.004428542225460985,0.007960981257557037,0.0036089340266270728,0.00014458664291614785,0.0033227828999189816,0.004144505782945623,0.004824004881622022,-0.007348434580572473,-1.1113526221917292e-08,-0.008838694279437443,-1.444885316745265e-07,-0.007224236495471488,-2.3555535910784435e-08,-9.217290259939903e-09,-1.8803749181985032e-07,-0.008820860221879124,-0.007215518233671857,0.004084439423399507,0.0009890365331021653,0.0008644975505370679,0.0034573471234219193,-3.0207648844227015e-09,0.0009568078635829319,0.006058793836312011,-0.0005781975337426668,0.010720251679122992,0.006521763476151226,-0.00430458962761461,0.010213059275938552,0.0044739600035748886,0.003244874607998629,0.0011196579094272206,-0.001509394937864946,-0.01374383366190222,-0.0004469677890011482,0.0011326355948407586,-0.0020694018918048294,0.0015057689932049506,0.011850922587479143,-0.008155553775758703
la15.pt,0.0034583985061682246,-0.0003964403742952044,0.00010132555199174136,-0.0010097579479359656,0.00012781309474746042,0.00018495296613220424,6.307425826660576e-05,-0.00038018682899170695,0.0015078078997266013,-0.0011077648536331067,-8.546970325698242e-05,-0.0006760398488483532,0.00023963709847974826,0.0009962811947188403,-0.0001758239206160777,-0.0001996326412233829,0.00022770204619935658,-0.000978051504454485,-0.001862444890291541,0.00029429142401888144,-0.010457914129816618,-0.012520448694151027,-0.00796238146448012,-0.011839995845469182,0.00019875375092577507,0.00441669110714983,0.00793165258200482,0.003544806553578831,0.00022008285708869323,0.003281263828006944,0.004119595272806014,0.004775511481673284,-0.0072695942343032885,-2.278826595681664e-08,-0.008803670514370997,-1.0879376216323542e-07,-0.007330544329566109,-2.8779504183197792e-08,-7.993199792669463e-09,-2.0471625972480504e-07,-0.008725312793691759,-0.007040788256372806,0.004086683340775456,0.0010197875070528518,0.0008723910961881806,0.003405380040956095,-3.2955703533089947e-09,0.0010097242871593137,0.006108789270391772,-0.0005639412340425893,0.010729991292079466,0.00659108532045894,-0.004136037640400621,0.010145756617583112,0.004494652991550395,0.003151271710282954,0.001042658942834419,-0.0009800421113878612,-0.013681589717738226,-0.0005674479048766034,0.0010157686854880747,-0.0013366263023143184,0.0016176150474769134,0.011876667628895537,-0.007974990019251733
la16.pt,-0.010439224627313731,-0.0004576167241993328,-0.00036133411534614187,-0.00036221599569085023,-1.6096840794056038e-05,0.0001685364104368962,-0.0003642970738975047,1.0697646323259275e-05,0.001321973961689527,-0.000766386172889213,-0.000314727025657349,-0.0013051437129492833,-7.813962052355733e-05,-0.00065812249385622,-0.0004449961603403726,-0.00010482131848712016,-0.00040799795716159126,-0.0018857446418754254,-0.0014808573758075922,6.778776244814712e-05,-0.00768106030999562,-0.009439224733570398,-0.00562296484750718,-0.008891944715419079,-0.000693384087863028,-0.013857132452222308,-0.02424695911976472,-0.010133024143874817,-0.0002120138275525258,-0.009079535315361367,-0.011804551984974904,-0.014603626084401392,-0.005596988175057517,-3.0892141441483193e-07,-0.0062515861431464235,-5.882880077759609e-06,-0.0042778958596186665,-1.8154859209380388e-07,-1.0808740569635266e-07,-2.9824218863397636e-06,-0.0054860547905197605,-0.004542463334604024,-0.012270912940843969,-9.938873790692509e-06,-7.999894833266374e-05,-0.010584806090288628,-1.3540409602377639e-08,-0.00037985727056880796,-0.010783485011624502,-0.007747139334861564,-0.033302823313304,-0.015024660786138058,-0.0021357879622063043,-0.02930041523310833,-0.010449630486874717,-0.007743038915445012,-0.00017306637022322983,-0.000954061722800467,-0.009039435162961913,-0.00026430840691924075,-0.0005896858584689155,-0.0010386568973039304,-0.004936665495001907,-0.03428040078842627,-0.006122436450547859
la17.pt,-0.010352872641741796,-0.0004320046304642933,-0.00034030664984191755,-0.00029438662447713287,0.00010627689773516316,-3.324687270905767e-05,-0.00032963095116641465,-0.00011848412626816227,-0.0007315060628372054,-0.0008615289977840131,-0.0003715354827752402,-0.001217954764941236,-9.504933152656861e-05,-0.0006767304543059377,-0.00043612476886462466,-9.754619562387802e-05,-0.0004038896274587026,-0.0017934895890435669,-0.0008112518027628255,0.0004890162057054878,-0.007484950723224931,-0.009172822131828129,-0.005495053818030832,-0.00890203988594531,-0.0007777608328941435,-0.013903746600704647,-0.02471184682979796,-0.010323210319609363,-0.00022796069768677153,-0.009061058358149824,-0.012009124149258319,-0.014637810374919881,-0.005496855199113039,-2.1610873447983875e-07,-0.0062271659601853034,-5.1939778356941426e-06,-0.004235415575668094,7.435845651923205e-08,-1.4146325538178732e-07,-1.583452542669506e-06,-0.005324424232431689,-0.004459219194248449,-0.012444777066305342,-8.000437573468288e-05,-0.00011462478439278216,-0.010638909461831386,-1.4898165217478345e-08,-0.0003327020705081877,-0.010613191835892167,-0.008024906273170125,-0.03300307241385746,-0.015049752449997893,-0.0021245752919092048,-0.029491121089255903,-0.010257128671362388,-0.007622604781886806,-0.00018978910499036378,-0.0008969657215062126,-0.008778262157357905,-0.00010471618250200795,0.0006362501366605792,-0.001024514675167666,-0.0048376704734631,-0.034459498977512326,-0.0060164099355623606
la18.pt,-0.010096219678660876,-0.0004274142053574029,-0.00036986883154048884,-0.0004962104934665525,8.498043044868534e-05,0.00036533106977724864,-0.00032742372284582305,-5.5723937511496544e-05,-0.0006574768516904253,-0.000812742263683138,-0.0003399617551988324,-0.0011774706827665244,-8.142997572822513e-05,-0.000703002052252664,-0.00043517600870208604,-0.00012166424567119036,-0.0004173061698589822,-0.0018114140881766293,-0.0012380550499520864,6.511271499902613e-05,-0.007405581869926825,-0.009046859762441121,-0.0054772167613663745,-0.008679475128960529,-0.0007815925576758323,-0.013793996451621677,-0.02424283186606549,-0.010090293368006983,-0.00024103548932104455,-0.009001502972172084,-0.011691452438114735,-0.014588758791408248,-0.005367415731416209,-2.041424546891852e-07,-0.0061929376463889,-5.375460814973923e-06,-0.0042206665762657075,-1.591615392001697e-07,-6.575568389674649e-08,-2.4176100311070108e-06,-0.0053551635750637505,-0.00443817084174167,-0.012249991349342782,-4.7387159786504624e-05,-1.7110109659853315e-05,-0.010515972682166102,-1.3639903866693946e-08,-0.00034407109724984993,-0.010656681922562456,-0.007688198416425853,-0.03269394612890699,-0.014890955361858204,-0.0020477653466165423,-0.029139441120595112,-0.010249980202656796,-0.007582186822954897,-0.00019071333057854155,-0.0008600312477315999,-0.008515523740554849,-0.00022216744957747228,-8.787205041271006e-06,-0.0010356858988157553,-0.0055815793228296984,-0.034121548767132616,-0.005942411808979959
la19.pt,-0.010486356059383002,-0.00048233117303040214,-0.00042322393449349666,-0.0003614395034241179,-8.98960571067037e-05,-2.1877855502519395e-05,-0.00035502474746653735,-9.332199368668325e-05,0.0012739665933970878,-0.000940926519316488,-0.0003529769878570721,-0.001337359796190372,-9.150057083881404e-05,-0.0006698822349214562,-0.000447942993556303,-0.00010936673072866318,-0.0003938442448938079,-0.001873504630156072,-0.0014849506372294945,0.00022744706951961837,-0.007646540698144505,-0.009537743092316421,-0.005648734563427806,-0.008995415040340154,-0.0007842273739630027,-0.013757762989756457,-0.024480536424653008,-0.010274121277719714,-0.00019812475350691964,-0.009098369648022487,-0.011954170577155684,-0.014609161885958037,-0.005698583185511659,-2.623921923590794e-07,-0.0063158661520167905,-6.0145355069224685e-06,-0.004329018379232495,-1.1450331704141611e-07,-7.12362141249961e-08,-2.265404348621955e-06,-0.005421485833218459,-0.004599773920986105,-0.012255142871853907,1.3620255430617668e-05,-0.00010943940883802106,-0.010444027151450801,-1.3540409602377639e-08,-0.0003379306106992961,-0.010783333876066944,-0.007928690158564308,-0.033397200112491456,-0.014928815671107551,-0.002169238580267686,-0.029522130790211116,-0.01040542007167358,-0.007747929757083073,-0.00018726348386394588,-0.0009661740701941891,-0.00914960779120261,-0.0002828843597150987,0.0006507488021230571,-0.001012636851735682,-0.004810888514182173,-0.034320045881545955,-0.006212021666369511
la20.pt,-0.010284214775662506,-0.0005133543404600843,0.00030560796706003774,-0.0007276442790359124,3.2040813293308504e-05,0.00020296791957686292,0.0003008286928087169,-0.0001346600005354055,0.0013784263680062564,-0.0009072212569845745,-0.0003697565430899525,-0.0013211963571785296,-0.00011958139653976377,-0.000663927892457485,-0.0004602841256518928,-0.00010326569612328855,-0.00041735889659162483,-0.0018975765212139563,-0.0017130491910248465,0.00029919037613241424,-0.007902744117775286,-0.009562401098843225,-0.005850043948763547,-0.008998970122406117,-0.0007854343371792044,-0.01369368947923566,-0.02431219910849858,-0.010023927979853544,-0.00020161197058920862,-0.009197588208874683,-0.011652370786912654,-0.014431276373923049,-0.005880772996671888,-2.2063158015390263e-07,-0.006438660090431984,-2.0756390198872055e-06,-0.004402388652439299,-1.1350401278551345e-07,-7.515517747782981e-08,-2.6644396691257e-06,-0.005516698802996941,-0.004630255118203242,-0.012116552757186635,9.621889147682783e-06,-0.00012837280203380018,-0.010339125772641821,-9.782411934266685e-09,-0.00031668617504666363,-0.010872158002164345,-0.0076962643828265105,-0.033130703800773646,-0.01495570518905374,-0.002166587638900849,-0.02918264503219795,-0.010609158455569905,-0.007633047456518577,-0.00019069593413111312,-0.000842414203435559,-0.009383238662430944,-0.00034313879010163266,0.0007222305281924342,-0.001007843133495118,-0.0024594672431372633,-0.03404418035729631,-0.0063708597797985074
la21.pt,-0.0017286890159963055,-0.0006751605104753126,1.453947608651758e-05,-1.2134643551747108e-05,0.0003671027064490075,-9.238146534799886e-06,1.744604898927848e-05,-0.00036989386537067225,0.0008910884567076517,-0.0012087631244688572,-0.00015203356130966505,-0.0015673069352479157,-0.00023843772713110433,-0.0004964704987765147,-0.0008758324160616346,-0.00046071460454366847,-0.000668277766482776,-0.0013479562053922058,-0.0015267315802387727,0.0001965346222205856,-0.005668140655794707,-0.006863011431133013,-0.004470134616769061,-0.0074460443029607205,-0.001580578874287593,-0.003099008984310053,-0.005973586242826884,-0.0007954399468809565,-0.00040579522396930385,-0.001438457362409229,-0.002253045781521477,-0.004212426172159275,-0.004091519808047989,-1.0039040588598836e-07,-0.005059021933477588,-1.9806472598187067e-07,-0.0038176749876264833,-7.587525208520288e-08,-3.8809110884649365e-08,-2.8111856429544006e-07,-0.00533848503752336,-0.0034437331330318286,-0.002651053354850621,-0.0008593583876957688,-0.0005763931912314038,-0.0029506670961008514,-3.0511348199754596e-09,-0.0008600163551344207,0.003228442529013743,-0.0027575242032568865,-0.011483683136351073,-0.0055309179240824085,-0.0025717080794651825,-0.003925708256079403,-0.0012592698953535868,0.002430840139132412,-0.0002675735728737216,-0.0007604484422044525,-0.006859155358630482,-0.0004920413698415078,0.0005986699446888976,-0.001307646932151948,-0.0007668862140512324,-0.009745981883571583,-0.004639064293636608
la22.pt,-0.001903752880736446,-0.0007457909566937006,-3.658302408812265e-05,-0.00014275685436498903,0.00022681514201283528,-0.00013191928952152474,-2.4025787641225697e-05,-0.0003967215514848492,-9.751462906490898e-05,-0.0016077360464974897,-0.00016203116254276859,-0.0013527619665155918,-0.00025960729036475104,-0.0004850516256635144,-0.0007479798886130089,-0.00047630150443215484,-0.0005922681788239943,-0.0012626035766036131,-0.001163124947819274,0.0003679912247229237,-0.005504413800880859,-0.007009862190252237,-0.004525502747013036,-0.007392283724674625,-0.0014340856383334047,-0.003226558885576749,-0.006884553043170039,-0.0012509441814787426,-0.000538476592291094,-0.0020367653028958354,-0.0028122893662377696,-0.004378998200850321,-0.003964329864810292,-1.3120858299466284e-07,-0.004892824133839277,-2.8319343586696655e-07,-0.0036231319226676354,-5.498239997638554e-08,-2.6087110252843493e-08,-2.2475593401245896e-07,-0.0053472653027891925,-0.0034078383620140752,-0.0026743970729528497,-0.0008667994441869129,-0.000469086901604951,-0.003279544662501187,-3.1819207807478774e-09,-0.000918694029802236,0.0038666566912403007,-0.0025814197535297197,-0.010840601457236627,-0.005347973673072145,-0.002586882367201271,-0.003832934372338073,-0.0008439323143969088,0.00262376228952837,-4.49329716190173e-05,-0.00043781456478319717,-0.006894841034585974,-0.0006435543013897987,0.000512694850395338,-0.0010142785279576986,-0.0017776924927019413,-0.01659041241738469,-0.0046368549517916335
la23.pt,-0.0016142080917130644,-0.0008041960027153041,-7.444721951994141e-05,-0.0010918108960981784,-0.0005216458068402826,-0.00012798496126219803,-1.5505959588822253e-05,0.0005137902709266405,-2.691343747910755e-05,-0.0010825854955547707,-0.0003155754599844103,-0.0015489643230504775,-0.00016822291584141103,-0.0005157159967404054,-0.0009717822169711106,-0.0003997332653047149,-0.0005964140885621329,-0.001409812138981549,-0.0016212296671540042,0.0010300547416545202,-0.005815938450546262,-0.006801781462206877,-0.004646051380535772,-0.007478956814358866,-0.001528260104314447,-0.002875010857446944,-0.00581869100968698,-0.0008285998044883192,-0.0004105608881032865,-0.0015721811851756415,-0.002039019247062002,-0.004274017282587432,-0.0042347947283291314,-9.365257943967797e-08,-0.005005371619610002,-2.705372539981337e-07,-0.0038202163879410647,-6.307583430153618e-08,-4.109633821554082e-08,-2.762148878619828e-07,-0.0052438241756832295,-0.003557589334678051,-0.0024482285587306392,-0.0007684708635585317,-0.0005488151620712457,-0.002741197565290236,-2.7014289927932546e-09,-0.0008969058919032924,0.003415643061293676,-0.002579632891838921,-0.010987952337405285,-0.005310463821813387,-0.0026485824059498983,-0.004109085927327264,-0.0014635997694857426,0.002147183431922611,-0.0004620444684674579,-0.0005189893543752123,-0.0065504405839624715,-0.0005340144573080009,0.00035388711640826253,-0.0011782758199744465,-0.00032508361793106406,-0.00965156075718893,-0.004667870665683592
la24.pt,-0.001720064195565559,-0.0006271537781058017,2.6603276805641138e-05,-0.00020170453703351445,0.0003430592218612812,-0.00027782087057935813,-4.8383349848948104e-06,-0.00033346992055546094,7.82742263770147e-07,-0.0015624950333580122,-0.00012723569619478575,-0.0013537800221639987,-0.00022044390009927494,-0.0005594877224291987,-0.0007956369759151764,-0.0004714599017539759,-0.000672786632503554,-0.001204721293863758,-0.001109186941466752,4.9385924129626646e-05,-0.005639199236965529,-0.0069065208421661825,-0.004545821496432861,-0.007379080315495147,-0.0016083094970280778,-0.003086353091099719,-0.006426722332103361,-0.0008242058219372666,-0.0003960939962664312,-0.0014373811718497137,-0.002231295845546542,-0.004155855708404816,-0.003980486356121659,-8.63399833457394e-08,-0.004997241518659755,-1.8932473751026457e-07,-0.0037271015869510342,-7.264954094343881e-08,-2.5495316708120225e-08,-2.266142767688604e-07,-0.005384374202400948,-0.0034232925689103365,-0.002503914023553082,-0.0008141843999172303,-0.0005782979022388545,-0.0029623349617723983,-3.5426904553742227e-09,-0.0007793748546429726,0.0036721024845840534,-0.002462956179748301,-0.010550293228335693,-0.0055106971975329025,-0.0024462752260970243,-0.003052586294022509,-0.0011562082564187087,0.00249304502299527,-0.0001599039980071251,-0.0007227151811585152,-0.006772353975563858,-0.0005544905206371065,0.00048607987524880084,-0.001315302488092061,-0.0010606751541480607,-0.010541896867876563,-0.004602814467046218
la25.pt,-0.001955032338646406,-0.0007494107196889429,1.3905947391102463e-05,-0.00023888665567349692,0.0002347167323096879,-0.00017955959644535248,5.4429233838539905e-05,-0.00023449444205655306,-0.0011321817821388321,-0.0015536552990187433,-0.000172319338286446,-0.0014226460407950432,-0.00021937083905531195,-0.000569697723320345,-0.0007497061319021344,-0.0004961948890858714,-0.0006346643357205769,-0.0012761976977578948,-0.0012427535800935156,8.190379803358716e-05,-0.005566025924176392,-0.006981675272790668,-0.004623432113032473,-0.007436711299347323,-0.0014065607444635818,-0.0033032822551475557,-0.006986556685770646,-0.0013328297916430757,-0.0005473062873909599,-0.0018672997141726765,-0.002827878687576439,-0.004349457562324269,-0.004069067664840762,-6.906116893342611e-08,-0.004947384409067888,-1.9052699282449067e-07,-0.003677086914420378,-5.4680508918994716e-08,-2.8141954624148218e-08,-2.3177660526973936e-07,-0.0053575876715597675,-0.003483491540845751,-0.002830962906482295,-0.0009280608385356553,-0.0006325495494779625,-0.003105803456201147,-2.573200757295771e-09,-0.0010368323294473228,0.003473456105575539,-0.002687353700920207,-0.011417387570313001,-0.005484791946598787,-0.0025485620665828706,-0.004337682203966,-0.0015277609654139605,0.0026114309075176436,-0.0001858896634384486,-0.0008966881880160939,-0.007043980091341975,-0.0006395040874345841,0.0005019308210066587,-0.0012611941683790997,-0.0013198691996266791,-0.01648633809874823,-0.004668137003501232
la26.pt,0.003170474291989857,-0.0013612467963305594,6.98988788174071e-05,3.550762040663408e-05,0.0012783681727720068,-0.00018533108851747466,6.678381253762886e-05,-0.00031357307005957624,-0.0010910674470030752,-0.00122289935784838,-0.0013035587244780743,-0.004575853185080532,-0.0007534341887958833,-0.0027611890409834725,-0.0015085183692032439,-0.00042411555029222994,-0.001283019208052237,-0.005470358633723264,-0.0038353293697351233,-0.0004759980783840575,-0.012746926735611525,-0.014873950194782956,-0.010646246561645506,-0.014089862951729962,-0.003300944534986412,0.0037606473873787473,0.007281375235812902,0.0032492114869736325,-0.0007198497957194563,0.0027869181668297733,0.0033288067107582384,0.004079720481809853,-0.009637078363793315,-5.3570016211113097e-08,-0.011099906576071726,-1.0928756184617939e-07,-0.009343461094207839,-2.6559693107554013e-08,-1.1799850287402845e-08,-1.3694694002359107e-07,-0.011576037661177194,-0.009888573733922594,0.0035198247751595294,-0.0025984567660096622,-0.0010799939821619896,0.0028147788821764586,-2.5280230497702475e-09,-0.002210052909223198,0.004229602729018711,0.001560662858344324,0.00895171736903525,0.004172579425880658,-0.006198569532736265,0.008997161257061452,0.002497910763056699,0.0019497233762602274,-0.0020710296107807873,-0.002818866488035733,-0.015388707807135386,-0.00036387134391604624,-0.00044441524894985854,-0.003410167434428788,0.0009026387925094356,0.010442540551410135,-0.010754794135464117
la27.pt,0.003220870548638925,-0.0012932628537114222,6.979540778718678e-05,-0.001184147141359923,0.0013853205340740534,-0.00043210622087056524,6.07058825035001e-05,0.0005403784240732485,0.002525614671463374,-0.0010801864872532448,-0.0014876598089564896,-0.0046662930882347894,-0.0007574725175840189,-0.002513570838437006,-0.0016049176810021182,-0.0003395582350054881,-0.0012573316024513492,-0.005768358655287918,-0.0051410017099752445,-0.0004292256725235604,-0.012939621128494793,-0.015678800491447334,-0.010597373956787046,-0.014346188433199205,-0.003070997433964688,0.0038361692982523416,0.007262378976563042,0.0031360709376065375,-0.0005923570915064506,0.002708405317189953,0.0032545622056495698,0.003976508103124261,-0.009972179787023958,-4.879857473481712e-08,-0.011401931523812641,-1.0262761593064057e-07,-0.009531475932412386,-1.223048838606971e-08,-1.132470923896638e-08,-1.4136040831922481e-07,-0.011906589502512723,-0.00956704712252005,0.0034373559284447907,-0.002649251759795685,-0.0008953496759025318,0.002760845087762461,-2.5300080757452648e-09,-0.0020534949594992005,0.004200624864693046,0.00167903504238325,0.009121641675923164,0.004127639939763052,-0.006224305337562273,0.008861207250343409,0.002502672047368426,0.001670535859073029,-0.002246084863750626,-0.002817171007171856,-0.015926589622882712,-0.0009028079300025621,-0.0009724288432198929,-0.003526737781652379,0.001005933403370118,0.010141910675947136,-0.01082874594835441
la28.pt,0.003095411001180517,-0.0013633039828932542,6.679026486757444e-05,-0.0004708853540889994,0.0005819825991491771,0.0014622101566979576,6.252279260997171e-05,-0.0003848850883564776,-0.0013889461964842519,-0.001081057890250067,-0.0013524646306334624,-0.00486301035955013,-0.0007559117177113705,-0.0024909783302426987,-0.001527874729212166,-0.00030689849419304055,-0.0011063928834155246,-0.00585276510767374,-0.004823504461285031,-0.00020095512349189822,-0.01294262177142626,-0.015330771600980168,-0.01056919095443148,-0.014230692934297066,-0.0031818749994767348,0.003921688303023921,0.007347088383966818,0.003185638017286511,-0.0005972304642162503,0.002678677318374847,0.0033919724553385495,0.004093120948893708,-0.00948549709097475,-4.7663823316718684e-08,-0.01104580713386141,-1.1098308601698357e-07,-0.009494859163255593,-1.6716536762245384e-08,-9.991614164123157e-09,-1.3778569822467584e-07,-0.011711567585181881,-0.009567941340851685,0.0037763041310130826,-0.002495965123005314,-0.0007915610075617762,0.0027499391585039047,-2.72926853603182e-09,-0.002011395900878425,0.0040484246034191654,0.0015245005201152267,0.009062677798545733,0.00419895322809468,-0.006135652633128937,0.008995484464935824,0.0025006118728095844,0.0018679357383332416,-0.002267779386968947,-0.0026523012393969195,-0.01575543034657501,-0.00020466573464197283,0.002701789712186729,-0.0034433569678727093,0.0008909871519830044,0.010329522327321221,-0.010589995623325611
la29.pt,0.003261798783309469,-0.0012011356751827425,6.945287340993488e-05,0.0001480038557852689,0.000922697807365,0.0007482807909741263,5.9520358240254545e-05,2.9436590189080567e-05,-0.0013352680835304444,-0.0012860642422194604,-0.0011984736352678035,-0.0043972189977594745,-0.0007473376669574858,-0.002493133260675833,-0.0015102859949156125,-0.00037489836805994095,-0.0012179394852966342,-0.005404325237097235,-0.002831516073253678,8.164869240978951e-05,-0.012659974624278935,-0.01495333751184279,-0.010297691758113327,-0.014136552497757507,-0.0031990627749509345,0.004169618001615132,0.007498068287875502,0.00320759662346268,-0.0006180542823660294,0.002843553931943388,0.0035215944738646297,0.004091890502375342,-0.009173370014074837,-5.5396210818320915e-08,-0.010787496708620368,-1.1186245156427229e-07,-0.00927691128511418,-9.856671839448033e-09,-7.17049355739043e-09,-1.3747083887836305e-07,-0.011429619414959876,-0.009222875838653583,0.003812184065563443,-0.0023654007269692996,-0.0009766069539416196,0.002864194980132764,-2.463635313410497e-09,-0.0019500886691799061,0.004399148268766093,0.00162529878915973,0.009201594858512466,0.003994173143204357,-0.005971215897295897,0.009238118630214953,0.0023584312026149394,0.001939887264812302,-0.0020619856546256906,-0.0025953696349841904,-0.015248732555477476,-0.00025214066283813646,0.0022670591516891956,-0.0032508266853356767,-0.0010332399868445308,0.010103210857700863,-0.010486105756233275
la30.pt,0.0031921387757855328,-0.0012876945609027856,5.701197002639077e-05,-0.0005347139643253739,0.0001807423576880774,0.0014045071027542384,6.024272921611583e-05,-0.0003257588462602823,0.0024406326285405853,-0.001142138763697998,-0.0014054992565253205,-0.004853380890000444,-0.0007317495291172793,-0.0024914129603729367,-0.0015303995505955331,-0.0003054933102283908,-0.0011198604874176888,-0.0058136022881240335,-0.004739637295092614,-0.00028636586651637234,-0.012959829708870397,-0.015410793475268057,-0.010561441547405057,-0.014312364617667618,-0.0032420270544670595,0.003889512502582088,0.007364450122419255,0.0031171821809592415,-0.0004746835132215788,0.002726602534194499,0.0034504034081996194,0.004113297623768375,-0.009774559339530624,-4.345458730544705e-08,-0.011151118590252468,-1.1422480176187372e-07,-0.009555003646116535,-1.7822292093219006e-08,-8.394400751853915e-09,-1.3734597621202848e-07,-0.01174863611819313,-0.009544773758577282,0.0037947315793957215,-0.002416743268608004,-0.0007126913176156729,0.0027139539333367883,-2.72926853603182e-09,-0.0020143625334304856,0.004075575143185371,0.0015628145272776918,0.009083080286810718,0.004165459916038306,-0.006127379955939298,0.009016002890821828,0.0025214472748619813,0.0018304615353591075,-0.0022351362270406393,-0.0029127885456185203,-0.01600559642031841,-0.0001819457119910633,0.0027242905912988396,-0.0033905407105566626,0.0007485548651329475,0.010227891905451427,-0.010898305910997698
la31.pt,0.003128538390308933,-0.0017160856106477138,6.394797853454058e-05,1.8187363349017666e-05,0.0008913546218876547,-0.0006974951375473642,6.996629270870396e-05,-0.0002989582470919342,-0.0011973552004817104,-0.001395776929002269,-0.0018936436531262779,-0.005417979457184591,-0.0009225311948330069,-0.0030328666786833586,-0.001874343474149519,-0.00032709851949070876,-0.001568944331331165,-0.006591127252577635,-0.00274476691889981,0.0008280131540934638,-0.011456792825803317,-0.012942312862601285,-0.009404393117249107,-0.012655154805943326,-0.0045621300678598065,0.0042276477207648785,0.007606635550495471,0.0035118173323917994,-0.0012876199265855486,0.0029030566971112027,0.0036670435899644003,0.004149773457052506,-0.00813660071881709,-5.7737374955092285e-08,-0.009702424647699857,-1.1125105105017565e-07,-0.008172007986977847,-6.9147542851182636e-09,-5.894507944398365e-09,-1.4494296850652956e-07,-0.010259639472709295,-0.008430606717712999,0.00390042992806904,-0.0032397628657596213,-0.00102934225132923,0.0032091335480584422,-2.4812872171339055e-09,-0.003491769460192615,0.004304588234353917,0.0022749962744296882,0.010566074391286005,0.0055779222910050195,-0.005885450580531162,0.009651767757890275,0.00435563172361312,0.003077617102891991,-0.0035481939494665816,-0.003428440290712164,-0.014879007346597781,0.00035540170276872617,0.00011041485250852814,-0.004037446744289053,0.0019162475931223664,0.010892605248897872,-0.0092943368740295
la32.pt,0.0035360718369176264,-0.0019019404693494492,5.021195038425165e-05,0.0022309274174154787,-0.0007166809358580342,0.0027044768447212933,8.205848441533444e-05,0.00020263361043954082,0.002350427186914113,-0.00094979323354149,-0.0019946064277796267,-0.005813545460643063,-0.0007623506071784569,-0.003097847009781264,-0.002217256559494585,-0.00013118863338744996,-0.0011465342230429494,-0.00736314523441148,0.0040616190241251566,0.00039747564553121285,-0.011104502227704871,-0.01329528210873752,-0.008570515981612003,-0.012800492099460076,-0.004369216213341706,0.004407186547975313,0.008160149029563578,0.003372472770707655,-0.001347894343338145,0.002863247693994788,0.0035692273180371243,0.004317444357323504,-0.008215216144421236,-4.646674981758474e-08,-0.009325475416650141,-1.0761073604839759e-07,-0.008363535666161338,-5.964798345278075e-09,-1.0298907629207604e-08,-1.4311304507757329e-07,-0.01012304907202025,-0.008126338678215309,0.004022022995525654,-0.003355111603556025,-0.0008094170760424758,0.0031373170549787465,-2.7469204397552283e-09,-0.0025301092351980047,0.00476578400888674,0.0022537486166010483,0.010930708235456537,0.005728182786631828,-0.005881638650343282,0.009801898525362254,0.004432848525618052,0.0031618742351464334,-0.0033484677670927946,-0.003374452982415932,-0.01498265145613424,0.0011287808765486603,0.0026054121247157734,-0.004127627200220454,0.0020374668030567838,0.011681122982924539,-0.009611482537531725
la33.pt,0.0032157897112056097,-0.0015912139805264922,6.363331910756151e-05,-1.8321221043762795e-05,0.0005211667693004448,0.001698525543705209,6.958689896566738e-05,-0.00039808524350377157,-0.0009479189574621247,-0.0014747117227096893,-0.001758274283967619,-0.00550944868432807,-0.0008469327677174953,-0.0029400235046980103,-0.001873775108874535,-0.0003074368791386109,-0.0013467296607689635,-0.006593340100435672,-0.0031485196030857253,0.0007579968846675391,-0.011151449553632982,-0.012736589858802586,-0.008902341068474559,-0.012455864047450957,-0.004545158503179325,0.0044320300367696845,0.007727706275409238,0.0035137170804168316,-0.001201811535755453,0.0029226000580645124,0.0036812678650775354,0.00423114960982267,-0.007788056446339437,-5.3933821155197834e-08,-0.0094491087563471,-1.123076995356383e-07,-0.008064060609854566,-2.9871630416911804e-09,-6.0849946349116635e-09,-1.38565430644883e-07,-0.009784931075168077,-0.008115727356828407,0.004160521962160861,-0.0031421497038352955,-0.0009504538828766266,0.0032979128367200037,-2.4812872171339055e-09,-0.003458723740346099,0.004423980442833899,0.0023042352769872118,0.010692941537037197,0.00565884272355888,-0.005765083976423091,0.009802780324203867,0.004526762897260694,0.003078998916163952,-0.0035842710499444925,-0.0032854040151978777,-0.01431433197445568,0.00024987911771755743,0.0016174890062231923,-0.003887480909171426,0.002007556705401082,0.011194394152379782,-0.008964931941187975
la34.pt,0.0033289281193812905,-0.001628453757527711,5.818514269028269e-05,0.00013565613213558758,0.00045309444963509567,0.001495121824831905,7.023680146623284e-05,-0.0004206770608234482,-0.0012226993488556812,-0.0015409304689646664,-0.0017238316485653023,-0.005418933891094702,-0.0008219021479486016,-0.002873141974291333,-0.0018514404347919117,-0.0003012429282300437,-0.0013531557782814566,-0.0065054625605718425,-0.0031581727624120743,0.0002256710929322144,-0.011188971751357257,-0.01268189086183447,-0.008901383919355514,-0.01239658067995455,-0.004596517678251311,0.004315292695720788,0.007713141770479941,0.0035824525055834534,-0.0012023731508755055,0.0029420683056566,0.003710346108086233,0.004361280160089494,-0.007793962745914211,-4.32714275845064e-08,-0.009431647357641227,-1.126454515131717e-07,-0.007963854617513989,-1.0045628416465976e-08,-6.047079634432204e-09,-1.3643944956413878e-07,-0.00979890661659037,-0.008195502264059714,0.004100313422403572,-0.0031052379005997513,-0.0010013698228382134,0.0033309133205154237,-2.5079933194703902e-09,-0.003441743947809344,0.004459343995619756,0.0023200506731421307,0.010687222096410869,0.005635700293421421,-0.005703693931587707,0.009850654398376723,0.004452003290693681,0.0031276377801387465,-0.003601533517954754,-0.002882872680737201,-0.014457717685651073,0.0003370620126689983,0.0018001883784215865,-0.0033572020883765145,0.0020052644103418327,0.011056359178285074,-0.008971438972829114
la35.pt,0.0033687559810097684,-0.001798986937211129,5.660998720151913e-05,4.7509610980445973e-05,0.0004456553035246487,0.001515507865584289,7.12901939539858e-05,-0.0004090068454673003,0.0023314717830171233,-0.0015284619060082986,-0.0018492588270572232,-0.005729558535401907,-0.0008653445965140353,-0.0029125353157403943,-0.0017821627359758778,-0.0003281610132584079,-0.0013482955881300108,-0.006645709433648561,-0.0037364101319714207,0.0007655160369310115,-0.011224344143014294,-0.012781216310925504,-0.008960779775675186,-0.012597425765087824,-0.004603471531230401,0.004303108830509702,0.007726853172469383,0.0034960637888427305,-0.0013909446343068506,0.0029136919404395825,0.0036919078089364425,0.0043765797360482035,-0.007984181288770303,-4.353846667910499e-08,-0.009520701768535433,-1.1378109054865764e-07,-0.008323194964848261,-9.538512069029582e-09,-6.461484451513754e-09,-1.3976124023085594e-07,-0.010026517733410761,-0.008235938856646264,0.004105086225604559,-0.003070775309651201,-0.0009477694094076586,0.003378521069120519,-2.5079933194703902e-09,-0.0035048469517106376,0.004534816274719669,0.0023121157880622006,0.010781503014764314,0.005700170921324254,-0.005777470347468882,0.009831571215385384,0.004397713627871769,0.0030783558553595138,-0.0036130468410445963,-0.0031044101200714217,-0.014718806630927483,0.0004084471096566246,0.001795724335012679,-0.0034612566773336976,0.0020532791528898994,0.011101551359377074,-0.009456961507916507
la36.pt,-0.000998782081968371,0.0005458717069869462,0.00010906454628573472,0.0004145656868244654,0.000283213256272492,0.0008488907422606329,0.00019085683419655685,-4.844026390716365e-05,-0.0012187521580211017,-0.0005864494379125832,0.0006296723319619105,0.0003182237071459476,0.0002039211514576762,0.0007536684646432107,0.0002576401196415323,4.5694823422662323e-05,-0.00010579939598093822,-3.814096361772734e-05,-0.000582300853051583,0.00010047679597768316,-0.0047445221270823465,-0.005906188927339199,-0.002932704815485812,-0.006050302667700031,0.0006294880586075376,-0.0030919853063914233,-0.0038179318341761666,0.00023818795850047647,0.0018948192820780858,-0.000866791707480251,-0.002441478763418447,-0.003539582342181026,-0.0028900303719079975,-1.0145704345250629e-07,-0.0034703839768282303,-1.981358265335415e-07,-0.002864157961086371,-3.5262595048927815e-08,-2.984058303715851e-08,-2.3494366532400545e-07,-0.004131078773677754,-0.0025645605763255637,-0.0020670985665998025,0.001126160206832168,0.0010111644691243342,-0.0026707112941099427,-2.4878289640551318e-09,0.0006932702095677496,0.0025974079899832273,-0.0016749264444277066,-0.005514776381322386,-0.007601398554861095,-0.001682272867691127,-0.001246185629319216,0.0009312385411273472,-0.0014459879196654828,0.0009892765451155019,0.00024139168321308456,-0.005519211990381943,-0.00034244493864885435,0.0005067011143887064,4.4562121601933056e-05,0.0002486360667781932,-0.007700474376900439,-0.00351732471109242
la37.pt,-0.001151497548736941,0.00047428262381891435,9.890294459678788e-05,0.001995436734380757,-0.00017983810949538195,0.0004998162850577726,0.00012236627520880057,0.001103315145778858,0.0009873955071230398,0.001656465552689336,0.0005698305572745492,0.00012282655648170694,0.00010298600353736774,0.0007383837444072907,0.00014975974516803238,7.432736133978586e-05,5.265745671679128e-05,-7.54887760537393e-05,0.0010727850667998813,0.0011711038761140651,-0.005075079521576507,-0.006221468658268716,-0.0031781358849960117,-0.006288001785445621,0.000661545553417618,-0.0031056559582832845,-0.004071233842731961,8.140975134243933e-05,0.0016890597980759486,-0.0007805303222422599,-0.0020719261023643925,-0.0038309643144219785,-0.0031512344948098838,-6.556839772241271e-08,-0.0034703650442553954,-2.055694608967865e-07,-0.00330497256653658,-1.7117939078365148e-08,-3.0536221973629046e-08,-2.174862576374903e-07,-0.004477932421970263,-0.00274354535602411,-0.0020832274324518903,0.0011671438074899205,0.0007828271650975894,-0.002557793500167339,-2.589126689422367e-09,0.0004537256182752905,0.002106816378699356,-0.0016359729949758522,-0.007457382449102106,-0.007098202384465231,-0.0017239913626513849,-0.0028488559112140577,0.0011699157981681708,-0.0014700740711021624,0.0008922222567743514,0.000279548494084084,-0.005262067994157617,0.0016723925321848476,0.0003012424490858053,2.9607609830846614e-05,-9.713068165460002e-05,-0.006643810206646509,-0.003455173750705179
la38.pt,-0.0011275634425988272,0.00029679596471851913,0.000104343393283158,0.0001799450462673094,0.00011282542879484066,0.00034098782725386795,0.00013840181861654474,-0.00034110618134405217,0.0003985003065053446,-0.0018425618939063768,0.0005072718879424086,0.00024641939777540105,9.338697910557728e-05,0.0005701705557566165,0.0003736826101827378,0.00015230605070155228,-0.00013177416753225053,0.00018764226159809897,-0.0008895017573289909,0.00022625669363065311,-0.004967911757933914,-0.006162076464207287,-0.0030168151979410806,-0.006254852475558219,0.0003468288171463208,-0.0031805958782966967,-0.005153517109576771,-0.00014996759485974342,0.0015173378679540842,-0.0013272879041766976,-0.002797438143527394,-0.003927205667204368,-0.0031336773009144276,-1.1919619798016988e-07,-0.003538619865614391,-2.2551976645766534e-07,-0.0032436204053797888,-3.0551695537225e-08,-2.108978378652611e-08,-2.0856388661266118e-07,-0.004201784590623823,-0.0025201727869751636,-0.0026262022841754954,0.0006043178802685673,0.0007333341485638527,-0.0031011234599579254,-3.2566838857656568e-09,0.000823815124583698,0.0019191677328654255,-0.0016528553292341336,-0.00705757015294758,-0.007155371411687002,-0.0016378009562793233,-0.0024329912713068366,1.0304717333054298e-05,-0.0015862188889947438,0.0009351620831034107,4.997160003151391e-05,-0.005845229427749996,-0.0005408912678637279,0.00032340908636306967,4.610898781498523e-05,-0.0007506973070604068,-0.014726314227341802,-0.003553096311291046
la39.pt,-0.0008576958908580716,0.0004345346982088568,0.00010549405066968465,0.0001958157158029609,0.00023078064719422034,-0.00014378701085577064,0.00013343383994491635,-2.657811882441898e-06,0.0005426280955319045,-0.0012258472155993153,0.0005959733000874774,0.00023988555400895095,0.00010998652490717347,0.0006185246848318569,0.00037117561888581267,0.00015058530032406947,-8.005068171323203e-05,0.00014092811352116503,-0.0011039485828444216,0.00013884399729141597,-0.004821871400334227,-0.005983818810605425,-0.002963537388844644,-0.006015318169856907,0.0005379558220678537,-0.002784000740129343,-0.003892562044227927,0.0004141118666374081,0.0016121725051455793,-0.0010468051010221575,-0.002457477477631027,-0.0036098497059678233,-0.0031711525446630213,-1.2595722935893408e-07,-0.003521456470053611,-2.1621105725328842e-07,-0.0030775145523046932,-3.434045474923776e-08,-2.2570022155165712e-08,-2.2998224535981292e-07,-0.004194321579745358,-0.002406879370167105,-0.002202877837126735,0.0008309293449404049,0.0008439720215995332,-0.002761282107919724,-3.2566838857656568e-09,0.0008097240812775481,0.002444520000348891,-0.0013680008143659203,-0.006110871555623765,-0.0070675428375090235,-0.0017529507730363488,-0.0013290161873480998,0.00045335487665016516,-0.0012802502866191298,0.0010145276897950762,0.0002091139056411772,-0.005591631905933355,-0.00023968001479149608,-0.0009277155999662565,5.301160332291469e-05,0.00021495114315541754,-0.00878726940879954,-0.003461736346404278
la40.pt,-0.0011062892849719728,0.00031747113022566895,0.00010529932324272552,0.00016568622508163685,0.00015419900843129553,0.0005322538354724756,0.00014018443591945926,-0.00021171168016383783,0.00047154598812718085,-0.001702747701281386,0.0005203192594233537,0.00027206085163571683,9.418832006090402e-05,0.0005889157485143826,0.00033066329497567727,0.00014788313829706927,-7.271991317007339e-05,0.0001463284969820433,-0.0010433614941221358,8.073316241874143e-05,-0.004891120659295319,-0.006117290294357838,-0.003034205111436848,-0.006198912556487587,0.0003864248986362514,-0.003215971996721022,-0.004894889762245523,-3.5220821155858654e-05,0.0015062925386133482,-0.0011972800330645346,-0.002824760053790623,-0.003868975041853602,-0.003117708248767583,-1.1978813570403338e-07,-0.0035744235271624753,-2.1789346337218616e-07,-0.003304585263551404,-3.153104412870781e-08,-2.190783279512093e-08,-2.01507613393691e-07,-0.004205918388908456,-0.002465062955369311,-0.002547226904816364,0.000697112381014823,0.0007030241342324241,-0.0030422799687965132,-2.4137464788994808e-09,0.0008315066585880081,0.002004226924286703,-0.0015934332486450468,-0.006735348735928228,-0.007254383568679476,-0.0017325103030064303,-0.0023055787016229823,0.00013958803133106364,-0.0013831084126048152,0.0009596518773333129,0.0001287655686913472,-0.005666110699727806,-0.0004132136873842906,0.00027377393854606,2.1198175572251263e-05,0.0004923747267347913,-0.01341002433932657,-0.0034526853260694675
orb01.pt,-0.010344303050256437,-0.0004517676140537795,0.00033235021436871037,-0.000546217505978191,1.7588274406620617e-05,4.4396185251743185e-05,0.00035184957385329366,-0.00019431919530858902,0.0014039624852187592,-0.0008771695576386147,-0.0003438833727398946,-0.0013039651952219847,-0.0001099388049686283,-0.0006532072269685662,-0.00043998858739806074,-0.0001065776371140922,-0.00038982805722026373,-0.0018850564248809143,-0.0016684201625222685,0.00028989481037095053,-0.0079545314134962,-0.009499388363460993,-0.005831528692873683,-0.009010831170123119,-0.0007768711693680331,-0.013797066640399617,-0.02457440952033231,-0.01008620448069446,-0.00015883331972167466,-0.009271610636422567,-0.011782107800939213,-0.014578672182663408,-0.005801641265103779,-3.015553234141053e-07,-0.006496082601666685,-2.0851343216833375e-06,-0.004391572883335935,-1.3499143341427225e-07,-7.27783979703732e-08,-2.126263430688809e-06,-0.005635065770834785,-0.004641817712470656,-0.012212740953014289,4.550021969892619e-05,-4.334345876053976e-05,-0.010523504771495591,-8.59012014468948e-09,-0.00030583684719659546,-0.010801585313463296,-0.007824571085878595,-0.03330109673634688,-0.014813909238261244,-0.0021166138320908457,-0.029503746561542178,-0.010486454178439143,-0.007655194878817325,-0.00017996448244561407,-0.0008824475642387045,-0.009440322873727517,-0.000541880536920795,0.0006838654557353498,-0.0009995648439710526,-0.005567617518164175,-0.034349763664160024,-0.006351829147635332
orb02.pt,-0.010526161715068824,-0.0004834244921101875,0.00036113871716510963,-0.0004670698844724408,0.00022011558435609542,2.9709806532374825e-05,0.00035695680502021993,-0.00011463000817246481,0.001239279904206257,-0.0009074340252386131,-0.0003515278510712681,-0.0013129431899840261,-9.079989740974822e-05,-0.000690735302303831,-0.0004198316343396147,-0.00011757004114029903,-0.00039334031768082105,-0.0019009545792674995,-0.0015159000426344107,0.00026977622763455937,-0.007892544179921326,-0.009540882681589345,-0.005720054097807353,-0.00896441163550151,-0.0008180475452727401,-0.013845118717344632,-0.024589443238187784,-0.01020379493778024,-0.00019034901117394895,-0.009095148766832671,-0.011951320788156292,-0.014546060456900616,-0.005864451547978409,-1.624363633094848e-07,-0.006516783988694114,-1.1326732293968158e-06,-0.00445085171030788,-1.4396117381570882e-07,-6.648080813473432e-08,-1.6390654376687162e-06,-0.005562251178999803,-0.0046106868112558465,-0.012433283328159189,3.4018498177439736e-05,-7.453647876514957e-05,-0.010565628566717628,-1.3953615579878453e-08,-0.00033596113115966816,-0.010681628886590749,-0.007945137413090823,-0.033487165521477194,-0.0149491962950819,-0.0021738607866223308,-0.029586130903304073,-0.010341460339838678,-0.007708970505638847,-0.00017149098875710755,-0.0009686558432819817,-0.009511818723563699,-0.0002945475737928271,0.0006625820318337738,-0.0010223970244069161,-0.005024934376857195,-0.03419738441879883,-0.006470788046263207
orb03.pt,-0.010495395324945768,-0.00045182865037906905,0.0003585418735991144,-0.00042081053242605613,4.364850214512867e-05,4.384389321875394e-05,0.0003603125941932999,-0.00011511973417909903,0.0014132618322142843,-0.0008830863381597626,-0.00033510778935011545,-0.001284664966857582,-9.192617987725589e-05,-0.0006749865062001765,-0.0004113441470781516,-0.00011538815919900832,-0.0003836477703839815,-0.0018877034550024002,-0.0014705937153634626,0.00022563591632968877,-0.00787749314632586,-0.009431587198562,-0.005747948181004245,-0.009031351983215263,-0.0007945735671191034,-0.013864159463975814,-0.02462978009676593,-0.010178232503898396,-0.00019826583532486227,-0.00918460350672198,-0.011997616629203404,-0.014605866699326625,-0.005830660043037867,-1.2814196114661622e-07,-0.006461648648378006,-1.0893553920837945e-06,-0.004394760632065945,-1.4799522486065185e-07,-7.192416086102726e-08,-1.6331676491721458e-06,-0.005591310665192688,-0.004545014292752811,-0.012342145030206007,4.414669719034618e-05,-4.510600517112815e-05,-0.010605238078331365,-8.59012014468948e-09,-0.00031609444451848794,-0.010660794036829516,-0.007933817108829481,-0.033431104756728044,-0.014870610738695243,-0.0021640809350455302,-0.029623170674161772,-0.010426001742361194,-0.0076736900849438405,-0.00016849976487654075,-0.0009621012646666178,-0.009451709366258249,-0.00024653098971348403,0.0007139998650783991,-0.001037498597250847,-0.005732769037092146,-0.03431528175851502,-0.006396307680985527
orb04.pt,-0.010410529339063144,-0.000475876380528974,-0.0003304787494588036,0.0011570054785786349,-0.0002530138399858114,0.00018655048175263852,-0.00027559461360351803,0.00030566101789228605,0.0013071441516559746,-0.00010177162460138685,-0.00035435008803054056,-0.0013035064629415012,-0.0001002011545999645,-0.0006020793874619281,-0.0005568787659557663,-6.656456686267381e-05,-0.0003936623987311439,-0.0019274122351287404,-0.00024274276571451632,0.0002667102470950214,-0.007656890775531688,-0.009570347542019441,-0.005796833872188251,-0.00924491369493895,-0.0006985888009006604,-0.013578228996313458,-0.024467300187052322,-0.010302717492859962,-0.00022130210456209682,-0.009208089464446513,-0.011443183043258786,-0.014522346067552854,-0.005789002501377561,-1.8087715821405735e-07,-0.00627072999421592,-4.962090700240726e-06,-0.004421019761101388,-1.1272786288682674e-08,-5.219739995929451e-08,-2.664563650658007e-06,-0.005468191229471094,-0.004592742645309465,-0.012026254328959285,9.215524430518016e-05,-0.00011577878887123021,-0.010470126766606459,-8.328312711924418e-09,-0.0002564910130630308,-0.01112665504425399,-0.007819955713169917,-0.0335929272299395,-0.01566488738208985,-0.002235372340572122,-0.029848029245848208,-0.010597865146371939,-0.00794708906858306,-0.00011154041161191109,-0.0008381735032038321,-0.008855405635459565,0.0007702703638567403,-0.00040057424691842327,-0.0009931350625945797,-0.001663552755088231,-0.03437936785418817,-0.0062516214208010925
orb05.pt,-0.010289253585855728,-0.00041721434996864874,0.0003268231698784797,-0.00024265879075058478,0.00011790481574082037,-3.9345100756639926e-05,0.00033042682489008206,-0.00011351508320553448,-0.0006614563931349326,-0.0008011494741296752,-0.0003401642664981952,-0.0012269945502965303,-9.619635871172169e-05,-0.000664748113990849,-0.00042301530862898126,-0.00011688131852835149,-0.000400867381129999,-0.0018354028190679477,-0.0009097393732489738,0.0002549665027779155,-0.007726826953421765,-0.009141198525083185,-0.005648344970619735,-0.00901263557397517,-0.0007710797230650694,-0.013940049794911681,-0.024721934707338838,-0.010140910382318345,-0.00022262038706725334,-0.009103246032642493,-0.011973326601200528,-0.014593862425249272,-0.005642187066359891,-2.009284329434455e-07,-0.0064926015681320785,-1.1309113928573702e-06,-0.004316688419029501,-3.838686019505594e-08,-1.1833113010990578e-07,-1.6644679077401576e-06,-0.005495378551840711,-0.004559569500047956,-0.012421296116170506,-1.2930950226876483e-05,-6.954895262485798e-05,-0.010671836913658911,-1.2162757065835998e-08,-0.0003168069122010317,-0.010515965780963596,-0.008002335360628898,-0.03285485247336971,-0.014906106979788296,-0.0021077723984627064,-0.029345440348148566,-0.010241940779775693,-0.007596661985015285,-0.00017471759504736144,-0.0009211105883026631,-0.009004593700375004,-0.00012433074473940564,0.0006889055586536445,-0.000968008840788869,-0.0055327442018241295,-0.0343440600557974,-0.0062033032755300895
orb06.pt,-0.010408808271658987,-0.000446517066013371,0.00032385623013944014,0.0011663644602293345,0.0001491853901814911,0.0002463357777544883,0.00033871664778302164,0.0003325956442307884,0.0013038525319442,-0.00028739453940347567,-0.00035864552678700604,-0.0013068656802360848,-9.100517516745515e-05,-0.0006146081607674216,-0.0004763247818214021,-8.157387379570684e-05,-0.00038773279114399814,-0.0019274424688278625,-0.00023029195523723697,0.00035514180645394877,-0.008069586212518852,-0.00963888417426496,-0.006002034169580783,-0.009209548176565937,-0.0006594909610618387,-0.013725702027527077,-0.024762474438088537,-0.01035389870195119,-0.0001450168066308245,-0.009287117353677148,-0.011648951864976317,-0.014504055387610786,-0.005916800067070502,-2.9588859901236894e-07,-0.006579233705317359,-1.0736089099074325e-06,-0.004587561229779917,-1.0024851679799382e-08,-3.925518473645047e-08,-2.66265710990474e-06,-0.005677320416699049,-0.0046678221805203,-0.012265401909877327,0.00015267762793228385,-4.471732568381086e-05,-0.0106331416940716,-1.2785722034399778e-08,-0.0002810448411458973,-0.01093645208138584,-0.007833192632329544,-0.03385715431857838,-0.015537773231646887,-0.0021975986545875207,-0.029967587911815377,-0.010454361249992716,-0.007858512292161507,-8.66794752103109e-05,-0.0008845831819108032,-0.009337449334457352,0.000782494817545758,0.0004219410138195702,-0.0009629797752285557,-0.005043933150020953,-0.03469551918756608,-0.006573592784058885
orb07.pt,-0.010201184076903208,-0.0004988506631166238,-0.000344964172622187,-0.00034049343644754063,0.00011742149922592843,0.0003334645709049525,-0.0002979826782795585,-8.386579488444835e-05,-0.000750505538985148,0.0007573659558831362,-0.0004125351283575686,-0.0012032471847042048,-0.00011430281503099929,-0.0006976813920558109,-0.00046767804663690594,-0.00011489666969537712,-0.0004414028083440712,-0.001810742804820577,-0.0007109351709344654,0.0005594171584995426,-0.007330238533769759,-0.008892858263976277,-0.005406195407182395,-0.008646533102188892,-0.000809582532745554,-0.013887511425145525,-0.02473111643968594,-0.010216511966703269,-0.0002691529907590618,-0.009093490560792191,-0.011833454557530296,-0.014655369083704878,-0.005362884693896858,-2.071384638438793e-07,-0.006165374973328095,-5.947513240201576e-06,-0.004150535596292873,5.401521514005847e-07,-1.2125201496687096e-07,-5.66810948601252e-06,-0.005211534375225561,-0.00441465800131711,-0.012310371799466077,-0.00010900426951267193,-6.180374446663407e-05,-0.010733948184989127,-1.307136530775597e-08,-0.00031769121098282414,-0.010849896295107131,-0.00787317484459031,-0.0332377569845838,-0.015008855581456388,-0.002053309233834926,-0.02971709003582429,-0.010436877732547811,-0.007605382267075041,-0.0001743470352697313,-0.0004712028438795754,-0.009754550214046627,-8.857534604049716e-05,-0.0001314513298390865,-0.0007432513897632323,-0.00610147731799871,-0.03466357032164918,-0.006047462653768396
orb08.pt,-0.010381006962189973,-0.00042797351703599177,-0.00038648293286395395,-0.0002946843145755891,0.00010975765850897219,3.6544194081955633e-05,-0.00033416436870152913,-0.00011988769254738832,-0.0007059663310958865,-0.0008227525126385889,-0.00036406679935150997,-0.0011936078814751006,-0.00010105962779949201,-0.0006722047582443053,-0.0004443244780103562,-9.101698596874843e-05,-0.00039599676036853845,-0.0017895954569744639,-0.0007655584134637678,0.0006171165670909265,-0.007442284605075268,-0.009093830451675687,-0.005460943525645263,-0.008903115952273206,-0.0008041435283622781,-0.013897317614360055,-0.024777543618222125,-0.01030036257526122,-0.00024216902311156678,-0.00910919984357123,-0.012067726446333511,-0.01465997731309859,-0.0054889368145947075,-2.039773917299094e-07,-0.00625068530320508,-5.780070049305828e-06,-0.00419969589376572,8.296215177595193e-08,-1.443746968535112e-07,-1.5937810492516917e-06,-0.005319244111145818,-0.0044424347821727375,-0.012448024460698679,-7.843133677883668e-05,-7.649833251173008e-05,-0.010650134617583722,-1.4898165217478345e-08,-0.0003176744483839284,-0.010603799139345798,-0.008024209359077385,-0.0330195265094173,-0.014832498346228216,-0.0021259879158642167,-0.029403092699960533,-0.010273727934140943,-0.007597840986111155,-0.00018257732012115364,-0.0009184418403268235,-0.008773067395595096,-9.755940113155731e-05,0.000721455642220323,-0.0009973040376205684,-0.005646213423234187,-0.034534201797183944,-0.005950882054331351
orb09.pt,-0.010305988285955596,-0.0004595983784483159,0.00036131589284692066,-0.00048092127915145416,9.292749970898877e-05,6.396776657659552e-05,0.0003619992153278908,-0.00016144796245252103,-0.000672787916052645,-0.0008936065143995988,-0.0003555050737823387,-0.0013024712761930827,-9.517527921205454e-05,-0.0006807100843970118,-0.00041663853753289265,-0.00012471286492331092,-0.0003891234912201689,-0.0018867921393611118,-0.001359291690687648,8.842871577442717e-05,-0.007853592330544445,-0.009410056779505656,-0.005760215299534828,-0.009003893790687618,-0.0008198452006867521,-0.013912028799206475,-0.024561333965800167,-0.010212819836706955,-0.00021205304208743277,-0.009139364137334393,-0.011959879181408485,-0.014582033551662708,-0.005688553283434086,-1.0604918761622259e-07,-0.006518021655520559,-1.1174195020265762e-06,-0.004401999170559956,-1.4025740991219438e-07,-5.232445584037211e-08,-1.47143761229211e-06,-0.005516777648788157,-0.00461853148567542,-0.012438907289046385,3.382753237964032e-05,-0.00010288443242092104,-0.010638843297165296,-1.2321295169576821e-08,-0.00032749829271644664,-0.010562203833002442,-0.007927629379905671,-0.03299229239067346,-0.014926575230526738,-0.0020580864277987363,-0.02948271289801462,-0.01039486197826149,-0.007643099979874908,-0.00018234116100743108,-0.0009124509488979972,-0.009297805412771455,-0.00023538314326524188,0.0006645989155831195,-0.0010548780522442519,-0.005024676782966152,-0.03428857516992786,-0.006323151900010243
orb10.pt,-0.01051927840824315,-0.0004519303386440475,0.0003483878454802835,0.0010566276143388603,-0.00011208053169834758,9.790692579116849e-05,0.0003521449395000983,-7.64303837553907e-05,0.0012640358721636839,-0.0009061674927089513,-0.0003643181372176941,-0.0013200946309459448,-0.00011033330322412,-0.0006246757983200034,-0.0004833646388925843,-0.00010285125292248947,-0.00035136176219328463,-0.0019219318939165649,-0.0005247459244397254,0.0003433156158491253,-0.007988015192823144,-0.009717107775199341,-0.005871895505392432,-0.009143708619442071,-0.0007206318623396554,-0.013828052872744773,-0.024732150519404163,-0.010241463894911427,-0.0001562435026844549,-0.009272375845110686,-0.011776821571977578,-0.01454368520471271,-0.0060091478331192804,-3.401724688237055e-07,-0.006583424961233762,-2.0894803446922173e-06,-0.004443727351647219,-1.1413038653771637e-07,-6.889770210904214e-08,-2.828229674806134e-06,-0.005673043278725789,-0.004726378606328905,-0.012295464992462962,0.00012267520958705064,-5.4746429388954196e-05,-0.010548587462685716,-1.3890115429559841e-08,-0.0002891222767567568,-0.010883171424713131,-0.00799179192598858,-0.033825130503333474,-0.015388533364332008,-0.002151767307716337,-0.030087898721516557,-0.010541570837015365,-0.00783822935756238,-0.0001267908302723634,-0.000893173498028925,-0.009354048514571361,0.0008618038552129474,0.0007479181194974218,-0.0009806034800328065,-0.005634996055397256,-0.03464000996909069,-0.006480395641126959
swv01.pt,0.0032330579759539623,-0.0012235397060190087,6.917508638863155e-05,0.00010801945801152208,0.0008501292548353504,0.0007247970438116532,5.3436548989152466e-05,1.4498795091823591e-05,-0.0013253305909518712,-0.0012733139244788534,-0.0012129362263758525,-0.004636908267408348,-0.0008052832096709819,-0.0023092096057849565,-0.0015000815871356022,-0.00037877987475778665,-0.0012288042047323806,-0.005528996469951227,-0.002773802893795943,-0.00042112685065962517,-0.012935179990224402,-0.01497948108453294,-0.010391704679497184,-0.014157970683892669,-0.003230230602404337,0.00397735992308747,0.007478128578293389,0.0031720381217623704,-0.0007260521055107799,0.0027864090760135046,0.003474523732410487,0.0040921857328135545,-0.009337600721042838,-4.096518870905394e-08,-0.010789799288374806,-1.168684700081609e-07,-0.009254991532069611,-1.1147168449067657e-08,-7.798346574357781e-09,-1.2987592115932123e-07,-0.011408106674285757,-0.009356851166569924,0.0037862147248017486,-0.0024203482293190556,-0.0008906702950792119,0.0028735034956082943,-2.509161720217059e-09,-0.0020801684082616683,0.004276148138389778,0.0016244586009059247,0.009173767433233608,0.004192745091659152,-0.006091945461312097,0.009236435140780904,0.0022720540862078233,0.0019293594678318877,-0.0021434368597343855,-0.002649834984478908,-0.015416835943045867,-0.00027024121372009626,0.0022867975634376773,-0.003266155652047177,0.0009036509783975841,0.009614468602089562,-0.010524097369952587
swv02.pt,0.003253776404755697,-0.001268088848330778,6.965157894044017e-05,0.0001226230493384693,0.0008278392743681258,0.0007127945883603986,5.938254531817299e-05,2.991680333022699e-05,-0.0010626087578973265,-0.0013428616888981426,-0.0012372086483204451,-0.004480015559759958,-0.0008172680186141898,-0.0023645819665898933,-0.0015005715970065464,-0.0003315113138070679,-0.0012268576646003108,-0.00554675825478878,-0.002903224272353472,-0.0004306111772600606,-0.012890771324386131,-0.015001260512200888,-0.010083396370971144,-0.014180096620066257,-0.003311358014494138,0.003992499774644799,0.0074496524767326796,0.0032135056805687977,-0.0007822945171603819,0.0028304136020067235,0.003493154521193086,0.004077234840155276,-0.009289429394148743,-4.88130665705477e-08,-0.010874528575935757,-1.1263819343724437e-07,-0.009184572555064184,-1.1276314400792458e-08,-7.53995304535944e-09,-1.4078823830927014e-07,-0.011447918391171511,-0.009365466148129295,0.0037167945625496313,-0.002453091021043996,-0.0007531665455240398,0.002948063707384222,-2.974213869699452e-09,-0.0021225879784785486,0.0043076649425157505,0.0015335920953280476,0.009181983634807234,0.004096250625807712,-0.006072062542117166,0.009338588983323265,0.002359053211879684,0.0019236589757521563,-0.0020959930877702112,-0.0024451600141613154,-0.01509294411106753,-0.00026619208851722486,0.0022062406429315478,-0.00325708152729527,0.0007045429504281028,0.010181638628603475,-0.010588122950857903
swv03.pt,0.0032527033925538328,-0.0012138098077329937,6.957932835538606e-05,0.00012808162870208038,0.0009380151297073246,0.0006914194082585093,5.9469955861861663e-05,2.1059820732182868e-05,-0.0010693916697152737,-0.0013790210133740263,-0.001218688682637912,-0.004458648864579546,-0.0008041038168945701,-0.002450006650788937,-0.0014871816382780786,-0.00037887539470448273,-0.001207191358770012,-0.0055414309235320485,-0.0029312048620392375,-2.7975087577082785e-05,-0.01284123520486926,-0.015152725192589356,-0.010292717766856536,-0.014268972168021607,-0.003199569117343366,0.004074616089337574,0.007475005900739264,0.003206496816437723,-0.0007994202603357884,0.002832570734724462,0.0035101099223359966,0.004071499762905743,-0.009256528278145522,-6.105863220355445e-08,-0.010875205937136655,-1.1025058266538161e-07,-0.00921771393560565,-7.060890436839589e-09,-6.885314704951048e-09,-1.3930286899477117e-07,-0.011518639707486204,-0.009374541337798407,0.0037390530560313198,-0.002405769181340093,-0.0007530205702774107,0.0029539606914192563,-2.9475077673629673e-09,-0.0020958566857820155,0.004249693668079032,0.001538197106280862,0.009279080235925967,0.0039518963969568995,-0.006087567717996743,0.009262480342604988,0.0023283195690526155,0.0019381253344949766,-0.0020951593474030886,-0.002483672056429795,-0.015288417615808712,-0.00028158114479498187,0.002250058505532524,-0.0032457580237275118,0.0009880067120678043,0.009760619530000991,-0.010617134127025824
swv04.pt,0.0031891709966606232,-0.0012358688314066107,6.157807302476448e-05,0.0002460621681576209,0.0008012069848712522,0.0007217758719001854,6.071045549281297e-05,3.169876284638708e-05,0.0006212445526662788,-0.0012386918520819233,-0.001279089136322132,-0.004646344998282417,-0.0007273535882030462,-0.002303423342284289,-0.0014993587580038334,-0.00035666664300769543,-0.0011268274744929533,-0.0056041606831397596,-0.0031620197915049335,-0.00013379163655682843,-0.012786154077059136,-0.014908156910248204,-0.01010153551606105,-0.014116678991593693,-0.0032187536571259955,0.003883139208894582,0.007461856930071899,0.0031939167673270285,-0.0008158302020421878,0.002871577752820899,0.0035431441035668866,0.004183419539843217,-0.009405532215693402,-4.1385778362236267e-08,-0.010927189714572674,-1.15573431225008e-07,-0.009413341069883988,-1.6897319987032582e-08,-6.618564869682424e-09,-1.3485547754343695e-07,-0.011286095626999828,-0.009316141268910913,0.003799278620428821,-0.002344658172930019,-0.0008707863761541279,0.002894581934434433,-2.5260385613466115e-09,-0.001969090321554504,0.004339399293703356,0.0016783154599228915,0.00942667871937832,0.004161081184311348,-0.006085724215534387,0.009260454516339662,0.002423790439034588,0.0018946498548052168,-0.0023252189578108983,-0.0026346768495333307,-0.015612858828725049,-0.00014003955421674406,0.002273662460610276,-0.003277622575631948,0.0010780607890074354,0.010517484400412318,-0.01067241351147925
swv05.pt,0.0032147610374043435,-0.0012636502566798198,6.322633360080968e-05,0.00012724277193094398,0.0011269364112836617,0.0007828815502654314,6.0858568883247705e-05,4.7688233165544775e-05,-0.0006963406590120172,-0.0012855066106636042,-0.0012938246276160365,-0.004814643348836297,-0.000759114507860318,-0.002354301762559011,-0.0014986735302642948,-0.00034657854829885445,-0.001191121412082064,-0.0056837849109137705,-0.003327176425738751,0.00015788346719089076,-0.012715412339959155,-0.014903417914184178,-0.01016330345211474,-0.01398062365154274,-0.003239240785690185,0.003941600527741448,0.007459981553906986,0.0031779101699714357,-0.0008612404430189055,0.0028690239170470334,0.003535591329538418,0.004190711987244602,-0.009354314119672648,-4.122567717636166e-08,-0.010817644902894339,-1.1390312935307542e-07,-0.00928221075210379,-1.3823272858699947e-08,-6.710696570841694e-09,-1.3389841762843667e-07,-0.011313478257233861,-0.009296423266702977,0.0038178929172281383,-0.002315602957848054,-0.0009023799477153798,0.0028684597245142835,-2.509161720217059e-09,-0.001981757794726288,0.00427362000546213,0.0016700247006174967,0.009260733368307723,0.004154729955256886,-0.006089328823826934,0.009196832375038225,0.0023364740244500525,0.0018015673799706773,-0.0022447590484631665,-0.002824532060815458,-0.015234572124089664,-0.00014269944479540427,0.002205250364404435,-0.0034633444296913608,0.0007013501634379677,0.010596572316794523,-0.010517021656087406
swv06.pt,0.0034426106563444497,-4.4332575271672924e-05,7.366919977474875e-05,-0.0002630767701818244,0.0005149183700891411,0.0017571710328241528,8.583902112325361e-05,7.063092144537072e-05,-0.001166995100171988,-0.0026976946937440254,-0.000423299104629186,-0.0006145038050898308,1.73911110400019e-05,-8.068539477928671e-05,4.245410081589743e-05,-0.00017295316072389396,-0.0005541332806045465,-0.0004648631316843523,-0.0024879136298388074,-0.0008651311878427946,-0.010330298083417426,-0.013699452026083603,-0.007748634867832697,-0.012898147646158344,-0.0008718888404882163,0.004388834967767489,0.008005579326087102,0.0033127297164414777,-0.00029303181852937597,0.002993519719149273,0.003946965788819225,0.004445029983729452,-0.007219159407444882,-3.9515348743630347e-08,-0.008085063679371701,-1.1205905755472665e-07,-0.007370832714408468,-1.7720516394976746e-08,-7.923869413239942e-09,-1.3009525590020555e-07,-0.008783545812215509,-0.007475509847359569,0.004083023868731519,-0.00016793082479812438,-0.00048129875324968817,0.003076155190915449,-2.5341008891007478e-09,-0.000164590054945231,0.004449750054980288,0.0018642239743940656,0.009989113554276289,0.004548535815994096,-0.004339123694343441,0.009528256524073448,0.0032927634518809517,0.0014887875406294092,-0.00015735486993004424,-0.00034646404303344903,-0.012790608614530451,0.0005786207498103004,0.00077821752933443,0.00027661543738204776,0.0012994201030602653,0.0112820219035151,-0.008106037175342654
swv07.pt,0.0034852759506461394,2.0091073767973905e-05,7.353173112743664e-05,-0.00012469493675633392,0.0005748548521393846,0.0013855661226719932,7.505990312258934e-05,3.255471300965019e-05,-0.0009147680457402333,-0.002852131009545988,-0.0003059881103310575,-0.0006169640562233928,5.519664097149685e-05,-5.206858985240412e-05,8.45132764691658e-05,-0.00014571084304464526,-0.0005617230040198921,-0.0005109054011433937,-0.0018421325766168467,0.0010592124476332758,-0.0099520314202973,-0.013728450255204572,-0.007755235087527209,-0.012925377494790875,-0.0010579933508209332,0.004493864411318129,0.008095629686981487,0.003343497019498131,-0.0003549393853146075,0.0029760015199877033,0.004008196744303975,0.004442091439261691,-0.00696026152172143,-4.74565278925172e-08,-0.007919659255220214,-1.1237631749778936e-07,-0.007109069299572308,-1.2072100462161789e-08,-6.618368918911471e-09,-1.286954733665709e-07,-0.008868134729396043,-0.007270347872198409,0.004128030989833866,-0.0001365213112725324,-0.00044733157058788003,0.00309541821731212,-2.4913355478654158e-09,-3.0107737367364685e-05,0.004699023358988746,0.0020070967654301102,0.010015465807395416,0.004485367593070604,-0.004297443567782526,0.0096177982399776,0.0033483705734664265,0.001520829029672014,-0.00022447624421806692,-0.00024368545599103486,-0.01305007197783464,0.00048611933962979653,0.0007050665424586906,0.00022714023806162412,-0.0009486774953138507,0.010738828764521311,-0.007958524518873782
swv08.pt,0.0034482781404814584,0.00012784519605863777,6.983074547567276e-05,-0.00045635584985623663,0.0003470603904634912,0.0024712128632047537,8.671960326523469e-05,0.00024946639019940116,0.001960360087745158,-0.002700060955464329,-4.190592958286327e-05,0.0001130729242537094,-5.5014064513205744e-05,-0.00027589476955866717,3.713065875772116e-05,-0.00012583784245286724,-0.0005194059151495755,-0.0008548008422801541,0.0006006710859669416,0.003588154186432561,-0.009786914993990415,-0.013909715882709369,-0.007934056761430035,-0.013210314789935958,-0.000745800851612791,0.004223362266554409,0.007938472824013993,0.0034057282072663926,-8.652910328961656e-05,0.0029085622967020114,0.003966968599640915,0.0044246239718562464,-0.007004534634700846,-3.453465193793392e-08,-0.008135254870384502,-1.0702079057392557e-07,-0.007324546444044215,-1.8704647161347095e-08,-6.877274162579942e-09,-1.3455392584295442e-07,-0.008762982977067646,-0.0071119728021102335,0.003922034703818563,-5.737570136382521e-05,-0.00033341638839227234,0.0030297984916730658,-2.748902925713848e-09,-0.0005432883175532578,0.004392008770455859,0.0018232164655066453,0.010299848398355047,0.00465328305842432,-0.0041232253278532145,0.009730176157146742,0.0034877454102329635,0.0014116626814621054,-0.00015299390257454375,-0.00047314476907048763,-0.012878962786527084,0.0006418741111598662,0.0007187591308372008,0.00029499072751852564,0.0010717582939550056,0.010888134919968769,-0.008057926239850745
swv09.pt,0.003436560505393512,-1.637432010644803e-05,7.34180336355478e-05,-0.0002569347173084603,0.0005568698958192578,0.0015437527602055873,8.533001341991063e-05,8.464212339297289e-05,-0.0011523308771607913,-0.0028236129169704038,-0.0003826355396115602,-0.00037776780857756985,2.229491866690478e-05,-0.00021250943754092672,5.737391820544642e-05,-0.0001524862288798748,-0.0005632439480219799,-0.0004083718629578398,-0.002326118181460759,0.0006558612091563058,-0.010208220234225003,-0.013874645300298768,-0.007737308165332398,-0.01295186271461506,-0.0008687493505773634,0.004432193256172504,0.008059256243002662,0.0033717587388763263,-0.00032140397398349076,0.0029755360521154417,0.004060842083950382,0.004474567107699848,-0.007162650637376525,-5.1768340182829666e-08,-0.007945992875430645,-1.1240780443336822e-07,-0.007169590480973643,-1.2349154751712223e-08,-6.814057163190896e-09,-1.312464693670772e-07,-0.008802389632321776,-0.00740519301343022,0.004129131162718267,-0.00010407440223702488,-0.0003741508691383255,0.0030631990355371535,-2.4832697030925253e-09,-0.00016361720063683686,0.004546008878178122,0.0019252917936399179,0.010027561488900834,0.0044130513192362966,-0.0043375198001279315,0.009538328873563614,0.0033039416835569015,0.0014740718296043743,-0.00017010315503753005,-0.00017270054149557106,-0.01252808592873545,0.0005704118894169401,0.0006915977406418953,0.0003682033258515339,0.0012347198647003964,0.011746914507632988,-0.008115605674786568
swv10.pt,0.0035523855442386692,-1.0470533634500915e-05,7.106341282196293e-05,-0.0004349859536878851,0.00039412103555464147,0.0018972279571638348,8.598460204796315e-05,9.503184132709009e-05,0.00197677251292616,-0.002977256753393726,-0.00031872911698455796,-0.0004052098134468952,-8.488644444669666e-05,-0.0001709748938671247,-2.1529242370681644e-05,-0.00017513640023538555,-0.00044723125701662004,-0.0010546944832918713,0.00019966078731102792,-0.0011729014347469091,-0.01027380196914219,-0.01392593082195946,-0.007773819354097124,-0.01284763711656738,-0.0008728587498443907,0.004341342093590748,0.007926718354056901,0.0033630419701042072,-7.609335415757416e-05,0.00291051813881053,0.003931122447533965,0.004415891242038501,-0.0071405110794271216,-3.8141609895768506e-08,-0.00831208109527935,-1.0725353156922174e-07,-0.007720706731935484,-1.806261657410856e-08,-9.242282000011109e-09,-1.346599076243219e-07,-0.00902726899486798,-0.007322586956330857,0.004085286690613885,-0.000159485217585715,-0.0004088436202960101,0.0031226161807705304,-2.748902925713848e-09,-0.00032367682036188173,0.004432457587058622,0.0017613851351177766,0.010181761865201418,0.004677936439785395,-0.004320698114590155,0.009672092886692579,0.00357021864301339,0.0014158757386014194,-0.00017097083325587207,-0.0006311890743170508,-0.013291113153555648,0.0004431072754835724,0.0005695661791310608,0.0005805698792023676,0.0017312101185987397,0.010979073779059998,-0.008184939170915215
swv11.pt,0.004224273020855027,-0.0017390395600369055,6.655457976735839e-05,-0.0007244053945312064,0.00020513832200582717,0.0007490432554100399,8.387919291210625e-05,-0.0002100856557593703,-0.0012606740641196322,-0.0010457187183582066,-0.0013748163994219526,-0.004412235622694034,-0.00046876674712507835,-0.0021296715300338246,-0.0014700063667679934,-0.00020750289155354142,-0.0008688134268020787,-0.0059867839386731824,-0.003476986128456063,-0.000450369130995492,-0.0076604671023848105,-0.006428700037506019,-0.0051145349887756425,-0.004687195919117637,-0.002456148749122502,0.0052440072140055045,0.010150515250765756,0.0043231631435694,0.0011546241606102314,0.00368273734169479,0.004416533375507461,0.005701208883515431,-0.004492732140537292,-4.096763276364546e-08,-0.004413449420151774,-1.1402741459996797e-07,-0.004167043886327831,-9.017243903344997e-09,-6.4434652512391435e-09,-1.370467160039524e-07,-0.006984592632866911,-0.007185889481080697,0.0051110716128597525,-0.001503265176187848,0.001153575522308713,0.0039439070181746015,-2.66303365060517e-09,-0.0016564906709163885,0.006036776821772416,0.004030743610989232,0.012345711923014577,0.005642839954744283,-0.005327105794006187,0.011553059711000143,0.005505792683945094,0.0035623500303283854,-0.0019047343337281293,-0.003179394255609452,-0.012402996673981129,-0.0004137864185387392,0.0015472021329337674,-0.0034065459665395107,0.0024275313220782583,0.012480491822379312,-0.005532506806511209
swv12.pt,0.004261878301437751,-0.0017033772169064445,6.644767203027683e-05,-0.0007104342272217078,0.00021241211194119818,0.0007896636737877054,8.418193488615747e-05,-0.00021757927565874534,-0.0010213452973038579,-0.0010546777907628321,-0.0014196016826264052,-0.004399814625529206,-0.0004923192780855928,-0.0021001642039997254,-0.0014945464692841803,-0.00019825433552649106,-0.000857110920015141,-0.005977928043524951,-0.003472455256002965,-0.0006572377029287902,-0.007685510589441879,-0.006504088628959059,-0.00516103620104588,-0.0047281458771882305,-0.002422161362142007,0.005243423539184449,0.010129482283975866,0.004306904661239351,0.0011951911053353097,0.0036844280154587654,0.004412674839059084,0.005704169572860823,-0.004729023050025291,-4.1275206897995614e-08,-0.004525219831749041,-1.1393941052136133e-07,-0.004126680606272369,-9.276717098537887e-09,-6.413060833352315e-09,-1.3740424862880574e-07,-0.006945209104528655,-0.007240343881169835,0.005143229688932918,-0.0014753233847367548,0.0011721675436973614,0.003953998603246399,-2.66303365060517e-09,-0.0016222230386387076,0.006091711068448314,0.003969990714087764,0.012308821744743235,0.005660765792582589,-0.005323355544102601,0.011511004484743821,0.005492647963662234,0.0035298410362903025,-0.0018826148824390228,-0.003169174012914188,-0.012135072751864848,-0.0004276593278836712,0.0015262606769859569,-0.0033872853142727483,0.0023610308670603047,0.012376187182859365,-0.005572111951454183
swv13.pt,0.004275439484792363,-0.0017482856225106299,6.563443827270909e-05,-0.0007364158442954067,-0.00012789466263299622,0.0008220831289892687,9.70905745881582e-05,-0.0002917664587954602,0.0024174692430804674,-0.0009753315368637035,-0.0014659370180342443,-0.004261730478632395,-0.0005157641670992451,-0.002195943310141903,-0.0016190951097562198,-0.00015966989445276034,-0.0008526180663062558,-0.006040101946011258,-0.003754973535162394,-0.0006768429321637259,-0.00789026072912718,-0.0069796345339632054,-0.0055378990791717965,-0.005016131999746327,-0.002332785446842821,0.00521038610986496,0.010188253304286538,0.004264397818253113,0.0011355865754927778,0.003749816604981486,0.0044266551451876395,0.005668536136354752,-0.004813765262272742,-4.551490918532316e-08,-0.004695246644819024,-1.132595599777795e-07,-0.004522711461218861,-1.0196471145895832e-08,-7.112215144086932e-09,-1.3934437169862957e-07,-0.007060984157072635,-0.007373058107067723,0.005046740614562714,-0.001446088788457497,0.001104684318099628,0.003856993225913246,-2.6987307962047995e-09,-0.0017423399427486405,0.006192052928731768,0.004073827033368772,0.012426971109280281,0.0057969304796988115,-0.0053014539625448566,0.011520771589004114,0.0055698313066333445,0.003514982693393368,-0.0020610007347153718,-0.0032499605129644536,-0.012111203336757347,-0.000517252373182173,0.0012006955693921243,-0.0033686595642614223,0.002673126407152399,0.012351427357305949,-0.006081315949431795
swv14.pt,0.004270600144072171,-0.0016641565172663116,6.630859190313091e-05,-0.000663204783874759,0.0004432303097797308,0.0007827102296455053,8.287080446267937e-05,-0.0002412549662912337,-0.0010114856641917913,-0.0010104534515463681,-0.0013485080081804231,-0.004390388157838342,-0.00046706423522194457,-0.002075504870456184,-0.0014607351127327993,-0.0001675468264094007,-0.0008479380987600599,-0.005738898929376242,-0.003518988538002873,-0.0004438180885432307,-0.007553602773266037,-0.006492294279669664,-0.005046472326067667,-0.004520171459144246,-0.0023324817010459556,0.005237806163815838,0.010163835863380906,0.004294315928918677,0.0011563960740822179,0.003743148971174818,0.004413697418013933,0.005726474900349897,-0.004597542974152272,-4.067021036793569e-08,-0.0044731643064246165,-1.1432266103986104e-07,-0.0040967060858813804,-6.384003711047588e-09,-6.44462865912909e-09,-1.3349249515954452e-07,-0.006992240942912383,-0.007185982314428473,0.005117136681029904,-0.0014617815020728266,0.0011579211838578314,0.004000184265948241,-2.681853955075247e-09,-0.0016960044389154436,0.006023205190294553,0.004033857874096185,0.012366216200549344,0.005618643025668893,-0.005380132969982471,0.011512488913754533,0.005515427826483712,0.0035656424967671126,-0.0018636260512953572,-0.003192382278677974,-0.01226379739656419,-0.0004534877182287099,0.0015689774911736328,-0.0033605159203792486,0.0024671925260238733,0.012426898616786272,-0.005509327580386132
swv15.pt,0.004221247968315065,-0.0016707885859794276,6.71758610855018e-05,-0.000683985549405897,0.00020570988804169708,0.0007156791848182187,8.294671389395102e-05,-0.0002552788965776836,-0.00102003092966068,-0.0010313083190494573,-0.0013206874030835401,-0.004355430583316752,-0.0004707931584290663,-0.00199357128331083,-0.0014572015874017648,-0.0001987565725948055,-0.0008423128764986709,-0.005578075870933648,-0.0033768341170733744,-0.0005418889161553427,-0.007483280003787943,-0.006368305398688961,-0.00506828654598616,-0.0043683082805068526,-0.0023383497924528394,0.005248568259682222,0.01017712244866823,0.004365524365463392,0.0011350730238996111,0.0037006379412631487,0.004422214182399089,0.0057470522509237894,-0.004452704591968251,-4.9614527289187685e-08,-0.004363766704636135,-1.1214590388865806e-07,-0.00404300669716255,-2.786426393952559e-09,-6.919130442819923e-09,-1.36789566333852e-07,-0.007092437714880463,-0.0072695859078832905,0.005114365512256677,-0.0014647173515543916,0.0011402587938004055,0.00403051603842467,-2.66303365060517e-09,-0.0016603836954971446,0.005996616625088861,0.00406582993962225,0.01244300449716334,0.005586851119141854,-0.005383849201608452,0.0115829486796437,0.005514147111784048,0.003535857402704221,-0.0018106826188667236,-0.0029858529932531835,-0.012399534837471514,-0.0003961733436942035,0.0014099122450754809,-0.0032063988361866157,0.0027502739871271254,0.012391769427283318,-0.005576188147317526
swv16.pt,0.004258962495394926,-0.0016973795752814973,6.619772557421233e-05,-0.0005906607406195224,0.00032040504832988865,0.000638912365629418,8.413823027212962e-05,-0.0002545132472947835,0.0006366070583190492,-0.0010156427229130063,-0.0014090295831941163,-0.004359120607246437,-0.0004915203322678196,-0.0020903823838824206,-0.0015274516029984656,-0.0001777165581069555,-0.000842490766424561,-0.006079583769142204,-0.0033845898173157514,-0.0005410017046487459,-0.00783095510207201,-0.0067265588752003416,-0.005322723967631521,-0.004811900136163723,-0.0023746272502508966,0.0052417807691912234,0.010142029724235994,0.004348610766285315,0.0012072522049232177,0.0037351339346629034,0.004440423221636929,0.005680877509859809,-0.004793920878369187,-4.093611876315539e-08,-0.004477323563720761,-1.1121752313052489e-07,-0.004261365908257678,-6.45834417069954e-09,-5.5561823868884714e-09,-1.370925445417837e-07,-0.006884754528280266,-0.007259792548651562,0.0051182322304015515,-0.0014975213064164863,0.0011362814313733481,0.003885603712921192,-2.6987307962047995e-09,-0.0015896810090203278,0.006182253860412744,0.004054549543419273,0.012423121208022187,0.005681485770496043,-0.005319164382266629,0.011537485338440887,0.005526981513473749,0.0036092141213820744,-0.0018497744730891208,-0.0031036849864222588,-0.012404900926875784,-0.00044900410628346925,0.0015159706095888386,-0.003261598701893767,0.002511994065420023,0.012498682144058356,-0.006052568385677759
swv17.pt,0.004233856392574428,-0.0016792734456724306,6.679728171792909e-05,-0.0006535847118299918,0.0002136607005182764,0.0007152889425189798,8.274865023060145e-05,-0.00028251546255224716,-0.0009155190004519531,-0.0010735121359665598,-0.0013508067629590945,-0.004382699539984368,-0.0004346121542803782,-0.0020076341897717048,-0.001499330738636966,-0.00021779706262022356,-0.0008198508288200801,-0.005732688889397644,-0.00341134425303221,8.426975827121951e-05,-0.007372717138680047,-0.006053839147737797,-0.005172140546417699,-0.0043990293701301475,-0.0023423338748640083,0.005282083798925121,0.010193214645875099,0.004327871048597901,0.0011461781111685772,0.0036881616313282862,0.004417932714136162,0.005693529456565381,-0.004439161516105893,-5.315843403819709e-08,-0.004331342561197454,-1.1442782770421343e-07,-0.004171529408990542,-3.367791690320602e-09,-6.126849354150385e-09,-1.3745843284367313e-07,-0.007089675321857397,-0.007252514248717474,0.005127376403474966,-0.001473193585990589,0.0011408471966212394,0.003992784226932962,-2.6160169462360243e-09,-0.0017803472919720917,0.006004239287511658,0.0040145908755201635,0.012455983609523463,0.005647548378161853,-0.0055298664778467635,0.011554395104215267,0.0055192443637977545,0.0036279153213169503,-0.0019030370188858284,-0.003087589833265599,-0.013484813484466807,-0.0003863667463615402,0.0013260741332188704,-0.0031781486037901134,0.0026105062465060945,0.012401932777224801,-0.005459345625592733
swv18.pt,0.004232317846496725,-0.0016662995997417747,6.635503959432756e-05,-0.0005445318618364643,0.00018642407812267478,0.0006367743781772243,8.269903399582623e-05,-0.00028101985494546336,-0.0009642716189886877,-0.0010900600829089595,-0.0013652182528580692,-0.004391261683318989,-0.0004170618385065657,-0.0019949943825984633,-0.001509601526506182,-0.00021698015875741447,-0.0008325510298037694,-0.00574214537796568,-0.0034455106566171627,-0.0007464711495045688,-0.007568922607045044,-0.006313702095411474,-0.005209255759094081,-0.004527136240397967,-0.0023304944843536737,0.005220334761057141,0.010121119012854894,0.004313163900557129,0.0011502187043978605,0.003694529118133438,0.004422921011259541,0.005646705375897863,-0.004506157693206398,-4.106875669843322e-08,-0.00444560079177329,-1.1183866588282451e-07,-0.004186053657866983,-5.5920517812525285e-09,-7.235070164116797e-09,-1.394895843541021e-07,-0.007109107196435197,-0.007247286457066477,0.005096886154473327,-0.0014698609945503775,0.001151259513795451,0.0040480947831933395,-2.681853955075247e-09,-0.0017612815474055035,0.005988944845998462,0.003957956622941364,0.012360292973065368,0.005637326099016871,-0.00556030795395898,0.011500931151782239,0.005523714221328028,0.0036268840752341543,-0.0018883295059227037,-0.003088627056820517,-0.01343248339915609,-0.0004008536951870467,0.0014483460058799357,-0.0031769106400492716,0.0024357579053330965,0.012407667606877748,-0.005632458191846821
swv19.pt,0.004313412735821449,-0.001670813594392134,6.646611370249133e-05,-0.0006767965172131169,0.00019620594724644477,0.0007518554180495939,8.418432153758843e-05,-0.0002545018554526983,0.002368727318432536,-0.0011183210569611457,-0.0014461911688158245,-0.004329927349171187,-0.0005009212716344806,-0.002025922511736252,-0.0015284962351504168,-0.00019861200435427947,-0.0008339432499140006,-0.006054701075238879,-0.0033826635323874945,-0.0005466701246204988,-0.0078556645216682,-0.006731793149057215,-0.0053933321651858926,-0.004941154100782748,-0.0023359912210160305,0.005259271180831299,0.01014248906469831,0.0043787591067088304,0.0011644122243587478,0.003724171627190308,0.004415389160907379,0.005713677417102843,-0.004756181707083622,-4.1183220679988206e-08,-0.004626560170949241,-1.134668722043161e-07,-0.004466504496607729,-9.302189147410563e-09,-5.50803073901138e-09,-1.3955414707550344e-07,-0.006897328246702659,-0.007250153586403993,0.005135055348722157,-0.0014495223517585895,0.0011519054874560071,0.003949591551901663,-2.66303365060517e-09,-0.001635517064282059,0.006180544855642003,0.003999852612215739,0.01252440026519143,0.005702383230434435,-0.00530009585791869,0.011589206131247186,0.005545275128006456,0.0035698232775225,-0.0018246083506325323,-0.0030002970017504356,-0.01236071130321903,-0.00042029611194694544,0.0013010955595010778,-0.0032756578032693195,0.002463226163996309,0.012354787832293036,-0.0060345195494166965
swv20.pt,0.004228667422441526,-0.0016705609088369022,6.690722028858853e-05,-0.0005952128706862468,0.0002086155815920054,0.0007261451894963123,8.263980074499704e-05,-0.0002856489170386655,-0.0009269806959940213,-0.0010945202946964958,-0.0013427754332301209,-0.004353050339799239,-0.0004283480437787243,-0.001984288588091393,-0.001510481014929474,-0.00021750293489125085,-0.0008200107485147478,-0.005673588320718599,-0.003461094784374989,-0.0005437987565402997,-0.007530392413687025,-0.006270749080875116,-0.005206054656233426,-0.004445898688846425,-0.0023291748759368103,0.005244206104865062,0.010165130028600715,0.004320509901447178,0.001164232069483059,0.0036852181737803535,0.004419218645998121,0.005689254432898366,-0.004484884875786533,-5.286380132186231e-08,-0.004452249678278994,-1.1161499915217822e-07,-0.004151919584048262,-2.29589527462936e-09,-5.848299195385699e-09,-1.41235232449807e-07,-0.007135682386313867,-0.007275220913691509,0.005128353963881968,-0.0014810169969960586,0.0011476095864316005,0.004036165842596671,-2.9014498834887083e-09,-0.0017604907937355516,0.005985970026109011,0.003958909100418561,0.01238676796221232,0.005619329319175436,-0.005558968280554638,0.011540555660255056,0.0055220426161096976,0.003590194392051415,-0.001884941988691953,-0.0030077714422337993,-0.013491075061077454,-0.0003775065238713268,0.0013307871619132018,-0.00319009584612316,0.0023910276265020946,0.012376238186816022,-0.005606512773625174
ta01.pt,-0.001376458885893574,0.0004463678320557252,7.236918626388867e-05,0.00018903987731254168,0.0005318524730482194,0.00041337846971273306,0.0001349281062157177,-0.00012017446600526052,0.0008175672657924796,-0.0017654562595412376,0.0007434796201100356,0.0002924124829470148,7.797080183796426e-05,0.0006620017833794896,0.00030212097153563424,9.437434593473358e-05,-9.614526613019989e-05,0.00021647904284155132,-0.00126854703082257,0.0015053614074019865,-0.004786253127012603,-0.005981085547102652,-0.0031154073596376475,-0.006127812386522733,0.0005626584857263732,-0.002886866838166241,-0.0046075541504847235,0.00016085533394293996,0.0017284556940639487,-0.0008897348042711476,-0.002452734611332576,-0.003971247352615546,-0.0030948711485333986,-8.579830564557552e-08,-0.003475699495590382,-2.1967923510806893e-07,-0.003122943426071554,-3.981378301353082e-08,-2.0327659799197574e-08,-2.064157294147412e-07,-0.004109303858017277,-0.0024153239821307114,-0.002331135656149838,0.0009664405519445472,0.0006595299355706715,-0.002874638891719628,-2.5021730543883635e-09,0.0006760916554545432,0.0020416261740557394,-0.0016403376998250028,-0.006598717333006173,-0.007280168705157986,-0.0015458139973202373,-0.0021425000755327913,7.297485121165986e-05,-0.00134930975563437,0.000980056739434209,0.000181315928253536,-0.005872482565672759,-0.0002794029037521267,0.00021427677222787234,7.819409678892532e-05,-3.8685872057668814e-05,-0.00790816019928183,-0.0033571287201123977
ta02.pt,-0.0010756170285264094,0.0003123017835479063,0.00010384549702512343,0.00017112003048892023,0.00011000529579944975,0.0003689056497756659,0.00013391047362091448,-0.00030428724503911425,0.00039733845006962795,-0.0018414380695676153,0.0005618459363095225,0.00025503433641742176,9.622553576499374e-05,0.0005711903681336867,0.0003553957596825024,0.00016730983213160844,-9.329371052683587e-05,0.0001821125303472716,-0.0009756670375961698,0.00023742138118574494,-0.00495863388814125,-0.006177541129129919,-0.003019588042029098,-0.006223613115230465,0.00034832049617226744,-0.0031913472886783093,-0.005071783950503878,5.421569838937607e-06,0.0015712900697282368,-0.0011332727530309063,-0.0027719880243881044,-0.0039044354802140954,-0.0030920195786334034,-1.1971435371596703e-07,-0.003536401078824605,-2.1968946679528132e-07,-0.0032632517706456575,-3.2598275334966945e-08,-2.1505337246668165e-08,-2.0896480664070883e-07,-0.004181506576918574,-0.0025175870490797706,-0.002604387541269678,0.0006101618063369023,0.0007674489097056977,-0.003090208729300807,-3.2566838857656568e-09,0.0007981464470327442,0.0018938106740932926,-0.0016691748269986072,-0.007075394309088334,-0.007155155036164618,-0.0016494255379869633,-0.0020683070947913845,-6.744745456740403e-05,-0.0015329692828990422,0.0009288245164737688,8.827231141371156e-05,-0.005717302197019748,-0.00036920360450963335,0.00034725237806097254,5.151141781548802e-05,-0.0004636108807940719,-0.013814237843109934,-0.003519234362615663
ta03.pt,-0.0013256444687242874,0.00027919559799346175,8.448470846889099e-05,6.387014183762689e-05,9.928467408268861e-05,0.00035447043373203094,0.00013795489602700905,-0.00037581943134908,-0.0009445014885115873,-0.0017746198663549002,0.0005050960927873403,0.00017351579825816745,6.693914539024641e-05,0.0005094818164414135,0.0003490643884090271,9.534211312846685e-05,-0.00013381335746870998,8.607588055204074e-05,-0.0008676621698163083,2.49003631761547e-05,-0.005043223119862109,-0.006203536026798092,-0.0030610996208907024,-0.006220583351093233,0.00035808034202301206,-0.0032325713680253117,-0.005517113190085421,-0.00023297578726913626,0.0015327778713986957,-0.0013172033818635426,-0.002888876422819631,-0.004107628648662636,-0.003135817184457349,-1.198151959363563e-07,-0.003551748633174778,-2.3155282231309607e-07,-0.003231101787138641,-3.093070251840847e-08,-2.0118068946479314e-08,-2.0312298185631462e-07,-0.004180562067760092,-0.0025789024007401647,-0.0026738345064665236,0.0005234543318295857,0.0005872911466079149,-0.0031387302669447256,-2.4277978261603052e-09,0.0007191963023977416,0.0017251680645107082,-0.001763648212139307,-0.007218104901871335,-0.007234316661343966,-0.0016911492834553715,-0.002825559469298762,-0.00021401996163864735,-0.001743476898122129,0.0008856068878817555,0.00011205665506947073,-0.005868342429540999,-0.0005159411206297882,0.00029379310738379856,6.95098649849106e-05,-0.0008156865651231461,-0.01491239887849657,-0.0035498693654507306
ta04.pt,-0.0011622481095916952,0.0003211571856791583,-0.00013201081199999557,0.00012162631406577364,9.365488842238347e-05,0.0003836023216892998,-3.6297663499014026e-05,-0.0003478427714383098,0.00029030617209230454,-0.0018248679898273557,0.0005135592490109424,0.0002313611760840951,7.530244501413412e-05,0.0005715222783015593,0.0003654134432168213,0.00013859554996666553,-0.00013136743011368132,0.00020072115254509833,-0.0007338338993260496,0.00031478061603825043,-0.004935721707213254,-0.006223725239627602,-0.0030321570818585557,-0.006233660537737503,0.00030370817731618054,-0.0031658247406366855,-0.0052881544277498735,-0.00021919293304946215,0.0015156069874432201,-0.0014619658370818656,-0.002860601447321838,-0.003949848479729354,-0.0031073163035356755,-1.3724741890456715e-07,-0.003546754509734419,-4.038616756297011e-07,-0.0032264148159764747,-2.0210356823137507e-08,-2.2624154968356614e-08,-2.1367229929293664e-07,-0.004214371381765373,-0.0025351347248575326,-0.002607050358146694,0.000646580102203154,0.0007407472099419194,-0.0030891403016859386,-3.162531668736663e-09,0.0008302980082784359,0.002024190294940513,-0.0015497648742999537,-0.007125888949093633,-0.00694716793748056,-0.0016337321862031212,-0.0022994654365094134,3.9507877120915964e-05,-0.0016322995528606269,0.0009204577001194579,0.00011129939766917703,-0.005819427925140375,-0.0005445216351586647,0.0003093053603818352,2.836476994739764e-05,-0.0007080083817799588,-0.014824817440016418,-0.0034985845736339428
ta05.pt,-0.0012981855913817713,0.00027195650626606635,8.470419977222274e-05,6.957547968399913e-05,0.00012171483939245034,0.0003640967107266776,0.00013839219865477114,-0.00036667145660536035,-0.0009304100184614809,-0.0018001998649870906,0.00057906423925632,0.0001640254014161885,7.068526720363192e-05,0.0005171782611233111,0.0003185944522881627,9.556730743398493e-05,-9.975288035186828e-05,9.3414505836724e-05,-0.0008827196607185322,0.0007609879979130502,-0.004966326340836327,-0.006106226068140488,-0.003033406488384273,-0.006212653075479342,0.0003878950039335821,-0.003267972493647992,-0.005453694473758771,-0.0001729182435780938,0.0015491562364473067,-0.0011694973346086193,-0.002708454481185212,-0.004115345943230067,-0.0031135089782376815,-1.198151959363563e-07,-0.0035481418927203094,-2.3154165480189928e-07,-0.003271273756781809,-3.326072027603925e-08,-2.0118068946479314e-08,-1.937585431010342e-07,-0.004174196095946046,-0.002579668926989124,-0.0025081978489300324,0.0005369992642018785,0.0005838284913239524,-0.0030787119129072585,-2.4277978261603052e-09,0.0007000341848424629,0.001797947805070792,-0.0017881994961694244,-0.007022182864785921,-0.007205366683052226,-0.0016368774760027194,-0.002695140498557407,-0.00011116392573107138,-0.0016985048809479463,0.0008577676250939803,4.733173635687264e-05,-0.005702642924376037,-0.00038821883258988155,0.0002699222135371193,2.2157936320515636e-05,-0.0007296066195925121,-0.014674452798303818,-0.0035342871878421647
ta06.pt,-0.0012169979106949958,0.0003010731706223962,9.586981131522036e-05,8.214616064289465e-05,9.439575791309855e-05,0.0004717400806551753,0.00013401929509002992,-0.00022672719264609618,-0.0013243020645045337,-0.001741535330865118,0.0005572846306782828,0.0001774457401961805,9.586545118388176e-05,0.000535055158262135,0.00030851280302343,8.685671060139672e-05,-0.00013803063414457526,0.00014204830059149333,-0.0009114079717175049,0.0007401245146952401,-0.004898261280305404,-0.006104423975372753,-0.0030411121816937177,-0.006231832480565546,0.00040265095550794203,-0.0030036666930683413,-0.00524547308288934,-7.543399774785881e-05,0.0016403036523730827,-0.001108394280944761,-0.0026621910695072705,-0.003795346153270547,-0.0031020158691682205,-1.2066767540596946e-07,-0.003508096856345968,-2.2045204634113127e-07,-0.0032734678635370973,-3.3131248398710525e-08,-2.0263437568469547e-08,-2.0421030091227055e-07,-0.00419578612780522,-0.0025670267882336993,-0.0024916378542174816,0.0005956240221904401,0.0005653328772927486,-0.002922570112086924,-2.4277978261603052e-09,0.000679516760226656,0.0017258893924031263,-0.0016936059643164242,-0.006994744351176045,-0.007130916264509348,-0.001608976102441028,-0.0022386421814765607,-8.391605749268955e-05,-0.0016850788370040876,0.0008517152312409874,-0.00022074424160510844,-0.005738213009604337,-0.00035280960592425076,0.0003790538091709406,-0.0006052044619030358,-0.0007207137701739523,-0.013913192188326092,-0.003536593071581237
ta07.pt,-0.0013439536990454682,0.0004110213635536691,8.556853499484463e-05,0.00011837493798943145,0.00015800980013852594,0.000299113660824631,0.0001323818366782476,-0.0003881451917462876,0.0008688048955881567,-0.0017647516210745487,0.0006523205206427249,0.00019051379185461176,8.149587212304628e-05,0.0006733590195308125,0.00033093936587089433,0.00010089763195586353,-0.00010117354915717115,0.000163639669315216,-0.0011606616726179105,0.0007082052666444359,-0.004866015035464112,-0.00599427958948376,-0.0030368410645448974,-0.0060683222552122195,0.0004816107916386698,-0.0029968269163747857,-0.00485674681538126,0.0003390635495569882,0.0016916743961267475,-0.0010275346777058353,-0.0024407874542707077,-0.003986800360930296,-0.003083198808531376,-8.658023426898082e-08,-0.0035459343929556656,-2.2327725107686938e-07,-0.0031933455094943055,-4.02372398358465e-08,-2.292241119218719e-08,-2.001015991191934e-07,-0.004169431922726355,-0.002495727244410558,-0.002287890898561087,0.0007112861088397568,0.000685200843499466,-0.0028947305060460283,-2.5021730543883635e-09,0.0006757662035643896,0.0019953491146755833,-0.0017196506828777943,-0.006885129170808898,-0.0072067802183767215,-0.0015934836315788276,-0.0020621982916310955,-0.0002267990675293471,-0.0015098881961612323,0.000940288689682491,0.0001249486798813275,-0.005917528806136243,-0.00030855645619041826,0.00024310471509581013,7.893346848704508e-05,-0.0005470597301387953,-0.008874762063104353,-0.003504419057516406
ta08.pt,-0.0013403961475811775,0.0002866080176235665,8.50765036845417e-05,3.593592520424172e-05,0.00013647645464428819,0.0003303935853487578,0.00012466163241248192,-0.0003588200956531373,0.0008616421251224525,-0.0017553410398711052,0.0006292148204257135,0.0002209663154353304,7.162408966352163e-05,0.000542334378654041,0.0003164974836590853,0.00014607441858137073,-0.00010147161335878021,0.0001437925524053132,-0.0010980290249384878,0.0011382874325160486,-0.0049863011960768365,-0.006097241152987491,-0.003091278838240032,-0.006245536837747304,0.00043939565635202273,-0.0032527677178842904,-0.005485408504320592,-0.0001450013961586734,0.001645050552973482,-0.001155277577970177,-0.00261010788451904,-0.0043248958160686645,-0.003105245951893258,-8.492219013506888e-08,-0.0035351623645739558,-2.292966383250206e-07,-0.003289612978826193,-3.834029997994319e-08,-2.2706791023290933e-08,-1.9135772655923825e-07,-0.004179037078132053,-0.002553512307336203,-0.0025382476645930334,0.0006164890661579847,0.0005799706975388129,-0.0030779755255522898,-2.5459609380689988e-09,0.000682505555646934,0.0015923522654206121,-0.0018978820596643007,-0.0077686192273544235,-0.00722540282273259,-0.001675883461491123,-0.0030709015172225755,-0.000240665116582579,-0.0017684377207913876,0.0008227599537696783,0.00021299804200811018,-0.005897373661713978,-0.0003248856992075395,0.00033333045388961747,7.705344427178553e-05,-0.0009673737530605601,-0.013913982719799002,-0.003514843882341975
ta09.pt,-0.0013999122814363442,0.0004885148849790663,0.00010600730456595101,0.0001635780532016156,9.375523035293475e-05,0.00034380043204161316,0.00013436602866768088,-0.00010649019169017074,0.0008266989780124364,-0.00181195080962726,0.0007404813793757657,0.0002245047869157945,7.289677520293346e-05,0.0006999527615853037,0.0002925935563484227,7.680807802923215e-05,-7.769964594864146e-05,0.0001162640176631308,0.0003803436645056714,0.000853331005265529,-0.004829740793178345,-0.006015343897122802,-0.0030201978276776916,-0.006085803867133617,0.0005398858640954019,-0.0028692539179993675,-0.004599660737015519,0.00039655156488369644,0.0018046403491013062,-0.0008011105225126723,-0.00228165238401078,-0.0038030173894726587,-0.003005418960630947,-8.634445545343896e-08,-0.0035674282784700874,-2.1609808566436531e-07,-0.0030749865301898573,-4.060143231281349e-08,-2.6940309892753355e-08,-2.1076407117292002e-07,-0.004194900579657043,-0.002390609395181927,-0.0023462669387250713,0.0009216264172298296,0.0007683748415701513,-0.0027381912192929662,-2.978484060626701e-09,0.0006723582158078468,0.0021186822303085493,-0.0014834826896041803,-0.006997067054544499,-0.0073353197739152035,-0.0015916276391469589,-0.0019235754318070268,0.000102909910290351,-0.0014245926443964634,0.0009639608387703029,0.00012860755110652387,-0.005782791559386864,-0.0002871602734027029,0.00023760994494083758,0.00012588498953939673,-0.00015261646751377994,-0.007426376255937602,-0.003456976710610494
ta10.pt,-0.001184654070514533,0.0002980248068605492,8.505081751609987e-05,6.364624923931691e-05,0.00010427863226362659,0.00043167066246004666,0.0001334015847292338,-0.0003393226099676697,-0.0009489594565068809,-0.0017502563151412416,0.0005796076805520976,0.00020207768742747602,7.380002810116871e-05,0.0005267332138110325,0.0003098774297122798,9.651247066946293e-05,-0.00011857454973016938,9.147379576090926e-05,-0.0009703521581329871,0.0005424159753001671,-0.00489932217495848,-0.006084995866805838,-0.003024054862869923,-0.006190699744313198,0.0004095171065528988,-0.0029648239730434545,-0.005169720311948308,-1.537075849206629e-05,0.0015936795511098153,-0.0010775864960496512,-0.002661335406409897,-0.004009860315653806,-0.003129041539961904,-8.579586614940939e-08,-0.0035472000154918425,-2.253186162097407e-07,-0.0032603458271593445,-3.8820817507444355e-08,-2.4515650205474378e-08,-2.0116508399261313e-07,-0.0041865161378933195,-0.002591234156423335,-0.002512700564247497,0.0005848670972827352,0.0005528448346767221,-0.002928860920482635,-2.5021730543883635e-09,0.0006906792099093125,0.0017374834718620156,-0.0016767553592797674,-0.007000382225349705,-0.007006789071253452,-0.0016601682864538306,-0.0023155550522573056,-0.00021871497314506798,-0.001678347206800831,0.0008264493722711301,-0.00016907335408820296,-0.005758956941526978,-0.00033205390777182636,0.0003400734944821278,-0.0005169954372567578,-0.000714068149643255,-0.01382373760042023,-0.0035075738724873176
ta11.pt,0.003525533225147639,5.109255472797275e-06,7.340278616110392e-05,-0.00010813938190798571,0.000528756949152423,0.0013406888039517223,7.479757122008261e-05,3.31871752056002e-05,-0.00037817078644697725,-0.002688441562425507,-0.00034933941922834903,-0.0005648778449556834,7.701759352901821e-05,4.222046597396963e-05,0.00010904784162767055,-0.00014876241712226317,-0.000536253186487951,-0.00044101466482971915,-0.0019427351235446607,0.0018906772047197718,-0.009970050155998243,-0.013605187163126305,-0.007635494332952426,-0.012858299987044495,-0.0010527390334288875,0.004391400399559168,0.008176550660226078,0.003386830770378307,-0.00026218516389341594,0.0029780364342005816,0.004089238354010609,0.004503530029013761,-0.006956513560282753,-4.5764508280885074e-08,-0.007847281234003651,-1.1048817853822428e-07,-0.006966539195292953,-1.035002023180209e-08,-6.892022811188079e-09,-1.4099852893094648e-07,-0.008769964158551517,-0.007158510755162944,0.004131743108633035,-9.293780963297815e-05,-0.00036571300565146507,0.0031286473113007677,-2.9039005278093473e-09,-1.22506159472889e-05,0.004538572540592438,0.0019841093090337057,0.010114028630726461,0.004517920178939586,-0.0042167259394276495,0.00974277578248225,0.0035000802244665938,0.001504575442454537,-2.817347851820472e-05,-0.00015405915008431443,-0.01271005282059828,0.00041980093591370007,0.0006631772971368952,0.00032444937241911273,0.0015167749431220943,0.010383763691234841,-0.007970970069322856
ta12.pt,0.003490418013357539,-5.112558502617465e-05,7.146722355941065e-05,-0.0003473590231316384,0.0004991485579241331,0.0016823671518150368,8.568130008698439e-05,7.610917689974197e-05,0.0019914229122261966,-0.002711520294659214,-0.0003831844054654905,-0.0005908198926953257,-3.351439940583835e-05,-0.00015975042698647873,-2.5493426316816136e-05,-0.0001803636668192129,-0.0005896514044207594,-0.0009079861072755332,-0.0029272002744196762,-0.0008980789689171308,-0.010446772567932715,-0.014081940215132031,-0.008169993475732136,-0.013149302234636166,-0.0009299084623247335,0.004308433585271743,0.007891674293952886,0.003265665923444307,-0.00029582653522424867,0.0029167307337610708,0.003885310817043724,0.004429329643080988,-0.007341407586279378,-3.560640966412555e-08,-0.008355014529310771,-1.0905326123430666e-07,-0.007736353226846862,-1.780641192542757e-08,-8.392586254563247e-09,-1.331107806445537e-07,-0.009222089022530796,-0.007530385781705015,0.00404138372508238,-0.000155694190138112,-0.000510997798212934,0.0030985393616875484,-2.50997580542901e-09,-0.0003627671228083205,0.004333072403024508,0.0018411326398118256,0.009945697037269502,0.004626497815369577,-0.004436114854787316,0.009565806498901845,0.0032718017676126795,0.0013693500015948704,-0.00024169696167858817,-0.0010130214762442205,-0.013442651939915593,0.000584268636639171,0.0006614227488877807,4.443651521945252e-05,0.0011234635862604862,0.010733219041365271,-0.008469234794648882
ta13.pt,0.0035137653706916656,3.1911141059864656e-05,7.33888200931079e-05,-0.00013909474334417168,0.0005200891076334598,0.001267764270866707,7.498070931632057e-05,2.5799227227119375e-05,-0.0009802607080025552,-0.0028280165862807263,-0.0003607713463108521,-0.0005623801451764154,8.068303471139293e-05,-0.00010018140991920289,0.0001104346120773151,-0.0001562403656646349,-0.0005688881062408231,-0.0004839917108396433,-0.00194027371847331,0.00034841388938852957,-0.010282182028022611,-0.013655143027459491,-0.007751616525858688,-0.01281255352188715,-0.0009514875576530066,0.00444798283232249,0.008060339701464294,0.003252670291858903,-0.0003102650517167135,0.0030032195063753445,0.004031473629997409,0.0044938392746960475,-0.0070367503284992925,-4.7259721092309176e-08,-0.008047501507251599,-1.1506710825121351e-07,-0.007225660896583953,-1.2278077144956137e-08,-6.618368918911471e-09,-1.2843781104515096e-07,-0.008847244953136924,-0.007325079894452885,0.004132378618380372,-0.00014284880705760304,-0.000391132264094297,0.0031084551194454236,-2.529327898239439e-09,-9.606818819815659e-05,0.004521706576975481,0.001995721327433472,0.010025038926169983,0.004545776161369772,-0.004238468475539519,0.009602143373156116,0.003277637010739364,0.0014160770824581232,-0.00021443902501799478,-0.00013399643349808565,-0.013201143910604868,0.0005091763174012574,0.0007023648162430847,0.0003640305998192763,0.0017752916793104907,0.01063056556815958,-0.008052417915337772
ta14.pt,0.0035021738335071356,2.8707778685876187e-05,7.359398395502148e-05,-0.00018883860718808216,0.0004543014049543442,0.0012983896311752423,7.479214043443395e-05,3.375893542206298e-05,-0.00035191898164798247,-0.0027087094573565386,-0.0003284380861539692,-0.0005582575649043503,4.1516982764578674e-05,3.583281152192414e-05,8.542802539729158e-05,-0.00014890459400671894,-0.0005267652018943824,-0.0003385744062549238,-0.00197567051567774,0.001771758216102194,-0.00989739217012624,-0.01353168265593046,-0.007700349073930749,-0.012760496785875954,-0.001078858828286099,0.004484313108457588,0.008162973118726357,0.003375658698496213,-0.00020368692433721537,0.002962251473582242,0.004065383259510653,0.004491287450911539,-0.006938585243208898,-4.8510383625811594e-08,-0.00780021789696359,-1.1119404476645614e-07,-0.006980775676464397,-7.510619127759648e-09,-7.090943292056713e-09,-1.4200833262769453e-07,-0.00894503131098997,-0.007182963782942338,0.004143616350818426,-0.00011888254938495627,-0.0004174074276048716,0.0031152659507183394,-2.9039005278093473e-09,-5.6275309810068095e-05,0.004721262653261359,0.001976138762498404,0.010049160257293929,0.004544241968099543,-0.004060516829604126,0.009736367179003842,0.0035043264868277425,0.0014882135255107158,-0.00013017062453539013,-0.0003859464879928242,-0.012848814076750386,0.000492399505645525,0.0006399733356463042,0.00021424813625688482,-0.0004367619850126813,0.010133765342763758,-0.007881574994434837
ta15.pt,0.0034977672003802065,1.9443565900434657e-05,7.270893454854721e-05,-0.00021855702482726755,0.0005756998045604979,0.0013172815425364893,7.317342371649041e-05,3.547344874398722e-05,0.0002665885997190228,-0.002678281699764298,-0.00036593966317098885,-0.0004174530688434986,0.0001227092624320947,-0.0003125416067159894,0.0001527077419465432,-0.0001991941345871737,-0.0005797324722971168,-0.0006295320235453877,-0.0018272173821599726,0.0005935023982765892,-0.01021803130742379,-0.013770297595523636,-0.007765344163354008,-0.01291882475284324,-0.0009195027134388473,0.004379630764158307,0.007945160774638324,0.0032200922043013123,-0.0003365020652546987,0.002970142834242556,0.004008028131839302,0.004492719640128536,-0.007291418256767087,-4.7259721092309176e-08,-0.008315173614298543,-1.1463616958390296e-07,-0.00736166430918943,-1.2255499478863165e-08,-5.411106962744008e-09,-1.2807708954800945e-07,-0.008833025705673285,-0.007321900013235508,0.004121499210548791,-6.033325495284243e-05,-0.0005243318786196708,0.0030900905772225655,-2.529327898239439e-09,-0.00014644841660008706,0.004321132474452541,0.0018490679467724673,0.01000831038693825,0.004452813965937478,-0.0042658838544583225,0.009565705079036368,0.0032735618851367806,0.0014142722193252204,-0.00030872262916303996,-0.00134713307642934,-0.013261778755836711,0.0004876756397556195,0.0008228476877394729,-0.0010411412860908843,0.0018623933361762701,0.01074611808564181,-0.00841254187625226
ta16.pt,0.0034059122454801953,2.4754555607898618e-05,-6.048224601325289e-05,-0.0002979424247552811,-0.00029371555773576144,0.001953971163249444,-4.8646662154541485e-05,6.478323213511581e-05,-0.0007597272196625157,-0.0026042476571834297,-0.0003822315030598781,-0.0005710953671223966,-6.114255789275717e-05,-0.0001100594768596551,3.092467186938294e-05,-0.00013303358330562796,-0.0005669625864806998,-0.000966630615913844,-0.002740834304486486,-0.0009899962163180274,-0.010252774902976925,-0.013872782343299552,-0.007926346265026876,-0.012852301602481424,-0.0007567694707187198,0.004407838573114762,0.008052989089567635,0.0033225708002386696,-0.000361177091386973,0.00291091525625642,0.003986082386344205,0.004431762073602997,-0.007269273621764712,-3.6521724047638767e-08,-0.008290356419936654,-1.6074346203413488e-07,-0.007449243625194475,-1.2525645641150103e-08,-8.431349159021479e-09,-1.3257307331211592e-07,-0.009131815522629266,-0.00759617203822353,0.004021542377351018,-7.148040277848587e-05,-0.0005381970283099813,0.003137418458547376,-2.4472092108389653e-09,-0.000306573297079377,0.004267349889104044,0.0019301478713052188,0.009812399360928915,0.004531792405107831,-0.004387866286119809,0.009529312035487581,0.003253445027610758,0.001324221361936398,-0.00014226849885296116,-0.00022149878563087596,-0.013167661726252401,0.000528774980974326,0.0009947925627784868,0.0003369366600160621,0.0017520984715151129,0.010973058477448377,-0.008107712103672983
ta17.pt,0.003414494107379678,-1.3750198932345354e-06,6.940527002357887e-05,-0.00016484527393681195,-7.720700064171569e-05,0.002296345372869807,8.607938537988789e-05,6.113098900303354e-05,-0.0003118357572739732,-0.0025458181571926027,-0.00047821159370140627,-0.0006022867131173048,-5.230720616854005e-05,-9.436928445584766e-05,2.0791528629376006e-05,-0.0001301557796442874,-0.0005653625716873583,-0.0007711451272207794,-0.0027484726178916203,-0.0010109871458340318,-0.010220622293268356,-0.013872437613109408,-0.007932778431747096,-0.012982161592161529,-0.0007797187732288605,0.0043995002471471445,0.007982649942593284,0.003366411093641487,-0.00033026221122600457,0.002931044439973167,0.003997370247151105,0.004429758598715679,-0.007067754226001469,-3.5192033569898526e-08,-0.008167698667767401,-1.0713683509955829e-07,-0.007414215149812963,-1.404113514561215e-08,-6.877449994443839e-09,-1.337569858618312e-07,-0.009082393296938124,-0.007515362191085563,0.003962307181214993,-6.754924875605708e-05,-0.0004887121971545758,0.0030939792958895843,-2.50997580542901e-09,-0.0004045994864196851,0.004224747873250771,0.0018331929507464755,0.009778421706941234,0.0045085668609217595,-0.00439891787667164,0.009578033647648955,0.003373734358078673,0.0013147781478309245,-9.796399356596184e-05,-0.0003384417927437838,-0.013047508127690842,0.0006215700743094804,0.0009585480716483157,0.00024339023867699005,0.00114943132593566,0.010844742710780111,-0.008050312670054441
ta18.pt,0.003508320416114388,-8.172232659572894e-05,7.340360155115752e-05,-0.00010027131347284991,0.0005435669765311619,0.0013794754058647988,8.602667062508217e-05,6.837020890587094e-05,-0.0009978800904086127,-0.002639813904102069,-0.0003960237729626656,-0.00035352756708425175,7.784498340997568e-05,-0.00028831182138819316,0.00012689390122718578,-0.00017893425668788994,-0.0007123618102369318,-0.000534907254668044,-0.002267768006083403,0.0004503352961009276,-0.010077152506173304,-0.013719369337612456,-0.007854400128006074,-0.012836007179434525,-0.0009000521228228681,0.004428738390266021,0.00808225848751919,0.0032917233287241337,-0.00032878397204253427,0.0030088269791020694,0.004044204728132387,0.00442959446454295,-0.007047425148123405,-5.166164868515135e-08,-0.008156731209208507,-1.0808291506944329e-07,-0.007149355140519341,-1.1747323974078545e-08,-4.458304160671668e-09,-1.33046858868551e-07,-0.008833038653247749,-0.007311761921424195,0.0041233451467453715,-8.982787351048288e-06,-0.000594888347188,0.002997639721876139,-2.4913355478654158e-09,-0.000134983767926002,0.004198514865287248,0.0018112880637294214,0.00995891567145839,0.004483993937913427,-0.004267108037388378,0.009643367687811712,0.0032940740801651503,0.0013223092556029308,-0.00021803637612556658,-0.0013171508573519624,-0.012900586941332039,0.00048457907373506835,0.0007783796419496701,-0.001148921722830977,0.0017816299433858014,0.010946253390102686,-0.008142873751887656
ta19.pt,0.0035100691989835516,-4.598468039223469e-05,7.339341679596973e-05,-0.0001284330057748288,0.0005870678225427555,0.0014668883476135763,7.516377720304676e-05,2.701009922608708e-05,-0.0003510346130089934,-0.0027998873973605677,-0.0003189770806041793,-0.00048401525175491235,6.705913228021919e-05,-5.6827756123844096e-05,7.402964258559802e-05,-0.00014175878528566803,-0.0004910643283186572,-0.00031245515511527225,-0.002004317378389507,0.0010422413912573416,-0.010081132101230668,-0.013634014475516256,-0.007701950812681087,-0.012745587121483675,-0.000765595270280253,0.004482736124126883,0.008109492288682218,0.0033461659234974607,-0.0003510905785842766,0.002975125950388693,0.004054501807920705,0.00450512577831391,-0.006993837135047135,-5.1675235473707255e-08,-0.007923666002912244,-1.1149888925841112e-07,-0.007123405394913841,-1.1681418807840393e-08,-6.763654143299515e-09,-1.2875490990299975e-07,-0.008856306326950383,-0.007223081720819725,0.00413848131516206,-8.702510226306364e-06,-0.00033513140064486604,0.0030770283361889806,-2.4913355478654158e-09,-7.057785749718212e-05,0.004528899328969971,0.002023501665928979,0.010111224781002435,0.0044892019338996355,-0.00432487281001601,0.009711011838536957,0.0034138134366091975,0.0015380661519571333,-7.4024533525669e-06,-4.7810206070371385e-06,-0.012713519513921334,0.0004993356841641237,0.0006270259021550378,0.00047607010820996544,0.0017566252529607567,0.010704405569939067,-0.008044402745137782
ta20.pt,0.00351534070527107,3.139704270995667e-05,7.343768859336897e-05,-0.00015072435398287418,0.0005500311348873228,0.00155182469122624,8.564987310825576e-05,5.350205597643344e-05,-0.0008796934751716621,-0.0027485515328809712,-0.00040858638447934496,-0.0005907994963201135,2.7627692585205893e-05,-0.0001675315816763035,3.469155965471555e-05,-0.00011747035768319784,-0.0006702038680335787,-0.0005780613656218669,-0.0024089006817999445,-0.0009475349943978475,-0.01022744515123727,-0.013737030641180715,-0.007764510772536123,-0.01292633381712884,-0.0008518133660285588,0.0044367193263817155,0.008080169531478726,0.003341313239825175,-0.00034092502763615623,0.0030476690856053854,0.004025519884988893,0.0044316560730375786,-0.0070970146746788835,-5.1626508403555095e-08,-0.008006788304498389,-1.1184546065951828e-07,-0.0073492857538429,-1.2996911755336273e-08,-6.583820118431236e-09,-1.3224173591987272e-07,-0.008862236077786353,-0.0073721450139416405,0.0040899484413336505,-0.00010017291471937354,-0.000509120584638958,0.0030551223961838127,-2.4913355478654158e-09,-6.012651687073111e-05,0.004506511942496742,0.0019291365061502427,0.010024690599754721,0.004480308373840991,-0.0042932336219569135,0.009657376779977923,0.0033531818294696156,0.0015159762248725963,-0.00011037434096842072,-0.00018248081546848267,-0.01259647020224329,0.00047124928213592354,0.0007851652969987898,0.0004888079289551913,0.0018046141793284232,0.011750637021597553,-0.008089052043186213
ta21.pt,0.003735811638771672,-3.390517063854446e-05,7.16836280876283e-05,0.0002149575817438595,0.00014151800666823753,0.0001863829241763958,9.471571224704505e-05,0.00018660147794182232,0.0022402048432556554,-0.002200463728467709,-0.0003790919610766105,0.0006626458264676937,-3.3416115737710445e-05,0.00023705179261183712,-0.00022765747790327908,-1.2478076589274274e-06,-0.0005341797325612657,0.0008917210680084133,0.0006810852824545904,0.00018794553032945238,-0.009620647594739613,-0.012528595131807728,-0.0064224585309335756,-0.012172737863238404,4.665439144464098e-07,0.0043981351280767645,0.007920081066081474,0.0034095535122454505,3.046659005169119e-05,0.00286553344249612,0.004100811106020467,0.004851799425644337,-0.006559883522258585,-5.2407847800464726e-08,-0.007628038773746164,-1.1031676448306866e-07,-0.00669458785717681,-1.3386526551323178e-08,-6.7229460721229515e-09,-1.1620576636835663e-07,-0.00837319461930181,-0.00593066170039552,0.00439972932597275,0.00014189971058013514,-0.00029558523250336954,0.0033736508567846937,-2.450052505207293e-09,-0.000427280673557443,0.0048099772419828565,0.0020295796029246704,0.010724505387228673,0.004888301050102117,-0.004000300608524246,0.010415178519602476,0.0036812349825419977,0.0017470330612732532,0.0005224290684166333,0.00040200458236554936,-0.011905197635145024,0.0008125388626663695,-0.00023341275624120614,0.00100064204993665,0.0014889560126186917,0.01277951042977651,-0.007167001734756795
ta22.pt,0.003703280555740165,-0.00010467980838692812,7.166972354954608e-05,0.000251988134356961,6.057700804522584e-05,0.0004121162216191316,9.472559428901547e-05,0.00018878375560825138,0.0022406123306159026,-0.002094270169391462,-0.00043677793299031555,0.0006916566266828387,-3.165106352386067e-05,0.00023865457083638135,-0.00024701075791543417,-5.291515032554249e-06,-0.0005985620622223055,0.0008027819652901364,0.00045299334897944046,0.00018779691961861021,-0.009642006198816935,-0.012690780085031803,-0.006519265053334523,-0.012286619939924047,-4.050305381966907e-05,0.004389663476961958,0.007922520119735023,0.003454732611378436,-4.8018981112688315e-06,0.0028448622517655126,0.0040762248296987635,0.004815285850137434,-0.006606210039675794,-5.2407847800464726e-08,-0.007716396743146091,-1.10315903278914e-07,-0.006733692306517812,-1.3366527034694464e-08,-6.7024007013521216e-09,-1.1588252677175111e-07,-0.008494479194542943,-0.006015049835881261,0.004389974446097496,8.65898598064333e-05,-0.00030260084414973615,0.003302377420523123,-2.450052505207293e-09,-0.00047562416375175387,0.00477918530323864,0.0019664615548021,0.010586373405330063,0.004881298574982356,-0.003982224069556931,0.010448405251835784,0.0036200807581883336,0.001745298656033631,0.0003744664397758118,-5.11895087274821e-05,-0.011894265983952114,0.0010394342195549867,-9.801857195515595e-05,0.0005286455624453688,0.001282313878583428,0.012727085789104505,-0.007175634221473403
ta23.pt,0.0036376791607902205,5.227213412947341e-05,7.166417986976331e-05,0.0003371193244349762,0.00010416437990884563,3.288249414653563e-06,9.223604094715736e-05,0.00014221662501598135,-0.0006629719760907948,-0.002025065548053521,-0.0004888906112498673,0.0007351696796683199,-3.76790268609591e-05,0.000128244233301296,-0.00015499185606372029,7.69699381485178e-06,-0.0005899567177064499,0.0009853455574910881,0.000687313630910848,0.0005979655326415847,-0.009529882452572712,-0.012327061017463227,-0.006268772213517628,-0.012037623232213857,6.269648399814828e-05,0.004439569089701754,0.008092885126425031,0.003481841951958633,-2.64957684138791e-05,0.002877812201122975,0.004109707104130102,0.004761088092750416,-0.006499031121274487,-5.3559199539146474e-08,-0.007385322998490953,-1.0808905957020185e-07,-0.006512597615024818,-1.3756643670958207e-08,-7.659691721971922e-09,-1.1591210280058362e-07,-0.008208502337529578,-0.005954417158755513,0.004319114325682733,0.00018636369187728644,-0.0002727299492892494,0.0033941793705154727,-2.4259274215355543e-09,-0.0005080248500375683,0.004721194836257178,0.0020171289143339145,0.010850558952874487,0.004885273029911815,-0.004033786378229165,0.010416362366998833,0.0036527749603004543,0.0018130737633766628,0.0005050058771108866,0.00040981770216026546,-0.011606103958635058,0.0009124738750373261,-0.00016214364445703316,0.001036393646674145,0.0016096874147692967,0.012855121038561422,-0.006947433749890182
ta24.pt,0.0037129798253773385,6.021425332780115e-05,7.2790748695645e-05,0.00027162858998745445,0.00011896934889587793,0.00016342009894476466,9.532147230814015e-05,0.00013176660380154507,0.002220452097648785,-0.0022395399662789857,-0.0003555216369190188,0.0005388638125701764,3.632562184492402e-05,9.207091629736453e-05,-0.00021488741029922497,-1.0747129132364063e-05,-0.0006187349659384568,0.0006582580957278996,0.0006458504499399802,0.0004901265064054961,-0.009653647359577504,-0.012628366908469734,-0.006487615077851826,-0.012331345114422512,4.3696755444750256e-05,0.004283331798392642,0.007887256089968434,0.00342969506101434,-7.840250133154174e-06,0.0028157104787590306,0.0039990275428121455,0.004718188726136802,-0.006787767356440485,-5.328686997721212e-08,-0.007735858113286383,-1.0787627786891019e-07,-0.0066837272737067625,-1.3457894822810432e-08,-7.127712639815326e-09,-1.1560792452583643e-07,-0.008465768268207106,-0.006093978226431416,0.004375111385096855,5.964884250372466e-06,-0.0003424566039969833,0.0033971537982647308,-2.4259274215355543e-09,-0.0005301659305609184,0.004776603751455364,0.001816174027338672,0.010682203261030015,0.004778638660932369,-0.0040269702423806125,0.010431657393758351,0.003654123911883698,0.001736741695181043,0.0005272758903371923,0.00022083505107124246,-0.012008709178155937,0.0010185934917942524,-0.00019877115175531612,0.0008495472461174915,0.0009730600329118982,0.011160650115465949,-0.007250773644766066
ta25.pt,0.0035006720339290894,6.864455436049994e-05,7.22524305197017e-05,0.00046391608478509174,0.00025346918575309756,-0.00019134014766274146,9.164763693544103e-05,9.348211003182429e-05,-0.0009443214371949443,-0.0018561087839559073,-0.00040825185857463624,0.0009577810810451299,2.173054599109094e-05,0.0002427750509904116,-9.00720430505547e-05,-4.798236882202876e-06,-0.0006593000075548394,0.0013269355560202515,-0.0026763198218599377,0.0009315999142789706,-0.009589593744372618,-0.01251514460415963,-0.006634135090728689,-0.012197701510555659,6.327808209125564e-06,0.004416590726497394,0.00802800078611606,0.0034721247426955024,-0.00016812666755042243,0.0029178709138432705,0.004156439376429215,0.0047461051652915144,-0.006564428895140066,-5.353596751840632e-08,-0.00768340708728981,-1.0699514798626182e-07,-0.006551499578639492,-1.2944799175638823e-08,-8.21898412705315e-09,-1.1609338338360958e-07,-0.008249285608766432,-0.00614356400357163,0.004242877045302744,0.0003012168228524073,-0.00034830324863223356,0.003454872569958788,-2.4339932663084448e-09,-0.00034099967147780216,0.004695024963226329,0.0018822630240140467,0.010682772448959977,0.004718942104710748,-0.003988500711270927,0.010307908690048306,0.003402565194393615,0.0017985382024002334,0.0003917880855702335,0.0005524265809246922,-0.011531450572683347,0.0009806480235120846,-1.1539342848733172e-05,0.0008615394194463221,0.0012237250263442574,0.011564922282133513,-0.006996223784004356
ta26.pt,0.003591664708232837,3.40126049922358e-05,7.302941914113403e-05,0.00027505173273367485,0.00054475123715411,-0.00011016305841285858,9.588639694967156e-05,2.68517630478988e-05,-0.0010726477208828542,-0.002197325706007633,-0.0003738220787436215,0.00048239344723829773,3.985205709824686e-05,8.676339096561676e-05,-0.00024005766680821605,-2.88920560589235e-05,-0.0006620801443167942,0.0005555611364725459,0.0010946567102181706,0.0004827182380555299,-0.009713620453809664,-0.01251772659590709,-0.006675050410037459,-0.012233856844443627,6.178152479617349e-05,0.004329849411275463,0.00803672030941985,0.003441867021646104,-0.00011581787540433686,0.0027826909612872455,0.00397299241933718,0.00471074617971055,-0.006657213122827028,-5.109835661755224e-08,-0.007708036340205506,-1.0692141479121352e-07,-0.006657584325084135,-1.2924842782771275e-08,-6.044670459557633e-09,-1.182536853672386e-07,-0.008332236620771096,-0.006163521736945846,0.004297631387698798,2.3530279684727447e-06,-0.0003676637730732292,0.003456933931874789,-2.4259274215355543e-09,-0.0005767648986057235,0.00465400196993143,0.0018288221558457568,0.010827811360297814,0.004786934450683424,-0.004231099838308223,0.010320925666701895,0.003652709517160225,0.001774220629539721,0.00044706591504708944,0.0004441973048921543,-0.011956373852616987,0.0008733922015536967,-0.00025788441264256877,0.0008633116118123645,0.0014376407826876248,0.01137460041052239,-0.007015317093554019
ta27.pt,0.0036629343004995515,-4.691495442448019e-05,7.041961994271026e-05,0.00032255108195877665,0.0002955417750313873,0.0003650338935972844,9.487200038865647e-05,5.29629029959089e-05,0.0021529384482269717,-0.0023428388453342964,-0.0003190492131764596,0.0003340940135541712,-9.387932850713182e-05,0.00021608093312283332,-0.0003073251690668409,-3.55252421251861e-06,-0.0005335492512553978,0.0004924469680536674,0.001239238034385463,-0.000607741736137314,-0.009841164966988563,-0.012882999691534208,-0.006909187597984122,-0.012463105250418967,0.00022041342055213173,0.004147877663520761,0.007821715201894232,0.003199236006550826,-5.706608357640004e-05,0.002726303915101409,0.004000660102795141,0.004800109212493621,-0.0068685462452368375,-4.6646493751948795e-08,-0.00801784760140854,-1.0760538564897547e-07,-0.0067785184535716575,-1.4617780208185794e-08,-7.871514850274605e-09,-1.202363197356827e-07,-0.008817485402796232,-0.006340494753452276,0.004307596516978526,0.00010126200665511134,-0.000340831854372588,0.0032832464815403897,-2.6648545418203932e-09,-0.0003183140475705892,0.0045567952098597405,0.0017823946337673813,0.01051657044652398,0.004796246809084882,-0.004036558924783723,0.010355331143587106,0.003627622074875848,0.0016779393470299354,0.0002726156833858895,-0.00012031099564108523,-0.012049039120837988,0.0007774779582607496,-8.088489246726671e-06,0.0003423679251528765,0.0009971801638717689,0.011192567320179415,-0.007522595298075604
ta28.pt,0.0037140611582698363,-0.00010005636824228793,7.16877687933993e-05,0.0002471431341738586,0.0001014826496879454,0.0003764457653426251,9.45770246192103e-05,0.0002046625333777791,0.002246362925294143,-0.002037952715201123,-0.0003998896927110357,0.00070068076747115,-6.373393622575421e-05,0.00020575149501427916,-0.0002566763067592709,-1.3858053829399334e-05,-0.0006079361182042574,0.0008136998338814417,0.00048270276014304725,0.00012492186484621228,-0.009570257652270328,-0.012611383014079576,-0.006505616269968495,-0.01229295454796913,3.410481413689346e-05,0.004346191714891296,0.007887491645016453,0.0034583474925061982,2.6292992776771065e-06,0.0028474616572891224,0.0041087644980775636,0.00485261185081264,-0.006609432797005471,-5.239017939775593e-08,-0.007698148718840952,-1.0869003711865139e-07,-0.006688895893294031,-1.2897232991914056e-08,-6.7024007013521216e-09,-1.1617170091960866e-07,-0.00847290084866214,-0.006022249231498456,0.004389598120307763,9.418356241464412e-05,-0.0002971590649913984,0.0032998435655669316,-2.450052505207293e-09,-0.0004970670136019342,0.0047442773340131165,0.0019600747579940634,0.01057030365420831,0.004925346862129317,-0.003946967466291088,0.010396079231740974,0.003645353811583727,0.0016783056436872317,0.00039356115687529575,-7.039603653154163e-05,-0.011874679728633774,0.0010331217592655785,-0.00013233943254063827,0.00048212814908583224,0.0010653016842122852,0.012780454820042683,-0.00713981523589051
ta29.pt,0.003611333821404551,-7.72490228867967e-05,7.300905495533792e-05,0.0003345728753048161,0.00022595951576588456,2.1281913642691042e-05,9.423853079806467e-05,5.340206023463345e-05,0.0005240780330568545,-0.002282643564457691,-0.00035390785413656897,0.0004137181991189467,-0.00014224271701709993,4.2419825518379934e-05,-0.0002997642523617482,-4.862878042204304e-05,-0.0006587552516127952,0.00043997290320992407,0.0010121071977682225,-8.511413030712078e-05,-0.009889664343375165,-0.012585493828212044,-0.0067354599715290266,-0.012476453286934537,3.967050464524285e-05,0.004124769376597782,0.007808481202130205,0.0033055445492034914,-0.00015135382693878775,0.002744354032891171,0.004002635459226959,0.004841859987425197,-0.006963940979368286,-5.066713482793088e-08,-0.00790445731232636,-1.0486873004314952e-07,-0.006768576720567663,-1.2905540482393276e-08,-9.242894465355654e-09,-1.204503092795811e-07,-0.008647343152758795,-0.006230111824478186,0.004295113256418202,-5.763159470078838e-06,-0.00035233813619023964,0.0032754543242980256,-2.6648545418203932e-09,-0.0004692620386662155,0.0046219474773798366,0.001811288916113795,0.01051768739788614,0.00483818345276721,-0.004024450119774683,0.010205111505450093,0.003645146768370184,0.0016350682150535348,0.000310534477019106,-8.11037304508825e-05,-0.0120137500221988,0.0009442517319152592,-0.0001173968470145357,0.00023528546311875914,0.0010523238698073578,0.011205590395181984,-0.0073288653893698215
ta30.pt,0.0036559754829242506,5.451784251382144e-06,7.186458769240002e-05,0.0003145915473975509,0.0002769473503812093,-9.899358728400189e-05,9.469058935443261e-05,0.00017012718572557625,-0.0010706661227540206,-0.0021255273400523837,-0.0004572546175213592,0.0006371568665587689,6.318861210185005e-05,0.0001262038828971417,-0.00016329917643843303,-8.806844985945726e-07,-0.0006150763550604218,0.0008994193387555213,0.0007333177611493142,0.0005472697916227764,-0.00959505615401209,-0.012401637860773251,-0.006290908099813019,-0.01205580344846161,-2.0926859283247688e-05,0.0044322781285280775,0.008072123840530392,0.003479106443342127,-4.552900565531009e-05,0.0028477532792193093,0.004096417020218692,0.004743288602260962,-0.006504489831161141,-5.2661199466593854e-08,-0.007437255267411249,-1.086788299710488e-07,-0.006496442556122011,-1.2679378484030842e-08,-7.262154833091944e-09,-1.1612791573908036e-07,-0.008184447250565781,-0.006001858435102478,0.004289436055387377,0.00012020961625996573,-0.00032197578555964056,0.00345858100043499,-2.4339932663084448e-09,-0.0005828179165516384,0.004701889656806458,0.001954695973372462,0.01086376017138862,0.004902091796520502,-0.004072622624308995,0.010342038481148303,0.003630718837133426,0.0017625326183393847,0.0004625628721236453,0.00040293877414261214,-0.01172515494445288,0.0007183637956041827,-0.00018786904188784518,0.0009483379349764561,0.0015302666560647476,0.01280224854578812,-0.007006589742082892
ta31.pt,0.0035533029208810974,-0.00013217807239503717,6.903939179355577e-05,-0.000506496560961833,0.0001296805067108839,0.002247152406439296,8.643541373331748e-05,-0.0003623408807649866,-0.0009676861661074852,-0.001968081911222567,-0.000313742213791842,-0.0007000690232749818,-3.5459308784444995e-05,4.553784604501591e-05,-0.00039862241482163614,-0.00024861501295197575,-0.0005586705518348071,-0.0005255744660125806,-0.002283337209392849,-0.0005830552615267667,-0.011277354139921196,-0.010367672344771687,-0.0077289149333203706,-0.009573895575611701,-0.0010753077050658971,0.0045845674604637725,0.008430872433440787,0.0036109166415276167,0.00018256270213213506,0.0032150568247049038,0.003921295124188066,0.004783930937034384,-0.007277844655326784,-5.285510256507829e-08,-0.008396530436551582,-1.1179202913512304e-07,-0.007254506887670933,-1.0562807512734776e-08,-6.7794347103155795e-09,-1.3198804283945242e-07,-0.009326609934555379,-0.007516579847321555,0.00420994167654833,4.5093699109267015e-05,0.00046595429564292803,0.0035385695861727883,-2.584697512106231e-09,0.0002060018049633123,0.004797508726189362,0.002387366505673124,0.011393795852723005,0.006256046297462164,-0.0044438718701333155,0.01045678112218229,0.004667650959678846,0.003140443509812093,4.771453028065674e-06,-0.0011778260278918012,-0.012969016703407502,0.00023086098087654765,0.0009890122317822952,-0.00039257978533798073,0.002096927514536024,0.011341255292773564,-0.0076386048175220355
ta32.pt,0.0035608880366825896,-2.7623725373228774e-05,6.759405739037348e-05,-0.0005367024138330319,8.840600122188687e-05,0.0023326116548702735,8.618459853455859e-05,-0.00041852475742181416,-0.0009956282657050072,-0.0018967721510152258,-0.0002184583728869708,-0.0007196804842289169,2.5259954042422676e-05,0.00011344461467451693,-0.00040228339638155846,-0.00023517391448871629,-0.0004994543479480018,-0.000552597760490737,-0.00292911581471734,0.00015214631286961425,-0.011417829851927797,-0.010421543362601452,-0.007852854117369317,-0.009673620262125307,-0.001141388742248593,0.00458061182284905,0.00842655483240335,0.0036133759913199934,0.00020223924820559917,0.0031385642234893155,0.003930843295094123,0.004769961512499182,-0.007209298703396351,-5.3433693307530385e-08,-0.008569154277570963,-1.0753118618806143e-07,-0.007338209356232325,-1.1517825587935738e-08,-8.183487820379496e-09,-1.382313385542824e-07,-0.009419512551311295,-0.0075988225948305,0.004157353720752583,0.00023283526986910891,0.0005167200278289666,0.003482013827425034,-2.5766316673333403e-09,0.00015534345199772308,0.0047609533386793,0.002413416231069827,0.011356745966879193,0.0061875567837706355,-0.004503102150957723,0.01050621767878013,0.004642689465326879,0.0031444616443521375,3.03158309503769e-05,-0.0010534083005785744,-0.013534803420217128,0.00018993382664900637,0.0009758669257298635,-0.0004013794551590769,0.002057412099662978,0.011294216182019349,-0.00780337136949761
ta33.pt,0.003584546114557478,-0.00010822855984449899,6.456138315276498e-05,-0.0008749613437642194,0.0005307495392116283,0.002736404493885595,8.737621081405017e-05,-0.0003186229409473493,0.0005675341373034878,-0.002129916458056959,-0.00045212025105964446,-0.0005951494220343837,-2.285844037836754e-05,9.626150793729482e-06,-0.00040157958743953907,-0.000342146305649951,-0.0005150779415500341,-0.0008550873679581954,-0.00017164524975427247,-0.0008353483800858384,-0.011267267348368873,-0.010505852698741257,-0.007993773857254057,-0.009962182549966633,-0.0009759794260816816,0.004586557639343935,0.008430982323024517,0.003611253026760669,-1.116246201906343e-05,0.0032491703885051404,0.004061662732365588,0.004850356906248161,-0.0074720165468996035,-3.8925784012045766e-08,-0.008674992592180408,-1.0879028325157562e-07,-0.007310550757580329,-1.4863798023820798e-08,-7.177535637033317e-09,-1.331006010619582e-07,-0.009671065447469243,-0.007226016350307211,0.004260569511971949,0.00011892619137876863,0.0004389410205937773,0.0033173426273483053,-2.842264889954664e-09,3.286724302020457e-05,0.005026910693788521,0.0025421982572163253,0.01148115562821031,0.006321619043622115,-0.004549334568706257,0.010514977322049687,0.0047606637954075715,0.0032548924315251846,4.725300718671878e-05,-0.0009581424806925717,-0.013541513463650916,-0.00012121298694112128,0.0012300424104153347,-0.000355560742207211,0.0020248891113166636,0.011633725286374704,-0.008047587162725653
ta34.pt,0.0035732321777836116,-0.0001894721358020914,6.564393362832142e-05,-0.0007668330536979029,0.0007844356577938877,0.0028110552907696833,8.728178283020922e-05,-0.00035425358402155796,0.0005446748400871832,-0.002143063779651277,-0.0003950357988957128,-0.000726451167403742,-7.889208148309214e-05,-4.6333516085744735e-05,-0.00042064027544035326,-0.0003182976363699843,-0.0004687429855075593,-0.0006784476848376025,-0.0007525693581595884,-0.0013991169607031767,-0.011524974553439865,-0.010593036048225889,-0.008161955069690032,-0.00983145938553195,-0.0010806735618878727,0.004525370783605892,0.008276443416016993,0.0035346712475875833,3.1482636677148497e-05,0.0032235364787981105,0.00394739101026057,0.004770605565420058,-0.007273022724266605,-4.05902562527319e-08,-0.008702615855150336,-1.0986993939848176e-07,-0.007406209295329711,-1.6940296840677493e-08,-7.87501264092536e-09,-1.3415405545622045e-07,-0.009643661412550466,-0.007387907988822866,0.004197119909280099,-2.84301868892175e-06,0.0004230563332488892,0.00335118075788713,-2.603337769669825e-09,3.2630845394063894e-05,0.004842335668990445,0.0023185550185411356,0.011427073981807033,0.0063096032303934495,-0.004497356619375498,0.010399938533384525,0.004675801153963122,0.0032029127190811107,-1.8663852328754908e-05,-0.0012919800355054238,-0.013657216653668404,-0.0001822373222445662,0.0010374720109035957,-0.0005776535897168734,0.001946796276415859,0.01145006487769012,-0.008058780735015727
ta35.pt,0.0035633555372129987,-0.00010306962804561448,6.893501071821079e-05,-0.0004562155076863393,-0.00027823848734874305,0.0023455976864484476,8.649017934018796e-05,-0.0003637344902565424,-0.0009676680388180001,-0.001988261556679668,-0.00033105195877936966,-0.0006792480096950053,-2.071819885282727e-05,1.4147748184181524e-05,-0.0004460186811334783,-0.0002492638271321454,-0.0005634879977400824,-0.0005095470010317982,-0.002293256677520946,-0.0005931040375889529,-0.011274485412316184,-0.010294285394071474,-0.007737885921676491,-0.009593788431850415,-0.001107688953102361,0.004546874847817184,0.008419973887959302,0.0036024546994379383,0.00018367283123365112,0.0032400459095553785,0.003932276617550587,0.004750966475546944,-0.00723048522249756,-5.2880032817508414e-08,-0.00836439987826843,-1.1407279266901151e-07,-0.0072653855800991615,-9.78914824278922e-09,-6.757315433117291e-09,-1.31145005172477e-07,-0.009322720581388697,-0.007492764902844771,0.004218159016163815,9.522129647786827e-05,0.00048674944221945634,0.0035164655613570397,-2.584697512106231e-09,0.00024452480157207264,0.004782752757695318,0.002403831023302157,0.011428064633938842,0.006243771482359163,-0.004561308771364127,0.0104140805682797,0.00467965705435028,0.003123361233664802,5.6854027519138276e-05,-0.0011630878801366493,-0.013046555310072849,0.00032982640082282905,0.0009687165325433648,-0.0004245436545494457,0.0019373795837399625,0.011569622824919266,-0.007556210629273803
ta36.pt,0.0035674641258852417,-0.00015080604310772536,6.909167835892211e-05,-0.0005917305390199614,-0.00030366833022654494,0.0023771199994859354,8.657731760709192e-05,-0.000402391726366268,0.0005979902951912931,-0.0019967635589577134,-0.0002956321066757493,-0.0006154571026625236,1.5372467361212032e-05,3.100248153725902e-05,-0.00045323450423486215,-0.00021205732320777243,-0.0005359832897025011,-0.00042608144860033144,-0.0025276129035491195,-0.0012243286225380526,-0.011454488868187208,-0.01042700816058013,-0.008071354892524703,-0.009833072676879117,-0.0011123203476727263,0.004503776920313529,0.008345968069931261,0.0035678462575011753,0.00020722135902677947,0.003230154888208758,0.003946114795080382,0.00472107480198257,-0.007555941576941029,-4.061929988477687e-08,-0.00868681559280678,-1.1293484699525079e-07,-0.007369247624430684,-1.567720995074033e-08,-7.58927199936026e-09,-1.2937759646389819e-07,-0.009557045184867382,-0.007472697006734573,0.004192426558426943,8.722202606583131e-05,0.0005138983231285534,0.003380464727936534,-2.603337769669825e-09,0.00018727490289777897,0.00475391307683928,0.0023715542354211636,0.01135934814183384,0.006184890325797896,-0.004552340253805202,0.01040506106379185,0.0046619472431143815,0.0030891941407914197,1.1080203632648705e-06,-0.0011451183700171713,-0.013694853296880761,0.00021350841511721166,0.0009814313438602743,-0.0004381717784977919,0.0019678286739870402,0.011224649956984084,-0.007978229785208246
ta37.pt,0.0036546672209488494,3.573348154773835e-06,6.492131014701556e-05,-0.0007197929631150096,0.0006959791934845132,0.002819016471627381,8.741735624099323e-05,-0.00017299339224627637,0.0005110252940231343,-0.0021030417703982902,-0.0002403532841041355,-0.00023775397433594588,2.51564011878354e-06,0.0001070428570171371,-0.0003151649143189962,-0.0002963394590957772,-0.00046138521176313017,-0.0003879256040051666,0.00016721665337959083,0.0028143880939508594,-0.01099510543817857,-0.010224061323501224,-0.007863480794303873,-0.009802202970333719,-0.0009099715961541766,0.004593595431706448,0.008517711475652919,0.003649637669042989,1.7671775090598892e-05,0.003275169142423693,0.0040525558957221815,0.004877177054610288,-0.007321182372044499,-3.835074102140577e-08,-0.008190508361554674,-1.0880373952659742e-07,-0.007239964119484607,-1.5731311053737015e-08,-7.670587371406534e-09,-1.3421925549076884e-07,-0.009597246063698403,-0.007098692594556122,0.004304068013817581,0.0002719331886301967,0.00046623990030082713,0.0033770185913941943,-2.842264889954664e-09,0.0001434216561830218,0.0050659726898649666,0.0024540185083815336,0.011582320072035345,0.006344477747264865,-0.004306512994600993,0.010778442757380647,0.004764929420681515,0.003276118315849248,4.683098322706805e-05,-0.0007724158876231572,-0.013067298329110282,-0.00016822039893122037,0.001168897180975302,-0.00018961408559778199,0.0021320278644725577,0.011650716817553152,-0.00791482896943981
ta38.pt,0.0035091852154581576,-1.0181355884360851e-06,6.898803526958968e-05,-0.00047454069471407334,-0.00026950534374200276,0.0022184445338468525,8.643057886595606e-05,-0.0003549615273144327,-0.0009825050311200623,-0.00203508967326989,-0.00026724316088731694,-0.0006694793045711696,1.2940403100848919e-05,0.0001271827773880794,-0.0004645508956924197,-0.00021675403212209493,-0.00046856174715279,-0.0004511887960464985,-0.0022151990722181015,0.0005450504670413942,-0.011211786718738757,-0.010302137093856693,-0.007780789953381734,-0.009553231295740434,-0.0011001447028872494,0.004572392070085952,0.008425277761200294,0.0036881810219645942,0.0002013332254990631,0.003188997145342627,0.003931838727626803,0.004755775402848076,-0.007093629813007545,-5.28346136001647e-08,-0.008345640652551166,-1.1099259347636154e-07,-0.007200359454585824,-9.38384413517053e-09,-6.784033068256235e-09,-1.324632211566881e-07,-0.009311490465453699,-0.007621378388609741,0.0042357684179842444,0.00020141551266338406,0.0004883024314526601,0.003520674786986312,-2.5766316673333403e-09,0.00024389091458908892,0.004793012695744094,0.0024665264703462426,0.011559168600243032,0.006237061969448153,-0.004663986289108782,0.010539504398057278,0.0046913266535105295,0.00312683968825377,0.00010630038062522862,-0.0010677480740634833,-0.013011647969725912,0.0002639546505725721,0.0009288563540522423,-0.00021957933216420504,0.0018622497326654553,0.011598789601948052,-0.007572356720873096
ta39.pt,0.00351547932413111,-1.3482306979933617e-05,6.913313241463781e-05,-0.0005216593262225739,-0.0001721588306316919,0.002049474588663485,7.387958986072808e-05,-0.000349304335699192,-0.0007395919018908011,-0.002013295838368482,-0.00028498976499792057,-0.0006151026114021043,1.4781097394528392e-05,3.7441263424091393e-06,-0.0004327594615092002,-0.00022200263378238373,-0.00045830251769910516,-0.0004132539819025243,-0.0019942661189473626,0.001158155150877506,-0.01111730697795297,-0.010245955693444766,-0.007703218321581841,-0.009415210616314361,-0.00122771487253306,0.004573323165592618,0.008470553349667783,0.0037479971265593033,0.0002077937612340793,0.0031798833228906358,0.004010485151918909,0.004749660962125248,-0.007012721183290543,-4.711128715789198e-08,-0.008369889339886616,-1.1186737841120956e-07,-0.00718602865412821,-8.664884462813788e-09,-6.734050343970096e-09,-1.4052279349605215e-07,-0.009276469632822387,-0.007565900989097496,0.00424659043893304,0.00023624193939692295,0.0005149028027223945,0.0035711891102261145,-2.9972624920501624e-09,0.0002443679049035106,0.004820402567691927,0.002530350541034654,0.011571888999911703,0.006225222332166988,-0.004624754009907012,0.010585702165949043,0.0046428500462315425,0.0030681385829200223,-2.417693101803605e-05,-0.0011113866641242775,-0.012499455641322741,0.0001040452880579672,0.0008242642033154233,-0.0002090981509407742,0.00186890077565278,0.011634874101789743,-0.007635387573478838
ta40.pt,0.003531211695086636,-3.912442551986044e-05,6.898922836653174e-05,-0.0005056897193304107,-0.0002125754951974895,0.0023630045363594887,8.645818805278743e-05,-0.00036271065683086083,-0.0009817981854269892,-0.002004927985229576,-0.0002965991716549015,-0.0006386406479589024,1.3013719053090825e-05,4.034901879420773e-05,-0.00043239732420726715,-0.0002292382255961706,-0.0005439963240736888,-0.0004863426609580088,-0.0022304257513951708,-0.0004905393979091391,-0.011281036114741048,-0.010364750078671464,-0.0077092503267320684,-0.009574041959189775,-0.0011183980626022574,0.004553412405737063,0.008431514733546875,0.003623864999989994,0.00018835713090621919,0.003193443553096934,0.0039528126500676655,0.004745233349951445,-0.007040647433329007,-5.24960671489553e-08,-0.008337982627592376,-1.1327678124754733e-07,-0.007208838183927669,-9.763728377062427e-09,-6.758940599342119e-09,-1.331406206727897e-07,-0.009292683273820402,-0.007564801409937794,0.004210707997275988,0.0001229322504934113,0.0004903011229186338,0.0035328028220167856,-2.584697512106231e-09,0.00021262831186559758,0.0047604047236681065,0.0024197373352105368,0.011478915626671351,0.006248831237572156,-0.004448616347659841,0.010501915097413567,0.0046515152130123805,0.003102374829415498,5.726489373623723e-05,-0.0010586773042769982,-0.01299793146141383,0.00035266177072127536,0.0009836467615421593,-0.000329735694768171,0.0016605060391332693,0.011596704629125992,-0.007596710563274629
ta41.pt,0.0043023379223954055,0.00027199779370757975,6.76105680643552e-05,-0.00025491920413763165,-2.0390006811058715e-05,-0.00035822374266803884,8.92002831659206e-05,-0.00047699714286321085,0.0005941950365093849,-0.0030675096288868085,-8.919258072400878e-05,0.0004362429422399473,0.0004271232559156259,0.0005945948013714307,-0.00012585318352840283,0.00011871753459572208,1.670288687171836e-05,0.0012739416211776846,0.000705532940299362,0.00041825926559815955,-0.004448805437898887,-0.0077159819771463285,-0.0021148323261023084,-0.007551997571827032,0.0005733903529583334,0.0052856680428347656,0.010069548929781857,0.004307568773666823,0.0002731469927860452,0.003708370720861897,0.004735804369890204,0.0058204336792808615,-0.0022851283732433884,-4.9463118830296703e-08,-0.0018846051487688112,-1.0694385488898402e-07,-0.0013368966000184119,-1.0808161135057072e-08,-9.200850441863569e-09,-1.2051217615345433e-07,-0.0022401001020742957,-0.0008569425655929428,0.004876691629605402,0.0006455977619007935,0.0004215982150399871,0.004034358011548768,-2.5316852169513607e-09,0.00022276108933700674,0.005819053454568288,0.003505389991742972,0.013294614164467405,0.007910581208663723,1.824408079011522e-05,0.012267872142647816,0.005630799501451803,0.003838936364256855,0.00044259950192741224,0.00034721753020582324,-0.005542297040241088,-0.0001694652271073806,4.569930616114437e-05,0.0006410188681463181,0.002362171301722123,0.01340244182508612,-0.0018267240157741015
ta42.pt,0.0043043195310164765,0.00034463084506284746,6.75014927053438e-05,-0.0004509260497702692,-0.00027955348958180715,-0.0003553054549325614,9.053206645663846e-05,-0.00038293618448310014,-0.0010246800549727445,-0.003069375096880954,-7.858838402622156e-05,0.000544401258511389,0.00047549153699732473,0.00040283017226853165,-7.131883032908501e-05,0.00011142294399189014,-2.0470585386464683e-05,0.0012942178381307073,9.48135425326636e-05,0.0006651559687600203,-0.004172587229307415,-0.007844504793928878,-0.0020385480589131546,-0.007469973069606381,0.0005267404813607821,0.005321742256980345,0.010145597558400252,0.0042883523513764675,0.0002600775747137849,0.003736460304898052,0.00476664706063164,0.005740665285167147,-0.002226533932894407,-5.319708100032164e-08,-0.0016357335163288609,-1.1013302870723279e-07,-0.0010307611782860383,-1.03263720283841e-08,-7.608841410530882e-09,-1.161425532827831e-07,-0.002362779218573528,-0.0007892081308045705,0.004913138343019017,0.0006379718172852731,0.0004199213323211248,0.003972878013975251,-2.5316852169513607e-09,0.0002561880109960014,0.005765994951350982,0.0034365474848185506,0.013326218098764029,0.007835165569435563,9.448055777117062e-05,0.012403324262967495,0.005583990371066236,0.003774362701744409,0.00044704946325553764,0.00041211735011962506,-0.005374509083175632,-0.0003244796442245698,0.00019221906215800385,0.000871239929973805,0.001972022705478902,0.013386906020199789,-0.0013607644461864745
ta43.pt,0.004208707662621877,0.000293332842300015,6.643117773132064e-05,-0.00041626369890328843,-0.00022881623022580135,-0.0001300280955125381,9.040539106607236e-05,-0.0003176430379100259,-0.0009960638508044813,-0.002912796640594015,-0.00011523421852515488,0.0005277193282172569,0.0004423877773194914,0.0003955553533648891,-1.9234933679669223e-05,0.00011326087164947135,-5.755082217219377e-05,0.0011406400395239757,-0.002701410073565521,0.0005907925837767882,-0.004142350879824638,-0.0080912263236034,-0.001966672750799567,-0.0077655793289596,0.0004223741324032959,0.0052291847781567565,0.010042883661134011,0.004249196493566984,0.00025690222257993055,0.003668247113266605,0.0047209666892987735,0.005767894078830708,-0.002225443761741663,-5.326430956340715e-08,-0.0017119235507209727,-1.1185090495299878e-07,-0.0012395442044770804,-9.044909478587429e-09,-7.57126453372916e-09,-1.1682801581417067e-07,-0.0022728323719775354,-0.0006663332287937191,0.004827608406589637,0.0005833981225365546,0.0003988421277375659,0.003944134675875397,-2.5397510617242503e-09,0.00018374998887500551,0.005742046199227523,0.0034752879867090375,0.013298025194477677,0.00774678538996937,1.2097040042909092e-05,0.012228719365137747,0.005566178288958685,0.003698384026369808,0.00041203880247093724,0.0004770221091393531,-0.0055112759654813775,-0.0002489098923948804,0.0003203359852590872,0.0007168895566601109,0.0018792792090311504,0.013282823098339246,-0.0014608967913213708
ta44.pt,0.004322245557484484,0.0002634234526193275,6.744860205988333e-05,-0.0005048786446672067,-0.0002693981649464271,-0.0003790916469092252,9.051940277154053e-05,-0.000422795402091923,-0.0008130038436778961,-0.003167783468324684,-0.00010785796246620902,0.0005941135672729643,0.00047442096523298813,0.0004353507161804971,-7.615406321651556e-05,0.00010960482329033376,-1.4026518387715784e-05,0.0012932588958051822,-0.0003455750574544952,0.0006640080838896936,-0.004281620916440312,-0.007840285263759695,-0.0021725514154797457,-0.007417568256813603,0.0005588946294649523,0.005312967503223074,0.010104379384785043,0.00427599811477206,0.00029311022456154993,0.0037363293676947753,0.004764444881066304,0.005729036670582043,-0.002179191493300248,-5.3868529964050664e-08,-0.0017479911998414756,-1.0977529790356085e-07,-0.0011291611811925417,-1.0518777520630483e-08,-7.670486691997734e-09,-1.160422574835031e-07,-0.0023900875044461363,-0.0007885077716114409,0.004905798056062136,0.0006079370141165404,0.0003809755112330319,0.003972332907157536,-2.5316852169513607e-09,0.00024948654899202354,0.005756905287828278,0.0034139289947276654,0.013276927699412888,0.007843045755521184,0.00010426261697928736,0.012233436485739194,0.005593719917835232,0.0037568377867191875,0.0004252972909369763,0.00036562298362592877,-0.005390164572003754,-0.0003483497017317692,0.00024679426208956955,0.0008593134263774804,0.002114872167786531,0.013386571451731607,-0.00143944922446868
ta45.pt,0.00427624333701819,0.0003491739809553068,6.752069392579068e-05,-0.000350380011452317,6.750765533675583e-07,-0.000286488561422625,9.055708531381617e-05,-0.00038455325382113847,-0.0006807014611106555,-0.0029782310115808353,-7.121743034710204e-05,0.0003911149646136196,0.0004838312904010088,0.00043834405167883874,-0.00010201820926255926,9.833363464609332e-05,1.2421809379847629e-05,0.0012928060979876521,0.0007397607987342848,0.0006002372771817723,-0.00423858437345224,-0.007946149361942144,-0.001877891747423446,-0.00756599709883552,0.0005272283285765428,0.005323905034854371,0.010165074065997605,0.0043731475234843175,0.0002578266567384671,0.003726499184612104,0.004755504845573774,0.005779881382695571,-0.0022437227070488093,-4.769764646157211e-08,-0.0017115997890869985,-1.0509168137279603e-07,-0.0010261401164939007,-9.289757974255808e-09,-7.258262377075436e-09,-1.1639996344945484e-07,-0.002315641652567955,-0.000815632440397003,0.004895008306044949,0.0006737443080194546,0.0004195439844386971,0.004080204691754739,-2.5316852169513607e-09,0.0002427253644522203,0.005772499905505416,0.003507499028910752,0.01334887749448508,0.007927571139503722,9.014882663722741e-05,0.012488795419213794,0.0055847027442253085,0.0038111887347087666,0.00042158903910097077,0.00042448364119797825,-0.005362066501252,-0.00027917939164542806,0.00011036243278027425,0.0006491159192992927,0.0018090691212436024,0.013366448816522974,-0.0013082421633423004
ta46.pt,0.004266388959348519,0.00020133515025143545,6.754442246648333e-05,-0.0001415616144439599,0.0002916583479733385,-0.00040113413805888907,9.052847501000661e-05,-0.000369505503107789,-0.0006609819699327416,-0.0029534394126002313,-8.13110226332986e-05,0.0004169546935341668,0.00050694568043429,0.0004617140129795932,-4.524363131648877e-05,0.00011179617040343286,2.7173957392974194e-06,0.0013170666005256773,0.000757647889706945,0.0004599079249794079,-0.004231904078894169,-0.007815735622029337,-0.0021402782420572313,-0.00728898322771635,0.0006022898809735623,0.005232927620282218,0.010137087490575672,0.004391713976981428,0.00026432477181044284,0.003704748782120983,0.004767455024547831,0.005763452338982605,-0.002260442627270112,-5.213894486620834e-08,-0.0016767816968542928,-1.0466317791147337e-07,-0.0009675750376164582,-1.0222311396333876e-08,-7.476732166213984e-09,-1.2860961774352777e-07,-0.002329076492170803,-0.0008374999119500019,0.004860526762026989,0.0007030918801412677,0.0004350462434743463,0.004066556076898381,-2.5316852169513607e-09,0.00024182985933345332,0.0057581193319590435,0.0035135096944424573,0.013412236383280996,0.007932679142013122,-1.341637948741555e-05,0.012413202592338952,0.005601046953929118,0.0038509181595486057,0.0004878299492298703,0.00034716994684248493,-0.005477171078450817,-0.00020166017993964512,0.00010494129961645645,0.0008042115877940561,0.0024771601906635222,0.013452571550623252,-0.0015868995013523306
ta47.pt,0.004273840667122418,0.0003042561546153234,6.748563621426458e-05,-0.0004250993725143682,-0.0002726491172669297,-0.00028920412388088324,8.978980955802368e-05,-0.00036175166166327316,-0.0010257034415575292,-0.0029573425597082055,-0.0001237872364472414,0.0005571156955352682,0.00047115509549780927,0.0003879408744523722,-1.3427996279530413e-05,0.0001059122683297983,-2.1483578601184946e-05,0.001209943841478196,-0.0017341877604969305,0.0005507238923249762,-0.004454828471346916,-0.008070235461140341,-0.0020403746709147233,-0.007638888445852553,0.00049167588470633,0.005234986115815807,0.010117866335419636,0.004296965973467081,0.0003136709481022582,0.0037306094742873695,0.004706352958848351,0.005778353153005379,-0.0022561159724346943,-5.169793744407613e-08,-0.0019342776688908085,-1.1002573021245277e-07,-0.0012202414979032605,-9.432450523736435e-09,-7.59684319039587e-09,-1.1574517600001722e-07,-0.002595587724682794,-0.0007796684925090593,0.00485456576014121,0.0005375682363701112,0.00039173165299661466,0.003951672163678077,-2.5316852169513607e-09,0.00020216043070439042,0.005759896809244532,0.0034090532398129533,0.013371913516956864,0.007722070930214247,0.00010249025418803812,0.012246579530980605,0.005655655699000989,0.003738181072954994,0.0004249561796238877,0.000966616135821254,-0.005683572413391671,-0.0003616794992005186,0.00044026543335064016,0.0015134120825812422,0.0019183788654978402,0.01326034331530751,-0.0015811915302516837
ta48.pt,0.004260630702911783,0.00032137804720871544,6.736597061950547e-05,-0.0003586210745708398,-0.000238220525609459,-0.00030031841909020665,9.04421908625851e-05,-0.0002940797799790764,-0.0006390276218913535,-0.0029556284757585745,-0.0001507096814400982,0.0005211196883195566,0.00043034540042605364,0.0003564075251870707,-3.8709678070912575e-05,9.338489458389104e-05,-3.170035967756847e-05,0.001197171741450442,-0.0012923289321870926,0.0007393980092020292,-0.004428046195788871,-0.008120320540643966,-0.0020103686989314815,-0.0076732600031263675,0.0004929617813796486,0.0052397219392895985,0.01008721373259693,0.004273733827914632,0.0003001323314375925,0.0036748608677060965,0.004727317847157952,0.005715440944365907,-0.0022930673748528117,-5.187909729917577e-08,-0.0018299709126863288,-1.072670470535197e-07,-0.0012939185224396246,-8.349141828459403e-09,-7.288645516208023e-09,-1.1611889855632569e-07,-0.002434725629384223,-0.0007786940629010921,0.004858892780365178,0.0006192553986477053,0.00041001841139147845,0.0040331708531370055,-2.5316852169513607e-09,0.0001640113606961152,0.005761377756137121,0.003430533696226736,0.013327326244752042,0.0077630929739103335,2.177518735086354e-05,0.012271196149135511,0.005598499172742406,0.003754541259453132,0.00043008080524174405,0.00030146620861888884,-0.0054369493182096894,-0.000210060850667203,0.00037668270242046824,0.0007891079089365909,0.002063660803205387,0.013339640312173653,-0.0016425684730604264
ta49.pt,0.004291492023770574,0.0003345813313185685,6.764225039427828e-05,-0.00041708013789336416,-0.0002285063343410376,-0.00028264230861401,9.063700025739207e-05,-0.0002988523340025934,-0.00046878702269184626,-0.002998754793107097,-0.00015216251612317055,0.0004949949696917549,0.00039825341322967156,0.0003510425061776255,-3.676424314574225e-05,9.436592159711786e-05,-2.689065466875014e-05,0.0011677997130534158,-0.0015382151373164049,0.000876294389992143,-0.0043686496656366244,-0.008157438731946244,-0.0021049311745287326,-0.007649367974910334,0.0004961822131033338,0.005278530776644721,0.010017348877617476,0.004263628931039519,0.00030657269218710756,0.003681558406833941,0.00474267235395054,0.005679233274471661,-0.0023229405841312203,-5.414173539578436e-08,-0.0018091726068907468,-1.072670470535197e-07,-0.0013300984918174557,-9.477994123267208e-09,-8.029848660772191e-09,-1.1667861462037734e-07,-0.0023866516825607116,-0.0007795808485771979,0.00487285648515369,0.0005855159624072023,0.00041864632514969786,0.004034101597506634,-2.5316852169513607e-09,0.00014801226140348107,0.005750517122973984,0.003451053868245437,0.013292245614919778,0.007739192668419602,-9.94544689494993e-05,0.012233237830399408,0.005570679600596433,0.0037228904479211867,0.0004610584020499272,0.0002665623269448691,-0.005521162196198265,-0.00025875029257648406,0.00029201352219669266,0.000839772263778587,0.001990667239247547,0.013483489493232517,-0.001589969675336041
ta50.pt,0.00431777946083668,0.0003265819364005698,6.743736555851205e-05,-0.00042770733418571484,-0.0003118852325218521,-0.000255701114051605,9.058502950408743e-05,-0.00039006803500019993,-0.00012840762325334404,-0.002936735776412137,-3.761195256644829e-05,0.00038584695916059927,0.0004524082086544737,0.00045365972165274464,1.2678025631378323e-05,9.914085568632134e-05,-3.427771127224636e-05,0.0012599092774956244,0.000767788789938525,0.0006489064507757513,-0.004012577773498293,-0.007724867034697758,-0.0019517110680134383,-0.007379672736279887,0.0005186712484845091,0.005300277657698106,0.010185765199934202,0.004360886052062483,0.00025290018020473207,0.0037410444200421536,0.004757665970876166,0.005831063741011973,-0.00214972394425362,-5.169726530948194e-08,-0.0015526607271469023,-1.0904559095644241e-07,-0.0009541166733263111,-9.832075323249454e-09,-7.258262377075436e-09,-1.184566084053345e-07,-0.002096611803831857,-0.0007502182202715125,0.00490447052953115,0.0006198851684267546,0.00040129468845916577,0.00399321812125408,-2.5316852169513607e-09,0.0002561504323527586,0.005758591071374021,0.003534242062237561,0.013377384153060688,0.00791795467784313,0.00023979670680073523,0.012274021200005774,0.005598484495306714,0.0037706653334771746,0.0004418870596870936,0.0005010014176006121,-0.005352516621296081,-0.00024429858667371205,0.00015351938518908993,0.0006872882298160609,0.0018558010591998512,0.013310657206373373,-0.0013665640332998648
ta51.pt,0.004939298767215266,-0.00021177808540068894,6.399802790278111e-05,-0.0009245184017111827,-0.0004137270890883541,0.0003066445048844096,9.13521872609265e-05,-0.00023413010929632623,-0.0010504196911513865,-0.0007022647142329873,-0.0002981017979768117,-0.0006738153070710483,0.00021383833550157354,8.629150622359446e-05,-0.000613748676285296,1.4801582536371369e-05,-0.00016648360166241237,0.0003263998395890496,-0.0030610973059538244,0.0006729363914809279,-0.0031493429040762417,0.01558171324925345,-0.00016272846395494833,0.012332924901412743,-0.0007041282341179489,0.0064421736831139055,0.0125338915639189,0.0052884917095119485,0.0008872732054854607,0.004484046340836322,0.005703671504544529,0.006748058649072759,-0.001568283610923321,-5.055649827002588e-08,-0.0006066030906421532,-1.1206747583359633e-07,-0.0007738041888866932,-9.95786278356706e-09,-7.600456293794377e-09,-1.2612328132434992e-07,-0.0014720781189318617,0.00045107233188217084,0.005908495865050432,-0.00023403652272581822,0.0007915145006388667,0.004852377422904813,-2.5766316673333403e-09,-6.197244743197909e-06,0.006773346687300672,0.005484153109887182,0.014993603235953643,0.007314291872800545,0.00035931023584649105,0.01400025145070353,0.0057281139713122,0.004175279336007734,-0.0005549843147686261,-0.0007303597637320696,-0.002087504032109017,-0.00030995843050756085,0.0007378791932924556,-0.0002803841116231362,0.0031204792376879733,0.014936342130974799,-8.33849675073043e-05
ta52.pt,0.004936900550154729,-0.0002010769078916093,6.382152696281309e-05,-0.0008354224508953979,-0.00042371762075930794,0.0003347819413997403,9.14302292636457e-05,-0.0002468367881177816,-0.0010425110075728246,-0.0006939624397809151,-0.00028038442735331604,-0.000665045836288833,0.00022040519513914547,0.0001305822510601361,-0.0005868200828207911,3.377799101652881e-05,-0.0001595979468218204,0.00029267009627466915,-0.002921859394396552,0.0005126990985299516,-0.0030650379050437336,0.015539715954653737,-0.00018839509542638877,0.012441816930457724,-0.0006820165627447178,0.006479888431979872,0.012517613119345794,0.005279129474167059,0.0008829199172204834,0.004498886517223285,0.0056846897969392565,0.006720904521712405,-0.001533263509742412,-5.430472781251988e-08,-0.0005764329124342854,-1.1361784570502313e-07,-0.0007618738104629229,-9.491460024719568e-09,-7.779665592677273e-09,-1.2293220801325841e-07,-0.0014497223817979434,0.00045762657628027614,0.005919318390484931,-0.0001675456326378732,0.0008279409766446018,0.0048386143129472,-2.5981430525214455e-09,1.3341437561189226e-05,0.006765333021289977,0.005473044557625692,0.014967036558694333,0.0073245064946091155,0.0004167507727242389,0.013963189659665483,0.005725467372082115,0.004131271047384713,-0.0005632742019228042,-0.0007218935762200687,-0.002027455076262048,-0.0002414956257148709,0.0007223288095716915,-0.0003222045758165689,0.003138280259046751,0.0148039040470419,-7.27536528293161e-05
ta53.pt,0.0049811306037324116,-0.0001850666441493052,6.387195924874799e-05,-0.000910573969563661,-0.00041571511557910384,0.0002940966518389308,9.128509696270488e-05,-0.0002446566303956978,-0.00031321828042215857,-0.0006637162647885022,-0.0003006573394559131,-0.0007126929061910557,0.00021733645436752526,4.823341996276773e-05,-0.0005818138425354069,1.6782870401636267e-05,-0.00015881180562762906,0.00027274964071759234,-0.0029813957845251453,0.000769337242864749,-0.0030087753980044198,0.015535697626929858,-6.111097136242053e-05,0.012320582858933312,-0.0007547630607403761,0.006424093132590723,0.012562296078596357,0.0053482317842664445,0.0008953142210895338,0.004512959237907198,0.0057303406785604175,0.006743321293705656,-0.001442115168571928,-5.501834996968411e-08,-0.0005203085196570055,-1.095391966097924e-07,-0.0006353692086440399,-9.23809265029124e-09,-7.602164532810695e-09,-1.2602821065566096e-07,-0.0015099634221092284,0.0004690089344705133,0.005943240576436501,-0.00031987378112762794,0.000786830647819075,0.004852005278197615,-2.5766316673333403e-09,-1.899262097446121e-05,0.006810113824566238,0.0055101533593632955,0.015018788397822683,0.00731645355082291,0.00038551598124560437,0.014098089243168865,0.005748296649158031,0.004130544401780726,-0.0005614789542521421,-0.0007446528215768592,-0.0018225090745239317,-0.00025203169936974864,0.0007229573015469071,-0.00031579512967106095,0.003262008594632783,0.0147636720697887,-3.225557534156262e-05
ta54.pt,0.005041238215164928,-0.00027094837555502254,6.398766486755716e-05,-0.0008442945631745248,-0.0004350857690644014,0.00026306589368235847,9.12025688615765e-05,-0.00023828672144307665,-0.00022683937012992262,-0.0006121239383280566,-0.00028466327992156173,-0.0007266092158950004,0.00022513691828085033,1.7043889814126355e-05,-0.0005759108549276736,1.8390485051581547e-05,-0.00016303066874742266,0.0003628851312306273,-0.0029190981725364675,0.0008466122337820712,-0.003124306303281315,0.015453501352271122,-0.00023622078760446064,0.012419673903215755,-0.0007405875771687568,0.006465985299110647,0.012530644861727058,0.00537556091418055,0.0008797816798044508,0.004491444466482788,0.005727474510061698,0.006800563789079697,-0.001438194918991281,-5.443195179629809e-08,-0.0006238423347101486,-1.0926838330216594e-07,-0.0006302726858863994,-8.974545128561211e-09,-7.81447625369916e-09,-1.3577462031266525e-07,-0.0016015337622710326,0.0002459732712653435,0.005955734209045575,-0.00011175046680744099,0.0008172051559210614,0.004883595160728004,-2.584697512106231e-09,4.2527982665980116e-05,0.006729751800455756,0.005624264113300216,0.014938925925392529,0.00732885573214518,0.00046142375528013545,0.013998658144766573,0.00573598916882663,0.004169319966789861,-0.000611244694930584,0.0002110597719869727,-0.002479085916724437,-0.00021015185808501532,0.0007542391214049413,0.00039293016688872527,0.0031524061481868885,0.014750547753916026,-7.408803995373409e-05
ta55.pt,0.004965779172780932,-0.0001950871877701967,6.390722431336806e-05,-0.0009030490820142742,-0.0004043839506170263,0.0003292367531016647,9.143721706299603e-05,-0.00022982513644300708,-0.001039686822732651,-0.0006599994071331789,-0.00030814773704915,-0.0007123156232606309,0.0002467368779016633,5.587555686168421e-05,-0.0005834186593954648,1.6459945067366795e-05,-0.0001675728762387728,0.0002567429164905613,-0.002911193208580472,0.0009064623352601665,-0.0031451689984411525,0.015468692665818611,-0.0001741129761635683,0.012366808259987486,-0.0007256531061601751,0.006418510876561418,0.012519636816013736,0.005339750035055749,0.000864650813998091,0.004443150840629981,0.005708588417111663,0.006728148211935031,-0.0015489849510660768,-5.502005329996453e-08,-0.0006641268285570858,-1.0920068182068033e-07,-0.0007130965499460247,-9.36762687812367e-09,-7.791186299706543e-09,-1.2634143038842112e-07,-0.001578264640597428,0.00043637174881500546,0.005901800367070535,-0.00016862109579466662,0.000825499340807251,0.004835006445113675,-2.584697512106231e-09,3.518742377694023e-05,0.006774997293467781,0.0054645553584762654,0.014963920856951663,0.0073322747487058835,0.000417289134286853,0.014020996362574843,0.0057317746809356016,0.004120995061100994,-0.0005499211271542374,-0.0007322304120170063,-0.0025579826080282314,-0.0002646659315591192,0.000747886328351526,-0.0003544387348393271,0.0032486354201723537,0.014758500862692418,-8.186151837693076e-05
ta56.pt,0.004932673622745976,-0.00019981384805000996,6.397264709703449e-05,-0.0009666361424383393,-0.00041673996512831023,0.00032869548394086497,9.146287119773011e-05,-0.00023019052998176352,-0.0007614505217436993,-0.0007243189669983938,-0.00025593420281648196,-0.0006606803916708101,0.0002184861186807869,0.00016433183842181186,-0.0005976012045567222,2.3663690479319707e-05,-0.00017189159815309715,0.0003530647909970848,-0.003050896489503217,0.0004132706661817109,-0.0030557697787220086,0.01558649715031319,-0.00020572136212725515,0.012425478107065737,-0.0006392555659980214,0.0064128957202957805,0.012520240578942894,0.005252931329648834,0.0008610250415318122,0.00451769572707597,0.005687104181944573,0.006736873313475017,-0.0015095370304897572,-5.491974530495513e-08,-0.0006180251011934384,-1.1106963421957434e-07,-0.0008176706748487443,-1.0474595575153168e-08,-7.612471949441089e-09,-1.261391900386105e-07,-0.0014376379336662418,0.0005427306412915544,0.005924995139402912,-0.00019047917267754735,0.0007889526589943259,0.0048526312149956,-2.5766316673333403e-09,2.5194447853026564e-06,0.006777875127924016,0.0054715890160136095,0.014984049858366216,0.007322200836848408,0.0004811974276010829,0.014020545342237832,0.005735159081147351,0.004164785868857207,-0.0005606313514856157,-0.0007247443147314004,-0.0021061253384347524,-0.0003531837903651814,0.0008101957171256987,-0.0003041353699853183,0.0030540821285926674,0.014910756920396994,-5.956090141904257e-05
ta57.pt,0.005033129076356175,-0.00026959198763437154,6.363710239996268e-05,-0.0010271456066302917,-5.8897931908741956e-05,0.0001986090565996544,9.126305960023695e-05,-0.0002143633092166299,0.002191532452214963,-0.0009157925223576794,-0.0003095919990344027,-0.0006157593122943234,0.00019993419242080526,0.00020953293144514788,-0.000617613941314267,1.1164226948367038e-05,-0.00014749010529596234,0.0001985610668726753,-0.0031378259516853194,-0.0015719247530018305,-0.003582958272921164,0.014966921812934228,-0.0007518186997309996,0.012411323562187486,-0.0006826622283863452,0.006434164581643311,0.012544409210360865,0.005284379694788698,0.0007145038643414332,0.004614429025393128,0.005641373061026218,0.006787174241211494,-0.0015823149334978424,-4.236148889401208e-08,-0.0007368937989986218,-1.0866864311871342e-07,-0.0011038295100844898,-1.5546304376026162e-08,-8.487285198908692e-09,-1.3668541600026894e-07,-0.0016392754308582932,0.00012861687335311407,0.00592041022930479,-8.547025613359534e-05,0.0007444162030731439,0.004906306954484257,-2.603337769669825e-09,-4.399751530237799e-05,0.006682812576419865,0.005611243703525255,0.01494151553665378,0.007253512446143575,0.00038037873056200624,0.014080732414374787,0.005769684481699457,0.004134373687730709,-0.0007225550039338591,0.00016794224356763812,-0.0024534129070753713,-0.00033604588802675016,0.0008005888151827076,0.0004311990632989556,0.00333588956983874,0.014842905381711713,-0.00024502000586335243
ta58.pt,0.004930466226369225,-0.0003425064769747202,6.475735388100775e-05,-0.0010087276677842336,0.00010754127316396665,0.0002510790617529419,9.156631427516114e-05,-0.0001749481145010771,0.0006570905354639588,-0.0008096868150904181,-0.0003426762592250891,-0.000566376985537007,0.00019612269928224104,0.00013197638046473013,-0.0006355243272892963,1.552409528657122e-05,-0.00016482996079112756,0.00013651439216867212,-0.0018138250019964198,-0.0016439103469116686,-0.0033986881309912074,0.015077955375746648,-0.0006966063435935943,0.012339202379116862,-0.0006726385874223731,0.006360458967529896,0.012467926021371374,0.005154835772548054,0.0007888469099516911,0.0046030940691466175,0.005629839643310195,0.006731869412029349,-0.0017691605336490827,-4.079463152610581e-08,-0.0007432045615825607,-1.0770108253280156e-07,-0.0008468208436877729,-1.4846305978623914e-08,-9.210536612739917e-09,-1.294709138200895e-07,-0.0017371878271987115,2.152979431942283e-05,0.005938884464999238,-0.0001556492848382032,0.0007863137388296711,0.004837573835734778,-2.603337769669825e-09,-7.431535473900776e-05,0.00675322948114533,0.005558620643408655,0.014911280501041463,0.007300918695686541,0.0003210856218709151,0.014083754345153124,0.005672284176113023,0.004214332274876243,-0.0006694998176688815,-0.00014500174873155206,-0.002086925973997022,-0.00036711937225026057,0.0009009473820733983,5.315023941891861e-05,0.003220822978805932,0.014881838184568915,-0.00033222326791206773
ta59.pt,0.0049709596185304634,-0.00018414553153140052,6.399750941285789e-05,-0.0009635641544447156,-0.00040260127007921484,0.0003347063164505637,9.148574088113336e-05,-0.000231936801984795,-0.00023436584763094202,-0.0006071738241382566,-0.0003095106237777196,-0.0007536481327974666,0.00023201320539568477,6.386100457214283e-05,-0.0005844237890049407,1.9080584995311616e-05,-0.00015628181535965775,0.0002759822886941669,-0.0029403653672138686,0.0006735409274677702,-0.003058894055429496,0.015512284984047936,-0.00010398006602956722,0.012315720889601454,-0.000747330775766711,0.006375663040045046,0.012517907428211987,0.005343401487091273,0.0008302608247966295,0.0044666714474919525,0.0057433939778538225,0.006713083958773065,-0.001494989761914678,-5.4638485953532155e-08,-0.0006615488883125291,-1.091894227489693e-07,-0.0006753364462421207,-9.106481448854306e-09,-7.791186299706543e-09,-1.2625435718262193e-07,-0.0015534921673038818,0.0004289982009036577,0.005902851651860237,-0.0001569376904337718,0.0008420625945917188,0.0048140474509095615,-2.584697512106231e-09,4.4444105324774276e-05,0.006793761657975631,0.005455997506793706,0.014952770333731992,0.007382991195850231,0.00045685114315787285,0.013977061351527762,0.0056885680636717785,0.004130231337099405,-0.0005592048657141388,-0.0007335818544287149,-0.00249449805248562,-0.00025805521956706736,0.0007151523563862666,-0.0003097612817124026,0.0031708795612715303,0.014696899064779658,-8.429592779852784e-05
ta60.pt,0.005042779582035244,-0.00025807686938161643,6.386475685296956e-05,-0.0009652834539727724,-0.00044811465703765546,0.00023681854163851737,9.115674795756915e-05,-0.00024751850221004613,0.000621382393612166,-0.0005975844754492508,-0.0002633417503117124,-0.0006468056157962444,0.0002084922799178758,0.00012712069168521173,-0.0005781068611180135,2.5671214300494666e-05,-0.0001565307864091504,0.00037090654120134747,-0.003005339600988162,0.0003128188894280657,-0.003265288406886716,0.015408679033133149,-0.0004210250595816465,0.012549223607854446,-0.0006824084361373418,0.0064841963431445234,0.012591971993209284,0.005301713327684343,0.0008439078303129157,0.004582535750072762,0.005683064306033996,0.006788909878724074,-0.00148936856462907,-5.454023870594948e-08,-0.0006987733977428908,-1.1144946808226764e-07,-0.0007983925873041959,-1.041314801138986e-08,-7.166709163414904e-09,-1.2649182480751014e-07,-0.0014718322614431405,0.00020963216547741103,0.005974790850186118,-0.00012640304304424084,0.0008132017648208339,0.004889337610278238,-2.584697512106231e-09,0.00010259524147900078,0.006796070979422628,0.005605954345167108,0.015022951397915716,0.007303565628210095,0.00041066254836988775,0.014067558342008376,0.005796524866236941,0.004179314857459504,-0.0006402376450967316,0.00027696591868024364,-0.0019427738666798566,-0.00032841289069122204,0.0007875812173282065,0.00042427644522580844,0.0031932853357692155,0.014984676337917998,-0.00023947269446186666
ta61.pt,0.00542661139432316,9.917670863934092e-05,6.408800612287448e-05,-0.002819392641243951,-0.0003275158553850675,0.0012012163949963013,9.025120678262248e-05,-0.0003764513816281405,-0.0017048002972599712,-0.0021320092145158203,-0.0002630930460121652,0.00011022700299128678,0.0002856142574270027,0.0004159986965285998,-0.00020319421440173602,0.00017351842182928702,-0.00029671694854908616,0.00015743207690226238,-0.0005571816090718971,0.0004148054890810312,0.00352161377559355,0.019923443265389494,0.001698294891524787,0.017956130721589435,0.00035716330492208744,0.007002298978095718,0.013976758844848731,0.005583362071779646,0.0008621817434840962,0.0049573696813714745,0.006275579076604257,0.007565104180065631,0.002081018601170364,-4.89109119229356e-08,0.003359151231311929,-1.0665470151246929e-07,0.001149633036023507,-9.635911502359653e-09,-8.12887246932696e-09,-1.0592591764570416e-07,0.0024811168054250667,0.0025752792771187687,0.006802975287185932,0.0005836038523206096,0.0011883181993670635,0.005354758728647095,-2.5192893857763693e-09,0.000522297051873444,0.007166643492457175,0.006076673089322866,0.016716554536476077,0.0089595930113396,0.0009135981874650965,0.015563452643461057,0.006446526720742388,0.005145528386474625,0.000413068305392092,0.0005197988312521332,0.005689390715813495,-0.002857435046347493,0.0012716311071848815,0.00026119329004352485,0.0037406277775124215,0.01651941732025202,0.003937263983674042
ta62.pt,0.005345738045833723,5.315919788945155e-05,6.384209189988029e-05,-0.002890967187370371,0.000600377966853613,0.0011679575922383858,8.855559310890195e-05,-0.00037740470976006416,-0.0013868247411427544,-0.002207162195659242,-0.0002831404688480594,2.1383777246801275e-05,0.000330798294829686,0.00037784698760385854,-0.00020242108430244062,0.00015566297445423403,-0.00030246204369909093,0.0002103150139150407,-0.0005523501468481545,0.0006991297009511937,0.0031586178324069835,0.02006911168794552,0.0015048160160204003,0.017971783586129778,0.00042847664062833793,0.00707233639735681,0.014085145797895353,0.0055536246953184635,0.0007977288150143933,0.005013451660777594,0.006284357247637365,0.007596647937082031,0.0018232220775285623,-4.891144262092909e-08,0.0033661218134467467,-1.0633715084439082e-07,0.0010572159220414478,-1.0334459322620012e-08,-8.754086223462997e-09,-1.0784288698079732e-07,0.0023411595934697393,0.002309269637838349,0.006866388402364073,0.000573304691615057,0.0012209509232550323,0.005357316267565354,-2.5192893857763693e-09,0.0004931048083401358,0.007171976537611481,0.006205409653240219,0.016714940823722848,0.008890702166403842,0.0009612189011137795,0.015476130610749313,0.006520455800353809,0.005229262900688515,0.0004138924591037591,0.0009329403104353951,0.006047190248529735,-0.0027768662173496203,0.001181516490221641,0.0008885635415607843,0.003774248780258432,0.01660424913349087,0.003848616031290525
ta63.pt,0.005397568705773543,0.00014401984110400953,6.310643796622724e-05,-0.0025914065219664432,-0.0005376963062494949,0.001244807241783992,9.027815370578866e-05,-0.00033150692503244677,-0.0012629080900614478,-0.0018334864419763664,-0.0003372855730749423,0.00019944863481186054,0.0002518882668502295,0.0003557024698703114,-0.00014747339257903088,0.00018635067400058094,-0.00030874450890907407,0.00028913876722201095,-0.0024189230241761592,0.000516197550115129,0.003820365926194832,0.020339047665816415,0.0019004745791887036,0.018284843144446863,0.0003837808867159999,0.007008487575226646,0.013843187226965259,0.005618138490862231,0.0008159542888390501,0.004996180238141948,0.006268124523743922,0.007505954995133637,0.002283399688922782,-5.2305259889391745e-08,0.0036831964711135706,-1.0845548674909752e-07,0.001484020066660829,-9.28769859022656e-09,-8.411945262425174e-09,-1.0207649213879613e-07,0.0030169425963475307,0.0029327144601724716,0.006735065943247751,0.0005862714426315157,0.0011971225414379664,0.005277054239321095,-2.52735523054926e-09,0.0004863176449868478,0.007104238217209975,0.006160604674110175,0.01641368885092309,0.008841660031464063,0.0010137782152275646,0.015477619249851188,0.006508685368428423,0.0051374842545701405,0.0003751457771333348,0.0005411856940196285,7.591605246487216e-05,-0.0024708982854428556,0.0013796361931934205,0.00038868039206700985,0.003630830837852349,0.016239518793199167,0.004156869912439112
ta64.pt,0.005400260263046812,0.00014621664297592154,6.332837269311355e-05,-0.002593945922642235,-0.0005555592903776117,0.0012450548461927096,8.99918348911639e-05,-0.00032583876871926663,-0.001280551096912454,-0.0018498717141482862,-0.00032670212417190616,0.00015437098242882365,0.00026288015528717207,0.00037273909173035175,-0.0001385290144167797,0.000196190881116233,-0.0002911257548346842,0.00027833891866372055,-0.0023935797275151586,0.0005409867375987613,0.003745060043401887,0.020281218898965753,0.0018912822374915904,0.018263090490090846,0.0003929134867088126,0.007006006529469754,0.013817210450644444,0.0056027685947872535,0.0008205985411807522,0.004998274483728431,0.006288028417953941,0.0074924994885291266,0.002320307090060432,-5.258757578616997e-08,0.003642892819005887,-1.1205921005431225e-07,0.0014673602327510626,-9.662657862083848e-09,-8.864318870125963e-09,-1.0682977040538238e-07,0.0029829248510143333,0.0029283321082696117,0.0066893841164783144,0.0005682937016466006,0.0011926503685433909,0.0052664805834374655,-2.906078020346631e-09,0.0004512105425727731,0.007094134444684443,0.006166653034341571,0.016385884585100943,0.008859261075313898,0.0010089483015290723,0.01547778986491292,0.006501663864445213,0.005115982673354086,0.0003790328505304418,0.0005010176478517865,6.867244540071828e-05,-0.0024797881650460937,0.0013608971284832124,0.0003852255288663289,0.0036225784406047545,0.016224591537155025,0.004157462003278237
ta65.pt,0.005369355560853261,0.00012575108621138884,6.288415507720362e-05,-0.002591356711839467,-0.0005236219853191096,0.0012682745518029588,9.021526867493738e-05,-0.0003503163018771808,-0.001378704771559386,-0.0019284698230702436,-0.00032848215040723214,0.00016334057807889627,0.0002569720126682261,0.00035702640718776623,-0.00014463370256105552,0.00017725175550342508,-0.0003078997451846918,0.0002502876212582623,-0.0023578512888386485,0.0003018385035489242,0.003948742072401906,0.020350133660521727,0.0019660853120888216,0.018323647227444284,0.00039207282870558314,0.00699836023627872,0.013872873170571608,0.005601072460480956,0.0008259457136972907,0.004994801031709552,0.006248939954857729,0.007513934014385102,0.0023563024986824875,-5.22275661174517e-08,0.0036601986847968823,-1.1032216454820086e-07,0.0013554202010287006,-9.51194244591908e-09,-8.278054189969948e-09,-1.0213798345086303e-07,0.0030148511504628013,0.002942531816266862,0.00675629221247928,0.0005842813999808318,0.0011989403686545265,0.005259138729157676,-2.549288342024435e-09,0.0004978641354492716,0.007100486990311351,0.006155211430835753,0.01638297492309125,0.008827890232033533,0.001004183027691679,0.015348312250367724,0.006537337140864131,0.00513241399363195,0.00038899583173747127,0.0004986496108567894,4.272221906657376e-05,-0.0025421771791438947,0.0013688941302770344,0.00036448692854868696,0.0036371164388205634,0.01624446825450667,0.00424393618380732
ta66.pt,0.0054186834507092205,0.0001288438827618631,6.383376323438555e-05,-0.0027674938510093045,-0.0005567719819630613,0.001214814122903868,9.012917192081698e-05,-0.00039494037569984323,0.0005319363280786904,-0.0021157582580565494,-0.0003039536702607497,0.00024566066776504175,0.00026911674398316947,0.00038502533832885657,-0.0001647487127093464,0.00019426650596485445,-0.0003072137212669673,0.0002639079037497396,-0.0013908361412403305,0.0008818096280797718,0.0035757279410335934,0.020256303160594825,0.0013820564153781884,0.01813029833237443,0.0004692381996166481,0.007030994900973576,0.013977253571218849,0.005614174342030458,0.0008517596381051368,0.005050676719177691,0.0063329908662246885,0.00761763642326039,0.002109911500257472,-5.216954443732328e-08,0.0034009325175296287,-1.099695080470138e-07,0.0012376936846219514,-1.0363047262555852e-08,-7.488554171412946e-09,-1.0617241351982937e-07,0.0026386528990768004,0.00262847093714656,0.006789102892486188,0.0005603678022755991,0.0012503943289414756,0.005359508513924005,-2.52735523054926e-09,0.00048125426449944375,0.00723448783760643,0.006074274686423728,0.016731367013756788,0.008907286361468269,0.0008865969804484733,0.015480708850551318,0.006520609939573328,0.005223912507028175,0.0004721571141930789,0.000526892539868973,0.005120017283571704,-0.0027647271635474462,0.00143577724883422,0.00032344595423183304,0.003747500753806833,0.016539937694110447,0.004086227741444351
ta67.pt,0.005404388246093976,0.00010961627942794418,6.411737226181215e-05,-0.00265870548514084,-0.0005408104065209599,0.001259284114816732,9.041254977652829e-05,-0.00038202595353875466,-0.0012666667936297575,-0.0019786577777324427,-0.0003497101147912284,0.00017145643487396112,0.00024395961903279716,0.0003713053933066595,-0.00015351200106301013,0.00018429094399206088,-0.00030386359100638053,0.0002667660946354645,-0.0016544841750200032,0.0005094870538821122,0.003760904373079372,0.020306809949822882,0.0017060104939303326,0.0181198153947834,0.00037213656823235236,0.007035788297197139,0.013799882690099994,0.005635280971826524,0.0008339314009341168,0.00499202412401099,0.0062767640830224776,0.007490749964636874,0.0022878917122863525,-5.298894256656456e-08,0.003497851161571989,-1.0528154888801051e-07,0.001411477691633878,-9.163316524638555e-09,-8.494738810956456e-09,-1.0544750767043848e-07,0.0027904559297290865,0.002730905522616696,0.0067420478798563225,0.0005798024034509686,0.0012232808141298614,0.005259751955385698,-2.52735523054926e-09,0.0004852010951704295,0.0071130128199176565,0.006131116774141699,0.016571183249380533,0.008836712891355411,0.0009998540997685958,0.015578595143091203,0.006506483144687927,0.005159112501209745,0.0004156881662905651,0.0005479587748164166,0.00153656897280681,-0.0024760935899278934,0.0014152061056619798,0.0003585912628550089,0.0036781306339274096,0.016246661277864033,0.0040677686657342865
ta68.pt,0.0054467884024376675,0.00011362868026925315,6.408015908486165e-05,-0.0027049656951573255,-0.0005968734298673387,0.001236669016864002,8.967977209795807e-05,-0.00035496198805837345,-0.0012925081701863899,-0.001966016711652237,-0.00035042410458099166,0.00011611172259638086,0.00024973793879438374,0.0003648788397341792,-0.00016301432881163898,0.00017888513611850104,-0.0002951606875200907,0.0002239948166140093,-0.001281389710141564,0.0005145771834547579,0.003146518868792675,0.020143194501720217,0.0016373025266825526,0.01803995675679087,0.00035871607779232236,0.0070384303403968375,0.01401253503120589,0.005581698467003848,0.0008318616588529088,0.004975551163122985,0.006283678138342643,0.007507044828172173,0.002198468046275052,-5.2150267788721905e-08,0.00337619243783243,-1.0895212122551917e-07,0.001297834511534707,-8.942237710642704e-09,-8.42739644020989e-09,-9.446892812782659e-08,0.002287505488371767,0.0026300291845813345,0.006745733385391342,0.000568577853036765,0.0012186406764237122,0.005306881556648221,-2.5192893857763693e-09,0.0004784503770620245,0.007148305809396582,0.006131282124195751,0.016671172615811,0.00888831086063748,0.0009609227998808467,0.015561260008864741,0.006547262355633503,0.005208191297555335,0.0004041581927866375,0.0009056171134696194,0.003292421694180892,-0.0025358411729966405,0.0014030048817403364,0.0010202798376432894,0.003689526133399851,0.01641115359511093,0.0039117856146152225
ta69.pt,0.00540109396397565,0.000164088014509734,6.4051356898451e-05,-0.0027968836585178913,-0.000582971658233031,0.0010772483675925155,8.959494178831104e-05,-0.0004039758187616924,0.0005614986066191065,-0.002167893759715686,-0.00030664895529130084,0.00011629022799763191,0.00027358373453220355,0.0004060378215419326,-0.0001349472805120655,0.0001856050603348523,-0.00027496630751956534,0.00022668162423834432,-0.001115295139638692,0.0008613166097903723,0.0031234577522090477,0.020099294119862204,0.0014866403305931297,0.018259824463355893,0.0005233627186153486,0.007083559327506212,0.014103841394808515,0.0055862162008690165,0.0008935233853195968,0.005078107882857835,0.006367750921753959,0.007641843132100803,0.0020703197881593387,-4.851838780294869e-08,0.0034780292210292558,-1.1009596602620368e-07,0.0010859920039515524,-1.0012059332178475e-08,-7.520363001289094e-09,-9.469047312263144e-08,0.002206316814381339,0.0025300545300769232,0.006838660177138356,0.0006016726656025217,0.0012458565390825241,0.0054067253563030585,-2.5192893857763693e-09,0.00046620236937821625,0.007239921467043303,0.006165973983085976,0.01677663456844997,0.008923751321919615,0.0009106995739061249,0.015610273542912324,0.0066671377358034824,0.0052535430255487015,0.0004594622938126401,0.0007415704076824477,0.005014707110702912,-0.002873649755878718,0.0012514990790504362,0.0008791202892846752,0.00476129599187335,0.01665046761061062,0.0038494230433158126
ta70.pt,0.005408049164625412,0.00014946368830369674,6.38731316950329e-05,-0.0028409100551421177,-0.0002252787474299342,0.0010261344782718186,9.017562287127003e-05,-0.0003797834090113338,0.0005331837719148428,-0.0022309484295679667,-0.00025752889442243665,0.0001616504265984972,0.0002783815503842935,0.00044400145992352154,-0.0001895277894411669,0.00018097252914388293,-0.000277982198167991,0.0002323311207266232,-0.0010452338978841215,0.0008717652886800289,0.0034479111542071185,0.020014856678807442,0.0015297458692725642,0.018123533160276987,0.0004991306429699581,0.007011823081077099,0.014049954049416936,0.0056116154885031905,0.0008602551471562042,0.005057249569242494,0.006348930129981885,0.007625299077564557,0.002098087293857854,-5.4776319354568765e-08,0.0035536908830152893,-1.0521488341418097e-07,0.0012466176975448968,-9.862806112184241e-09,-7.504210503377587e-09,-1.0601968232919005e-07,0.0026012420606666745,0.0026619445887376514,0.006858127985104463,0.0005840833208780642,0.0012267828059358812,0.005375486296364401,-2.5192893857763693e-09,0.0004970553444813488,0.007241383176660733,0.0061845661271050295,0.016751250455944344,0.008907333375350917,0.0009453452484721608,0.015512232047671768,0.006554828250095456,0.005243497322994837,0.000450252540649222,0.0004302721648241381,0.00550321027047242,-0.0028708084253299027,0.0012825418592425405,0.0003058324593978904,0.004615578987366793,0.016589375579603646,0.003971402777475541
ta71.pt,0.005896740285811045,1.3797140097217666e-05,6.419373035683806e-05,-0.003030986266421181,-0.0007576615041897299,-0.00016246823312625447,8.917115983792824e-05,-0.0005631445040094842,-0.0017135837046228287,-0.003835237611220382,-0.0008015518197656093,-0.0007390713487671445,0.00010973577454134185,0.00021091716061058462,-0.00033986255940836964,0.00021495460861790618,-0.0003900421736810721,-5.985294180511976e-05,-0.001431457668800448,0.0006191016186008599,0.016686239573482513,0.02346860524784249,0.011195220916933465,0.021591085708789922,-0.00039758166197260026,0.007907581487908506,0.015432472929659252,0.005944218727211215,0.001553460905820751,0.005343292161628742,0.006898045977302838,0.00841912843973353,0.011413292090721004,-5.205052633116363e-08,0.011641157069718546,-1.1057547338524674e-07,0.009439257986555363,-1.0025997455555385e-08,-7.551716536733582e-09,-1.0299438702130963e-07,0.013399886943321133,0.010320274536676034,0.007401006607797791,8.962036310097366e-05,0.0016276928881602307,0.005978261479582782,-2.5192893857763693e-09,0.000265644002722627,0.007525379035375759,0.0061720669472808505,0.01816885308861256,0.00934425509015454,0.006076652823531841,0.0167542425018696,0.007075987731121486,0.005145988917157854,0.00045535956104072296,0.0004989238492390164,0.018504519540395344,-0.0029278474584972024,0.0005611033952323851,0.0006892429463343905,0.004700888943940197,0.0192666990263418,0.012528679118814976
ta72.pt,0.005922380124835939,1.993872459910884e-05,6.338063121137685e-05,-0.0029787722706384402,-0.0007494950319416758,-0.00012639261425291382,8.976445315741321e-05,-0.0005443341882580152,-0.0018584142731555436,-0.003830426288177394,-0.0007294658366910264,-0.0006775924949676237,0.000107574645986404,0.00025204651172702666,-0.00032719519762233073,0.00022089079100236648,-0.00043869706863708776,-4.1875841655466596e-05,-0.002280666713495827,0.0009310156983743884,0.016800117516173003,0.02354355699605284,0.01123842069610873,0.021697901547569513,-0.00042599627451365117,0.007897412718590222,0.0154306308554136,0.005947941388551994,0.0015741126629504265,0.0053228311958588665,0.006960769028301715,0.00843098831477116,0.011366698870017122,-5.267301962958857e-08,0.011748029053671038,-1.0788206697870745e-07,0.009396005132480874,-1.0510778733747888e-08,-7.869748284029231e-09,-1.0980814785435278e-07,0.01355483292449868,0.01052614754243518,0.0073527303426228425,0.00011400762572561113,0.0016548857880070889,0.00598757460578953,-2.52735523054926e-09,0.00026844942367815384,0.007498800386001637,0.00614104166666209,0.01803756018403135,0.009338239516312935,0.006006077220571529,0.01686244838513462,0.007013120343364668,0.005148215255057682,0.00042614063766860546,-0.00025870992694779004,0.01894675164266725,-0.002842693934447528,0.000542597956970936,-0.0002996857752231222,0.00474051293689965,0.019194048550747175,0.012536346962111866
ta73.pt,0.005897009880244287,2.643064763290014e-06,6.41676370694266e-05,-0.0029964747956420265,-0.0007495974216506957,-0.00012724408317999774,8.976348948429523e-05,-0.0005626463610196198,-0.0017146095440787495,-0.0038310129238223055,-0.000736043654004265,-0.0006990571304267912,0.00010864103513211519,0.00022123604331719288,-0.0003482466499082233,0.00021579481588986942,-0.0004309958410506692,-4.965556511890574e-05,-0.0014634368854288687,0.0006114174725977995,0.016788452254046574,0.023498351162646536,0.01121490270054681,0.021596186572030728,-0.0004250615222681089,0.007901463691281444,0.015437927276462541,0.005929466769867948,0.0015543049331009243,0.005309359183466109,0.006897674407476853,0.008430940243483693,0.011467071805589564,-5.2930779681027676e-08,0.011672955412355591,-1.0776289369594565e-07,0.00930225506470299,-1.0350287106639429e-08,-7.427265986707138e-09,-1.1035859986460657e-07,0.01349530907338238,0.010427037038028724,0.007402318618687562,0.00010725863486334654,0.0016417002620565694,0.005974877525700629,-2.5192893857763693e-09,0.00027434189199973687,0.007486537560922181,0.006151720628678744,0.018093690726509012,0.009348103584877605,0.0060669080207916785,0.016746781615939035,0.007024741280470232,0.005138912484407996,0.00045346685140930544,-0.00026001208515568584,0.018742857374713224,-0.0028964453361621195,0.00055983869223773,-0.0003310743604595769,0.0047260984621801845,0.019167832721432486,0.012561682322966429
ta74.pt,0.0058969358818751405,2.5734179777624915e-06,6.407576177278119e-05,-0.002996089732792317,-0.0007496332583989418,-0.0001247846059391152,8.977688892462632e-05,-0.0005667576340788127,-0.001715193949297064,-0.0038252372688627333,-0.0007374879246995337,-0.000695748462072427,0.00010778753959255781,0.00022237937782198673,-0.0003490654408654715,0.00021533814937165364,-0.000431909192588331,-5.7798345661088244e-05,-0.0014317098708523503,0.0005159847415010251,0.016811732998869688,0.02349304988824911,0.01121433401362527,0.02163988504262487,-0.00042917176403649336,0.007903527960350381,0.015435390670918045,0.0059285068601334185,0.0015531530141516517,0.0053117129864622276,0.006896204610721989,0.00839977606296514,0.011458741714264352,-5.30625590153311e-08,0.011667399430620347,-1.0778436008830877e-07,0.00929866470296707,-1.034728315161776e-08,-7.586281068488255e-09,-1.1008164770231031e-07,0.013493209846759509,0.010427378512870334,0.007399960903816683,0.00010791405204874579,0.0016430092081927334,0.005975135085082125,-2.5192893857763693e-09,0.00028020237130163225,0.007480351753225943,0.006143801124655709,0.0180997469572047,0.00935078196791478,0.0060691214692049035,0.016751426501240563,0.007021161132335083,0.005141439136847525,0.0004493935180057622,-0.00026193470036729125,0.01876586107907979,-0.002889071251232197,0.000564739910380922,-0.0003313796384690265,0.004736532921242602,0.019179443587068967,0.012567816446712673
ta75.pt,0.005924763877327017,2.9199029306174772e-05,6.423690430771561e-05,-0.0030260075950615637,-0.0007551429511742986,-0.00016164337092934477,8.908274454239544e-05,-0.0005444855700133507,-0.0019322148586653869,-0.0038083779781129643,-0.0007996114706276058,-0.0007312968910110009,0.00010979331763732341,0.00023419903573155518,-0.00034106084169028444,0.00022266487706583938,-0.00038872594850483926,-5.326223176760879e-05,-0.0016190896245272008,0.0009482117945622242,0.016615464243204633,0.02350802198288252,0.011179076894890635,0.02160052566440732,-0.0003923734240477251,0.00790639361412504,0.015402514633333385,0.005961340517426171,0.0015662263062972469,0.005353709760849988,0.006945305828507699,0.008382057995288869,0.011293788728717407,-5.2184008995747424e-08,0.011655033880242317,-1.0743047605143988e-07,0.009509708629068848,-9.242834105910077e-09,-8.07089464075469e-09,-1.0278974782485674e-07,0.013480943400208733,0.01028721714418786,0.007401080469927844,9.672491302607313e-05,0.0016348208350223335,0.005976179584641188,-2.52735523054926e-09,0.0002683849653755988,0.007524610092284311,0.006169314367594158,0.01813682294988451,0.009365598234746133,0.005995012260654772,0.016886514002200315,0.007078525954334407,0.005152652503030823,0.0004461589100968491,0.0005013720787868405,0.018684014843616852,-0.002874151428113242,0.0005506663906638246,0.000687551660438799,0.00472530157436365,0.019272974423416685,0.0124647582160066
ta76.pt,0.005921658188731297,1.2140373786289129e-05,6.418294473863096e-05,-0.002987278385693647,-0.0007478122537186955,-0.0001188464793504472,8.971955442043781e-05,-0.0005622671700766835,-0.0019306263615505247,-0.003816113915432036,-0.0007380903958917848,-0.0007009128831772076,0.00010932615440410993,0.00022049811767757988,-0.00035740238010164514,0.00021602936342303173,-0.0004319466960453505,-5.326515534899723e-05,-0.0014619923977256242,0.0005453674721024482,0.016649779661143543,0.023506782634868117,0.011213376325428839,0.021606061244773545,-0.0004378782221244366,0.0078977101953434,0.015427048664000203,0.005942589267777596,0.0015536133571653662,0.0053184657728639435,0.006901643497661476,0.008427402852882201,0.011331050101586642,-5.2930779681027676e-08,0.011654427161507228,-1.0495011977520817e-07,0.009384104183749698,-1.0089043880617005e-08,-7.427265986707138e-09,-1.1037049790010237e-07,0.013484166080897994,0.010421021265257221,0.007397592008170792,0.00010236973444184733,0.0016315795280389203,0.0059571865219455785,-2.5192893857763693e-09,0.000280163556154589,0.0075001775071020915,0.00615871706313029,0.018112113691062495,0.009355222362150747,0.006012627721584565,0.016869921215060403,0.00703435447095089,0.005139010589899881,0.0004558076231209827,-0.00030323215106445187,0.018788275183369466,-0.0028618401544086057,0.0005625166720473823,-0.0003676098366657922,0.0047260996469160555,0.019143078316718107,0.01254301475663976
ta77.pt,0.005926145580670294,6.029452892015883e-06,6.41434218552187e-05,-0.0030111437689241613,-0.0004306123971875983,-0.00018239823798171586,8.982851487013975e-05,-0.0005408317069681213,0.0006151509192626214,-0.0037943753445906308,-0.0006976558440855129,-0.0006751604944573653,0.00011306413270627848,0.0002250754209158444,-0.00038046098870870817,0.0002187899444225931,-0.0004279081160591917,-3.2435133806119136e-05,-0.0011711183534784367,0.000682462320919056,0.016708262766930757,0.023288311757685646,0.011025380866604406,0.021499492645732768,-0.0002783119377014244,0.007887753824878734,0.015525717424526637,0.005917645215216352,0.001549281024021408,0.0053265103918126305,0.0069216670927941875,0.0084302674980083,0.011358926083442748,-5.291179668663206e-08,0.011635478779596609,-1.0451476178066755e-07,0.009258911005777777,-9.91695030283159e-09,-6.962435681396521e-09,-1.1046927189891574e-07,0.01340941115477675,0.010343168195539681,0.007391535349187933,9.674517891461626e-05,0.0016323867038924894,0.005971757747368704,-2.5192893857763693e-09,0.00028862539112860046,0.0075592929123468764,0.006189278553821984,0.018250967640980588,0.009314751907566766,0.006104214697117233,0.01678975020028974,0.007028685641236118,0.005155233019826687,0.0004536164609180024,-0.00027445104649665754,0.018772330346526717,-0.0028445716719358526,0.0005134563996128415,-0.00038553560667887245,0.004731153066087976,0.019151720421857275,0.012449510760970374
ta78.pt,0.005927322949415808,1.796706952929016e-05,6.414474567445523e-05,-0.002993803805491673,-0.0007489960854220324,-0.00012734654202517097,8.973710984821365e-05,-0.0005441317537285278,-0.0019321323619846964,-0.0038058454949416614,-0.00073352929907156,-0.0006953986196170825,0.00010210960968134451,0.00022850216993081714,-0.00034735261906333195,0.00022361437013323164,-0.0004324742482876622,-5.002452627304714e-05,-0.001459055900952251,0.0006520665995373827,0.016646670897521226,0.023522228812910346,0.011195131900371068,0.02161771824914865,-0.00043188021291285525,0.007899946453707531,0.015410601172200583,0.005946321628624646,0.00156783880429803,0.00532036132670772,0.006899054070220647,0.008394840539069493,0.011343833032008881,-5.3039326994590925e-08,0.01166514109684397,-1.046393627545019e-07,0.009363751454098082,-9.359299248798982e-09,-7.916338260005192e-09,-1.0977233372972357e-07,0.013498380929610209,0.010418806605355472,0.00740026607737113,0.00011539831226018995,0.0016535695230747644,0.005974200699397735,-2.52735523054926e-09,0.0002741087003448776,0.007482191228190378,0.006147950676974798,0.018112627937811123,0.009367310223313297,0.006007902696970925,0.01687744368921918,0.007034491982717769,0.005153609513749777,0.0004419561344990799,-0.00025749648086207977,0.018801745136719842,-0.0028448306902932614,0.0005468511525037109,-0.00033313764866644896,0.004748758212066242,0.019159408592904506,0.012589634088826265
ta79.pt,0.005929532035727383,1.433536075335287e-05,6.413888135156156e-05,-0.0029871802607876427,-0.0007474539073963956,-0.0001237749776092972,8.969941105282444e-05,-0.0005662055849954425,-0.0019336538531217152,-0.0038205143956869902,-0.0007383364110164762,-0.0006997295064077145,0.00010824104334605164,0.0002272437215659252,-0.000347600087827327,0.0002169814171922953,-0.0004307780400798052,-4.8699656843992374e-05,-0.0014094380110230111,0.000598009380269087,0.016629304070810893,0.023499502492115854,0.011205967613678685,0.021580036501084632,-0.0004301627007216219,0.007904122685135358,0.015427341568005078,0.00594444802101648,0.0015560836192178797,0.005318125481199567,0.00690689188792277,0.008399548335020423,0.011337668344128473,-5.305597021559177e-08,0.011681341045217283,-1.051249125334011e-07,0.009397743831414528,-9.384517802034285e-09,-7.427265986707138e-09,-1.0973973181523767e-07,0.013484093024624904,0.010415548585744148,0.007400132619182464,9.719144423566747e-05,0.0016434412627598118,0.005976312992562664,-2.52735523054926e-09,0.00027413289905136543,0.007498158181857943,0.0061572512705119035,0.018111954114888446,0.009355774803059188,0.006009488842439961,0.016879486983813263,0.007031350657890213,0.0051373488267107996,0.00045451627785747777,-0.0002525963111230573,0.018760821668491984,-0.002859331841107329,0.0005564369785567961,-0.0003329268626823638,0.0047527791557382465,0.019154107240700866,0.012544317559550449
ta80.pt,0.00592003712486917,2.0538887192865708e-05,6.365448114861849e-05,-0.0029829369058504518,-0.0007504488426159235,-0.0001343960769952118,8.976775357320931e-05,-0.0005446903185057693,-0.0018585848312122975,-0.003824134562061901,-0.0007251331801806525,-0.0006816386544088923,0.00010692392893293235,0.00025750444393660165,-0.0003378069934312648,0.00022137324623460906,-0.0004401482367062568,-6.094729700218026e-05,-0.002271121834507214,0.0008854286868558503,0.016840236196259892,0.023526762068917302,0.011244618983324715,0.021689454819846993,-0.00043777211392952706,0.007891686153068293,0.01542434130301048,0.0059448484911474335,0.0015756789793639307,0.005324169003579074,0.006962926462516066,0.008430349936537894,0.011355382108690422,-5.295115075565286e-08,0.011718853144143348,-1.111871605954728e-07,0.00937151561945696,-9.948668163326787e-09,-8.566910158247964e-09,-1.0940343715562753e-07,0.013571187436241156,0.010532856899099712,0.007348475695759249,0.00011451278795281671,0.0016379019709537404,0.0059703231913459396,-2.52735523054926e-09,0.00026662260180177226,0.007494867821022144,0.0061449334158711275,0.018032831087260254,0.009342301515551477,0.0060169703119148255,0.016843732548260396,0.0070177483326283015,0.005142971348590434,0.00042685830564729156,-0.00027630989377053526,0.018958962629133908,-0.0028422416477101604,0.0005431577729247556,-0.00033270730476304283,0.0047176477943125595,0.019189975956624267,0.012516472891196648
yn1.pt,0.0039337850333221215,0.00047205491751240336,-0.00011609310949385951,0.0005363929491307184,0.0005063174778284228,0.0007615266332597795,-0.00011990760945036415,-2.618378361682877e-05,-0.0009279998456813887,0.0018931590139894398,-0.0003759095725424929,0.0005427398975822394,1.0832948500608144e-05,0.0005236963160210177,2.9954836842456288e-05,0.0002898545419717956,-0.0005851177173128324,0.0010543994585391994,-0.00236845222272616,0.001629738923484923,-0.008282112140007708,-0.011417522860525262,-0.005934906896315257,-0.010960726862536446,0.0004214169106108653,0.005156308624170421,0.00936064081969349,0.004039811910468821,6.650275833550714e-05,0.0038224191612266922,0.004856149314549758,0.005403445965457876,-0.005907415716595543,-8.189835438935842e-08,-0.006997594881500839,-1.4399056675088165e-07,-0.0060821208993817035,-4.105008866518069e-09,-7.614448923943943e-09,-1.3590637378470056e-07,-0.00722938739152484,-0.005550318470906442,0.004731182182872984,0.0003397450618477006,-0.00038644582019881237,0.00393883862066384,-2.9482727412855446e-09,-0.000267211408664764,0.005299384720525883,0.002191670694958413,0.012692973917897353,0.0057961593306976285,-0.003737412763644409,0.012241829547534196,0.004596806277834104,0.0025154696733935868,0.0002771704107194906,-0.002277714589861562,-0.01052010405699165,0.0007382479044681265,9.989856460192939e-05,-0.002063866884322109,-0.003839729048348767,-0.025673594668299465,-0.0061255077291412175
yn2.pt,0.0039049008322456376,0.00046768138466581137,-0.00011666778966274483,0.0004784910170739516,0.000506463005749599,0.0007743547641074324,-0.00011989580393051513,-2.5967680594387364e-05,-0.000913654539507342,0.0018927432809287008,-0.00037259255492579513,0.0004859580690843741,1.1169016426520433e-05,0.0004914714220532007,3.0727907773921536e-05,0.0002899859057577773,-0.0005771819877834479,0.001081410797972046,-0.0023371563837750174,0.0016646246040412094,-0.008304985482574629,-0.01141909337399564,-0.005958050001049392,-0.010932148538907623,0.00041711349815347695,0.005157086821509085,0.009360887288352372,0.004041404003267528,6.693720627630132e-05,0.0037943524399370824,0.004855833892651998,0.005388971909456301,-0.005902608680326082,-8.192705044525523e-08,-0.00700393996229628,-1.4382314716084211e-07,-0.006082132484615493,-3.397663379965853e-09,-7.80579071037261e-09,-1.3590637378470056e-07,-0.007247560992481049,-0.005554938270005045,0.004746063535569437,0.000333806095333315,-0.00039368793105985946,0.0039385594049034245,-2.9482727412855446e-09,-0.000263994572664502,0.0052880562113925165,0.0021926946237357005,0.012650054878391864,0.005800681746980617,-0.0037383929234647427,0.012238476846680899,0.004622217101561747,0.0024948301292654932,0.00028145146845049915,-0.0023806886965131954,-0.010553991169119478,0.0007336849929083142,9.745471631233598e-05,-0.0021036064649270513,-0.0035080290078328075,-0.025594189597036892,-0.006155043450847568
yn3.pt,0.0039047860009870637,0.0004664031380039253,-0.00011911670081524839,0.0005367897619543136,0.0005069801150139865,0.0007644517843181787,-0.00011986646771371171,-2.3660389166900983e-05,-0.0009280646346600754,0.0018930219262361686,-0.0003760813371710192,0.0005494634673513353,7.8698027390228e-06,0.0005239474641383535,2.9922362826210407e-05,0.0002896857970413148,-0.0005848260802973294,0.0009928128395035624,-0.002336207632468828,0.001624720859595212,-0.008294586851822841,-0.011422504655803717,-0.00595465219695573,-0.010924705090983993,0.0004207697926978821,0.005155403979916546,0.009359490590014239,0.004039500156711515,6.800083686639927e-05,0.003811757427080952,0.004858346967486443,0.005379089721533899,-0.005908939454341132,-8.192705044525523e-08,-0.006998415129207019,-1.4382314716084211e-07,-0.006081290713282328,-3.5129466334749945e-09,-7.82757449983323e-09,-1.3590434660700486e-07,-0.00723084683122379,-0.005546520169853059,0.004743763377959489,0.000336067482888255,-0.000387543290109331,0.003940961408056323,-2.9482727412855446e-09,-0.00026422784965187307,0.005299882528544603,0.002189581160200297,0.012725049275752107,0.005798559489106573,-0.003737710216361011,0.012293622292708915,0.004612602762900095,0.0025144275485521877,0.0002807667758845274,-0.00225656417561788,-0.01058505241550237,0.0007390529051406578,9.416909874897029e-05,-0.002069455800690053,-0.0036298480398219723,-0.025662994734566198,-0.006126160278149714
yn4.pt,0.003908693355863847,0.0004742508549484373,-0.00011696779693991492,0.0004777471016629313,0.00044814649219887835,0.0007665355496356506,-0.00011969808170465887,-2.581227844648795e-05,-0.000931430194074787,0.0018978904357357846,-0.00035758099129378943,0.0004845406184789371,1.2109136128992212e-05,0.0004829785004354827,3.286500957329579e-05,0.0002896023607711934,-0.0005771124483350098,0.001073663277617753,-0.0023365219885447966,0.0016664937921486646,-0.00829118788804134,-0.011387807505508992,-0.005958453259165506,-0.010924544517030382,0.00041749792860725524,0.0051545885923112555,0.009330361824962496,0.004032524516590158,6.76231667983008e-05,0.003789817455105708,0.004847980066509329,0.005379422630279601,-0.0059030477807786585,-8.236942421397217e-08,-0.007001312476285571,-1.4389540953926364e-07,-0.006067496049842092,-6.201173271782342e-11,-7.839801647241903e-09,-1.3590276750699864e-07,-0.007205951828135755,-0.0055627439338032025,0.004725304577121351,0.0003706765007407187,-0.00039286246332913456,0.0039336574348534225,-2.9482727412855446e-09,-0.00022707576483634487,0.00529525750068891,0.0022158181984024373,0.012670607576354354,0.0057815670084385064,-0.0037355146696847765,0.01223552347831313,0.004595364724230377,0.002493906792890489,0.0002837346900769884,-0.00238103734159613,-0.010334481783138972,0.0007358170238004394,0.00010029773195096912,-0.002098402467502608,-0.003616615272797758,-0.02555352165030434,-0.006132391169440918
