feature,easy_med,medium_med,hard_med,anova_p,spearman_r,increasing_order
maxTime,105732.20176544767,151905.99621212122,209389.2230392157,0.0,0.7542655594123344,True
totalTime,21229.059268600253,67454.65782828283,183291.39583333334,0.0,0.6022702947369258,True
solveTime,22737.381899117277,67393.40358964646,180576.91019852943,0.0,0.5959089179829006,True
